user_id,variant,assignment_date,converted,order_value
1,control,2026-03-01,0,
2,control,2026-03-11,0,
3,control,2026-03-12,0,
4,treatment,2026-03-04,0,
5,control,2026-03-05,0,
6,control,2026-03-10,0,
7,control,2026-03-05,0,
8,control,2026-03-09,1,93.12
9,control,2026-03-02,0,
10,control,2026-03-03,0,
11,treatment,2026-03-03,0,
12,treatment,2026-03-13,0,
13,treatment,2026-03-12,0,
14,treatment,2026-03-09,0,
15,treatment,2026-03-03,0,
16,control,2026-03-09,0,
17,control,2026-03-07,0,
18,control,2026-03-02,0,
19,control,2026-03-04,0,
20,control,2026-03-12,0,
21,treatment,2026-03-09,0,
22,control,2026-03-02,0,
23,treatment,2026-03-08,0,
24,control,2026-03-07,1,34.86
25,treatment,2026-03-11,1,39.57
26,treatment,2026-03-07,0,
27,treatment,2026-03-11,0,
28,treatment,2026-03-04,0,
29,treatment,2026-03-06,0,
30,control,2026-03-08,0,
31,control,2026-03-11,0,
32,treatment,2026-03-12,0,
33,control,2026-03-06,0,
34,treatment,2026-03-01,0,
35,control,2026-03-03,0,
36,treatment,2026-03-03,0,
37,control,2026-03-04,0,
38,control,2026-03-13,0,
39,treatment,2026-03-02,0,
40,treatment,2026-03-13,1,36.24
41,control,2026-03-02,1,32.6
42,control,2026-03-01,1,27.24
43,treatment,2026-03-11,0,
44,control,2026-03-02,0,
45,treatment,2026-03-07,0,
46,control,2026-03-08,0,
47,control,2026-03-12,1,47.88
48,treatment,2026-03-09,0,
49,treatment,2026-03-02,0,
50,treatment,2026-03-03,0,
51,control,2026-03-05,0,
52,control,2026-03-14,1,43.95
53,treatment,2026-03-10,0,
54,treatment,2026-03-14,0,
55,treatment,2026-03-09,0,
56,treatment,2026-03-10,0,
57,control,2026-03-04,0,
58,control,2026-03-08,0,
59,control,2026-03-02,0,
60,control,2026-03-03,0,
61,treatment,2026-03-05,0,
62,treatment,2026-03-03,0,
63,treatment,2026-03-07,0,
64,treatment,2026-03-10,1,59.39
65,treatment,2026-03-05,0,
66,treatment,2026-03-05,1,55.12
67,control,2026-03-09,0,
68,control,2026-03-11,0,
69,control,2026-03-13,0,
70,control,2026-03-04,0,
71,control,2026-03-05,0,
72,treatment,2026-03-12,0,
73,control,2026-03-12,0,
74,treatment,2026-03-11,0,
75,treatment,2026-03-05,0,
76,treatment,2026-03-10,0,
77,treatment,2026-03-13,0,
78,treatment,2026-03-05,0,
79,control,2026-03-01,0,
80,control,2026-03-09,0,
81,treatment,2026-03-13,0,
82,control,2026-03-06,1,44.02
83,control,2026-03-13,0,
84,treatment,2026-03-10,1,21.44
85,treatment,2026-03-12,0,
86,treatment,2026-03-07,0,
87,treatment,2026-03-01,0,
88,treatment,2026-03-10,0,
89,control,2026-03-06,0,
90,control,2026-03-08,0,
91,control,2026-03-06,1,42.12
92,treatment,2026-03-13,0,
93,control,2026-03-05,0,
94,treatment,2026-03-05,0,
95,treatment,2026-03-07,0,
96,treatment,2026-03-08,0,
97,treatment,2026-03-04,0,
98,treatment,2026-03-10,1,54.34
99,treatment,2026-03-03,0,
100,treatment,2026-03-14,0,
101,treatment,2026-03-01,0,
102,control,2026-03-13,0,
103,treatment,2026-03-08,0,
104,treatment,2026-03-08,0,
105,control,2026-03-14,0,
106,control,2026-03-08,0,
107,treatment,2026-03-07,1,38.95
108,treatment,2026-03-02,0,
109,treatment,2026-03-02,1,50.39
110,control,2026-03-07,0,
111,treatment,2026-03-10,0,
112,treatment,2026-03-12,1,66.58
113,treatment,2026-03-09,0,
114,control,2026-03-10,0,
115,treatment,2026-03-07,0,
116,treatment,2026-03-04,0,
117,treatment,2026-03-04,0,
118,treatment,2026-03-05,0,
119,treatment,2026-03-05,0,
120,treatment,2026-03-02,0,
121,treatment,2026-03-03,0,
122,treatment,2026-03-06,0,
123,treatment,2026-03-04,0,
124,control,2026-03-03,0,
125,control,2026-03-01,1,56.45
126,control,2026-03-09,0,
127,control,2026-03-07,0,
128,treatment,2026-03-01,1,26.4
129,control,2026-03-04,0,
130,control,2026-03-01,0,
131,control,2026-03-12,0,
132,treatment,2026-03-04,0,
133,control,2026-03-08,0,
134,treatment,2026-03-07,0,
135,treatment,2026-03-12,0,
136,treatment,2026-03-11,0,
137,treatment,2026-03-06,0,
138,control,2026-03-02,0,
139,treatment,2026-03-14,0,
140,control,2026-03-04,0,
141,control,2026-03-06,0,
142,treatment,2026-03-13,0,
143,control,2026-03-14,0,
144,treatment,2026-03-11,0,
145,treatment,2026-03-13,0,
146,control,2026-03-07,0,
147,control,2026-03-14,0,
148,treatment,2026-03-07,0,
149,control,2026-03-13,0,
150,control,2026-03-13,0,
151,control,2026-03-13,0,
152,control,2026-03-14,0,
153,treatment,2026-03-14,0,
154,control,2026-03-07,0,
155,control,2026-03-06,0,
156,treatment,2026-03-01,0,
157,treatment,2026-03-14,0,
158,control,2026-03-10,1,53.06
159,control,2026-03-03,1,10.52
160,treatment,2026-03-07,0,
161,treatment,2026-03-09,1,25.78
162,treatment,2026-03-04,1,38.66
163,control,2026-03-01,1,28.27
164,control,2026-03-05,0,
165,control,2026-03-02,0,
166,control,2026-03-07,0,
167,treatment,2026-03-13,1,52.1
168,treatment,2026-03-02,0,
169,control,2026-03-06,1,30.97
170,control,2026-03-06,1,72.98
171,control,2026-03-12,0,
172,treatment,2026-03-07,0,
173,control,2026-03-06,0,
174,control,2026-03-04,0,
175,treatment,2026-03-08,0,
176,control,2026-03-06,0,
177,control,2026-03-05,0,
178,treatment,2026-03-07,1,19.96
179,control,2026-03-14,0,
180,control,2026-03-08,0,
181,treatment,2026-03-08,0,
182,treatment,2026-03-14,0,
183,treatment,2026-03-14,1,44.39
184,treatment,2026-03-13,0,
185,control,2026-03-04,0,
186,treatment,2026-03-11,0,
187,treatment,2026-03-12,0,
188,control,2026-03-07,0,
189,treatment,2026-03-07,0,
190,treatment,2026-03-04,0,
191,control,2026-03-11,0,
192,control,2026-03-10,0,
193,treatment,2026-03-03,0,
194,treatment,2026-03-11,1,47.13
195,treatment,2026-03-14,0,
196,control,2026-03-09,0,
197,treatment,2026-03-05,0,
198,treatment,2026-03-07,0,
199,treatment,2026-03-09,0,
200,control,2026-03-08,0,
201,control,2026-03-11,0,
202,control,2026-03-08,0,
203,control,2026-03-03,0,
204,control,2026-03-10,0,
205,treatment,2026-03-14,0,
206,control,2026-03-12,0,
207,treatment,2026-03-11,0,
208,control,2026-03-11,0,
209,control,2026-03-05,0,
210,treatment,2026-03-01,0,
211,treatment,2026-03-13,0,
212,treatment,2026-03-09,0,
213,treatment,2026-03-07,0,
214,control,2026-03-03,0,
215,treatment,2026-03-03,1,31.21
216,control,2026-03-04,0,
217,treatment,2026-03-12,1,29.82
218,treatment,2026-03-11,0,
219,treatment,2026-03-05,0,
220,control,2026-03-09,0,
221,control,2026-03-05,1,100.49
222,control,2026-03-06,0,
223,control,2026-03-07,1,43.8
224,control,2026-03-06,0,
225,treatment,2026-03-06,1,19.76
226,treatment,2026-03-06,1,45.48
227,treatment,2026-03-09,1,28.17
228,control,2026-03-08,0,
229,treatment,2026-03-13,0,
230,treatment,2026-03-05,0,
231,control,2026-03-08,0,
232,treatment,2026-03-09,0,
233,control,2026-03-05,0,
234,treatment,2026-03-06,0,
235,treatment,2026-03-13,0,
236,treatment,2026-03-01,0,
237,control,2026-03-01,0,
238,treatment,2026-03-06,0,
239,control,2026-03-07,0,
240,treatment,2026-03-02,0,
241,treatment,2026-03-01,0,
242,treatment,2026-03-07,1,33.88
243,control,2026-03-01,0,
244,treatment,2026-03-01,0,
245,control,2026-03-04,0,
246,treatment,2026-03-03,0,
247,treatment,2026-03-01,0,
248,control,2026-03-12,0,
249,treatment,2026-03-04,0,
250,control,2026-03-10,0,
251,control,2026-03-14,0,
252,control,2026-03-05,0,
253,treatment,2026-03-02,0,
254,control,2026-03-14,0,
255,control,2026-03-04,0,
256,treatment,2026-03-05,0,
257,control,2026-03-06,0,
258,control,2026-03-09,0,
259,treatment,2026-03-11,0,
260,control,2026-03-10,1,20.97
261,treatment,2026-03-04,0,
262,treatment,2026-03-01,0,
263,treatment,2026-03-11,1,55.28
264,treatment,2026-03-12,0,
265,treatment,2026-03-11,0,
266,treatment,2026-03-10,0,
267,treatment,2026-03-14,0,
268,treatment,2026-03-10,0,
269,control,2026-03-07,0,
270,treatment,2026-03-04,0,
271,control,2026-03-11,0,
272,control,2026-03-12,0,
273,control,2026-03-03,0,
274,treatment,2026-03-05,0,
275,control,2026-03-06,0,
276,treatment,2026-03-10,1,42.92
277,treatment,2026-03-05,1,55.1
278,control,2026-03-03,0,
279,treatment,2026-03-06,0,
280,treatment,2026-03-12,0,
281,control,2026-03-06,0,
282,control,2026-03-06,0,
283,control,2026-03-08,1,51.89
284,treatment,2026-03-09,0,
285,treatment,2026-03-04,1,61.73
286,treatment,2026-03-14,0,
287,control,2026-03-10,0,
288,control,2026-03-10,0,
289,control,2026-03-05,0,
290,treatment,2026-03-14,0,
291,treatment,2026-03-09,0,
292,control,2026-03-04,0,
293,control,2026-03-03,0,
294,control,2026-03-03,0,
295,control,2026-03-12,0,
296,treatment,2026-03-06,0,
297,control,2026-03-10,0,
298,treatment,2026-03-13,0,
299,treatment,2026-03-14,1,65.81
300,control,2026-03-03,0,
301,control,2026-03-11,0,
302,treatment,2026-03-11,0,
303,control,2026-03-06,0,
304,control,2026-03-10,0,
305,treatment,2026-03-10,0,
306,treatment,2026-03-11,0,
307,control,2026-03-14,0,
308,control,2026-03-10,1,75.41
309,treatment,2026-03-01,0,
310,control,2026-03-08,0,
311,control,2026-03-11,0,
312,control,2026-03-01,1,39.23
313,control,2026-03-05,0,
314,control,2026-03-08,0,
315,treatment,2026-03-01,0,
316,control,2026-03-02,0,
317,control,2026-03-13,1,23.17
318,control,2026-03-14,0,
319,control,2026-03-02,0,
320,control,2026-03-10,1,46.01
321,treatment,2026-03-05,0,
322,treatment,2026-03-12,0,
323,treatment,2026-03-11,0,
324,treatment,2026-03-05,0,
325,control,2026-03-08,0,
326,control,2026-03-12,1,87.0
327,treatment,2026-03-09,0,
328,treatment,2026-03-01,1,43.92
329,control,2026-03-03,1,58.85
330,treatment,2026-03-11,0,
331,treatment,2026-03-10,0,
332,control,2026-03-03,0,
333,control,2026-03-07,0,
334,control,2026-03-06,0,
335,treatment,2026-03-04,0,
336,treatment,2026-03-14,0,
337,treatment,2026-03-10,0,
338,treatment,2026-03-08,0,
339,control,2026-03-09,0,
340,control,2026-03-06,0,
341,treatment,2026-03-02,0,
342,treatment,2026-03-03,0,
343,control,2026-03-02,0,
344,treatment,2026-03-04,0,
345,treatment,2026-03-06,0,
346,treatment,2026-03-13,0,
347,treatment,2026-03-01,0,
348,control,2026-03-11,1,43.81
349,treatment,2026-03-01,0,
350,treatment,2026-03-01,1,23.04
351,treatment,2026-03-08,0,
352,treatment,2026-03-13,0,
353,treatment,2026-03-07,0,
354,control,2026-03-13,1,46.77
355,control,2026-03-11,0,
356,control,2026-03-05,1,28.36
357,control,2026-03-03,0,
358,treatment,2026-03-05,0,
359,control,2026-03-02,0,
360,control,2026-03-08,0,
361,control,2026-03-08,0,
362,control,2026-03-10,1,64.33
363,treatment,2026-03-10,0,
364,treatment,2026-03-03,0,
365,treatment,2026-03-10,1,48.72
366,treatment,2026-03-14,0,
367,treatment,2026-03-11,0,
368,control,2026-03-08,0,
369,control,2026-03-09,0,
370,treatment,2026-03-14,0,
371,treatment,2026-03-04,1,28.84
372,control,2026-03-13,0,
373,control,2026-03-08,1,37.97
374,control,2026-03-06,1,36.84
375,control,2026-03-12,0,
376,treatment,2026-03-02,0,
377,treatment,2026-03-14,1,45.02
378,control,2026-03-03,0,
379,treatment,2026-03-01,0,
380,control,2026-03-09,0,
381,control,2026-03-09,0,
382,treatment,2026-03-12,1,20.53
383,treatment,2026-03-10,0,
384,treatment,2026-03-08,0,
385,treatment,2026-03-12,0,
386,control,2026-03-11,0,
387,treatment,2026-03-14,0,
388,control,2026-03-06,0,
389,control,2026-03-03,0,
390,treatment,2026-03-03,0,
391,treatment,2026-03-08,0,
392,control,2026-03-10,1,30.61
393,control,2026-03-07,0,
394,control,2026-03-06,0,
395,control,2026-03-06,0,
396,treatment,2026-03-10,0,
397,treatment,2026-03-01,0,
398,control,2026-03-03,0,
399,treatment,2026-03-09,0,
400,control,2026-03-09,0,
401,treatment,2026-03-02,0,
402,treatment,2026-03-14,0,
403,treatment,2026-03-07,0,
404,control,2026-03-14,0,
405,treatment,2026-03-02,0,
406,treatment,2026-03-09,0,
407,control,2026-03-03,0,
408,control,2026-03-12,0,
409,treatment,2026-03-05,0,
410,treatment,2026-03-05,0,
411,treatment,2026-03-11,0,
412,control,2026-03-08,0,
413,control,2026-03-12,1,65.44
414,treatment,2026-03-05,0,
415,treatment,2026-03-09,0,
416,treatment,2026-03-09,0,
417,treatment,2026-03-13,0,
418,control,2026-03-06,0,
419,control,2026-03-14,0,
420,treatment,2026-03-05,0,
421,control,2026-03-10,0,
422,treatment,2026-03-14,0,
423,control,2026-03-06,0,
424,control,2026-03-05,0,
425,treatment,2026-03-02,0,
426,control,2026-03-09,0,
427,treatment,2026-03-12,0,
428,treatment,2026-03-14,1,69.51
429,treatment,2026-03-10,1,53.78
430,treatment,2026-03-10,1,27.91
431,control,2026-03-13,0,
432,control,2026-03-06,0,
433,treatment,2026-03-03,0,
434,control,2026-03-11,0,
435,control,2026-03-14,0,
436,treatment,2026-03-06,1,31.18
437,control,2026-03-12,0,
438,control,2026-03-04,1,43.76
439,control,2026-03-01,0,
440,control,2026-03-05,1,19.99
441,treatment,2026-03-02,0,
442,treatment,2026-03-02,0,
443,treatment,2026-03-05,0,
444,control,2026-03-14,1,21.44
445,treatment,2026-03-08,1,35.15
446,treatment,2026-03-02,0,
447,control,2026-03-14,0,
448,treatment,2026-03-04,0,
449,treatment,2026-03-03,0,
450,control,2026-03-07,0,
451,treatment,2026-03-04,0,
452,treatment,2026-03-11,0,
453,treatment,2026-03-05,0,
454,treatment,2026-03-08,0,
455,treatment,2026-03-02,0,
456,control,2026-03-02,0,
457,control,2026-03-07,0,
458,control,2026-03-10,0,
459,treatment,2026-03-03,0,
460,treatment,2026-03-11,0,
461,treatment,2026-03-09,1,52.14
462,control,2026-03-10,1,33.05
463,control,2026-03-04,1,30.34
464,treatment,2026-03-05,0,
465,control,2026-03-01,0,
466,control,2026-03-02,0,
467,control,2026-03-06,0,
468,treatment,2026-03-12,0,
469,treatment,2026-03-04,0,
470,control,2026-03-11,0,
471,control,2026-03-02,0,
472,treatment,2026-03-13,1,48.01
473,control,2026-03-03,0,
474,control,2026-03-04,0,
475,treatment,2026-03-14,1,55.6
476,control,2026-03-01,0,
477,control,2026-03-11,1,40.97
478,control,2026-03-01,1,40.5
479,control,2026-03-10,1,50.23
480,treatment,2026-03-05,0,
481,control,2026-03-07,0,
482,treatment,2026-03-11,0,
483,treatment,2026-03-01,0,
484,control,2026-03-01,0,
485,treatment,2026-03-14,0,
486,treatment,2026-03-03,0,
487,treatment,2026-03-11,0,
488,control,2026-03-02,1,48.4
489,control,2026-03-08,0,
490,control,2026-03-07,1,28.18
491,treatment,2026-03-09,0,
492,control,2026-03-01,0,
493,treatment,2026-03-06,1,45.47
494,control,2026-03-01,1,52.04
495,treatment,2026-03-14,0,
496,treatment,2026-03-14,0,
497,control,2026-03-05,0,
498,control,2026-03-07,0,
499,control,2026-03-07,0,
500,control,2026-03-07,0,
501,control,2026-03-12,0,
502,treatment,2026-03-05,0,
503,control,2026-03-10,0,
504,control,2026-03-11,0,
505,control,2026-03-07,0,
506,control,2026-03-13,0,
507,control,2026-03-01,0,
508,control,2026-03-14,0,
509,control,2026-03-05,0,
510,treatment,2026-03-13,0,
511,control,2026-03-07,0,
512,treatment,2026-03-14,0,
513,treatment,2026-03-11,0,
514,treatment,2026-03-11,0,
515,control,2026-03-07,0,
516,treatment,2026-03-13,0,
517,treatment,2026-03-12,0,
518,control,2026-03-14,0,
519,treatment,2026-03-09,0,
520,treatment,2026-03-09,1,41.49
521,control,2026-03-06,0,
522,treatment,2026-03-07,0,
523,control,2026-03-03,0,
524,control,2026-03-14,0,
525,control,2026-03-13,0,
526,treatment,2026-03-14,1,57.54
527,treatment,2026-03-13,0,
528,treatment,2026-03-05,0,
529,control,2026-03-03,0,
530,control,2026-03-13,0,
531,control,2026-03-14,0,
532,treatment,2026-03-03,0,
533,control,2026-03-09,0,
534,treatment,2026-03-12,0,
535,treatment,2026-03-04,1,50.56
536,control,2026-03-06,0,
537,control,2026-03-12,0,
538,control,2026-03-09,0,
539,treatment,2026-03-08,1,52.27
540,treatment,2026-03-06,0,
541,treatment,2026-03-12,0,
542,control,2026-03-01,0,
543,control,2026-03-13,0,
544,control,2026-03-05,0,
545,treatment,2026-03-02,0,
546,control,2026-03-12,0,
547,control,2026-03-11,0,
548,control,2026-03-04,0,
549,control,2026-03-13,1,43.59
550,control,2026-03-09,0,
551,treatment,2026-03-10,1,35.52
552,control,2026-03-02,0,
553,treatment,2026-03-08,0,
554,treatment,2026-03-09,0,
555,control,2026-03-08,0,
556,control,2026-03-11,0,
557,treatment,2026-03-14,0,
558,control,2026-03-03,1,39.71
559,treatment,2026-03-07,0,
560,control,2026-03-07,0,
561,control,2026-03-14,0,
562,control,2026-03-11,0,
563,control,2026-03-14,0,
564,control,2026-03-02,0,
565,treatment,2026-03-08,0,
566,treatment,2026-03-09,0,
567,treatment,2026-03-08,0,
568,treatment,2026-03-09,0,
569,treatment,2026-03-09,0,
570,control,2026-03-06,0,
571,treatment,2026-03-08,0,
572,treatment,2026-03-12,0,
573,treatment,2026-03-12,0,
574,control,2026-03-04,0,
575,treatment,2026-03-06,1,26.34
576,treatment,2026-03-14,0,
577,treatment,2026-03-01,0,
578,treatment,2026-03-13,1,75.28
579,control,2026-03-11,0,
580,control,2026-03-12,0,
581,control,2026-03-09,0,
582,control,2026-03-10,1,60.19
583,treatment,2026-03-02,0,
584,control,2026-03-12,0,
585,control,2026-03-06,0,
586,treatment,2026-03-12,0,
587,treatment,2026-03-13,0,
588,control,2026-03-12,0,
589,control,2026-03-02,0,
590,treatment,2026-03-04,0,
591,control,2026-03-13,0,
592,control,2026-03-08,0,
593,treatment,2026-03-05,0,
594,treatment,2026-03-02,1,52.51
595,treatment,2026-03-13,0,
596,treatment,2026-03-08,0,
597,control,2026-03-10,0,
598,control,2026-03-02,0,
599,treatment,2026-03-06,0,
600,control,2026-03-12,0,
601,treatment,2026-03-04,1,35.42
602,treatment,2026-03-01,1,41.69
603,control,2026-03-12,0,
604,treatment,2026-03-08,0,
605,treatment,2026-03-10,0,
606,treatment,2026-03-04,0,
607,treatment,2026-03-09,0,
608,treatment,2026-03-07,0,
609,control,2026-03-08,0,
610,treatment,2026-03-13,1,41.35
611,control,2026-03-05,0,
612,treatment,2026-03-12,0,
613,treatment,2026-03-05,0,
614,treatment,2026-03-13,0,
615,treatment,2026-03-08,0,
616,treatment,2026-03-01,1,29.46
617,treatment,2026-03-06,0,
618,treatment,2026-03-12,0,
619,treatment,2026-03-04,0,
620,control,2026-03-06,0,
621,control,2026-03-11,0,
622,treatment,2026-03-07,0,
623,control,2026-03-11,0,
624,control,2026-03-06,0,
625,control,2026-03-05,0,
626,treatment,2026-03-06,0,
627,control,2026-03-06,0,
628,treatment,2026-03-06,1,56.02
629,control,2026-03-08,0,
630,control,2026-03-10,0,
631,control,2026-03-09,0,
632,control,2026-03-03,0,
633,treatment,2026-03-04,0,
634,treatment,2026-03-03,0,
635,treatment,2026-03-05,0,
636,treatment,2026-03-06,0,
637,control,2026-03-04,0,
638,treatment,2026-03-06,1,37.39
639,control,2026-03-06,0,
640,control,2026-03-08,0,
641,control,2026-03-09,0,
642,treatment,2026-03-01,0,
643,control,2026-03-12,0,
644,treatment,2026-03-14,0,
645,treatment,2026-03-14,0,
646,control,2026-03-07,0,
647,treatment,2026-03-05,0,
648,treatment,2026-03-07,0,
649,control,2026-03-12,0,
650,control,2026-03-13,1,45.35
651,treatment,2026-03-03,0,
652,control,2026-03-10,0,
653,treatment,2026-03-07,0,
654,control,2026-03-12,0,
655,control,2026-03-07,0,
656,treatment,2026-03-06,0,
657,treatment,2026-03-12,0,
658,control,2026-03-05,1,68.97
659,control,2026-03-14,0,
660,treatment,2026-03-13,0,
661,control,2026-03-02,0,
662,treatment,2026-03-05,0,
663,control,2026-03-14,1,37.53
664,control,2026-03-07,0,
665,control,2026-03-04,0,
666,control,2026-03-04,0,
667,treatment,2026-03-03,0,
668,treatment,2026-03-09,0,
669,treatment,2026-03-03,0,
670,treatment,2026-03-12,0,
671,control,2026-03-08,1,37.79
672,control,2026-03-08,1,36.9
673,control,2026-03-06,0,
674,treatment,2026-03-01,0,
675,treatment,2026-03-09,0,
676,control,2026-03-10,0,
677,treatment,2026-03-12,1,36.41
678,treatment,2026-03-11,0,
679,treatment,2026-03-11,0,
680,control,2026-03-09,0,
681,control,2026-03-03,1,66.93
682,control,2026-03-10,0,
683,control,2026-03-02,0,
684,treatment,2026-03-04,0,
685,control,2026-03-10,0,
686,control,2026-03-05,0,
687,control,2026-03-05,1,37.0
688,treatment,2026-03-05,1,60.12
689,control,2026-03-12,0,
690,control,2026-03-10,0,
691,control,2026-03-07,0,
692,control,2026-03-10,0,
693,treatment,2026-03-05,1,43.58
694,control,2026-03-05,1,43.75
695,control,2026-03-12,0,
696,treatment,2026-03-02,0,
697,treatment,2026-03-09,0,
698,control,2026-03-09,0,
699,control,2026-03-10,0,
700,control,2026-03-13,0,
701,control,2026-03-07,0,
702,treatment,2026-03-08,0,
703,control,2026-03-03,0,
704,control,2026-03-07,0,
705,treatment,2026-03-11,0,
706,treatment,2026-03-08,0,
707,treatment,2026-03-03,1,24.51
708,treatment,2026-03-05,0,
709,control,2026-03-02,0,
710,control,2026-03-11,0,
711,control,2026-03-11,0,
712,control,2026-03-14,0,
713,control,2026-03-03,0,
714,control,2026-03-02,1,62.95
715,control,2026-03-07,0,
716,treatment,2026-03-09,0,
717,control,2026-03-06,0,
718,treatment,2026-03-12,0,
719,treatment,2026-03-02,0,
720,control,2026-03-01,1,29.73
721,control,2026-03-05,0,
722,treatment,2026-03-05,0,
723,control,2026-03-01,0,
724,control,2026-03-03,0,
725,treatment,2026-03-11,0,
726,treatment,2026-03-12,0,
727,treatment,2026-03-13,0,
728,treatment,2026-03-09,0,
729,treatment,2026-03-02,0,
730,control,2026-03-05,0,
731,control,2026-03-12,0,
732,control,2026-03-05,0,
733,control,2026-03-09,0,
734,control,2026-03-01,1,14.43
735,treatment,2026-03-05,0,
736,control,2026-03-13,0,
737,treatment,2026-03-05,0,
738,treatment,2026-03-11,0,
739,control,2026-03-12,1,40.93
740,treatment,2026-03-04,0,
741,treatment,2026-03-06,0,
742,control,2026-03-04,0,
743,treatment,2026-03-07,0,
744,control,2026-03-05,0,
745,treatment,2026-03-13,0,
746,control,2026-03-10,1,41.5
747,control,2026-03-10,0,
748,control,2026-03-04,1,29.52
749,control,2026-03-12,0,
750,control,2026-03-08,1,50.3
751,control,2026-03-10,0,
752,control,2026-03-08,0,
753,treatment,2026-03-01,0,
754,control,2026-03-12,0,
755,control,2026-03-10,0,
756,treatment,2026-03-10,1,28.93
757,control,2026-03-14,0,
758,control,2026-03-09,1,29.96
759,control,2026-03-03,0,
760,treatment,2026-03-08,1,64.68
761,treatment,2026-03-10,0,
762,treatment,2026-03-03,0,
763,treatment,2026-03-04,0,
764,control,2026-03-12,0,
765,control,2026-03-07,0,
766,control,2026-03-13,0,
767,control,2026-03-06,0,
768,control,2026-03-02,0,
769,treatment,2026-03-09,1,44.71
770,treatment,2026-03-14,0,
771,treatment,2026-03-14,0,
772,treatment,2026-03-02,0,
773,control,2026-03-13,0,
774,control,2026-03-07,0,
775,treatment,2026-03-08,0,
776,treatment,2026-03-13,1,66.4
777,treatment,2026-03-02,0,
778,treatment,2026-03-03,0,
779,control,2026-03-14,1,63.73
780,treatment,2026-03-03,0,
781,control,2026-03-07,0,
782,treatment,2026-03-14,0,
783,control,2026-03-08,0,
784,treatment,2026-03-03,1,103.16
785,control,2026-03-01,0,
786,control,2026-03-02,0,
787,treatment,2026-03-02,0,
788,control,2026-03-10,0,
789,control,2026-03-08,1,42.79
790,control,2026-03-11,0,
791,control,2026-03-07,1,48.9
792,treatment,2026-03-08,0,
793,control,2026-03-09,0,
794,treatment,2026-03-12,0,
795,treatment,2026-03-12,0,
796,treatment,2026-03-08,1,19.99
797,treatment,2026-03-04,1,36.64
798,treatment,2026-03-12,0,
799,treatment,2026-03-10,0,
800,control,2026-03-05,0,
801,treatment,2026-03-13,0,
802,treatment,2026-03-08,1,45.98
803,treatment,2026-03-13,0,
804,control,2026-03-06,0,
805,treatment,2026-03-02,0,
806,treatment,2026-03-03,0,
807,control,2026-03-05,0,
808,control,2026-03-02,0,
809,treatment,2026-03-01,0,
810,treatment,2026-03-04,0,
811,treatment,2026-03-08,0,
812,control,2026-03-12,0,
813,control,2026-03-04,0,
814,treatment,2026-03-02,0,
815,control,2026-03-04,0,
816,control,2026-03-10,0,
817,treatment,2026-03-12,0,
818,treatment,2026-03-12,0,
819,control,2026-03-01,1,63.35
820,control,2026-03-12,0,
821,control,2026-03-13,0,
822,control,2026-03-12,1,64.43
823,control,2026-03-13,0,
824,treatment,2026-03-07,0,
825,control,2026-03-02,0,
826,control,2026-03-06,0,
827,treatment,2026-03-06,0,
828,control,2026-03-02,0,
829,treatment,2026-03-08,1,35.75
830,treatment,2026-03-01,0,
831,treatment,2026-03-13,0,
832,treatment,2026-03-14,1,31.45
833,control,2026-03-04,0,
834,treatment,2026-03-05,0,
835,control,2026-03-03,0,
836,treatment,2026-03-02,0,
837,treatment,2026-03-07,0,
838,control,2026-03-11,0,
839,control,2026-03-08,0,
840,treatment,2026-03-07,1,14.24
841,treatment,2026-03-08,0,
842,treatment,2026-03-01,0,
843,control,2026-03-05,0,
844,control,2026-03-12,0,
845,control,2026-03-02,1,35.01
846,control,2026-03-08,0,
847,treatment,2026-03-01,0,
848,control,2026-03-08,0,
849,control,2026-03-14,0,
850,treatment,2026-03-02,0,
851,control,2026-03-05,1,42.86
852,treatment,2026-03-14,1,44.9
853,treatment,2026-03-02,0,
854,treatment,2026-03-08,1,35.73
855,treatment,2026-03-03,0,
856,control,2026-03-10,0,
857,treatment,2026-03-02,0,
858,control,2026-03-05,0,
859,control,2026-03-01,0,
860,treatment,2026-03-01,0,
861,control,2026-03-08,0,
862,control,2026-03-08,0,
863,treatment,2026-03-05,0,
864,control,2026-03-02,1,36.3
865,control,2026-03-12,0,
866,control,2026-03-08,0,
867,treatment,2026-03-14,1,38.16
868,control,2026-03-05,0,
869,treatment,2026-03-12,0,
870,control,2026-03-08,0,
871,control,2026-03-04,1,81.31
872,control,2026-03-07,0,
873,control,2026-03-09,0,
874,treatment,2026-03-03,0,
875,treatment,2026-03-02,0,
876,control,2026-03-01,0,
877,treatment,2026-03-14,1,86.28
878,treatment,2026-03-02,0,
879,control,2026-03-05,0,
880,treatment,2026-03-13,1,63.69
881,treatment,2026-03-12,0,
882,control,2026-03-01,0,
883,treatment,2026-03-02,0,
884,control,2026-03-08,0,
885,treatment,2026-03-05,0,
886,treatment,2026-03-11,0,
887,treatment,2026-03-04,1,35.52
888,control,2026-03-03,0,
889,control,2026-03-09,1,68.09
890,treatment,2026-03-08,0,
891,treatment,2026-03-04,0,
892,control,2026-03-05,0,
893,treatment,2026-03-12,0,
894,control,2026-03-14,0,
895,control,2026-03-01,1,73.19
896,control,2026-03-02,0,
897,treatment,2026-03-04,0,
898,treatment,2026-03-03,0,
899,treatment,2026-03-11,0,
900,treatment,2026-03-02,1,53.74
901,control,2026-03-01,0,
902,treatment,2026-03-13,0,
903,treatment,2026-03-03,0,
904,control,2026-03-12,1,24.88
905,treatment,2026-03-11,0,
906,treatment,2026-03-01,0,
907,treatment,2026-03-04,0,
908,treatment,2026-03-13,0,
909,control,2026-03-03,0,
910,treatment,2026-03-10,0,
911,treatment,2026-03-06,0,
912,treatment,2026-03-12,0,
913,treatment,2026-03-09,0,
914,treatment,2026-03-09,0,
915,control,2026-03-11,0,
916,treatment,2026-03-13,0,
917,control,2026-03-05,0,
918,control,2026-03-12,0,
919,treatment,2026-03-11,0,
920,treatment,2026-03-07,0,
921,treatment,2026-03-03,0,
922,control,2026-03-10,0,
923,control,2026-03-02,0,
924,treatment,2026-03-05,1,40.79
925,treatment,2026-03-05,0,
926,treatment,2026-03-14,1,13.11
927,treatment,2026-03-14,0,
928,control,2026-03-09,0,
929,control,2026-03-12,0,
930,control,2026-03-01,0,
931,control,2026-03-02,0,
932,treatment,2026-03-13,0,
933,treatment,2026-03-12,0,
934,control,2026-03-06,1,50.8
935,treatment,2026-03-07,0,
936,treatment,2026-03-04,1,19.22
937,treatment,2026-03-02,1,32.8
938,control,2026-03-08,1,50.3
939,control,2026-03-10,0,
940,control,2026-03-03,0,
941,treatment,2026-03-09,1,69.57
942,treatment,2026-03-13,0,
943,control,2026-03-04,1,69.03
944,control,2026-03-12,0,
945,treatment,2026-03-11,0,
946,treatment,2026-03-07,0,
947,treatment,2026-03-01,0,
948,control,2026-03-11,0,
949,control,2026-03-13,0,
950,control,2026-03-01,0,
951,control,2026-03-01,0,
952,treatment,2026-03-11,1,24.91
953,treatment,2026-03-07,1,28.5
954,treatment,2026-03-08,0,
955,control,2026-03-03,0,
956,control,2026-03-13,0,
957,treatment,2026-03-09,0,
958,treatment,2026-03-10,1,31.54
959,control,2026-03-02,0,
960,treatment,2026-03-09,0,
961,control,2026-03-10,0,
962,treatment,2026-03-10,0,
963,treatment,2026-03-06,0,
964,treatment,2026-03-06,0,
965,treatment,2026-03-08,0,
966,treatment,2026-03-03,0,
967,treatment,2026-03-12,1,32.73
968,control,2026-03-06,0,
969,control,2026-03-04,0,
970,treatment,2026-03-13,0,
971,treatment,2026-03-01,1,27.36
972,treatment,2026-03-11,1,32.35
973,treatment,2026-03-04,0,
974,control,2026-03-11,0,
975,control,2026-03-11,0,
976,treatment,2026-03-02,1,32.08
977,treatment,2026-03-09,0,
978,treatment,2026-03-04,0,
979,treatment,2026-03-10,0,
980,treatment,2026-03-11,0,
981,control,2026-03-10,0,
982,control,2026-03-12,0,
983,control,2026-03-05,0,
984,treatment,2026-03-01,1,52.48
985,treatment,2026-03-03,0,
986,treatment,2026-03-02,0,
987,treatment,2026-03-12,0,
988,control,2026-03-05,0,
989,control,2026-03-05,0,
990,control,2026-03-10,0,
991,treatment,2026-03-14,0,
992,treatment,2026-03-09,0,
993,treatment,2026-03-07,0,
994,control,2026-03-11,0,
995,control,2026-03-12,0,
996,treatment,2026-03-06,0,
997,treatment,2026-03-06,0,
998,control,2026-03-14,0,
999,control,2026-03-14,0,
1000,treatment,2026-03-13,1,33.71
1001,treatment,2026-03-09,0,
1002,treatment,2026-03-02,0,
1003,treatment,2026-03-10,0,
1004,control,2026-03-05,0,
1005,control,2026-03-05,0,
1006,treatment,2026-03-07,0,
1007,control,2026-03-09,1,76.92
1008,control,2026-03-11,0,
1009,control,2026-03-07,0,
1010,control,2026-03-13,0,
1011,treatment,2026-03-03,0,
1012,treatment,2026-03-04,0,
1013,control,2026-03-04,0,
1014,treatment,2026-03-05,0,
1015,control,2026-03-06,0,
1016,control,2026-03-10,0,
1017,control,2026-03-01,0,
1018,treatment,2026-03-09,0,
1019,control,2026-03-02,0,
1020,treatment,2026-03-05,0,
1021,treatment,2026-03-09,0,
1022,control,2026-03-01,1,34.59
1023,control,2026-03-04,1,21.62
1024,control,2026-03-06,0,
1025,treatment,2026-03-04,0,
1026,treatment,2026-03-10,0,
1027,control,2026-03-13,0,
1028,treatment,2026-03-02,0,
1029,treatment,2026-03-09,0,
1030,control,2026-03-10,0,
1031,control,2026-03-11,0,
1032,control,2026-03-03,0,
1033,control,2026-03-09,0,
1034,control,2026-03-05,0,
1035,treatment,2026-03-04,0,
1036,treatment,2026-03-09,0,
1037,treatment,2026-03-02,0,
1038,treatment,2026-03-05,0,
1039,treatment,2026-03-12,0,
1040,treatment,2026-03-12,0,
1041,treatment,2026-03-13,0,
1042,treatment,2026-03-10,0,
1043,control,2026-03-02,0,
1044,control,2026-03-06,0,
1045,treatment,2026-03-09,0,
1046,treatment,2026-03-07,0,
1047,treatment,2026-03-12,0,
1048,treatment,2026-03-10,0,
1049,treatment,2026-03-03,0,
1050,control,2026-03-05,0,
1051,control,2026-03-09,1,105.77
1052,control,2026-03-05,1,36.09
1053,control,2026-03-12,0,
1054,control,2026-03-10,0,
1055,treatment,2026-03-01,1,44.74
1056,control,2026-03-01,0,
1057,control,2026-03-01,1,50.2
1058,control,2026-03-13,1,35.94
1059,control,2026-03-12,0,
1060,treatment,2026-03-03,0,
1061,treatment,2026-03-03,0,
1062,treatment,2026-03-09,1,34.63
1063,treatment,2026-03-12,0,
1064,control,2026-03-07,0,
1065,treatment,2026-03-12,0,
1066,treatment,2026-03-14,1,85.9
1067,treatment,2026-03-12,0,
1068,control,2026-03-03,1,51.73
1069,treatment,2026-03-14,1,25.62
1070,treatment,2026-03-05,0,
1071,treatment,2026-03-10,0,
1072,treatment,2026-03-06,0,
1073,control,2026-03-04,0,
1074,control,2026-03-05,0,
1075,control,2026-03-02,0,
1076,control,2026-03-12,0,
1077,treatment,2026-03-08,1,50.39
1078,treatment,2026-03-12,1,31.88
1079,control,2026-03-01,0,
1080,control,2026-03-11,0,
1081,treatment,2026-03-05,0,
1082,control,2026-03-07,0,
1083,treatment,2026-03-13,0,
1084,control,2026-03-01,1,68.18
1085,control,2026-03-11,0,
1086,control,2026-03-13,1,57.91
1087,treatment,2026-03-14,0,
1088,treatment,2026-03-04,0,
1089,treatment,2026-03-12,0,
1090,treatment,2026-03-13,0,
1091,control,2026-03-04,1,30.65
1092,control,2026-03-14,0,
1093,control,2026-03-04,1,33.76
1094,treatment,2026-03-14,0,
1095,treatment,2026-03-06,0,
1096,treatment,2026-03-08,0,
1097,treatment,2026-03-07,0,
1098,control,2026-03-06,0,
1099,control,2026-03-12,0,
1100,treatment,2026-03-10,0,
1101,control,2026-03-08,0,
1102,control,2026-03-07,0,
1103,treatment,2026-03-13,1,27.95
1104,treatment,2026-03-06,0,
1105,treatment,2026-03-05,0,
1106,treatment,2026-03-01,0,
1107,control,2026-03-10,1,61.5
1108,treatment,2026-03-02,0,
1109,treatment,2026-03-09,0,
1110,treatment,2026-03-09,1,66.9
1111,treatment,2026-03-14,0,
1112,control,2026-03-03,0,
1113,treatment,2026-03-06,0,
1114,treatment,2026-03-13,0,
1115,treatment,2026-03-10,0,
1116,treatment,2026-03-01,0,
1117,control,2026-03-09,1,64.46
1118,treatment,2026-03-02,1,103.51
1119,treatment,2026-03-04,0,
1120,control,2026-03-12,0,
1121,control,2026-03-13,0,
1122,treatment,2026-03-04,0,
1123,treatment,2026-03-01,0,
1124,control,2026-03-14,0,
1125,treatment,2026-03-01,0,
1126,treatment,2026-03-06,1,49.17
1127,control,2026-03-14,0,
1128,control,2026-03-11,0,
1129,control,2026-03-14,1,60.74
1130,control,2026-03-08,0,
1131,treatment,2026-03-03,1,66.3
1132,control,2026-03-10,0,
1133,control,2026-03-12,0,
1134,treatment,2026-03-08,0,
1135,treatment,2026-03-07,0,
1136,treatment,2026-03-01,1,42.1
1137,control,2026-03-08,1,65.1
1138,treatment,2026-03-08,0,
1139,treatment,2026-03-11,0,
1140,treatment,2026-03-04,0,
1141,control,2026-03-09,0,
1142,treatment,2026-03-06,0,
1143,treatment,2026-03-12,1,37.05
1144,treatment,2026-03-08,0,
1145,treatment,2026-03-12,1,21.5
1146,control,2026-03-09,0,
1147,treatment,2026-03-01,0,
1148,treatment,2026-03-01,0,
1149,treatment,2026-03-13,1,32.86
1150,control,2026-03-12,1,61.98
1151,control,2026-03-14,0,
1152,treatment,2026-03-12,0,
1153,control,2026-03-09,0,
1154,control,2026-03-07,0,
1155,treatment,2026-03-01,1,26.74
1156,control,2026-03-05,0,
1157,control,2026-03-08,0,
1158,control,2026-03-13,0,
1159,control,2026-03-10,0,
1160,control,2026-03-01,0,
1161,treatment,2026-03-03,0,
1162,control,2026-03-12,0,
1163,treatment,2026-03-11,0,
1164,control,2026-03-10,0,
1165,control,2026-03-10,0,
1166,treatment,2026-03-09,0,
1167,treatment,2026-03-14,0,
1168,control,2026-03-13,0,
1169,control,2026-03-07,0,
1170,control,2026-03-09,0,
1171,treatment,2026-03-10,0,
1172,treatment,2026-03-08,1,72.53
1173,treatment,2026-03-04,0,
1174,treatment,2026-03-09,0,
1175,treatment,2026-03-03,0,
1176,control,2026-03-01,1,45.21
1177,control,2026-03-02,0,
1178,control,2026-03-05,0,
1179,control,2026-03-09,0,
1180,control,2026-03-04,0,
1181,treatment,2026-03-07,1,64.04
1182,control,2026-03-08,0,
1183,treatment,2026-03-04,0,
1184,treatment,2026-03-09,0,
1185,treatment,2026-03-06,0,
1186,control,2026-03-11,0,
1187,control,2026-03-01,0,
1188,treatment,2026-03-13,1,68.59
1189,treatment,2026-03-06,0,
1190,control,2026-03-13,1,16.5
1191,control,2026-03-11,0,
1192,control,2026-03-04,0,
1193,control,2026-03-12,0,
1194,treatment,2026-03-13,0,
1195,treatment,2026-03-06,0,
1196,treatment,2026-03-14,0,
1197,treatment,2026-03-01,0,
1198,control,2026-03-12,0,
1199,treatment,2026-03-09,0,
1200,treatment,2026-03-09,1,42.68
1201,treatment,2026-03-09,0,
1202,control,2026-03-11,0,
1203,control,2026-03-12,0,
1204,treatment,2026-03-12,0,
1205,control,2026-03-01,0,
1206,control,2026-03-11,0,
1207,treatment,2026-03-06,0,
1208,treatment,2026-03-09,0,
1209,control,2026-03-14,0,
1210,treatment,2026-03-09,0,
1211,treatment,2026-03-09,0,
1212,control,2026-03-11,0,
1213,treatment,2026-03-12,0,
1214,control,2026-03-01,1,85.43
1215,control,2026-03-08,0,
1216,treatment,2026-03-09,1,54.09
1217,treatment,2026-03-13,1,41.3
1218,control,2026-03-01,0,
1219,treatment,2026-03-06,0,
1220,treatment,2026-03-11,0,
1221,treatment,2026-03-13,0,
1222,treatment,2026-03-13,0,
1223,treatment,2026-03-11,0,
1224,control,2026-03-03,0,
1225,control,2026-03-10,0,
1226,treatment,2026-03-04,1,52.37
1227,control,2026-03-09,0,
1228,treatment,2026-03-12,0,
1229,control,2026-03-07,0,
1230,control,2026-03-04,0,
1231,control,2026-03-09,0,
1232,control,2026-03-14,0,
1233,control,2026-03-09,0,
1234,control,2026-03-01,1,64.76
1235,control,2026-03-12,0,
1236,control,2026-03-02,0,
1237,treatment,2026-03-04,0,
1238,control,2026-03-05,0,
1239,control,2026-03-04,0,
1240,control,2026-03-07,0,
1241,treatment,2026-03-11,1,28.69
1242,control,2026-03-11,0,
1243,treatment,2026-03-14,0,
1244,treatment,2026-03-07,0,
1245,treatment,2026-03-02,0,
1246,treatment,2026-03-08,1,62.84
1247,treatment,2026-03-05,1,81.25
1248,treatment,2026-03-07,1,47.29
1249,control,2026-03-07,0,
1250,control,2026-03-14,0,
1251,control,2026-03-05,0,
1252,treatment,2026-03-08,1,23.66
1253,treatment,2026-03-06,0,
1254,treatment,2026-03-13,0,
1255,treatment,2026-03-09,0,
1256,control,2026-03-11,0,
1257,treatment,2026-03-10,1,31.98
1258,treatment,2026-03-06,0,
1259,treatment,2026-03-11,0,
1260,control,2026-03-13,0,
1261,control,2026-03-06,0,
1262,treatment,2026-03-10,1,55.93
1263,treatment,2026-03-13,0,
1264,control,2026-03-10,0,
1265,control,2026-03-12,0,
1266,control,2026-03-10,0,
1267,treatment,2026-03-09,0,
1268,control,2026-03-13,0,
1269,treatment,2026-03-05,0,
1270,control,2026-03-05,0,
1271,control,2026-03-03,0,
1272,treatment,2026-03-11,0,
1273,treatment,2026-03-13,1,30.98
1274,control,2026-03-06,0,
1275,treatment,2026-03-05,0,
1276,treatment,2026-03-11,0,
1277,treatment,2026-03-12,0,
1278,treatment,2026-03-14,0,
1279,treatment,2026-03-07,0,
1280,treatment,2026-03-07,1,24.21
1281,treatment,2026-03-09,0,
1282,treatment,2026-03-01,1,36.81
1283,control,2026-03-05,1,49.93
1284,treatment,2026-03-07,0,
1285,treatment,2026-03-06,0,
1286,control,2026-03-06,0,
1287,control,2026-03-09,1,65.67
1288,control,2026-03-13,0,
1289,control,2026-03-03,1,59.46
1290,control,2026-03-09,0,
1291,treatment,2026-03-08,0,
1292,control,2026-03-09,0,
1293,treatment,2026-03-11,1,59.02
1294,control,2026-03-02,0,
1295,treatment,2026-03-03,0,
1296,control,2026-03-11,0,
1297,control,2026-03-13,0,
1298,control,2026-03-01,1,33.27
1299,control,2026-03-06,0,
1300,control,2026-03-11,0,
1301,treatment,2026-03-06,0,
1302,treatment,2026-03-10,1,59.07
1303,treatment,2026-03-10,0,
1304,treatment,2026-03-07,0,
1305,treatment,2026-03-05,0,
1306,control,2026-03-09,0,
1307,treatment,2026-03-13,0,
1308,treatment,2026-03-08,0,
1309,treatment,2026-03-01,0,
1310,control,2026-03-11,0,
1311,control,2026-03-02,0,
1312,control,2026-03-11,0,
1313,treatment,2026-03-07,0,
1314,control,2026-03-06,0,
1315,treatment,2026-03-07,0,
1316,treatment,2026-03-07,1,57.99
1317,treatment,2026-03-14,0,
1318,control,2026-03-06,0,
1319,treatment,2026-03-04,1,41.1
1320,control,2026-03-03,0,
1321,control,2026-03-11,0,
1322,control,2026-03-05,0,
1323,treatment,2026-03-11,1,33.21
1324,treatment,2026-03-01,0,
1325,treatment,2026-03-13,0,
1326,control,2026-03-08,0,
1327,control,2026-03-10,0,
1328,control,2026-03-09,0,
1329,control,2026-03-14,0,
1330,control,2026-03-06,0,
1331,control,2026-03-09,0,
1332,control,2026-03-08,0,
1333,control,2026-03-09,0,
1334,treatment,2026-03-05,0,
1335,treatment,2026-03-14,0,
1336,control,2026-03-01,0,
1337,treatment,2026-03-11,0,
1338,treatment,2026-03-11,0,
1339,control,2026-03-07,0,
1340,control,2026-03-14,0,
1341,control,2026-03-01,0,
1342,treatment,2026-03-01,0,
1343,treatment,2026-03-12,0,
1344,treatment,2026-03-09,0,
1345,treatment,2026-03-10,0,
1346,treatment,2026-03-05,0,
1347,treatment,2026-03-11,0,
1348,treatment,2026-03-05,0,
1349,control,2026-03-12,0,
1350,control,2026-03-02,1,61.41
1351,control,2026-03-05,0,
1352,treatment,2026-03-14,0,
1353,control,2026-03-05,0,
1354,treatment,2026-03-04,0,
1355,control,2026-03-01,1,50.19
1356,treatment,2026-03-03,0,
1357,control,2026-03-10,1,65.27
1358,treatment,2026-03-07,0,
1359,control,2026-03-02,0,
1360,control,2026-03-04,1,33.65
1361,treatment,2026-03-08,0,
1362,control,2026-03-06,0,
1363,control,2026-03-13,1,99.75
1364,control,2026-03-08,0,
1365,treatment,2026-03-06,1,53.34
1366,control,2026-03-05,0,
1367,treatment,2026-03-07,1,84.26
1368,treatment,2026-03-05,0,
1369,treatment,2026-03-11,0,
1370,control,2026-03-03,1,63.66
1371,treatment,2026-03-10,0,
1372,control,2026-03-02,0,
1373,treatment,2026-03-11,0,
1374,treatment,2026-03-01,0,
1375,control,2026-03-13,0,
1376,treatment,2026-03-10,0,
1377,treatment,2026-03-09,1,77.58
1378,control,2026-03-14,0,
1379,treatment,2026-03-14,0,
1380,control,2026-03-09,0,
1381,treatment,2026-03-03,0,
1382,control,2026-03-05,0,
1383,treatment,2026-03-01,1,28.16
1384,treatment,2026-03-04,0,
1385,control,2026-03-08,1,22.73
1386,treatment,2026-03-12,0,
1387,treatment,2026-03-11,0,
1388,treatment,2026-03-12,0,
1389,treatment,2026-03-13,0,
1390,control,2026-03-11,0,
1391,treatment,2026-03-04,0,
1392,treatment,2026-03-10,0,
1393,treatment,2026-03-14,0,
1394,control,2026-03-12,0,
1395,treatment,2026-03-12,0,
1396,control,2026-03-05,1,82.92
1397,control,2026-03-14,0,
1398,treatment,2026-03-02,0,
1399,treatment,2026-03-04,0,
1400,treatment,2026-03-11,0,
1401,treatment,2026-03-05,0,
1402,treatment,2026-03-10,1,17.03
1403,control,2026-03-05,0,
1404,control,2026-03-05,0,
1405,treatment,2026-03-11,0,
1406,treatment,2026-03-04,0,
1407,treatment,2026-03-04,0,
1408,control,2026-03-02,1,26.7
1409,control,2026-03-04,0,
1410,control,2026-03-03,0,
1411,treatment,2026-03-09,0,
1412,treatment,2026-03-07,0,
1413,treatment,2026-03-05,0,
1414,treatment,2026-03-10,0,
1415,treatment,2026-03-06,0,
1416,control,2026-03-04,1,46.23
1417,treatment,2026-03-07,0,
1418,treatment,2026-03-08,0,
1419,control,2026-03-05,0,
1420,control,2026-03-01,0,
1421,control,2026-03-09,0,
1422,treatment,2026-03-12,0,
1423,control,2026-03-08,0,
1424,control,2026-03-08,0,
1425,control,2026-03-06,0,
1426,control,2026-03-01,0,
1427,control,2026-03-09,0,
1428,control,2026-03-12,0,
1429,control,2026-03-08,0,
1430,control,2026-03-08,0,
1431,control,2026-03-02,0,
1432,treatment,2026-03-13,1,55.6
1433,control,2026-03-08,0,
1434,control,2026-03-04,0,
1435,control,2026-03-05,0,
1436,control,2026-03-05,1,13.85
1437,treatment,2026-03-06,0,
1438,control,2026-03-04,0,
1439,treatment,2026-03-06,0,
1440,treatment,2026-03-11,0,
1441,treatment,2026-03-06,0,
1442,treatment,2026-03-12,1,71.51
1443,treatment,2026-03-12,0,
1444,control,2026-03-03,0,
1445,treatment,2026-03-11,0,
1446,control,2026-03-08,0,
1447,treatment,2026-03-05,0,
1448,control,2026-03-05,1,26.52
1449,control,2026-03-07,0,
1450,treatment,2026-03-04,0,
1451,treatment,2026-03-14,0,
1452,treatment,2026-03-01,0,
1453,treatment,2026-03-08,0,
1454,control,2026-03-08,0,
1455,control,2026-03-04,0,
1456,control,2026-03-03,0,
1457,control,2026-03-10,1,64.36
1458,control,2026-03-08,0,
1459,control,2026-03-10,0,
1460,control,2026-03-13,0,
1461,treatment,2026-03-07,0,
1462,treatment,2026-03-13,0,
1463,control,2026-03-09,0,
1464,control,2026-03-14,0,
1465,treatment,2026-03-04,1,42.03
1466,treatment,2026-03-13,0,
1467,treatment,2026-03-12,0,
1468,control,2026-03-04,0,
1469,control,2026-03-04,0,
1470,treatment,2026-03-01,0,
1471,control,2026-03-08,1,30.55
1472,control,2026-03-12,0,
1473,treatment,2026-03-13,0,
1474,treatment,2026-03-06,0,
1475,control,2026-03-02,0,
1476,control,2026-03-11,1,19.26
1477,treatment,2026-03-08,0,
1478,control,2026-03-07,0,
1479,control,2026-03-13,1,73.85
1480,control,2026-03-10,1,61.22
1481,control,2026-03-04,1,29.34
1482,control,2026-03-13,0,
1483,treatment,2026-03-02,0,
1484,control,2026-03-10,0,
1485,treatment,2026-03-07,0,
1486,control,2026-03-12,0,
1487,treatment,2026-03-13,0,
1488,control,2026-03-12,0,
1489,treatment,2026-03-11,0,
1490,treatment,2026-03-04,0,
1491,control,2026-03-07,0,
1492,treatment,2026-03-14,0,
1493,treatment,2026-03-07,0,
1494,control,2026-03-01,0,
1495,control,2026-03-12,0,
1496,treatment,2026-03-11,0,
1497,treatment,2026-03-04,0,
1498,control,2026-03-14,0,
1499,control,2026-03-11,0,
1500,control,2026-03-05,0,
1501,treatment,2026-03-03,1,44.65
1502,treatment,2026-03-10,1,43.19
1503,treatment,2026-03-03,0,
1504,treatment,2026-03-10,0,
1505,treatment,2026-03-06,0,
1506,treatment,2026-03-08,0,
1507,control,2026-03-06,1,30.03
1508,control,2026-03-02,0,
1509,control,2026-03-07,0,
1510,control,2026-03-07,0,
1511,treatment,2026-03-05,0,
1512,control,2026-03-11,0,
1513,treatment,2026-03-05,0,
1514,control,2026-03-04,0,
1515,treatment,2026-03-10,0,
1516,treatment,2026-03-04,1,38.12
1517,control,2026-03-12,0,
1518,control,2026-03-06,0,
1519,control,2026-03-11,0,
1520,treatment,2026-03-12,0,
1521,control,2026-03-14,0,
1522,treatment,2026-03-12,0,
1523,control,2026-03-11,0,
1524,treatment,2026-03-07,0,
1525,treatment,2026-03-08,0,
1526,treatment,2026-03-06,0,
1527,control,2026-03-09,0,
1528,treatment,2026-03-10,1,78.72
1529,control,2026-03-08,0,
1530,control,2026-03-14,0,
1531,control,2026-03-01,1,47.04
1532,treatment,2026-03-02,0,
1533,treatment,2026-03-07,0,
1534,control,2026-03-07,0,
1535,treatment,2026-03-14,0,
1536,treatment,2026-03-13,1,57.48
1537,control,2026-03-08,0,
1538,treatment,2026-03-11,1,74.74
1539,treatment,2026-03-01,0,
1540,treatment,2026-03-01,1,54.59
1541,control,2026-03-09,1,51.83
1542,treatment,2026-03-12,0,
1543,treatment,2026-03-08,0,
1544,control,2026-03-04,0,
1545,treatment,2026-03-11,0,
1546,treatment,2026-03-10,0,
1547,treatment,2026-03-07,0,
1548,treatment,2026-03-03,0,
1549,control,2026-03-06,0,
1550,control,2026-03-05,0,
1551,treatment,2026-03-05,0,
1552,control,2026-03-04,1,71.87
1553,control,2026-03-05,0,
1554,treatment,2026-03-11,0,
1555,treatment,2026-03-02,0,
1556,control,2026-03-10,0,
1557,treatment,2026-03-12,0,
1558,treatment,2026-03-13,0,
1559,control,2026-03-12,0,
1560,treatment,2026-03-13,0,
1561,treatment,2026-03-10,0,
1562,treatment,2026-03-05,0,
1563,treatment,2026-03-03,0,
1564,treatment,2026-03-12,0,
1565,treatment,2026-03-01,0,
1566,control,2026-03-02,0,
1567,treatment,2026-03-06,0,
1568,treatment,2026-03-04,0,
1569,control,2026-03-12,1,28.5
1570,control,2026-03-07,0,
1571,treatment,2026-03-13,0,
1572,control,2026-03-11,0,
1573,control,2026-03-04,0,
1574,control,2026-03-06,0,
1575,treatment,2026-03-11,0,
1576,treatment,2026-03-02,0,
1577,control,2026-03-06,0,
1578,treatment,2026-03-13,0,
1579,control,2026-03-13,0,
1580,control,2026-03-08,0,
1581,treatment,2026-03-02,0,
1582,treatment,2026-03-11,0,
1583,control,2026-03-03,0,
1584,control,2026-03-06,0,
1585,control,2026-03-09,0,
1586,control,2026-03-03,0,
1587,control,2026-03-09,0,
1588,control,2026-03-12,0,
1589,treatment,2026-03-01,0,
1590,treatment,2026-03-07,0,
1591,control,2026-03-06,0,
1592,control,2026-03-10,0,
1593,treatment,2026-03-07,0,
1594,control,2026-03-03,0,
1595,treatment,2026-03-05,0,
1596,control,2026-03-06,0,
1597,treatment,2026-03-02,0,
1598,control,2026-03-14,0,
1599,treatment,2026-03-08,0,
1600,treatment,2026-03-03,1,59.87
1601,treatment,2026-03-07,0,
1602,treatment,2026-03-06,0,
1603,control,2026-03-13,0,
1604,treatment,2026-03-03,0,
1605,control,2026-03-02,0,
1606,control,2026-03-04,0,
1607,control,2026-03-03,0,
1608,control,2026-03-09,0,
1609,control,2026-03-11,0,
1610,treatment,2026-03-14,1,36.51
1611,control,2026-03-08,0,
1612,control,2026-03-02,0,
1613,control,2026-03-10,1,35.9
1614,control,2026-03-05,0,
1615,control,2026-03-12,0,
1616,control,2026-03-09,1,13.99
1617,control,2026-03-14,1,73.43
1618,treatment,2026-03-02,1,60.9
1619,control,2026-03-02,0,
1620,control,2026-03-11,0,
1621,control,2026-03-11,0,
1622,control,2026-03-09,0,
1623,control,2026-03-03,0,
1624,control,2026-03-11,1,54.69
1625,treatment,2026-03-08,0,
1626,control,2026-03-12,0,
1627,treatment,2026-03-11,0,
1628,control,2026-03-06,0,
1629,treatment,2026-03-13,0,
1630,control,2026-03-08,0,
1631,control,2026-03-05,0,
1632,treatment,2026-03-02,0,
1633,control,2026-03-09,0,
1634,control,2026-03-05,0,
1635,treatment,2026-03-03,0,
1636,control,2026-03-13,0,
1637,treatment,2026-03-01,1,28.32
1638,control,2026-03-12,1,37.72
1639,control,2026-03-05,0,
1640,treatment,2026-03-11,1,90.6
1641,treatment,2026-03-14,0,
1642,treatment,2026-03-06,0,
1643,treatment,2026-03-02,0,
1644,control,2026-03-13,0,
1645,treatment,2026-03-09,1,30.91
1646,control,2026-03-09,0,
1647,control,2026-03-12,0,
1648,control,2026-03-14,0,
1649,treatment,2026-03-02,0,
1650,treatment,2026-03-04,0,
1651,control,2026-03-02,0,
1652,treatment,2026-03-13,0,
1653,treatment,2026-03-06,0,
1654,control,2026-03-08,0,
1655,control,2026-03-14,0,
1656,treatment,2026-03-05,0,
1657,control,2026-03-01,1,7.16
1658,treatment,2026-03-11,0,
1659,control,2026-03-14,0,
1660,control,2026-03-01,0,
1661,control,2026-03-03,0,
1662,treatment,2026-03-13,0,
1663,control,2026-03-13,0,
1664,control,2026-03-09,0,
1665,control,2026-03-11,0,
1666,treatment,2026-03-01,0,
1667,treatment,2026-03-11,0,
1668,treatment,2026-03-13,0,
1669,treatment,2026-03-11,0,
1670,control,2026-03-10,0,
1671,control,2026-03-05,0,
1672,control,2026-03-05,0,
1673,treatment,2026-03-12,1,36.45
1674,control,2026-03-05,1,58.22
1675,control,2026-03-02,0,
1676,treatment,2026-03-05,0,
1677,treatment,2026-03-13,0,
1678,control,2026-03-04,0,
1679,control,2026-03-06,1,69.83
1680,control,2026-03-10,0,
1681,treatment,2026-03-04,0,
1682,control,2026-03-10,0,
1683,control,2026-03-06,0,
1684,control,2026-03-11,0,
1685,treatment,2026-03-14,0,
1686,control,2026-03-07,1,21.07
1687,treatment,2026-03-01,0,
1688,treatment,2026-03-06,0,
1689,control,2026-03-09,0,
1690,treatment,2026-03-01,1,18.1
1691,treatment,2026-03-06,0,
1692,control,2026-03-08,0,
1693,treatment,2026-03-10,1,31.16
1694,control,2026-03-03,0,
1695,control,2026-03-08,0,
1696,treatment,2026-03-01,0,
1697,treatment,2026-03-09,0,
1698,control,2026-03-01,0,
1699,treatment,2026-03-07,0,
1700,treatment,2026-03-14,0,
1701,control,2026-03-05,1,40.48
1702,treatment,2026-03-14,0,
1703,treatment,2026-03-08,1,41.17
1704,control,2026-03-06,0,
1705,control,2026-03-04,0,
1706,treatment,2026-03-01,0,
1707,control,2026-03-02,0,
1708,control,2026-03-04,0,
1709,control,2026-03-14,0,
1710,treatment,2026-03-04,0,
1711,control,2026-03-14,0,
1712,treatment,2026-03-06,0,
1713,treatment,2026-03-01,0,
1714,treatment,2026-03-12,0,
1715,control,2026-03-09,0,
1716,treatment,2026-03-08,0,
1717,control,2026-03-14,0,
1718,control,2026-03-05,0,
1719,control,2026-03-01,0,
1720,control,2026-03-05,1,37.56
1721,treatment,2026-03-03,0,
1722,treatment,2026-03-11,0,
1723,treatment,2026-03-11,1,60.39
1724,control,2026-03-04,0,
1725,control,2026-03-03,0,
1726,control,2026-03-10,1,36.69
1727,control,2026-03-06,0,
1728,control,2026-03-10,0,
1729,control,2026-03-05,0,
1730,treatment,2026-03-03,0,
1731,control,2026-03-13,0,
1732,treatment,2026-03-09,0,
1733,control,2026-03-13,0,
1734,control,2026-03-09,0,
1735,treatment,2026-03-04,0,
1736,control,2026-03-04,0,
1737,treatment,2026-03-08,0,
1738,control,2026-03-13,0,
1739,treatment,2026-03-10,0,
1740,treatment,2026-03-01,0,
1741,treatment,2026-03-08,0,
1742,control,2026-03-01,0,
1743,control,2026-03-08,0,
1744,control,2026-03-08,0,
1745,treatment,2026-03-11,0,
1746,control,2026-03-01,0,
1747,treatment,2026-03-14,1,58.4
1748,treatment,2026-03-05,1,9.93
1749,control,2026-03-02,0,
1750,treatment,2026-03-05,0,
1751,control,2026-03-09,0,
1752,treatment,2026-03-10,0,
1753,treatment,2026-03-12,0,
1754,control,2026-03-11,0,
1755,control,2026-03-09,0,
1756,control,2026-03-01,0,
1757,control,2026-03-08,0,
1758,control,2026-03-13,0,
1759,treatment,2026-03-04,0,
1760,treatment,2026-03-13,1,30.63
1761,treatment,2026-03-11,0,
1762,control,2026-03-05,0,
1763,control,2026-03-05,0,
1764,treatment,2026-03-08,1,34.92
1765,control,2026-03-13,0,
1766,treatment,2026-03-08,1,52.99
1767,control,2026-03-09,0,
1768,treatment,2026-03-12,0,
1769,treatment,2026-03-06,0,
1770,treatment,2026-03-07,0,
1771,treatment,2026-03-09,0,
1772,treatment,2026-03-13,0,
1773,control,2026-03-09,0,
1774,control,2026-03-09,0,
1775,treatment,2026-03-05,0,
1776,control,2026-03-01,0,
1777,control,2026-03-11,0,
1778,control,2026-03-09,0,
1779,treatment,2026-03-03,0,
1780,treatment,2026-03-08,0,
1781,treatment,2026-03-12,0,
1782,control,2026-03-08,0,
1783,control,2026-03-09,0,
1784,treatment,2026-03-08,0,
1785,control,2026-03-05,0,
1786,control,2026-03-01,0,
1787,treatment,2026-03-04,0,
1788,control,2026-03-11,0,
1789,treatment,2026-03-04,0,
1790,treatment,2026-03-13,0,
1791,treatment,2026-03-10,0,
1792,control,2026-03-12,0,
1793,treatment,2026-03-07,0,
1794,control,2026-03-07,0,
1795,treatment,2026-03-03,0,
1796,control,2026-03-13,1,84.23
1797,treatment,2026-03-14,0,
1798,treatment,2026-03-01,0,
1799,treatment,2026-03-11,0,
1800,treatment,2026-03-13,0,
1801,treatment,2026-03-08,0,
1802,treatment,2026-03-05,1,50.97
1803,treatment,2026-03-06,0,
1804,control,2026-03-12,0,
1805,control,2026-03-08,0,
1806,treatment,2026-03-10,0,
1807,control,2026-03-14,0,
1808,treatment,2026-03-05,0,
1809,treatment,2026-03-11,0,
1810,control,2026-03-13,0,
1811,control,2026-03-12,0,
1812,treatment,2026-03-11,1,33.39
1813,treatment,2026-03-03,0,
1814,treatment,2026-03-09,0,
1815,treatment,2026-03-12,0,
1816,treatment,2026-03-08,0,
1817,control,2026-03-12,0,
1818,control,2026-03-05,0,
1819,treatment,2026-03-13,0,
1820,control,2026-03-02,0,
1821,control,2026-03-06,0,
1822,control,2026-03-14,0,
1823,treatment,2026-03-05,0,
1824,treatment,2026-03-13,1,18.74
1825,treatment,2026-03-02,0,
1826,control,2026-03-08,0,
1827,control,2026-03-03,0,
1828,treatment,2026-03-10,0,
1829,treatment,2026-03-04,0,
1830,control,2026-03-13,0,
1831,control,2026-03-06,1,69.55
1832,control,2026-03-10,0,
1833,treatment,2026-03-03,1,51.98
1834,control,2026-03-12,0,
1835,treatment,2026-03-13,0,
1836,treatment,2026-03-08,0,
1837,treatment,2026-03-12,0,
1838,treatment,2026-03-12,0,
1839,treatment,2026-03-12,1,26.2
1840,control,2026-03-04,1,31.23
1841,control,2026-03-03,0,
1842,control,2026-03-14,0,
1843,control,2026-03-14,0,
1844,treatment,2026-03-12,1,41.59
1845,control,2026-03-07,0,
1846,treatment,2026-03-11,0,
1847,control,2026-03-04,0,
1848,treatment,2026-03-05,0,
1849,control,2026-03-12,0,
1850,control,2026-03-13,1,38.15
1851,treatment,2026-03-09,0,
1852,treatment,2026-03-02,0,
1853,control,2026-03-05,0,
1854,control,2026-03-11,0,
1855,treatment,2026-03-06,1,63.41
1856,control,2026-03-13,0,
1857,treatment,2026-03-05,1,114.68
1858,treatment,2026-03-14,0,
1859,treatment,2026-03-03,1,54.7
1860,treatment,2026-03-04,0,
1861,treatment,2026-03-14,0,
1862,treatment,2026-03-09,0,
1863,treatment,2026-03-04,0,
1864,treatment,2026-03-14,0,
1865,control,2026-03-06,0,
1866,treatment,2026-03-04,0,
1867,treatment,2026-03-01,0,
1868,control,2026-03-01,0,
1869,control,2026-03-13,0,
1870,treatment,2026-03-06,0,
1871,control,2026-03-08,0,
1872,treatment,2026-03-08,0,
1873,control,2026-03-02,0,
1874,treatment,2026-03-10,0,
1875,treatment,2026-03-02,1,52.1
1876,treatment,2026-03-06,0,
1877,treatment,2026-03-01,0,
1878,treatment,2026-03-14,0,
1879,control,2026-03-13,0,
1880,control,2026-03-13,1,67.32
1881,control,2026-03-05,0,
1882,control,2026-03-01,0,
1883,treatment,2026-03-11,0,
1884,control,2026-03-14,0,
1885,control,2026-03-03,0,
1886,control,2026-03-13,0,
1887,treatment,2026-03-01,0,
1888,control,2026-03-04,0,
1889,treatment,2026-03-12,0,
1890,treatment,2026-03-13,0,
1891,control,2026-03-01,0,
1892,treatment,2026-03-03,0,
1893,treatment,2026-03-08,0,
1894,control,2026-03-11,1,73.31
1895,control,2026-03-05,0,
1896,control,2026-03-05,0,
1897,control,2026-03-13,0,
1898,control,2026-03-05,0,
1899,treatment,2026-03-13,0,
1900,treatment,2026-03-05,0,
1901,control,2026-03-14,0,
1902,treatment,2026-03-03,0,
1903,treatment,2026-03-03,0,
1904,treatment,2026-03-14,1,63.98
1905,treatment,2026-03-13,0,
1906,control,2026-03-11,0,
1907,control,2026-03-09,0,
1908,treatment,2026-03-06,0,
1909,control,2026-03-07,0,
1910,treatment,2026-03-09,0,
1911,control,2026-03-02,0,
1912,treatment,2026-03-06,0,
1913,control,2026-03-13,0,
1914,treatment,2026-03-09,0,
1915,treatment,2026-03-07,0,
1916,treatment,2026-03-06,0,
1917,control,2026-03-08,0,
1918,treatment,2026-03-01,0,
1919,treatment,2026-03-05,0,
1920,control,2026-03-03,0,
1921,treatment,2026-03-10,0,
1922,control,2026-03-01,0,
1923,control,2026-03-04,1,91.43
1924,control,2026-03-03,0,
1925,treatment,2026-03-11,0,
1926,treatment,2026-03-07,0,
1927,control,2026-03-08,0,
1928,treatment,2026-03-13,0,
1929,control,2026-03-02,0,
1930,treatment,2026-03-08,0,
1931,treatment,2026-03-14,0,
1932,control,2026-03-01,1,23.74
1933,control,2026-03-12,0,
1934,treatment,2026-03-05,1,35.05
1935,treatment,2026-03-08,1,29.16
1936,treatment,2026-03-04,0,
1937,control,2026-03-13,0,
1938,treatment,2026-03-06,1,43.15
1939,treatment,2026-03-02,0,
1940,treatment,2026-03-02,0,
1941,treatment,2026-03-02,1,70.7
1942,control,2026-03-08,0,
1943,treatment,2026-03-07,1,25.97
1944,control,2026-03-10,0,
1945,treatment,2026-03-04,0,
1946,treatment,2026-03-08,0,
1947,control,2026-03-10,0,
1948,control,2026-03-13,1,28.41
1949,treatment,2026-03-12,1,48.83
1950,treatment,2026-03-14,0,
1951,control,2026-03-13,1,26.1
1952,control,2026-03-11,0,
1953,treatment,2026-03-11,1,34.89
1954,control,2026-03-14,0,
1955,control,2026-03-03,0,
1956,control,2026-03-04,0,
1957,control,2026-03-13,0,
1958,treatment,2026-03-14,0,
1959,treatment,2026-03-09,0,
1960,control,2026-03-07,1,41.24
1961,control,2026-03-03,0,
1962,treatment,2026-03-13,0,
1963,treatment,2026-03-02,0,
1964,treatment,2026-03-08,0,
1965,control,2026-03-08,0,
1966,treatment,2026-03-07,0,
1967,control,2026-03-09,0,
1968,control,2026-03-06,0,
1969,control,2026-03-09,0,
1970,treatment,2026-03-06,1,47.4
1971,treatment,2026-03-08,0,
1972,control,2026-03-02,0,
1973,treatment,2026-03-13,0,
1974,treatment,2026-03-05,0,
1975,treatment,2026-03-13,0,
1976,control,2026-03-02,0,
1977,control,2026-03-02,0,
1978,control,2026-03-02,0,
1979,treatment,2026-03-12,0,
1980,treatment,2026-03-05,0,
1981,control,2026-03-02,0,
1982,control,2026-03-03,0,
1983,control,2026-03-06,1,54.62
1984,treatment,2026-03-09,0,
1985,control,2026-03-02,0,
1986,control,2026-03-04,0,
1987,treatment,2026-03-06,0,
1988,control,2026-03-10,0,
1989,treatment,2026-03-14,0,
1990,control,2026-03-06,1,29.22
1991,treatment,2026-03-01,0,
1992,treatment,2026-03-01,0,
1993,treatment,2026-03-05,0,
1994,treatment,2026-03-05,0,
1995,treatment,2026-03-06,0,
1996,control,2026-03-02,0,
1997,control,2026-03-14,1,43.84
1998,control,2026-03-05,0,
1999,treatment,2026-03-07,0,
2000,control,2026-03-07,0,
2001,treatment,2026-03-07,1,95.41
2002,control,2026-03-01,1,46.42
2003,control,2026-03-13,0,
2004,treatment,2026-03-03,0,
2005,treatment,2026-03-14,1,44.18
2006,control,2026-03-03,0,
2007,control,2026-03-02,0,
2008,treatment,2026-03-04,1,46.0
2009,treatment,2026-03-06,0,
2010,control,2026-03-13,0,
2011,treatment,2026-03-07,1,35.61
2012,control,2026-03-03,0,
2013,treatment,2026-03-13,1,14.96
2014,treatment,2026-03-13,0,
2015,control,2026-03-03,0,
2016,control,2026-03-01,0,
2017,treatment,2026-03-04,0,
2018,treatment,2026-03-11,0,
2019,control,2026-03-01,0,
2020,control,2026-03-04,0,
2021,treatment,2026-03-06,0,
2022,control,2026-03-05,1,25.5
2023,treatment,2026-03-03,0,
2024,treatment,2026-03-02,0,
2025,treatment,2026-03-07,0,
2026,control,2026-03-06,0,
2027,control,2026-03-07,1,55.04
2028,control,2026-03-11,0,
2029,treatment,2026-03-05,0,
2030,treatment,2026-03-05,1,19.5
2031,control,2026-03-08,0,
2032,control,2026-03-05,0,
2033,control,2026-03-02,0,
2034,control,2026-03-07,0,
2035,control,2026-03-11,0,
2036,treatment,2026-03-05,0,
2037,treatment,2026-03-08,0,
2038,control,2026-03-01,0,
2039,treatment,2026-03-04,0,
2040,treatment,2026-03-04,0,
2041,control,2026-03-09,1,14.81
2042,control,2026-03-02,0,
2043,treatment,2026-03-05,0,
2044,treatment,2026-03-12,0,
2045,control,2026-03-01,0,
2046,treatment,2026-03-02,0,
2047,treatment,2026-03-04,0,
2048,control,2026-03-05,0,
2049,control,2026-03-03,1,60.93
2050,control,2026-03-10,1,50.87
2051,treatment,2026-03-11,0,
2052,control,2026-03-05,0,
2053,treatment,2026-03-04,0,
2054,control,2026-03-07,0,
2055,treatment,2026-03-05,1,58.98
2056,control,2026-03-14,0,
2057,control,2026-03-05,0,
2058,treatment,2026-03-04,0,
2059,control,2026-03-03,0,
2060,treatment,2026-03-07,0,
2061,treatment,2026-03-14,0,
2062,treatment,2026-03-13,0,
2063,treatment,2026-03-08,0,
2064,control,2026-03-04,0,
2065,control,2026-03-10,0,
2066,treatment,2026-03-10,0,
2067,treatment,2026-03-11,0,
2068,treatment,2026-03-14,0,
2069,treatment,2026-03-12,0,
2070,control,2026-03-01,0,
2071,treatment,2026-03-14,0,
2072,treatment,2026-03-14,1,46.64
2073,control,2026-03-08,0,
2074,control,2026-03-09,1,29.49
2075,treatment,2026-03-11,1,30.93
2076,treatment,2026-03-09,0,
2077,control,2026-03-08,0,
2078,treatment,2026-03-04,0,
2079,treatment,2026-03-10,0,
2080,treatment,2026-03-10,0,
2081,control,2026-03-02,0,
2082,treatment,2026-03-11,0,
2083,control,2026-03-09,0,
2084,treatment,2026-03-05,0,
2085,treatment,2026-03-11,0,
2086,treatment,2026-03-07,0,
2087,control,2026-03-14,0,
2088,treatment,2026-03-10,1,41.95
2089,control,2026-03-14,0,
2090,control,2026-03-02,0,
2091,treatment,2026-03-10,0,
2092,control,2026-03-10,0,
2093,treatment,2026-03-11,0,
2094,treatment,2026-03-03,0,
2095,control,2026-03-04,1,58.59
2096,treatment,2026-03-08,1,80.52
2097,control,2026-03-08,0,
2098,control,2026-03-10,0,
2099,control,2026-03-12,1,32.5
2100,treatment,2026-03-10,0,
2101,treatment,2026-03-11,0,
2102,control,2026-03-03,0,
2103,treatment,2026-03-01,0,
2104,treatment,2026-03-01,0,
2105,control,2026-03-10,0,
2106,treatment,2026-03-12,0,
2107,control,2026-03-05,0,
2108,treatment,2026-03-06,0,
2109,treatment,2026-03-07,0,
2110,treatment,2026-03-07,0,
2111,treatment,2026-03-11,0,
2112,control,2026-03-09,0,
2113,control,2026-03-02,0,
2114,control,2026-03-05,0,
2115,treatment,2026-03-11,0,
2116,treatment,2026-03-02,0,
2117,treatment,2026-03-10,0,
2118,treatment,2026-03-03,0,
2119,treatment,2026-03-02,0,
2120,treatment,2026-03-13,0,
2121,treatment,2026-03-12,1,41.15
2122,control,2026-03-09,0,
2123,treatment,2026-03-09,0,
2124,control,2026-03-05,0,
2125,control,2026-03-03,0,
2126,treatment,2026-03-02,0,
2127,treatment,2026-03-02,0,
2128,control,2026-03-09,0,
2129,control,2026-03-08,0,
2130,control,2026-03-14,0,
2131,control,2026-03-03,0,
2132,control,2026-03-02,0,
2133,control,2026-03-08,0,
2134,treatment,2026-03-01,0,
2135,control,2026-03-04,0,
2136,control,2026-03-13,0,
2137,treatment,2026-03-14,0,
2138,treatment,2026-03-03,0,
2139,treatment,2026-03-07,0,
2140,control,2026-03-06,1,62.44
2141,treatment,2026-03-01,0,
2142,treatment,2026-03-10,1,77.82
2143,control,2026-03-08,0,
2144,treatment,2026-03-12,0,
2145,control,2026-03-04,0,
2146,control,2026-03-12,0,
2147,control,2026-03-01,0,
2148,treatment,2026-03-03,1,38.1
2149,control,2026-03-03,0,
2150,treatment,2026-03-06,0,
2151,treatment,2026-03-05,1,52.41
2152,treatment,2026-03-03,0,
2153,control,2026-03-11,0,
2154,control,2026-03-08,0,
2155,treatment,2026-03-14,1,64.65
2156,control,2026-03-14,0,
2157,treatment,2026-03-06,0,
2158,treatment,2026-03-06,0,
2159,treatment,2026-03-02,1,32.92
2160,control,2026-03-10,0,
2161,treatment,2026-03-09,0,
2162,treatment,2026-03-13,0,
2163,treatment,2026-03-04,0,
2164,control,2026-03-04,1,38.81
2165,control,2026-03-09,0,
2166,treatment,2026-03-12,0,
2167,control,2026-03-11,0,
2168,treatment,2026-03-13,0,
2169,control,2026-03-08,0,
2170,control,2026-03-03,0,
2171,treatment,2026-03-07,0,
2172,treatment,2026-03-07,0,
2173,control,2026-03-01,0,
2174,treatment,2026-03-02,0,
2175,treatment,2026-03-04,0,
2176,treatment,2026-03-11,1,53.61
2177,treatment,2026-03-09,0,
2178,treatment,2026-03-04,0,
2179,control,2026-03-10,0,
2180,treatment,2026-03-14,0,
2181,control,2026-03-14,0,
2182,treatment,2026-03-10,0,
2183,control,2026-03-08,0,
2184,treatment,2026-03-06,1,36.25
2185,treatment,2026-03-04,0,
2186,control,2026-03-07,0,
2187,treatment,2026-03-13,0,
2188,treatment,2026-03-06,0,
2189,control,2026-03-11,0,
2190,control,2026-03-04,0,
2191,control,2026-03-02,0,
2192,treatment,2026-03-09,0,
2193,treatment,2026-03-10,0,
2194,treatment,2026-03-06,0,
2195,control,2026-03-12,0,
2196,control,2026-03-05,0,
2197,treatment,2026-03-04,1,52.16
2198,treatment,2026-03-05,0,
2199,control,2026-03-14,0,
2200,control,2026-03-05,1,30.57
2201,treatment,2026-03-11,0,
2202,treatment,2026-03-11,0,
2203,control,2026-03-04,0,
2204,treatment,2026-03-13,0,
2205,control,2026-03-11,0,
2206,control,2026-03-13,0,
2207,treatment,2026-03-14,0,
2208,treatment,2026-03-08,1,16.6
2209,treatment,2026-03-09,0,
2210,treatment,2026-03-02,0,
2211,treatment,2026-03-08,0,
2212,control,2026-03-09,0,
2213,control,2026-03-07,0,
2214,control,2026-03-12,0,
2215,treatment,2026-03-08,0,
2216,treatment,2026-03-07,0,
2217,treatment,2026-03-08,0,
2218,treatment,2026-03-02,0,
2219,control,2026-03-01,0,
2220,treatment,2026-03-09,1,39.5
2221,treatment,2026-03-09,0,
2222,treatment,2026-03-09,0,
2223,treatment,2026-03-03,0,
2224,treatment,2026-03-08,0,
2225,control,2026-03-03,0,
2226,treatment,2026-03-11,0,
2227,control,2026-03-05,0,
2228,control,2026-03-06,0,
2229,control,2026-03-07,0,
2230,control,2026-03-09,0,
2231,control,2026-03-01,0,
2232,control,2026-03-07,0,
2233,control,2026-03-12,1,62.0
2234,treatment,2026-03-04,0,
2235,treatment,2026-03-13,0,
2236,treatment,2026-03-01,0,
2237,control,2026-03-01,1,36.37
2238,control,2026-03-14,0,
2239,control,2026-03-02,0,
2240,control,2026-03-05,0,
2241,control,2026-03-02,0,
2242,control,2026-03-10,0,
2243,treatment,2026-03-02,0,
2244,treatment,2026-03-04,0,
2245,control,2026-03-06,0,
2246,treatment,2026-03-08,0,
2247,treatment,2026-03-05,1,77.39
2248,treatment,2026-03-06,0,
2249,control,2026-03-11,0,
2250,control,2026-03-13,0,
2251,treatment,2026-03-07,0,
2252,treatment,2026-03-11,0,
2253,control,2026-03-01,0,
2254,treatment,2026-03-10,0,
2255,treatment,2026-03-12,0,
2256,control,2026-03-11,0,
2257,control,2026-03-04,0,
2258,treatment,2026-03-02,0,
2259,treatment,2026-03-11,0,
2260,control,2026-03-07,0,
2261,control,2026-03-06,0,
2262,treatment,2026-03-06,0,
2263,control,2026-03-12,0,
2264,control,2026-03-09,1,72.25
2265,treatment,2026-03-06,0,
2266,control,2026-03-10,0,
2267,control,2026-03-03,1,27.71
2268,control,2026-03-13,0,
2269,treatment,2026-03-03,0,
2270,treatment,2026-03-08,0,
2271,treatment,2026-03-12,0,
2272,treatment,2026-03-03,0,
2273,treatment,2026-03-05,0,
2274,treatment,2026-03-09,0,
2275,control,2026-03-04,1,50.51
2276,control,2026-03-13,0,
2277,control,2026-03-03,0,
2278,treatment,2026-03-13,0,
2279,treatment,2026-03-11,0,
2280,treatment,2026-03-08,0,
2281,control,2026-03-12,0,
2282,control,2026-03-11,0,
2283,treatment,2026-03-13,0,
2284,control,2026-03-04,1,47.66
2285,control,2026-03-03,0,
2286,control,2026-03-08,0,
2287,treatment,2026-03-09,0,
2288,control,2026-03-03,0,
2289,treatment,2026-03-07,1,40.02
2290,control,2026-03-04,0,
2291,control,2026-03-07,1,81.01
2292,control,2026-03-01,0,
2293,treatment,2026-03-08,0,
2294,control,2026-03-05,0,
2295,control,2026-03-02,0,
2296,control,2026-03-07,0,
2297,control,2026-03-01,0,
2298,control,2026-03-08,0,
2299,control,2026-03-01,0,
2300,treatment,2026-03-07,0,
2301,control,2026-03-07,0,
2302,treatment,2026-03-08,0,
2303,control,2026-03-03,0,
2304,treatment,2026-03-09,1,59.8
2305,control,2026-03-01,0,
2306,control,2026-03-08,0,
2307,treatment,2026-03-12,0,
2308,treatment,2026-03-11,0,
2309,treatment,2026-03-09,0,
2310,treatment,2026-03-12,0,
2311,control,2026-03-01,0,
2312,treatment,2026-03-03,0,
2313,control,2026-03-03,0,
2314,control,2026-03-08,0,
2315,treatment,2026-03-13,0,
2316,control,2026-03-12,0,
2317,treatment,2026-03-06,0,
2318,treatment,2026-03-01,0,
2319,treatment,2026-03-12,1,54.47
2320,control,2026-03-08,0,
2321,treatment,2026-03-01,1,34.89
2322,control,2026-03-14,1,32.23
2323,control,2026-03-10,1,34.84
2324,treatment,2026-03-03,0,
2325,control,2026-03-03,0,
2326,control,2026-03-13,0,
2327,control,2026-03-13,1,39.9
2328,control,2026-03-03,0,
2329,control,2026-03-02,0,
2330,treatment,2026-03-05,0,
2331,treatment,2026-03-09,0,
2332,treatment,2026-03-02,0,
2333,treatment,2026-03-07,0,
2334,control,2026-03-11,1,53.01
2335,treatment,2026-03-11,0,
2336,treatment,2026-03-13,1,31.91
2337,control,2026-03-12,0,
2338,treatment,2026-03-02,0,
2339,treatment,2026-03-11,0,
2340,control,2026-03-05,0,
2341,control,2026-03-05,0,
2342,treatment,2026-03-07,0,
2343,treatment,2026-03-10,0,
2344,control,2026-03-14,0,
2345,control,2026-03-12,0,
2346,control,2026-03-14,0,
2347,treatment,2026-03-03,0,
2348,control,2026-03-04,0,
2349,control,2026-03-05,0,
2350,treatment,2026-03-12,0,
2351,treatment,2026-03-07,0,
2352,control,2026-03-09,0,
2353,control,2026-03-01,0,
2354,control,2026-03-13,0,
2355,treatment,2026-03-11,0,
2356,treatment,2026-03-09,0,
2357,treatment,2026-03-03,0,
2358,treatment,2026-03-05,0,
2359,control,2026-03-04,0,
2360,control,2026-03-08,1,74.57
2361,treatment,2026-03-02,0,
2362,control,2026-03-10,0,
2363,treatment,2026-03-08,0,
2364,control,2026-03-12,0,
2365,control,2026-03-09,0,
2366,treatment,2026-03-01,0,
2367,control,2026-03-14,0,
2368,treatment,2026-03-06,0,
2369,treatment,2026-03-01,0,
2370,treatment,2026-03-04,0,
2371,control,2026-03-09,0,
2372,control,2026-03-03,0,
2373,control,2026-03-01,0,
2374,control,2026-03-05,1,30.05
2375,control,2026-03-07,1,58.95
2376,treatment,2026-03-09,0,
2377,treatment,2026-03-06,0,
2378,treatment,2026-03-14,0,
2379,control,2026-03-02,0,
2380,control,2026-03-11,0,
2381,control,2026-03-13,1,69.31
2382,treatment,2026-03-12,1,36.58
2383,treatment,2026-03-07,0,
2384,control,2026-03-10,0,
2385,treatment,2026-03-13,0,
2386,control,2026-03-04,0,
2387,treatment,2026-03-10,0,
2388,control,2026-03-01,0,
2389,control,2026-03-07,1,81.5
2390,treatment,2026-03-08,0,
2391,treatment,2026-03-10,1,33.8
2392,treatment,2026-03-05,0,
2393,treatment,2026-03-05,0,
2394,control,2026-03-07,0,
2395,treatment,2026-03-11,0,
2396,control,2026-03-12,0,
2397,treatment,2026-03-11,0,
2398,control,2026-03-01,0,
2399,treatment,2026-03-11,0,
2400,control,2026-03-02,0,
2401,control,2026-03-06,0,
2402,treatment,2026-03-03,0,
2403,treatment,2026-03-06,0,
2404,control,2026-03-10,0,
2405,treatment,2026-03-11,1,63.04
2406,control,2026-03-08,0,
2407,control,2026-03-08,0,
2408,treatment,2026-03-09,0,
2409,treatment,2026-03-06,0,
2410,control,2026-03-12,1,45.44
2411,treatment,2026-03-05,1,54.03
2412,control,2026-03-06,0,
2413,treatment,2026-03-01,0,
2414,treatment,2026-03-04,0,
2415,treatment,2026-03-03,0,
2416,control,2026-03-03,0,
2417,control,2026-03-06,0,
2418,control,2026-03-10,0,
2419,control,2026-03-09,0,
2420,treatment,2026-03-07,0,
2421,treatment,2026-03-10,0,
2422,treatment,2026-03-10,1,45.27
2423,treatment,2026-03-08,1,93.08
2424,treatment,2026-03-03,0,
2425,treatment,2026-03-08,0,
2426,control,2026-03-04,0,
2427,treatment,2026-03-12,0,
2428,control,2026-03-01,0,
2429,treatment,2026-03-05,0,
2430,control,2026-03-08,0,
2431,treatment,2026-03-06,0,
2432,control,2026-03-14,0,
2433,treatment,2026-03-09,1,28.87
2434,treatment,2026-03-12,1,49.86
2435,treatment,2026-03-07,1,41.78
2436,control,2026-03-02,0,
2437,treatment,2026-03-09,1,61.47
2438,treatment,2026-03-05,0,
2439,control,2026-03-13,0,
2440,treatment,2026-03-10,0,
2441,treatment,2026-03-02,0,
2442,control,2026-03-09,1,65.09
2443,treatment,2026-03-05,1,38.81
2444,treatment,2026-03-02,0,
2445,treatment,2026-03-07,0,
2446,control,2026-03-14,0,
2447,treatment,2026-03-14,0,
2448,treatment,2026-03-02,0,
2449,control,2026-03-06,0,
2450,control,2026-03-08,0,
2451,control,2026-03-07,0,
2452,treatment,2026-03-08,0,
2453,control,2026-03-05,0,
2454,control,2026-03-04,0,
2455,control,2026-03-04,0,
2456,control,2026-03-10,0,
2457,control,2026-03-01,0,
2458,control,2026-03-07,0,
2459,treatment,2026-03-03,1,36.44
2460,control,2026-03-12,1,49.34
2461,treatment,2026-03-14,0,
2462,treatment,2026-03-08,1,41.57
2463,control,2026-03-01,0,
2464,control,2026-03-01,0,
2465,treatment,2026-03-11,0,
2466,treatment,2026-03-07,0,
2467,treatment,2026-03-11,0,
2468,control,2026-03-05,0,
2469,treatment,2026-03-14,0,
2470,treatment,2026-03-03,0,
2471,control,2026-03-04,0,
2472,control,2026-03-03,0,
2473,control,2026-03-03,0,
2474,treatment,2026-03-08,0,
2475,treatment,2026-03-06,0,
2476,control,2026-03-06,0,
2477,control,2026-03-06,0,
2478,treatment,2026-03-08,0,
2479,treatment,2026-03-07,1,19.82
2480,treatment,2026-03-04,0,
2481,treatment,2026-03-04,0,
2482,treatment,2026-03-10,0,
2483,treatment,2026-03-06,0,
2484,treatment,2026-03-03,1,43.17
2485,treatment,2026-03-11,1,71.76
2486,control,2026-03-04,0,
2487,treatment,2026-03-14,1,9.42
2488,treatment,2026-03-12,0,
2489,treatment,2026-03-03,1,81.9
2490,control,2026-03-03,0,
2491,control,2026-03-10,0,
2492,control,2026-03-08,0,
2493,control,2026-03-10,0,
2494,treatment,2026-03-03,0,
2495,control,2026-03-07,0,
2496,control,2026-03-08,1,40.93
2497,control,2026-03-06,1,9.06
2498,control,2026-03-12,0,
2499,treatment,2026-03-09,1,33.69
2500,control,2026-03-13,0,
2501,treatment,2026-03-14,0,
2502,treatment,2026-03-11,0,
2503,treatment,2026-03-12,0,
2504,treatment,2026-03-06,0,
2505,treatment,2026-03-08,0,
2506,control,2026-03-08,0,
2507,control,2026-03-03,0,
2508,treatment,2026-03-04,0,
2509,treatment,2026-03-04,0,
2510,treatment,2026-03-05,0,
2511,treatment,2026-03-13,1,51.77
2512,control,2026-03-07,0,
2513,treatment,2026-03-02,0,
2514,control,2026-03-07,0,
2515,treatment,2026-03-01,0,
2516,control,2026-03-10,1,34.22
2517,treatment,2026-03-10,0,
2518,control,2026-03-08,0,
2519,treatment,2026-03-07,1,49.49
2520,treatment,2026-03-05,0,
2521,treatment,2026-03-11,1,90.52
2522,control,2026-03-07,0,
2523,treatment,2026-03-09,0,
2524,control,2026-03-09,0,
2525,control,2026-03-02,0,
2526,control,2026-03-07,0,
2527,treatment,2026-03-06,0,
2528,treatment,2026-03-03,0,
2529,treatment,2026-03-09,0,
2530,control,2026-03-12,0,
2531,treatment,2026-03-07,0,
2532,control,2026-03-02,0,
2533,control,2026-03-06,0,
2534,control,2026-03-01,0,
2535,control,2026-03-04,0,
2536,control,2026-03-12,0,
2537,treatment,2026-03-13,0,
2538,treatment,2026-03-11,0,
2539,control,2026-03-06,1,44.81
2540,control,2026-03-04,0,
2541,treatment,2026-03-06,0,
2542,treatment,2026-03-11,1,32.8
2543,treatment,2026-03-14,0,
2544,control,2026-03-04,1,61.11
2545,treatment,2026-03-12,0,
2546,control,2026-03-07,1,39.34
2547,treatment,2026-03-14,0,
2548,control,2026-03-09,0,
2549,control,2026-03-10,0,
2550,treatment,2026-03-14,0,
2551,treatment,2026-03-14,1,43.29
2552,treatment,2026-03-11,0,
2553,treatment,2026-03-10,0,
2554,treatment,2026-03-14,0,
2555,control,2026-03-08,0,
2556,control,2026-03-09,0,
2557,control,2026-03-09,0,
2558,control,2026-03-02,0,
2559,control,2026-03-13,0,
2560,control,2026-03-14,0,
2561,treatment,2026-03-02,0,
2562,control,2026-03-06,1,79.28
2563,treatment,2026-03-04,1,60.42
2564,treatment,2026-03-05,0,
2565,treatment,2026-03-11,0,
2566,control,2026-03-05,0,
2567,treatment,2026-03-12,1,45.87
2568,treatment,2026-03-14,1,24.98
2569,control,2026-03-04,0,
2570,control,2026-03-10,1,56.42
2571,control,2026-03-05,0,
2572,treatment,2026-03-01,0,
2573,treatment,2026-03-03,0,
2574,control,2026-03-02,0,
2575,treatment,2026-03-13,0,
2576,treatment,2026-03-03,0,
2577,treatment,2026-03-08,0,
2578,control,2026-03-08,0,
2579,treatment,2026-03-11,0,
2580,control,2026-03-13,0,
2581,control,2026-03-06,0,
2582,control,2026-03-13,0,
2583,treatment,2026-03-02,0,
2584,control,2026-03-06,0,
2585,treatment,2026-03-11,0,
2586,control,2026-03-03,0,
2587,control,2026-03-13,0,
2588,treatment,2026-03-11,0,
2589,control,2026-03-08,0,
2590,control,2026-03-01,0,
2591,control,2026-03-10,0,
2592,control,2026-03-01,0,
2593,treatment,2026-03-05,1,23.81
2594,treatment,2026-03-05,1,73.48
2595,control,2026-03-05,0,
2596,control,2026-03-12,0,
2597,control,2026-03-04,0,
2598,control,2026-03-05,0,
2599,treatment,2026-03-02,0,
2600,control,2026-03-03,0,
2601,treatment,2026-03-11,0,
2602,treatment,2026-03-14,0,
2603,control,2026-03-01,0,
2604,treatment,2026-03-13,0,
2605,control,2026-03-01,0,
2606,treatment,2026-03-08,0,
2607,control,2026-03-02,0,
2608,control,2026-03-07,0,
2609,treatment,2026-03-10,1,16.71
2610,treatment,2026-03-02,0,
2611,treatment,2026-03-01,1,36.91
2612,control,2026-03-12,0,
2613,treatment,2026-03-01,0,
2614,control,2026-03-01,0,
2615,control,2026-03-09,0,
2616,control,2026-03-02,1,26.88
2617,treatment,2026-03-04,0,
2618,control,2026-03-14,0,
2619,control,2026-03-09,0,
2620,treatment,2026-03-12,0,
2621,treatment,2026-03-10,0,
2622,treatment,2026-03-10,0,
2623,treatment,2026-03-10,0,
2624,control,2026-03-01,1,19.1
2625,treatment,2026-03-05,0,
2626,control,2026-03-08,0,
2627,control,2026-03-06,0,
2628,treatment,2026-03-05,0,
2629,treatment,2026-03-06,0,
2630,treatment,2026-03-08,1,71.83
2631,treatment,2026-03-03,0,
2632,control,2026-03-07,0,
2633,control,2026-03-04,0,
2634,control,2026-03-05,0,
2635,control,2026-03-11,0,
2636,control,2026-03-06,0,
2637,control,2026-03-07,0,
2638,control,2026-03-05,0,
2639,treatment,2026-03-09,0,
2640,treatment,2026-03-11,1,29.01
2641,treatment,2026-03-09,0,
2642,treatment,2026-03-01,0,
2643,treatment,2026-03-05,1,48.0
2644,control,2026-03-04,0,
2645,treatment,2026-03-07,0,
2646,control,2026-03-03,0,
2647,control,2026-03-09,0,
2648,control,2026-03-09,0,
2649,control,2026-03-02,0,
2650,treatment,2026-03-06,0,
2651,treatment,2026-03-08,0,
2652,control,2026-03-12,0,
2653,treatment,2026-03-05,0,
2654,treatment,2026-03-02,0,
2655,treatment,2026-03-05,1,14.46
2656,control,2026-03-02,0,
2657,control,2026-03-14,0,
2658,treatment,2026-03-06,0,
2659,treatment,2026-03-01,1,44.73
2660,treatment,2026-03-12,0,
2661,control,2026-03-09,0,
2662,treatment,2026-03-12,0,
2663,treatment,2026-03-12,1,30.8
2664,control,2026-03-14,0,
2665,control,2026-03-01,0,
2666,treatment,2026-03-09,1,13.58
2667,treatment,2026-03-05,0,
2668,control,2026-03-01,0,
2669,control,2026-03-07,0,
2670,treatment,2026-03-02,1,44.55
2671,treatment,2026-03-05,1,52.24
2672,control,2026-03-06,0,
2673,treatment,2026-03-01,0,
2674,treatment,2026-03-11,0,
2675,treatment,2026-03-01,0,
2676,treatment,2026-03-02,0,
2677,control,2026-03-12,0,
2678,treatment,2026-03-07,0,
2679,control,2026-03-04,0,
2680,treatment,2026-03-06,0,
2681,control,2026-03-13,0,
2682,treatment,2026-03-02,0,
2683,treatment,2026-03-09,0,
2684,control,2026-03-01,1,52.96
2685,treatment,2026-03-08,0,
2686,treatment,2026-03-08,0,
2687,treatment,2026-03-12,0,
2688,control,2026-03-11,0,
2689,control,2026-03-01,0,
2690,treatment,2026-03-01,0,
2691,treatment,2026-03-13,0,
2692,control,2026-03-07,0,
2693,control,2026-03-05,0,
2694,control,2026-03-13,1,57.49
2695,treatment,2026-03-03,0,
2696,control,2026-03-02,0,
2697,control,2026-03-01,0,
2698,treatment,2026-03-10,1,65.97
2699,treatment,2026-03-09,0,
2700,control,2026-03-14,0,
2701,control,2026-03-05,1,55.01
2702,treatment,2026-03-07,0,
2703,control,2026-03-13,0,
2704,treatment,2026-03-05,1,59.81
2705,treatment,2026-03-11,0,
2706,control,2026-03-14,0,
2707,control,2026-03-13,0,
2708,treatment,2026-03-14,0,
2709,control,2026-03-05,0,
2710,control,2026-03-06,0,
2711,control,2026-03-03,0,
2712,treatment,2026-03-01,0,
2713,control,2026-03-08,0,
2714,control,2026-03-07,0,
2715,treatment,2026-03-08,0,
2716,control,2026-03-02,1,50.41
2717,control,2026-03-04,0,
2718,control,2026-03-13,0,
2719,treatment,2026-03-13,1,53.9
2720,treatment,2026-03-03,1,30.79
2721,control,2026-03-14,1,18.19
2722,treatment,2026-03-03,0,
2723,control,2026-03-09,0,
2724,treatment,2026-03-12,0,
2725,control,2026-03-09,0,
2726,treatment,2026-03-05,0,
2727,control,2026-03-13,0,
2728,control,2026-03-03,0,
2729,treatment,2026-03-01,0,
2730,treatment,2026-03-05,0,
2731,treatment,2026-03-11,0,
2732,treatment,2026-03-09,0,
2733,control,2026-03-07,1,61.74
2734,control,2026-03-02,0,
2735,treatment,2026-03-11,0,
2736,treatment,2026-03-02,0,
2737,control,2026-03-09,0,
2738,control,2026-03-13,0,
2739,treatment,2026-03-08,0,
2740,treatment,2026-03-07,0,
2741,control,2026-03-14,0,
2742,treatment,2026-03-03,0,
2743,control,2026-03-07,0,
2744,treatment,2026-03-04,0,
2745,control,2026-03-01,1,44.72
2746,control,2026-03-05,0,
2747,control,2026-03-06,0,
2748,treatment,2026-03-06,0,
2749,control,2026-03-02,1,64.65
2750,control,2026-03-02,0,
2751,control,2026-03-12,0,
2752,control,2026-03-14,0,
2753,treatment,2026-03-09,0,
2754,control,2026-03-07,1,36.39
2755,control,2026-03-06,0,
2756,control,2026-03-09,0,
2757,treatment,2026-03-04,0,
2758,treatment,2026-03-07,0,
2759,treatment,2026-03-06,1,55.0
2760,treatment,2026-03-06,0,
2761,treatment,2026-03-04,0,
2762,control,2026-03-10,1,62.04
2763,treatment,2026-03-05,0,
2764,treatment,2026-03-05,1,39.44
2765,control,2026-03-11,0,
2766,control,2026-03-14,0,
2767,treatment,2026-03-05,0,
2768,treatment,2026-03-06,0,
2769,control,2026-03-07,0,
2770,treatment,2026-03-04,0,
2771,control,2026-03-05,0,
2772,control,2026-03-04,0,
2773,treatment,2026-03-02,0,
2774,control,2026-03-11,0,
2775,control,2026-03-04,0,
2776,control,2026-03-07,0,
2777,treatment,2026-03-14,1,19.19
2778,control,2026-03-11,0,
2779,control,2026-03-13,0,
2780,treatment,2026-03-05,0,
2781,control,2026-03-02,0,
2782,control,2026-03-10,0,
2783,treatment,2026-03-14,1,35.1
2784,control,2026-03-10,0,
2785,control,2026-03-14,0,
2786,control,2026-03-02,1,23.69
2787,control,2026-03-06,1,16.17
2788,control,2026-03-13,1,71.43
2789,control,2026-03-01,0,
2790,control,2026-03-03,0,
2791,treatment,2026-03-13,0,
2792,control,2026-03-14,0,
2793,treatment,2026-03-13,0,
2794,treatment,2026-03-05,1,31.56
2795,control,2026-03-11,0,
2796,control,2026-03-10,0,
2797,treatment,2026-03-07,1,51.21
2798,control,2026-03-04,1,65.46
2799,treatment,2026-03-01,0,
2800,control,2026-03-12,0,
2801,treatment,2026-03-09,0,
2802,control,2026-03-05,0,
2803,control,2026-03-09,1,64.28
2804,control,2026-03-01,1,55.22
2805,treatment,2026-03-09,0,
2806,control,2026-03-01,0,
2807,control,2026-03-08,0,
2808,control,2026-03-06,0,
2809,control,2026-03-14,1,74.72
2810,control,2026-03-12,1,32.83
2811,treatment,2026-03-04,0,
2812,treatment,2026-03-03,0,
2813,treatment,2026-03-04,1,72.49
2814,control,2026-03-03,0,
2815,control,2026-03-06,1,28.69
2816,control,2026-03-07,1,45.32
2817,treatment,2026-03-02,0,
2818,treatment,2026-03-03,1,69.33
2819,control,2026-03-13,0,
2820,control,2026-03-05,0,
2821,treatment,2026-03-04,0,
2822,control,2026-03-04,0,
2823,treatment,2026-03-12,0,
2824,treatment,2026-03-09,0,
2825,control,2026-03-11,1,35.48
2826,treatment,2026-03-10,0,
2827,control,2026-03-04,0,
2828,control,2026-03-10,0,
2829,control,2026-03-04,1,52.04
2830,control,2026-03-13,0,
2831,control,2026-03-05,0,
2832,control,2026-03-06,0,
2833,treatment,2026-03-09,0,
2834,treatment,2026-03-14,0,
2835,treatment,2026-03-08,0,
2836,control,2026-03-13,0,
2837,control,2026-03-03,0,
2838,treatment,2026-03-08,0,
2839,control,2026-03-11,0,
2840,treatment,2026-03-10,1,30.96
2841,control,2026-03-03,1,47.79
2842,treatment,2026-03-11,0,
2843,treatment,2026-03-10,0,
2844,treatment,2026-03-05,0,
2845,treatment,2026-03-13,0,
2846,control,2026-03-07,0,
2847,control,2026-03-09,0,
2848,control,2026-03-11,0,
2849,control,2026-03-08,0,
2850,treatment,2026-03-14,0,
2851,treatment,2026-03-10,0,
2852,treatment,2026-03-08,0,
2853,treatment,2026-03-10,0,
2854,treatment,2026-03-03,0,
2855,treatment,2026-03-01,0,
2856,control,2026-03-13,0,
2857,control,2026-03-08,0,
2858,control,2026-03-06,0,
2859,treatment,2026-03-01,0,
2860,treatment,2026-03-06,0,
2861,treatment,2026-03-10,0,
2862,control,2026-03-05,0,
2863,treatment,2026-03-08,0,
2864,control,2026-03-07,0,
2865,treatment,2026-03-14,0,
2866,control,2026-03-11,1,63.46
2867,treatment,2026-03-05,0,
2868,control,2026-03-08,0,
2869,treatment,2026-03-05,0,
2870,control,2026-03-08,0,
2871,treatment,2026-03-05,0,
2872,control,2026-03-08,1,32.02
2873,control,2026-03-06,0,
2874,treatment,2026-03-09,0,
2875,control,2026-03-14,0,
2876,control,2026-03-10,0,
2877,control,2026-03-04,0,
2878,treatment,2026-03-08,0,
2879,control,2026-03-01,1,40.37
2880,control,2026-03-14,0,
2881,treatment,2026-03-01,1,53.87
2882,control,2026-03-05,0,
2883,treatment,2026-03-14,0,
2884,control,2026-03-07,1,66.45
2885,treatment,2026-03-03,0,
2886,control,2026-03-09,0,
2887,treatment,2026-03-09,0,
2888,treatment,2026-03-04,1,39.64
2889,treatment,2026-03-10,0,
2890,treatment,2026-03-12,1,60.58
2891,control,2026-03-06,0,
2892,treatment,2026-03-06,0,
2893,control,2026-03-08,0,
2894,treatment,2026-03-01,0,
2895,control,2026-03-03,0,
2896,control,2026-03-04,0,
2897,treatment,2026-03-14,0,
2898,treatment,2026-03-01,0,
2899,control,2026-03-09,1,35.16
2900,control,2026-03-12,0,
2901,control,2026-03-02,0,
2902,control,2026-03-02,1,42.46
2903,treatment,2026-03-03,0,
2904,treatment,2026-03-10,0,
2905,control,2026-03-13,0,
2906,control,2026-03-14,0,
2907,treatment,2026-03-11,0,
2908,control,2026-03-04,0,
2909,treatment,2026-03-06,0,
2910,treatment,2026-03-13,0,
2911,control,2026-03-05,0,
2912,control,2026-03-08,0,
2913,control,2026-03-05,0,
2914,treatment,2026-03-09,0,
2915,control,2026-03-04,0,
2916,control,2026-03-09,0,
2917,control,2026-03-09,0,
2918,control,2026-03-11,1,34.48
2919,treatment,2026-03-05,0,
2920,treatment,2026-03-12,1,91.1
2921,control,2026-03-03,0,
2922,control,2026-03-04,1,44.43
2923,treatment,2026-03-06,0,
2924,control,2026-03-12,0,
2925,control,2026-03-07,0,
2926,control,2026-03-13,0,
2927,control,2026-03-04,1,35.83
2928,control,2026-03-04,0,
2929,treatment,2026-03-08,0,
2930,treatment,2026-03-01,0,
2931,treatment,2026-03-12,0,
2932,treatment,2026-03-10,0,
2933,treatment,2026-03-01,0,
2934,treatment,2026-03-13,0,
2935,treatment,2026-03-06,0,
2936,control,2026-03-13,0,
2937,treatment,2026-03-07,0,
2938,control,2026-03-10,0,
2939,control,2026-03-11,0,
2940,control,2026-03-07,1,41.13
2941,treatment,2026-03-04,0,
2942,treatment,2026-03-02,1,71.4
2943,control,2026-03-06,0,
2944,control,2026-03-06,1,51.49
2945,treatment,2026-03-09,0,
2946,control,2026-03-03,0,
2947,control,2026-03-06,1,31.58
2948,treatment,2026-03-07,0,
2949,treatment,2026-03-06,1,30.24
2950,treatment,2026-03-06,0,
2951,treatment,2026-03-02,0,
2952,treatment,2026-03-10,0,
2953,treatment,2026-03-08,1,40.12
2954,control,2026-03-09,0,
2955,treatment,2026-03-09,1,39.04
2956,treatment,2026-03-05,0,
2957,control,2026-03-03,0,
2958,control,2026-03-07,1,28.57
2959,control,2026-03-04,0,
2960,control,2026-03-03,0,
2961,treatment,2026-03-11,0,
2962,control,2026-03-06,0,
2963,control,2026-03-08,0,
2964,control,2026-03-12,0,
2965,control,2026-03-07,0,
2966,treatment,2026-03-01,0,
2967,control,2026-03-11,0,
2968,treatment,2026-03-04,0,
2969,treatment,2026-03-05,0,
2970,control,2026-03-05,1,32.73
2971,treatment,2026-03-07,0,
2972,control,2026-03-14,0,
2973,treatment,2026-03-10,0,
2974,control,2026-03-04,0,
2975,treatment,2026-03-10,1,30.37
2976,treatment,2026-03-02,0,
2977,treatment,2026-03-13,0,
2978,control,2026-03-09,0,
2979,treatment,2026-03-14,0,
2980,treatment,2026-03-13,0,
2981,treatment,2026-03-07,1,39.04
2982,control,2026-03-12,0,
2983,control,2026-03-09,0,
2984,treatment,2026-03-05,1,17.61
2985,treatment,2026-03-08,0,
2986,control,2026-03-14,0,
2987,treatment,2026-03-14,0,
2988,control,2026-03-12,0,
2989,control,2026-03-04,1,57.69
2990,control,2026-03-08,0,
2991,treatment,2026-03-01,1,64.04
2992,control,2026-03-03,1,25.71
2993,control,2026-03-04,1,55.6
2994,treatment,2026-03-05,0,
2995,treatment,2026-03-10,0,
2996,control,2026-03-09,0,
2997,control,2026-03-11,0,
2998,control,2026-03-08,0,
2999,control,2026-03-06,0,
3000,treatment,2026-03-12,0,
3001,treatment,2026-03-13,0,
3002,treatment,2026-03-13,0,
3003,treatment,2026-03-01,0,
3004,control,2026-03-07,0,
3005,treatment,2026-03-08,0,
3006,control,2026-03-04,0,
3007,treatment,2026-03-12,0,
3008,control,2026-03-08,0,
3009,control,2026-03-03,0,
3010,control,2026-03-07,0,
3011,control,2026-03-04,0,
3012,treatment,2026-03-10,0,
3013,treatment,2026-03-14,0,
3014,control,2026-03-07,0,
3015,control,2026-03-10,0,
3016,control,2026-03-02,0,
3017,control,2026-03-05,0,
3018,treatment,2026-03-01,0,
3019,control,2026-03-14,1,68.19
3020,treatment,2026-03-04,0,
3021,treatment,2026-03-13,0,
3022,control,2026-03-03,0,
3023,treatment,2026-03-01,0,
3024,treatment,2026-03-06,0,
3025,treatment,2026-03-06,1,35.5
3026,control,2026-03-08,0,
3027,control,2026-03-13,0,
3028,treatment,2026-03-11,0,
3029,treatment,2026-03-13,0,
3030,treatment,2026-03-03,0,
3031,control,2026-03-10,0,
3032,treatment,2026-03-10,0,
3033,control,2026-03-11,1,20.37
3034,control,2026-03-01,0,
3035,control,2026-03-10,0,
3036,treatment,2026-03-02,1,60.03
3037,treatment,2026-03-03,1,32.07
3038,treatment,2026-03-01,0,
3039,treatment,2026-03-04,0,
3040,control,2026-03-08,0,
3041,treatment,2026-03-11,0,
3042,treatment,2026-03-03,1,88.2
3043,control,2026-03-11,1,28.75
3044,treatment,2026-03-14,0,
3045,treatment,2026-03-03,0,
3046,control,2026-03-06,0,
3047,treatment,2026-03-04,0,
3048,control,2026-03-11,0,
3049,treatment,2026-03-01,0,
3050,control,2026-03-09,0,
3051,treatment,2026-03-11,1,65.45
3052,treatment,2026-03-13,0,
3053,control,2026-03-10,0,
3054,control,2026-03-01,1,51.33
3055,treatment,2026-03-07,0,
3056,control,2026-03-03,1,65.61
3057,treatment,2026-03-01,0,
3058,control,2026-03-01,0,
3059,control,2026-03-11,0,
3060,treatment,2026-03-09,0,
3061,control,2026-03-01,0,
3062,treatment,2026-03-14,0,
3063,control,2026-03-11,0,
3064,control,2026-03-13,0,
3065,control,2026-03-08,1,48.04
3066,control,2026-03-02,0,
3067,treatment,2026-03-08,0,
3068,control,2026-03-07,0,
3069,treatment,2026-03-04,1,62.58
3070,control,2026-03-07,0,
3071,control,2026-03-14,0,
3072,control,2026-03-03,0,
3073,treatment,2026-03-08,1,35.71
3074,treatment,2026-03-09,0,
3075,control,2026-03-03,0,
3076,control,2026-03-09,0,
3077,control,2026-03-02,1,20.88
3078,control,2026-03-13,0,
3079,treatment,2026-03-03,0,
3080,treatment,2026-03-05,0,
3081,control,2026-03-14,0,
3082,treatment,2026-03-07,0,
3083,control,2026-03-05,1,60.76
3084,treatment,2026-03-01,1,20.61
3085,control,2026-03-10,0,
3086,treatment,2026-03-06,0,
3087,control,2026-03-09,0,
3088,control,2026-03-07,0,
3089,treatment,2026-03-02,0,
3090,control,2026-03-01,0,
3091,control,2026-03-12,0,
3092,treatment,2026-03-01,0,
3093,treatment,2026-03-08,1,25.55
3094,control,2026-03-07,0,
3095,treatment,2026-03-06,0,
3096,control,2026-03-08,0,
3097,treatment,2026-03-05,0,
3098,control,2026-03-06,0,
3099,control,2026-03-06,0,
3100,treatment,2026-03-07,0,
3101,treatment,2026-03-14,0,
3102,treatment,2026-03-07,0,
3103,control,2026-03-14,0,
3104,control,2026-03-14,0,
3105,control,2026-03-09,1,31.85
3106,control,2026-03-05,0,
3107,treatment,2026-03-04,0,
3108,control,2026-03-01,0,
3109,treatment,2026-03-08,0,
3110,control,2026-03-07,0,
3111,treatment,2026-03-06,0,
3112,treatment,2026-03-08,0,
3113,control,2026-03-08,0,
3114,control,2026-03-01,0,
3115,control,2026-03-12,0,
3116,control,2026-03-02,0,
3117,treatment,2026-03-01,0,
3118,control,2026-03-06,0,
3119,treatment,2026-03-14,0,
3120,control,2026-03-11,0,
3121,control,2026-03-08,0,
3122,control,2026-03-07,0,
3123,control,2026-03-01,1,51.33
3124,treatment,2026-03-07,0,
3125,treatment,2026-03-11,0,
3126,control,2026-03-11,0,
3127,control,2026-03-10,0,
3128,treatment,2026-03-03,0,
3129,control,2026-03-05,0,
3130,treatment,2026-03-06,0,
3131,control,2026-03-04,0,
3132,treatment,2026-03-08,0,
3133,treatment,2026-03-02,0,
3134,control,2026-03-12,0,
3135,treatment,2026-03-08,0,
3136,treatment,2026-03-09,0,
3137,control,2026-03-08,0,
3138,control,2026-03-02,0,
3139,control,2026-03-02,0,
3140,treatment,2026-03-02,1,23.13
3141,treatment,2026-03-04,0,
3142,treatment,2026-03-12,1,47.6
3143,control,2026-03-12,0,
3144,control,2026-03-13,0,
3145,treatment,2026-03-03,1,46.76
3146,treatment,2026-03-11,0,
3147,treatment,2026-03-12,0,
3148,treatment,2026-03-12,0,
3149,control,2026-03-03,0,
3150,treatment,2026-03-10,0,
3151,control,2026-03-02,0,
3152,control,2026-03-12,0,
3153,control,2026-03-01,0,
3154,control,2026-03-07,0,
3155,treatment,2026-03-14,0,
3156,control,2026-03-11,1,29.57
3157,control,2026-03-12,0,
3158,control,2026-03-04,0,
3159,control,2026-03-09,1,56.63
3160,control,2026-03-05,0,
3161,control,2026-03-13,0,
3162,treatment,2026-03-09,0,
3163,control,2026-03-12,0,
3164,treatment,2026-03-12,0,
3165,treatment,2026-03-12,0,
3166,control,2026-03-13,0,
3167,treatment,2026-03-07,0,
3168,treatment,2026-03-03,0,
3169,treatment,2026-03-03,0,
3170,treatment,2026-03-08,1,20.01
3171,treatment,2026-03-09,0,
3172,treatment,2026-03-07,0,
3173,treatment,2026-03-10,0,
3174,treatment,2026-03-03,1,52.38
3175,control,2026-03-09,0,
3176,control,2026-03-13,0,
3177,treatment,2026-03-01,0,
3178,control,2026-03-05,1,34.95
3179,control,2026-03-14,0,
3180,treatment,2026-03-11,0,
3181,treatment,2026-03-14,0,
3182,control,2026-03-03,0,
3183,treatment,2026-03-13,1,55.75
3184,treatment,2026-03-12,1,29.84
3185,treatment,2026-03-13,0,
3186,control,2026-03-09,0,
3187,treatment,2026-03-13,1,39.71
3188,treatment,2026-03-10,1,35.22
3189,control,2026-03-08,0,
3190,control,2026-03-06,0,
3191,treatment,2026-03-12,0,
3192,control,2026-03-08,1,25.45
3193,control,2026-03-12,1,43.53
3194,control,2026-03-03,0,
3195,treatment,2026-03-05,0,
3196,control,2026-03-04,0,
3197,control,2026-03-02,0,
3198,control,2026-03-03,0,
3199,treatment,2026-03-08,0,
3200,control,2026-03-03,1,39.69
3201,treatment,2026-03-09,0,
3202,control,2026-03-08,1,67.29
3203,treatment,2026-03-12,0,
3204,control,2026-03-06,0,
3205,control,2026-03-10,1,45.06
3206,control,2026-03-14,0,
3207,treatment,2026-03-01,0,
3208,control,2026-03-13,1,73.82
3209,treatment,2026-03-01,0,
3210,control,2026-03-11,0,
3211,treatment,2026-03-02,0,
3212,control,2026-03-07,0,
3213,treatment,2026-03-03,0,
3214,control,2026-03-14,0,
3215,control,2026-03-09,0,
3216,control,2026-03-11,0,
3217,treatment,2026-03-12,0,
3218,treatment,2026-03-03,0,
3219,treatment,2026-03-06,0,
3220,treatment,2026-03-06,1,39.51
3221,control,2026-03-07,0,
3222,control,2026-03-07,0,
3223,control,2026-03-03,0,
3224,control,2026-03-11,0,
3225,treatment,2026-03-09,0,
3226,control,2026-03-06,0,
3227,treatment,2026-03-03,1,58.84
3228,treatment,2026-03-11,0,
3229,treatment,2026-03-02,0,
3230,control,2026-03-05,1,38.2
3231,control,2026-03-09,1,49.14
3232,control,2026-03-02,1,40.0
3233,treatment,2026-03-10,0,
3234,treatment,2026-03-01,0,
3235,treatment,2026-03-09,0,
3236,control,2026-03-05,0,
3237,control,2026-03-07,0,
3238,treatment,2026-03-14,0,
3239,control,2026-03-07,0,
3240,control,2026-03-13,0,
3241,control,2026-03-09,0,
3242,control,2026-03-01,0,
3243,treatment,2026-03-01,0,
3244,control,2026-03-02,0,
3245,treatment,2026-03-01,0,
3246,treatment,2026-03-04,1,57.15
3247,treatment,2026-03-01,0,
3248,treatment,2026-03-07,0,
3249,treatment,2026-03-06,0,
3250,treatment,2026-03-07,0,
3251,treatment,2026-03-12,0,
3252,treatment,2026-03-08,0,
3253,control,2026-03-14,0,
3254,control,2026-03-13,0,
3255,treatment,2026-03-09,1,53.76
3256,treatment,2026-03-12,0,
3257,control,2026-03-02,0,
3258,treatment,2026-03-09,0,
3259,control,2026-03-02,0,
3260,control,2026-03-02,0,
3261,treatment,2026-03-06,0,
3262,control,2026-03-13,0,
3263,treatment,2026-03-02,0,
3264,control,2026-03-05,0,
3265,treatment,2026-03-12,0,
3266,treatment,2026-03-07,0,
3267,treatment,2026-03-01,1,44.26
3268,control,2026-03-13,0,
3269,control,2026-03-01,0,
3270,control,2026-03-01,0,
3271,treatment,2026-03-07,0,
3272,control,2026-03-07,0,
3273,treatment,2026-03-01,0,
3274,treatment,2026-03-03,1,51.95
3275,control,2026-03-13,0,
3276,control,2026-03-12,0,
3277,treatment,2026-03-07,1,54.34
3278,control,2026-03-14,1,29.95
3279,treatment,2026-03-11,0,
3280,treatment,2026-03-06,0,
3281,treatment,2026-03-02,0,
3282,treatment,2026-03-07,0,
3283,treatment,2026-03-01,0,
3284,treatment,2026-03-07,0,
3285,treatment,2026-03-02,0,
3286,treatment,2026-03-04,0,
3287,treatment,2026-03-12,0,
3288,control,2026-03-08,0,
3289,control,2026-03-06,0,
3290,treatment,2026-03-10,0,
3291,treatment,2026-03-05,0,
3292,control,2026-03-05,0,
3293,treatment,2026-03-13,0,
3294,control,2026-03-12,0,
3295,control,2026-03-09,1,36.54
3296,treatment,2026-03-02,1,49.22
3297,control,2026-03-11,0,
3298,control,2026-03-01,1,36.72
3299,control,2026-03-07,0,
3300,control,2026-03-02,1,21.37
3301,control,2026-03-10,1,41.86
3302,treatment,2026-03-11,0,
3303,treatment,2026-03-14,1,25.2
3304,treatment,2026-03-07,0,
3305,control,2026-03-03,0,
3306,control,2026-03-02,0,
3307,treatment,2026-03-11,0,
3308,treatment,2026-03-11,0,
3309,control,2026-03-09,0,
3310,treatment,2026-03-06,0,
3311,control,2026-03-14,0,
3312,treatment,2026-03-10,1,44.45
3313,treatment,2026-03-01,0,
3314,control,2026-03-08,1,26.25
3315,control,2026-03-14,1,26.86
3316,control,2026-03-11,0,
3317,treatment,2026-03-07,0,
3318,treatment,2026-03-08,1,47.86
3319,control,2026-03-08,0,
3320,control,2026-03-01,0,
3321,control,2026-03-05,0,
3322,control,2026-03-12,0,
3323,control,2026-03-10,0,
3324,control,2026-03-09,0,
3325,control,2026-03-06,1,65.69
3326,control,2026-03-01,0,
3327,treatment,2026-03-06,0,
3328,control,2026-03-07,0,
3329,control,2026-03-13,0,
3330,control,2026-03-03,0,
3331,treatment,2026-03-03,0,
3332,control,2026-03-06,0,
3333,treatment,2026-03-04,0,
3334,control,2026-03-06,1,40.99
3335,treatment,2026-03-04,0,
3336,control,2026-03-04,1,22.41
3337,control,2026-03-14,0,
3338,control,2026-03-12,1,46.72
3339,treatment,2026-03-11,0,
3340,treatment,2026-03-11,1,30.44
3341,treatment,2026-03-11,0,
3342,control,2026-03-07,0,
3343,treatment,2026-03-09,0,
3344,control,2026-03-02,0,
3345,control,2026-03-01,1,26.2
3346,treatment,2026-03-05,0,
3347,treatment,2026-03-01,0,
3348,treatment,2026-03-01,0,
3349,treatment,2026-03-06,0,
3350,control,2026-03-08,0,
3351,control,2026-03-11,0,
3352,control,2026-03-13,0,
3353,treatment,2026-03-01,0,
3354,treatment,2026-03-14,0,
3355,treatment,2026-03-11,0,
3356,treatment,2026-03-11,0,
3357,control,2026-03-11,0,
3358,control,2026-03-10,0,
3359,treatment,2026-03-09,0,
3360,treatment,2026-03-07,0,
3361,control,2026-03-06,0,
3362,treatment,2026-03-05,0,
3363,control,2026-03-07,1,36.66
3364,control,2026-03-06,0,
3365,treatment,2026-03-14,0,
3366,control,2026-03-03,0,
3367,treatment,2026-03-08,0,
3368,treatment,2026-03-08,0,
3369,control,2026-03-10,0,
3370,treatment,2026-03-14,0,
3371,control,2026-03-11,0,
3372,control,2026-03-03,0,
3373,treatment,2026-03-14,0,
3374,treatment,2026-03-05,0,
3375,control,2026-03-04,0,
3376,control,2026-03-14,0,
3377,treatment,2026-03-04,0,
3378,control,2026-03-03,0,
3379,control,2026-03-04,0,
3380,control,2026-03-12,0,
3381,control,2026-03-14,0,
3382,control,2026-03-14,0,
3383,control,2026-03-08,0,
3384,control,2026-03-12,0,
3385,control,2026-03-06,0,
3386,control,2026-03-03,0,
3387,treatment,2026-03-08,0,
3388,control,2026-03-11,1,47.9
3389,control,2026-03-01,0,
3390,control,2026-03-01,0,
3391,treatment,2026-03-04,0,
3392,control,2026-03-05,0,
3393,control,2026-03-02,0,
3394,treatment,2026-03-05,0,
3395,treatment,2026-03-05,0,
3396,treatment,2026-03-13,0,
3397,treatment,2026-03-09,0,
3398,control,2026-03-06,0,
3399,control,2026-03-08,0,
3400,control,2026-03-04,1,37.04
3401,treatment,2026-03-14,1,48.87
3402,treatment,2026-03-09,0,
3403,control,2026-03-04,0,
3404,control,2026-03-01,1,79.85
3405,control,2026-03-02,1,43.08
3406,treatment,2026-03-11,0,
3407,treatment,2026-03-10,0,
3408,treatment,2026-03-03,1,30.45
3409,control,2026-03-04,0,
3410,treatment,2026-03-11,0,
3411,control,2026-03-03,0,
3412,treatment,2026-03-05,0,
3413,control,2026-03-07,1,44.43
3414,treatment,2026-03-12,0,
3415,control,2026-03-09,0,
3416,control,2026-03-04,0,
3417,control,2026-03-14,0,
3418,control,2026-03-10,1,54.57
3419,control,2026-03-11,0,
3420,treatment,2026-03-12,0,
3421,control,2026-03-12,0,
3422,treatment,2026-03-03,0,
3423,control,2026-03-05,0,
3424,treatment,2026-03-11,0,
3425,treatment,2026-03-08,0,
3426,treatment,2026-03-02,0,
3427,treatment,2026-03-10,0,
3428,control,2026-03-14,0,
3429,treatment,2026-03-14,0,
3430,control,2026-03-13,0,
3431,treatment,2026-03-05,0,
3432,treatment,2026-03-13,1,41.73
3433,control,2026-03-08,0,
3434,treatment,2026-03-03,0,
3435,control,2026-03-12,0,
3436,control,2026-03-13,0,
3437,control,2026-03-01,0,
3438,control,2026-03-05,0,
3439,control,2026-03-04,0,
3440,treatment,2026-03-04,0,
3441,control,2026-03-14,0,
3442,control,2026-03-12,0,
3443,treatment,2026-03-08,1,45.58
3444,treatment,2026-03-10,1,27.52
3445,control,2026-03-08,0,
3446,control,2026-03-09,0,
3447,treatment,2026-03-01,0,
3448,treatment,2026-03-03,0,
3449,control,2026-03-04,0,
3450,control,2026-03-09,0,
3451,treatment,2026-03-08,0,
3452,treatment,2026-03-03,0,
3453,treatment,2026-03-06,0,
3454,treatment,2026-03-01,0,
3455,control,2026-03-08,0,
3456,treatment,2026-03-05,0,
3457,control,2026-03-08,0,
3458,treatment,2026-03-14,0,
3459,treatment,2026-03-02,0,
3460,control,2026-03-09,0,
3461,treatment,2026-03-12,0,
3462,control,2026-03-01,0,
3463,control,2026-03-06,0,
3464,control,2026-03-03,0,
3465,control,2026-03-05,1,95.84
3466,control,2026-03-09,0,
3467,control,2026-03-01,0,
3468,control,2026-03-02,0,
3469,treatment,2026-03-11,0,
3470,control,2026-03-11,0,
3471,treatment,2026-03-08,0,
3472,control,2026-03-07,0,
3473,control,2026-03-13,0,
3474,control,2026-03-05,0,
3475,control,2026-03-12,1,35.41
3476,control,2026-03-12,0,
3477,control,2026-03-14,0,
3478,treatment,2026-03-03,0,
3479,control,2026-03-04,0,
3480,control,2026-03-02,0,
3481,treatment,2026-03-11,0,
3482,control,2026-03-12,0,
3483,treatment,2026-03-03,0,
3484,control,2026-03-09,0,
3485,control,2026-03-14,1,29.38
3486,treatment,2026-03-04,0,
3487,treatment,2026-03-05,0,
3488,treatment,2026-03-10,1,78.79
3489,treatment,2026-03-03,1,52.59
3490,control,2026-03-04,1,40.67
3491,control,2026-03-02,0,
3492,treatment,2026-03-06,0,
3493,control,2026-03-07,0,
3494,control,2026-03-08,0,
3495,treatment,2026-03-12,0,
3496,treatment,2026-03-11,0,
3497,treatment,2026-03-06,0,
3498,control,2026-03-04,0,
3499,treatment,2026-03-08,0,
3500,treatment,2026-03-10,0,
3501,control,2026-03-06,0,
3502,treatment,2026-03-09,0,
3503,treatment,2026-03-01,0,
3504,control,2026-03-06,0,
3505,control,2026-03-06,0,
3506,treatment,2026-03-12,0,
3507,treatment,2026-03-06,0,
3508,treatment,2026-03-03,0,
3509,treatment,2026-03-05,0,
3510,treatment,2026-03-13,0,
3511,treatment,2026-03-12,0,
3512,control,2026-03-14,0,
3513,treatment,2026-03-07,0,
3514,control,2026-03-14,1,49.16
3515,control,2026-03-10,0,
3516,control,2026-03-01,0,
3517,control,2026-03-09,1,29.38
3518,treatment,2026-03-09,0,
3519,control,2026-03-11,0,
3520,control,2026-03-02,0,
3521,control,2026-03-08,0,
3522,treatment,2026-03-11,1,39.38
3523,control,2026-03-06,0,
3524,control,2026-03-07,0,
3525,control,2026-03-10,0,
3526,control,2026-03-13,1,26.59
3527,treatment,2026-03-03,0,
3528,control,2026-03-09,0,
3529,control,2026-03-08,0,
3530,control,2026-03-14,0,
3531,treatment,2026-03-07,0,
3532,control,2026-03-01,0,
3533,control,2026-03-04,0,
3534,treatment,2026-03-04,1,63.55
3535,control,2026-03-10,0,
3536,control,2026-03-13,0,
3537,control,2026-03-07,0,
3538,control,2026-03-02,0,
3539,control,2026-03-10,0,
3540,control,2026-03-12,0,
3541,treatment,2026-03-08,0,
3542,treatment,2026-03-11,0,
3543,control,2026-03-14,0,
3544,control,2026-03-02,0,
3545,control,2026-03-09,0,
3546,treatment,2026-03-10,1,67.79
3547,treatment,2026-03-12,0,
3548,treatment,2026-03-04,0,
3549,control,2026-03-10,0,
3550,control,2026-03-11,0,
3551,control,2026-03-02,0,
3552,control,2026-03-07,0,
3553,treatment,2026-03-09,0,
3554,treatment,2026-03-02,0,
3555,control,2026-03-14,0,
3556,treatment,2026-03-09,0,
3557,control,2026-03-02,0,
3558,control,2026-03-06,0,
3559,treatment,2026-03-13,1,27.09
3560,treatment,2026-03-12,0,
3561,treatment,2026-03-01,0,
3562,treatment,2026-03-12,0,
3563,treatment,2026-03-06,1,63.57
3564,treatment,2026-03-02,0,
3565,treatment,2026-03-05,1,32.52
3566,treatment,2026-03-12,0,
3567,control,2026-03-02,0,
3568,control,2026-03-01,0,
3569,treatment,2026-03-11,0,
3570,control,2026-03-11,0,
3571,control,2026-03-10,0,
3572,control,2026-03-11,0,
3573,control,2026-03-08,0,
3574,control,2026-03-02,0,
3575,control,2026-03-08,0,
3576,control,2026-03-03,1,24.6
3577,treatment,2026-03-04,0,
3578,treatment,2026-03-01,0,
3579,treatment,2026-03-11,0,
3580,control,2026-03-09,0,
3581,control,2026-03-05,0,
3582,treatment,2026-03-07,0,
3583,treatment,2026-03-11,0,
3584,control,2026-03-13,0,
3585,treatment,2026-03-06,0,
3586,treatment,2026-03-01,0,
3587,treatment,2026-03-11,0,
3588,control,2026-03-02,0,
3589,treatment,2026-03-07,0,
3590,control,2026-03-08,1,33.08
3591,treatment,2026-03-03,0,
3592,treatment,2026-03-10,0,
3593,treatment,2026-03-05,0,
3594,control,2026-03-02,0,
3595,treatment,2026-03-02,0,
3596,treatment,2026-03-07,0,
3597,control,2026-03-06,0,
3598,treatment,2026-03-14,0,
3599,treatment,2026-03-03,0,
3600,control,2026-03-10,0,
3601,treatment,2026-03-02,0,
3602,treatment,2026-03-14,0,
3603,control,2026-03-06,0,
3604,control,2026-03-14,0,
3605,control,2026-03-10,0,
3606,control,2026-03-13,0,
3607,treatment,2026-03-05,0,
3608,treatment,2026-03-10,0,
3609,treatment,2026-03-01,0,
3610,treatment,2026-03-11,0,
3611,treatment,2026-03-12,0,
3612,treatment,2026-03-12,0,
3613,treatment,2026-03-13,1,24.69
3614,treatment,2026-03-07,0,
3615,control,2026-03-04,0,
3616,treatment,2026-03-01,0,
3617,control,2026-03-09,0,
3618,control,2026-03-10,0,
3619,control,2026-03-11,1,46.69
3620,control,2026-03-07,0,
3621,control,2026-03-06,0,
3622,control,2026-03-11,0,
3623,control,2026-03-09,0,
3624,control,2026-03-12,1,47.85
3625,control,2026-03-09,0,
3626,treatment,2026-03-09,0,
3627,control,2026-03-06,1,43.57
3628,control,2026-03-06,1,79.67
3629,control,2026-03-08,0,
3630,treatment,2026-03-13,0,
3631,treatment,2026-03-02,0,
3632,treatment,2026-03-05,0,
3633,control,2026-03-06,0,
3634,treatment,2026-03-11,0,
3635,control,2026-03-05,0,
3636,control,2026-03-07,0,
3637,control,2026-03-10,1,73.99
3638,treatment,2026-03-13,0,
3639,treatment,2026-03-13,0,
3640,control,2026-03-12,1,86.39
3641,treatment,2026-03-02,0,
3642,treatment,2026-03-14,0,
3643,control,2026-03-08,0,
3644,control,2026-03-04,0,
3645,control,2026-03-05,0,
3646,control,2026-03-14,0,
3647,control,2026-03-10,0,
3648,control,2026-03-02,0,
3649,control,2026-03-04,0,
3650,control,2026-03-08,0,
3651,control,2026-03-14,0,
3652,control,2026-03-11,0,
3653,control,2026-03-01,0,
3654,treatment,2026-03-06,0,
3655,control,2026-03-10,0,
3656,treatment,2026-03-01,0,
3657,treatment,2026-03-06,0,
3658,control,2026-03-08,1,34.33
3659,control,2026-03-03,0,
3660,treatment,2026-03-01,0,
3661,treatment,2026-03-01,0,
3662,control,2026-03-14,1,44.37
3663,treatment,2026-03-13,0,
3664,control,2026-03-02,1,40.83
3665,treatment,2026-03-09,0,
3666,treatment,2026-03-05,0,
3667,control,2026-03-11,1,33.82
3668,control,2026-03-06,0,
3669,treatment,2026-03-03,0,
3670,control,2026-03-04,0,
3671,treatment,2026-03-10,0,
3672,treatment,2026-03-07,0,
3673,treatment,2026-03-09,1,25.98
3674,treatment,2026-03-03,1,19.86
3675,control,2026-03-07,0,
3676,treatment,2026-03-07,1,55.08
3677,control,2026-03-11,0,
3678,control,2026-03-11,0,
3679,treatment,2026-03-10,0,
3680,treatment,2026-03-03,0,
3681,control,2026-03-14,0,
3682,control,2026-03-04,0,
3683,treatment,2026-03-01,1,32.46
3684,control,2026-03-08,0,
3685,treatment,2026-03-08,0,
3686,control,2026-03-03,0,
3687,treatment,2026-03-06,0,
3688,treatment,2026-03-11,0,
3689,control,2026-03-06,0,
3690,control,2026-03-13,0,
3691,treatment,2026-03-14,0,
3692,control,2026-03-14,0,
3693,control,2026-03-10,0,
3694,control,2026-03-14,0,
3695,treatment,2026-03-09,0,
3696,control,2026-03-08,1,61.88
3697,treatment,2026-03-07,0,
3698,control,2026-03-11,0,
3699,treatment,2026-03-08,0,
3700,control,2026-03-06,0,
3701,control,2026-03-05,1,42.95
3702,treatment,2026-03-11,0,
3703,treatment,2026-03-05,0,
3704,control,2026-03-02,0,
3705,control,2026-03-03,0,
3706,treatment,2026-03-08,0,
3707,control,2026-03-08,0,
3708,control,2026-03-12,1,66.82
3709,treatment,2026-03-14,0,
3710,treatment,2026-03-04,0,
3711,treatment,2026-03-06,0,
3712,control,2026-03-11,0,
3713,control,2026-03-12,0,
3714,treatment,2026-03-04,1,33.3
3715,control,2026-03-04,0,
3716,treatment,2026-03-11,0,
3717,treatment,2026-03-13,1,27.69
3718,control,2026-03-08,1,95.18
3719,control,2026-03-12,0,
3720,control,2026-03-12,0,
3721,treatment,2026-03-09,1,65.91
3722,treatment,2026-03-01,0,
3723,control,2026-03-05,0,
3724,control,2026-03-01,0,
3725,treatment,2026-03-10,1,39.07
3726,treatment,2026-03-14,0,
3727,treatment,2026-03-13,1,63.29
3728,treatment,2026-03-08,0,
3729,treatment,2026-03-06,0,
3730,control,2026-03-04,0,
3731,control,2026-03-11,0,
3732,control,2026-03-03,1,51.08
3733,control,2026-03-09,0,
3734,treatment,2026-03-14,0,
3735,treatment,2026-03-13,0,
3736,control,2026-03-02,0,
3737,control,2026-03-04,0,
3738,control,2026-03-05,0,
3739,control,2026-03-14,0,
3740,control,2026-03-14,0,
3741,treatment,2026-03-08,0,
3742,control,2026-03-08,0,
3743,control,2026-03-06,1,60.84
3744,treatment,2026-03-09,1,21.77
3745,control,2026-03-14,0,
3746,control,2026-03-04,0,
3747,control,2026-03-07,0,
3748,control,2026-03-06,0,
3749,treatment,2026-03-05,0,
3750,control,2026-03-06,0,
3751,control,2026-03-02,0,
3752,treatment,2026-03-08,0,
3753,treatment,2026-03-10,0,
3754,control,2026-03-12,0,
3755,treatment,2026-03-05,0,
3756,control,2026-03-04,0,
3757,control,2026-03-12,1,74.54
3758,control,2026-03-04,0,
3759,control,2026-03-01,0,
3760,control,2026-03-11,0,
3761,treatment,2026-03-03,0,
3762,control,2026-03-04,0,
3763,control,2026-03-04,0,
3764,treatment,2026-03-05,0,
3765,treatment,2026-03-12,0,
3766,treatment,2026-03-09,1,47.9
3767,control,2026-03-14,0,
3768,treatment,2026-03-12,0,
3769,control,2026-03-14,0,
3770,treatment,2026-03-14,1,28.4
3771,treatment,2026-03-10,0,
3772,control,2026-03-11,0,
3773,control,2026-03-02,1,43.96
3774,treatment,2026-03-03,0,
3775,control,2026-03-03,0,
3776,treatment,2026-03-14,1,39.0
3777,treatment,2026-03-14,0,
3778,treatment,2026-03-05,0,
3779,treatment,2026-03-11,0,
3780,treatment,2026-03-12,0,
3781,control,2026-03-03,0,
3782,treatment,2026-03-11,0,
3783,treatment,2026-03-03,0,
3784,control,2026-03-07,0,
3785,treatment,2026-03-03,0,
3786,control,2026-03-04,1,38.0
3787,control,2026-03-06,0,
3788,treatment,2026-03-06,1,15.65
3789,treatment,2026-03-03,0,
3790,treatment,2026-03-01,0,
3791,control,2026-03-08,0,
3792,control,2026-03-02,1,65.55
3793,treatment,2026-03-09,0,
3794,treatment,2026-03-08,0,
3795,treatment,2026-03-05,0,
3796,control,2026-03-07,0,
3797,treatment,2026-03-07,0,
3798,control,2026-03-02,1,42.17
3799,treatment,2026-03-10,0,
3800,control,2026-03-11,0,
3801,control,2026-03-13,0,
3802,control,2026-03-01,1,31.89
3803,treatment,2026-03-01,0,
3804,control,2026-03-14,0,
3805,treatment,2026-03-11,0,
3806,control,2026-03-01,0,
3807,control,2026-03-11,1,34.85
3808,treatment,2026-03-04,0,
3809,control,2026-03-03,0,
3810,control,2026-03-05,0,
3811,treatment,2026-03-01,0,
3812,treatment,2026-03-05,1,32.76
3813,treatment,2026-03-14,0,
3814,treatment,2026-03-10,0,
3815,treatment,2026-03-04,0,
3816,treatment,2026-03-13,0,
3817,treatment,2026-03-06,0,
3818,treatment,2026-03-05,0,
3819,control,2026-03-09,0,
3820,treatment,2026-03-12,0,
3821,control,2026-03-06,0,
3822,control,2026-03-10,0,
3823,treatment,2026-03-14,0,
3824,control,2026-03-02,0,
3825,treatment,2026-03-13,0,
3826,treatment,2026-03-14,0,
3827,control,2026-03-05,1,48.77
3828,treatment,2026-03-08,0,
3829,control,2026-03-12,0,
3830,control,2026-03-14,0,
3831,control,2026-03-04,0,
3832,treatment,2026-03-04,0,
3833,treatment,2026-03-01,0,
3834,control,2026-03-01,0,
3835,treatment,2026-03-06,0,
3836,control,2026-03-07,0,
3837,treatment,2026-03-02,0,
3838,control,2026-03-12,1,37.16
3839,control,2026-03-07,0,
3840,control,2026-03-04,0,
3841,treatment,2026-03-06,0,
3842,control,2026-03-06,0,
3843,treatment,2026-03-10,0,
3844,treatment,2026-03-08,0,
3845,treatment,2026-03-02,0,
3846,control,2026-03-05,0,
3847,treatment,2026-03-08,0,
3848,treatment,2026-03-14,0,
3849,treatment,2026-03-14,0,
3850,control,2026-03-04,1,28.96
3851,control,2026-03-07,0,
3852,control,2026-03-10,0,
3853,control,2026-03-07,0,
3854,treatment,2026-03-09,0,
3855,treatment,2026-03-07,0,
3856,control,2026-03-01,0,
3857,control,2026-03-04,0,
3858,control,2026-03-11,0,
3859,control,2026-03-02,0,
3860,control,2026-03-06,0,
3861,treatment,2026-03-10,0,
3862,control,2026-03-02,1,57.15
3863,control,2026-03-04,0,
3864,treatment,2026-03-05,1,30.22
3865,control,2026-03-03,0,
3866,control,2026-03-11,1,61.32
3867,treatment,2026-03-10,0,
3868,control,2026-03-05,0,
3869,control,2026-03-07,0,
3870,control,2026-03-07,0,
3871,treatment,2026-03-07,0,
3872,control,2026-03-03,1,63.79
3873,control,2026-03-04,1,25.37
3874,control,2026-03-14,0,
3875,control,2026-03-04,0,
3876,control,2026-03-03,1,78.89
3877,control,2026-03-04,1,72.45
3878,treatment,2026-03-10,0,
3879,treatment,2026-03-06,0,
3880,control,2026-03-14,0,
3881,control,2026-03-03,0,
3882,control,2026-03-11,1,11.71
3883,control,2026-03-02,0,
3884,control,2026-03-01,0,
3885,control,2026-03-01,0,
3886,treatment,2026-03-01,0,
3887,treatment,2026-03-12,0,
3888,treatment,2026-03-10,1,49.11
3889,treatment,2026-03-14,0,
3890,treatment,2026-03-09,0,
3891,treatment,2026-03-10,0,
3892,treatment,2026-03-02,0,
3893,treatment,2026-03-12,0,
3894,control,2026-03-07,0,
3895,control,2026-03-09,1,66.38
3896,treatment,2026-03-01,0,
3897,control,2026-03-07,0,
3898,control,2026-03-13,0,
3899,control,2026-03-13,0,
3900,control,2026-03-10,0,
3901,control,2026-03-04,1,99.25
3902,control,2026-03-09,0,
3903,treatment,2026-03-07,0,
3904,control,2026-03-05,0,
3905,control,2026-03-05,0,
3906,control,2026-03-10,0,
3907,treatment,2026-03-11,0,
3908,control,2026-03-01,0,
3909,treatment,2026-03-12,1,48.38
3910,treatment,2026-03-02,0,
3911,control,2026-03-14,0,
3912,control,2026-03-10,0,
3913,treatment,2026-03-13,0,
3914,treatment,2026-03-05,0,
3915,treatment,2026-03-03,1,69.91
3916,treatment,2026-03-01,0,
3917,treatment,2026-03-05,1,26.37
3918,treatment,2026-03-02,0,
3919,control,2026-03-11,1,112.75
3920,treatment,2026-03-07,0,
3921,treatment,2026-03-14,0,
3922,treatment,2026-03-07,1,32.82
3923,control,2026-03-10,0,
3924,control,2026-03-03,0,
3925,treatment,2026-03-09,0,
3926,treatment,2026-03-03,0,
3927,treatment,2026-03-01,0,
3928,treatment,2026-03-03,1,40.86
3929,control,2026-03-01,0,
3930,treatment,2026-03-08,0,
3931,treatment,2026-03-08,0,
3932,treatment,2026-03-14,0,
3933,control,2026-03-14,0,
3934,treatment,2026-03-14,0,
3935,treatment,2026-03-10,0,
3936,control,2026-03-13,0,
3937,treatment,2026-03-05,1,83.96
3938,treatment,2026-03-14,0,
3939,treatment,2026-03-03,0,
3940,treatment,2026-03-12,1,54.86
3941,treatment,2026-03-01,0,
3942,control,2026-03-03,0,
3943,control,2026-03-06,1,87.31
3944,treatment,2026-03-07,0,
3945,control,2026-03-01,0,
3946,control,2026-03-06,0,
3947,treatment,2026-03-02,1,61.33
3948,treatment,2026-03-08,0,
3949,control,2026-03-12,0,
3950,treatment,2026-03-02,0,
3951,control,2026-03-09,1,42.3
3952,control,2026-03-04,0,
3953,control,2026-03-10,0,
3954,control,2026-03-05,0,
3955,treatment,2026-03-12,0,
3956,treatment,2026-03-01,0,
3957,treatment,2026-03-08,0,
3958,treatment,2026-03-02,0,
3959,treatment,2026-03-10,1,22.69
3960,control,2026-03-01,0,
3961,treatment,2026-03-02,0,
3962,treatment,2026-03-09,0,
3963,treatment,2026-03-14,1,60.37
3964,treatment,2026-03-01,0,
3965,control,2026-03-06,0,
3966,treatment,2026-03-09,1,81.48
3967,control,2026-03-02,0,
3968,treatment,2026-03-09,0,
3969,control,2026-03-07,0,
3970,treatment,2026-03-04,0,
3971,treatment,2026-03-10,0,
3972,control,2026-03-03,0,
3973,control,2026-03-05,0,
3974,control,2026-03-14,1,65.87
3975,control,2026-03-01,0,
3976,control,2026-03-10,0,
3977,control,2026-03-14,0,
3978,treatment,2026-03-07,1,31.39
3979,control,2026-03-14,0,
3980,treatment,2026-03-02,0,
3981,control,2026-03-10,0,
3982,treatment,2026-03-11,0,
3983,treatment,2026-03-02,1,57.13
3984,control,2026-03-03,0,
3985,control,2026-03-14,0,
3986,control,2026-03-14,0,
3987,control,2026-03-09,0,
3988,treatment,2026-03-11,0,
3989,treatment,2026-03-03,0,
3990,control,2026-03-07,0,
3991,control,2026-03-02,0,
3992,control,2026-03-01,0,
3993,treatment,2026-03-05,0,
3994,treatment,2026-03-12,0,
3995,control,2026-03-14,0,
3996,control,2026-03-05,0,
3997,treatment,2026-03-12,0,
3998,treatment,2026-03-14,0,
3999,treatment,2026-03-08,1,41.58
4000,control,2026-03-09,0,
4001,treatment,2026-03-04,1,45.58
4002,control,2026-03-11,0,
4003,treatment,2026-03-03,1,17.48
4004,control,2026-03-10,0,
4005,treatment,2026-03-01,1,37.96
4006,treatment,2026-03-12,0,
4007,treatment,2026-03-04,0,
4008,treatment,2026-03-13,0,
4009,control,2026-03-10,1,14.07
4010,treatment,2026-03-07,0,
4011,treatment,2026-03-14,0,
4012,control,2026-03-11,1,47.73
4013,treatment,2026-03-10,0,
4014,control,2026-03-06,0,
4015,treatment,2026-03-14,0,
4016,control,2026-03-13,1,20.88
4017,control,2026-03-11,0,
4018,control,2026-03-05,0,
4019,control,2026-03-06,0,
4020,control,2026-03-01,0,
4021,treatment,2026-03-08,0,
4022,treatment,2026-03-05,0,
4023,control,2026-03-01,0,
4024,control,2026-03-14,0,
4025,treatment,2026-03-08,1,21.47
4026,control,2026-03-12,0,
4027,control,2026-03-11,1,45.99
4028,treatment,2026-03-13,0,
4029,treatment,2026-03-02,0,
4030,control,2026-03-09,0,
4031,control,2026-03-01,0,
4032,control,2026-03-07,1,33.7
4033,treatment,2026-03-14,0,
4034,control,2026-03-09,0,
4035,control,2026-03-03,1,53.47
4036,control,2026-03-08,0,
4037,treatment,2026-03-06,0,
4038,treatment,2026-03-09,0,
4039,treatment,2026-03-02,0,
4040,control,2026-03-04,0,
4041,control,2026-03-04,0,
4042,control,2026-03-14,0,
4043,treatment,2026-03-05,0,
4044,control,2026-03-03,0,
4045,control,2026-03-03,0,
4046,treatment,2026-03-11,0,
4047,control,2026-03-08,0,
4048,control,2026-03-01,0,
4049,treatment,2026-03-07,1,29.15
4050,treatment,2026-03-06,0,
4051,treatment,2026-03-10,0,
4052,control,2026-03-01,0,
4053,treatment,2026-03-10,0,
4054,control,2026-03-03,0,
4055,control,2026-03-08,0,
4056,control,2026-03-03,0,
4057,treatment,2026-03-02,0,
4058,treatment,2026-03-09,0,
4059,treatment,2026-03-06,0,
4060,treatment,2026-03-05,0,
4061,treatment,2026-03-14,0,
4062,treatment,2026-03-11,1,72.03
4063,treatment,2026-03-11,1,52.3
4064,control,2026-03-06,1,53.16
4065,control,2026-03-10,0,
4066,control,2026-03-02,0,
4067,treatment,2026-03-03,0,
4068,control,2026-03-04,0,
4069,control,2026-03-02,0,
4070,control,2026-03-06,0,
4071,control,2026-03-06,0,
4072,treatment,2026-03-13,1,32.89
4073,control,2026-03-12,1,26.5
4074,control,2026-03-03,0,
4075,treatment,2026-03-13,0,
4076,control,2026-03-07,0,
4077,treatment,2026-03-06,0,
4078,control,2026-03-14,0,
4079,treatment,2026-03-10,0,
4080,control,2026-03-05,0,
4081,control,2026-03-12,0,
4082,control,2026-03-02,0,
4083,control,2026-03-12,0,
4084,treatment,2026-03-03,0,
4085,treatment,2026-03-13,1,37.47
4086,treatment,2026-03-04,1,23.1
4087,treatment,2026-03-14,0,
4088,treatment,2026-03-02,0,
4089,control,2026-03-08,0,
4090,treatment,2026-03-04,0,
4091,treatment,2026-03-14,0,
4092,treatment,2026-03-12,0,
4093,treatment,2026-03-07,0,
4094,treatment,2026-03-03,1,54.33
4095,control,2026-03-08,0,
4096,control,2026-03-08,0,
4097,treatment,2026-03-03,0,
4098,control,2026-03-06,0,
4099,treatment,2026-03-02,0,
4100,control,2026-03-14,0,
4101,control,2026-03-09,1,35.48
4102,treatment,2026-03-02,1,43.37
4103,treatment,2026-03-11,0,
4104,treatment,2026-03-10,0,
4105,control,2026-03-03,0,
4106,treatment,2026-03-03,1,26.83
4107,treatment,2026-03-03,0,
4108,control,2026-03-04,0,
4109,treatment,2026-03-11,0,
4110,treatment,2026-03-13,0,
4111,treatment,2026-03-01,0,
4112,control,2026-03-03,0,
4113,control,2026-03-08,0,
4114,treatment,2026-03-07,0,
4115,control,2026-03-11,1,36.99
4116,treatment,2026-03-10,0,
4117,treatment,2026-03-05,0,
4118,treatment,2026-03-10,0,
4119,treatment,2026-03-02,0,
4120,treatment,2026-03-03,0,
4121,control,2026-03-03,1,21.63
4122,control,2026-03-09,0,
4123,treatment,2026-03-07,0,
4124,control,2026-03-02,0,
4125,control,2026-03-09,0,
4126,control,2026-03-10,0,
4127,control,2026-03-09,0,
4128,treatment,2026-03-03,0,
4129,control,2026-03-02,0,
4130,treatment,2026-03-10,1,35.35
4131,control,2026-03-01,0,
4132,treatment,2026-03-10,1,30.03
4133,treatment,2026-03-09,0,
4134,control,2026-03-03,0,
4135,treatment,2026-03-06,0,
4136,control,2026-03-09,0,
4137,control,2026-03-13,0,
4138,treatment,2026-03-01,0,
4139,treatment,2026-03-12,1,38.8
4140,control,2026-03-03,0,
4141,control,2026-03-02,0,
4142,control,2026-03-11,0,
4143,treatment,2026-03-09,0,
4144,treatment,2026-03-05,0,
4145,control,2026-03-04,1,64.94
4146,control,2026-03-01,1,35.73
4147,treatment,2026-03-09,0,
4148,treatment,2026-03-06,0,
4149,treatment,2026-03-01,0,
4150,treatment,2026-03-11,0,
4151,control,2026-03-08,0,
4152,control,2026-03-12,0,
4153,control,2026-03-12,0,
4154,control,2026-03-14,1,24.58
4155,treatment,2026-03-07,0,
4156,treatment,2026-03-11,0,
4157,control,2026-03-12,0,
4158,control,2026-03-03,0,
4159,treatment,2026-03-02,0,
4160,treatment,2026-03-12,0,
4161,control,2026-03-02,0,
4162,treatment,2026-03-14,0,
4163,control,2026-03-14,0,
4164,control,2026-03-03,1,29.45
4165,treatment,2026-03-08,0,
4166,control,2026-03-10,1,61.02
4167,control,2026-03-07,0,
4168,control,2026-03-01,0,
4169,control,2026-03-10,0,
4170,control,2026-03-09,0,
4171,control,2026-03-11,0,
4172,treatment,2026-03-09,0,
4173,treatment,2026-03-04,0,
4174,control,2026-03-08,1,38.79
4175,control,2026-03-03,1,25.6
4176,control,2026-03-07,0,
4177,treatment,2026-03-14,0,
4178,treatment,2026-03-03,1,29.81
4179,control,2026-03-09,1,35.44
4180,control,2026-03-12,0,
4181,control,2026-03-12,1,54.1
4182,treatment,2026-03-10,0,
4183,control,2026-03-07,0,
4184,control,2026-03-01,0,
4185,control,2026-03-05,0,
4186,control,2026-03-04,1,23.22
4187,control,2026-03-03,0,
4188,control,2026-03-13,0,
4189,control,2026-03-12,0,
4190,treatment,2026-03-13,0,
4191,treatment,2026-03-06,1,64.47
4192,control,2026-03-01,1,9.79
4193,treatment,2026-03-03,0,
4194,treatment,2026-03-13,0,
4195,treatment,2026-03-13,0,
4196,treatment,2026-03-11,0,
4197,control,2026-03-10,0,
4198,control,2026-03-08,0,
4199,control,2026-03-02,0,
4200,control,2026-03-09,0,
4201,treatment,2026-03-05,0,
4202,control,2026-03-13,0,
4203,control,2026-03-06,0,
4204,control,2026-03-10,0,
4205,control,2026-03-12,0,
4206,treatment,2026-03-04,0,
4207,treatment,2026-03-05,0,
4208,treatment,2026-03-11,1,42.16
4209,treatment,2026-03-04,0,
4210,control,2026-03-06,0,
4211,treatment,2026-03-13,0,
4212,control,2026-03-02,0,
4213,control,2026-03-14,0,
4214,treatment,2026-03-05,0,
4215,treatment,2026-03-03,0,
4216,treatment,2026-03-03,0,
4217,treatment,2026-03-09,1,47.59
4218,control,2026-03-09,0,
4219,treatment,2026-03-14,0,
4220,control,2026-03-14,0,
4221,treatment,2026-03-11,0,
4222,treatment,2026-03-08,0,
4223,treatment,2026-03-04,0,
4224,treatment,2026-03-01,0,
4225,treatment,2026-03-11,0,
4226,control,2026-03-10,0,
4227,control,2026-03-02,0,
4228,treatment,2026-03-12,0,
4229,treatment,2026-03-13,0,
4230,treatment,2026-03-04,0,
4231,treatment,2026-03-09,0,
4232,treatment,2026-03-06,0,
4233,treatment,2026-03-13,1,64.46
4234,control,2026-03-14,0,
4235,treatment,2026-03-14,0,
4236,treatment,2026-03-04,0,
4237,treatment,2026-03-09,0,
4238,treatment,2026-03-10,0,
4239,control,2026-03-02,0,
4240,control,2026-03-06,0,
4241,treatment,2026-03-06,0,
4242,treatment,2026-03-12,1,65.25
4243,treatment,2026-03-13,0,
4244,control,2026-03-13,0,
4245,control,2026-03-06,0,
4246,treatment,2026-03-09,0,
4247,control,2026-03-06,0,
4248,treatment,2026-03-13,0,
4249,control,2026-03-02,0,
4250,control,2026-03-03,1,37.11
4251,treatment,2026-03-14,0,
4252,control,2026-03-10,0,
4253,treatment,2026-03-06,0,
4254,control,2026-03-04,0,
4255,control,2026-03-13,0,
4256,treatment,2026-03-12,0,
4257,control,2026-03-04,0,
4258,control,2026-03-02,0,
4259,control,2026-03-12,0,
4260,treatment,2026-03-01,0,
4261,control,2026-03-04,0,
4262,control,2026-03-11,0,
4263,control,2026-03-05,0,
4264,treatment,2026-03-14,0,
4265,treatment,2026-03-03,0,
4266,treatment,2026-03-04,1,44.28
4267,treatment,2026-03-13,0,
4268,control,2026-03-14,0,
4269,control,2026-03-02,0,
4270,treatment,2026-03-09,1,52.31
4271,control,2026-03-03,0,
4272,control,2026-03-03,0,
4273,control,2026-03-02,0,
4274,control,2026-03-07,0,
4275,control,2026-03-10,0,
4276,control,2026-03-12,0,
4277,treatment,2026-03-09,0,
4278,treatment,2026-03-01,0,
4279,control,2026-03-08,0,
4280,control,2026-03-13,1,53.12
4281,treatment,2026-03-08,0,
4282,treatment,2026-03-11,0,
4283,control,2026-03-11,0,
4284,control,2026-03-06,0,
4285,control,2026-03-11,0,
4286,treatment,2026-03-01,0,
4287,treatment,2026-03-02,1,41.47
4288,control,2026-03-04,0,
4289,control,2026-03-14,1,31.29
4290,control,2026-03-02,0,
4291,control,2026-03-09,0,
4292,treatment,2026-03-07,0,
4293,control,2026-03-12,0,
4294,control,2026-03-07,0,
4295,treatment,2026-03-10,0,
4296,control,2026-03-07,1,39.59
4297,control,2026-03-12,0,
4298,control,2026-03-08,1,67.37
4299,treatment,2026-03-02,0,
4300,control,2026-03-02,0,
4301,treatment,2026-03-03,0,
4302,treatment,2026-03-10,1,54.25
4303,control,2026-03-07,0,
4304,treatment,2026-03-06,0,
4305,control,2026-03-13,0,
4306,treatment,2026-03-11,0,
4307,control,2026-03-07,0,
4308,control,2026-03-04,0,
4309,control,2026-03-06,0,
4310,treatment,2026-03-13,1,35.38
4311,treatment,2026-03-03,0,
4312,treatment,2026-03-12,0,
4313,control,2026-03-09,0,
4314,treatment,2026-03-06,0,
4315,control,2026-03-09,0,
4316,control,2026-03-04,0,
4317,treatment,2026-03-09,1,73.41
4318,treatment,2026-03-14,0,
4319,treatment,2026-03-06,0,
4320,treatment,2026-03-04,0,
4321,control,2026-03-02,0,
4322,control,2026-03-09,0,
4323,control,2026-03-01,0,
4324,treatment,2026-03-11,0,
4325,control,2026-03-08,0,
4326,treatment,2026-03-02,1,68.73
4327,control,2026-03-01,0,
4328,treatment,2026-03-01,1,73.56
4329,control,2026-03-09,0,
4330,treatment,2026-03-09,1,62.11
4331,treatment,2026-03-11,0,
4332,treatment,2026-03-13,1,58.46
4333,treatment,2026-03-05,0,
4334,control,2026-03-02,0,
4335,control,2026-03-05,0,
4336,treatment,2026-03-06,0,
4337,control,2026-03-06,0,
4338,treatment,2026-03-04,0,
4339,control,2026-03-06,0,
4340,treatment,2026-03-03,0,
4341,treatment,2026-03-08,0,
4342,treatment,2026-03-07,0,
4343,treatment,2026-03-09,0,
4344,treatment,2026-03-04,0,
4345,control,2026-03-11,0,
4346,treatment,2026-03-04,0,
4347,control,2026-03-02,0,
4348,control,2026-03-02,1,38.37
4349,control,2026-03-03,0,
4350,treatment,2026-03-06,0,
4351,control,2026-03-13,0,
4352,treatment,2026-03-11,0,
4353,control,2026-03-04,0,
4354,control,2026-03-13,0,
4355,treatment,2026-03-04,0,
4356,treatment,2026-03-11,0,
4357,control,2026-03-02,1,27.27
4358,treatment,2026-03-08,1,48.59
4359,control,2026-03-11,0,
4360,treatment,2026-03-11,0,
4361,control,2026-03-11,0,
4362,treatment,2026-03-10,0,
4363,control,2026-03-14,0,
4364,treatment,2026-03-06,0,
4365,control,2026-03-09,1,55.52
4366,control,2026-03-03,0,
4367,treatment,2026-03-04,1,53.23
4368,control,2026-03-14,0,
4369,control,2026-03-04,0,
4370,control,2026-03-04,0,
4371,treatment,2026-03-11,0,
4372,treatment,2026-03-07,0,
4373,control,2026-03-12,0,
4374,treatment,2026-03-03,0,
4375,treatment,2026-03-03,0,
4376,treatment,2026-03-06,1,28.67
4377,control,2026-03-08,0,
4378,treatment,2026-03-07,0,
4379,treatment,2026-03-10,0,
4380,control,2026-03-06,1,36.61
4381,control,2026-03-01,0,
4382,treatment,2026-03-03,0,
4383,control,2026-03-10,0,
4384,treatment,2026-03-12,1,37.24
4385,control,2026-03-08,0,
4386,control,2026-03-13,0,
4387,control,2026-03-05,0,
4388,control,2026-03-01,0,
4389,control,2026-03-04,0,
4390,control,2026-03-01,0,
4391,treatment,2026-03-06,0,
4392,treatment,2026-03-07,0,
4393,treatment,2026-03-06,0,
4394,treatment,2026-03-01,0,
4395,control,2026-03-07,0,
4396,treatment,2026-03-05,1,48.14
4397,control,2026-03-11,0,
4398,control,2026-03-14,0,
4399,treatment,2026-03-10,0,
4400,treatment,2026-03-03,0,
4401,control,2026-03-06,0,
4402,control,2026-03-04,0,
4403,control,2026-03-01,0,
4404,treatment,2026-03-11,0,
4405,control,2026-03-11,0,
4406,treatment,2026-03-12,0,
4407,control,2026-03-10,0,
4408,treatment,2026-03-03,0,
4409,treatment,2026-03-05,0,
4410,control,2026-03-11,0,
4411,control,2026-03-12,0,
4412,treatment,2026-03-02,0,
4413,control,2026-03-13,0,
4414,control,2026-03-12,0,
4415,treatment,2026-03-01,0,
4416,control,2026-03-08,0,
4417,control,2026-03-05,0,
4418,treatment,2026-03-04,0,
4419,control,2026-03-09,0,
4420,treatment,2026-03-14,1,88.98
4421,treatment,2026-03-12,0,
4422,control,2026-03-13,0,
4423,control,2026-03-12,0,
4424,treatment,2026-03-08,1,23.41
4425,control,2026-03-10,0,
4426,treatment,2026-03-12,0,
4427,control,2026-03-10,0,
4428,treatment,2026-03-14,0,
4429,control,2026-03-09,0,
4430,control,2026-03-03,0,
4431,control,2026-03-10,0,
4432,treatment,2026-03-02,0,
4433,control,2026-03-09,0,
4434,control,2026-03-10,0,
4435,control,2026-03-12,0,
4436,control,2026-03-03,0,
4437,treatment,2026-03-14,0,
4438,treatment,2026-03-14,0,
4439,treatment,2026-03-12,1,60.5
4440,treatment,2026-03-03,0,
4441,control,2026-03-04,0,
4442,treatment,2026-03-06,0,
4443,control,2026-03-09,1,62.25
4444,treatment,2026-03-08,0,
4445,control,2026-03-08,0,
4446,control,2026-03-03,0,
4447,treatment,2026-03-08,0,
4448,control,2026-03-04,0,
4449,control,2026-03-14,0,
4450,treatment,2026-03-09,0,
4451,control,2026-03-08,0,
4452,treatment,2026-03-03,0,
4453,control,2026-03-04,0,
4454,treatment,2026-03-10,0,
4455,control,2026-03-14,0,
4456,treatment,2026-03-02,0,
4457,treatment,2026-03-09,0,
4458,control,2026-03-07,0,
4459,treatment,2026-03-09,0,
4460,control,2026-03-13,0,
4461,treatment,2026-03-12,0,
4462,treatment,2026-03-06,0,
4463,control,2026-03-05,0,
4464,control,2026-03-12,0,
4465,control,2026-03-05,0,
4466,control,2026-03-10,0,
4467,control,2026-03-10,0,
4468,treatment,2026-03-06,1,37.23
4469,control,2026-03-07,0,
4470,treatment,2026-03-03,0,
4471,treatment,2026-03-10,1,33.0
4472,control,2026-03-01,0,
4473,control,2026-03-08,0,
4474,treatment,2026-03-06,0,
4475,treatment,2026-03-06,0,
4476,control,2026-03-13,0,
4477,control,2026-03-02,0,
4478,treatment,2026-03-03,1,51.57
4479,treatment,2026-03-07,1,39.96
4480,control,2026-03-08,0,
4481,control,2026-03-09,0,
4482,treatment,2026-03-09,1,29.29
4483,treatment,2026-03-03,0,
4484,treatment,2026-03-07,0,
4485,treatment,2026-03-10,0,
4486,control,2026-03-04,0,
4487,treatment,2026-03-02,0,
4488,control,2026-03-10,0,
4489,treatment,2026-03-06,0,
4490,treatment,2026-03-11,0,
4491,treatment,2026-03-04,1,74.18
4492,treatment,2026-03-05,0,
4493,control,2026-03-09,0,
4494,control,2026-03-05,0,
4495,control,2026-03-07,1,44.46
4496,control,2026-03-11,0,
4497,control,2026-03-05,0,
4498,treatment,2026-03-13,0,
4499,treatment,2026-03-05,0,
4500,control,2026-03-05,0,
4501,treatment,2026-03-03,0,
4502,control,2026-03-12,0,
4503,treatment,2026-03-08,1,32.08
4504,control,2026-03-12,0,
4505,control,2026-03-04,0,
4506,control,2026-03-08,0,
4507,treatment,2026-03-11,0,
4508,control,2026-03-12,0,
4509,control,2026-03-10,0,
4510,treatment,2026-03-10,0,
4511,treatment,2026-03-08,0,
4512,control,2026-03-07,0,
4513,treatment,2026-03-01,0,
4514,control,2026-03-11,1,17.22
4515,treatment,2026-03-07,0,
4516,treatment,2026-03-10,0,
4517,treatment,2026-03-07,0,
4518,treatment,2026-03-13,0,
4519,treatment,2026-03-07,0,
4520,control,2026-03-07,0,
4521,treatment,2026-03-12,0,
4522,control,2026-03-02,0,
4523,control,2026-03-02,0,
4524,control,2026-03-08,0,
4525,control,2026-03-11,1,33.22
4526,treatment,2026-03-06,0,
4527,treatment,2026-03-01,0,
4528,control,2026-03-10,0,
4529,control,2026-03-06,0,
4530,treatment,2026-03-13,0,
4531,control,2026-03-07,0,
4532,treatment,2026-03-03,0,
4533,control,2026-03-09,1,40.31
4534,treatment,2026-03-05,0,
4535,treatment,2026-03-05,0,
4536,treatment,2026-03-12,0,
4537,control,2026-03-11,0,
4538,control,2026-03-04,0,
4539,treatment,2026-03-10,1,26.45
4540,control,2026-03-14,1,16.8
4541,control,2026-03-01,1,33.12
4542,treatment,2026-03-11,0,
4543,control,2026-03-07,0,
4544,control,2026-03-08,0,
4545,control,2026-03-14,0,
4546,treatment,2026-03-01,1,23.57
4547,treatment,2026-03-02,0,
4548,treatment,2026-03-11,0,
4549,control,2026-03-11,0,
4550,treatment,2026-03-13,1,49.08
4551,control,2026-03-06,1,60.24
4552,treatment,2026-03-06,0,
4553,control,2026-03-05,0,
4554,treatment,2026-03-08,0,
4555,treatment,2026-03-06,0,
4556,treatment,2026-03-06,1,59.87
4557,control,2026-03-01,0,
4558,treatment,2026-03-04,0,
4559,treatment,2026-03-13,0,
4560,treatment,2026-03-08,0,
4561,control,2026-03-02,0,
4562,treatment,2026-03-05,1,30.72
4563,control,2026-03-03,0,
4564,treatment,2026-03-05,0,
4565,treatment,2026-03-04,1,43.58
4566,control,2026-03-10,0,
4567,control,2026-03-06,0,
4568,control,2026-03-14,0,
4569,control,2026-03-10,0,
4570,control,2026-03-11,0,
4571,treatment,2026-03-14,0,
4572,treatment,2026-03-07,0,
4573,treatment,2026-03-01,0,
4574,control,2026-03-09,0,
4575,control,2026-03-01,0,
4576,treatment,2026-03-04,0,
4577,treatment,2026-03-08,0,
4578,treatment,2026-03-12,0,
4579,control,2026-03-12,0,
4580,treatment,2026-03-10,0,
4581,treatment,2026-03-07,0,
4582,control,2026-03-07,0,
4583,control,2026-03-12,0,
4584,control,2026-03-09,1,30.85
4585,control,2026-03-07,1,51.82
4586,treatment,2026-03-11,0,
4587,control,2026-03-09,0,
4588,control,2026-03-04,0,
4589,treatment,2026-03-13,0,
4590,control,2026-03-09,0,
4591,treatment,2026-03-13,0,
4592,treatment,2026-03-06,0,
4593,control,2026-03-01,0,
4594,treatment,2026-03-14,1,58.04
4595,treatment,2026-03-07,0,
4596,treatment,2026-03-04,0,
4597,control,2026-03-03,0,
4598,control,2026-03-14,1,85.37
4599,control,2026-03-03,0,
4600,treatment,2026-03-08,0,
4601,control,2026-03-03,0,
4602,control,2026-03-07,0,
4603,control,2026-03-09,0,
4604,control,2026-03-06,0,
4605,control,2026-03-11,0,
4606,treatment,2026-03-07,0,
4607,control,2026-03-02,1,63.47
4608,control,2026-03-14,0,
4609,treatment,2026-03-11,1,63.91
4610,control,2026-03-08,0,
4611,treatment,2026-03-03,1,74.93
4612,treatment,2026-03-10,0,
4613,control,2026-03-02,0,
4614,treatment,2026-03-08,0,
4615,control,2026-03-04,0,
4616,treatment,2026-03-12,0,
4617,treatment,2026-03-02,0,
4618,treatment,2026-03-06,0,
4619,treatment,2026-03-01,0,
4620,control,2026-03-03,1,32.59
4621,treatment,2026-03-11,0,
4622,treatment,2026-03-04,0,
4623,control,2026-03-08,1,22.61
4624,control,2026-03-03,0,
4625,treatment,2026-03-06,0,
4626,treatment,2026-03-14,0,
4627,treatment,2026-03-07,0,
4628,treatment,2026-03-12,0,
4629,control,2026-03-04,1,26.81
4630,control,2026-03-13,0,
4631,control,2026-03-10,0,
4632,control,2026-03-08,1,88.38
4633,treatment,2026-03-09,0,
4634,control,2026-03-01,1,41.61
4635,control,2026-03-04,1,25.95
4636,treatment,2026-03-06,1,34.48
4637,treatment,2026-03-12,1,27.45
4638,control,2026-03-02,0,
4639,control,2026-03-11,0,
4640,control,2026-03-01,0,
4641,control,2026-03-03,0,
4642,control,2026-03-03,0,
4643,treatment,2026-03-02,1,59.21
4644,treatment,2026-03-06,0,
4645,treatment,2026-03-01,0,
4646,control,2026-03-05,0,
4647,control,2026-03-09,0,
4648,control,2026-03-10,1,67.55
4649,control,2026-03-13,0,
4650,treatment,2026-03-05,0,
4651,treatment,2026-03-05,0,
4652,treatment,2026-03-14,0,
4653,control,2026-03-10,0,
4654,control,2026-03-08,0,
4655,control,2026-03-11,0,
4656,treatment,2026-03-09,1,71.77
4657,treatment,2026-03-04,0,
4658,control,2026-03-05,0,
4659,treatment,2026-03-12,0,
4660,control,2026-03-05,0,
4661,control,2026-03-14,0,
4662,treatment,2026-03-13,0,
4663,treatment,2026-03-02,0,
4664,treatment,2026-03-04,0,
4665,treatment,2026-03-06,0,
4666,control,2026-03-03,0,
4667,control,2026-03-09,0,
4668,control,2026-03-08,0,
4669,treatment,2026-03-07,0,
4670,treatment,2026-03-07,0,
4671,control,2026-03-09,0,
4672,control,2026-03-03,0,
4673,treatment,2026-03-14,0,
4674,treatment,2026-03-09,0,
4675,treatment,2026-03-01,0,
4676,treatment,2026-03-13,0,
4677,treatment,2026-03-05,0,
4678,treatment,2026-03-08,0,
4679,treatment,2026-03-10,0,
4680,control,2026-03-12,0,
4681,control,2026-03-14,1,15.81
4682,treatment,2026-03-03,0,
4683,treatment,2026-03-06,0,
4684,treatment,2026-03-08,0,
4685,control,2026-03-02,0,
4686,treatment,2026-03-12,1,34.83
4687,treatment,2026-03-03,1,51.32
4688,control,2026-03-12,0,
4689,control,2026-03-05,0,
4690,treatment,2026-03-07,0,
4691,control,2026-03-01,0,
4692,control,2026-03-13,1,23.4
4693,control,2026-03-12,0,
4694,control,2026-03-02,0,
4695,treatment,2026-03-09,0,
4696,treatment,2026-03-04,0,
4697,control,2026-03-02,0,
4698,treatment,2026-03-09,1,58.23
4699,treatment,2026-03-12,0,
4700,treatment,2026-03-14,0,
4701,control,2026-03-02,0,
4702,control,2026-03-02,0,
4703,control,2026-03-06,0,
4704,treatment,2026-03-01,0,
4705,control,2026-03-05,0,
4706,control,2026-03-13,1,50.62
4707,treatment,2026-03-03,0,
4708,treatment,2026-03-09,0,
4709,control,2026-03-09,0,
4710,treatment,2026-03-08,0,
4711,treatment,2026-03-03,0,
4712,control,2026-03-02,0,
4713,treatment,2026-03-11,0,
4714,treatment,2026-03-06,0,
4715,control,2026-03-03,1,82.94
4716,treatment,2026-03-11,0,
4717,control,2026-03-14,0,
4718,control,2026-03-01,0,
4719,treatment,2026-03-08,0,
4720,control,2026-03-04,0,
4721,control,2026-03-08,0,
4722,treatment,2026-03-04,0,
4723,treatment,2026-03-08,1,43.32
4724,control,2026-03-01,0,
4725,control,2026-03-05,0,
4726,treatment,2026-03-12,1,22.16
4727,treatment,2026-03-01,1,22.65
4728,control,2026-03-05,0,
4729,control,2026-03-03,0,
4730,treatment,2026-03-14,0,
4731,treatment,2026-03-14,0,
4732,control,2026-03-11,0,
4733,treatment,2026-03-10,1,49.09
4734,treatment,2026-03-06,0,
4735,control,2026-03-14,0,
4736,control,2026-03-04,0,
4737,treatment,2026-03-13,0,
4738,control,2026-03-11,0,
4739,treatment,2026-03-01,0,
4740,treatment,2026-03-11,0,
4741,treatment,2026-03-04,0,
4742,control,2026-03-01,0,
4743,control,2026-03-02,0,
4744,control,2026-03-09,0,
4745,control,2026-03-08,0,
4746,treatment,2026-03-09,0,
4747,treatment,2026-03-12,1,84.91
4748,treatment,2026-03-12,0,
4749,treatment,2026-03-13,0,
4750,treatment,2026-03-04,0,
4751,control,2026-03-12,0,
4752,control,2026-03-08,0,
4753,treatment,2026-03-03,1,51.4
4754,treatment,2026-03-08,1,57.05
4755,control,2026-03-12,0,
4756,treatment,2026-03-01,0,
4757,control,2026-03-13,0,
4758,control,2026-03-01,0,
4759,treatment,2026-03-07,1,105.45
4760,control,2026-03-05,0,
4761,treatment,2026-03-11,0,
4762,control,2026-03-08,0,
4763,treatment,2026-03-12,1,27.27
4764,control,2026-03-13,0,
4765,control,2026-03-03,0,
4766,control,2026-03-01,0,
4767,control,2026-03-08,0,
4768,treatment,2026-03-05,0,
4769,control,2026-03-06,0,
4770,treatment,2026-03-12,0,
4771,treatment,2026-03-08,0,
4772,treatment,2026-03-04,0,
4773,treatment,2026-03-07,0,
4774,treatment,2026-03-02,0,
4775,control,2026-03-13,0,
4776,treatment,2026-03-05,1,47.32
4777,control,2026-03-09,0,
4778,treatment,2026-03-11,0,
4779,treatment,2026-03-07,0,
4780,control,2026-03-01,1,41.26
4781,control,2026-03-04,0,
4782,control,2026-03-05,0,
4783,control,2026-03-09,0,
4784,control,2026-03-13,0,
4785,control,2026-03-11,0,
4786,control,2026-03-05,1,56.96
4787,control,2026-03-07,0,
4788,control,2026-03-07,0,
4789,control,2026-03-09,0,
4790,treatment,2026-03-08,0,
4791,control,2026-03-02,1,22.41
4792,control,2026-03-03,0,
4793,control,2026-03-14,0,
4794,control,2026-03-11,0,
4795,treatment,2026-03-03,0,
4796,treatment,2026-03-08,0,
4797,treatment,2026-03-09,0,
4798,control,2026-03-03,0,
4799,control,2026-03-02,0,
4800,control,2026-03-13,1,21.52
4801,control,2026-03-03,0,
4802,treatment,2026-03-09,0,
4803,control,2026-03-14,1,26.24
4804,treatment,2026-03-04,0,
4805,control,2026-03-03,0,
4806,treatment,2026-03-08,0,
4807,control,2026-03-11,0,
4808,control,2026-03-03,1,18.81
4809,control,2026-03-01,0,
4810,control,2026-03-03,0,
4811,treatment,2026-03-13,0,
4812,control,2026-03-08,0,
4813,control,2026-03-01,0,
4814,treatment,2026-03-02,0,
4815,treatment,2026-03-12,0,
4816,treatment,2026-03-09,0,
4817,control,2026-03-03,0,
4818,treatment,2026-03-04,0,
4819,control,2026-03-03,0,
4820,control,2026-03-12,0,
4821,treatment,2026-03-04,0,
4822,control,2026-03-10,0,
4823,control,2026-03-05,0,
4824,treatment,2026-03-11,0,
4825,control,2026-03-07,0,
4826,treatment,2026-03-14,0,
4827,treatment,2026-03-03,0,
4828,treatment,2026-03-14,0,
4829,treatment,2026-03-13,1,45.68
4830,treatment,2026-03-01,0,
4831,treatment,2026-03-04,0,
4832,control,2026-03-01,0,
4833,control,2026-03-06,0,
4834,control,2026-03-06,0,
4835,control,2026-03-07,0,
4836,control,2026-03-11,0,
4837,treatment,2026-03-07,0,
4838,treatment,2026-03-10,0,
4839,control,2026-03-03,0,
4840,control,2026-03-03,0,
4841,control,2026-03-09,0,
4842,control,2026-03-04,0,
4843,control,2026-03-12,0,
4844,control,2026-03-05,0,
4845,control,2026-03-07,0,
4846,treatment,2026-03-02,0,
4847,control,2026-03-05,0,
4848,treatment,2026-03-14,0,
4849,treatment,2026-03-10,0,
4850,treatment,2026-03-09,0,
4851,control,2026-03-09,0,
4852,treatment,2026-03-11,0,
4853,control,2026-03-05,1,54.77
4854,control,2026-03-03,0,
4855,treatment,2026-03-04,0,
4856,treatment,2026-03-11,1,29.72
4857,control,2026-03-02,0,
4858,treatment,2026-03-02,0,
4859,control,2026-03-03,0,
4860,control,2026-03-01,0,
4861,control,2026-03-06,0,
4862,control,2026-03-14,0,
4863,treatment,2026-03-12,0,
4864,control,2026-03-12,1,34.0
4865,control,2026-03-01,0,
4866,treatment,2026-03-05,0,
4867,treatment,2026-03-07,0,
4868,treatment,2026-03-03,0,
4869,treatment,2026-03-12,0,
4870,control,2026-03-01,0,
4871,treatment,2026-03-12,0,
4872,treatment,2026-03-04,0,
4873,control,2026-03-10,1,67.48
4874,treatment,2026-03-10,0,
4875,treatment,2026-03-13,0,
4876,treatment,2026-03-13,0,
4877,control,2026-03-06,0,
4878,control,2026-03-02,0,
4879,treatment,2026-03-12,0,
4880,treatment,2026-03-07,1,26.29
4881,treatment,2026-03-01,0,
4882,treatment,2026-03-08,0,
4883,treatment,2026-03-09,0,
4884,control,2026-03-09,1,42.77
4885,treatment,2026-03-04,0,
4886,control,2026-03-12,0,
4887,control,2026-03-10,0,
4888,control,2026-03-13,0,
4889,treatment,2026-03-08,0,
4890,control,2026-03-01,0,
4891,control,2026-03-13,0,
4892,control,2026-03-13,0,
4893,control,2026-03-02,0,
4894,control,2026-03-01,1,66.49
4895,treatment,2026-03-12,0,
4896,treatment,2026-03-13,0,
4897,control,2026-03-14,0,
4898,control,2026-03-07,0,
4899,control,2026-03-09,0,
4900,control,2026-03-05,0,
4901,control,2026-03-09,0,
4902,control,2026-03-10,0,
4903,control,2026-03-05,0,
4904,treatment,2026-03-09,0,
4905,control,2026-03-06,0,
4906,control,2026-03-03,1,51.28
4907,control,2026-03-11,0,
4908,treatment,2026-03-01,0,
4909,treatment,2026-03-12,1,68.57
4910,control,2026-03-10,0,
4911,control,2026-03-10,0,
4912,treatment,2026-03-07,0,
4913,treatment,2026-03-08,0,
4914,control,2026-03-07,0,
4915,control,2026-03-01,0,
4916,control,2026-03-09,1,37.33
4917,treatment,2026-03-05,0,
4918,control,2026-03-03,0,
4919,control,2026-03-04,0,
4920,treatment,2026-03-08,0,
4921,treatment,2026-03-03,0,
4922,treatment,2026-03-01,0,
4923,control,2026-03-06,0,
4924,treatment,2026-03-09,1,47.35
4925,control,2026-03-02,0,
4926,control,2026-03-04,0,
4927,control,2026-03-06,0,
4928,control,2026-03-14,1,35.58
4929,control,2026-03-10,1,34.46
4930,treatment,2026-03-01,0,
4931,treatment,2026-03-04,0,
4932,treatment,2026-03-04,0,
4933,treatment,2026-03-07,0,
4934,treatment,2026-03-12,0,
4935,control,2026-03-11,0,
4936,treatment,2026-03-06,0,
4937,control,2026-03-14,1,41.8
4938,control,2026-03-05,1,11.99
4939,treatment,2026-03-10,0,
4940,control,2026-03-14,0,
4941,treatment,2026-03-03,0,
4942,control,2026-03-12,0,
4943,control,2026-03-05,0,
4944,control,2026-03-09,0,
4945,treatment,2026-03-07,0,
4946,treatment,2026-03-05,1,44.63
4947,treatment,2026-03-13,0,
4948,control,2026-03-02,0,
4949,treatment,2026-03-05,0,
4950,control,2026-03-12,0,
4951,control,2026-03-14,1,34.66
4952,treatment,2026-03-09,0,
4953,control,2026-03-07,0,
4954,treatment,2026-03-11,0,
4955,control,2026-03-12,0,
4956,treatment,2026-03-04,0,
4957,control,2026-03-08,0,
4958,treatment,2026-03-04,0,
4959,treatment,2026-03-09,0,
4960,control,2026-03-05,0,
4961,control,2026-03-11,0,
4962,control,2026-03-05,0,
4963,control,2026-03-03,0,
4964,treatment,2026-03-04,0,
4965,treatment,2026-03-14,1,37.71
4966,treatment,2026-03-04,1,37.59
4967,treatment,2026-03-14,1,42.15
4968,treatment,2026-03-06,0,
4969,control,2026-03-05,0,
4970,treatment,2026-03-11,0,
4971,control,2026-03-11,0,
4972,treatment,2026-03-14,1,87.14
4973,control,2026-03-09,0,
4974,control,2026-03-04,1,29.74
4975,treatment,2026-03-09,0,
4976,treatment,2026-03-07,1,27.57
4977,control,2026-03-03,0,
4978,control,2026-03-09,0,
4979,treatment,2026-03-12,0,
4980,control,2026-03-07,0,
4981,control,2026-03-07,1,47.38
4982,control,2026-03-04,0,
4983,control,2026-03-01,0,
4984,treatment,2026-03-13,0,
4985,control,2026-03-09,0,
4986,control,2026-03-14,0,
4987,control,2026-03-09,0,
4988,treatment,2026-03-12,1,54.71
4989,control,2026-03-01,0,
4990,control,2026-03-05,1,65.75
4991,treatment,2026-03-05,0,
4992,control,2026-03-05,1,28.92
4993,treatment,2026-03-07,0,
4994,treatment,2026-03-10,1,34.4
4995,treatment,2026-03-08,0,
4996,control,2026-03-07,1,59.51
4997,control,2026-03-04,0,
4998,control,2026-03-05,0,
4999,control,2026-03-04,0,
5000,treatment,2026-03-02,0,
5001,treatment,2026-03-13,0,
5002,control,2026-03-13,0,
5003,control,2026-03-03,0,
5004,control,2026-03-12,1,32.28
5005,control,2026-03-04,0,
5006,treatment,2026-03-09,0,
5007,treatment,2026-03-11,0,
5008,control,2026-03-04,0,
5009,treatment,2026-03-13,0,
5010,control,2026-03-12,1,20.0
5011,treatment,2026-03-01,1,24.24
5012,control,2026-03-08,0,
5013,treatment,2026-03-09,0,
5014,control,2026-03-06,0,
5015,treatment,2026-03-10,0,
5016,treatment,2026-03-08,0,
5017,treatment,2026-03-13,0,
5018,treatment,2026-03-13,0,
5019,treatment,2026-03-06,0,
5020,control,2026-03-10,1,57.07
5021,treatment,2026-03-14,0,
5022,control,2026-03-14,0,
5023,control,2026-03-13,0,
5024,treatment,2026-03-05,0,
5025,treatment,2026-03-05,0,
5026,control,2026-03-08,0,
5027,control,2026-03-05,1,25.19
5028,control,2026-03-09,0,
5029,control,2026-03-10,0,
5030,treatment,2026-03-06,0,
5031,treatment,2026-03-13,1,53.53
5032,treatment,2026-03-14,0,
5033,control,2026-03-08,0,
5034,treatment,2026-03-10,0,
5035,treatment,2026-03-09,1,54.55
5036,treatment,2026-03-14,0,
5037,treatment,2026-03-13,1,65.67
5038,control,2026-03-09,0,
5039,control,2026-03-11,0,
5040,treatment,2026-03-11,0,
5041,treatment,2026-03-07,0,
5042,control,2026-03-03,0,
5043,control,2026-03-12,0,
5044,control,2026-03-07,0,
5045,treatment,2026-03-11,0,
5046,control,2026-03-01,0,
5047,control,2026-03-08,1,32.59
5048,control,2026-03-08,0,
5049,treatment,2026-03-08,0,
5050,control,2026-03-12,0,
5051,control,2026-03-08,0,
5052,control,2026-03-11,0,
5053,treatment,2026-03-06,0,
5054,control,2026-03-14,0,
5055,treatment,2026-03-11,1,77.03
5056,treatment,2026-03-02,0,
5057,treatment,2026-03-10,0,
5058,treatment,2026-03-10,0,
5059,control,2026-03-05,0,
5060,treatment,2026-03-08,0,
5061,treatment,2026-03-01,0,
5062,control,2026-03-01,1,50.84
5063,control,2026-03-12,1,62.05
5064,treatment,2026-03-04,1,61.39
5065,control,2026-03-13,0,
5066,control,2026-03-06,1,56.8
5067,control,2026-03-07,0,
5068,control,2026-03-14,1,47.08
5069,control,2026-03-14,0,
5070,treatment,2026-03-02,1,55.89
5071,control,2026-03-10,0,
5072,treatment,2026-03-10,1,47.86
5073,control,2026-03-11,0,
5074,control,2026-03-13,0,
5075,control,2026-03-14,1,41.36
5076,control,2026-03-10,0,
5077,treatment,2026-03-14,0,
5078,treatment,2026-03-02,0,
5079,treatment,2026-03-01,0,
5080,control,2026-03-05,0,
5081,treatment,2026-03-06,0,
5082,control,2026-03-14,0,
5083,control,2026-03-14,1,46.61
5084,control,2026-03-11,1,36.03
5085,treatment,2026-03-01,0,
5086,treatment,2026-03-14,0,
5087,control,2026-03-09,0,
5088,treatment,2026-03-11,0,
5089,control,2026-03-14,0,
5090,treatment,2026-03-02,0,
5091,treatment,2026-03-01,0,
5092,treatment,2026-03-10,0,
5093,control,2026-03-04,0,
5094,control,2026-03-07,1,30.24
5095,control,2026-03-04,1,61.41
5096,treatment,2026-03-10,1,27.32
5097,control,2026-03-02,0,
5098,control,2026-03-05,0,
5099,treatment,2026-03-14,0,
5100,treatment,2026-03-12,0,
5101,control,2026-03-03,0,
5102,control,2026-03-02,0,
5103,treatment,2026-03-08,0,
5104,treatment,2026-03-12,0,
5105,control,2026-03-10,1,67.2
5106,treatment,2026-03-02,1,36.86
5107,treatment,2026-03-04,0,
5108,treatment,2026-03-07,0,
5109,control,2026-03-11,0,
5110,control,2026-03-12,0,
5111,control,2026-03-13,1,41.38
5112,control,2026-03-13,0,
5113,control,2026-03-07,0,
5114,treatment,2026-03-01,0,
5115,control,2026-03-08,0,
5116,control,2026-03-13,0,
5117,control,2026-03-10,0,
5118,treatment,2026-03-01,0,
5119,treatment,2026-03-08,0,
5120,control,2026-03-03,0,
5121,control,2026-03-12,0,
5122,treatment,2026-03-06,0,
5123,treatment,2026-03-04,0,
5124,control,2026-03-05,0,
5125,control,2026-03-10,0,
5126,treatment,2026-03-09,1,41.96
5127,treatment,2026-03-04,0,
5128,control,2026-03-10,1,55.33
5129,treatment,2026-03-03,1,52.87
5130,treatment,2026-03-02,0,
5131,treatment,2026-03-04,0,
5132,control,2026-03-01,0,
5133,treatment,2026-03-13,0,
5134,control,2026-03-10,0,
5135,control,2026-03-02,0,
5136,control,2026-03-13,0,
5137,treatment,2026-03-13,0,
5138,control,2026-03-10,0,
5139,control,2026-03-09,1,37.65
5140,treatment,2026-03-01,0,
5141,treatment,2026-03-13,0,
5142,treatment,2026-03-04,0,
5143,treatment,2026-03-03,0,
5144,treatment,2026-03-03,0,
5145,control,2026-03-09,1,68.87
5146,control,2026-03-02,0,
5147,control,2026-03-02,0,
5148,treatment,2026-03-09,1,38.85
5149,treatment,2026-03-06,0,
5150,treatment,2026-03-02,0,
5151,control,2026-03-05,1,38.28
5152,control,2026-03-03,0,
5153,treatment,2026-03-04,0,
5154,control,2026-03-10,0,
5155,treatment,2026-03-09,0,
5156,treatment,2026-03-07,0,
5157,control,2026-03-06,0,
5158,treatment,2026-03-04,0,
5159,treatment,2026-03-11,0,
5160,control,2026-03-02,0,
5161,treatment,2026-03-11,1,70.74
5162,treatment,2026-03-01,1,27.61
5163,control,2026-03-10,0,
5164,treatment,2026-03-06,0,
5165,treatment,2026-03-11,1,33.11
5166,control,2026-03-05,0,
5167,treatment,2026-03-12,0,
5168,control,2026-03-04,0,
5169,control,2026-03-02,0,
5170,treatment,2026-03-14,0,
5171,treatment,2026-03-09,0,
5172,control,2026-03-02,0,
5173,treatment,2026-03-03,0,
5174,control,2026-03-14,0,
5175,treatment,2026-03-07,0,
5176,control,2026-03-03,0,
5177,control,2026-03-14,0,
5178,control,2026-03-13,0,
5179,control,2026-03-12,0,
5180,control,2026-03-10,0,
5181,control,2026-03-05,0,
5182,treatment,2026-03-05,1,63.69
5183,control,2026-03-04,0,
5184,treatment,2026-03-04,0,
5185,treatment,2026-03-14,0,
5186,control,2026-03-02,1,22.08
5187,control,2026-03-12,0,
5188,treatment,2026-03-12,1,36.79
5189,treatment,2026-03-10,0,
5190,control,2026-03-06,0,
5191,treatment,2026-03-02,0,
5192,control,2026-03-05,0,
5193,control,2026-03-10,0,
5194,control,2026-03-07,1,15.52
5195,treatment,2026-03-04,0,
5196,control,2026-03-10,0,
5197,control,2026-03-08,0,
5198,treatment,2026-03-08,1,53.73
5199,treatment,2026-03-06,0,
5200,treatment,2026-03-10,1,30.52
5201,control,2026-03-06,0,
5202,control,2026-03-10,0,
5203,treatment,2026-03-06,0,
5204,treatment,2026-03-07,0,
5205,treatment,2026-03-02,0,
5206,control,2026-03-04,0,
5207,treatment,2026-03-11,0,
5208,control,2026-03-11,1,115.55
5209,control,2026-03-08,0,
5210,control,2026-03-08,0,
5211,treatment,2026-03-08,0,
5212,treatment,2026-03-03,0,
5213,control,2026-03-09,0,
5214,control,2026-03-04,0,
5215,control,2026-03-02,0,
5216,control,2026-03-10,0,
5217,control,2026-03-12,0,
5218,treatment,2026-03-11,0,
5219,treatment,2026-03-13,1,26.99
5220,control,2026-03-06,0,
5221,treatment,2026-03-13,0,
5222,treatment,2026-03-09,0,
5223,control,2026-03-13,0,
5224,treatment,2026-03-12,0,
5225,control,2026-03-04,0,
5226,treatment,2026-03-08,0,
5227,control,2026-03-14,0,
5228,control,2026-03-06,0,
5229,control,2026-03-10,0,
5230,treatment,2026-03-04,0,
5231,control,2026-03-09,0,
5232,treatment,2026-03-14,0,
5233,control,2026-03-03,0,
5234,control,2026-03-09,0,
5235,control,2026-03-03,0,
5236,control,2026-03-05,0,
5237,treatment,2026-03-12,0,
5238,treatment,2026-03-14,0,
5239,control,2026-03-10,0,
5240,control,2026-03-09,0,
5241,control,2026-03-07,1,26.04
5242,treatment,2026-03-02,0,
5243,treatment,2026-03-01,0,
5244,control,2026-03-10,0,
5245,control,2026-03-02,1,26.04
5246,treatment,2026-03-14,1,60.8
5247,control,2026-03-11,1,41.83
5248,control,2026-03-01,1,57.85
5249,treatment,2026-03-03,1,51.17
5250,treatment,2026-03-04,0,
5251,treatment,2026-03-01,0,
5252,treatment,2026-03-02,1,21.19
5253,control,2026-03-01,1,43.01
5254,control,2026-03-08,0,
5255,treatment,2026-03-04,0,
5256,control,2026-03-02,0,
5257,control,2026-03-14,0,
5258,treatment,2026-03-14,1,16.06
5259,treatment,2026-03-06,1,54.97
5260,control,2026-03-09,0,
5261,control,2026-03-10,0,
5262,treatment,2026-03-11,0,
5263,control,2026-03-14,0,
5264,control,2026-03-14,0,
5265,treatment,2026-03-09,0,
5266,treatment,2026-03-07,0,
5267,treatment,2026-03-09,0,
5268,treatment,2026-03-03,0,
5269,treatment,2026-03-04,0,
5270,control,2026-03-10,0,
5271,treatment,2026-03-07,1,43.46
5272,treatment,2026-03-04,0,
5273,treatment,2026-03-08,0,
5274,control,2026-03-03,0,
5275,control,2026-03-12,1,76.93
5276,control,2026-03-02,0,
5277,treatment,2026-03-07,0,
5278,control,2026-03-06,0,
5279,treatment,2026-03-11,0,
5280,control,2026-03-09,0,
5281,treatment,2026-03-11,0,
5282,treatment,2026-03-04,0,
5283,control,2026-03-05,0,
5284,control,2026-03-08,1,40.72
5285,treatment,2026-03-09,0,
5286,control,2026-03-01,0,
5287,control,2026-03-11,0,
5288,treatment,2026-03-12,0,
5289,control,2026-03-04,0,
5290,control,2026-03-03,0,
5291,treatment,2026-03-07,1,23.87
5292,control,2026-03-04,0,
5293,treatment,2026-03-12,1,50.77
5294,treatment,2026-03-05,0,
5295,treatment,2026-03-06,0,
5296,control,2026-03-06,0,
5297,treatment,2026-03-04,0,
5298,treatment,2026-03-01,0,
5299,treatment,2026-03-12,0,
5300,control,2026-03-04,1,33.13
5301,treatment,2026-03-06,0,
5302,control,2026-03-13,0,
5303,control,2026-03-13,0,
5304,control,2026-03-06,0,
5305,control,2026-03-04,0,
5306,control,2026-03-06,0,
5307,control,2026-03-12,1,66.68
5308,treatment,2026-03-14,1,35.04
5309,control,2026-03-01,0,
5310,treatment,2026-03-04,0,
5311,control,2026-03-10,0,
5312,control,2026-03-01,0,
5313,treatment,2026-03-03,0,
5314,control,2026-03-08,0,
5315,control,2026-03-01,1,55.95
5316,control,2026-03-01,0,
5317,treatment,2026-03-01,0,
5318,treatment,2026-03-06,0,
5319,treatment,2026-03-10,0,
5320,treatment,2026-03-03,0,
5321,treatment,2026-03-02,0,
5322,treatment,2026-03-04,0,
5323,treatment,2026-03-06,1,52.76
5324,control,2026-03-10,0,
5325,control,2026-03-03,0,
5326,control,2026-03-05,0,
5327,treatment,2026-03-14,0,
5328,treatment,2026-03-08,0,
5329,control,2026-03-11,0,
5330,treatment,2026-03-10,0,
5331,control,2026-03-01,1,31.81
5332,control,2026-03-12,0,
5333,treatment,2026-03-02,0,
5334,control,2026-03-10,0,
5335,treatment,2026-03-09,0,
5336,control,2026-03-01,0,
5337,control,2026-03-13,0,
5338,treatment,2026-03-05,0,
5339,control,2026-03-03,0,
5340,treatment,2026-03-12,0,
5341,control,2026-03-10,0,
5342,treatment,2026-03-08,0,
5343,treatment,2026-03-08,0,
5344,control,2026-03-07,0,
5345,control,2026-03-12,0,
5346,treatment,2026-03-04,0,
5347,treatment,2026-03-04,1,45.55
5348,treatment,2026-03-06,0,
5349,control,2026-03-11,0,
5350,treatment,2026-03-01,0,
5351,treatment,2026-03-04,0,
5352,treatment,2026-03-11,0,
5353,control,2026-03-12,1,93.39
5354,control,2026-03-03,0,
5355,treatment,2026-03-13,0,
5356,treatment,2026-03-03,0,
5357,treatment,2026-03-08,0,
5358,control,2026-03-02,1,57.11
5359,treatment,2026-03-01,0,
5360,treatment,2026-03-11,0,
5361,control,2026-03-11,0,
5362,control,2026-03-01,0,
5363,treatment,2026-03-01,1,41.66
5364,treatment,2026-03-02,0,
5365,control,2026-03-06,0,
5366,control,2026-03-03,1,42.79
5367,treatment,2026-03-12,0,
5368,control,2026-03-14,0,
5369,control,2026-03-07,0,
5370,control,2026-03-04,0,
5371,control,2026-03-12,0,
5372,treatment,2026-03-04,0,
5373,treatment,2026-03-04,0,
5374,treatment,2026-03-07,0,
5375,control,2026-03-11,0,
5376,treatment,2026-03-09,0,
5377,treatment,2026-03-05,0,
5378,treatment,2026-03-03,0,
5379,treatment,2026-03-11,0,
5380,control,2026-03-05,1,15.66
5381,control,2026-03-10,0,
5382,control,2026-03-07,0,
5383,treatment,2026-03-01,0,
5384,treatment,2026-03-08,0,
5385,treatment,2026-03-04,0,
5386,control,2026-03-01,0,
5387,control,2026-03-09,0,
5388,control,2026-03-11,0,
5389,treatment,2026-03-01,0,
5390,control,2026-03-05,0,
5391,control,2026-03-01,0,
5392,control,2026-03-07,0,
5393,control,2026-03-04,1,17.7
5394,control,2026-03-01,0,
5395,control,2026-03-14,0,
5396,control,2026-03-10,0,
5397,control,2026-03-08,0,
5398,control,2026-03-13,0,
5399,control,2026-03-12,0,
5400,treatment,2026-03-06,0,
5401,control,2026-03-08,0,
5402,control,2026-03-12,0,
5403,control,2026-03-10,1,55.55
5404,control,2026-03-06,0,
5405,treatment,2026-03-01,0,
5406,control,2026-03-02,0,
5407,treatment,2026-03-13,0,
5408,control,2026-03-09,0,
5409,control,2026-03-10,0,
5410,control,2026-03-04,0,
5411,control,2026-03-12,0,
5412,treatment,2026-03-04,0,
5413,control,2026-03-04,0,
5414,control,2026-03-06,0,
5415,treatment,2026-03-04,0,
5416,control,2026-03-08,0,
5417,treatment,2026-03-09,0,
5418,control,2026-03-07,1,94.96
5419,control,2026-03-04,1,32.18
5420,control,2026-03-11,0,
5421,treatment,2026-03-11,0,
5422,control,2026-03-02,0,
5423,control,2026-03-11,0,
5424,control,2026-03-03,0,
5425,control,2026-03-06,1,37.09
5426,control,2026-03-08,0,
5427,treatment,2026-03-05,0,
5428,control,2026-03-12,0,
5429,control,2026-03-05,1,61.12
5430,control,2026-03-12,0,
5431,control,2026-03-02,0,
5432,treatment,2026-03-12,0,
5433,treatment,2026-03-10,0,
5434,treatment,2026-03-09,0,
5435,treatment,2026-03-13,0,
5436,treatment,2026-03-01,0,
5437,control,2026-03-05,0,
5438,control,2026-03-04,0,
5439,control,2026-03-13,0,
5440,control,2026-03-14,0,
5441,control,2026-03-14,0,
5442,treatment,2026-03-02,0,
5443,treatment,2026-03-13,0,
5444,control,2026-03-05,1,65.69
5445,treatment,2026-03-08,0,
5446,control,2026-03-13,0,
5447,control,2026-03-01,0,
5448,treatment,2026-03-03,1,18.1
5449,treatment,2026-03-09,0,
5450,control,2026-03-08,1,21.96
5451,treatment,2026-03-08,0,
5452,treatment,2026-03-02,0,
5453,treatment,2026-03-03,0,
5454,control,2026-03-12,0,
5455,control,2026-03-03,0,
5456,treatment,2026-03-11,1,25.74
5457,treatment,2026-03-09,0,
5458,control,2026-03-10,0,
5459,treatment,2026-03-05,0,
5460,treatment,2026-03-13,0,
5461,treatment,2026-03-10,0,
5462,control,2026-03-04,0,
5463,control,2026-03-05,0,
5464,treatment,2026-03-14,0,
5465,control,2026-03-12,1,38.59
5466,control,2026-03-03,0,
5467,treatment,2026-03-14,0,
5468,treatment,2026-03-01,0,
5469,treatment,2026-03-02,1,59.61
5470,treatment,2026-03-08,1,50.69
5471,control,2026-03-05,0,
5472,control,2026-03-13,0,
5473,control,2026-03-07,0,
5474,control,2026-03-02,0,
5475,control,2026-03-10,0,
5476,control,2026-03-04,0,
5477,treatment,2026-03-07,1,30.9
5478,control,2026-03-05,1,24.53
5479,treatment,2026-03-13,0,
5480,treatment,2026-03-03,0,
5481,treatment,2026-03-09,0,
5482,control,2026-03-04,1,46.57
5483,control,2026-03-08,0,
5484,treatment,2026-03-07,0,
5485,control,2026-03-03,0,
5486,treatment,2026-03-03,0,
5487,control,2026-03-03,0,
5488,control,2026-03-14,0,
5489,control,2026-03-04,0,
5490,treatment,2026-03-11,0,
5491,treatment,2026-03-07,0,
5492,control,2026-03-04,0,
5493,treatment,2026-03-02,0,
5494,control,2026-03-06,0,
5495,control,2026-03-10,0,
5496,treatment,2026-03-01,0,
5497,control,2026-03-05,1,63.27
5498,treatment,2026-03-02,1,66.91
5499,treatment,2026-03-07,0,
5500,control,2026-03-08,0,
5501,control,2026-03-13,0,
5502,control,2026-03-12,0,
5503,control,2026-03-14,0,
5504,treatment,2026-03-01,0,
5505,treatment,2026-03-06,1,36.85
5506,treatment,2026-03-03,0,
5507,control,2026-03-05,0,
5508,treatment,2026-03-01,0,
5509,treatment,2026-03-07,0,
5510,control,2026-03-08,0,
5511,treatment,2026-03-07,0,
5512,treatment,2026-03-12,1,25.78
5513,control,2026-03-02,0,
5514,treatment,2026-03-09,0,
5515,treatment,2026-03-06,0,
5516,treatment,2026-03-03,0,
5517,control,2026-03-04,0,
5518,treatment,2026-03-03,0,
5519,control,2026-03-09,0,
5520,treatment,2026-03-14,0,
5521,control,2026-03-03,0,
5522,treatment,2026-03-02,1,37.86
5523,treatment,2026-03-10,0,
5524,treatment,2026-03-11,0,
5525,control,2026-03-08,0,
5526,control,2026-03-07,0,
5527,treatment,2026-03-06,0,
5528,treatment,2026-03-04,0,
5529,treatment,2026-03-10,0,
5530,control,2026-03-10,0,
5531,treatment,2026-03-02,0,
5532,control,2026-03-14,0,
5533,control,2026-03-12,0,
5534,control,2026-03-12,0,
5535,treatment,2026-03-01,0,
5536,control,2026-03-10,0,
5537,control,2026-03-11,0,
5538,treatment,2026-03-07,0,
5539,control,2026-03-14,1,47.78
5540,treatment,2026-03-04,1,24.03
5541,control,2026-03-02,0,
5542,control,2026-03-11,0,
5543,treatment,2026-03-08,1,93.62
5544,control,2026-03-09,1,26.1
5545,treatment,2026-03-13,0,
5546,control,2026-03-06,0,
5547,treatment,2026-03-03,0,
5548,treatment,2026-03-11,0,
5549,treatment,2026-03-11,0,
5550,control,2026-03-13,1,29.98
5551,treatment,2026-03-14,0,
5552,control,2026-03-02,0,
5553,control,2026-03-03,0,
5554,treatment,2026-03-05,0,
5555,treatment,2026-03-05,0,
5556,control,2026-03-08,0,
5557,treatment,2026-03-13,0,
5558,control,2026-03-08,0,
5559,treatment,2026-03-11,0,
5560,control,2026-03-05,0,
5561,control,2026-03-01,1,53.55
5562,control,2026-03-03,0,
5563,control,2026-03-03,0,
5564,treatment,2026-03-13,0,
5565,control,2026-03-08,1,46.98
5566,control,2026-03-02,0,
5567,treatment,2026-03-10,0,
5568,treatment,2026-03-04,0,
5569,treatment,2026-03-12,0,
5570,control,2026-03-03,0,
5571,treatment,2026-03-06,1,46.78
5572,treatment,2026-03-02,0,
5573,treatment,2026-03-06,0,
5574,treatment,2026-03-07,1,36.86
5575,control,2026-03-14,0,
5576,control,2026-03-01,0,
5577,control,2026-03-03,0,
5578,control,2026-03-12,0,
5579,treatment,2026-03-10,0,
5580,treatment,2026-03-11,0,
5581,treatment,2026-03-10,1,30.96
5582,control,2026-03-05,1,36.75
5583,treatment,2026-03-10,0,
5584,treatment,2026-03-08,0,
5585,treatment,2026-03-09,0,
5586,treatment,2026-03-03,0,
5587,control,2026-03-06,0,
5588,treatment,2026-03-07,0,
5589,treatment,2026-03-10,0,
5590,control,2026-03-08,0,
5591,control,2026-03-01,0,
5592,control,2026-03-04,0,
5593,treatment,2026-03-13,0,
5594,treatment,2026-03-08,0,
5595,control,2026-03-12,0,
5596,treatment,2026-03-07,0,
5597,treatment,2026-03-04,0,
5598,treatment,2026-03-13,0,
5599,treatment,2026-03-07,1,48.69
5600,control,2026-03-05,0,
5601,control,2026-03-13,0,
5602,control,2026-03-13,0,
5603,control,2026-03-05,0,
5604,control,2026-03-06,0,
5605,treatment,2026-03-08,0,
5606,control,2026-03-01,1,62.59
5607,treatment,2026-03-04,0,
5608,control,2026-03-07,0,
5609,treatment,2026-03-10,0,
5610,control,2026-03-02,0,
5611,treatment,2026-03-04,0,
5612,treatment,2026-03-07,0,
5613,control,2026-03-05,0,
5614,treatment,2026-03-03,1,9.53
5615,treatment,2026-03-08,0,
5616,control,2026-03-04,0,
5617,treatment,2026-03-11,0,
5618,treatment,2026-03-06,0,
5619,control,2026-03-05,0,
5620,treatment,2026-03-08,0,
5621,control,2026-03-10,0,
5622,control,2026-03-06,1,35.69
5623,treatment,2026-03-13,0,
5624,control,2026-03-04,0,
5625,control,2026-03-07,0,
5626,control,2026-03-01,0,
5627,treatment,2026-03-09,0,
5628,treatment,2026-03-12,0,
5629,control,2026-03-12,0,
5630,control,2026-03-02,0,
5631,control,2026-03-13,1,85.24
5632,treatment,2026-03-13,0,
5633,treatment,2026-03-14,0,
5634,control,2026-03-11,0,
5635,treatment,2026-03-07,0,
5636,treatment,2026-03-02,0,
5637,treatment,2026-03-13,0,
5638,control,2026-03-12,0,
5639,control,2026-03-04,0,
5640,control,2026-03-05,0,
5641,control,2026-03-10,0,
5642,treatment,2026-03-01,0,
5643,control,2026-03-06,0,
5644,treatment,2026-03-03,0,
5645,control,2026-03-13,0,
5646,treatment,2026-03-05,0,
5647,treatment,2026-03-02,1,45.98
5648,treatment,2026-03-01,0,
5649,control,2026-03-11,0,
5650,treatment,2026-03-14,0,
5651,treatment,2026-03-08,0,
5652,control,2026-03-06,0,
5653,treatment,2026-03-03,0,
5654,treatment,2026-03-13,0,
5655,treatment,2026-03-09,0,
5656,control,2026-03-01,0,
5657,treatment,2026-03-10,1,24.5
5658,treatment,2026-03-10,0,
5659,treatment,2026-03-12,0,
5660,treatment,2026-03-06,1,49.86
5661,treatment,2026-03-09,0,
5662,control,2026-03-11,0,
5663,control,2026-03-09,0,
5664,treatment,2026-03-11,0,
5665,control,2026-03-07,1,30.88
5666,control,2026-03-13,0,
5667,treatment,2026-03-12,0,
5668,treatment,2026-03-08,0,
5669,treatment,2026-03-01,0,
5670,treatment,2026-03-07,0,
5671,treatment,2026-03-08,0,
5672,treatment,2026-03-07,1,52.2
5673,treatment,2026-03-09,0,
5674,control,2026-03-05,0,
5675,control,2026-03-12,0,
5676,control,2026-03-06,0,
5677,control,2026-03-07,0,
5678,treatment,2026-03-13,0,
5679,treatment,2026-03-02,0,
5680,treatment,2026-03-04,0,
5681,treatment,2026-03-04,1,101.38
5682,control,2026-03-07,0,
5683,control,2026-03-10,0,
5684,treatment,2026-03-08,0,
5685,treatment,2026-03-01,0,
5686,treatment,2026-03-13,1,85.4
5687,control,2026-03-01,0,
5688,control,2026-03-03,0,
5689,treatment,2026-03-02,0,
5690,treatment,2026-03-06,0,
5691,treatment,2026-03-05,0,
5692,control,2026-03-08,0,
5693,control,2026-03-14,0,
5694,treatment,2026-03-12,0,
5695,control,2026-03-12,0,
5696,control,2026-03-14,0,
5697,treatment,2026-03-02,0,
5698,control,2026-03-14,0,
5699,treatment,2026-03-12,0,
5700,control,2026-03-02,0,
5701,treatment,2026-03-09,0,
5702,treatment,2026-03-06,0,
5703,control,2026-03-14,0,
5704,treatment,2026-03-13,0,
5705,control,2026-03-08,0,
5706,control,2026-03-13,0,
5707,control,2026-03-10,0,
5708,treatment,2026-03-13,1,37.61
5709,control,2026-03-01,0,
5710,treatment,2026-03-14,0,
5711,treatment,2026-03-02,0,
5712,treatment,2026-03-02,0,
5713,control,2026-03-10,0,
5714,treatment,2026-03-06,1,34.39
5715,treatment,2026-03-03,0,
5716,treatment,2026-03-06,0,
5717,control,2026-03-03,0,
5718,treatment,2026-03-08,0,
5719,treatment,2026-03-11,0,
5720,control,2026-03-02,0,
5721,treatment,2026-03-03,0,
5722,treatment,2026-03-04,0,
5723,control,2026-03-06,0,
5724,control,2026-03-10,0,
5725,control,2026-03-10,0,
5726,treatment,2026-03-07,0,
5727,treatment,2026-03-03,0,
5728,treatment,2026-03-07,0,
5729,treatment,2026-03-13,0,
5730,control,2026-03-04,0,
5731,treatment,2026-03-14,0,
5732,control,2026-03-05,0,
5733,control,2026-03-07,0,
5734,control,2026-03-11,0,
5735,treatment,2026-03-14,0,
5736,control,2026-03-14,0,
5737,treatment,2026-03-07,0,
5738,treatment,2026-03-09,0,
5739,control,2026-03-07,0,
5740,control,2026-03-04,0,
5741,control,2026-03-11,1,62.52
5742,treatment,2026-03-08,0,
5743,control,2026-03-02,0,
5744,treatment,2026-03-11,0,
5745,control,2026-03-03,0,
5746,control,2026-03-02,0,
5747,control,2026-03-01,0,
5748,control,2026-03-03,0,
5749,control,2026-03-06,1,61.76
5750,control,2026-03-13,0,
5751,control,2026-03-07,0,
5752,control,2026-03-09,1,88.91
5753,control,2026-03-14,0,
5754,control,2026-03-09,0,
5755,control,2026-03-01,0,
5756,control,2026-03-04,0,
5757,control,2026-03-11,0,
5758,treatment,2026-03-10,0,
5759,control,2026-03-14,0,
5760,treatment,2026-03-12,0,
5761,control,2026-03-08,0,
5762,treatment,2026-03-02,0,
5763,treatment,2026-03-02,0,
5764,treatment,2026-03-08,0,
5765,treatment,2026-03-06,0,
5766,treatment,2026-03-03,0,
5767,control,2026-03-07,0,
5768,control,2026-03-11,0,
5769,treatment,2026-03-10,0,
5770,treatment,2026-03-10,1,34.84
5771,control,2026-03-09,0,
5772,treatment,2026-03-14,0,
5773,control,2026-03-12,0,
5774,control,2026-03-09,0,
5775,control,2026-03-01,1,37.43
5776,treatment,2026-03-11,0,
5777,treatment,2026-03-09,1,49.96
5778,control,2026-03-01,0,
5779,treatment,2026-03-10,0,
5780,control,2026-03-09,1,51.67
5781,treatment,2026-03-12,1,35.59
5782,treatment,2026-03-11,0,
5783,treatment,2026-03-07,0,
5784,control,2026-03-04,0,
5785,control,2026-03-07,0,
5786,control,2026-03-03,0,
5787,control,2026-03-04,0,
5788,treatment,2026-03-09,1,43.74
5789,treatment,2026-03-14,0,
5790,control,2026-03-08,0,
5791,control,2026-03-08,0,
5792,control,2026-03-09,0,
5793,treatment,2026-03-10,0,
5794,control,2026-03-13,0,
5795,control,2026-03-04,0,
5796,treatment,2026-03-05,0,
5797,control,2026-03-10,0,
5798,control,2026-03-13,0,
5799,control,2026-03-12,0,
5800,control,2026-03-01,0,
5801,control,2026-03-01,0,
5802,treatment,2026-03-10,0,
5803,treatment,2026-03-12,1,56.23
5804,treatment,2026-03-14,0,
5805,treatment,2026-03-03,0,
5806,control,2026-03-11,0,
5807,control,2026-03-09,0,
5808,treatment,2026-03-04,0,
5809,treatment,2026-03-13,0,
5810,treatment,2026-03-12,0,
5811,treatment,2026-03-06,0,
5812,treatment,2026-03-08,0,
5813,treatment,2026-03-03,0,
5814,control,2026-03-03,0,
5815,control,2026-03-14,0,
5816,control,2026-03-09,0,
5817,treatment,2026-03-10,0,
5818,treatment,2026-03-11,0,
5819,treatment,2026-03-09,0,
5820,treatment,2026-03-03,0,
5821,treatment,2026-03-12,1,18.23
5822,control,2026-03-09,0,
5823,control,2026-03-02,0,
5824,treatment,2026-03-14,0,
5825,treatment,2026-03-09,0,
5826,control,2026-03-06,0,
5827,control,2026-03-01,0,
5828,control,2026-03-11,0,
5829,control,2026-03-13,0,
5830,control,2026-03-01,0,
5831,treatment,2026-03-08,0,
5832,treatment,2026-03-03,0,
5833,treatment,2026-03-06,0,
5834,control,2026-03-09,0,
5835,control,2026-03-12,0,
5836,control,2026-03-10,0,
5837,treatment,2026-03-13,0,
5838,treatment,2026-03-02,0,
5839,treatment,2026-03-05,1,26.18
5840,control,2026-03-09,0,
5841,control,2026-03-12,1,49.59
5842,treatment,2026-03-14,1,49.69
5843,treatment,2026-03-14,0,
5844,control,2026-03-10,0,
5845,control,2026-03-12,1,32.72
5846,treatment,2026-03-09,0,
5847,treatment,2026-03-02,0,
5848,treatment,2026-03-09,0,
5849,treatment,2026-03-14,0,
5850,treatment,2026-03-09,1,31.13
5851,control,2026-03-01,1,48.65
5852,treatment,2026-03-12,1,69.51
5853,control,2026-03-13,0,
5854,control,2026-03-10,0,
5855,control,2026-03-06,1,70.08
5856,treatment,2026-03-07,0,
5857,treatment,2026-03-04,1,55.98
5858,control,2026-03-04,0,
5859,control,2026-03-05,0,
5860,treatment,2026-03-03,1,25.81
5861,control,2026-03-10,0,
5862,treatment,2026-03-07,0,
5863,treatment,2026-03-05,0,
5864,treatment,2026-03-08,1,35.62
5865,control,2026-03-05,0,
5866,control,2026-03-10,0,
5867,treatment,2026-03-04,0,
5868,control,2026-03-11,0,
5869,control,2026-03-09,0,
5870,treatment,2026-03-01,1,73.55
5871,treatment,2026-03-02,0,
5872,control,2026-03-04,0,
5873,treatment,2026-03-11,0,
5874,control,2026-03-07,0,
5875,treatment,2026-03-14,1,45.61
5876,treatment,2026-03-14,0,
5877,control,2026-03-03,0,
5878,control,2026-03-01,0,
5879,control,2026-03-12,0,
5880,control,2026-03-14,0,
5881,treatment,2026-03-07,1,46.0
5882,treatment,2026-03-11,0,
5883,control,2026-03-08,0,
5884,treatment,2026-03-14,0,
5885,treatment,2026-03-14,0,
5886,control,2026-03-03,0,
5887,treatment,2026-03-06,0,
5888,treatment,2026-03-06,0,
5889,control,2026-03-06,0,
5890,treatment,2026-03-05,0,
5891,treatment,2026-03-08,0,
5892,treatment,2026-03-14,0,
5893,treatment,2026-03-02,0,
5894,control,2026-03-08,0,
5895,treatment,2026-03-09,0,
5896,control,2026-03-14,1,47.91
5897,control,2026-03-06,1,24.29
5898,treatment,2026-03-06,0,
5899,treatment,2026-03-13,0,
5900,treatment,2026-03-10,0,
5901,treatment,2026-03-14,0,
5902,treatment,2026-03-02,1,44.76
5903,treatment,2026-03-05,0,
5904,treatment,2026-03-13,0,
5905,control,2026-03-06,1,33.55
5906,treatment,2026-03-07,0,
5907,treatment,2026-03-02,0,
5908,treatment,2026-03-11,0,
5909,control,2026-03-11,0,
5910,control,2026-03-02,0,
5911,treatment,2026-03-05,0,
5912,control,2026-03-03,0,
5913,control,2026-03-12,0,
5914,control,2026-03-04,0,
5915,treatment,2026-03-10,0,
5916,treatment,2026-03-05,0,
5917,control,2026-03-09,0,
5918,control,2026-03-12,0,
5919,treatment,2026-03-11,0,
5920,control,2026-03-04,1,22.62
5921,treatment,2026-03-11,1,51.08
5922,control,2026-03-05,0,
5923,treatment,2026-03-10,0,
5924,control,2026-03-11,0,
5925,control,2026-03-08,0,
5926,control,2026-03-12,0,
5927,control,2026-03-14,1,68.79
5928,treatment,2026-03-14,0,
5929,control,2026-03-05,0,
5930,treatment,2026-03-04,1,24.52
5931,treatment,2026-03-14,1,32.15
5932,control,2026-03-10,0,
5933,treatment,2026-03-02,1,50.0
5934,treatment,2026-03-05,1,30.35
5935,control,2026-03-01,0,
5936,control,2026-03-08,0,
5937,treatment,2026-03-11,0,
5938,treatment,2026-03-11,0,
5939,treatment,2026-03-11,0,
5940,treatment,2026-03-09,0,
5941,control,2026-03-13,0,
5942,control,2026-03-02,0,
5943,treatment,2026-03-06,0,
5944,control,2026-03-07,0,
5945,control,2026-03-02,1,60.97
5946,control,2026-03-01,0,
5947,control,2026-03-14,0,
5948,treatment,2026-03-02,0,
5949,treatment,2026-03-05,0,
5950,control,2026-03-07,0,
5951,treatment,2026-03-10,0,
5952,treatment,2026-03-05,1,38.46
5953,treatment,2026-03-03,0,
5954,control,2026-03-09,0,
5955,treatment,2026-03-07,0,
5956,treatment,2026-03-05,0,
5957,treatment,2026-03-14,0,
5958,control,2026-03-09,0,
5959,control,2026-03-01,1,65.58
5960,treatment,2026-03-07,0,
5961,treatment,2026-03-02,0,
5962,treatment,2026-03-11,0,
5963,treatment,2026-03-08,0,
5964,control,2026-03-04,0,
5965,treatment,2026-03-11,0,
5966,treatment,2026-03-02,0,
5967,treatment,2026-03-12,0,
5968,treatment,2026-03-12,0,
5969,control,2026-03-08,0,
5970,control,2026-03-08,0,
5971,control,2026-03-04,0,
5972,control,2026-03-12,0,
5973,control,2026-03-10,0,
5974,control,2026-03-10,0,
5975,treatment,2026-03-14,1,37.92
5976,control,2026-03-10,0,
5977,treatment,2026-03-02,1,38.72
5978,treatment,2026-03-14,0,
5979,treatment,2026-03-05,0,
5980,treatment,2026-03-01,0,
5981,control,2026-03-13,0,
5982,treatment,2026-03-05,0,
5983,control,2026-03-05,1,34.76
5984,control,2026-03-03,0,
5985,control,2026-03-07,0,
5986,control,2026-03-11,0,
5987,treatment,2026-03-11,0,
5988,treatment,2026-03-08,0,
5989,control,2026-03-11,0,
5990,treatment,2026-03-08,0,
5991,control,2026-03-05,0,
5992,control,2026-03-12,0,
5993,treatment,2026-03-05,0,
5994,control,2026-03-08,0,
5995,treatment,2026-03-03,0,
5996,control,2026-03-02,0,
5997,treatment,2026-03-09,0,
5998,treatment,2026-03-05,0,
5999,control,2026-03-05,0,
6000,treatment,2026-03-04,0,
6001,treatment,2026-03-06,0,
6002,control,2026-03-12,1,41.32
6003,control,2026-03-01,0,
6004,control,2026-03-02,0,
6005,control,2026-03-03,1,41.79
6006,treatment,2026-03-09,0,
6007,treatment,2026-03-02,0,
6008,treatment,2026-03-02,0,
6009,treatment,2026-03-06,0,
6010,control,2026-03-04,0,
6011,control,2026-03-01,1,59.34
6012,treatment,2026-03-14,0,
6013,treatment,2026-03-03,0,
6014,control,2026-03-13,0,
6015,treatment,2026-03-07,0,
6016,control,2026-03-06,1,50.49
6017,treatment,2026-03-13,0,
6018,treatment,2026-03-10,0,
6019,control,2026-03-08,0,
6020,control,2026-03-01,0,
6021,treatment,2026-03-02,0,
6022,control,2026-03-10,0,
6023,treatment,2026-03-04,0,
6024,treatment,2026-03-14,0,
6025,treatment,2026-03-12,0,
6026,control,2026-03-07,1,47.33
6027,control,2026-03-04,0,
6028,treatment,2026-03-03,0,
6029,treatment,2026-03-10,0,
6030,control,2026-03-06,0,
6031,control,2026-03-01,0,
6032,treatment,2026-03-13,0,
6033,control,2026-03-04,0,
6034,control,2026-03-10,0,
6035,treatment,2026-03-11,0,
6036,control,2026-03-14,0,
6037,control,2026-03-05,0,
6038,control,2026-03-14,0,
6039,treatment,2026-03-08,0,
6040,control,2026-03-09,1,52.4
6041,treatment,2026-03-08,0,
6042,control,2026-03-02,0,
6043,treatment,2026-03-13,0,
6044,treatment,2026-03-01,0,
6045,control,2026-03-05,0,
6046,treatment,2026-03-04,1,50.71
6047,treatment,2026-03-06,0,
6048,treatment,2026-03-01,0,
6049,treatment,2026-03-14,0,
6050,control,2026-03-01,0,
6051,control,2026-03-09,0,
6052,treatment,2026-03-03,0,
6053,treatment,2026-03-03,1,38.05
6054,treatment,2026-03-03,0,
6055,control,2026-03-11,0,
6056,control,2026-03-07,0,
6057,control,2026-03-01,0,
6058,treatment,2026-03-01,1,41.13
6059,treatment,2026-03-10,1,38.87
6060,treatment,2026-03-11,0,
6061,control,2026-03-10,1,66.76
6062,treatment,2026-03-12,0,
6063,control,2026-03-07,0,
6064,treatment,2026-03-04,1,34.19
6065,treatment,2026-03-13,0,
6066,treatment,2026-03-03,0,
6067,control,2026-03-05,0,
6068,control,2026-03-13,0,
6069,control,2026-03-07,0,
6070,control,2026-03-03,0,
6071,treatment,2026-03-06,0,
6072,treatment,2026-03-10,0,
6073,control,2026-03-07,0,
6074,control,2026-03-14,1,31.9
6075,treatment,2026-03-04,1,51.23
6076,control,2026-03-13,0,
6077,treatment,2026-03-06,0,
6078,control,2026-03-13,0,
6079,treatment,2026-03-12,1,48.71
6080,control,2026-03-01,0,
6081,control,2026-03-01,0,
6082,treatment,2026-03-13,0,
6083,treatment,2026-03-07,0,
6084,control,2026-03-13,0,
6085,control,2026-03-11,0,
6086,treatment,2026-03-06,0,
6087,control,2026-03-01,0,
6088,control,2026-03-13,0,
6089,treatment,2026-03-03,0,
6090,control,2026-03-03,0,
6091,control,2026-03-07,0,
6092,control,2026-03-08,1,32.95
6093,treatment,2026-03-01,0,
6094,treatment,2026-03-02,0,
6095,control,2026-03-09,0,
6096,control,2026-03-02,0,
6097,control,2026-03-03,0,
6098,treatment,2026-03-01,0,
6099,control,2026-03-12,1,51.59
6100,treatment,2026-03-07,0,
6101,treatment,2026-03-12,0,
6102,treatment,2026-03-01,0,
6103,treatment,2026-03-02,0,
6104,treatment,2026-03-07,0,
6105,control,2026-03-07,0,
6106,control,2026-03-14,1,39.94
6107,control,2026-03-01,0,
6108,control,2026-03-06,0,
6109,treatment,2026-03-08,0,
6110,treatment,2026-03-13,0,
6111,treatment,2026-03-07,0,
6112,treatment,2026-03-09,0,
6113,control,2026-03-14,0,
6114,control,2026-03-09,0,
6115,treatment,2026-03-08,0,
6116,treatment,2026-03-05,0,
6117,control,2026-03-11,0,
6118,treatment,2026-03-02,0,
6119,control,2026-03-08,1,21.44
6120,control,2026-03-14,0,
6121,control,2026-03-04,0,
6122,control,2026-03-11,0,
6123,treatment,2026-03-09,0,
6124,control,2026-03-06,1,69.96
6125,treatment,2026-03-13,0,
6126,treatment,2026-03-09,0,
6127,control,2026-03-04,0,
6128,control,2026-03-04,1,31.73
6129,treatment,2026-03-03,0,
6130,treatment,2026-03-03,0,
6131,control,2026-03-07,0,
6132,treatment,2026-03-03,0,
6133,control,2026-03-01,0,
6134,treatment,2026-03-13,0,
6135,control,2026-03-02,0,
6136,treatment,2026-03-03,1,32.14
6137,control,2026-03-02,0,
6138,control,2026-03-08,1,39.79
6139,control,2026-03-05,0,
6140,control,2026-03-10,1,48.83
6141,treatment,2026-03-13,1,62.26
6142,treatment,2026-03-11,1,79.57
6143,control,2026-03-14,0,
6144,control,2026-03-11,0,
6145,control,2026-03-04,0,
6146,control,2026-03-08,0,
6147,treatment,2026-03-08,0,
6148,control,2026-03-04,1,27.04
6149,treatment,2026-03-13,0,
6150,control,2026-03-05,0,
6151,treatment,2026-03-13,0,
6152,treatment,2026-03-06,0,
6153,treatment,2026-03-04,0,
6154,control,2026-03-05,0,
6155,control,2026-03-08,0,
6156,treatment,2026-03-13,0,
6157,treatment,2026-03-01,0,
6158,control,2026-03-08,1,62.12
6159,control,2026-03-11,0,
6160,control,2026-03-05,0,
6161,control,2026-03-04,0,
6162,treatment,2026-03-02,0,
6163,treatment,2026-03-06,0,
6164,treatment,2026-03-05,0,
6165,treatment,2026-03-08,0,
6166,control,2026-03-03,0,
6167,control,2026-03-07,0,
6168,treatment,2026-03-12,0,
6169,control,2026-03-06,0,
6170,control,2026-03-09,0,
6171,control,2026-03-12,1,50.49
6172,treatment,2026-03-08,0,
6173,treatment,2026-03-14,0,
6174,control,2026-03-10,0,
6175,treatment,2026-03-04,1,30.16
6176,treatment,2026-03-10,0,
6177,control,2026-03-07,0,
6178,treatment,2026-03-11,0,
6179,control,2026-03-05,0,
6180,control,2026-03-08,0,
6181,treatment,2026-03-03,0,
6182,control,2026-03-04,0,
6183,control,2026-03-03,1,44.47
6184,control,2026-03-02,0,
6185,control,2026-03-01,0,
6186,control,2026-03-07,0,
6187,control,2026-03-08,0,
6188,control,2026-03-07,0,
6189,treatment,2026-03-14,0,
6190,treatment,2026-03-05,0,
6191,control,2026-03-03,0,
6192,treatment,2026-03-14,0,
6193,control,2026-03-04,1,93.27
6194,control,2026-03-03,0,
6195,control,2026-03-04,0,
6196,treatment,2026-03-04,0,
6197,control,2026-03-10,0,
6198,treatment,2026-03-12,1,59.17
6199,treatment,2026-03-13,1,67.8
6200,treatment,2026-03-01,0,
6201,treatment,2026-03-01,0,
6202,control,2026-03-14,0,
6203,control,2026-03-09,0,
6204,control,2026-03-14,0,
6205,treatment,2026-03-07,0,
6206,control,2026-03-09,0,
6207,treatment,2026-03-01,0,
6208,treatment,2026-03-04,0,
6209,treatment,2026-03-08,0,
6210,control,2026-03-10,1,65.78
6211,treatment,2026-03-11,0,
6212,treatment,2026-03-04,1,15.24
6213,treatment,2026-03-12,0,
6214,treatment,2026-03-08,0,
6215,control,2026-03-10,0,
6216,control,2026-03-03,0,
6217,control,2026-03-02,1,29.11
6218,control,2026-03-08,0,
6219,control,2026-03-07,0,
6220,control,2026-03-09,1,11.92
6221,control,2026-03-11,1,60.86
6222,control,2026-03-10,0,
6223,treatment,2026-03-08,0,
6224,treatment,2026-03-05,0,
6225,treatment,2026-03-08,0,
6226,treatment,2026-03-05,0,
6227,treatment,2026-03-09,0,
6228,control,2026-03-10,0,
6229,treatment,2026-03-12,0,
6230,control,2026-03-11,0,
6231,control,2026-03-02,0,
6232,treatment,2026-03-09,0,
6233,treatment,2026-03-05,0,
6234,treatment,2026-03-13,0,
6235,control,2026-03-06,1,25.11
6236,control,2026-03-04,0,
6237,control,2026-03-08,0,
6238,control,2026-03-01,0,
6239,treatment,2026-03-11,1,59.14
6240,treatment,2026-03-03,0,
6241,treatment,2026-03-01,0,
6242,treatment,2026-03-07,0,
6243,control,2026-03-11,0,
6244,control,2026-03-07,1,41.56
6245,treatment,2026-03-05,0,
6246,treatment,2026-03-14,0,
6247,treatment,2026-03-03,0,
6248,treatment,2026-03-09,1,22.96
6249,treatment,2026-03-04,0,
6250,treatment,2026-03-13,0,
6251,control,2026-03-10,0,
6252,control,2026-03-02,0,
6253,treatment,2026-03-09,1,26.34
6254,treatment,2026-03-04,1,67.28
6255,control,2026-03-04,1,31.79
6256,control,2026-03-10,0,
6257,treatment,2026-03-05,0,
6258,treatment,2026-03-10,0,
6259,treatment,2026-03-02,0,
6260,control,2026-03-01,1,53.09
6261,treatment,2026-03-03,0,
6262,treatment,2026-03-09,1,37.2
6263,treatment,2026-03-12,0,
6264,treatment,2026-03-05,1,34.38
6265,treatment,2026-03-07,0,
6266,control,2026-03-01,0,
6267,treatment,2026-03-05,1,47.79
6268,control,2026-03-06,0,
6269,control,2026-03-01,0,
6270,treatment,2026-03-14,0,
6271,control,2026-03-09,0,
6272,treatment,2026-03-09,0,
6273,treatment,2026-03-06,0,
6274,control,2026-03-12,0,
6275,control,2026-03-01,0,
6276,control,2026-03-09,0,
6277,treatment,2026-03-03,1,29.92
6278,control,2026-03-01,1,43.88
6279,treatment,2026-03-10,0,
6280,treatment,2026-03-02,0,
6281,control,2026-03-12,1,54.75
6282,control,2026-03-11,0,
6283,treatment,2026-03-09,0,
6284,treatment,2026-03-09,0,
6285,treatment,2026-03-03,0,
6286,treatment,2026-03-03,0,
6287,control,2026-03-07,0,
6288,treatment,2026-03-14,0,
6289,treatment,2026-03-13,1,46.92
6290,treatment,2026-03-04,0,
6291,control,2026-03-10,0,
6292,control,2026-03-06,0,
6293,treatment,2026-03-14,0,
6294,control,2026-03-08,1,99.19
6295,treatment,2026-03-04,0,
6296,control,2026-03-12,0,
6297,treatment,2026-03-02,1,26.75
6298,control,2026-03-03,0,
6299,control,2026-03-01,0,
6300,control,2026-03-01,0,
6301,treatment,2026-03-11,0,
6302,control,2026-03-05,0,
6303,treatment,2026-03-01,0,
6304,treatment,2026-03-07,0,
6305,treatment,2026-03-11,0,
6306,control,2026-03-10,0,
6307,control,2026-03-03,0,
6308,control,2026-03-08,1,22.59
6309,control,2026-03-14,0,
6310,treatment,2026-03-12,0,
6311,control,2026-03-05,0,
6312,control,2026-03-07,0,
6313,treatment,2026-03-07,0,
6314,treatment,2026-03-04,0,
6315,treatment,2026-03-12,0,
6316,treatment,2026-03-11,1,58.86
6317,treatment,2026-03-05,0,
6318,treatment,2026-03-04,0,
6319,treatment,2026-03-06,0,
6320,control,2026-03-10,0,
6321,treatment,2026-03-03,1,47.26
6322,treatment,2026-03-03,0,
6323,treatment,2026-03-02,0,
6324,control,2026-03-06,1,24.36
6325,control,2026-03-11,0,
6326,control,2026-03-02,0,
6327,control,2026-03-02,0,
6328,control,2026-03-02,0,
6329,control,2026-03-03,0,
6330,treatment,2026-03-03,0,
6331,control,2026-03-13,0,
6332,control,2026-03-09,1,49.75
6333,control,2026-03-06,0,
6334,control,2026-03-04,0,
6335,treatment,2026-03-10,0,
6336,treatment,2026-03-06,0,
6337,control,2026-03-01,0,
6338,treatment,2026-03-05,0,
6339,control,2026-03-10,0,
6340,control,2026-03-14,0,
6341,treatment,2026-03-13,1,18.37
6342,control,2026-03-04,0,
6343,control,2026-03-02,1,48.15
6344,treatment,2026-03-14,1,22.79
6345,control,2026-03-05,0,
6346,treatment,2026-03-09,0,
6347,control,2026-03-04,0,
6348,control,2026-03-14,1,32.43
6349,treatment,2026-03-01,0,
6350,treatment,2026-03-07,0,
6351,treatment,2026-03-14,0,
6352,treatment,2026-03-06,0,
6353,control,2026-03-13,0,
6354,treatment,2026-03-14,0,
6355,treatment,2026-03-06,0,
6356,treatment,2026-03-11,1,40.05
6357,control,2026-03-03,0,
6358,treatment,2026-03-09,0,
6359,control,2026-03-13,0,
6360,treatment,2026-03-12,0,
6361,treatment,2026-03-06,0,
6362,control,2026-03-02,0,
6363,treatment,2026-03-06,0,
6364,control,2026-03-13,0,
6365,treatment,2026-03-03,0,
6366,control,2026-03-07,0,
6367,control,2026-03-04,0,
6368,treatment,2026-03-13,0,
6369,treatment,2026-03-03,0,
6370,control,2026-03-08,0,
6371,treatment,2026-03-14,0,
6372,treatment,2026-03-05,0,
6373,treatment,2026-03-06,0,
6374,control,2026-03-05,0,
6375,treatment,2026-03-06,1,55.56
6376,treatment,2026-03-06,0,
6377,treatment,2026-03-10,1,51.39
6378,treatment,2026-03-09,0,
6379,treatment,2026-03-07,1,31.52
6380,treatment,2026-03-02,0,
6381,treatment,2026-03-11,0,
6382,control,2026-03-12,0,
6383,control,2026-03-09,0,
6384,control,2026-03-08,0,
6385,treatment,2026-03-05,0,
6386,treatment,2026-03-01,0,
6387,treatment,2026-03-06,1,29.56
6388,control,2026-03-09,0,
6389,control,2026-03-13,0,
6390,control,2026-03-10,0,
6391,treatment,2026-03-02,0,
6392,treatment,2026-03-12,0,
6393,control,2026-03-12,0,
6394,treatment,2026-03-09,0,
6395,treatment,2026-03-06,0,
6396,treatment,2026-03-01,0,
6397,treatment,2026-03-05,0,
6398,treatment,2026-03-04,0,
6399,control,2026-03-03,0,
6400,control,2026-03-02,0,
6401,treatment,2026-03-12,0,
6402,treatment,2026-03-12,0,
6403,control,2026-03-01,0,
6404,treatment,2026-03-04,0,
6405,control,2026-03-08,0,
6406,control,2026-03-12,0,
6407,treatment,2026-03-08,0,
6408,treatment,2026-03-12,0,
6409,treatment,2026-03-06,0,
6410,treatment,2026-03-12,0,
6411,control,2026-03-05,0,
6412,treatment,2026-03-07,0,
6413,treatment,2026-03-10,0,
6414,control,2026-03-03,0,
6415,control,2026-03-01,0,
6416,treatment,2026-03-02,0,
6417,control,2026-03-10,0,
6418,control,2026-03-12,0,
6419,treatment,2026-03-14,0,
6420,treatment,2026-03-05,0,
6421,treatment,2026-03-01,0,
6422,treatment,2026-03-06,1,37.69
6423,treatment,2026-03-02,0,
6424,control,2026-03-03,0,
6425,control,2026-03-07,0,
6426,treatment,2026-03-12,0,
6427,treatment,2026-03-08,1,65.43
6428,control,2026-03-07,0,
6429,treatment,2026-03-09,0,
6430,treatment,2026-03-04,0,
6431,treatment,2026-03-04,0,
6432,treatment,2026-03-01,0,
6433,treatment,2026-03-09,0,
6434,treatment,2026-03-01,1,44.47
6435,treatment,2026-03-03,0,
6436,control,2026-03-02,0,
6437,control,2026-03-10,0,
6438,treatment,2026-03-10,1,49.68
6439,treatment,2026-03-11,0,
6440,control,2026-03-07,0,
6441,treatment,2026-03-07,1,61.26
6442,treatment,2026-03-10,0,
6443,control,2026-03-09,0,
6444,control,2026-03-04,0,
6445,treatment,2026-03-10,1,19.86
6446,treatment,2026-03-10,1,32.51
6447,control,2026-03-06,0,
6448,treatment,2026-03-01,0,
6449,control,2026-03-07,0,
6450,treatment,2026-03-01,0,
6451,treatment,2026-03-01,0,
6452,treatment,2026-03-02,0,
6453,treatment,2026-03-06,0,
6454,treatment,2026-03-13,0,
6455,treatment,2026-03-14,0,
6456,control,2026-03-01,0,
6457,control,2026-03-07,0,
6458,control,2026-03-14,0,
6459,treatment,2026-03-09,0,
6460,control,2026-03-12,0,
6461,control,2026-03-01,0,
6462,control,2026-03-12,0,
6463,control,2026-03-03,0,
6464,treatment,2026-03-14,0,
6465,control,2026-03-11,0,
6466,control,2026-03-12,0,
6467,treatment,2026-03-05,0,
6468,control,2026-03-11,0,
6469,treatment,2026-03-14,0,
6470,treatment,2026-03-04,0,
6471,control,2026-03-12,0,
6472,control,2026-03-07,0,
6473,treatment,2026-03-14,0,
6474,control,2026-03-13,0,
6475,control,2026-03-06,1,63.45
6476,treatment,2026-03-12,1,47.5
6477,treatment,2026-03-11,1,55.37
6478,treatment,2026-03-13,0,
6479,control,2026-03-12,0,
6480,treatment,2026-03-05,0,
6481,treatment,2026-03-12,1,31.59
6482,control,2026-03-10,0,
6483,control,2026-03-08,1,61.4
6484,treatment,2026-03-09,0,
6485,control,2026-03-05,0,
6486,treatment,2026-03-08,0,
6487,control,2026-03-07,0,
6488,treatment,2026-03-02,0,
6489,control,2026-03-01,0,
6490,control,2026-03-05,0,
6491,treatment,2026-03-14,0,
6492,treatment,2026-03-01,0,
6493,treatment,2026-03-13,0,
6494,control,2026-03-07,0,
6495,treatment,2026-03-01,0,
6496,treatment,2026-03-03,0,
6497,control,2026-03-06,0,
6498,control,2026-03-01,0,
6499,control,2026-03-05,0,
6500,control,2026-03-05,0,
6501,control,2026-03-05,0,
6502,control,2026-03-04,0,
6503,control,2026-03-09,0,
6504,control,2026-03-14,1,35.58
6505,treatment,2026-03-12,0,
6506,control,2026-03-03,1,53.58
6507,treatment,2026-03-08,0,
6508,treatment,2026-03-12,0,
6509,treatment,2026-03-07,0,
6510,control,2026-03-05,0,
6511,treatment,2026-03-10,0,
6512,treatment,2026-03-12,0,
6513,control,2026-03-05,0,
6514,treatment,2026-03-05,1,49.39
6515,treatment,2026-03-06,0,
6516,treatment,2026-03-11,0,
6517,treatment,2026-03-10,1,34.45
6518,control,2026-03-04,0,
6519,control,2026-03-02,0,
6520,control,2026-03-12,0,
6521,treatment,2026-03-13,1,72.83
6522,treatment,2026-03-02,1,79.46
6523,control,2026-03-03,0,
6524,treatment,2026-03-06,0,
6525,control,2026-03-14,0,
6526,control,2026-03-02,0,
6527,control,2026-03-01,0,
6528,treatment,2026-03-14,0,
6529,treatment,2026-03-03,0,
6530,control,2026-03-14,0,
6531,treatment,2026-03-10,0,
6532,treatment,2026-03-04,1,35.41
6533,treatment,2026-03-07,0,
6534,treatment,2026-03-14,0,
6535,treatment,2026-03-13,0,
6536,control,2026-03-09,1,48.22
6537,treatment,2026-03-08,0,
6538,control,2026-03-11,0,
6539,treatment,2026-03-09,0,
6540,treatment,2026-03-01,0,
6541,control,2026-03-13,0,
6542,control,2026-03-02,0,
6543,treatment,2026-03-03,0,
6544,control,2026-03-04,1,29.72
6545,control,2026-03-02,0,
6546,control,2026-03-06,1,72.4
6547,treatment,2026-03-09,0,
6548,control,2026-03-04,0,
6549,treatment,2026-03-09,0,
6550,treatment,2026-03-01,0,
6551,control,2026-03-05,0,
6552,control,2026-03-07,0,
6553,control,2026-03-12,0,
6554,treatment,2026-03-08,1,47.85
6555,treatment,2026-03-05,0,
6556,treatment,2026-03-02,0,
6557,control,2026-03-03,0,
6558,treatment,2026-03-14,0,
6559,control,2026-03-07,0,
6560,treatment,2026-03-05,0,
6561,control,2026-03-02,1,50.27
6562,control,2026-03-01,0,
6563,control,2026-03-05,0,
6564,control,2026-03-04,0,
6565,treatment,2026-03-03,0,
6566,control,2026-03-13,0,
6567,control,2026-03-06,0,
6568,treatment,2026-03-11,1,40.05
6569,control,2026-03-02,0,
6570,control,2026-03-08,0,
6571,treatment,2026-03-07,0,
6572,control,2026-03-04,1,35.79
6573,control,2026-03-09,1,51.55
6574,control,2026-03-09,0,
6575,treatment,2026-03-08,1,74.36
6576,control,2026-03-01,0,
6577,control,2026-03-13,0,
6578,treatment,2026-03-05,1,28.04
6579,control,2026-03-12,0,
6580,treatment,2026-03-06,0,
6581,treatment,2026-03-09,0,
6582,treatment,2026-03-10,0,
6583,treatment,2026-03-08,1,39.87
6584,treatment,2026-03-05,0,
6585,control,2026-03-07,0,
6586,control,2026-03-12,1,49.65
6587,control,2026-03-10,1,35.22
6588,control,2026-03-10,0,
6589,control,2026-03-01,0,
6590,treatment,2026-03-08,1,49.5
6591,treatment,2026-03-04,0,
6592,treatment,2026-03-10,0,
6593,control,2026-03-04,0,
6594,control,2026-03-13,0,
6595,treatment,2026-03-02,1,61.87
6596,control,2026-03-05,0,
6597,treatment,2026-03-12,0,
6598,control,2026-03-04,0,
6599,control,2026-03-04,0,
6600,control,2026-03-05,0,
6601,treatment,2026-03-10,0,
6602,control,2026-03-03,0,
6603,control,2026-03-10,0,
6604,treatment,2026-03-05,0,
6605,treatment,2026-03-03,0,
6606,treatment,2026-03-05,0,
6607,treatment,2026-03-04,1,38.63
6608,control,2026-03-12,1,65.71
6609,treatment,2026-03-10,0,
6610,control,2026-03-08,1,38.44
6611,control,2026-03-11,0,
6612,control,2026-03-08,0,
6613,treatment,2026-03-03,1,47.86
6614,treatment,2026-03-07,0,
6615,treatment,2026-03-02,0,
6616,treatment,2026-03-01,0,
6617,control,2026-03-02,0,
6618,control,2026-03-03,0,
6619,treatment,2026-03-02,0,
6620,control,2026-03-04,0,
6621,treatment,2026-03-02,0,
6622,control,2026-03-02,0,
6623,control,2026-03-04,0,
6624,control,2026-03-08,0,
6625,treatment,2026-03-13,0,
6626,control,2026-03-05,0,
6627,treatment,2026-03-06,1,30.2
6628,control,2026-03-10,0,
6629,treatment,2026-03-11,0,
6630,treatment,2026-03-11,0,
6631,treatment,2026-03-07,0,
6632,control,2026-03-07,0,
6633,treatment,2026-03-09,0,
6634,control,2026-03-05,0,
6635,control,2026-03-12,0,
6636,treatment,2026-03-03,1,41.36
6637,control,2026-03-02,0,
6638,control,2026-03-14,1,34.35
6639,treatment,2026-03-02,0,
6640,treatment,2026-03-06,0,
6641,control,2026-03-12,0,
6642,control,2026-03-05,0,
6643,control,2026-03-03,0,
6644,treatment,2026-03-12,0,
6645,control,2026-03-13,0,
6646,treatment,2026-03-04,0,
6647,treatment,2026-03-08,1,51.9
6648,control,2026-03-07,0,
6649,control,2026-03-10,0,
6650,control,2026-03-09,0,
6651,treatment,2026-03-03,0,
6652,control,2026-03-09,0,
6653,control,2026-03-10,0,
6654,control,2026-03-12,0,
6655,control,2026-03-14,1,54.32
6656,treatment,2026-03-04,0,
6657,treatment,2026-03-06,0,
6658,treatment,2026-03-01,0,
6659,control,2026-03-10,0,
6660,treatment,2026-03-14,0,
6661,treatment,2026-03-02,0,
6662,treatment,2026-03-14,0,
6663,treatment,2026-03-03,0,
6664,control,2026-03-03,0,
6665,treatment,2026-03-11,0,
6666,control,2026-03-01,0,
6667,control,2026-03-05,1,19.01
6668,treatment,2026-03-12,0,
6669,control,2026-03-12,0,
6670,treatment,2026-03-10,0,
6671,treatment,2026-03-14,0,
6672,control,2026-03-02,0,
6673,treatment,2026-03-05,0,
6674,treatment,2026-03-08,0,
6675,treatment,2026-03-14,0,
6676,treatment,2026-03-03,1,63.03
6677,treatment,2026-03-14,0,
6678,control,2026-03-01,0,
6679,treatment,2026-03-04,0,
6680,treatment,2026-03-04,0,
6681,treatment,2026-03-12,0,
6682,treatment,2026-03-06,0,
6683,control,2026-03-13,0,
6684,control,2026-03-07,1,12.58
6685,control,2026-03-07,0,
6686,control,2026-03-05,0,
6687,treatment,2026-03-10,1,22.27
6688,treatment,2026-03-14,1,41.9
6689,treatment,2026-03-01,0,
6690,control,2026-03-03,0,
6691,treatment,2026-03-02,0,
6692,treatment,2026-03-06,0,
6693,treatment,2026-03-10,1,22.79
6694,control,2026-03-05,0,
6695,treatment,2026-03-02,0,
6696,treatment,2026-03-05,0,
6697,treatment,2026-03-01,0,
6698,treatment,2026-03-11,0,
6699,control,2026-03-07,0,
6700,control,2026-03-13,0,
6701,treatment,2026-03-01,0,
6702,control,2026-03-13,0,
6703,control,2026-03-01,0,
6704,treatment,2026-03-05,0,
6705,treatment,2026-03-02,0,
6706,control,2026-03-06,0,
6707,treatment,2026-03-06,0,
6708,treatment,2026-03-03,0,
6709,treatment,2026-03-10,0,
6710,control,2026-03-01,1,68.45
6711,treatment,2026-03-04,0,
6712,treatment,2026-03-10,0,
6713,control,2026-03-06,0,
6714,treatment,2026-03-05,0,
6715,treatment,2026-03-13,0,
6716,treatment,2026-03-13,0,
6717,control,2026-03-06,0,
6718,control,2026-03-07,1,46.14
6719,treatment,2026-03-12,0,
6720,treatment,2026-03-05,0,
6721,treatment,2026-03-10,0,
6722,treatment,2026-03-10,0,
6723,treatment,2026-03-09,0,
6724,control,2026-03-12,1,76.77
6725,treatment,2026-03-13,1,99.17
6726,control,2026-03-09,0,
6727,control,2026-03-04,0,
6728,treatment,2026-03-14,0,
6729,treatment,2026-03-10,0,
6730,control,2026-03-04,0,
6731,treatment,2026-03-10,0,
6732,treatment,2026-03-02,0,
6733,treatment,2026-03-08,1,70.52
6734,treatment,2026-03-11,0,
6735,control,2026-03-10,0,
6736,control,2026-03-05,0,
6737,treatment,2026-03-13,0,
6738,treatment,2026-03-14,0,
6739,control,2026-03-05,1,24.85
6740,control,2026-03-09,0,
6741,control,2026-03-13,0,
6742,control,2026-03-03,0,
6743,treatment,2026-03-04,0,
6744,control,2026-03-12,0,
6745,treatment,2026-03-02,0,
6746,control,2026-03-02,0,
6747,control,2026-03-03,0,
6748,treatment,2026-03-14,0,
6749,treatment,2026-03-01,0,
6750,treatment,2026-03-05,0,
6751,treatment,2026-03-12,0,
6752,control,2026-03-04,0,
6753,treatment,2026-03-10,1,17.45
6754,treatment,2026-03-10,0,
6755,control,2026-03-04,1,46.49
6756,control,2026-03-07,0,
6757,control,2026-03-06,1,52.89
6758,treatment,2026-03-08,0,
6759,treatment,2026-03-04,0,
6760,treatment,2026-03-03,0,
6761,treatment,2026-03-14,0,
6762,treatment,2026-03-04,0,
6763,treatment,2026-03-06,0,
6764,control,2026-03-14,0,
6765,treatment,2026-03-10,1,69.56
6766,control,2026-03-08,0,
6767,treatment,2026-03-06,0,
6768,control,2026-03-12,0,
6769,treatment,2026-03-14,0,
6770,control,2026-03-03,0,
6771,control,2026-03-12,1,58.41
6772,treatment,2026-03-09,0,
6773,control,2026-03-09,1,27.36
6774,treatment,2026-03-02,0,
6775,control,2026-03-14,0,
6776,treatment,2026-03-09,0,
6777,treatment,2026-03-01,0,
6778,treatment,2026-03-08,0,
6779,treatment,2026-03-06,0,
6780,treatment,2026-03-13,0,
6781,control,2026-03-13,0,
6782,control,2026-03-14,1,33.94
6783,treatment,2026-03-11,0,
6784,treatment,2026-03-06,1,24.7
6785,treatment,2026-03-13,0,
6786,treatment,2026-03-05,0,
6787,treatment,2026-03-05,0,
6788,treatment,2026-03-01,0,
6789,treatment,2026-03-12,0,
6790,control,2026-03-03,0,
6791,treatment,2026-03-04,0,
6792,control,2026-03-12,0,
6793,treatment,2026-03-04,1,27.35
6794,treatment,2026-03-04,1,72.08
6795,control,2026-03-03,0,
6796,treatment,2026-03-12,0,
6797,treatment,2026-03-03,0,
6798,treatment,2026-03-06,0,
6799,treatment,2026-03-13,0,
6800,treatment,2026-03-05,1,44.06
6801,treatment,2026-03-09,0,
6802,treatment,2026-03-02,0,
6803,control,2026-03-01,0,
6804,control,2026-03-11,0,
6805,treatment,2026-03-10,0,
6806,control,2026-03-14,0,
6807,control,2026-03-08,1,73.6
6808,treatment,2026-03-05,0,
6809,treatment,2026-03-06,0,
6810,treatment,2026-03-04,1,24.78
6811,treatment,2026-03-04,1,72.64
6812,control,2026-03-14,0,
6813,treatment,2026-03-05,1,35.44
6814,control,2026-03-11,0,
6815,treatment,2026-03-09,0,
6816,control,2026-03-04,0,
6817,treatment,2026-03-13,0,
6818,treatment,2026-03-07,0,
6819,treatment,2026-03-12,0,
6820,treatment,2026-03-06,0,
6821,control,2026-03-12,0,
6822,treatment,2026-03-03,0,
6823,control,2026-03-14,0,
6824,treatment,2026-03-01,0,
6825,treatment,2026-03-08,0,
6826,treatment,2026-03-11,1,76.68
6827,control,2026-03-04,1,54.55
6828,control,2026-03-02,0,
6829,control,2026-03-06,0,
6830,control,2026-03-10,0,
6831,treatment,2026-03-03,0,
6832,control,2026-03-13,0,
6833,treatment,2026-03-04,0,
6834,control,2026-03-05,0,
6835,control,2026-03-05,0,
6836,control,2026-03-07,1,33.68
6837,control,2026-03-03,0,
6838,treatment,2026-03-12,0,
6839,treatment,2026-03-10,0,
6840,control,2026-03-09,0,
6841,control,2026-03-04,0,
6842,control,2026-03-14,0,
6843,control,2026-03-10,0,
6844,treatment,2026-03-13,0,
6845,control,2026-03-06,0,
6846,treatment,2026-03-07,0,
6847,control,2026-03-02,0,
6848,control,2026-03-08,0,
6849,control,2026-03-06,0,
6850,treatment,2026-03-04,0,
6851,treatment,2026-03-07,0,
6852,treatment,2026-03-08,0,
6853,control,2026-03-11,1,27.79
6854,control,2026-03-13,0,
6855,treatment,2026-03-08,0,
6856,treatment,2026-03-02,0,
6857,control,2026-03-01,0,
6858,treatment,2026-03-05,0,
6859,control,2026-03-08,0,
6860,control,2026-03-04,0,
6861,control,2026-03-13,1,38.96
6862,control,2026-03-03,0,
6863,treatment,2026-03-04,0,
6864,treatment,2026-03-01,0,
6865,treatment,2026-03-09,0,
6866,control,2026-03-01,0,
6867,treatment,2026-03-14,0,
6868,control,2026-03-12,0,
6869,control,2026-03-08,0,
6870,treatment,2026-03-08,0,
6871,control,2026-03-02,0,
6872,control,2026-03-04,0,
6873,treatment,2026-03-06,0,
6874,treatment,2026-03-01,0,
6875,treatment,2026-03-11,0,
6876,control,2026-03-11,0,
6877,treatment,2026-03-10,0,
6878,control,2026-03-03,0,
6879,control,2026-03-14,0,
6880,treatment,2026-03-10,0,
6881,control,2026-03-03,0,
6882,control,2026-03-13,0,
6883,control,2026-03-10,0,
6884,treatment,2026-03-06,0,
6885,treatment,2026-03-08,0,
6886,treatment,2026-03-03,0,
6887,treatment,2026-03-07,1,22.43
6888,control,2026-03-10,0,
6889,treatment,2026-03-12,0,
6890,control,2026-03-14,0,
6891,treatment,2026-03-10,1,105.25
6892,control,2026-03-03,0,
6893,treatment,2026-03-01,0,
6894,control,2026-03-12,1,44.79
6895,treatment,2026-03-02,0,
6896,treatment,2026-03-08,0,
6897,treatment,2026-03-03,0,
6898,treatment,2026-03-12,0,
6899,control,2026-03-07,0,
6900,treatment,2026-03-13,0,
6901,control,2026-03-06,1,83.19
6902,treatment,2026-03-04,0,
6903,control,2026-03-12,0,
6904,control,2026-03-07,0,
6905,treatment,2026-03-03,0,
6906,treatment,2026-03-07,1,24.5
6907,treatment,2026-03-01,0,
6908,control,2026-03-05,0,
6909,treatment,2026-03-07,0,
6910,control,2026-03-02,0,
6911,treatment,2026-03-05,0,
6912,control,2026-03-13,1,21.45
6913,control,2026-03-02,0,
6914,treatment,2026-03-03,0,
6915,treatment,2026-03-11,0,
6916,treatment,2026-03-05,0,
6917,control,2026-03-14,0,
6918,control,2026-03-14,0,
6919,control,2026-03-05,0,
6920,treatment,2026-03-11,0,
6921,control,2026-03-14,0,
6922,treatment,2026-03-14,0,
6923,control,2026-03-02,1,46.05
6924,control,2026-03-14,0,
6925,treatment,2026-03-13,1,22.42
6926,control,2026-03-08,0,
6927,treatment,2026-03-05,0,
6928,treatment,2026-03-13,0,
6929,control,2026-03-10,1,46.67
6930,treatment,2026-03-05,0,
6931,control,2026-03-07,0,
6932,treatment,2026-03-13,0,
6933,control,2026-03-03,0,
6934,treatment,2026-03-09,0,
6935,treatment,2026-03-02,0,
6936,treatment,2026-03-13,0,
6937,control,2026-03-14,0,
6938,control,2026-03-11,1,29.45
6939,control,2026-03-11,0,
6940,control,2026-03-08,0,
6941,control,2026-03-01,0,
6942,treatment,2026-03-03,1,51.59
6943,control,2026-03-06,0,
6944,treatment,2026-03-02,1,26.93
6945,control,2026-03-09,0,
6946,treatment,2026-03-02,0,
6947,control,2026-03-10,0,
6948,control,2026-03-08,1,43.53
6949,control,2026-03-01,0,
6950,control,2026-03-01,0,
6951,control,2026-03-08,0,
6952,treatment,2026-03-05,0,
6953,treatment,2026-03-08,0,
6954,control,2026-03-08,0,
6955,treatment,2026-03-07,0,
6956,control,2026-03-02,0,
6957,treatment,2026-03-08,0,
6958,treatment,2026-03-05,0,
6959,treatment,2026-03-04,0,
6960,treatment,2026-03-02,0,
6961,control,2026-03-10,0,
6962,treatment,2026-03-09,0,
6963,control,2026-03-13,0,
6964,treatment,2026-03-09,0,
6965,treatment,2026-03-13,0,
6966,treatment,2026-03-01,0,
6967,treatment,2026-03-14,0,
6968,treatment,2026-03-02,0,
6969,treatment,2026-03-09,1,37.13
6970,treatment,2026-03-14,0,
6971,control,2026-03-05,0,
6972,control,2026-03-02,1,39.43
6973,control,2026-03-11,0,
6974,control,2026-03-14,0,
6975,control,2026-03-10,0,
6976,control,2026-03-06,0,
6977,control,2026-03-09,0,
6978,treatment,2026-03-09,0,
6979,treatment,2026-03-01,0,
6980,control,2026-03-06,0,
6981,treatment,2026-03-02,0,
6982,control,2026-03-07,1,69.09
6983,control,2026-03-10,0,
6984,control,2026-03-09,0,
6985,control,2026-03-13,0,
6986,treatment,2026-03-05,0,
6987,control,2026-03-08,0,
6988,control,2026-03-04,0,
6989,control,2026-03-14,0,
6990,control,2026-03-03,0,
6991,treatment,2026-03-12,1,18.48
6992,treatment,2026-03-14,0,
6993,treatment,2026-03-06,0,
6994,treatment,2026-03-07,0,
6995,control,2026-03-09,0,
6996,control,2026-03-09,0,
6997,control,2026-03-12,1,34.01
6998,control,2026-03-01,1,34.64
6999,treatment,2026-03-12,0,
7000,treatment,2026-03-14,0,
7001,control,2026-03-02,0,
7002,treatment,2026-03-07,0,
7003,treatment,2026-03-10,0,
7004,treatment,2026-03-02,0,
7005,treatment,2026-03-13,0,
7006,control,2026-03-05,0,
7007,control,2026-03-04,1,27.31
7008,control,2026-03-14,0,
7009,treatment,2026-03-12,0,
7010,control,2026-03-01,0,
7011,control,2026-03-12,0,
7012,control,2026-03-06,0,
7013,treatment,2026-03-08,0,
7014,control,2026-03-01,0,
7015,control,2026-03-05,0,
7016,treatment,2026-03-14,0,
7017,control,2026-03-07,0,
7018,treatment,2026-03-03,0,
7019,treatment,2026-03-12,1,49.69
7020,control,2026-03-06,1,34.89
7021,treatment,2026-03-09,0,
7022,control,2026-03-03,0,
7023,treatment,2026-03-10,0,
7024,treatment,2026-03-05,1,46.16
7025,treatment,2026-03-10,0,
7026,treatment,2026-03-08,0,
7027,control,2026-03-08,0,
7028,control,2026-03-14,0,
7029,control,2026-03-03,0,
7030,treatment,2026-03-12,0,
7031,control,2026-03-14,1,63.9
7032,treatment,2026-03-09,0,
7033,treatment,2026-03-04,0,
7034,treatment,2026-03-03,0,
7035,treatment,2026-03-07,0,
7036,treatment,2026-03-14,0,
7037,control,2026-03-08,0,
7038,control,2026-03-12,0,
7039,treatment,2026-03-05,0,
7040,control,2026-03-13,1,27.38
7041,treatment,2026-03-06,1,27.36
7042,control,2026-03-08,0,
7043,control,2026-03-05,0,
7044,control,2026-03-04,0,
7045,treatment,2026-03-08,0,
7046,treatment,2026-03-06,0,
7047,treatment,2026-03-11,0,
7048,treatment,2026-03-03,0,
7049,treatment,2026-03-01,0,
7050,control,2026-03-13,0,
7051,control,2026-03-09,0,
7052,treatment,2026-03-12,0,
7053,control,2026-03-09,1,30.2
7054,treatment,2026-03-14,0,
7055,control,2026-03-08,0,
7056,treatment,2026-03-13,0,
7057,treatment,2026-03-06,0,
7058,treatment,2026-03-01,0,
7059,treatment,2026-03-14,1,9.84
7060,treatment,2026-03-07,0,
7061,control,2026-03-12,0,
7062,treatment,2026-03-05,1,31.07
7063,treatment,2026-03-07,1,19.7
7064,control,2026-03-09,0,
7065,treatment,2026-03-02,1,58.31
7066,treatment,2026-03-07,0,
7067,treatment,2026-03-14,0,
7068,treatment,2026-03-04,0,
7069,control,2026-03-03,0,
7070,treatment,2026-03-05,0,
7071,treatment,2026-03-08,0,
7072,treatment,2026-03-12,0,
7073,treatment,2026-03-08,1,59.77
7074,treatment,2026-03-07,0,
7075,treatment,2026-03-01,0,
7076,treatment,2026-03-02,0,
7077,treatment,2026-03-04,0,
7078,treatment,2026-03-02,0,
7079,treatment,2026-03-09,0,
7080,treatment,2026-03-08,1,32.72
7081,control,2026-03-04,0,
7082,control,2026-03-06,0,
7083,control,2026-03-10,0,
7084,treatment,2026-03-03,0,
7085,treatment,2026-03-02,0,
7086,treatment,2026-03-07,0,
7087,treatment,2026-03-05,0,
7088,treatment,2026-03-07,1,78.4
7089,treatment,2026-03-03,0,
7090,treatment,2026-03-05,0,
7091,control,2026-03-01,0,
7092,treatment,2026-03-05,0,
7093,treatment,2026-03-13,0,
7094,control,2026-03-14,0,
7095,treatment,2026-03-01,0,
7096,control,2026-03-03,0,
7097,treatment,2026-03-14,0,
7098,treatment,2026-03-01,0,
7099,control,2026-03-06,0,
7100,treatment,2026-03-13,0,
7101,treatment,2026-03-13,0,
7102,treatment,2026-03-02,0,
7103,treatment,2026-03-06,1,27.17
7104,treatment,2026-03-03,0,
7105,control,2026-03-07,0,
7106,control,2026-03-13,0,
7107,treatment,2026-03-02,0,
7108,treatment,2026-03-09,1,47.41
7109,control,2026-03-03,0,
7110,treatment,2026-03-10,0,
7111,control,2026-03-14,0,
7112,control,2026-03-09,0,
7113,treatment,2026-03-02,0,
7114,treatment,2026-03-10,0,
7115,control,2026-03-05,0,
7116,treatment,2026-03-10,0,
7117,treatment,2026-03-05,0,
7118,treatment,2026-03-08,0,
7119,treatment,2026-03-04,0,
7120,treatment,2026-03-01,0,
7121,control,2026-03-04,0,
7122,control,2026-03-08,0,
7123,control,2026-03-08,0,
7124,treatment,2026-03-05,0,
7125,treatment,2026-03-01,0,
7126,treatment,2026-03-11,0,
7127,control,2026-03-03,0,
7128,control,2026-03-13,0,
7129,treatment,2026-03-01,0,
7130,control,2026-03-01,1,53.86
7131,treatment,2026-03-10,0,
7132,control,2026-03-11,0,
7133,control,2026-03-14,0,
7134,control,2026-03-10,0,
7135,control,2026-03-06,0,
7136,control,2026-03-06,0,
7137,control,2026-03-06,0,
7138,control,2026-03-14,0,
7139,control,2026-03-06,0,
7140,treatment,2026-03-14,0,
7141,treatment,2026-03-13,0,
7142,control,2026-03-07,0,
7143,treatment,2026-03-10,0,
7144,control,2026-03-06,1,50.31
7145,treatment,2026-03-01,0,
7146,control,2026-03-09,1,41.4
7147,treatment,2026-03-05,0,
7148,control,2026-03-12,0,
7149,control,2026-03-14,0,
7150,treatment,2026-03-14,0,
7151,control,2026-03-03,1,24.69
7152,treatment,2026-03-05,0,
7153,treatment,2026-03-01,0,
7154,control,2026-03-06,0,
7155,control,2026-03-07,0,
7156,treatment,2026-03-08,0,
7157,control,2026-03-11,0,
7158,control,2026-03-09,0,
7159,treatment,2026-03-02,0,
7160,control,2026-03-14,0,
7161,control,2026-03-14,0,
7162,treatment,2026-03-06,0,
7163,treatment,2026-03-05,0,
7164,control,2026-03-08,0,
7165,treatment,2026-03-13,0,
7166,control,2026-03-11,0,
7167,control,2026-03-01,0,
7168,treatment,2026-03-11,0,
7169,treatment,2026-03-14,0,
7170,treatment,2026-03-07,0,
7171,treatment,2026-03-06,0,
7172,control,2026-03-07,0,
7173,treatment,2026-03-01,0,
7174,treatment,2026-03-06,0,
7175,treatment,2026-03-08,0,
7176,control,2026-03-11,1,38.75
7177,control,2026-03-05,0,
7178,control,2026-03-14,0,
7179,treatment,2026-03-03,0,
7180,control,2026-03-07,0,
7181,treatment,2026-03-13,0,
7182,treatment,2026-03-11,0,
7183,treatment,2026-03-07,0,
7184,treatment,2026-03-04,0,
7185,control,2026-03-08,0,
7186,treatment,2026-03-06,0,
7187,treatment,2026-03-12,0,
7188,treatment,2026-03-09,0,
7189,control,2026-03-04,0,
7190,control,2026-03-12,0,
7191,treatment,2026-03-09,0,
7192,treatment,2026-03-10,0,
7193,treatment,2026-03-03,0,
7194,treatment,2026-03-03,0,
7195,treatment,2026-03-03,1,53.02
7196,control,2026-03-14,0,
7197,treatment,2026-03-12,0,
7198,control,2026-03-11,0,
7199,treatment,2026-03-05,0,
7200,control,2026-03-08,0,
7201,control,2026-03-05,0,
7202,treatment,2026-03-14,1,41.39
7203,treatment,2026-03-05,0,
7204,treatment,2026-03-12,1,72.96
7205,treatment,2026-03-11,0,
7206,control,2026-03-06,0,
7207,control,2026-03-09,0,
7208,treatment,2026-03-11,0,
7209,control,2026-03-14,0,
7210,treatment,2026-03-07,0,
7211,treatment,2026-03-10,0,
7212,treatment,2026-03-05,0,
7213,control,2026-03-05,0,
7214,control,2026-03-09,0,
7215,treatment,2026-03-04,0,
7216,treatment,2026-03-04,0,
7217,treatment,2026-03-10,0,
7218,treatment,2026-03-08,0,
7219,control,2026-03-12,0,
7220,treatment,2026-03-14,0,
7221,treatment,2026-03-14,0,
7222,treatment,2026-03-06,0,
7223,control,2026-03-11,0,
7224,treatment,2026-03-12,0,
7225,treatment,2026-03-01,0,
7226,control,2026-03-02,0,
7227,treatment,2026-03-07,0,
7228,control,2026-03-05,0,
7229,control,2026-03-05,0,
7230,control,2026-03-07,0,
7231,treatment,2026-03-06,0,
7232,treatment,2026-03-13,0,
7233,treatment,2026-03-12,0,
7234,treatment,2026-03-10,0,
7235,control,2026-03-09,1,56.66
7236,control,2026-03-09,1,33.57
7237,treatment,2026-03-03,0,
7238,control,2026-03-01,0,
7239,control,2026-03-02,0,
7240,control,2026-03-01,0,
7241,control,2026-03-04,0,
7242,control,2026-03-02,0,
7243,control,2026-03-06,1,35.23
7244,treatment,2026-03-02,0,
7245,control,2026-03-05,0,
7246,control,2026-03-04,0,
7247,treatment,2026-03-04,0,
7248,control,2026-03-06,1,51.94
7249,treatment,2026-03-12,0,
7250,treatment,2026-03-09,0,
7251,treatment,2026-03-14,1,33.94
7252,control,2026-03-10,0,
7253,control,2026-03-05,1,38.63
7254,treatment,2026-03-08,1,33.81
7255,treatment,2026-03-11,1,48.62
7256,control,2026-03-01,0,
7257,treatment,2026-03-02,0,
7258,treatment,2026-03-02,1,40.81
7259,treatment,2026-03-06,0,
7260,treatment,2026-03-07,0,
7261,treatment,2026-03-10,0,
7262,control,2026-03-02,0,
7263,treatment,2026-03-07,1,51.77
7264,control,2026-03-08,0,
7265,control,2026-03-01,0,
7266,control,2026-03-01,0,
7267,control,2026-03-06,0,
7268,treatment,2026-03-14,1,77.93
7269,control,2026-03-01,0,
7270,treatment,2026-03-05,0,
7271,treatment,2026-03-10,0,
7272,control,2026-03-05,0,
7273,control,2026-03-07,0,
7274,treatment,2026-03-12,0,
7275,control,2026-03-05,0,
7276,control,2026-03-05,0,
7277,control,2026-03-04,0,
7278,treatment,2026-03-03,1,29.78
7279,treatment,2026-03-02,1,43.37
7280,treatment,2026-03-10,0,
7281,treatment,2026-03-03,0,
7282,control,2026-03-01,0,
7283,control,2026-03-07,1,43.18
7284,treatment,2026-03-04,0,
7285,treatment,2026-03-13,0,
7286,treatment,2026-03-08,0,
7287,treatment,2026-03-07,0,
7288,control,2026-03-08,0,
7289,control,2026-03-11,0,
7290,control,2026-03-03,0,
7291,treatment,2026-03-11,0,
7292,control,2026-03-07,0,
7293,treatment,2026-03-05,0,
7294,treatment,2026-03-05,0,
7295,treatment,2026-03-14,0,
7296,treatment,2026-03-14,0,
7297,treatment,2026-03-11,0,
7298,treatment,2026-03-04,1,63.05
7299,control,2026-03-03,0,
7300,control,2026-03-02,1,55.6
7301,control,2026-03-03,1,28.49
7302,control,2026-03-07,0,
7303,treatment,2026-03-08,0,
7304,treatment,2026-03-10,0,
7305,treatment,2026-03-12,1,54.99
7306,control,2026-03-03,0,
7307,treatment,2026-03-07,0,
7308,treatment,2026-03-07,0,
7309,treatment,2026-03-11,1,49.48
7310,control,2026-03-08,0,
7311,control,2026-03-09,0,
7312,treatment,2026-03-12,0,
7313,control,2026-03-04,0,
7314,control,2026-03-12,0,
7315,control,2026-03-11,0,
7316,control,2026-03-02,0,
7317,control,2026-03-11,0,
7318,treatment,2026-03-06,0,
7319,control,2026-03-12,0,
7320,treatment,2026-03-11,1,87.91
7321,control,2026-03-11,0,
7322,treatment,2026-03-11,0,
7323,control,2026-03-11,1,95.91
7324,control,2026-03-01,0,
7325,control,2026-03-08,1,85.79
7326,control,2026-03-09,0,
7327,control,2026-03-10,0,
7328,treatment,2026-03-08,0,
7329,treatment,2026-03-14,0,
7330,control,2026-03-11,1,56.85
7331,control,2026-03-08,0,
7332,control,2026-03-01,0,
7333,control,2026-03-05,0,
7334,treatment,2026-03-14,1,41.5
7335,control,2026-03-05,1,12.48
7336,treatment,2026-03-07,0,
7337,treatment,2026-03-01,0,
7338,control,2026-03-04,0,
7339,treatment,2026-03-14,0,
7340,control,2026-03-02,0,
7341,control,2026-03-09,0,
7342,treatment,2026-03-06,0,
7343,treatment,2026-03-08,0,
7344,control,2026-03-09,0,
7345,treatment,2026-03-08,0,
7346,treatment,2026-03-01,1,28.73
7347,treatment,2026-03-03,0,
7348,treatment,2026-03-03,0,
7349,control,2026-03-08,0,
7350,treatment,2026-03-07,0,
7351,control,2026-03-02,0,
7352,control,2026-03-06,0,
7353,control,2026-03-05,0,
7354,control,2026-03-14,0,
7355,treatment,2026-03-12,0,
7356,control,2026-03-08,0,
7357,treatment,2026-03-12,0,
7358,control,2026-03-14,0,
7359,control,2026-03-13,0,
7360,control,2026-03-08,0,
7361,control,2026-03-01,0,
7362,control,2026-03-05,0,
7363,treatment,2026-03-09,0,
7364,control,2026-03-14,1,33.02
7365,control,2026-03-11,0,
7366,control,2026-03-02,0,
7367,treatment,2026-03-13,0,
7368,control,2026-03-06,1,29.41
7369,control,2026-03-14,0,
7370,control,2026-03-01,0,
7371,treatment,2026-03-08,0,
7372,control,2026-03-01,0,
7373,control,2026-03-07,0,
7374,treatment,2026-03-11,0,
7375,control,2026-03-06,0,
7376,control,2026-03-08,0,
7377,treatment,2026-03-14,0,
7378,treatment,2026-03-06,0,
7379,control,2026-03-14,0,
7380,treatment,2026-03-07,0,
7381,control,2026-03-10,0,
7382,treatment,2026-03-03,0,
7383,treatment,2026-03-13,0,
7384,treatment,2026-03-08,1,54.48
7385,treatment,2026-03-06,0,
7386,control,2026-03-13,0,
7387,treatment,2026-03-03,0,
7388,control,2026-03-01,1,36.45
7389,control,2026-03-06,0,
7390,control,2026-03-14,0,
7391,control,2026-03-06,0,
7392,control,2026-03-09,0,
7393,treatment,2026-03-02,1,63.87
7394,treatment,2026-03-06,0,
7395,control,2026-03-05,0,
7396,control,2026-03-07,0,
7397,treatment,2026-03-06,0,
7398,treatment,2026-03-02,1,45.45
7399,treatment,2026-03-09,1,25.69
7400,control,2026-03-13,0,
7401,treatment,2026-03-10,1,35.45
7402,control,2026-03-03,0,
7403,treatment,2026-03-03,0,
7404,treatment,2026-03-12,0,
7405,control,2026-03-02,0,
7406,control,2026-03-06,0,
7407,treatment,2026-03-04,1,119.55
7408,treatment,2026-03-05,0,
7409,treatment,2026-03-14,0,
7410,control,2026-03-06,0,
7411,control,2026-03-04,0,
7412,control,2026-03-05,1,37.92
7413,treatment,2026-03-08,1,30.86
7414,treatment,2026-03-05,0,
7415,control,2026-03-09,0,
7416,control,2026-03-14,0,
7417,treatment,2026-03-05,0,
7418,control,2026-03-03,0,
7419,treatment,2026-03-11,0,
7420,treatment,2026-03-04,0,
7421,treatment,2026-03-08,0,
7422,treatment,2026-03-01,0,
7423,control,2026-03-09,0,
7424,control,2026-03-09,0,
7425,treatment,2026-03-05,0,
7426,treatment,2026-03-08,0,
7427,treatment,2026-03-12,0,
7428,treatment,2026-03-07,0,
7429,control,2026-03-07,0,
7430,treatment,2026-03-08,1,81.69
7431,treatment,2026-03-02,0,
7432,control,2026-03-09,0,
7433,control,2026-03-12,0,
7434,treatment,2026-03-14,0,
7435,control,2026-03-13,0,
7436,control,2026-03-02,0,
7437,treatment,2026-03-08,0,
7438,treatment,2026-03-03,0,
7439,control,2026-03-10,1,69.98
7440,treatment,2026-03-01,0,
7441,control,2026-03-03,0,
7442,treatment,2026-03-02,1,48.71
7443,treatment,2026-03-10,0,
7444,treatment,2026-03-10,0,
7445,control,2026-03-02,0,
7446,control,2026-03-13,0,
7447,treatment,2026-03-07,0,
7448,treatment,2026-03-11,1,43.26
7449,treatment,2026-03-06,1,54.2
7450,control,2026-03-12,0,
7451,control,2026-03-12,0,
7452,control,2026-03-07,0,
7453,treatment,2026-03-12,0,
7454,control,2026-03-12,0,
7455,control,2026-03-14,0,
7456,treatment,2026-03-01,0,
7457,control,2026-03-04,0,
7458,control,2026-03-07,0,
7459,treatment,2026-03-12,0,
7460,treatment,2026-03-03,1,15.8
7461,treatment,2026-03-12,0,
7462,treatment,2026-03-07,0,
7463,treatment,2026-03-01,0,
7464,control,2026-03-14,0,
7465,treatment,2026-03-04,0,
7466,treatment,2026-03-08,1,41.26
7467,treatment,2026-03-04,0,
7468,treatment,2026-03-08,0,
7469,control,2026-03-04,1,28.47
7470,control,2026-03-02,0,
7471,treatment,2026-03-02,0,
7472,treatment,2026-03-06,0,
7473,treatment,2026-03-13,0,
7474,treatment,2026-03-12,0,
7475,control,2026-03-01,0,
7476,treatment,2026-03-14,0,
7477,treatment,2026-03-09,0,
7478,treatment,2026-03-05,0,
7479,treatment,2026-03-08,1,52.34
7480,control,2026-03-07,0,
7481,control,2026-03-09,0,
7482,control,2026-03-01,0,
7483,treatment,2026-03-11,0,
7484,treatment,2026-03-01,0,
7485,treatment,2026-03-07,1,53.96
7486,control,2026-03-03,0,
7487,control,2026-03-10,1,47.74
7488,treatment,2026-03-14,0,
7489,treatment,2026-03-08,1,25.27
7490,control,2026-03-08,0,
7491,treatment,2026-03-14,0,
7492,treatment,2026-03-09,0,
7493,treatment,2026-03-14,0,
7494,control,2026-03-02,0,
7495,control,2026-03-14,1,41.35
7496,control,2026-03-13,0,
7497,treatment,2026-03-08,1,45.8
7498,treatment,2026-03-05,0,
7499,treatment,2026-03-09,0,
7500,control,2026-03-05,0,
7501,treatment,2026-03-07,0,
7502,control,2026-03-03,0,
7503,treatment,2026-03-07,1,67.45
7504,treatment,2026-03-01,0,
7505,control,2026-03-11,0,
7506,treatment,2026-03-01,0,
7507,control,2026-03-09,1,36.41
7508,treatment,2026-03-05,0,
7509,treatment,2026-03-14,1,42.04
7510,control,2026-03-07,1,41.04
7511,treatment,2026-03-06,0,
7512,control,2026-03-14,0,
7513,treatment,2026-03-04,0,
7514,treatment,2026-03-03,0,
7515,treatment,2026-03-14,0,
7516,treatment,2026-03-06,0,
7517,treatment,2026-03-08,0,
7518,control,2026-03-05,0,
7519,control,2026-03-01,0,
7520,treatment,2026-03-08,0,
7521,treatment,2026-03-01,1,20.33
7522,control,2026-03-10,0,
7523,control,2026-03-01,1,73.94
7524,treatment,2026-03-06,1,45.04
7525,control,2026-03-09,0,
7526,control,2026-03-03,0,
7527,treatment,2026-03-01,0,
7528,control,2026-03-10,0,
7529,treatment,2026-03-08,0,
7530,control,2026-03-06,0,
7531,control,2026-03-02,0,
7532,control,2026-03-07,0,
7533,control,2026-03-14,0,
7534,treatment,2026-03-12,0,
7535,treatment,2026-03-05,0,
7536,treatment,2026-03-02,1,96.64
7537,treatment,2026-03-11,0,
7538,control,2026-03-10,0,
7539,treatment,2026-03-06,0,
7540,treatment,2026-03-14,1,58.95
7541,treatment,2026-03-02,1,62.6
7542,treatment,2026-03-02,0,
7543,treatment,2026-03-05,0,
7544,control,2026-03-06,0,
7545,treatment,2026-03-14,0,
7546,control,2026-03-14,0,
7547,control,2026-03-13,0,
7548,control,2026-03-08,0,
7549,control,2026-03-14,0,
7550,control,2026-03-11,0,
7551,control,2026-03-06,0,
7552,treatment,2026-03-01,0,
7553,control,2026-03-12,1,49.35
7554,treatment,2026-03-06,0,
7555,treatment,2026-03-09,1,34.59
7556,treatment,2026-03-06,0,
7557,control,2026-03-06,0,
7558,control,2026-03-04,0,
7559,control,2026-03-09,0,
7560,control,2026-03-07,0,
7561,control,2026-03-13,0,
7562,treatment,2026-03-06,0,
7563,control,2026-03-14,0,
7564,control,2026-03-06,0,
7565,treatment,2026-03-11,0,
7566,control,2026-03-06,0,
7567,control,2026-03-13,0,
7568,control,2026-03-13,0,
7569,treatment,2026-03-12,0,
7570,treatment,2026-03-11,0,
7571,control,2026-03-12,0,
7572,control,2026-03-04,0,
7573,treatment,2026-03-05,0,
7574,control,2026-03-04,0,
7575,control,2026-03-06,0,
7576,treatment,2026-03-04,0,
7577,control,2026-03-05,0,
7578,treatment,2026-03-14,0,
7579,treatment,2026-03-13,0,
7580,treatment,2026-03-08,0,
7581,control,2026-03-14,0,
7582,control,2026-03-14,0,
7583,control,2026-03-14,0,
7584,treatment,2026-03-03,1,12.72
7585,treatment,2026-03-14,0,
7586,control,2026-03-03,0,
7587,control,2026-03-12,0,
7588,treatment,2026-03-08,0,
7589,treatment,2026-03-12,0,
7590,control,2026-03-05,0,
7591,treatment,2026-03-12,0,
7592,control,2026-03-04,1,45.48
7593,treatment,2026-03-09,1,34.69
7594,control,2026-03-07,0,
7595,treatment,2026-03-04,1,80.88
7596,treatment,2026-03-08,0,
7597,control,2026-03-03,0,
7598,treatment,2026-03-02,0,
7599,treatment,2026-03-10,0,
7600,treatment,2026-03-01,0,
7601,treatment,2026-03-06,0,
7602,control,2026-03-09,0,
7603,control,2026-03-08,0,
7604,control,2026-03-14,1,55.7
7605,control,2026-03-10,0,
7606,control,2026-03-03,1,30.75
7607,control,2026-03-13,0,
7608,treatment,2026-03-04,0,
7609,treatment,2026-03-02,0,
7610,treatment,2026-03-14,0,
7611,treatment,2026-03-03,0,
7612,control,2026-03-08,0,
7613,control,2026-03-03,0,
7614,treatment,2026-03-06,0,
7615,control,2026-03-03,0,
7616,treatment,2026-03-09,0,
7617,control,2026-03-08,0,
7618,treatment,2026-03-06,0,
7619,treatment,2026-03-12,1,55.84
7620,treatment,2026-03-08,0,
7621,treatment,2026-03-03,0,
7622,control,2026-03-01,0,
7623,control,2026-03-12,0,
7624,control,2026-03-11,0,
7625,treatment,2026-03-08,0,
7626,treatment,2026-03-08,0,
7627,treatment,2026-03-14,0,
7628,control,2026-03-11,0,
7629,control,2026-03-11,0,
7630,treatment,2026-03-07,0,
7631,control,2026-03-05,0,
7632,control,2026-03-01,0,
7633,treatment,2026-03-06,0,
7634,treatment,2026-03-01,0,
7635,control,2026-03-08,0,
7636,control,2026-03-08,0,
7637,treatment,2026-03-07,0,
7638,treatment,2026-03-02,0,
7639,control,2026-03-06,0,
7640,control,2026-03-13,0,
7641,control,2026-03-02,1,59.94
7642,treatment,2026-03-08,0,
7643,control,2026-03-10,0,
7644,control,2026-03-12,0,
7645,treatment,2026-03-10,0,
7646,treatment,2026-03-01,0,
7647,treatment,2026-03-10,0,
7648,treatment,2026-03-04,0,
7649,treatment,2026-03-07,0,
7650,treatment,2026-03-12,0,
7651,treatment,2026-03-09,0,
7652,treatment,2026-03-08,1,65.03
7653,control,2026-03-10,0,
7654,control,2026-03-03,0,
7655,treatment,2026-03-03,0,
7656,treatment,2026-03-03,0,
7657,control,2026-03-05,0,
7658,control,2026-03-05,0,
7659,treatment,2026-03-02,0,
7660,treatment,2026-03-11,0,
7661,treatment,2026-03-13,1,68.82
7662,control,2026-03-09,0,
7663,treatment,2026-03-08,0,
7664,treatment,2026-03-13,0,
7665,treatment,2026-03-03,0,
7666,treatment,2026-03-07,0,
7667,treatment,2026-03-11,0,
7668,control,2026-03-13,1,13.76
7669,control,2026-03-13,0,
7670,control,2026-03-06,0,
7671,treatment,2026-03-07,1,21.76
7672,treatment,2026-03-09,1,38.47
7673,treatment,2026-03-10,0,
7674,treatment,2026-03-05,0,
7675,treatment,2026-03-03,0,
7676,control,2026-03-01,0,
7677,treatment,2026-03-08,0,
7678,treatment,2026-03-03,0,
7679,treatment,2026-03-03,0,
7680,control,2026-03-11,0,
7681,control,2026-03-05,0,
7682,control,2026-03-10,0,
7683,treatment,2026-03-10,0,
7684,control,2026-03-10,0,
7685,control,2026-03-06,0,
7686,treatment,2026-03-10,1,76.49
7687,control,2026-03-14,1,42.1
7688,control,2026-03-04,0,
7689,treatment,2026-03-09,0,
7690,control,2026-03-03,0,
7691,control,2026-03-14,0,
7692,treatment,2026-03-05,0,
7693,treatment,2026-03-08,0,
7694,control,2026-03-11,0,
7695,treatment,2026-03-10,0,
7696,control,2026-03-03,0,
7697,treatment,2026-03-13,0,
7698,treatment,2026-03-11,0,
7699,control,2026-03-04,0,
7700,treatment,2026-03-03,0,
7701,control,2026-03-05,1,63.83
7702,treatment,2026-03-04,0,
7703,treatment,2026-03-02,0,
7704,treatment,2026-03-11,0,
7705,treatment,2026-03-05,0,
7706,treatment,2026-03-02,1,23.5
7707,treatment,2026-03-09,0,
7708,control,2026-03-01,1,50.4
7709,control,2026-03-10,1,55.8
7710,treatment,2026-03-03,1,37.38
7711,control,2026-03-06,0,
7712,control,2026-03-11,0,
7713,treatment,2026-03-01,1,64.26
7714,control,2026-03-08,0,
7715,control,2026-03-11,0,
7716,control,2026-03-11,1,36.58
7717,control,2026-03-08,0,
7718,control,2026-03-02,0,
7719,treatment,2026-03-12,0,
7720,treatment,2026-03-11,1,42.63
7721,treatment,2026-03-07,0,
7722,control,2026-03-12,0,
7723,treatment,2026-03-11,0,
7724,control,2026-03-04,1,43.59
7725,treatment,2026-03-10,1,96.07
7726,control,2026-03-07,0,
7727,treatment,2026-03-09,0,
7728,treatment,2026-03-04,0,
7729,control,2026-03-07,0,
7730,treatment,2026-03-08,0,
7731,control,2026-03-02,0,
7732,control,2026-03-06,0,
7733,control,2026-03-03,1,40.84
7734,control,2026-03-02,0,
7735,treatment,2026-03-03,0,
7736,control,2026-03-06,0,
7737,control,2026-03-02,1,49.27
7738,treatment,2026-03-10,0,
7739,control,2026-03-11,0,
7740,control,2026-03-03,1,80.06
7741,treatment,2026-03-13,1,23.95
7742,control,2026-03-12,0,
7743,control,2026-03-02,1,29.61
7744,control,2026-03-14,0,
7745,control,2026-03-14,0,
7746,treatment,2026-03-14,0,
7747,control,2026-03-05,1,35.44
7748,treatment,2026-03-08,0,
7749,control,2026-03-10,0,
7750,treatment,2026-03-10,0,
7751,treatment,2026-03-04,0,
7752,treatment,2026-03-07,1,26.91
7753,treatment,2026-03-13,0,
7754,treatment,2026-03-14,0,
7755,control,2026-03-10,0,
7756,control,2026-03-01,0,
7757,control,2026-03-05,0,
7758,control,2026-03-13,0,
7759,control,2026-03-10,0,
7760,treatment,2026-03-08,1,23.23
7761,treatment,2026-03-14,1,42.12
7762,control,2026-03-08,0,
7763,treatment,2026-03-08,1,61.91
7764,control,2026-03-03,0,
7765,treatment,2026-03-05,0,
7766,treatment,2026-03-13,0,
7767,treatment,2026-03-12,0,
7768,control,2026-03-06,0,
7769,control,2026-03-08,0,
7770,control,2026-03-13,0,
7771,treatment,2026-03-14,0,
7772,control,2026-03-09,0,
7773,treatment,2026-03-03,0,
7774,control,2026-03-12,0,
7775,treatment,2026-03-13,0,
7776,treatment,2026-03-09,0,
7777,control,2026-03-03,0,
7778,control,2026-03-12,1,21.14
7779,treatment,2026-03-07,0,
7780,control,2026-03-07,0,
7781,control,2026-03-03,0,
7782,control,2026-03-02,0,
7783,treatment,2026-03-03,0,
7784,control,2026-03-08,0,
7785,control,2026-03-05,0,
7786,control,2026-03-13,0,
7787,treatment,2026-03-07,0,
7788,treatment,2026-03-05,0,
7789,control,2026-03-12,0,
7790,treatment,2026-03-12,1,40.03
7791,treatment,2026-03-09,1,37.04
7792,treatment,2026-03-10,1,41.64
7793,treatment,2026-03-02,0,
7794,treatment,2026-03-07,0,
7795,control,2026-03-06,0,
7796,control,2026-03-14,0,
7797,treatment,2026-03-14,1,25.46
7798,treatment,2026-03-02,0,
7799,treatment,2026-03-09,0,
7800,treatment,2026-03-10,0,
7801,treatment,2026-03-10,0,
7802,treatment,2026-03-05,1,63.05
7803,control,2026-03-02,0,
7804,control,2026-03-05,0,
7805,control,2026-03-09,0,
7806,control,2026-03-07,0,
7807,treatment,2026-03-10,0,
7808,treatment,2026-03-07,0,
7809,control,2026-03-14,0,
7810,control,2026-03-01,0,
7811,control,2026-03-14,0,
7812,control,2026-03-14,0,
7813,treatment,2026-03-11,0,
7814,treatment,2026-03-06,0,
7815,control,2026-03-01,0,
7816,control,2026-03-14,1,50.44
7817,treatment,2026-03-07,0,
7818,control,2026-03-08,1,32.68
7819,control,2026-03-11,0,
7820,control,2026-03-05,0,
7821,treatment,2026-03-06,0,
7822,treatment,2026-03-12,0,
7823,treatment,2026-03-06,0,
7824,treatment,2026-03-03,1,32.95
7825,treatment,2026-03-02,0,
7826,control,2026-03-08,0,
7827,treatment,2026-03-09,0,
7828,treatment,2026-03-07,0,
7829,control,2026-03-07,0,
7830,control,2026-03-02,0,
7831,control,2026-03-05,0,
7832,control,2026-03-01,1,25.28
7833,control,2026-03-09,0,
7834,control,2026-03-02,0,
7835,treatment,2026-03-14,0,
7836,treatment,2026-03-05,0,
7837,control,2026-03-10,0,
7838,control,2026-03-07,1,47.47
7839,control,2026-03-03,0,
7840,control,2026-03-04,1,37.2
7841,treatment,2026-03-04,1,52.33
7842,treatment,2026-03-14,0,
7843,control,2026-03-10,0,
7844,treatment,2026-03-14,0,
7845,control,2026-03-08,0,
7846,treatment,2026-03-05,0,
7847,control,2026-03-02,0,
7848,treatment,2026-03-07,1,30.82
7849,treatment,2026-03-01,0,
7850,control,2026-03-06,0,
7851,control,2026-03-01,0,
7852,control,2026-03-09,0,
7853,control,2026-03-02,0,
7854,control,2026-03-03,0,
7855,control,2026-03-05,0,
7856,control,2026-03-02,0,
7857,treatment,2026-03-12,0,
7858,treatment,2026-03-13,0,
7859,treatment,2026-03-03,0,
7860,treatment,2026-03-11,0,
7861,control,2026-03-13,0,
7862,control,2026-03-09,1,56.26
7863,control,2026-03-04,0,
7864,treatment,2026-03-05,1,38.27
7865,control,2026-03-13,0,
7866,control,2026-03-06,0,
7867,control,2026-03-14,0,
7868,control,2026-03-07,0,
7869,treatment,2026-03-01,0,
7870,treatment,2026-03-08,0,
7871,control,2026-03-07,0,
7872,treatment,2026-03-13,0,
7873,treatment,2026-03-11,1,33.1
7874,treatment,2026-03-11,0,
7875,control,2026-03-10,0,
7876,treatment,2026-03-12,0,
7877,treatment,2026-03-13,1,36.17
7878,control,2026-03-06,0,
7879,treatment,2026-03-07,0,
7880,control,2026-03-02,0,
7881,control,2026-03-14,0,
7882,treatment,2026-03-02,1,33.24
7883,treatment,2026-03-08,0,
7884,treatment,2026-03-07,0,
7885,treatment,2026-03-02,0,
7886,treatment,2026-03-09,0,
7887,treatment,2026-03-03,0,
7888,control,2026-03-07,1,14.49
7889,treatment,2026-03-01,0,
7890,control,2026-03-03,0,
7891,control,2026-03-13,0,
7892,control,2026-03-09,1,64.9
7893,control,2026-03-03,0,
7894,control,2026-03-14,0,
7895,treatment,2026-03-04,1,39.2
7896,control,2026-03-01,0,
7897,treatment,2026-03-11,0,
7898,treatment,2026-03-12,0,
7899,treatment,2026-03-06,0,
7900,treatment,2026-03-01,0,
7901,control,2026-03-06,0,
7902,control,2026-03-13,0,
7903,treatment,2026-03-05,1,73.94
7904,control,2026-03-09,1,34.82
7905,control,2026-03-06,0,
7906,control,2026-03-05,0,
7907,treatment,2026-03-10,0,
7908,treatment,2026-03-13,0,
7909,control,2026-03-06,1,42.88
7910,treatment,2026-03-02,0,
7911,control,2026-03-08,0,
7912,control,2026-03-07,0,
7913,control,2026-03-03,0,
7914,control,2026-03-14,0,
7915,treatment,2026-03-07,0,
7916,control,2026-03-13,1,38.75
7917,treatment,2026-03-03,1,19.34
7918,treatment,2026-03-11,0,
7919,treatment,2026-03-10,0,
7920,control,2026-03-07,1,54.69
7921,treatment,2026-03-08,0,
7922,treatment,2026-03-03,0,
7923,control,2026-03-02,0,
7924,treatment,2026-03-14,0,
7925,control,2026-03-04,0,
7926,treatment,2026-03-14,0,
7927,control,2026-03-05,0,
7928,control,2026-03-03,0,
7929,control,2026-03-02,0,
7930,treatment,2026-03-05,1,45.68
7931,treatment,2026-03-01,0,
7932,treatment,2026-03-02,0,
7933,treatment,2026-03-10,0,
7934,control,2026-03-01,0,
7935,treatment,2026-03-12,0,
7936,control,2026-03-09,0,
7937,control,2026-03-08,0,
7938,control,2026-03-10,0,
7939,control,2026-03-06,1,32.53
7940,treatment,2026-03-08,0,
7941,treatment,2026-03-13,0,
7942,control,2026-03-04,1,63.81
7943,control,2026-03-07,0,
7944,treatment,2026-03-07,0,
7945,control,2026-03-10,1,48.33
7946,treatment,2026-03-04,1,88.07
7947,treatment,2026-03-07,0,
7948,treatment,2026-03-06,0,
7949,treatment,2026-03-03,0,
7950,treatment,2026-03-01,0,
7951,control,2026-03-01,0,
7952,control,2026-03-13,0,
7953,treatment,2026-03-10,0,
7954,control,2026-03-10,0,
7955,treatment,2026-03-05,0,
7956,treatment,2026-03-07,0,
7957,control,2026-03-08,0,
7958,control,2026-03-05,0,
7959,treatment,2026-03-02,0,
7960,control,2026-03-04,0,
7961,treatment,2026-03-12,0,
7962,control,2026-03-12,0,
7963,control,2026-03-02,1,30.73
7964,control,2026-03-01,0,
7965,treatment,2026-03-08,0,
7966,control,2026-03-11,0,
7967,control,2026-03-02,0,
7968,control,2026-03-06,0,
7969,treatment,2026-03-04,0,
7970,treatment,2026-03-14,0,
7971,control,2026-03-09,0,
7972,control,2026-03-04,0,
7973,treatment,2026-03-11,0,
7974,control,2026-03-05,1,33.99
7975,treatment,2026-03-13,0,
7976,treatment,2026-03-01,0,
7977,treatment,2026-03-09,1,30.67
7978,treatment,2026-03-02,0,
7979,control,2026-03-14,0,
7980,control,2026-03-07,0,
7981,control,2026-03-09,0,
7982,control,2026-03-10,0,
7983,treatment,2026-03-14,0,
7984,control,2026-03-02,0,
7985,treatment,2026-03-06,0,
7986,control,2026-03-14,0,
7987,treatment,2026-03-14,0,
7988,control,2026-03-01,0,
7989,treatment,2026-03-02,0,
7990,treatment,2026-03-06,0,
7991,treatment,2026-03-03,0,
7992,control,2026-03-03,0,
7993,treatment,2026-03-03,1,28.63
7994,treatment,2026-03-09,0,
7995,treatment,2026-03-12,0,
7996,control,2026-03-06,0,
7997,control,2026-03-12,0,
7998,treatment,2026-03-08,1,26.28
7999,control,2026-03-02,0,
8000,treatment,2026-03-04,0,
8001,treatment,2026-03-13,0,
8002,treatment,2026-03-02,0,
8003,treatment,2026-03-09,0,
8004,treatment,2026-03-01,0,
8005,control,2026-03-13,0,
8006,treatment,2026-03-08,1,73.37
8007,treatment,2026-03-11,0,
8008,treatment,2026-03-02,0,
8009,treatment,2026-03-10,0,
8010,control,2026-03-02,0,
8011,control,2026-03-10,0,
8012,treatment,2026-03-07,0,
8013,treatment,2026-03-06,0,
8014,control,2026-03-04,1,41.46
8015,control,2026-03-10,0,
8016,treatment,2026-03-09,0,
8017,control,2026-03-01,0,
8018,control,2026-03-05,0,
8019,control,2026-03-12,0,
8020,control,2026-03-13,0,
8021,control,2026-03-12,0,
8022,control,2026-03-11,0,
8023,treatment,2026-03-03,0,
8024,control,2026-03-06,0,
8025,control,2026-03-05,0,
8026,treatment,2026-03-13,0,
8027,treatment,2026-03-09,0,
8028,treatment,2026-03-14,0,
8029,control,2026-03-10,0,
8030,treatment,2026-03-03,0,
8031,treatment,2026-03-03,0,
8032,treatment,2026-03-12,0,
8033,control,2026-03-14,0,
8034,control,2026-03-09,0,
8035,control,2026-03-14,0,
8036,treatment,2026-03-06,0,
8037,control,2026-03-09,0,
8038,control,2026-03-09,0,
8039,control,2026-03-09,0,
8040,control,2026-03-07,0,
8041,treatment,2026-03-13,0,
8042,control,2026-03-01,0,
8043,treatment,2026-03-13,0,
8044,control,2026-03-11,0,
8045,control,2026-03-05,0,
8046,treatment,2026-03-09,1,39.34
8047,control,2026-03-10,0,
8048,control,2026-03-10,0,
8049,treatment,2026-03-08,0,
8050,control,2026-03-02,0,
8051,treatment,2026-03-11,0,
8052,control,2026-03-12,1,30.05
8053,control,2026-03-07,0,
8054,treatment,2026-03-12,0,
8055,treatment,2026-03-07,1,23.73
8056,control,2026-03-14,0,
8057,control,2026-03-02,0,
8058,control,2026-03-11,1,60.22
8059,treatment,2026-03-03,0,
8060,treatment,2026-03-03,0,
8061,treatment,2026-03-10,0,
8062,treatment,2026-03-09,0,
8063,control,2026-03-13,0,
8064,control,2026-03-04,0,
8065,treatment,2026-03-11,1,55.75
8066,control,2026-03-04,0,
8067,treatment,2026-03-01,0,
8068,control,2026-03-12,0,
8069,treatment,2026-03-13,0,
8070,control,2026-03-04,0,
8071,treatment,2026-03-10,0,
8072,control,2026-03-07,0,
8073,control,2026-03-02,0,
8074,treatment,2026-03-13,0,
8075,control,2026-03-10,0,
8076,treatment,2026-03-04,0,
8077,treatment,2026-03-07,0,
8078,treatment,2026-03-05,0,
8079,treatment,2026-03-11,0,
8080,control,2026-03-04,0,
8081,control,2026-03-02,0,
8082,control,2026-03-08,0,
8083,control,2026-03-10,0,
8084,control,2026-03-05,0,
8085,control,2026-03-14,1,62.89
8086,treatment,2026-03-14,0,
8087,control,2026-03-04,1,44.1
8088,treatment,2026-03-10,0,
8089,control,2026-03-08,0,
8090,control,2026-03-01,0,
8091,treatment,2026-03-12,0,
8092,control,2026-03-04,0,
8093,control,2026-03-06,0,
8094,control,2026-03-10,0,
8095,treatment,2026-03-08,0,
8096,control,2026-03-02,0,
8097,treatment,2026-03-03,0,
8098,control,2026-03-11,0,
8099,treatment,2026-03-11,1,66.82
8100,treatment,2026-03-09,0,
8101,treatment,2026-03-06,1,28.76
8102,control,2026-03-09,1,45.63
8103,control,2026-03-14,0,
8104,treatment,2026-03-04,0,
8105,treatment,2026-03-02,0,
8106,control,2026-03-04,0,
8107,control,2026-03-07,0,
8108,control,2026-03-12,0,
8109,treatment,2026-03-05,0,
8110,treatment,2026-03-10,1,44.79
8111,treatment,2026-03-05,0,
8112,treatment,2026-03-05,0,
8113,control,2026-03-09,0,
8114,control,2026-03-04,0,
8115,treatment,2026-03-09,0,
8116,treatment,2026-03-12,0,
8117,treatment,2026-03-11,0,
8118,treatment,2026-03-07,0,
8119,control,2026-03-02,1,35.03
8120,control,2026-03-12,0,
8121,treatment,2026-03-09,0,
8122,control,2026-03-07,0,
8123,control,2026-03-05,0,
8124,treatment,2026-03-11,0,
8125,treatment,2026-03-06,0,
8126,treatment,2026-03-14,1,64.25
8127,treatment,2026-03-12,0,
8128,treatment,2026-03-02,0,
8129,treatment,2026-03-09,0,
8130,treatment,2026-03-14,0,
8131,control,2026-03-11,0,
8132,control,2026-03-02,1,63.23
8133,control,2026-03-09,0,
8134,control,2026-03-14,0,
8135,control,2026-03-10,0,
8136,control,2026-03-01,0,
8137,control,2026-03-06,0,
8138,control,2026-03-04,0,
8139,treatment,2026-03-01,1,42.25
8140,treatment,2026-03-05,0,
8141,control,2026-03-08,0,
8142,control,2026-03-12,0,
8143,control,2026-03-09,0,
8144,treatment,2026-03-05,0,
8145,treatment,2026-03-10,0,
8146,treatment,2026-03-02,0,
8147,control,2026-03-03,0,
8148,treatment,2026-03-13,0,
8149,treatment,2026-03-03,1,43.96
8150,treatment,2026-03-07,0,
8151,control,2026-03-11,0,
8152,treatment,2026-03-02,0,
8153,control,2026-03-12,0,
8154,treatment,2026-03-11,0,
8155,treatment,2026-03-11,1,48.6
8156,control,2026-03-11,0,
8157,treatment,2026-03-11,0,
8158,control,2026-03-08,0,
8159,treatment,2026-03-14,1,76.28
8160,treatment,2026-03-06,0,
8161,control,2026-03-11,0,
8162,treatment,2026-03-11,0,
8163,control,2026-03-02,1,51.55
8164,treatment,2026-03-14,1,62.06
8165,treatment,2026-03-06,1,53.42
8166,control,2026-03-05,0,
8167,control,2026-03-03,0,
8168,treatment,2026-03-09,1,19.83
8169,control,2026-03-13,0,
8170,treatment,2026-03-08,0,
8171,control,2026-03-10,0,
8172,treatment,2026-03-09,0,
8173,treatment,2026-03-13,0,
8174,control,2026-03-09,0,
8175,control,2026-03-10,0,
8176,control,2026-03-14,0,
8177,control,2026-03-09,0,
8178,treatment,2026-03-02,0,
8179,control,2026-03-02,0,
8180,treatment,2026-03-07,1,35.55
8181,treatment,2026-03-14,1,57.06
8182,control,2026-03-14,1,69.13
8183,treatment,2026-03-04,0,
8184,treatment,2026-03-02,0,
8185,treatment,2026-03-13,0,
8186,control,2026-03-05,0,
8187,control,2026-03-12,0,
8188,control,2026-03-05,1,92.85
8189,treatment,2026-03-07,0,
8190,treatment,2026-03-03,0,
8191,control,2026-03-10,0,
8192,control,2026-03-10,1,37.01
8193,control,2026-03-13,0,
8194,control,2026-03-09,0,
8195,treatment,2026-03-05,0,
8196,treatment,2026-03-07,0,
8197,treatment,2026-03-11,0,
8198,control,2026-03-06,0,
8199,control,2026-03-12,0,
8200,control,2026-03-07,0,
8201,control,2026-03-10,0,
8202,treatment,2026-03-06,0,
8203,treatment,2026-03-06,0,
8204,treatment,2026-03-03,1,47.86
8205,control,2026-03-10,0,
8206,control,2026-03-05,0,
8207,control,2026-03-11,0,
8208,treatment,2026-03-08,1,63.03
8209,control,2026-03-08,0,
8210,control,2026-03-02,0,
8211,control,2026-03-07,0,
8212,control,2026-03-04,0,
8213,control,2026-03-09,0,
8214,control,2026-03-03,0,
8215,control,2026-03-13,1,55.08
8216,treatment,2026-03-07,1,41.63
8217,treatment,2026-03-11,0,
8218,treatment,2026-03-09,0,
8219,treatment,2026-03-13,0,
8220,control,2026-03-05,0,
8221,control,2026-03-11,0,
8222,treatment,2026-03-13,0,
8223,treatment,2026-03-13,0,
8224,treatment,2026-03-13,0,
8225,control,2026-03-11,0,
8226,control,2026-03-10,0,
8227,control,2026-03-06,0,
8228,treatment,2026-03-07,0,
8229,treatment,2026-03-03,0,
8230,treatment,2026-03-01,0,
8231,treatment,2026-03-09,0,
8232,control,2026-03-11,0,
8233,control,2026-03-14,0,
8234,control,2026-03-02,0,
8235,control,2026-03-11,0,
8236,treatment,2026-03-03,0,
8237,treatment,2026-03-08,0,
8238,control,2026-03-11,0,
8239,treatment,2026-03-07,0,
8240,control,2026-03-02,0,
8241,control,2026-03-12,1,34.7
8242,treatment,2026-03-01,0,
8243,treatment,2026-03-12,0,
8244,treatment,2026-03-12,0,
8245,treatment,2026-03-10,0,
8246,treatment,2026-03-05,0,
8247,treatment,2026-03-06,0,
8248,control,2026-03-14,0,
8249,treatment,2026-03-10,0,
8250,control,2026-03-08,0,
8251,treatment,2026-03-04,1,22.74
8252,treatment,2026-03-10,0,
8253,control,2026-03-01,0,
8254,control,2026-03-13,0,
8255,treatment,2026-03-07,0,
8256,treatment,2026-03-01,0,
8257,control,2026-03-07,0,
8258,control,2026-03-08,1,71.43
8259,treatment,2026-03-14,0,
8260,control,2026-03-07,0,
8261,control,2026-03-06,0,
8262,treatment,2026-03-07,0,
8263,control,2026-03-10,0,
8264,treatment,2026-03-02,0,
8265,treatment,2026-03-08,0,
8266,control,2026-03-10,1,77.49
8267,control,2026-03-14,0,
8268,control,2026-03-11,0,
8269,treatment,2026-03-10,1,32.28
8270,control,2026-03-12,0,
8271,control,2026-03-03,0,
8272,control,2026-03-01,0,
8273,treatment,2026-03-06,0,
8274,treatment,2026-03-04,1,72.2
8275,control,2026-03-03,0,
8276,treatment,2026-03-12,0,
8277,control,2026-03-14,0,
8278,treatment,2026-03-14,0,
8279,control,2026-03-05,0,
8280,treatment,2026-03-09,0,
8281,control,2026-03-03,1,41.26
8282,treatment,2026-03-07,0,
8283,control,2026-03-13,0,
8284,treatment,2026-03-07,0,
8285,treatment,2026-03-07,0,
8286,control,2026-03-02,0,
8287,treatment,2026-03-11,0,
8288,treatment,2026-03-08,0,
8289,control,2026-03-13,0,
8290,control,2026-03-10,0,
8291,treatment,2026-03-13,0,
8292,control,2026-03-12,0,
8293,treatment,2026-03-11,1,69.87
8294,treatment,2026-03-05,0,
8295,treatment,2026-03-10,0,
8296,treatment,2026-03-11,0,
8297,treatment,2026-03-14,0,
8298,treatment,2026-03-01,0,
8299,control,2026-03-04,0,
8300,treatment,2026-03-14,0,
8301,treatment,2026-03-08,1,40.13
8302,control,2026-03-03,0,
8303,treatment,2026-03-09,0,
8304,control,2026-03-01,0,
8305,control,2026-03-09,1,26.26
8306,control,2026-03-06,0,
8307,treatment,2026-03-04,0,
8308,control,2026-03-01,1,42.61
8309,control,2026-03-03,0,
8310,control,2026-03-13,1,27.25
8311,control,2026-03-08,1,46.57
8312,treatment,2026-03-03,0,
8313,control,2026-03-02,1,50.85
8314,control,2026-03-14,0,
8315,treatment,2026-03-14,0,
8316,treatment,2026-03-13,0,
8317,treatment,2026-03-11,0,
8318,control,2026-03-12,0,
8319,treatment,2026-03-05,0,
8320,treatment,2026-03-13,0,
8321,control,2026-03-04,0,
8322,treatment,2026-03-12,0,
8323,control,2026-03-11,0,
8324,treatment,2026-03-14,0,
8325,control,2026-03-14,0,
8326,control,2026-03-02,0,
8327,treatment,2026-03-10,0,
8328,control,2026-03-10,0,
8329,control,2026-03-03,0,
8330,control,2026-03-04,0,
8331,treatment,2026-03-05,0,
8332,treatment,2026-03-05,0,
8333,control,2026-03-14,1,42.8
8334,control,2026-03-06,1,58.42
8335,control,2026-03-06,0,
8336,control,2026-03-09,1,42.42
8337,control,2026-03-09,0,
8338,treatment,2026-03-04,0,
8339,control,2026-03-05,0,
8340,treatment,2026-03-02,1,31.95
8341,control,2026-03-02,1,76.11
8342,control,2026-03-07,0,
8343,treatment,2026-03-02,0,
8344,control,2026-03-06,0,
8345,treatment,2026-03-02,1,82.17
8346,control,2026-03-12,0,
8347,treatment,2026-03-06,0,
8348,treatment,2026-03-03,0,
8349,control,2026-03-14,0,
8350,control,2026-03-01,1,33.2
8351,control,2026-03-03,0,
8352,treatment,2026-03-11,1,70.98
8353,control,2026-03-06,0,
8354,treatment,2026-03-13,0,
8355,treatment,2026-03-14,0,
8356,control,2026-03-12,0,
8357,treatment,2026-03-03,0,
8358,control,2026-03-07,0,
8359,control,2026-03-09,1,50.4
8360,control,2026-03-04,0,
8361,treatment,2026-03-07,0,
8362,treatment,2026-03-05,0,
8363,treatment,2026-03-02,0,
8364,treatment,2026-03-11,0,
8365,treatment,2026-03-14,0,
8366,control,2026-03-09,0,
8367,treatment,2026-03-12,0,
8368,treatment,2026-03-13,0,
8369,control,2026-03-13,0,
8370,control,2026-03-11,1,73.77
8371,control,2026-03-02,1,35.22
8372,treatment,2026-03-06,1,38.4
8373,control,2026-03-08,1,61.93
8374,control,2026-03-11,0,
8375,treatment,2026-03-02,0,
8376,control,2026-03-13,0,
8377,treatment,2026-03-12,1,74.92
8378,control,2026-03-13,0,
8379,treatment,2026-03-05,0,
8380,treatment,2026-03-01,0,
8381,control,2026-03-10,0,
8382,treatment,2026-03-07,0,
8383,treatment,2026-03-04,0,
8384,control,2026-03-11,0,
8385,treatment,2026-03-04,0,
8386,control,2026-03-07,0,
8387,control,2026-03-08,0,
8388,control,2026-03-01,0,
8389,treatment,2026-03-04,0,
8390,control,2026-03-14,0,
8391,control,2026-03-07,0,
8392,treatment,2026-03-06,1,60.84
8393,control,2026-03-08,0,
8394,treatment,2026-03-09,0,
8395,treatment,2026-03-04,0,
8396,treatment,2026-03-05,0,
8397,control,2026-03-10,0,
8398,control,2026-03-11,0,
8399,control,2026-03-12,0,
8400,treatment,2026-03-01,0,
8401,control,2026-03-03,0,
8402,treatment,2026-03-02,0,
8403,control,2026-03-12,0,
8404,treatment,2026-03-05,1,40.65
8405,control,2026-03-08,0,
8406,treatment,2026-03-14,0,
8407,control,2026-03-04,0,
8408,treatment,2026-03-12,0,
8409,treatment,2026-03-04,1,48.6
8410,treatment,2026-03-03,0,
8411,control,2026-03-07,0,
8412,treatment,2026-03-05,1,61.13
8413,control,2026-03-10,0,
8414,control,2026-03-14,0,
8415,treatment,2026-03-01,0,
8416,control,2026-03-04,0,
8417,treatment,2026-03-01,1,38.32
8418,treatment,2026-03-08,0,
8419,treatment,2026-03-13,0,
8420,treatment,2026-03-09,1,33.47
8421,control,2026-03-02,0,
8422,treatment,2026-03-03,0,
8423,treatment,2026-03-14,1,40.72
8424,treatment,2026-03-13,0,
8425,treatment,2026-03-12,0,
8426,control,2026-03-14,0,
8427,treatment,2026-03-05,0,
8428,treatment,2026-03-11,0,
8429,treatment,2026-03-09,0,
8430,control,2026-03-11,0,
8431,control,2026-03-05,0,
8432,treatment,2026-03-13,0,
8433,control,2026-03-01,0,
8434,treatment,2026-03-11,0,
8435,treatment,2026-03-10,0,
8436,control,2026-03-06,0,
8437,treatment,2026-03-04,0,
8438,treatment,2026-03-05,0,
8439,treatment,2026-03-01,0,
8440,control,2026-03-08,0,
8441,control,2026-03-11,0,
8442,control,2026-03-11,0,
8443,control,2026-03-02,0,
8444,treatment,2026-03-07,0,
8445,treatment,2026-03-10,0,
8446,treatment,2026-03-05,0,
8447,control,2026-03-03,1,48.99
8448,treatment,2026-03-03,0,
8449,control,2026-03-11,0,
8450,treatment,2026-03-13,1,36.76
8451,treatment,2026-03-07,0,
8452,treatment,2026-03-06,1,26.92
8453,control,2026-03-13,0,
8454,treatment,2026-03-10,0,
8455,treatment,2026-03-01,0,
8456,control,2026-03-01,1,19.54
8457,treatment,2026-03-03,0,
8458,control,2026-03-07,0,
8459,treatment,2026-03-10,0,
8460,control,2026-03-09,0,
8461,control,2026-03-01,0,
8462,control,2026-03-05,0,
8463,treatment,2026-03-11,0,
8464,control,2026-03-02,0,
8465,treatment,2026-03-08,0,
8466,control,2026-03-07,0,
8467,treatment,2026-03-09,0,
8468,treatment,2026-03-07,0,
8469,control,2026-03-02,0,
8470,treatment,2026-03-06,1,45.3
8471,control,2026-03-03,0,
8472,treatment,2026-03-13,0,
8473,control,2026-03-06,1,25.71
8474,treatment,2026-03-13,0,
8475,treatment,2026-03-01,0,
8476,control,2026-03-03,0,
8477,control,2026-03-07,0,
8478,treatment,2026-03-04,0,
8479,treatment,2026-03-12,0,
8480,treatment,2026-03-09,0,
8481,treatment,2026-03-03,0,
8482,control,2026-03-09,0,
8483,treatment,2026-03-05,0,
8484,control,2026-03-02,0,
8485,treatment,2026-03-02,0,
8486,treatment,2026-03-04,0,
8487,control,2026-03-11,0,
8488,treatment,2026-03-03,1,25.8
8489,control,2026-03-10,0,
8490,control,2026-03-10,0,
8491,treatment,2026-03-08,0,
8492,control,2026-03-01,0,
8493,treatment,2026-03-08,0,
8494,control,2026-03-07,0,
8495,treatment,2026-03-08,0,
8496,treatment,2026-03-14,0,
8497,treatment,2026-03-05,0,
8498,control,2026-03-05,0,
8499,control,2026-03-14,0,
8500,control,2026-03-12,0,
8501,control,2026-03-13,0,
8502,treatment,2026-03-09,0,
8503,treatment,2026-03-03,1,50.11
8504,treatment,2026-03-14,1,70.24
8505,control,2026-03-01,0,
8506,treatment,2026-03-10,0,
8507,treatment,2026-03-02,0,
8508,treatment,2026-03-13,0,
8509,control,2026-03-11,0,
8510,treatment,2026-03-07,1,76.12
8511,treatment,2026-03-01,0,
8512,treatment,2026-03-03,0,
8513,treatment,2026-03-12,0,
8514,control,2026-03-07,0,
8515,control,2026-03-11,0,
8516,control,2026-03-11,0,
8517,treatment,2026-03-07,1,20.03
8518,control,2026-03-13,1,29.09
8519,treatment,2026-03-12,0,
8520,treatment,2026-03-02,1,35.88
8521,treatment,2026-03-14,0,
8522,control,2026-03-11,0,
8523,control,2026-03-14,0,
8524,control,2026-03-04,0,
8525,control,2026-03-09,0,
8526,treatment,2026-03-14,0,
8527,control,2026-03-07,0,
8528,control,2026-03-13,0,
8529,control,2026-03-06,1,81.71
8530,treatment,2026-03-04,0,
8531,treatment,2026-03-12,0,
8532,treatment,2026-03-08,0,
8533,treatment,2026-03-02,0,
8534,treatment,2026-03-11,1,40.87
8535,control,2026-03-07,0,
8536,treatment,2026-03-03,0,
8537,treatment,2026-03-05,1,37.84
8538,control,2026-03-13,0,
8539,treatment,2026-03-09,0,
8540,control,2026-03-04,1,42.55
8541,treatment,2026-03-05,0,
8542,control,2026-03-13,0,
8543,treatment,2026-03-05,0,
8544,control,2026-03-04,0,
8545,treatment,2026-03-03,0,
8546,treatment,2026-03-05,0,
8547,treatment,2026-03-06,0,
8548,control,2026-03-05,0,
8549,treatment,2026-03-03,0,
8550,control,2026-03-07,0,
8551,control,2026-03-10,0,
8552,treatment,2026-03-07,0,
8553,control,2026-03-12,0,
8554,treatment,2026-03-12,1,61.67
8555,control,2026-03-14,0,
8556,control,2026-03-07,0,
8557,control,2026-03-05,0,
8558,treatment,2026-03-10,1,28.79
8559,control,2026-03-07,0,
8560,control,2026-03-06,1,20.83
8561,control,2026-03-13,0,
8562,control,2026-03-09,0,
8563,treatment,2026-03-06,0,
8564,control,2026-03-13,1,71.67
8565,treatment,2026-03-08,1,79.73
8566,control,2026-03-09,0,
8567,control,2026-03-13,0,
8568,control,2026-03-07,0,
8569,control,2026-03-07,0,
8570,treatment,2026-03-03,0,
8571,control,2026-03-11,0,
8572,control,2026-03-14,0,
8573,control,2026-03-01,0,
8574,control,2026-03-10,0,
8575,control,2026-03-13,0,
8576,control,2026-03-13,0,
8577,control,2026-03-05,0,
8578,control,2026-03-14,1,68.85
8579,treatment,2026-03-07,0,
8580,treatment,2026-03-06,0,
8581,treatment,2026-03-02,1,31.78
8582,treatment,2026-03-04,0,
8583,treatment,2026-03-02,0,
8584,control,2026-03-04,0,
8585,control,2026-03-05,0,
8586,control,2026-03-08,0,
8587,treatment,2026-03-04,1,24.11
8588,control,2026-03-13,0,
8589,control,2026-03-03,0,
8590,treatment,2026-03-06,0,
8591,treatment,2026-03-09,0,
8592,treatment,2026-03-09,0,
8593,treatment,2026-03-03,0,
8594,control,2026-03-11,1,45.24
8595,treatment,2026-03-10,0,
8596,treatment,2026-03-05,0,
8597,control,2026-03-02,0,
8598,treatment,2026-03-02,0,
8599,control,2026-03-12,0,
8600,control,2026-03-12,0,
8601,treatment,2026-03-13,0,
8602,treatment,2026-03-01,0,
8603,control,2026-03-08,0,
8604,control,2026-03-04,0,
8605,control,2026-03-09,0,
8606,treatment,2026-03-03,0,
8607,control,2026-03-09,0,
8608,treatment,2026-03-14,0,
8609,control,2026-03-14,0,
8610,treatment,2026-03-12,0,
8611,control,2026-03-04,0,
8612,treatment,2026-03-04,0,
8613,treatment,2026-03-07,0,
8614,treatment,2026-03-04,1,43.0
8615,control,2026-03-12,0,
8616,control,2026-03-07,0,
8617,control,2026-03-11,0,
8618,treatment,2026-03-06,0,
8619,control,2026-03-14,0,
8620,control,2026-03-06,0,
8621,treatment,2026-03-01,1,38.41
8622,treatment,2026-03-11,0,
8623,treatment,2026-03-01,0,
8624,treatment,2026-03-11,0,
8625,control,2026-03-11,0,
8626,control,2026-03-14,0,
8627,control,2026-03-09,0,
8628,control,2026-03-04,0,
8629,control,2026-03-02,0,
8630,treatment,2026-03-12,0,
8631,control,2026-03-11,0,
8632,control,2026-03-03,0,
8633,treatment,2026-03-05,0,
8634,treatment,2026-03-03,1,27.16
8635,treatment,2026-03-01,0,
8636,treatment,2026-03-08,1,55.12
8637,treatment,2026-03-13,0,
8638,control,2026-03-09,0,
8639,treatment,2026-03-10,0,
8640,treatment,2026-03-06,0,
8641,control,2026-03-05,0,
8642,treatment,2026-03-07,0,
8643,control,2026-03-12,1,14.63
8644,control,2026-03-08,0,
8645,control,2026-03-13,0,
8646,control,2026-03-08,1,31.97
8647,treatment,2026-03-04,0,
8648,treatment,2026-03-04,0,
8649,treatment,2026-03-05,0,
8650,treatment,2026-03-04,0,
8651,treatment,2026-03-04,0,
8652,treatment,2026-03-09,0,
8653,control,2026-03-11,1,46.74
8654,treatment,2026-03-04,1,68.88
8655,treatment,2026-03-01,0,
8656,control,2026-03-03,0,
8657,treatment,2026-03-05,0,
8658,treatment,2026-03-11,0,
8659,treatment,2026-03-02,0,
8660,treatment,2026-03-06,0,
8661,control,2026-03-05,0,
8662,treatment,2026-03-09,0,
8663,treatment,2026-03-11,0,
8664,treatment,2026-03-10,0,
8665,control,2026-03-12,0,
8666,treatment,2026-03-02,0,
8667,treatment,2026-03-09,0,
8668,treatment,2026-03-12,0,
8669,treatment,2026-03-13,0,
8670,treatment,2026-03-06,1,55.45
8671,treatment,2026-03-10,1,44.84
8672,treatment,2026-03-13,0,
8673,control,2026-03-08,0,
8674,treatment,2026-03-04,0,
8675,treatment,2026-03-07,0,
8676,treatment,2026-03-04,0,
8677,treatment,2026-03-06,0,
8678,treatment,2026-03-02,1,56.99
8679,control,2026-03-06,0,
8680,control,2026-03-14,1,71.24
8681,control,2026-03-14,0,
8682,treatment,2026-03-10,0,
8683,treatment,2026-03-13,0,
8684,control,2026-03-08,0,
8685,treatment,2026-03-06,0,
8686,treatment,2026-03-10,1,40.98
8687,treatment,2026-03-02,1,33.34
8688,treatment,2026-03-10,1,62.59
8689,treatment,2026-03-08,0,
8690,control,2026-03-11,0,
8691,treatment,2026-03-08,1,27.65
8692,treatment,2026-03-13,0,
8693,control,2026-03-09,0,
8694,control,2026-03-13,0,
8695,treatment,2026-03-11,1,53.83
8696,treatment,2026-03-08,0,
8697,treatment,2026-03-14,0,
8698,treatment,2026-03-02,0,
8699,treatment,2026-03-01,0,
8700,treatment,2026-03-01,0,
8701,treatment,2026-03-09,0,
8702,treatment,2026-03-10,0,
8703,treatment,2026-03-13,0,
8704,treatment,2026-03-14,0,
8705,treatment,2026-03-07,1,33.15
8706,treatment,2026-03-07,0,
8707,treatment,2026-03-11,0,
8708,control,2026-03-14,0,
8709,control,2026-03-13,0,
8710,treatment,2026-03-03,0,
8711,control,2026-03-11,0,
8712,treatment,2026-03-07,0,
8713,treatment,2026-03-10,0,
8714,treatment,2026-03-08,0,
8715,treatment,2026-03-02,1,37.39
8716,control,2026-03-02,0,
8717,control,2026-03-12,0,
8718,treatment,2026-03-12,0,
8719,control,2026-03-12,0,
8720,treatment,2026-03-05,0,
8721,control,2026-03-06,0,
8722,treatment,2026-03-13,0,
8723,treatment,2026-03-03,0,
8724,treatment,2026-03-04,0,
8725,control,2026-03-04,0,
8726,treatment,2026-03-09,0,
8727,treatment,2026-03-12,1,26.91
8728,treatment,2026-03-09,0,
8729,control,2026-03-02,0,
8730,control,2026-03-03,0,
8731,treatment,2026-03-11,0,
8732,treatment,2026-03-06,0,
8733,treatment,2026-03-01,0,
8734,treatment,2026-03-09,0,
8735,treatment,2026-03-09,0,
8736,treatment,2026-03-09,0,
8737,treatment,2026-03-05,0,
8738,treatment,2026-03-11,1,53.08
8739,control,2026-03-01,1,60.16
8740,control,2026-03-03,0,
8741,treatment,2026-03-05,1,82.9
8742,control,2026-03-08,0,
8743,treatment,2026-03-02,1,44.51
8744,treatment,2026-03-05,0,
8745,control,2026-03-11,1,32.15
8746,control,2026-03-13,0,
8747,treatment,2026-03-05,0,
8748,control,2026-03-07,0,
8749,treatment,2026-03-01,0,
8750,treatment,2026-03-03,0,
8751,treatment,2026-03-04,0,
8752,treatment,2026-03-04,1,64.17
8753,treatment,2026-03-14,0,
8754,control,2026-03-07,0,
8755,control,2026-03-06,0,
8756,treatment,2026-03-05,0,
8757,treatment,2026-03-05,0,
8758,treatment,2026-03-10,0,
8759,treatment,2026-03-03,0,
8760,control,2026-03-04,0,
8761,control,2026-03-06,1,60.31
8762,treatment,2026-03-13,1,65.69
8763,treatment,2026-03-05,1,41.23
8764,control,2026-03-06,1,61.14
8765,treatment,2026-03-11,0,
8766,control,2026-03-13,0,
8767,control,2026-03-06,0,
8768,control,2026-03-10,1,49.67
8769,treatment,2026-03-11,0,
8770,treatment,2026-03-01,1,34.0
8771,treatment,2026-03-13,0,
8772,control,2026-03-08,0,
8773,control,2026-03-04,0,
8774,treatment,2026-03-01,0,
8775,treatment,2026-03-02,1,36.95
8776,control,2026-03-05,0,
8777,treatment,2026-03-06,0,
8778,control,2026-03-12,0,
8779,treatment,2026-03-13,0,
8780,treatment,2026-03-01,0,
8781,treatment,2026-03-09,0,
8782,control,2026-03-05,0,
8783,control,2026-03-07,0,
8784,treatment,2026-03-01,1,51.34
8785,control,2026-03-13,1,60.69
8786,control,2026-03-13,0,
8787,control,2026-03-11,0,
8788,control,2026-03-10,0,
8789,treatment,2026-03-02,0,
8790,treatment,2026-03-07,0,
8791,control,2026-03-14,0,
8792,treatment,2026-03-02,0,
8793,control,2026-03-09,1,38.9
8794,control,2026-03-07,0,
8795,treatment,2026-03-12,0,
8796,control,2026-03-13,0,
8797,treatment,2026-03-02,0,
8798,control,2026-03-14,0,
8799,control,2026-03-12,0,
8800,control,2026-03-12,0,
8801,treatment,2026-03-10,0,
8802,control,2026-03-09,0,
8803,control,2026-03-09,0,
8804,control,2026-03-03,0,
8805,treatment,2026-03-14,0,
8806,treatment,2026-03-05,0,
8807,treatment,2026-03-08,0,
8808,treatment,2026-03-06,0,
8809,control,2026-03-04,0,
8810,control,2026-03-06,0,
8811,control,2026-03-14,1,64.41
8812,control,2026-03-08,0,
8813,control,2026-03-04,0,
8814,treatment,2026-03-07,0,
8815,treatment,2026-03-13,1,33.24
8816,treatment,2026-03-05,0,
8817,treatment,2026-03-09,1,29.37
8818,treatment,2026-03-11,0,
8819,control,2026-03-01,0,
8820,control,2026-03-09,0,
8821,control,2026-03-01,0,
8822,treatment,2026-03-12,0,
8823,treatment,2026-03-06,0,
8824,treatment,2026-03-12,0,
8825,treatment,2026-03-10,0,
8826,treatment,2026-03-03,1,48.82
8827,treatment,2026-03-06,0,
8828,control,2026-03-11,0,
8829,control,2026-03-04,0,
8830,control,2026-03-03,0,
8831,treatment,2026-03-09,0,
8832,control,2026-03-14,0,
8833,control,2026-03-03,0,
8834,control,2026-03-06,1,94.81
8835,control,2026-03-02,0,
8836,treatment,2026-03-03,0,
8837,control,2026-03-11,0,
8838,control,2026-03-07,0,
8839,control,2026-03-07,0,
8840,treatment,2026-03-10,0,
8841,treatment,2026-03-04,0,
8842,treatment,2026-03-07,0,
8843,control,2026-03-10,0,
8844,treatment,2026-03-03,0,
8845,control,2026-03-13,0,
8846,treatment,2026-03-12,0,
8847,control,2026-03-14,0,
8848,control,2026-03-10,0,
8849,treatment,2026-03-09,0,
8850,treatment,2026-03-04,0,
8851,treatment,2026-03-09,0,
8852,treatment,2026-03-13,0,
8853,treatment,2026-03-07,0,
8854,control,2026-03-03,0,
8855,control,2026-03-11,0,
8856,control,2026-03-07,0,
8857,treatment,2026-03-14,0,
8858,control,2026-03-01,0,
8859,control,2026-03-02,0,
8860,treatment,2026-03-11,0,
8861,treatment,2026-03-13,0,
8862,control,2026-03-12,1,50.52
8863,control,2026-03-04,0,
8864,control,2026-03-07,0,
8865,control,2026-03-12,0,
8866,control,2026-03-06,0,
8867,control,2026-03-03,0,
8868,treatment,2026-03-12,0,
8869,treatment,2026-03-13,0,
8870,treatment,2026-03-14,0,
8871,treatment,2026-03-03,0,
8872,treatment,2026-03-13,0,
8873,control,2026-03-05,0,
8874,treatment,2026-03-09,1,57.22
8875,control,2026-03-01,0,
8876,control,2026-03-13,0,
8877,control,2026-03-05,1,51.75
8878,treatment,2026-03-10,0,
8879,treatment,2026-03-13,0,
8880,control,2026-03-12,0,
8881,control,2026-03-05,0,
8882,treatment,2026-03-14,1,49.2
8883,treatment,2026-03-14,0,
8884,treatment,2026-03-02,0,
8885,treatment,2026-03-14,0,
8886,control,2026-03-04,0,
8887,control,2026-03-04,0,
8888,treatment,2026-03-11,0,
8889,control,2026-03-13,0,
8890,control,2026-03-13,0,
8891,control,2026-03-06,0,
8892,control,2026-03-05,0,
8893,control,2026-03-02,0,
8894,control,2026-03-06,0,
8895,treatment,2026-03-10,0,
8896,control,2026-03-01,0,
8897,control,2026-03-06,0,
8898,treatment,2026-03-14,0,
8899,control,2026-03-14,0,
8900,treatment,2026-03-12,0,
8901,treatment,2026-03-06,0,
8902,treatment,2026-03-10,1,84.63
8903,control,2026-03-03,0,
8904,control,2026-03-14,0,
8905,treatment,2026-03-05,0,
8906,control,2026-03-12,0,
8907,treatment,2026-03-05,0,
8908,control,2026-03-08,0,
8909,control,2026-03-08,0,
8910,control,2026-03-12,0,
8911,treatment,2026-03-11,0,
8912,treatment,2026-03-09,0,
8913,control,2026-03-07,1,53.51
8914,treatment,2026-03-06,0,
8915,treatment,2026-03-04,0,
8916,treatment,2026-03-01,0,
8917,control,2026-03-13,0,
8918,control,2026-03-07,0,
8919,treatment,2026-03-08,0,
8920,control,2026-03-08,0,
8921,treatment,2026-03-10,0,
8922,control,2026-03-09,0,
8923,control,2026-03-05,0,
8924,control,2026-03-06,0,
8925,control,2026-03-01,0,
8926,control,2026-03-13,1,30.72
8927,treatment,2026-03-01,0,
8928,treatment,2026-03-08,0,
8929,control,2026-03-03,0,
8930,treatment,2026-03-11,0,
8931,treatment,2026-03-07,0,
8932,control,2026-03-14,0,
8933,treatment,2026-03-05,0,
8934,control,2026-03-03,0,
8935,control,2026-03-03,0,
8936,control,2026-03-06,0,
8937,control,2026-03-05,0,
8938,treatment,2026-03-01,0,
8939,control,2026-03-03,0,
8940,control,2026-03-05,1,109.01
8941,control,2026-03-12,0,
8942,control,2026-03-13,1,38.37
8943,treatment,2026-03-08,0,
8944,control,2026-03-06,0,
8945,treatment,2026-03-11,0,
8946,treatment,2026-03-08,0,
8947,control,2026-03-08,0,
8948,treatment,2026-03-10,0,
8949,treatment,2026-03-11,1,57.1
8950,control,2026-03-08,0,
8951,treatment,2026-03-10,0,
8952,treatment,2026-03-12,0,
8953,control,2026-03-12,0,
8954,control,2026-03-03,0,
8955,treatment,2026-03-03,1,52.81
8956,treatment,2026-03-07,1,53.43
8957,control,2026-03-05,0,
8958,control,2026-03-01,0,
8959,control,2026-03-08,0,
8960,treatment,2026-03-05,0,
8961,control,2026-03-01,0,
8962,control,2026-03-02,0,
8963,control,2026-03-08,0,
8964,control,2026-03-04,1,37.57
8965,control,2026-03-14,0,
8966,control,2026-03-13,0,
8967,treatment,2026-03-14,0,
8968,control,2026-03-03,0,
8969,treatment,2026-03-08,0,
8970,treatment,2026-03-09,0,
8971,control,2026-03-05,0,
8972,control,2026-03-12,1,52.63
8973,control,2026-03-08,0,
8974,treatment,2026-03-04,0,
8975,control,2026-03-08,0,
8976,treatment,2026-03-11,0,
8977,treatment,2026-03-11,0,
8978,control,2026-03-11,0,
8979,treatment,2026-03-12,0,
8980,treatment,2026-03-08,0,
8981,control,2026-03-09,0,
8982,control,2026-03-09,1,54.96
8983,treatment,2026-03-08,0,
8984,treatment,2026-03-02,0,
8985,treatment,2026-03-14,0,
8986,control,2026-03-13,0,
8987,treatment,2026-03-09,0,
8988,control,2026-03-13,0,
8989,treatment,2026-03-04,1,43.26
8990,control,2026-03-06,0,
8991,treatment,2026-03-04,0,
8992,treatment,2026-03-01,0,
8993,treatment,2026-03-04,1,51.41
8994,control,2026-03-14,0,
8995,treatment,2026-03-05,0,
8996,treatment,2026-03-01,0,
8997,control,2026-03-12,0,
8998,control,2026-03-12,1,74.54
8999,control,2026-03-06,0,
9000,treatment,2026-03-05,0,
9001,treatment,2026-03-03,0,
9002,treatment,2026-03-07,0,
9003,treatment,2026-03-05,0,
9004,treatment,2026-03-11,1,53.4
9005,treatment,2026-03-05,0,
9006,control,2026-03-01,0,
9007,treatment,2026-03-04,0,
9008,treatment,2026-03-03,0,
9009,control,2026-03-10,0,
9010,control,2026-03-10,0,
9011,control,2026-03-05,0,
9012,treatment,2026-03-14,0,
9013,treatment,2026-03-03,0,
9014,control,2026-03-08,0,
9015,control,2026-03-12,0,
9016,treatment,2026-03-05,0,
9017,control,2026-03-01,0,
9018,treatment,2026-03-04,0,
9019,treatment,2026-03-14,0,
9020,treatment,2026-03-03,0,
9021,control,2026-03-14,0,
9022,control,2026-03-01,0,
9023,control,2026-03-07,0,
9024,treatment,2026-03-06,0,
9025,control,2026-03-03,0,
9026,treatment,2026-03-10,0,
9027,control,2026-03-09,0,
9028,treatment,2026-03-08,0,
9029,control,2026-03-10,0,
9030,treatment,2026-03-13,0,
9031,control,2026-03-12,0,
9032,control,2026-03-09,0,
9033,control,2026-03-13,0,
9034,control,2026-03-12,0,
9035,treatment,2026-03-08,0,
9036,control,2026-03-05,0,
9037,control,2026-03-12,0,
9038,control,2026-03-14,0,
9039,treatment,2026-03-05,0,
9040,control,2026-03-07,0,
9041,control,2026-03-03,0,
9042,treatment,2026-03-01,0,
9043,treatment,2026-03-01,0,
9044,control,2026-03-07,0,
9045,treatment,2026-03-02,0,
9046,control,2026-03-04,1,39.77
9047,treatment,2026-03-02,0,
9048,control,2026-03-03,0,
9049,control,2026-03-07,1,35.51
9050,control,2026-03-14,0,
9051,control,2026-03-05,0,
9052,treatment,2026-03-11,0,
9053,control,2026-03-10,0,
9054,control,2026-03-14,0,
9055,treatment,2026-03-09,0,
9056,treatment,2026-03-14,0,
9057,treatment,2026-03-05,0,
9058,treatment,2026-03-06,0,
9059,control,2026-03-07,0,
9060,treatment,2026-03-09,0,
9061,control,2026-03-14,0,
9062,treatment,2026-03-14,0,
9063,control,2026-03-02,0,
9064,control,2026-03-12,0,
9065,control,2026-03-10,0,
9066,treatment,2026-03-12,0,
9067,control,2026-03-06,1,34.96
9068,control,2026-03-03,0,
9069,control,2026-03-11,0,
9070,control,2026-03-06,0,
9071,treatment,2026-03-13,1,35.52
9072,control,2026-03-02,0,
9073,treatment,2026-03-08,0,
9074,treatment,2026-03-04,0,
9075,control,2026-03-12,0,
9076,treatment,2026-03-10,0,
9077,treatment,2026-03-02,0,
9078,control,2026-03-01,1,62.46
9079,control,2026-03-14,0,
9080,treatment,2026-03-04,0,
9081,control,2026-03-11,0,
9082,control,2026-03-12,0,
9083,control,2026-03-12,0,
9084,treatment,2026-03-09,0,
9085,treatment,2026-03-07,0,
9086,control,2026-03-04,0,
9087,control,2026-03-10,1,50.4
9088,control,2026-03-02,0,
9089,control,2026-03-05,0,
9090,control,2026-03-13,0,
9091,treatment,2026-03-06,0,
9092,treatment,2026-03-01,0,
9093,treatment,2026-03-11,0,
9094,control,2026-03-08,0,
9095,treatment,2026-03-13,0,
9096,treatment,2026-03-12,0,
9097,control,2026-03-14,1,34.77
9098,treatment,2026-03-11,0,
9099,treatment,2026-03-03,0,
9100,control,2026-03-10,0,
9101,treatment,2026-03-06,0,
9102,control,2026-03-07,0,
9103,treatment,2026-03-12,1,50.22
9104,control,2026-03-08,0,
9105,control,2026-03-06,0,
9106,control,2026-03-09,0,
9107,treatment,2026-03-13,1,93.28
9108,treatment,2026-03-07,0,
9109,control,2026-03-08,0,
9110,control,2026-03-10,0,
9111,treatment,2026-03-05,0,
9112,treatment,2026-03-03,0,
9113,control,2026-03-14,0,
9114,control,2026-03-10,0,
9115,control,2026-03-13,0,
9116,treatment,2026-03-14,0,
9117,treatment,2026-03-09,0,
9118,control,2026-03-13,0,
9119,control,2026-03-10,0,
9120,treatment,2026-03-05,0,
9121,treatment,2026-03-03,0,
9122,control,2026-03-02,0,
9123,control,2026-03-11,0,
9124,control,2026-03-13,0,
9125,control,2026-03-13,0,
9126,control,2026-03-02,0,
9127,treatment,2026-03-03,0,
9128,treatment,2026-03-08,0,
9129,control,2026-03-06,0,
9130,control,2026-03-08,1,25.4
9131,control,2026-03-12,0,
9132,treatment,2026-03-06,0,
9133,control,2026-03-14,0,
9134,treatment,2026-03-06,0,
9135,control,2026-03-03,0,
9136,control,2026-03-08,0,
9137,treatment,2026-03-04,0,
9138,control,2026-03-05,0,
9139,control,2026-03-12,0,
9140,treatment,2026-03-06,0,
9141,control,2026-03-02,0,
9142,control,2026-03-09,0,
9143,treatment,2026-03-12,0,
9144,control,2026-03-10,0,
9145,treatment,2026-03-08,1,67.53
9146,control,2026-03-14,0,
9147,treatment,2026-03-01,0,
9148,treatment,2026-03-09,0,
9149,control,2026-03-03,0,
9150,treatment,2026-03-04,0,
9151,treatment,2026-03-05,0,
9152,control,2026-03-01,0,
9153,control,2026-03-08,0,
9154,treatment,2026-03-01,1,27.12
9155,control,2026-03-07,0,
9156,treatment,2026-03-06,0,
9157,control,2026-03-11,0,
9158,treatment,2026-03-03,0,
9159,control,2026-03-12,0,
9160,control,2026-03-05,1,45.68
9161,control,2026-03-12,0,
9162,treatment,2026-03-02,0,
9163,control,2026-03-08,0,
9164,treatment,2026-03-01,0,
9165,control,2026-03-08,0,
9166,control,2026-03-11,0,
9167,treatment,2026-03-01,0,
9168,treatment,2026-03-03,0,
9169,control,2026-03-02,0,
9170,treatment,2026-03-12,1,26.47
9171,control,2026-03-01,0,
9172,control,2026-03-01,0,
9173,control,2026-03-14,0,
9174,control,2026-03-12,0,
9175,treatment,2026-03-01,0,
9176,control,2026-03-11,0,
9177,control,2026-03-07,1,52.62
9178,treatment,2026-03-06,0,
9179,control,2026-03-09,1,40.95
9180,treatment,2026-03-02,0,
9181,control,2026-03-11,0,
9182,control,2026-03-06,0,
9183,treatment,2026-03-04,0,
9184,control,2026-03-09,0,
9185,control,2026-03-07,0,
9186,control,2026-03-06,0,
9187,control,2026-03-14,0,
9188,control,2026-03-09,0,
9189,treatment,2026-03-10,0,
9190,control,2026-03-06,1,35.23
9191,control,2026-03-10,0,
9192,control,2026-03-11,0,
9193,treatment,2026-03-01,0,
9194,control,2026-03-12,0,
9195,control,2026-03-14,0,
9196,treatment,2026-03-07,1,25.9
9197,control,2026-03-04,0,
9198,treatment,2026-03-05,0,
9199,treatment,2026-03-02,0,
9200,treatment,2026-03-11,0,
9201,treatment,2026-03-07,0,
9202,control,2026-03-08,0,
9203,treatment,2026-03-13,0,
9204,treatment,2026-03-10,1,42.03
9205,control,2026-03-01,0,
9206,control,2026-03-14,0,
9207,control,2026-03-03,0,
9208,treatment,2026-03-09,0,
9209,control,2026-03-04,0,
9210,control,2026-03-09,0,
9211,treatment,2026-03-12,0,
9212,treatment,2026-03-13,1,26.67
9213,treatment,2026-03-13,1,50.53
9214,treatment,2026-03-12,0,
9215,control,2026-03-11,0,
9216,control,2026-03-07,0,
9217,control,2026-03-14,0,
9218,control,2026-03-01,0,
9219,control,2026-03-05,0,
9220,control,2026-03-10,0,
9221,treatment,2026-03-11,0,
9222,control,2026-03-07,0,
9223,control,2026-03-14,0,
9224,control,2026-03-01,0,
9225,treatment,2026-03-08,0,
9226,control,2026-03-14,0,
9227,control,2026-03-02,1,62.71
9228,treatment,2026-03-07,0,
9229,control,2026-03-13,0,
9230,control,2026-03-12,0,
9231,control,2026-03-13,0,
9232,control,2026-03-11,0,
9233,control,2026-03-05,0,
9234,treatment,2026-03-14,0,
9235,control,2026-03-03,0,
9236,treatment,2026-03-13,0,
9237,control,2026-03-09,1,54.3
9238,treatment,2026-03-08,0,
9239,control,2026-03-07,0,
9240,treatment,2026-03-10,0,
9241,treatment,2026-03-08,0,
9242,treatment,2026-03-02,0,
9243,treatment,2026-03-02,0,
9244,control,2026-03-10,0,
9245,control,2026-03-05,0,
9246,treatment,2026-03-01,1,35.89
9247,treatment,2026-03-12,0,
9248,treatment,2026-03-07,0,
9249,treatment,2026-03-13,0,
9250,treatment,2026-03-07,0,
9251,control,2026-03-08,0,
9252,control,2026-03-09,0,
9253,control,2026-03-08,0,
9254,treatment,2026-03-02,0,
9255,control,2026-03-05,0,
9256,treatment,2026-03-01,0,
9257,treatment,2026-03-01,0,
9258,treatment,2026-03-05,1,71.01
9259,control,2026-03-04,1,30.5
9260,control,2026-03-13,0,
9261,treatment,2026-03-06,0,
9262,treatment,2026-03-07,0,
9263,control,2026-03-01,1,49.76
9264,treatment,2026-03-06,0,
9265,control,2026-03-01,0,
9266,treatment,2026-03-04,0,
9267,treatment,2026-03-04,1,33.38
9268,treatment,2026-03-04,0,
9269,control,2026-03-06,0,
9270,control,2026-03-13,0,
9271,control,2026-03-03,0,
9272,treatment,2026-03-05,0,
9273,control,2026-03-06,0,
9274,treatment,2026-03-06,0,
9275,treatment,2026-03-11,0,
9276,treatment,2026-03-09,0,
9277,control,2026-03-10,0,
9278,control,2026-03-07,0,
9279,control,2026-03-14,0,
9280,treatment,2026-03-01,0,
9281,treatment,2026-03-03,0,
9282,control,2026-03-02,0,
9283,treatment,2026-03-14,0,
9284,treatment,2026-03-12,0,
9285,treatment,2026-03-13,0,
9286,treatment,2026-03-05,0,
9287,treatment,2026-03-03,0,
9288,control,2026-03-12,0,
9289,control,2026-03-10,0,
9290,treatment,2026-03-01,0,
9291,control,2026-03-07,0,
9292,control,2026-03-12,0,
9293,treatment,2026-03-04,0,
9294,control,2026-03-11,0,
9295,control,2026-03-11,0,
9296,treatment,2026-03-14,0,
9297,control,2026-03-03,0,
9298,treatment,2026-03-05,0,
9299,treatment,2026-03-08,0,
9300,control,2026-03-10,0,
9301,control,2026-03-09,0,
9302,treatment,2026-03-05,0,
9303,treatment,2026-03-07,0,
9304,treatment,2026-03-10,1,44.62
9305,control,2026-03-04,0,
9306,control,2026-03-09,0,
9307,control,2026-03-01,0,
9308,control,2026-03-03,0,
9309,control,2026-03-13,0,
9310,treatment,2026-03-09,0,
9311,control,2026-03-02,0,
9312,control,2026-03-01,0,
9313,treatment,2026-03-03,0,
9314,control,2026-03-01,0,
9315,control,2026-03-08,0,
9316,treatment,2026-03-11,0,
9317,control,2026-03-03,1,46.06
9318,control,2026-03-05,0,
9319,treatment,2026-03-07,0,
9320,control,2026-03-11,0,
9321,treatment,2026-03-09,0,
9322,treatment,2026-03-10,0,
9323,treatment,2026-03-10,0,
9324,control,2026-03-05,0,
9325,control,2026-03-11,0,
9326,control,2026-03-05,1,69.96
9327,treatment,2026-03-14,0,
9328,treatment,2026-03-05,0,
9329,control,2026-03-12,0,
9330,treatment,2026-03-13,0,
9331,treatment,2026-03-02,0,
9332,control,2026-03-10,0,
9333,treatment,2026-03-02,0,
9334,control,2026-03-06,0,
9335,control,2026-03-06,1,43.4
9336,control,2026-03-03,0,
9337,control,2026-03-10,1,39.28
9338,treatment,2026-03-03,0,
9339,control,2026-03-08,0,
9340,treatment,2026-03-08,0,
9341,control,2026-03-13,0,
9342,control,2026-03-14,0,
9343,treatment,2026-03-10,0,
9344,control,2026-03-02,0,
9345,treatment,2026-03-06,1,58.65
9346,treatment,2026-03-03,1,27.31
9347,control,2026-03-04,0,
9348,control,2026-03-10,0,
9349,control,2026-03-04,0,
9350,control,2026-03-01,0,
9351,treatment,2026-03-03,0,
9352,treatment,2026-03-12,0,
9353,control,2026-03-10,0,
9354,treatment,2026-03-05,0,
9355,treatment,2026-03-04,0,
9356,control,2026-03-09,0,
9357,treatment,2026-03-14,0,
9358,control,2026-03-10,0,
9359,treatment,2026-03-03,0,
9360,treatment,2026-03-08,0,
9361,control,2026-03-10,0,
9362,control,2026-03-14,1,69.76
9363,control,2026-03-03,0,
9364,control,2026-03-11,0,
9365,treatment,2026-03-08,0,
9366,control,2026-03-13,0,
9367,control,2026-03-12,0,
9368,treatment,2026-03-07,0,
9369,treatment,2026-03-03,1,20.92
9370,control,2026-03-02,0,
9371,control,2026-03-08,0,
9372,control,2026-03-11,0,
9373,treatment,2026-03-02,1,47.12
9374,control,2026-03-14,0,
9375,treatment,2026-03-10,0,
9376,control,2026-03-02,0,
9377,treatment,2026-03-09,0,
9378,control,2026-03-11,0,
9379,control,2026-03-05,0,
9380,treatment,2026-03-07,0,
9381,treatment,2026-03-05,0,
9382,control,2026-03-04,0,
9383,control,2026-03-07,0,
9384,treatment,2026-03-04,0,
9385,control,2026-03-05,0,
9386,treatment,2026-03-02,0,
9387,control,2026-03-03,0,
9388,treatment,2026-03-09,0,
9389,treatment,2026-03-06,0,
9390,treatment,2026-03-08,0,
9391,control,2026-03-07,0,
9392,control,2026-03-11,0,
9393,treatment,2026-03-10,0,
9394,control,2026-03-08,0,
9395,treatment,2026-03-13,0,
9396,treatment,2026-03-06,0,
9397,control,2026-03-07,0,
9398,control,2026-03-04,1,91.21
9399,control,2026-03-06,0,
9400,control,2026-03-01,1,80.4
9401,treatment,2026-03-06,0,
9402,treatment,2026-03-05,0,
9403,control,2026-03-04,0,
9404,treatment,2026-03-09,0,
9405,treatment,2026-03-11,0,
9406,treatment,2026-03-09,0,
9407,treatment,2026-03-13,0,
9408,control,2026-03-10,0,
9409,control,2026-03-03,0,
9410,treatment,2026-03-12,0,
9411,treatment,2026-03-01,0,
9412,control,2026-03-01,1,16.93
9413,treatment,2026-03-09,0,
9414,treatment,2026-03-07,1,26.8
9415,control,2026-03-11,0,
9416,control,2026-03-07,0,
9417,treatment,2026-03-06,0,
9418,treatment,2026-03-13,0,
9419,control,2026-03-11,0,
9420,treatment,2026-03-05,1,29.75
9421,treatment,2026-03-14,0,
9422,control,2026-03-04,0,
9423,treatment,2026-03-05,0,
9424,control,2026-03-08,0,
9425,treatment,2026-03-14,0,
9426,treatment,2026-03-06,1,61.5
9427,treatment,2026-03-08,0,
9428,treatment,2026-03-12,0,
9429,treatment,2026-03-04,0,
9430,treatment,2026-03-10,0,
9431,treatment,2026-03-08,0,
9432,treatment,2026-03-03,0,
9433,treatment,2026-03-09,0,
9434,control,2026-03-02,0,
9435,control,2026-03-03,0,
9436,control,2026-03-10,0,
9437,treatment,2026-03-04,0,
9438,treatment,2026-03-13,0,
9439,control,2026-03-02,0,
9440,control,2026-03-14,0,
9441,treatment,2026-03-10,0,
9442,treatment,2026-03-09,0,
9443,treatment,2026-03-13,0,
9444,treatment,2026-03-13,0,
9445,treatment,2026-03-04,0,
9446,treatment,2026-03-07,0,
9447,treatment,2026-03-06,0,
9448,treatment,2026-03-06,1,68.11
9449,control,2026-03-04,0,
9450,control,2026-03-09,0,
9451,treatment,2026-03-03,0,
9452,control,2026-03-09,0,
9453,treatment,2026-03-09,0,
9454,treatment,2026-03-11,0,
9455,treatment,2026-03-14,1,50.31
9456,treatment,2026-03-11,0,
9457,control,2026-03-01,0,
9458,control,2026-03-01,0,
9459,control,2026-03-02,1,42.1
9460,control,2026-03-07,0,
9461,treatment,2026-03-06,1,27.92
9462,treatment,2026-03-11,0,
9463,treatment,2026-03-14,1,80.54
9464,control,2026-03-13,0,
9465,treatment,2026-03-11,0,
9466,treatment,2026-03-07,0,
9467,treatment,2026-03-13,0,
9468,control,2026-03-10,0,
9469,treatment,2026-03-10,0,
9470,control,2026-03-14,1,43.36
9471,control,2026-03-03,0,
9472,treatment,2026-03-02,0,
9473,control,2026-03-04,0,
9474,treatment,2026-03-09,1,61.12
9475,treatment,2026-03-05,0,
9476,control,2026-03-07,0,
9477,control,2026-03-13,0,
9478,control,2026-03-03,0,
9479,treatment,2026-03-10,0,
9480,treatment,2026-03-04,0,
9481,control,2026-03-10,0,
9482,treatment,2026-03-04,1,24.56
9483,treatment,2026-03-04,0,
9484,control,2026-03-09,0,
9485,control,2026-03-07,0,
9486,control,2026-03-09,0,
9487,treatment,2026-03-04,0,
9488,control,2026-03-11,1,64.88
9489,control,2026-03-06,0,
9490,treatment,2026-03-11,0,
9491,treatment,2026-03-03,1,37.97
9492,treatment,2026-03-08,0,
9493,treatment,2026-03-14,1,44.29
9494,treatment,2026-03-03,1,50.33
9495,treatment,2026-03-09,0,
9496,treatment,2026-03-13,0,
9497,treatment,2026-03-03,0,
9498,treatment,2026-03-03,0,
9499,control,2026-03-03,0,
9500,control,2026-03-13,0,
9501,control,2026-03-13,0,
9502,treatment,2026-03-10,0,
9503,treatment,2026-03-10,0,
9504,treatment,2026-03-13,0,
9505,control,2026-03-03,0,
9506,treatment,2026-03-01,1,59.47
9507,treatment,2026-03-01,0,
9508,control,2026-03-09,0,
9509,control,2026-03-14,0,
9510,treatment,2026-03-08,0,
9511,treatment,2026-03-14,0,
9512,treatment,2026-03-10,0,
9513,control,2026-03-03,0,
9514,control,2026-03-12,0,
9515,control,2026-03-09,1,41.6
9516,treatment,2026-03-09,0,
9517,treatment,2026-03-14,1,53.45
9518,treatment,2026-03-01,0,
9519,control,2026-03-09,0,
9520,treatment,2026-03-07,0,
9521,control,2026-03-10,0,
9522,control,2026-03-13,0,
9523,treatment,2026-03-04,0,
9524,treatment,2026-03-04,0,
9525,treatment,2026-03-03,0,
9526,treatment,2026-03-11,0,
9527,treatment,2026-03-05,0,
9528,control,2026-03-09,0,
9529,treatment,2026-03-06,0,
9530,control,2026-03-06,0,
9531,control,2026-03-10,0,
9532,treatment,2026-03-13,1,24.72
9533,treatment,2026-03-11,0,
9534,control,2026-03-03,0,
9535,treatment,2026-03-08,0,
9536,control,2026-03-02,0,
9537,treatment,2026-03-05,0,
9538,control,2026-03-07,0,
9539,control,2026-03-07,1,32.52
9540,treatment,2026-03-11,0,
9541,treatment,2026-03-05,0,
9542,control,2026-03-05,0,
9543,treatment,2026-03-06,0,
9544,treatment,2026-03-11,1,25.32
9545,control,2026-03-14,1,33.9
9546,treatment,2026-03-02,1,21.01
9547,treatment,2026-03-09,1,41.46
9548,control,2026-03-13,0,
9549,control,2026-03-10,1,40.88
9550,treatment,2026-03-07,1,10.39
9551,control,2026-03-13,0,
9552,treatment,2026-03-01,1,44.19
9553,control,2026-03-04,0,
9554,treatment,2026-03-01,0,
9555,treatment,2026-03-11,0,
9556,control,2026-03-05,0,
9557,treatment,2026-03-07,0,
9558,control,2026-03-05,1,62.77
9559,control,2026-03-04,0,
9560,treatment,2026-03-14,0,
9561,treatment,2026-03-02,0,
9562,treatment,2026-03-06,0,
9563,treatment,2026-03-10,0,
9564,treatment,2026-03-10,0,
9565,treatment,2026-03-04,0,
9566,treatment,2026-03-11,0,
9567,control,2026-03-13,1,73.46
9568,treatment,2026-03-11,0,
9569,control,2026-03-06,0,
9570,treatment,2026-03-08,1,48.89
9571,control,2026-03-14,0,
9572,treatment,2026-03-04,0,
9573,control,2026-03-14,0,
9574,control,2026-03-08,0,
9575,treatment,2026-03-02,0,
9576,treatment,2026-03-09,1,46.05
9577,treatment,2026-03-11,1,43.03
9578,control,2026-03-10,0,
9579,control,2026-03-09,0,
9580,control,2026-03-05,0,
9581,treatment,2026-03-09,0,
9582,control,2026-03-09,0,
9583,treatment,2026-03-05,0,
9584,treatment,2026-03-08,0,
9585,control,2026-03-02,1,37.51
9586,control,2026-03-13,0,
9587,control,2026-03-08,0,
9588,treatment,2026-03-09,0,
9589,control,2026-03-14,0,
9590,control,2026-03-04,1,48.52
9591,treatment,2026-03-04,0,
9592,treatment,2026-03-02,0,
9593,control,2026-03-01,1,48.03
9594,treatment,2026-03-07,1,94.84
9595,control,2026-03-08,0,
9596,treatment,2026-03-08,0,
9597,treatment,2026-03-14,0,
9598,treatment,2026-03-09,1,77.64
9599,treatment,2026-03-04,0,
9600,control,2026-03-04,0,
9601,control,2026-03-03,0,
9602,control,2026-03-11,0,
9603,control,2026-03-14,0,
9604,control,2026-03-06,0,
9605,treatment,2026-03-01,0,
9606,treatment,2026-03-03,0,
9607,treatment,2026-03-13,0,
9608,control,2026-03-11,0,
9609,treatment,2026-03-11,0,
9610,control,2026-03-07,0,
9611,treatment,2026-03-12,0,
9612,control,2026-03-14,0,
9613,treatment,2026-03-05,0,
9614,control,2026-03-09,0,
9615,treatment,2026-03-04,0,
9616,treatment,2026-03-09,0,
9617,treatment,2026-03-10,0,
9618,treatment,2026-03-04,0,
9619,control,2026-03-06,1,48.75
9620,control,2026-03-02,0,
9621,control,2026-03-04,0,
9622,treatment,2026-03-13,0,
9623,treatment,2026-03-08,0,
9624,treatment,2026-03-03,1,68.34
9625,treatment,2026-03-11,0,
9626,treatment,2026-03-01,1,19.9
9627,control,2026-03-02,0,
9628,control,2026-03-02,0,
9629,treatment,2026-03-14,0,
9630,control,2026-03-06,0,
9631,control,2026-03-09,0,
9632,control,2026-03-01,0,
9633,treatment,2026-03-03,0,
9634,control,2026-03-05,0,
9635,treatment,2026-03-05,1,29.85
9636,treatment,2026-03-03,1,48.28
9637,control,2026-03-02,0,
9638,control,2026-03-07,0,
9639,treatment,2026-03-03,0,
9640,treatment,2026-03-03,0,
9641,control,2026-03-01,0,
9642,control,2026-03-02,1,27.57
9643,treatment,2026-03-02,1,70.73
9644,treatment,2026-03-11,0,
9645,treatment,2026-03-11,0,
9646,control,2026-03-01,1,46.38
9647,control,2026-03-14,0,
9648,treatment,2026-03-06,0,
9649,treatment,2026-03-10,0,
9650,treatment,2026-03-02,0,
9651,treatment,2026-03-02,0,
9652,treatment,2026-03-05,0,
9653,control,2026-03-10,0,
9654,treatment,2026-03-14,0,
9655,control,2026-03-05,0,
9656,treatment,2026-03-02,1,27.47
9657,control,2026-03-09,0,
9658,control,2026-03-05,1,46.92
9659,treatment,2026-03-02,1,43.53
9660,treatment,2026-03-13,0,
9661,treatment,2026-03-08,0,
9662,control,2026-03-02,0,
9663,treatment,2026-03-01,0,
9664,control,2026-03-06,0,
9665,treatment,2026-03-07,0,
9666,control,2026-03-12,1,19.38
9667,treatment,2026-03-09,0,
9668,control,2026-03-04,0,
9669,control,2026-03-02,0,
9670,control,2026-03-07,0,
9671,treatment,2026-03-13,0,
9672,treatment,2026-03-09,0,
9673,control,2026-03-14,0,
9674,control,2026-03-01,1,55.95
9675,treatment,2026-03-03,1,53.71
9676,treatment,2026-03-11,0,
9677,control,2026-03-03,0,
9678,treatment,2026-03-11,0,
9679,control,2026-03-12,0,
9680,treatment,2026-03-08,0,
9681,treatment,2026-03-04,1,6.25
9682,control,2026-03-04,0,
9683,treatment,2026-03-14,0,
9684,control,2026-03-02,0,
9685,treatment,2026-03-14,0,
9686,treatment,2026-03-07,1,75.15
9687,treatment,2026-03-06,0,
9688,control,2026-03-06,0,
9689,control,2026-03-03,0,
9690,treatment,2026-03-07,1,31.2
9691,treatment,2026-03-06,0,
9692,treatment,2026-03-05,0,
9693,treatment,2026-03-05,0,
9694,control,2026-03-12,1,30.85
9695,treatment,2026-03-06,0,
9696,control,2026-03-12,0,
9697,control,2026-03-08,0,
9698,control,2026-03-13,0,
9699,treatment,2026-03-09,0,
9700,control,2026-03-13,0,
9701,treatment,2026-03-01,0,
9702,control,2026-03-08,0,
9703,treatment,2026-03-12,1,25.63
9704,control,2026-03-07,0,
9705,control,2026-03-02,0,
9706,treatment,2026-03-14,1,36.3
9707,control,2026-03-06,0,
9708,control,2026-03-12,0,
9709,treatment,2026-03-11,0,
9710,control,2026-03-03,0,
9711,control,2026-03-14,0,
9712,control,2026-03-03,0,
9713,control,2026-03-05,0,
9714,control,2026-03-01,0,
9715,control,2026-03-05,0,
9716,control,2026-03-03,0,
9717,control,2026-03-10,1,64.4
9718,treatment,2026-03-05,0,
9719,treatment,2026-03-04,0,
9720,control,2026-03-10,0,
9721,treatment,2026-03-05,0,
9722,treatment,2026-03-03,0,
9723,treatment,2026-03-10,0,
9724,treatment,2026-03-10,0,
9725,control,2026-03-04,0,
9726,control,2026-03-09,0,
9727,treatment,2026-03-02,0,
9728,control,2026-03-03,0,
9729,treatment,2026-03-13,0,
9730,treatment,2026-03-03,0,
9731,treatment,2026-03-04,0,
9732,control,2026-03-09,1,50.71
9733,treatment,2026-03-06,0,
9734,control,2026-03-09,0,
9735,treatment,2026-03-07,0,
9736,control,2026-03-09,0,
9737,treatment,2026-03-01,0,
9738,control,2026-03-13,0,
9739,treatment,2026-03-10,1,57.09
9740,control,2026-03-12,1,19.05
9741,control,2026-03-09,0,
9742,control,2026-03-05,0,
9743,treatment,2026-03-11,0,
9744,treatment,2026-03-07,0,
9745,treatment,2026-03-10,0,
9746,control,2026-03-07,0,
9747,treatment,2026-03-13,0,
9748,treatment,2026-03-06,0,
9749,control,2026-03-03,0,
9750,treatment,2026-03-01,1,40.76
9751,treatment,2026-03-04,1,68.06
9752,control,2026-03-14,0,
9753,treatment,2026-03-05,1,75.51
9754,control,2026-03-11,0,
9755,control,2026-03-08,0,
9756,control,2026-03-01,0,
9757,treatment,2026-03-07,0,
9758,control,2026-03-13,0,
9759,control,2026-03-12,0,
9760,control,2026-03-10,0,
9761,control,2026-03-12,0,
9762,control,2026-03-11,0,
9763,control,2026-03-11,0,
9764,treatment,2026-03-08,0,
9765,control,2026-03-02,1,46.53
9766,treatment,2026-03-05,0,
9767,treatment,2026-03-10,1,61.58
9768,treatment,2026-03-02,0,
9769,control,2026-03-07,0,
9770,treatment,2026-03-12,0,
9771,treatment,2026-03-05,0,
9772,treatment,2026-03-07,1,44.06
9773,control,2026-03-05,0,
9774,control,2026-03-14,0,
9775,treatment,2026-03-12,0,
9776,control,2026-03-12,0,
9777,control,2026-03-08,0,
9778,control,2026-03-08,0,
9779,control,2026-03-03,0,
9780,treatment,2026-03-08,0,
9781,treatment,2026-03-11,0,
9782,control,2026-03-09,0,
9783,control,2026-03-12,0,
9784,control,2026-03-06,0,
9785,treatment,2026-03-03,1,67.13
9786,treatment,2026-03-07,0,
9787,control,2026-03-04,0,
9788,control,2026-03-07,0,
9789,control,2026-03-08,0,
9790,treatment,2026-03-12,0,
9791,control,2026-03-05,0,
9792,control,2026-03-12,0,
9793,control,2026-03-04,0,
9794,treatment,2026-03-04,0,
9795,control,2026-03-02,0,
9796,control,2026-03-02,0,
9797,control,2026-03-07,0,
9798,treatment,2026-03-03,0,
9799,control,2026-03-09,0,
9800,treatment,2026-03-07,0,
9801,treatment,2026-03-08,0,
9802,treatment,2026-03-13,1,34.79
9803,treatment,2026-03-04,0,
9804,control,2026-03-14,0,
9805,treatment,2026-03-12,0,
9806,treatment,2026-03-04,0,
9807,treatment,2026-03-07,0,
9808,control,2026-03-05,0,
9809,control,2026-03-14,0,
9810,control,2026-03-12,0,
9811,treatment,2026-03-11,1,44.32
9812,control,2026-03-09,0,
9813,treatment,2026-03-03,0,
9814,treatment,2026-03-09,0,
9815,treatment,2026-03-10,0,
9816,treatment,2026-03-11,0,
9817,control,2026-03-08,0,
9818,control,2026-03-02,0,
9819,control,2026-03-01,0,
9820,treatment,2026-03-04,0,
9821,treatment,2026-03-04,0,
9822,treatment,2026-03-10,0,
9823,treatment,2026-03-03,0,
9824,control,2026-03-04,0,
9825,control,2026-03-07,0,
9826,treatment,2026-03-14,0,
9827,control,2026-03-05,0,
9828,control,2026-03-10,1,44.24
9829,treatment,2026-03-11,0,
9830,control,2026-03-09,1,64.84
9831,treatment,2026-03-04,0,
9832,treatment,2026-03-03,1,29.43
9833,control,2026-03-09,1,88.58
9834,control,2026-03-09,0,
9835,treatment,2026-03-09,0,
9836,treatment,2026-03-05,0,
9837,treatment,2026-03-11,1,45.19
9838,treatment,2026-03-11,1,18.46
9839,control,2026-03-07,0,
9840,treatment,2026-03-06,0,
9841,control,2026-03-11,0,
9842,control,2026-03-08,1,42.14
9843,control,2026-03-13,0,
9844,treatment,2026-03-07,0,
9845,control,2026-03-08,1,20.05
9846,control,2026-03-11,1,99.92
9847,treatment,2026-03-07,0,
9848,control,2026-03-12,0,
9849,treatment,2026-03-07,0,
9850,control,2026-03-03,0,
9851,control,2026-03-09,0,
9852,treatment,2026-03-02,0,
9853,control,2026-03-12,0,
9854,treatment,2026-03-06,0,
9855,control,2026-03-09,0,
9856,treatment,2026-03-13,0,
9857,control,2026-03-07,0,
9858,control,2026-03-13,0,
9859,treatment,2026-03-03,0,
9860,control,2026-03-01,0,
9861,control,2026-03-06,0,
9862,control,2026-03-09,0,
9863,treatment,2026-03-03,0,
9864,control,2026-03-07,1,57.2
9865,treatment,2026-03-04,1,45.82
9866,treatment,2026-03-11,0,
9867,control,2026-03-01,0,
9868,treatment,2026-03-07,0,
9869,treatment,2026-03-03,0,
9870,treatment,2026-03-04,0,
9871,treatment,2026-03-04,0,
9872,control,2026-03-12,0,
9873,control,2026-03-13,0,
9874,control,2026-03-07,1,50.3
9875,treatment,2026-03-07,0,
9876,control,2026-03-09,0,
9877,treatment,2026-03-09,0,
9878,treatment,2026-03-12,1,18.44
9879,treatment,2026-03-07,0,
9880,control,2026-03-04,0,
9881,treatment,2026-03-14,1,32.27
9882,treatment,2026-03-03,0,
9883,treatment,2026-03-02,0,
9884,control,2026-03-07,1,86.78
9885,control,2026-03-13,0,
9886,treatment,2026-03-12,1,30.87
9887,control,2026-03-10,0,
9888,treatment,2026-03-12,1,35.34
9889,control,2026-03-12,0,
9890,control,2026-03-05,0,
9891,treatment,2026-03-13,0,
9892,control,2026-03-12,0,
9893,treatment,2026-03-05,1,71.23
9894,control,2026-03-02,0,
9895,control,2026-03-06,0,
9896,treatment,2026-03-05,0,
9897,treatment,2026-03-10,0,
9898,treatment,2026-03-03,0,
9899,treatment,2026-03-01,0,
9900,treatment,2026-03-04,0,
9901,control,2026-03-14,0,
9902,control,2026-03-12,0,
9903,control,2026-03-09,0,
9904,control,2026-03-01,1,79.37
9905,control,2026-03-09,0,
9906,treatment,2026-03-11,0,
9907,control,2026-03-05,1,39.26
9908,control,2026-03-10,0,
9909,treatment,2026-03-12,0,
9910,control,2026-03-03,0,
9911,treatment,2026-03-02,1,39.2
9912,control,2026-03-10,0,
9913,control,2026-03-04,0,
9914,treatment,2026-03-13,0,
9915,treatment,2026-03-03,0,
9916,treatment,2026-03-03,1,45.07
9917,control,2026-03-08,0,
9918,control,2026-03-14,1,27.49
9919,treatment,2026-03-07,1,38.66
9920,treatment,2026-03-13,0,
9921,control,2026-03-04,0,
9922,treatment,2026-03-12,0,
9923,treatment,2026-03-04,0,
9924,treatment,2026-03-14,0,
9925,control,2026-03-11,0,
9926,control,2026-03-07,0,
9927,treatment,2026-03-11,0,
9928,treatment,2026-03-02,0,
9929,control,2026-03-01,0,
9930,treatment,2026-03-03,0,
9931,treatment,2026-03-03,0,
9932,control,2026-03-11,0,
9933,treatment,2026-03-13,1,63.28
9934,treatment,2026-03-04,0,
9935,treatment,2026-03-14,0,
9936,treatment,2026-03-07,0,
9937,treatment,2026-03-08,0,
9938,control,2026-03-11,0,
9939,control,2026-03-03,0,
9940,control,2026-03-11,0,
9941,control,2026-03-11,0,
9942,control,2026-03-07,0,
9943,control,2026-03-09,0,
9944,control,2026-03-05,0,
9945,control,2026-03-08,0,
9946,treatment,2026-03-01,0,
9947,treatment,2026-03-06,0,
9948,control,2026-03-06,0,
9949,treatment,2026-03-06,0,
9950,control,2026-03-06,0,
9951,control,2026-03-03,1,22.42
9952,control,2026-03-06,0,
9953,control,2026-03-01,1,49.94
9954,control,2026-03-03,0,
9955,control,2026-03-12,1,38.12
9956,treatment,2026-03-10,0,
9957,control,2026-03-09,0,
9958,treatment,2026-03-07,1,60.55
9959,control,2026-03-04,0,
9960,treatment,2026-03-09,0,
9961,control,2026-03-04,0,
9962,control,2026-03-08,0,
9963,treatment,2026-03-05,0,
9964,control,2026-03-04,0,
9965,control,2026-03-05,0,
9966,treatment,2026-03-08,1,45.49
9967,control,2026-03-04,0,
9968,treatment,2026-03-14,0,
9969,treatment,2026-03-04,0,
9970,control,2026-03-11,1,32.96
9971,control,2026-03-07,0,
9972,treatment,2026-03-10,0,
9973,treatment,2026-03-14,1,26.79
9974,treatment,2026-03-02,0,
9975,treatment,2026-03-06,1,40.25
9976,treatment,2026-03-12,0,
9977,control,2026-03-01,0,
9978,treatment,2026-03-11,0,
9979,control,2026-03-06,0,
9980,control,2026-03-11,0,
9981,treatment,2026-03-07,0,
9982,treatment,2026-03-06,0,
9983,treatment,2026-03-02,1,22.05
9984,control,2026-03-10,0,
9985,treatment,2026-03-06,0,
9986,control,2026-03-09,1,77.11
9987,control,2026-03-10,0,
9988,treatment,2026-03-05,0,
9989,control,2026-03-14,0,
9990,treatment,2026-03-02,0,
9991,control,2026-03-01,0,
9992,treatment,2026-03-14,1,33.35
9993,treatment,2026-03-02,0,
9994,treatment,2026-03-02,1,43.17
9995,treatment,2026-03-11,1,54.34
9996,control,2026-03-09,0,
9997,control,2026-03-08,0,
9998,control,2026-03-07,1,32.87
9999,treatment,2026-03-06,0,
10000,treatment,2026-03-11,0,
10001,control,2026-03-05,0,
10002,control,2026-03-08,0,
10003,control,2026-03-01,1,28.46
10004,control,2026-03-14,0,
10005,treatment,2026-03-08,0,
10006,control,2026-03-12,0,
10007,control,2026-03-03,0,
10008,control,2026-03-01,1,28.49
10009,control,2026-03-03,1,53.89
10010,control,2026-03-07,0,
10011,control,2026-03-13,0,
10012,treatment,2026-03-01,0,
10013,treatment,2026-03-14,1,37.6
10014,control,2026-03-13,0,
10015,treatment,2026-03-08,0,
10016,control,2026-03-10,0,
10017,control,2026-03-06,0,
10018,treatment,2026-03-03,0,
10019,control,2026-03-05,0,
10020,treatment,2026-03-09,0,
10021,control,2026-03-01,0,
10022,control,2026-03-13,0,
10023,control,2026-03-08,1,19.62
10024,control,2026-03-14,0,
10025,control,2026-03-03,0,
10026,control,2026-03-05,0,
10027,treatment,2026-03-13,0,
10028,treatment,2026-03-01,1,94.44
10029,control,2026-03-14,0,
10030,control,2026-03-04,1,22.32
10031,treatment,2026-03-05,0,
10032,treatment,2026-03-05,0,
10033,control,2026-03-12,0,
10034,treatment,2026-03-10,0,
10035,control,2026-03-13,0,
10036,treatment,2026-03-05,0,
10037,treatment,2026-03-05,0,
10038,control,2026-03-09,0,
10039,control,2026-03-09,0,
10040,control,2026-03-05,0,
10041,treatment,2026-03-11,1,70.71
10042,treatment,2026-03-11,0,
10043,treatment,2026-03-02,0,
10044,treatment,2026-03-06,0,
10045,control,2026-03-14,0,
10046,treatment,2026-03-04,0,
10047,control,2026-03-01,0,
10048,treatment,2026-03-01,0,
10049,control,2026-03-13,0,
10050,treatment,2026-03-14,0,
10051,control,2026-03-04,0,
10052,treatment,2026-03-11,0,
10053,treatment,2026-03-01,1,26.97
10054,control,2026-03-08,0,
10055,treatment,2026-03-13,1,68.29
10056,control,2026-03-02,0,
10057,control,2026-03-11,0,
10058,treatment,2026-03-04,0,
10059,control,2026-03-02,0,
10060,treatment,2026-03-02,1,36.05
10061,treatment,2026-03-09,1,49.51
10062,treatment,2026-03-02,0,
10063,control,2026-03-04,0,
10064,treatment,2026-03-10,1,113.99
10065,control,2026-03-10,0,
10066,treatment,2026-03-06,1,45.83
10067,treatment,2026-03-06,0,
10068,control,2026-03-01,1,54.15
10069,control,2026-03-12,0,
10070,treatment,2026-03-03,0,
10071,treatment,2026-03-02,0,
10072,control,2026-03-10,0,
10073,control,2026-03-11,0,
10074,control,2026-03-08,0,
10075,control,2026-03-11,0,
10076,treatment,2026-03-11,0,
10077,control,2026-03-03,0,
10078,control,2026-03-09,0,
10079,control,2026-03-04,0,
10080,control,2026-03-06,0,
10081,treatment,2026-03-09,0,
10082,control,2026-03-10,0,
10083,treatment,2026-03-06,0,
10084,control,2026-03-07,0,
10085,treatment,2026-03-12,1,32.84
10086,treatment,2026-03-02,0,
10087,treatment,2026-03-05,0,
10088,control,2026-03-03,0,
10089,control,2026-03-03,0,
10090,control,2026-03-14,0,
10091,treatment,2026-03-11,0,
10092,treatment,2026-03-06,1,85.23
10093,control,2026-03-04,1,42.01
10094,control,2026-03-05,0,
10095,control,2026-03-12,0,
10096,control,2026-03-14,0,
10097,control,2026-03-13,0,
10098,treatment,2026-03-12,0,
10099,treatment,2026-03-06,1,55.76
10100,control,2026-03-13,0,
10101,control,2026-03-13,0,
10102,treatment,2026-03-10,0,
10103,treatment,2026-03-05,1,44.23
10104,treatment,2026-03-04,0,
10105,treatment,2026-03-11,0,
10106,treatment,2026-03-03,0,
10107,control,2026-03-10,0,
10108,control,2026-03-02,0,
10109,control,2026-03-07,0,
10110,treatment,2026-03-04,0,
10111,control,2026-03-10,0,
10112,treatment,2026-03-08,0,
10113,control,2026-03-02,0,
10114,control,2026-03-05,0,
10115,treatment,2026-03-11,0,
10116,treatment,2026-03-10,0,
10117,treatment,2026-03-08,1,47.87
10118,treatment,2026-03-12,0,
10119,control,2026-03-04,0,
10120,treatment,2026-03-08,0,
10121,treatment,2026-03-12,0,
10122,treatment,2026-03-08,0,
10123,treatment,2026-03-01,0,
10124,control,2026-03-13,0,
10125,control,2026-03-11,0,
10126,control,2026-03-03,1,45.3
10127,control,2026-03-13,1,18.39
10128,treatment,2026-03-12,1,68.22
10129,treatment,2026-03-02,0,
10130,treatment,2026-03-10,1,46.01
10131,treatment,2026-03-09,0,
10132,control,2026-03-12,0,
10133,control,2026-03-06,0,
10134,treatment,2026-03-02,0,
10135,treatment,2026-03-02,0,
10136,treatment,2026-03-11,0,
10137,treatment,2026-03-01,0,
10138,control,2026-03-01,0,
10139,treatment,2026-03-06,0,
10140,treatment,2026-03-05,0,
10141,treatment,2026-03-14,0,
10142,control,2026-03-06,0,
10143,control,2026-03-08,0,
10144,treatment,2026-03-11,1,31.48
10145,treatment,2026-03-03,0,
10146,control,2026-03-14,0,
10147,treatment,2026-03-13,0,
10148,control,2026-03-13,0,
10149,control,2026-03-06,0,
10150,treatment,2026-03-11,0,
10151,control,2026-03-14,0,
10152,control,2026-03-08,0,
10153,control,2026-03-07,0,
10154,control,2026-03-12,0,
10155,control,2026-03-09,0,
10156,treatment,2026-03-03,0,
10157,treatment,2026-03-02,0,
10158,control,2026-03-03,0,
10159,control,2026-03-04,0,
10160,treatment,2026-03-03,0,
10161,control,2026-03-05,0,
10162,treatment,2026-03-02,0,
10163,treatment,2026-03-07,0,
10164,treatment,2026-03-02,0,
10165,control,2026-03-06,1,31.27
10166,treatment,2026-03-13,0,
10167,control,2026-03-08,0,
10168,treatment,2026-03-09,0,
10169,control,2026-03-06,0,
10170,treatment,2026-03-04,0,
10171,control,2026-03-06,0,
10172,treatment,2026-03-04,0,
10173,treatment,2026-03-11,1,37.49
10174,treatment,2026-03-10,0,
10175,control,2026-03-07,0,
10176,control,2026-03-02,1,44.12
10177,control,2026-03-12,0,
10178,treatment,2026-03-02,0,
10179,treatment,2026-03-12,0,
10180,control,2026-03-04,0,
10181,control,2026-03-08,0,
10182,control,2026-03-04,0,
10183,treatment,2026-03-02,0,
10184,control,2026-03-02,0,
10185,treatment,2026-03-04,0,
10186,treatment,2026-03-14,0,
10187,treatment,2026-03-06,0,
10188,control,2026-03-12,0,
10189,treatment,2026-03-09,1,43.21
10190,treatment,2026-03-02,0,
10191,control,2026-03-06,0,
10192,treatment,2026-03-01,0,
10193,control,2026-03-03,0,
10194,treatment,2026-03-05,0,
10195,control,2026-03-01,0,
10196,treatment,2026-03-06,0,
10197,control,2026-03-08,1,37.36
10198,control,2026-03-03,0,
10199,control,2026-03-13,0,
10200,control,2026-03-04,0,
10201,control,2026-03-08,0,
10202,treatment,2026-03-02,0,
10203,treatment,2026-03-03,0,
10204,treatment,2026-03-02,0,
10205,treatment,2026-03-07,0,
10206,treatment,2026-03-12,0,
10207,treatment,2026-03-04,0,
10208,treatment,2026-03-04,0,
10209,treatment,2026-03-03,0,
10210,control,2026-03-09,0,
10211,control,2026-03-03,0,
10212,control,2026-03-06,0,
10213,treatment,2026-03-13,0,
10214,control,2026-03-07,0,
10215,control,2026-03-08,0,
10216,control,2026-03-01,0,
10217,treatment,2026-03-11,1,30.34
10218,control,2026-03-11,0,
10219,treatment,2026-03-11,0,
10220,control,2026-03-06,0,
10221,control,2026-03-09,0,
10222,treatment,2026-03-10,0,
10223,treatment,2026-03-03,0,
10224,treatment,2026-03-03,0,
10225,control,2026-03-12,1,31.12
10226,control,2026-03-14,0,
10227,treatment,2026-03-10,0,
10228,control,2026-03-03,0,
10229,control,2026-03-05,0,
10230,control,2026-03-01,0,
10231,treatment,2026-03-10,0,
10232,treatment,2026-03-06,0,
10233,treatment,2026-03-04,0,
10234,treatment,2026-03-07,0,
10235,control,2026-03-14,0,
10236,treatment,2026-03-05,0,
10237,control,2026-03-13,0,
10238,treatment,2026-03-08,1,41.05
10239,treatment,2026-03-07,0,
10240,treatment,2026-03-06,0,
10241,control,2026-03-10,0,
10242,treatment,2026-03-12,0,
10243,treatment,2026-03-07,1,50.05
10244,treatment,2026-03-07,0,
10245,control,2026-03-07,0,
10246,treatment,2026-03-12,0,
10247,control,2026-03-06,0,
10248,treatment,2026-03-12,0,
10249,treatment,2026-03-09,1,77.88
10250,treatment,2026-03-09,0,
10251,control,2026-03-10,1,53.3
10252,control,2026-03-03,0,
10253,control,2026-03-12,0,
10254,control,2026-03-03,0,
10255,control,2026-03-02,0,
10256,treatment,2026-03-08,1,22.99
10257,control,2026-03-03,0,
10258,control,2026-03-08,0,
10259,treatment,2026-03-10,0,
10260,control,2026-03-10,0,
10261,control,2026-03-11,1,39.28
10262,treatment,2026-03-06,1,53.92
10263,treatment,2026-03-07,0,
10264,control,2026-03-07,0,
10265,treatment,2026-03-03,0,
10266,control,2026-03-05,0,
10267,control,2026-03-12,0,
10268,control,2026-03-09,0,
10269,treatment,2026-03-02,0,
10270,control,2026-03-12,0,
10271,treatment,2026-03-05,0,
10272,treatment,2026-03-04,1,24.37
10273,treatment,2026-03-08,1,31.11
10274,treatment,2026-03-12,0,
10275,treatment,2026-03-01,1,76.73
10276,control,2026-03-12,0,
10277,treatment,2026-03-12,0,
10278,treatment,2026-03-10,0,
10279,treatment,2026-03-06,1,58.45
10280,treatment,2026-03-09,1,43.08
10281,control,2026-03-06,0,
10282,treatment,2026-03-12,0,
10283,treatment,2026-03-14,0,
10284,treatment,2026-03-01,0,
10285,treatment,2026-03-06,0,
10286,treatment,2026-03-08,0,
10287,control,2026-03-07,0,
10288,control,2026-03-06,0,
10289,treatment,2026-03-12,0,
10290,control,2026-03-08,0,
10291,treatment,2026-03-14,0,
10292,control,2026-03-02,0,
10293,control,2026-03-08,0,
10294,control,2026-03-14,0,
10295,treatment,2026-03-01,0,
10296,control,2026-03-04,0,
10297,treatment,2026-03-08,0,
10298,treatment,2026-03-04,0,
10299,treatment,2026-03-03,0,
10300,control,2026-03-07,0,
10301,treatment,2026-03-01,0,
10302,treatment,2026-03-12,0,
10303,control,2026-03-02,0,
10304,treatment,2026-03-14,0,
10305,treatment,2026-03-02,0,
10306,control,2026-03-04,0,
10307,control,2026-03-11,1,33.51
10308,control,2026-03-12,0,
10309,treatment,2026-03-13,0,
10310,treatment,2026-03-12,1,88.87
10311,control,2026-03-03,0,
10312,treatment,2026-03-01,0,
10313,treatment,2026-03-14,1,24.93
10314,treatment,2026-03-04,1,49.69
10315,treatment,2026-03-13,0,
10316,treatment,2026-03-14,0,
10317,control,2026-03-10,0,
10318,treatment,2026-03-10,0,
10319,control,2026-03-10,0,
10320,treatment,2026-03-08,1,65.87
10321,treatment,2026-03-13,0,
10322,control,2026-03-02,0,
10323,treatment,2026-03-12,0,
10324,treatment,2026-03-11,0,
10325,treatment,2026-03-12,0,
10326,treatment,2026-03-02,0,
10327,treatment,2026-03-01,0,
10328,treatment,2026-03-13,0,
10329,treatment,2026-03-03,0,
10330,treatment,2026-03-13,0,
10331,treatment,2026-03-10,1,46.04
10332,control,2026-03-04,0,
10333,treatment,2026-03-08,0,
10334,treatment,2026-03-11,0,
10335,treatment,2026-03-10,1,28.11
10336,control,2026-03-04,0,
10337,control,2026-03-02,0,
10338,treatment,2026-03-07,0,
10339,control,2026-03-02,0,
10340,treatment,2026-03-06,0,
10341,treatment,2026-03-03,0,
10342,control,2026-03-09,1,32.66
10343,treatment,2026-03-08,0,
10344,control,2026-03-14,0,
10345,control,2026-03-08,0,
10346,treatment,2026-03-13,0,
10347,treatment,2026-03-03,0,
10348,control,2026-03-02,0,
10349,control,2026-03-04,0,
10350,treatment,2026-03-10,0,
10351,control,2026-03-13,0,
10352,control,2026-03-12,0,
10353,control,2026-03-12,0,
10354,treatment,2026-03-13,0,
10355,treatment,2026-03-05,0,
10356,control,2026-03-11,0,
10357,control,2026-03-06,0,
10358,control,2026-03-09,0,
10359,control,2026-03-14,0,
10360,treatment,2026-03-06,0,
10361,control,2026-03-06,0,
10362,treatment,2026-03-11,1,56.76
10363,treatment,2026-03-01,0,
10364,treatment,2026-03-09,0,
10365,treatment,2026-03-11,0,
10366,control,2026-03-07,0,
10367,treatment,2026-03-12,0,
10368,control,2026-03-10,1,46.94
10369,control,2026-03-09,0,
10370,treatment,2026-03-04,0,
10371,treatment,2026-03-05,0,
10372,treatment,2026-03-01,0,
10373,treatment,2026-03-14,1,38.69
10374,treatment,2026-03-13,0,
10375,treatment,2026-03-02,0,
10376,control,2026-03-09,1,30.61
10377,control,2026-03-09,0,
10378,control,2026-03-07,0,
10379,treatment,2026-03-08,1,48.32
10380,treatment,2026-03-06,0,
10381,treatment,2026-03-14,0,
10382,control,2026-03-09,0,
10383,control,2026-03-11,1,18.62
10384,treatment,2026-03-12,1,56.75
10385,control,2026-03-05,0,
10386,treatment,2026-03-03,0,
10387,treatment,2026-03-03,1,38.92
10388,control,2026-03-05,1,42.54
10389,treatment,2026-03-11,0,
10390,treatment,2026-03-05,0,
10391,control,2026-03-06,0,
10392,treatment,2026-03-10,1,38.38
10393,control,2026-03-01,0,
10394,treatment,2026-03-05,0,
10395,treatment,2026-03-14,0,
10396,control,2026-03-01,0,
10397,control,2026-03-07,0,
10398,treatment,2026-03-03,0,
10399,control,2026-03-01,0,
10400,control,2026-03-07,0,
10401,treatment,2026-03-12,0,
10402,control,2026-03-13,0,
10403,treatment,2026-03-07,0,
10404,treatment,2026-03-01,0,
10405,treatment,2026-03-01,0,
10406,control,2026-03-03,0,
10407,control,2026-03-13,0,
10408,control,2026-03-06,0,
10409,control,2026-03-12,0,
10410,treatment,2026-03-04,0,
10411,treatment,2026-03-12,1,33.64
10412,control,2026-03-04,0,
10413,treatment,2026-03-06,0,
10414,control,2026-03-02,0,
10415,control,2026-03-02,1,29.34
10416,control,2026-03-13,0,
10417,treatment,2026-03-01,1,19.55
10418,control,2026-03-13,0,
10419,treatment,2026-03-13,0,
10420,treatment,2026-03-09,0,
10421,control,2026-03-06,0,
10422,control,2026-03-13,0,
10423,control,2026-03-06,0,
10424,treatment,2026-03-07,0,
10425,treatment,2026-03-10,0,
10426,control,2026-03-14,0,
10427,treatment,2026-03-08,1,67.29
10428,treatment,2026-03-12,0,
10429,control,2026-03-08,0,
10430,treatment,2026-03-07,0,
10431,treatment,2026-03-06,0,
10432,control,2026-03-11,1,20.79
10433,control,2026-03-07,0,
10434,treatment,2026-03-10,0,
10435,treatment,2026-03-06,0,
10436,treatment,2026-03-03,0,
10437,treatment,2026-03-12,0,
10438,control,2026-03-08,1,45.84
10439,treatment,2026-03-11,0,
10440,control,2026-03-04,0,
10441,treatment,2026-03-09,0,
10442,treatment,2026-03-09,0,
10443,treatment,2026-03-05,0,
10444,control,2026-03-09,0,
10445,treatment,2026-03-14,0,
10446,control,2026-03-08,0,
10447,treatment,2026-03-11,0,
10448,control,2026-03-08,0,
10449,control,2026-03-13,0,
10450,control,2026-03-10,0,
10451,control,2026-03-13,0,
10452,treatment,2026-03-11,0,
10453,treatment,2026-03-08,0,
10454,treatment,2026-03-11,0,
10455,control,2026-03-11,0,
10456,control,2026-03-13,0,
10457,treatment,2026-03-14,0,
10458,control,2026-03-14,0,
10459,treatment,2026-03-07,0,
10460,treatment,2026-03-01,0,
10461,control,2026-03-03,0,
10462,control,2026-03-06,0,
10463,treatment,2026-03-12,0,
10464,control,2026-03-12,1,63.26
10465,treatment,2026-03-10,0,
10466,treatment,2026-03-07,0,
10467,control,2026-03-12,0,
10468,treatment,2026-03-01,0,
10469,control,2026-03-01,0,
10470,control,2026-03-05,0,
10471,treatment,2026-03-12,1,61.25
10472,control,2026-03-07,0,
10473,control,2026-03-12,0,
10474,control,2026-03-14,0,
10475,control,2026-03-01,0,
10476,treatment,2026-03-04,1,46.51
10477,treatment,2026-03-11,0,
10478,treatment,2026-03-10,0,
10479,control,2026-03-13,0,
10480,control,2026-03-06,0,
10481,control,2026-03-09,0,
10482,control,2026-03-10,0,
10483,control,2026-03-02,0,
10484,treatment,2026-03-14,0,
10485,control,2026-03-13,0,
10486,treatment,2026-03-14,0,
10487,control,2026-03-11,0,
10488,control,2026-03-02,0,
10489,control,2026-03-11,0,
10490,control,2026-03-08,0,
10491,treatment,2026-03-01,0,
10492,treatment,2026-03-10,0,
10493,control,2026-03-13,0,
10494,treatment,2026-03-13,0,
10495,treatment,2026-03-09,0,
10496,control,2026-03-09,0,
10497,control,2026-03-07,0,
10498,treatment,2026-03-09,0,
10499,control,2026-03-01,0,
10500,treatment,2026-03-14,0,
10501,treatment,2026-03-14,0,
10502,control,2026-03-08,0,
10503,control,2026-03-14,0,
10504,control,2026-03-09,0,
10505,control,2026-03-09,0,
10506,treatment,2026-03-13,0,
10507,treatment,2026-03-14,0,
10508,control,2026-03-10,0,
10509,treatment,2026-03-07,0,
10510,control,2026-03-11,0,
10511,control,2026-03-08,1,53.95
10512,treatment,2026-03-11,0,
10513,treatment,2026-03-01,0,
10514,treatment,2026-03-09,0,
10515,treatment,2026-03-03,0,
10516,treatment,2026-03-13,0,
10517,treatment,2026-03-05,0,
10518,treatment,2026-03-07,1,49.1
10519,treatment,2026-03-07,0,
10520,treatment,2026-03-12,0,
10521,control,2026-03-05,0,
10522,treatment,2026-03-12,0,
10523,control,2026-03-12,0,
10524,treatment,2026-03-01,0,
10525,treatment,2026-03-05,0,
10526,treatment,2026-03-09,0,
10527,treatment,2026-03-11,0,
10528,treatment,2026-03-09,0,
10529,control,2026-03-04,1,43.93
10530,treatment,2026-03-05,1,57.99
10531,treatment,2026-03-09,0,
10532,control,2026-03-02,0,
10533,control,2026-03-08,0,
10534,control,2026-03-07,0,
10535,treatment,2026-03-11,0,
10536,control,2026-03-07,1,37.02
10537,treatment,2026-03-09,1,29.84
10538,treatment,2026-03-14,0,
10539,control,2026-03-09,1,38.75
10540,control,2026-03-02,0,
10541,control,2026-03-08,0,
10542,control,2026-03-12,0,
10543,treatment,2026-03-09,0,
10544,control,2026-03-11,0,
10545,control,2026-03-04,1,70.99
10546,control,2026-03-09,0,
10547,control,2026-03-03,0,
10548,control,2026-03-03,0,
10549,treatment,2026-03-04,0,
10550,control,2026-03-03,0,
10551,control,2026-03-01,0,
10552,control,2026-03-08,1,21.88
10553,control,2026-03-03,0,
10554,control,2026-03-06,0,
10555,treatment,2026-03-03,0,
10556,control,2026-03-07,0,
10557,treatment,2026-03-03,0,
10558,control,2026-03-02,0,
10559,treatment,2026-03-02,0,
10560,control,2026-03-09,0,
10561,control,2026-03-12,0,
10562,treatment,2026-03-14,0,
10563,treatment,2026-03-05,0,
10564,control,2026-03-09,0,
10565,treatment,2026-03-14,0,
10566,treatment,2026-03-08,0,
10567,control,2026-03-06,1,66.14
10568,control,2026-03-03,1,31.02
10569,control,2026-03-04,0,
10570,treatment,2026-03-06,0,
10571,control,2026-03-02,0,
10572,control,2026-03-03,0,
10573,control,2026-03-01,0,
10574,treatment,2026-03-08,0,
10575,treatment,2026-03-09,0,
10576,control,2026-03-09,0,
10577,control,2026-03-12,1,76.38
10578,treatment,2026-03-01,0,
10579,treatment,2026-03-08,0,
10580,treatment,2026-03-09,0,
10581,treatment,2026-03-09,0,
10582,treatment,2026-03-09,0,
10583,treatment,2026-03-07,0,
10584,treatment,2026-03-08,0,
10585,control,2026-03-05,0,
10586,control,2026-03-03,0,
10587,control,2026-03-12,1,73.98
10588,control,2026-03-06,0,
10589,treatment,2026-03-05,0,
10590,control,2026-03-12,0,
10591,treatment,2026-03-14,0,
10592,treatment,2026-03-02,0,
10593,treatment,2026-03-10,0,
10594,control,2026-03-08,0,
10595,control,2026-03-02,0,
10596,control,2026-03-13,0,
10597,treatment,2026-03-14,0,
10598,control,2026-03-14,0,
10599,treatment,2026-03-05,0,
10600,treatment,2026-03-02,0,
10601,treatment,2026-03-08,0,
10602,treatment,2026-03-11,0,
10603,control,2026-03-01,0,
10604,control,2026-03-06,0,
10605,control,2026-03-11,0,
10606,treatment,2026-03-11,0,
10607,control,2026-03-05,0,
10608,control,2026-03-02,0,
10609,control,2026-03-04,0,
10610,treatment,2026-03-07,0,
10611,control,2026-03-11,0,
10612,control,2026-03-12,0,
10613,control,2026-03-09,0,
10614,treatment,2026-03-02,0,
10615,treatment,2026-03-11,0,
10616,treatment,2026-03-03,0,
10617,treatment,2026-03-05,0,
10618,treatment,2026-03-10,1,44.83
10619,treatment,2026-03-01,0,
10620,control,2026-03-01,0,
10621,control,2026-03-05,0,
10622,treatment,2026-03-07,0,
10623,treatment,2026-03-05,0,
10624,control,2026-03-13,0,
10625,treatment,2026-03-12,0,
10626,control,2026-03-02,0,
10627,treatment,2026-03-07,0,
10628,treatment,2026-03-06,1,30.86
10629,control,2026-03-05,0,
10630,control,2026-03-01,0,
10631,control,2026-03-09,0,
10632,treatment,2026-03-11,0,
10633,control,2026-03-07,0,
10634,control,2026-03-08,1,38.6
10635,control,2026-03-01,0,
10636,treatment,2026-03-12,0,
10637,control,2026-03-11,1,60.4
10638,control,2026-03-03,0,
10639,control,2026-03-07,0,
10640,treatment,2026-03-02,0,
10641,treatment,2026-03-13,0,
10642,control,2026-03-06,0,
10643,control,2026-03-13,0,
10644,treatment,2026-03-14,0,
10645,treatment,2026-03-09,0,
10646,treatment,2026-03-04,0,
10647,treatment,2026-03-13,1,59.68
10648,treatment,2026-03-14,0,
10649,control,2026-03-10,0,
10650,treatment,2026-03-08,0,
10651,control,2026-03-07,0,
10652,control,2026-03-13,0,
10653,control,2026-03-01,0,
10654,treatment,2026-03-02,0,
10655,treatment,2026-03-08,0,
10656,control,2026-03-10,0,
10657,control,2026-03-01,1,27.28
10658,treatment,2026-03-08,0,
10659,treatment,2026-03-01,0,
10660,treatment,2026-03-05,0,
10661,control,2026-03-02,0,
10662,treatment,2026-03-12,0,
10663,control,2026-03-12,0,
10664,control,2026-03-13,0,
10665,control,2026-03-11,0,
10666,control,2026-03-01,0,
10667,treatment,2026-03-13,0,
10668,control,2026-03-06,0,
10669,control,2026-03-08,1,53.14
10670,control,2026-03-12,1,94.3
10671,treatment,2026-03-14,0,
10672,control,2026-03-07,1,26.81
10673,control,2026-03-11,0,
10674,treatment,2026-03-11,1,89.8
10675,treatment,2026-03-08,0,
10676,treatment,2026-03-07,0,
10677,control,2026-03-04,0,
10678,control,2026-03-02,0,
10679,treatment,2026-03-13,0,
10680,treatment,2026-03-11,1,104.08
10681,control,2026-03-04,0,
10682,treatment,2026-03-09,0,
10683,control,2026-03-01,0,
10684,control,2026-03-01,0,
10685,treatment,2026-03-03,0,
10686,control,2026-03-12,0,
10687,treatment,2026-03-04,0,
10688,control,2026-03-09,0,
10689,control,2026-03-01,1,72.84
10690,control,2026-03-08,0,
10691,control,2026-03-12,0,
10692,control,2026-03-02,0,
10693,treatment,2026-03-09,1,60.87
10694,control,2026-03-06,0,
10695,control,2026-03-14,0,
10696,control,2026-03-09,0,
10697,control,2026-03-04,0,
10698,control,2026-03-03,0,
10699,control,2026-03-10,0,
10700,control,2026-03-11,0,
10701,control,2026-03-11,0,
10702,treatment,2026-03-12,0,
10703,treatment,2026-03-11,0,
10704,control,2026-03-05,0,
10705,control,2026-03-03,0,
10706,control,2026-03-11,0,
10707,control,2026-03-13,1,68.81
10708,control,2026-03-08,0,
10709,control,2026-03-11,0,
10710,control,2026-03-01,0,
10711,control,2026-03-03,1,23.9
10712,control,2026-03-11,0,
10713,treatment,2026-03-05,0,
10714,treatment,2026-03-06,0,
10715,treatment,2026-03-08,0,
10716,control,2026-03-09,1,26.25
10717,treatment,2026-03-08,0,
10718,control,2026-03-10,0,
10719,treatment,2026-03-09,0,
10720,treatment,2026-03-14,1,84.45
10721,treatment,2026-03-01,0,
10722,treatment,2026-03-12,1,21.79
10723,control,2026-03-03,1,26.74
10724,treatment,2026-03-05,0,
10725,treatment,2026-03-07,0,
10726,control,2026-03-01,0,
10727,treatment,2026-03-02,0,
10728,treatment,2026-03-06,0,
10729,treatment,2026-03-10,1,38.25
10730,treatment,2026-03-05,0,
10731,treatment,2026-03-07,1,44.02
10732,treatment,2026-03-10,0,
10733,treatment,2026-03-07,0,
10734,treatment,2026-03-07,0,
10735,treatment,2026-03-12,0,
10736,control,2026-03-05,0,
10737,treatment,2026-03-13,0,
10738,treatment,2026-03-09,0,
10739,control,2026-03-09,0,
10740,control,2026-03-14,0,
10741,control,2026-03-12,0,
10742,treatment,2026-03-01,0,
10743,treatment,2026-03-10,0,
10744,treatment,2026-03-04,0,
10745,treatment,2026-03-14,0,
10746,control,2026-03-11,0,
10747,treatment,2026-03-12,0,
10748,control,2026-03-07,0,
10749,control,2026-03-14,0,
10750,control,2026-03-03,0,
10751,control,2026-03-10,1,31.57
10752,treatment,2026-03-10,1,12.54
10753,treatment,2026-03-12,0,
10754,control,2026-03-13,0,
10755,control,2026-03-13,0,
10756,control,2026-03-06,0,
10757,control,2026-03-04,0,
10758,treatment,2026-03-06,1,22.96
10759,control,2026-03-07,0,
10760,control,2026-03-04,0,
10761,treatment,2026-03-07,0,
10762,treatment,2026-03-05,0,
10763,treatment,2026-03-06,0,
10764,control,2026-03-01,1,98.21
10765,treatment,2026-03-08,0,
10766,treatment,2026-03-10,0,
10767,treatment,2026-03-14,1,28.05
10768,treatment,2026-03-07,1,70.93
10769,control,2026-03-01,0,
10770,treatment,2026-03-13,1,65.2
10771,control,2026-03-04,1,30.13
10772,control,2026-03-07,0,
10773,control,2026-03-08,0,
10774,treatment,2026-03-06,0,
10775,control,2026-03-09,1,24.82
10776,control,2026-03-13,0,
10777,treatment,2026-03-10,0,
10778,control,2026-03-14,0,
10779,treatment,2026-03-04,1,45.32
10780,treatment,2026-03-08,0,
10781,control,2026-03-14,0,
10782,treatment,2026-03-09,1,62.68
10783,control,2026-03-09,0,
10784,control,2026-03-01,0,
10785,treatment,2026-03-06,0,
10786,treatment,2026-03-01,0,
10787,treatment,2026-03-01,0,
10788,control,2026-03-07,0,
10789,control,2026-03-13,0,
10790,control,2026-03-09,0,
10791,control,2026-03-02,0,
10792,treatment,2026-03-01,0,
10793,control,2026-03-02,0,
10794,treatment,2026-03-09,1,64.28
10795,control,2026-03-14,0,
10796,treatment,2026-03-08,0,
10797,control,2026-03-07,0,
10798,treatment,2026-03-11,0,
10799,control,2026-03-10,0,
10800,control,2026-03-07,0,
10801,treatment,2026-03-05,0,
10802,control,2026-03-12,0,
10803,control,2026-03-13,0,
10804,treatment,2026-03-13,1,42.27
10805,treatment,2026-03-12,0,
10806,treatment,2026-03-01,0,
10807,treatment,2026-03-14,1,37.25
10808,control,2026-03-05,0,
10809,control,2026-03-13,0,
10810,treatment,2026-03-02,0,
10811,treatment,2026-03-14,0,
10812,control,2026-03-04,0,
10813,control,2026-03-06,0,
10814,control,2026-03-13,1,32.5
10815,control,2026-03-10,0,
10816,treatment,2026-03-12,0,
10817,control,2026-03-11,0,
10818,control,2026-03-05,0,
10819,control,2026-03-08,0,
10820,treatment,2026-03-13,0,
10821,treatment,2026-03-12,0,
10822,control,2026-03-05,0,
10823,treatment,2026-03-13,0,
10824,treatment,2026-03-06,0,
10825,control,2026-03-02,0,
10826,treatment,2026-03-08,0,
10827,control,2026-03-02,0,
10828,control,2026-03-08,0,
10829,control,2026-03-10,0,
10830,treatment,2026-03-13,0,
10831,treatment,2026-03-07,0,
10832,control,2026-03-08,0,
10833,control,2026-03-09,0,
10834,treatment,2026-03-10,0,
10835,control,2026-03-08,0,
10836,control,2026-03-06,0,
10837,treatment,2026-03-07,1,43.44
10838,treatment,2026-03-05,0,
10839,control,2026-03-11,0,
10840,treatment,2026-03-09,0,
10841,treatment,2026-03-06,0,
10842,treatment,2026-03-08,0,
10843,treatment,2026-03-08,0,
10844,control,2026-03-08,0,
10845,treatment,2026-03-12,0,
10846,control,2026-03-11,0,
10847,treatment,2026-03-06,0,
10848,control,2026-03-05,0,
10849,treatment,2026-03-07,1,55.88
10850,control,2026-03-14,0,
10851,treatment,2026-03-08,0,
10852,control,2026-03-08,0,
10853,treatment,2026-03-11,0,
10854,treatment,2026-03-09,1,25.67
10855,treatment,2026-03-08,0,
10856,treatment,2026-03-08,0,
10857,treatment,2026-03-12,0,
10858,control,2026-03-09,0,
10859,control,2026-03-06,1,48.8
10860,control,2026-03-03,0,
10861,control,2026-03-07,0,
10862,treatment,2026-03-13,0,
10863,control,2026-03-12,0,
10864,control,2026-03-05,0,
10865,treatment,2026-03-01,0,
10866,control,2026-03-11,0,
10867,treatment,2026-03-07,0,
10868,treatment,2026-03-03,0,
10869,treatment,2026-03-09,0,
10870,treatment,2026-03-12,0,
10871,control,2026-03-03,0,
10872,control,2026-03-02,0,
10873,control,2026-03-10,0,
10874,control,2026-03-04,0,
10875,treatment,2026-03-02,0,
10876,treatment,2026-03-13,1,69.86
10877,treatment,2026-03-11,0,
10878,treatment,2026-03-04,0,
10879,treatment,2026-03-08,1,31.92
10880,treatment,2026-03-02,1,37.86
10881,treatment,2026-03-01,1,50.31
10882,treatment,2026-03-07,0,
10883,treatment,2026-03-09,0,
10884,treatment,2026-03-02,1,74.11
10885,treatment,2026-03-11,0,
10886,control,2026-03-12,0,
10887,control,2026-03-03,1,113.19
10888,control,2026-03-02,1,67.11
10889,control,2026-03-04,0,
10890,treatment,2026-03-05,1,47.28
10891,control,2026-03-09,0,
10892,control,2026-03-12,0,
10893,control,2026-03-12,0,
10894,treatment,2026-03-10,0,
10895,control,2026-03-14,0,
10896,control,2026-03-13,1,30.51
10897,control,2026-03-02,1,55.67
10898,control,2026-03-09,0,
10899,treatment,2026-03-02,0,
10900,control,2026-03-10,0,
10901,control,2026-03-06,1,22.58
10902,control,2026-03-02,0,
10903,treatment,2026-03-13,0,
10904,control,2026-03-13,0,
10905,treatment,2026-03-14,0,
10906,treatment,2026-03-01,0,
10907,treatment,2026-03-07,0,
10908,control,2026-03-06,0,
10909,treatment,2026-03-08,0,
10910,control,2026-03-14,0,
10911,control,2026-03-03,0,
10912,treatment,2026-03-13,0,
10913,control,2026-03-09,0,
10914,control,2026-03-07,0,
10915,treatment,2026-03-03,0,
10916,treatment,2026-03-13,0,
10917,control,2026-03-13,0,
10918,control,2026-03-02,0,
10919,treatment,2026-03-14,0,
10920,control,2026-03-08,0,
10921,control,2026-03-09,0,
10922,treatment,2026-03-05,0,
10923,control,2026-03-03,0,
10924,control,2026-03-10,0,
10925,control,2026-03-10,0,
10926,treatment,2026-03-14,0,
10927,treatment,2026-03-07,0,
10928,control,2026-03-14,0,
10929,treatment,2026-03-01,0,
10930,control,2026-03-07,0,
10931,control,2026-03-13,0,
10932,treatment,2026-03-01,0,
10933,control,2026-03-14,0,
10934,treatment,2026-03-07,0,
10935,treatment,2026-03-13,1,54.76
10936,control,2026-03-07,0,
10937,control,2026-03-06,0,
10938,treatment,2026-03-13,0,
10939,control,2026-03-03,0,
10940,control,2026-03-12,0,
10941,control,2026-03-06,0,
10942,treatment,2026-03-10,0,
10943,control,2026-03-06,0,
10944,control,2026-03-07,0,
10945,treatment,2026-03-14,0,
10946,control,2026-03-07,0,
10947,control,2026-03-09,1,34.7
10948,treatment,2026-03-08,1,30.11
10949,treatment,2026-03-02,0,
10950,treatment,2026-03-12,1,77.51
10951,treatment,2026-03-10,0,
10952,treatment,2026-03-10,0,
10953,control,2026-03-05,0,
10954,control,2026-03-02,1,37.51
10955,treatment,2026-03-10,0,
10956,treatment,2026-03-09,0,
10957,treatment,2026-03-05,0,
10958,control,2026-03-13,0,
10959,control,2026-03-01,1,27.51
10960,treatment,2026-03-07,0,
10961,control,2026-03-13,0,
10962,treatment,2026-03-07,0,
10963,control,2026-03-08,0,
10964,control,2026-03-02,0,
10965,treatment,2026-03-08,0,
10966,treatment,2026-03-02,0,
10967,control,2026-03-07,0,
10968,control,2026-03-03,0,
10969,treatment,2026-03-14,0,
10970,treatment,2026-03-13,0,
10971,treatment,2026-03-08,0,
10972,control,2026-03-14,0,
10973,control,2026-03-14,1,35.89
10974,control,2026-03-14,0,
10975,treatment,2026-03-09,0,
10976,treatment,2026-03-08,0,
10977,control,2026-03-12,0,
10978,control,2026-03-03,0,
10979,control,2026-03-01,0,
10980,control,2026-03-03,0,
10981,treatment,2026-03-09,0,
10982,control,2026-03-01,0,
10983,treatment,2026-03-10,0,
10984,control,2026-03-13,0,
10985,treatment,2026-03-14,0,
10986,control,2026-03-05,1,53.12
10987,control,2026-03-10,0,
10988,treatment,2026-03-03,0,
10989,control,2026-03-11,0,
10990,control,2026-03-12,0,
10991,control,2026-03-06,0,
10992,treatment,2026-03-11,0,
10993,control,2026-03-01,0,
10994,treatment,2026-03-14,0,
10995,treatment,2026-03-01,1,97.71
10996,treatment,2026-03-03,0,
10997,control,2026-03-05,0,
10998,treatment,2026-03-05,0,
10999,treatment,2026-03-04,0,
11000,control,2026-03-01,1,49.7
11001,treatment,2026-03-07,0,
11002,control,2026-03-04,0,
11003,treatment,2026-03-05,1,53.34
11004,treatment,2026-03-03,1,21.45
11005,control,2026-03-01,0,
11006,treatment,2026-03-05,1,93.8
11007,treatment,2026-03-12,1,66.86
11008,treatment,2026-03-13,0,
11009,treatment,2026-03-13,0,
11010,treatment,2026-03-14,1,43.64
11011,control,2026-03-05,0,
11012,control,2026-03-04,0,
11013,control,2026-03-05,0,
11014,treatment,2026-03-12,0,
11015,control,2026-03-14,0,
11016,control,2026-03-09,0,
11017,control,2026-03-05,0,
11018,treatment,2026-03-12,0,
11019,control,2026-03-08,0,
11020,control,2026-03-11,1,73.97
11021,control,2026-03-02,0,
11022,treatment,2026-03-12,1,60.96
11023,treatment,2026-03-14,0,
11024,control,2026-03-01,1,33.51
11025,treatment,2026-03-04,0,
11026,control,2026-03-14,0,
11027,treatment,2026-03-01,0,
11028,treatment,2026-03-01,0,
11029,control,2026-03-10,1,121.94
11030,control,2026-03-11,1,26.6
11031,treatment,2026-03-03,0,
11032,treatment,2026-03-11,0,
11033,treatment,2026-03-11,0,
11034,treatment,2026-03-02,0,
11035,control,2026-03-01,0,
11036,control,2026-03-10,0,
11037,treatment,2026-03-13,0,
11038,control,2026-03-09,0,
11039,control,2026-03-01,0,
11040,treatment,2026-03-06,1,35.29
11041,treatment,2026-03-07,1,44.75
11042,treatment,2026-03-10,0,
11043,treatment,2026-03-12,0,
11044,control,2026-03-07,0,
11045,treatment,2026-03-05,0,
11046,treatment,2026-03-08,1,55.08
11047,treatment,2026-03-05,0,
11048,control,2026-03-03,0,
11049,control,2026-03-02,0,
11050,treatment,2026-03-06,0,
11051,treatment,2026-03-14,0,
11052,control,2026-03-09,0,
11053,treatment,2026-03-03,0,
11054,control,2026-03-02,0,
11055,control,2026-03-13,0,
11056,treatment,2026-03-04,0,
11057,control,2026-03-09,0,
11058,treatment,2026-03-09,0,
11059,treatment,2026-03-06,0,
11060,control,2026-03-10,0,
11061,treatment,2026-03-08,0,
11062,treatment,2026-03-03,0,
11063,treatment,2026-03-05,0,
11064,treatment,2026-03-04,1,41.24
11065,treatment,2026-03-03,0,
11066,control,2026-03-08,0,
11067,treatment,2026-03-10,0,
11068,treatment,2026-03-05,0,
11069,treatment,2026-03-02,0,
11070,treatment,2026-03-03,1,37.2
11071,treatment,2026-03-09,0,
11072,treatment,2026-03-14,1,33.02
11073,treatment,2026-03-01,0,
11074,control,2026-03-03,0,
11075,treatment,2026-03-09,1,39.51
11076,treatment,2026-03-08,1,99.55
11077,treatment,2026-03-12,0,
11078,control,2026-03-01,0,
11079,treatment,2026-03-03,0,
11080,control,2026-03-13,0,
11081,control,2026-03-02,0,
11082,control,2026-03-02,1,38.63
11083,treatment,2026-03-09,0,
11084,treatment,2026-03-01,0,
11085,treatment,2026-03-10,0,
11086,control,2026-03-04,0,
11087,control,2026-03-13,0,
11088,control,2026-03-13,0,
11089,treatment,2026-03-05,1,24.44
11090,treatment,2026-03-10,0,
11091,control,2026-03-13,1,24.62
11092,control,2026-03-07,0,
11093,treatment,2026-03-14,0,
11094,treatment,2026-03-09,1,49.28
11095,treatment,2026-03-10,0,
11096,treatment,2026-03-05,0,
11097,control,2026-03-14,0,
11098,control,2026-03-07,0,
11099,treatment,2026-03-03,0,
11100,control,2026-03-03,0,
11101,treatment,2026-03-13,0,
11102,treatment,2026-03-04,1,24.95
11103,control,2026-03-07,0,
11104,treatment,2026-03-11,0,
11105,treatment,2026-03-10,0,
11106,treatment,2026-03-09,0,
11107,control,2026-03-05,0,
11108,control,2026-03-02,0,
11109,control,2026-03-01,0,
11110,control,2026-03-01,0,
11111,treatment,2026-03-01,0,
11112,control,2026-03-01,0,
11113,treatment,2026-03-06,1,17.14
11114,control,2026-03-05,0,
11115,treatment,2026-03-04,0,
11116,treatment,2026-03-10,0,
11117,control,2026-03-03,0,
11118,control,2026-03-07,0,
11119,control,2026-03-10,1,48.28
11120,treatment,2026-03-04,0,
11121,control,2026-03-12,0,
11122,treatment,2026-03-08,1,59.54
11123,treatment,2026-03-01,0,
11124,treatment,2026-03-12,0,
11125,control,2026-03-06,0,
11126,treatment,2026-03-05,0,
11127,treatment,2026-03-12,0,
11128,control,2026-03-09,0,
11129,treatment,2026-03-03,0,
11130,treatment,2026-03-11,0,
11131,treatment,2026-03-01,0,
11132,control,2026-03-01,0,
11133,control,2026-03-11,0,
11134,control,2026-03-14,0,
11135,control,2026-03-10,0,
11136,control,2026-03-12,0,
11137,control,2026-03-12,0,
11138,control,2026-03-04,0,
11139,control,2026-03-01,0,
11140,treatment,2026-03-01,0,
11141,treatment,2026-03-01,0,
11142,control,2026-03-02,1,37.28
11143,treatment,2026-03-03,0,
11144,control,2026-03-09,0,
11145,control,2026-03-06,0,
11146,control,2026-03-14,0,
11147,control,2026-03-01,0,
11148,control,2026-03-07,0,
11149,treatment,2026-03-02,0,
11150,control,2026-03-12,0,
11151,control,2026-03-13,0,
11152,treatment,2026-03-10,0,
11153,control,2026-03-09,1,22.7
11154,control,2026-03-02,0,
11155,treatment,2026-03-03,0,
11156,treatment,2026-03-09,0,
11157,control,2026-03-11,0,
11158,treatment,2026-03-07,0,
11159,control,2026-03-13,0,
11160,treatment,2026-03-08,0,
11161,treatment,2026-03-02,0,
11162,control,2026-03-14,0,
11163,control,2026-03-10,0,
11164,treatment,2026-03-02,0,
11165,control,2026-03-03,0,
11166,control,2026-03-05,0,
11167,treatment,2026-03-02,0,
11168,treatment,2026-03-11,0,
11169,control,2026-03-01,0,
11170,control,2026-03-04,0,
11171,control,2026-03-05,0,
11172,treatment,2026-03-05,0,
11173,control,2026-03-09,0,
11174,treatment,2026-03-06,0,
11175,treatment,2026-03-11,1,29.69
11176,treatment,2026-03-05,0,
11177,treatment,2026-03-10,0,
11178,control,2026-03-11,0,
11179,treatment,2026-03-13,0,
11180,control,2026-03-03,0,
11181,control,2026-03-14,1,61.42
11182,control,2026-03-14,1,75.85
11183,treatment,2026-03-07,0,
11184,treatment,2026-03-08,0,
11185,control,2026-03-08,0,
11186,control,2026-03-09,0,
11187,treatment,2026-03-14,1,51.88
11188,treatment,2026-03-12,0,
11189,control,2026-03-07,1,51.18
11190,treatment,2026-03-10,0,
11191,treatment,2026-03-06,0,
11192,control,2026-03-14,0,
11193,treatment,2026-03-01,0,
11194,control,2026-03-04,0,
11195,treatment,2026-03-12,0,
11196,treatment,2026-03-03,0,
11197,control,2026-03-08,0,
11198,treatment,2026-03-07,1,35.04
11199,control,2026-03-06,0,
11200,control,2026-03-11,1,60.95
11201,treatment,2026-03-02,1,26.89
11202,control,2026-03-09,0,
11203,treatment,2026-03-06,0,
11204,control,2026-03-02,0,
11205,control,2026-03-11,0,
11206,control,2026-03-01,0,
11207,treatment,2026-03-06,1,21.99
11208,treatment,2026-03-10,0,
11209,control,2026-03-13,0,
11210,control,2026-03-09,0,
11211,treatment,2026-03-03,0,
11212,treatment,2026-03-01,0,
11213,control,2026-03-02,0,
11214,treatment,2026-03-06,1,59.2
11215,control,2026-03-03,0,
11216,control,2026-03-05,0,
11217,treatment,2026-03-13,0,
11218,treatment,2026-03-04,1,43.72
11219,control,2026-03-10,1,44.19
11220,treatment,2026-03-14,1,31.88
11221,control,2026-03-09,0,
11222,treatment,2026-03-06,1,14.46
11223,treatment,2026-03-12,0,
11224,control,2026-03-14,0,
11225,treatment,2026-03-07,0,
11226,control,2026-03-02,0,
11227,treatment,2026-03-13,0,
11228,control,2026-03-11,0,
11229,control,2026-03-11,0,
11230,treatment,2026-03-05,0,
11231,control,2026-03-01,0,
11232,treatment,2026-03-04,0,
11233,treatment,2026-03-08,0,
11234,control,2026-03-04,0,
11235,control,2026-03-13,0,
11236,control,2026-03-13,1,33.72
11237,treatment,2026-03-10,0,
11238,control,2026-03-09,1,46.97
11239,treatment,2026-03-03,0,
11240,control,2026-03-03,0,
11241,control,2026-03-05,0,
11242,treatment,2026-03-06,0,
11243,control,2026-03-09,0,
11244,control,2026-03-03,0,
11245,control,2026-03-09,0,
11246,treatment,2026-03-10,0,
11247,control,2026-03-02,1,39.22
11248,control,2026-03-02,0,
11249,control,2026-03-02,0,
11250,treatment,2026-03-13,0,
11251,control,2026-03-06,0,
11252,control,2026-03-14,1,34.77
11253,control,2026-03-12,0,
11254,treatment,2026-03-05,0,
11255,control,2026-03-07,0,
11256,control,2026-03-12,1,41.38
11257,control,2026-03-03,0,
11258,control,2026-03-08,0,
11259,control,2026-03-12,0,
11260,treatment,2026-03-03,0,
11261,treatment,2026-03-11,0,
11262,treatment,2026-03-14,0,
11263,treatment,2026-03-07,0,
11264,treatment,2026-03-13,0,
11265,control,2026-03-02,0,
11266,control,2026-03-06,0,
11267,treatment,2026-03-04,0,
11268,control,2026-03-14,0,
11269,treatment,2026-03-14,0,
11270,control,2026-03-11,0,
11271,control,2026-03-14,0,
11272,treatment,2026-03-13,0,
11273,control,2026-03-02,0,
11274,treatment,2026-03-02,0,
11275,treatment,2026-03-06,0,
11276,treatment,2026-03-10,0,
11277,control,2026-03-11,0,
11278,treatment,2026-03-10,0,
11279,treatment,2026-03-04,0,
11280,treatment,2026-03-09,0,
11281,treatment,2026-03-12,0,
11282,treatment,2026-03-14,0,
11283,treatment,2026-03-07,1,52.1
11284,control,2026-03-01,0,
11285,control,2026-03-06,0,
11286,control,2026-03-07,0,
11287,control,2026-03-12,0,
11288,treatment,2026-03-07,0,
11289,treatment,2026-03-05,0,
11290,control,2026-03-11,1,51.32
11291,treatment,2026-03-04,0,
11292,treatment,2026-03-09,1,23.37
11293,control,2026-03-01,0,
11294,control,2026-03-03,0,
11295,control,2026-03-05,1,24.58
11296,control,2026-03-06,0,
11297,treatment,2026-03-12,0,
11298,control,2026-03-09,0,
11299,control,2026-03-14,0,
11300,control,2026-03-11,0,
11301,treatment,2026-03-01,0,
11302,control,2026-03-04,1,37.25
11303,treatment,2026-03-14,0,
11304,control,2026-03-12,0,
11305,control,2026-03-11,0,
11306,control,2026-03-04,0,
11307,control,2026-03-10,0,
11308,treatment,2026-03-06,0,
11309,control,2026-03-01,0,
11310,control,2026-03-10,0,
11311,control,2026-03-12,0,
11312,control,2026-03-06,0,
11313,control,2026-03-14,0,
11314,treatment,2026-03-02,0,
11315,control,2026-03-09,0,
11316,treatment,2026-03-02,1,22.87
11317,control,2026-03-14,0,
11318,treatment,2026-03-06,0,
11319,treatment,2026-03-07,0,
11320,treatment,2026-03-13,1,38.9
11321,control,2026-03-03,0,
11322,treatment,2026-03-04,1,54.52
11323,treatment,2026-03-02,0,
11324,control,2026-03-10,0,
11325,control,2026-03-08,0,
11326,control,2026-03-03,0,
11327,control,2026-03-01,0,
11328,treatment,2026-03-12,0,
11329,control,2026-03-13,0,
11330,control,2026-03-09,1,62.55
11331,control,2026-03-07,0,
11332,control,2026-03-08,0,
11333,control,2026-03-10,1,42.64
11334,control,2026-03-03,1,38.3
11335,treatment,2026-03-10,0,
11336,control,2026-03-05,0,
11337,control,2026-03-06,0,
11338,treatment,2026-03-06,1,87.71
11339,treatment,2026-03-07,0,
11340,control,2026-03-09,1,51.25
11341,control,2026-03-01,0,
11342,control,2026-03-10,0,
11343,treatment,2026-03-09,1,17.62
11344,control,2026-03-10,0,
11345,treatment,2026-03-10,0,
11346,control,2026-03-14,0,
11347,treatment,2026-03-01,1,54.91
11348,treatment,2026-03-13,0,
11349,control,2026-03-04,0,
11350,control,2026-03-12,1,37.1
11351,control,2026-03-01,0,
11352,control,2026-03-09,0,
11353,treatment,2026-03-01,0,
11354,control,2026-03-06,0,
11355,treatment,2026-03-03,0,
11356,treatment,2026-03-05,0,
11357,treatment,2026-03-02,0,
11358,treatment,2026-03-08,0,
11359,treatment,2026-03-01,1,28.71
11360,treatment,2026-03-05,0,
11361,treatment,2026-03-07,0,
11362,control,2026-03-05,1,43.41
11363,treatment,2026-03-05,0,
11364,control,2026-03-09,0,
11365,control,2026-03-13,1,44.13
11366,treatment,2026-03-11,1,39.43
11367,control,2026-03-05,0,
11368,treatment,2026-03-05,0,
11369,control,2026-03-07,0,
11370,treatment,2026-03-10,0,
11371,treatment,2026-03-13,0,
11372,treatment,2026-03-11,0,
11373,treatment,2026-03-11,0,
11374,control,2026-03-06,0,
11375,treatment,2026-03-05,1,78.95
11376,treatment,2026-03-13,0,
11377,treatment,2026-03-14,0,
11378,treatment,2026-03-09,1,27.07
11379,treatment,2026-03-03,1,45.87
11380,treatment,2026-03-02,0,
11381,control,2026-03-07,0,
11382,control,2026-03-01,0,
11383,control,2026-03-13,0,
11384,control,2026-03-03,0,
11385,control,2026-03-02,1,34.15
11386,treatment,2026-03-04,0,
11387,control,2026-03-02,0,
11388,control,2026-03-06,0,
11389,treatment,2026-03-05,1,33.21
11390,treatment,2026-03-03,0,
11391,treatment,2026-03-13,1,39.98
11392,control,2026-03-03,0,
11393,treatment,2026-03-13,0,
11394,control,2026-03-02,0,
11395,control,2026-03-08,0,
11396,treatment,2026-03-10,0,
11397,control,2026-03-09,0,
11398,control,2026-03-13,0,
11399,control,2026-03-06,1,38.59
11400,treatment,2026-03-09,0,
11401,control,2026-03-02,0,
11402,treatment,2026-03-11,0,
11403,control,2026-03-14,0,
11404,control,2026-03-12,0,
11405,control,2026-03-03,0,
11406,treatment,2026-03-12,0,
11407,treatment,2026-03-05,0,
11408,control,2026-03-05,0,
11409,treatment,2026-03-12,0,
11410,treatment,2026-03-09,0,
11411,control,2026-03-14,0,
11412,treatment,2026-03-04,1,63.35
11413,treatment,2026-03-10,0,
11414,treatment,2026-03-04,0,
11415,control,2026-03-04,0,
11416,treatment,2026-03-06,0,
11417,treatment,2026-03-09,0,
11418,treatment,2026-03-10,0,
11419,treatment,2026-03-06,0,
11420,control,2026-03-02,0,
11421,treatment,2026-03-10,0,
11422,treatment,2026-03-10,0,
11423,treatment,2026-03-05,0,
11424,treatment,2026-03-01,1,43.05
11425,control,2026-03-11,0,
11426,control,2026-03-08,0,
11427,treatment,2026-03-12,0,
11428,control,2026-03-05,0,
11429,control,2026-03-13,1,72.82
11430,control,2026-03-11,0,
11431,control,2026-03-01,0,
11432,control,2026-03-02,0,
11433,control,2026-03-04,1,40.58
11434,control,2026-03-13,0,
11435,control,2026-03-03,0,
11436,treatment,2026-03-10,0,
11437,treatment,2026-03-10,1,33.22
11438,treatment,2026-03-01,0,
11439,treatment,2026-03-12,0,
11440,control,2026-03-09,0,
11441,treatment,2026-03-12,0,
11442,control,2026-03-13,1,44.64
11443,control,2026-03-12,1,29.81
11444,control,2026-03-07,0,
11445,treatment,2026-03-04,1,66.92
11446,treatment,2026-03-10,0,
11447,treatment,2026-03-10,0,
11448,treatment,2026-03-02,1,19.63
11449,control,2026-03-01,0,
11450,treatment,2026-03-07,0,
11451,treatment,2026-03-04,1,80.74
11452,control,2026-03-05,0,
11453,treatment,2026-03-08,0,
11454,control,2026-03-07,1,71.78
11455,control,2026-03-14,0,
11456,control,2026-03-13,0,
11457,treatment,2026-03-05,0,
11458,treatment,2026-03-10,0,
11459,control,2026-03-07,0,
11460,control,2026-03-13,0,
11461,control,2026-03-08,0,
11462,control,2026-03-08,0,
11463,control,2026-03-06,0,
11464,treatment,2026-03-09,0,
11465,treatment,2026-03-11,0,
11466,control,2026-03-03,0,
11467,control,2026-03-14,0,
11468,control,2026-03-03,0,
11469,control,2026-03-10,0,
11470,control,2026-03-02,0,
11471,treatment,2026-03-04,0,
11472,treatment,2026-03-13,0,
11473,control,2026-03-03,0,
11474,treatment,2026-03-04,1,26.92
11475,control,2026-03-14,0,
11476,control,2026-03-04,0,
11477,treatment,2026-03-01,1,33.01
11478,control,2026-03-10,0,
11479,treatment,2026-03-14,0,
11480,treatment,2026-03-14,0,
11481,control,2026-03-05,0,
11482,treatment,2026-03-09,0,
11483,control,2026-03-06,0,
11484,treatment,2026-03-01,0,
11485,control,2026-03-04,0,
11486,treatment,2026-03-11,0,
11487,control,2026-03-13,0,
11488,control,2026-03-11,1,30.29
11489,treatment,2026-03-12,1,37.71
11490,treatment,2026-03-14,0,
11491,control,2026-03-07,1,45.99
11492,control,2026-03-11,0,
11493,control,2026-03-05,1,26.31
11494,treatment,2026-03-10,0,
11495,control,2026-03-03,1,53.21
11496,control,2026-03-02,1,30.61
11497,control,2026-03-04,0,
11498,control,2026-03-01,0,
11499,treatment,2026-03-01,0,
11500,treatment,2026-03-13,0,
11501,treatment,2026-03-05,1,53.29
11502,control,2026-03-10,0,
11503,treatment,2026-03-01,0,
11504,control,2026-03-13,0,
11505,treatment,2026-03-13,0,
11506,control,2026-03-02,1,51.14
11507,treatment,2026-03-10,0,
11508,treatment,2026-03-10,0,
11509,control,2026-03-08,0,
11510,treatment,2026-03-07,0,
11511,treatment,2026-03-01,0,
11512,control,2026-03-05,0,
11513,control,2026-03-10,0,
11514,control,2026-03-10,0,
11515,control,2026-03-09,0,
11516,control,2026-03-09,0,
11517,treatment,2026-03-10,0,
11518,control,2026-03-14,1,30.38
11519,treatment,2026-03-14,0,
11520,treatment,2026-03-06,1,85.97
11521,treatment,2026-03-04,0,
11522,treatment,2026-03-10,0,
11523,control,2026-03-13,0,
11524,treatment,2026-03-14,0,
11525,control,2026-03-01,0,
11526,treatment,2026-03-05,0,
11527,control,2026-03-08,0,
11528,treatment,2026-03-07,0,
11529,control,2026-03-06,0,
11530,control,2026-03-12,0,
11531,control,2026-03-12,0,
11532,treatment,2026-03-09,0,
11533,control,2026-03-08,0,
11534,control,2026-03-06,0,
11535,control,2026-03-10,0,
11536,control,2026-03-13,0,
11537,control,2026-03-04,0,
11538,control,2026-03-01,1,41.95
11539,control,2026-03-06,0,
11540,control,2026-03-13,1,49.81
11541,treatment,2026-03-06,1,55.51
11542,control,2026-03-06,0,
11543,treatment,2026-03-03,0,
11544,control,2026-03-03,0,
11545,control,2026-03-14,0,
11546,control,2026-03-04,0,
11547,treatment,2026-03-05,0,
11548,treatment,2026-03-01,0,
11549,control,2026-03-11,1,35.99
11550,control,2026-03-12,0,
11551,treatment,2026-03-06,0,
11552,treatment,2026-03-04,1,8.63
11553,control,2026-03-04,0,
11554,treatment,2026-03-10,1,38.91
11555,treatment,2026-03-14,0,
11556,treatment,2026-03-02,0,
11557,control,2026-03-06,0,
11558,treatment,2026-03-14,0,
11559,treatment,2026-03-07,0,
11560,treatment,2026-03-04,0,
11561,treatment,2026-03-03,0,
11562,control,2026-03-05,0,
11563,control,2026-03-07,0,
11564,treatment,2026-03-07,0,
11565,control,2026-03-12,0,
11566,control,2026-03-13,0,
11567,control,2026-03-13,0,
11568,treatment,2026-03-05,0,
11569,control,2026-03-07,0,
11570,treatment,2026-03-03,1,25.75
11571,control,2026-03-14,0,
11572,control,2026-03-10,0,
11573,control,2026-03-01,0,
11574,control,2026-03-10,0,
11575,treatment,2026-03-01,0,
11576,treatment,2026-03-09,0,
11577,control,2026-03-05,0,
11578,control,2026-03-07,0,
11579,treatment,2026-03-09,0,
11580,control,2026-03-13,0,
11581,control,2026-03-06,0,
11582,treatment,2026-03-11,0,
11583,control,2026-03-14,0,
11584,treatment,2026-03-05,0,
11585,treatment,2026-03-07,0,
11586,treatment,2026-03-07,0,
11587,treatment,2026-03-03,1,39.82
11588,control,2026-03-03,1,45.05
11589,treatment,2026-03-13,0,
11590,treatment,2026-03-06,0,
11591,treatment,2026-03-06,0,
11592,treatment,2026-03-08,0,
11593,treatment,2026-03-11,0,
11594,treatment,2026-03-02,1,32.76
11595,treatment,2026-03-14,0,
11596,control,2026-03-14,1,32.45
11597,control,2026-03-04,0,
11598,treatment,2026-03-10,0,
11599,control,2026-03-11,0,
11600,control,2026-03-01,1,55.75
11601,control,2026-03-09,0,
11602,treatment,2026-03-14,0,
11603,control,2026-03-12,0,
11604,control,2026-03-09,0,
11605,control,2026-03-10,0,
11606,control,2026-03-07,1,32.69
11607,treatment,2026-03-06,0,
11608,control,2026-03-10,0,
11609,treatment,2026-03-09,1,48.98
11610,treatment,2026-03-06,0,
11611,treatment,2026-03-14,0,
11612,control,2026-03-09,1,79.56
11613,treatment,2026-03-13,1,37.36
11614,treatment,2026-03-10,0,
11615,control,2026-03-07,0,
11616,treatment,2026-03-03,1,20.37
11617,control,2026-03-06,0,
11618,control,2026-03-01,0,
11619,treatment,2026-03-02,1,67.69
11620,treatment,2026-03-02,0,
11621,treatment,2026-03-05,0,
11622,control,2026-03-09,0,
11623,control,2026-03-06,0,
11624,treatment,2026-03-02,0,
11625,treatment,2026-03-02,0,
11626,control,2026-03-12,0,
11627,treatment,2026-03-07,0,
11628,control,2026-03-07,1,67.75
11629,control,2026-03-05,0,
11630,treatment,2026-03-03,0,
11631,control,2026-03-10,0,
11632,control,2026-03-08,1,39.67
11633,treatment,2026-03-07,0,
11634,control,2026-03-05,0,
11635,control,2026-03-11,1,67.47
11636,control,2026-03-03,0,
11637,treatment,2026-03-04,0,
11638,control,2026-03-09,1,49.59
11639,treatment,2026-03-09,0,
11640,control,2026-03-14,0,
11641,treatment,2026-03-04,1,49.04
11642,treatment,2026-03-04,0,
11643,treatment,2026-03-08,0,
11644,control,2026-03-12,0,
11645,control,2026-03-11,0,
11646,control,2026-03-12,0,
11647,control,2026-03-10,0,
11648,control,2026-03-01,0,
11649,treatment,2026-03-06,0,
11650,control,2026-03-03,0,
11651,control,2026-03-13,0,
11652,control,2026-03-04,0,
11653,treatment,2026-03-13,0,
11654,treatment,2026-03-02,0,
11655,control,2026-03-10,0,
11656,control,2026-03-09,0,
11657,control,2026-03-04,0,
11658,treatment,2026-03-01,1,39.83
11659,treatment,2026-03-08,0,
11660,treatment,2026-03-03,0,
11661,control,2026-03-10,0,
11662,control,2026-03-14,0,
11663,treatment,2026-03-11,0,
11664,control,2026-03-01,0,
11665,control,2026-03-01,0,
11666,treatment,2026-03-08,1,52.34
11667,treatment,2026-03-13,0,
11668,treatment,2026-03-10,1,25.03
11669,treatment,2026-03-10,0,
11670,treatment,2026-03-12,1,35.06
11671,control,2026-03-07,0,
11672,treatment,2026-03-12,0,
11673,control,2026-03-11,1,25.54
11674,control,2026-03-03,0,
11675,control,2026-03-11,0,
11676,treatment,2026-03-13,0,
11677,control,2026-03-04,0,
11678,control,2026-03-04,0,
11679,control,2026-03-10,0,
11680,control,2026-03-07,0,
11681,control,2026-03-13,0,
11682,control,2026-03-09,0,
11683,treatment,2026-03-14,1,51.85
11684,treatment,2026-03-05,0,
11685,control,2026-03-07,0,
11686,control,2026-03-03,1,55.79
11687,treatment,2026-03-03,0,
11688,treatment,2026-03-14,0,
11689,treatment,2026-03-05,1,44.28
11690,control,2026-03-14,0,
11691,treatment,2026-03-03,0,
11692,control,2026-03-01,1,14.33
11693,control,2026-03-08,1,42.36
11694,control,2026-03-05,0,
11695,control,2026-03-01,1,35.2
11696,control,2026-03-12,1,55.16
11697,control,2026-03-01,0,
11698,control,2026-03-12,0,
11699,treatment,2026-03-04,0,
11700,control,2026-03-12,0,
11701,control,2026-03-08,0,
11702,treatment,2026-03-02,0,
11703,treatment,2026-03-13,1,38.44
11704,control,2026-03-14,0,
11705,control,2026-03-14,0,
11706,treatment,2026-03-07,0,
11707,control,2026-03-08,0,
11708,control,2026-03-09,0,
11709,control,2026-03-04,0,
11710,control,2026-03-02,0,
11711,control,2026-03-13,1,94.53
11712,treatment,2026-03-01,0,
11713,control,2026-03-09,0,
11714,control,2026-03-01,0,
11715,treatment,2026-03-14,0,
11716,treatment,2026-03-07,0,
11717,treatment,2026-03-04,0,
11718,control,2026-03-03,0,
11719,control,2026-03-10,0,
11720,control,2026-03-12,0,
11721,control,2026-03-05,1,31.34
11722,control,2026-03-09,1,36.04
11723,treatment,2026-03-07,1,38.78
11724,treatment,2026-03-10,0,
11725,treatment,2026-03-02,0,
11726,treatment,2026-03-01,0,
11727,treatment,2026-03-02,0,
11728,treatment,2026-03-03,1,64.34
11729,control,2026-03-05,0,
11730,treatment,2026-03-10,0,
11731,control,2026-03-03,0,
11732,treatment,2026-03-14,0,
11733,treatment,2026-03-05,1,19.54
11734,treatment,2026-03-10,0,
11735,treatment,2026-03-06,0,
11736,control,2026-03-12,0,
11737,treatment,2026-03-08,0,
11738,control,2026-03-09,0,
11739,control,2026-03-14,0,
11740,treatment,2026-03-10,1,37.34
11741,control,2026-03-10,0,
11742,treatment,2026-03-08,1,26.17
11743,treatment,2026-03-11,0,
11744,treatment,2026-03-05,0,
11745,treatment,2026-03-10,0,
11746,control,2026-03-05,0,
11747,treatment,2026-03-11,1,22.32
11748,treatment,2026-03-09,0,
11749,control,2026-03-10,1,55.21
11750,treatment,2026-03-01,0,
11751,treatment,2026-03-04,0,
11752,treatment,2026-03-12,0,
11753,treatment,2026-03-03,0,
11754,control,2026-03-10,0,
11755,treatment,2026-03-03,0,
11756,treatment,2026-03-09,0,
11757,control,2026-03-01,0,
11758,control,2026-03-08,0,
11759,control,2026-03-13,0,
11760,control,2026-03-11,1,37.19
11761,treatment,2026-03-05,0,
11762,treatment,2026-03-10,0,
11763,control,2026-03-04,0,
11764,treatment,2026-03-01,0,
11765,control,2026-03-06,0,
11766,treatment,2026-03-06,0,
11767,treatment,2026-03-08,0,
11768,treatment,2026-03-09,0,
11769,treatment,2026-03-07,0,
11770,treatment,2026-03-06,0,
11771,treatment,2026-03-06,0,
11772,control,2026-03-13,0,
11773,treatment,2026-03-08,1,74.04
11774,control,2026-03-10,0,
11775,treatment,2026-03-03,0,
11776,control,2026-03-13,0,
11777,control,2026-03-09,0,
11778,control,2026-03-06,0,
11779,treatment,2026-03-10,0,
11780,control,2026-03-11,0,
11781,control,2026-03-04,0,
11782,treatment,2026-03-03,1,67.77
11783,treatment,2026-03-10,0,
11784,treatment,2026-03-08,0,
11785,treatment,2026-03-03,0,
11786,control,2026-03-14,1,46.75
11787,treatment,2026-03-02,0,
11788,treatment,2026-03-07,0,
11789,treatment,2026-03-07,0,
11790,treatment,2026-03-06,0,
11791,control,2026-03-04,0,
11792,treatment,2026-03-09,1,78.91
11793,treatment,2026-03-08,0,
11794,treatment,2026-03-01,0,
11795,control,2026-03-02,0,
11796,control,2026-03-03,0,
11797,treatment,2026-03-08,0,
11798,control,2026-03-03,0,
11799,control,2026-03-05,0,
11800,treatment,2026-03-10,0,
11801,treatment,2026-03-13,1,34.35
11802,treatment,2026-03-05,0,
11803,treatment,2026-03-03,0,
11804,treatment,2026-03-09,0,
11805,control,2026-03-07,0,
11806,control,2026-03-10,1,38.51
11807,control,2026-03-13,0,
11808,control,2026-03-07,0,
11809,treatment,2026-03-05,0,
11810,control,2026-03-09,0,
11811,treatment,2026-03-13,0,
11812,control,2026-03-04,0,
11813,treatment,2026-03-08,0,
11814,control,2026-03-14,0,
11815,control,2026-03-11,0,
11816,control,2026-03-10,0,
11817,control,2026-03-07,0,
11818,control,2026-03-09,0,
11819,control,2026-03-05,0,
11820,treatment,2026-03-04,0,
11821,treatment,2026-03-08,0,
11822,treatment,2026-03-11,1,35.3
11823,treatment,2026-03-13,0,
11824,treatment,2026-03-05,1,24.43
11825,control,2026-03-08,0,
11826,control,2026-03-11,0,
11827,treatment,2026-03-10,0,
11828,treatment,2026-03-06,0,
11829,treatment,2026-03-01,0,
11830,treatment,2026-03-02,0,
11831,control,2026-03-10,0,
11832,control,2026-03-06,0,
11833,control,2026-03-08,1,47.31
11834,control,2026-03-08,0,
11835,treatment,2026-03-12,0,
11836,control,2026-03-05,0,
11837,treatment,2026-03-11,0,
11838,control,2026-03-05,0,
11839,control,2026-03-05,0,
11840,control,2026-03-06,0,
11841,treatment,2026-03-12,0,
11842,treatment,2026-03-12,0,
11843,control,2026-03-13,0,
11844,control,2026-03-04,0,
11845,control,2026-03-10,0,
11846,control,2026-03-12,0,
11847,control,2026-03-01,1,75.39
11848,treatment,2026-03-03,0,
11849,control,2026-03-04,0,
11850,treatment,2026-03-01,0,
11851,treatment,2026-03-11,0,
11852,treatment,2026-03-11,0,
11853,treatment,2026-03-07,0,
11854,treatment,2026-03-12,0,
11855,control,2026-03-07,0,
11856,control,2026-03-04,0,
11857,control,2026-03-13,0,
11858,control,2026-03-09,0,
11859,control,2026-03-05,0,
11860,treatment,2026-03-12,0,
11861,control,2026-03-11,0,
11862,treatment,2026-03-09,0,
11863,treatment,2026-03-08,0,
11864,treatment,2026-03-07,0,
11865,treatment,2026-03-05,0,
11866,treatment,2026-03-12,0,
11867,control,2026-03-06,0,
11868,control,2026-03-03,0,
11869,treatment,2026-03-07,1,58.54
11870,treatment,2026-03-06,0,
11871,treatment,2026-03-09,0,
11872,control,2026-03-03,0,
11873,treatment,2026-03-01,0,
11874,treatment,2026-03-07,0,
11875,control,2026-03-11,0,
11876,treatment,2026-03-11,0,
11877,treatment,2026-03-07,0,
11878,control,2026-03-07,0,
11879,control,2026-03-12,1,30.18
11880,treatment,2026-03-08,0,
11881,control,2026-03-06,0,
11882,control,2026-03-02,0,
11883,control,2026-03-07,0,
11884,control,2026-03-05,1,78.89
11885,treatment,2026-03-06,0,
11886,treatment,2026-03-10,0,
11887,control,2026-03-02,0,
11888,treatment,2026-03-08,0,
11889,control,2026-03-07,1,27.1
11890,control,2026-03-05,0,
11891,treatment,2026-03-06,0,
11892,treatment,2026-03-07,0,
11893,control,2026-03-12,0,
11894,control,2026-03-14,0,
11895,control,2026-03-11,1,78.77
11896,treatment,2026-03-01,0,
11897,control,2026-03-05,0,
11898,treatment,2026-03-08,0,
11899,treatment,2026-03-08,0,
11900,treatment,2026-03-12,0,
11901,control,2026-03-08,0,
11902,treatment,2026-03-01,0,
11903,treatment,2026-03-03,0,
11904,treatment,2026-03-14,1,39.29
11905,control,2026-03-08,0,
11906,control,2026-03-04,0,
11907,treatment,2026-03-06,0,
11908,treatment,2026-03-03,0,
11909,control,2026-03-08,0,
11910,control,2026-03-04,0,
11911,treatment,2026-03-05,0,
11912,control,2026-03-04,0,
11913,treatment,2026-03-14,0,
11914,treatment,2026-03-09,0,
11915,treatment,2026-03-10,0,
11916,control,2026-03-06,0,
11917,control,2026-03-06,0,
11918,treatment,2026-03-01,0,
11919,treatment,2026-03-02,0,
11920,control,2026-03-05,0,
11921,control,2026-03-05,0,
11922,control,2026-03-05,0,
11923,treatment,2026-03-09,0,
11924,control,2026-03-11,0,
11925,control,2026-03-06,1,81.99
11926,control,2026-03-14,0,
11927,control,2026-03-01,0,
11928,treatment,2026-03-11,0,
11929,treatment,2026-03-05,0,
11930,control,2026-03-05,0,
11931,control,2026-03-01,0,
11932,treatment,2026-03-12,0,
11933,control,2026-03-05,0,
11934,treatment,2026-03-09,0,
11935,control,2026-03-01,0,
11936,control,2026-03-05,0,
11937,control,2026-03-14,0,
11938,control,2026-03-01,1,131.06
11939,treatment,2026-03-10,0,
11940,treatment,2026-03-07,0,
11941,control,2026-03-14,0,
11942,control,2026-03-08,0,
11943,control,2026-03-07,0,
11944,treatment,2026-03-01,0,
11945,control,2026-03-13,0,
11946,treatment,2026-03-03,0,
11947,treatment,2026-03-14,1,55.53
11948,control,2026-03-11,0,
11949,control,2026-03-08,0,
11950,control,2026-03-13,0,
11951,control,2026-03-13,0,
11952,control,2026-03-14,0,
11953,control,2026-03-03,0,
11954,treatment,2026-03-11,0,
11955,treatment,2026-03-01,0,
11956,control,2026-03-11,1,57.87
11957,control,2026-03-01,0,
11958,treatment,2026-03-11,1,33.24
11959,treatment,2026-03-01,0,
11960,control,2026-03-14,0,
11961,treatment,2026-03-13,0,
11962,treatment,2026-03-12,0,
11963,treatment,2026-03-14,0,
11964,control,2026-03-03,1,50.42
11965,control,2026-03-08,1,27.74
11966,treatment,2026-03-01,0,
11967,control,2026-03-02,0,
11968,control,2026-03-12,0,
11969,treatment,2026-03-02,0,
11970,treatment,2026-03-05,0,
11971,control,2026-03-02,1,65.81
11972,control,2026-03-09,0,
11973,control,2026-03-09,0,
11974,treatment,2026-03-07,1,39.46
11975,treatment,2026-03-03,0,
11976,control,2026-03-10,0,
11977,treatment,2026-03-04,0,
11978,control,2026-03-10,0,
11979,control,2026-03-10,1,45.5
11980,treatment,2026-03-05,0,
11981,control,2026-03-13,0,
11982,control,2026-03-03,0,
11983,control,2026-03-11,1,37.15
11984,control,2026-03-10,0,
11985,treatment,2026-03-13,0,
11986,control,2026-03-09,0,
11987,control,2026-03-13,0,
11988,control,2026-03-05,0,
11989,control,2026-03-05,1,22.45
11990,control,2026-03-10,0,
11991,control,2026-03-13,0,
11992,control,2026-03-08,0,
11993,control,2026-03-05,0,
11994,treatment,2026-03-14,0,
11995,control,2026-03-14,0,
11996,treatment,2026-03-02,1,64.73
11997,treatment,2026-03-09,0,
11998,control,2026-03-01,0,
11999,treatment,2026-03-06,0,
12000,control,2026-03-14,0,
12001,treatment,2026-03-03,0,
12002,treatment,2026-03-08,0,
12003,treatment,2026-03-14,0,
12004,treatment,2026-03-04,1,75.27
12005,treatment,2026-03-10,0,
12006,treatment,2026-03-09,1,35.34
12007,treatment,2026-03-13,0,
12008,treatment,2026-03-10,0,
12009,treatment,2026-03-08,1,39.15
12010,control,2026-03-09,1,53.03
12011,control,2026-03-01,0,
12012,control,2026-03-07,0,
12013,control,2026-03-14,0,
12014,control,2026-03-08,0,
12015,control,2026-03-05,0,
12016,treatment,2026-03-14,0,
12017,treatment,2026-03-10,0,
12018,control,2026-03-07,0,
12019,treatment,2026-03-07,0,
12020,control,2026-03-01,0,
12021,control,2026-03-01,0,
12022,control,2026-03-12,0,
12023,control,2026-03-10,0,
12024,control,2026-03-11,0,
12025,control,2026-03-12,0,
12026,control,2026-03-11,0,
12027,treatment,2026-03-03,0,
12028,treatment,2026-03-10,0,
12029,treatment,2026-03-03,0,
12030,control,2026-03-05,0,
12031,treatment,2026-03-14,0,
12032,treatment,2026-03-10,0,
12033,treatment,2026-03-02,0,
12034,treatment,2026-03-10,0,
12035,control,2026-03-11,0,
12036,treatment,2026-03-11,0,
12037,treatment,2026-03-12,0,
12038,control,2026-03-13,0,
12039,treatment,2026-03-10,1,26.66
12040,treatment,2026-03-01,0,
12041,control,2026-03-08,0,
12042,control,2026-03-07,0,
12043,treatment,2026-03-13,0,
12044,treatment,2026-03-08,0,
12045,control,2026-03-07,0,
12046,control,2026-03-10,0,
12047,treatment,2026-03-09,0,
12048,treatment,2026-03-13,0,
12049,treatment,2026-03-11,0,
12050,control,2026-03-07,0,
12051,treatment,2026-03-05,1,21.69
12052,control,2026-03-06,0,
12053,treatment,2026-03-10,0,
12054,treatment,2026-03-14,1,60.93
12055,control,2026-03-09,0,
12056,control,2026-03-03,0,
12057,treatment,2026-03-11,0,
12058,control,2026-03-12,0,
12059,treatment,2026-03-01,0,
12060,treatment,2026-03-02,0,
12061,treatment,2026-03-03,1,27.32
12062,treatment,2026-03-11,1,25.38
12063,control,2026-03-14,1,45.29
12064,control,2026-03-12,1,27.2
12065,treatment,2026-03-04,1,48.94
12066,treatment,2026-03-07,0,
12067,treatment,2026-03-09,0,
12068,control,2026-03-14,0,
12069,treatment,2026-03-03,0,
12070,control,2026-03-02,0,
12071,control,2026-03-11,0,
12072,control,2026-03-08,0,
12073,treatment,2026-03-11,1,16.47
12074,treatment,2026-03-11,1,37.39
12075,control,2026-03-07,0,
12076,treatment,2026-03-14,0,
12077,control,2026-03-02,0,
12078,control,2026-03-02,0,
12079,control,2026-03-02,0,
12080,treatment,2026-03-04,1,48.6
12081,control,2026-03-11,0,
12082,treatment,2026-03-08,0,
12083,control,2026-03-03,0,
12084,control,2026-03-12,0,
12085,treatment,2026-03-09,0,
12086,control,2026-03-04,0,
12087,treatment,2026-03-10,0,
12088,treatment,2026-03-03,1,43.7
12089,control,2026-03-08,0,
12090,control,2026-03-05,1,93.87
12091,control,2026-03-08,0,
12092,treatment,2026-03-01,0,
12093,treatment,2026-03-08,1,45.24
12094,control,2026-03-11,0,
12095,control,2026-03-07,0,
12096,control,2026-03-01,0,
12097,treatment,2026-03-03,0,
12098,control,2026-03-01,0,
12099,treatment,2026-03-10,0,
12100,treatment,2026-03-10,0,
12101,control,2026-03-03,0,
12102,control,2026-03-11,0,
12103,control,2026-03-10,0,
12104,control,2026-03-11,0,
12105,treatment,2026-03-02,0,
12106,control,2026-03-14,0,
12107,control,2026-03-07,0,
12108,treatment,2026-03-14,0,
12109,control,2026-03-14,1,50.82
12110,control,2026-03-07,1,48.95
12111,control,2026-03-01,0,
12112,control,2026-03-11,0,
12113,control,2026-03-09,0,
12114,control,2026-03-13,0,
12115,control,2026-03-03,0,
12116,treatment,2026-03-01,0,
12117,treatment,2026-03-06,0,
12118,control,2026-03-01,0,
12119,control,2026-03-09,0,
12120,treatment,2026-03-12,0,
12121,treatment,2026-03-08,0,
12122,treatment,2026-03-09,0,
12123,control,2026-03-14,0,
12124,treatment,2026-03-10,0,
12125,control,2026-03-10,0,
12126,treatment,2026-03-07,0,
12127,treatment,2026-03-02,1,87.95
12128,treatment,2026-03-07,0,
12129,treatment,2026-03-03,0,
12130,treatment,2026-03-04,0,
12131,control,2026-03-12,0,
12132,treatment,2026-03-12,0,
12133,control,2026-03-10,0,
12134,treatment,2026-03-06,0,
12135,treatment,2026-03-10,0,
12136,control,2026-03-03,0,
12137,control,2026-03-07,0,
12138,treatment,2026-03-12,0,
12139,control,2026-03-12,0,
12140,treatment,2026-03-02,0,
12141,treatment,2026-03-12,0,
12142,control,2026-03-06,0,
12143,treatment,2026-03-02,0,
12144,treatment,2026-03-12,0,
12145,treatment,2026-03-05,0,
12146,treatment,2026-03-04,0,
12147,control,2026-03-09,1,16.84
12148,treatment,2026-03-03,1,37.92
12149,treatment,2026-03-06,0,
12150,treatment,2026-03-13,0,
12151,control,2026-03-03,0,
12152,control,2026-03-02,0,
12153,control,2026-03-12,1,22.44
12154,treatment,2026-03-12,0,
12155,treatment,2026-03-07,0,
12156,treatment,2026-03-14,0,
12157,treatment,2026-03-11,0,
12158,treatment,2026-03-04,0,
12159,control,2026-03-13,0,
12160,treatment,2026-03-13,0,
12161,control,2026-03-02,0,
12162,control,2026-03-01,0,
12163,control,2026-03-13,0,
12164,control,2026-03-06,0,
12165,control,2026-03-01,0,
12166,treatment,2026-03-09,0,
12167,treatment,2026-03-04,0,
12168,treatment,2026-03-12,1,30.05
12169,treatment,2026-03-04,0,
12170,treatment,2026-03-02,0,
12171,treatment,2026-03-05,0,
12172,control,2026-03-14,0,
12173,treatment,2026-03-14,1,23.17
12174,treatment,2026-03-09,0,
12175,treatment,2026-03-05,1,65.75
12176,control,2026-03-07,0,
12177,treatment,2026-03-10,0,
12178,treatment,2026-03-10,0,
12179,treatment,2026-03-05,0,
12180,control,2026-03-04,1,30.34
12181,control,2026-03-14,1,40.45
12182,control,2026-03-09,0,
12183,control,2026-03-13,0,
12184,treatment,2026-03-14,0,
12185,control,2026-03-10,0,
12186,treatment,2026-03-12,0,
12187,control,2026-03-04,0,
12188,control,2026-03-05,0,
12189,control,2026-03-11,0,
12190,control,2026-03-03,0,
12191,control,2026-03-06,0,
12192,control,2026-03-03,1,45.98
12193,treatment,2026-03-07,0,
12194,control,2026-03-06,0,
12195,control,2026-03-14,0,
12196,treatment,2026-03-05,0,
12197,control,2026-03-09,0,
12198,control,2026-03-02,0,
12199,treatment,2026-03-09,0,
12200,control,2026-03-14,0,
12201,control,2026-03-04,1,68.71
12202,treatment,2026-03-11,0,
12203,treatment,2026-03-11,0,
12204,control,2026-03-09,0,
12205,treatment,2026-03-09,0,
12206,control,2026-03-03,0,
12207,treatment,2026-03-13,0,
12208,treatment,2026-03-05,0,
12209,treatment,2026-03-07,0,
12210,control,2026-03-02,0,
12211,control,2026-03-03,0,
12212,treatment,2026-03-05,0,
12213,control,2026-03-12,0,
12214,control,2026-03-14,0,
12215,control,2026-03-10,0,
12216,control,2026-03-09,0,
12217,treatment,2026-03-08,0,
12218,treatment,2026-03-10,0,
12219,treatment,2026-03-08,1,52.39
12220,control,2026-03-08,0,
12221,control,2026-03-14,0,
12222,treatment,2026-03-01,0,
12223,treatment,2026-03-13,0,
12224,control,2026-03-11,0,
12225,control,2026-03-12,0,
12226,control,2026-03-12,1,59.33
12227,treatment,2026-03-13,0,
12228,control,2026-03-11,0,
12229,control,2026-03-06,0,
12230,control,2026-03-12,0,
12231,treatment,2026-03-02,0,
12232,treatment,2026-03-14,0,
12233,control,2026-03-03,0,
12234,control,2026-03-13,1,41.37
12235,treatment,2026-03-03,0,
12236,treatment,2026-03-10,0,
12237,treatment,2026-03-01,0,
12238,treatment,2026-03-08,0,
12239,control,2026-03-11,1,60.39
12240,control,2026-03-03,1,32.06
12241,control,2026-03-06,1,43.83
12242,treatment,2026-03-02,0,
12243,treatment,2026-03-09,0,
12244,treatment,2026-03-01,0,
12245,control,2026-03-02,0,
12246,treatment,2026-03-13,1,78.34
12247,treatment,2026-03-08,0,
12248,treatment,2026-03-04,0,
12249,treatment,2026-03-05,0,
12250,treatment,2026-03-11,1,65.7
12251,treatment,2026-03-02,0,
12252,control,2026-03-09,0,
12253,control,2026-03-03,0,
12254,control,2026-03-01,0,
12255,treatment,2026-03-02,0,
12256,treatment,2026-03-10,0,
12257,control,2026-03-02,0,
12258,treatment,2026-03-13,0,
12259,treatment,2026-03-09,0,
12260,treatment,2026-03-10,0,
12261,treatment,2026-03-09,0,
12262,treatment,2026-03-05,0,
12263,treatment,2026-03-14,0,
12264,treatment,2026-03-10,1,87.7
12265,control,2026-03-07,0,
12266,treatment,2026-03-14,0,
12267,control,2026-03-04,1,37.26
12268,treatment,2026-03-09,0,
12269,treatment,2026-03-10,0,
12270,control,2026-03-09,0,
12271,treatment,2026-03-06,1,32.85
12272,treatment,2026-03-02,0,
12273,treatment,2026-03-08,0,
12274,treatment,2026-03-10,0,
12275,control,2026-03-01,0,
12276,treatment,2026-03-03,0,
12277,treatment,2026-03-11,0,
12278,control,2026-03-09,0,
12279,treatment,2026-03-06,0,
12280,control,2026-03-09,1,21.01
12281,control,2026-03-04,0,
12282,control,2026-03-06,0,
12283,treatment,2026-03-14,0,
12284,control,2026-03-03,0,
12285,treatment,2026-03-07,1,61.37
12286,treatment,2026-03-09,0,
12287,control,2026-03-03,1,55.23
12288,treatment,2026-03-03,0,
12289,treatment,2026-03-04,0,
12290,control,2026-03-14,1,29.11
12291,control,2026-03-12,0,
12292,treatment,2026-03-13,0,
12293,treatment,2026-03-14,0,
12294,treatment,2026-03-11,0,
12295,control,2026-03-14,0,
12296,treatment,2026-03-08,0,
12297,control,2026-03-13,0,
12298,control,2026-03-14,1,46.89
12299,treatment,2026-03-04,0,
12300,control,2026-03-11,0,
12301,control,2026-03-13,0,
12302,control,2026-03-07,0,
12303,control,2026-03-13,1,31.38
12304,control,2026-03-06,0,
12305,treatment,2026-03-03,0,
12306,control,2026-03-04,1,31.61
12307,treatment,2026-03-09,0,
12308,control,2026-03-13,0,
12309,control,2026-03-13,0,
12310,treatment,2026-03-10,0,
12311,control,2026-03-12,0,
12312,treatment,2026-03-06,0,
12313,treatment,2026-03-04,1,107.1
12314,treatment,2026-03-12,0,
12315,control,2026-03-12,0,
12316,control,2026-03-03,0,
12317,treatment,2026-03-06,0,
12318,treatment,2026-03-04,0,
12319,treatment,2026-03-07,0,
12320,treatment,2026-03-03,0,
12321,treatment,2026-03-01,0,
12322,treatment,2026-03-08,0,
12323,treatment,2026-03-13,1,59.69
12324,treatment,2026-03-06,0,
12325,control,2026-03-05,0,
12326,control,2026-03-09,0,
12327,treatment,2026-03-07,0,
12328,treatment,2026-03-03,0,
12329,treatment,2026-03-02,0,
12330,treatment,2026-03-01,0,
12331,control,2026-03-07,0,
12332,treatment,2026-03-09,0,
12333,treatment,2026-03-03,0,
12334,treatment,2026-03-04,0,
12335,control,2026-03-07,0,
12336,control,2026-03-07,0,
12337,control,2026-03-04,0,
12338,control,2026-03-01,0,
12339,control,2026-03-09,0,
12340,treatment,2026-03-07,0,
12341,control,2026-03-04,0,
12342,treatment,2026-03-08,0,
12343,control,2026-03-14,0,
12344,treatment,2026-03-12,0,
12345,treatment,2026-03-14,0,
12346,control,2026-03-01,0,
12347,control,2026-03-12,0,
12348,treatment,2026-03-06,0,
12349,treatment,2026-03-02,1,31.96
12350,control,2026-03-10,0,
12351,control,2026-03-13,0,
12352,control,2026-03-04,0,
12353,control,2026-03-01,0,
12354,control,2026-03-09,0,
12355,treatment,2026-03-01,0,
12356,control,2026-03-11,0,
12357,control,2026-03-02,0,
12358,control,2026-03-10,1,160.47
12359,treatment,2026-03-09,0,
12360,treatment,2026-03-04,0,
12361,treatment,2026-03-06,0,
12362,treatment,2026-03-03,1,89.54
12363,treatment,2026-03-01,0,
12364,control,2026-03-11,0,
12365,control,2026-03-09,0,
12366,treatment,2026-03-04,0,
12367,control,2026-03-08,0,
12368,treatment,2026-03-01,0,
12369,control,2026-03-05,0,
12370,treatment,2026-03-02,0,
12371,treatment,2026-03-10,0,
12372,control,2026-03-08,0,
12373,treatment,2026-03-10,0,
12374,treatment,2026-03-12,0,
12375,control,2026-03-11,1,20.75
12376,treatment,2026-03-04,0,
12377,treatment,2026-03-14,1,33.94
12378,control,2026-03-10,1,20.31
12379,control,2026-03-11,0,
12380,control,2026-03-08,0,
12381,control,2026-03-09,0,
12382,treatment,2026-03-01,0,
12383,control,2026-03-05,1,21.8
12384,control,2026-03-09,0,
12385,treatment,2026-03-10,1,84.08
12386,control,2026-03-05,0,
12387,treatment,2026-03-06,0,
12388,treatment,2026-03-12,1,41.65
12389,treatment,2026-03-09,0,
12390,treatment,2026-03-10,0,
12391,control,2026-03-11,1,21.76
12392,treatment,2026-03-14,0,
12393,control,2026-03-14,0,
12394,control,2026-03-04,0,
12395,control,2026-03-01,0,
12396,control,2026-03-03,0,
12397,treatment,2026-03-06,0,
12398,treatment,2026-03-05,0,
12399,treatment,2026-03-13,0,
12400,control,2026-03-04,0,
12401,control,2026-03-06,0,
12402,treatment,2026-03-07,0,
12403,treatment,2026-03-12,0,
12404,control,2026-03-07,0,
12405,treatment,2026-03-06,0,
12406,control,2026-03-13,0,
12407,control,2026-03-10,0,
12408,treatment,2026-03-14,1,37.01
12409,treatment,2026-03-04,1,86.95
12410,treatment,2026-03-03,0,
12411,control,2026-03-04,1,35.77
12412,control,2026-03-10,0,
12413,treatment,2026-03-07,0,
12414,control,2026-03-07,0,
12415,treatment,2026-03-05,1,33.84
12416,treatment,2026-03-09,0,
12417,control,2026-03-04,0,
12418,control,2026-03-05,0,
12419,control,2026-03-05,0,
12420,treatment,2026-03-11,0,
12421,treatment,2026-03-08,0,
12422,treatment,2026-03-01,0,
12423,control,2026-03-07,0,
12424,control,2026-03-14,0,
12425,control,2026-03-11,1,52.71
12426,control,2026-03-08,0,
12427,control,2026-03-03,0,
12428,control,2026-03-13,1,49.23
12429,treatment,2026-03-01,0,
12430,control,2026-03-07,0,
12431,treatment,2026-03-02,0,
12432,control,2026-03-01,0,
12433,control,2026-03-04,0,
12434,control,2026-03-10,0,
12435,control,2026-03-14,0,
12436,control,2026-03-01,0,
12437,control,2026-03-02,0,
12438,treatment,2026-03-01,0,
12439,treatment,2026-03-05,0,
12440,treatment,2026-03-06,1,31.88
12441,control,2026-03-02,0,
12442,treatment,2026-03-04,0,
12443,control,2026-03-12,0,
12444,treatment,2026-03-03,0,
12445,treatment,2026-03-13,0,
12446,treatment,2026-03-05,0,
12447,treatment,2026-03-03,0,
12448,treatment,2026-03-04,1,23.04
12449,control,2026-03-09,0,
12450,control,2026-03-07,1,72.82
12451,control,2026-03-09,0,
12452,control,2026-03-02,1,21.54
12453,treatment,2026-03-13,1,53.18
12454,control,2026-03-11,0,
12455,treatment,2026-03-08,0,
12456,treatment,2026-03-12,0,
12457,control,2026-03-02,0,
12458,treatment,2026-03-03,1,29.51
12459,treatment,2026-03-05,0,
12460,control,2026-03-07,0,
12461,treatment,2026-03-02,1,63.81
12462,control,2026-03-09,0,
12463,treatment,2026-03-12,1,35.11
12464,treatment,2026-03-07,1,52.01
12465,treatment,2026-03-14,0,
12466,control,2026-03-03,1,20.97
12467,control,2026-03-06,0,
12468,treatment,2026-03-05,0,
12469,treatment,2026-03-13,0,
12470,treatment,2026-03-11,0,
12471,treatment,2026-03-01,1,30.84
12472,control,2026-03-02,0,
12473,control,2026-03-13,0,
12474,treatment,2026-03-09,0,
12475,control,2026-03-03,0,
12476,control,2026-03-08,0,
12477,treatment,2026-03-01,0,
12478,treatment,2026-03-11,0,
12479,control,2026-03-09,0,
12480,control,2026-03-14,0,
12481,control,2026-03-07,0,
12482,control,2026-03-04,0,
12483,control,2026-03-08,0,
12484,treatment,2026-03-03,0,
12485,control,2026-03-03,0,
12486,treatment,2026-03-02,0,
12487,control,2026-03-02,0,
12488,treatment,2026-03-14,0,
12489,treatment,2026-03-11,0,
12490,treatment,2026-03-01,0,
12491,control,2026-03-07,0,
12492,treatment,2026-03-11,0,
12493,control,2026-03-07,1,33.52
12494,control,2026-03-11,0,
12495,treatment,2026-03-13,0,
12496,treatment,2026-03-09,0,
12497,treatment,2026-03-01,0,
12498,control,2026-03-07,0,
12499,control,2026-03-14,1,34.92
12500,treatment,2026-03-01,0,
12501,control,2026-03-13,0,
12502,control,2026-03-05,1,63.81
12503,treatment,2026-03-09,0,
12504,treatment,2026-03-04,0,
12505,control,2026-03-07,0,
12506,control,2026-03-12,0,
12507,treatment,2026-03-02,0,
12508,control,2026-03-12,1,55.97
12509,control,2026-03-04,0,
12510,treatment,2026-03-08,0,
12511,treatment,2026-03-05,0,
12512,control,2026-03-11,0,
12513,control,2026-03-03,0,
12514,control,2026-03-04,0,
12515,control,2026-03-11,0,
12516,control,2026-03-04,0,
12517,control,2026-03-13,0,
12518,treatment,2026-03-07,0,
12519,treatment,2026-03-11,0,
12520,treatment,2026-03-08,1,30.44
12521,control,2026-03-06,0,
12522,control,2026-03-09,0,
12523,treatment,2026-03-11,0,
12524,treatment,2026-03-12,0,
12525,control,2026-03-01,0,
12526,treatment,2026-03-07,0,
12527,treatment,2026-03-03,0,
12528,treatment,2026-03-04,0,
12529,treatment,2026-03-03,1,58.45
12530,treatment,2026-03-01,0,
12531,treatment,2026-03-14,0,
12532,control,2026-03-04,1,41.1
12533,treatment,2026-03-03,0,
12534,treatment,2026-03-11,0,
12535,control,2026-03-08,0,
12536,control,2026-03-06,0,
12537,control,2026-03-01,0,
12538,control,2026-03-07,0,
12539,treatment,2026-03-09,0,
12540,control,2026-03-04,0,
12541,control,2026-03-11,0,
12542,treatment,2026-03-01,0,
12543,treatment,2026-03-05,0,
12544,treatment,2026-03-14,0,
12545,control,2026-03-08,0,
12546,control,2026-03-01,0,
12547,treatment,2026-03-01,0,
12548,control,2026-03-11,0,
12549,control,2026-03-02,0,
12550,control,2026-03-10,0,
12551,treatment,2026-03-02,0,
12552,control,2026-03-07,0,
12553,control,2026-03-08,0,
12554,control,2026-03-14,0,
12555,control,2026-03-13,0,
12556,treatment,2026-03-10,0,
12557,control,2026-03-08,0,
12558,control,2026-03-06,0,
12559,treatment,2026-03-05,0,
12560,treatment,2026-03-03,0,
12561,treatment,2026-03-04,0,
12562,control,2026-03-08,0,
12563,treatment,2026-03-08,1,25.18
12564,treatment,2026-03-11,0,
12565,control,2026-03-02,0,
12566,treatment,2026-03-01,0,
12567,control,2026-03-01,0,
12568,control,2026-03-11,0,
12569,control,2026-03-02,0,
12570,control,2026-03-11,0,
12571,treatment,2026-03-06,1,57.04
12572,control,2026-03-02,0,
12573,treatment,2026-03-03,0,
12574,treatment,2026-03-08,1,50.23
12575,treatment,2026-03-03,0,
12576,treatment,2026-03-13,0,
12577,treatment,2026-03-04,0,
12578,control,2026-03-05,0,
12579,treatment,2026-03-04,0,
12580,control,2026-03-11,0,
12581,control,2026-03-04,0,
12582,treatment,2026-03-08,1,73.12
12583,treatment,2026-03-12,0,
12584,control,2026-03-10,0,
12585,control,2026-03-01,0,
12586,control,2026-03-06,0,
12587,control,2026-03-12,0,
12588,treatment,2026-03-13,0,
12589,treatment,2026-03-12,0,
12590,control,2026-03-03,1,41.2
12591,control,2026-03-10,0,
12592,control,2026-03-10,0,
12593,control,2026-03-04,0,
12594,control,2026-03-04,0,
12595,control,2026-03-08,0,
12596,treatment,2026-03-07,0,
12597,control,2026-03-04,0,
12598,treatment,2026-03-07,1,33.97
12599,treatment,2026-03-06,0,
12600,control,2026-03-08,1,16.44
12601,control,2026-03-03,0,
12602,treatment,2026-03-14,0,
12603,control,2026-03-02,0,
12604,control,2026-03-13,0,
12605,treatment,2026-03-06,0,
12606,treatment,2026-03-09,0,
12607,treatment,2026-03-08,0,
12608,treatment,2026-03-09,0,
12609,treatment,2026-03-02,0,
12610,treatment,2026-03-12,0,
12611,treatment,2026-03-09,0,
12612,control,2026-03-13,0,
12613,treatment,2026-03-13,0,
12614,control,2026-03-05,0,
12615,control,2026-03-06,0,
12616,control,2026-03-07,0,
12617,control,2026-03-08,0,
12618,treatment,2026-03-03,0,
12619,control,2026-03-08,0,
12620,treatment,2026-03-03,1,66.12
12621,treatment,2026-03-08,0,
12622,control,2026-03-07,0,
12623,control,2026-03-02,0,
12624,control,2026-03-06,0,
12625,treatment,2026-03-08,0,
12626,control,2026-03-11,0,
12627,treatment,2026-03-08,0,
12628,control,2026-03-08,0,
12629,treatment,2026-03-04,0,
12630,treatment,2026-03-10,0,
12631,treatment,2026-03-10,0,
12632,control,2026-03-05,0,
12633,control,2026-03-08,0,
12634,treatment,2026-03-05,0,
12635,control,2026-03-08,0,
12636,control,2026-03-11,0,
12637,treatment,2026-03-13,1,21.02
12638,control,2026-03-05,0,
12639,control,2026-03-05,1,49.18
12640,treatment,2026-03-03,0,
12641,treatment,2026-03-09,0,
12642,treatment,2026-03-04,0,
12643,control,2026-03-11,1,51.33
12644,control,2026-03-05,0,
12645,control,2026-03-07,0,
12646,treatment,2026-03-02,1,35.81
12647,control,2026-03-05,0,
12648,control,2026-03-11,0,
12649,control,2026-03-01,0,
12650,treatment,2026-03-14,0,
12651,control,2026-03-07,0,
12652,treatment,2026-03-06,0,
12653,control,2026-03-12,0,
12654,control,2026-03-11,0,
12655,treatment,2026-03-13,0,
12656,treatment,2026-03-08,0,
12657,control,2026-03-06,0,
12658,treatment,2026-03-09,1,39.95
12659,control,2026-03-03,0,
12660,treatment,2026-03-11,0,
12661,control,2026-03-13,0,
12662,treatment,2026-03-11,0,
12663,control,2026-03-11,0,
12664,treatment,2026-03-10,1,56.51
12665,treatment,2026-03-10,0,
12666,control,2026-03-04,0,
12667,treatment,2026-03-09,0,
12668,control,2026-03-07,0,
12669,treatment,2026-03-13,0,
12670,control,2026-03-07,0,
12671,treatment,2026-03-13,0,
12672,treatment,2026-03-08,0,
12673,treatment,2026-03-11,0,
12674,treatment,2026-03-05,0,
12675,treatment,2026-03-03,0,
12676,treatment,2026-03-11,0,
12677,treatment,2026-03-13,0,
12678,control,2026-03-07,1,77.41
12679,treatment,2026-03-03,1,12.53
12680,control,2026-03-04,1,31.82
12681,control,2026-03-05,0,
12682,treatment,2026-03-10,0,
12683,control,2026-03-13,0,
12684,control,2026-03-10,1,77.02
12685,control,2026-03-02,0,
12686,control,2026-03-02,0,
12687,treatment,2026-03-09,0,
12688,treatment,2026-03-11,0,
12689,treatment,2026-03-07,0,
12690,control,2026-03-10,0,
12691,control,2026-03-11,0,
12692,treatment,2026-03-12,0,
12693,control,2026-03-10,0,
12694,treatment,2026-03-02,0,
12695,control,2026-03-13,0,
12696,treatment,2026-03-12,0,
12697,control,2026-03-05,0,
12698,treatment,2026-03-05,0,
12699,control,2026-03-01,1,36.74
12700,control,2026-03-04,1,81.24
12701,treatment,2026-03-01,0,
12702,control,2026-03-08,0,
12703,treatment,2026-03-05,0,
12704,control,2026-03-12,0,
12705,treatment,2026-03-12,0,
12706,treatment,2026-03-13,0,
12707,control,2026-03-06,0,
12708,treatment,2026-03-03,1,70.43
12709,control,2026-03-12,0,
12710,control,2026-03-05,0,
12711,treatment,2026-03-06,0,
12712,treatment,2026-03-13,1,71.13
12713,control,2026-03-11,0,
12714,treatment,2026-03-12,0,
12715,treatment,2026-03-13,0,
12716,treatment,2026-03-01,0,
12717,treatment,2026-03-12,1,22.37
12718,treatment,2026-03-05,0,
12719,treatment,2026-03-04,0,
12720,treatment,2026-03-06,1,49.45
12721,control,2026-03-12,1,34.64
12722,control,2026-03-05,0,
12723,control,2026-03-12,0,
12724,control,2026-03-01,0,
12725,treatment,2026-03-12,0,
12726,treatment,2026-03-10,0,
12727,control,2026-03-07,1,63.33
12728,control,2026-03-13,0,
12729,control,2026-03-06,0,
12730,control,2026-03-10,1,60.37
12731,treatment,2026-03-11,0,
12732,treatment,2026-03-02,0,
12733,treatment,2026-03-03,0,
12734,control,2026-03-06,0,
12735,treatment,2026-03-08,0,
12736,control,2026-03-06,0,
12737,control,2026-03-06,0,
12738,control,2026-03-01,0,
12739,control,2026-03-10,0,
12740,control,2026-03-02,0,
12741,treatment,2026-03-06,1,27.18
12742,treatment,2026-03-08,0,
12743,treatment,2026-03-11,0,
12744,treatment,2026-03-11,0,
12745,treatment,2026-03-01,0,
12746,treatment,2026-03-10,0,
12747,treatment,2026-03-09,1,70.96
12748,treatment,2026-03-11,0,
12749,treatment,2026-03-02,0,
12750,control,2026-03-12,0,
12751,control,2026-03-05,0,
12752,control,2026-03-06,0,
12753,control,2026-03-08,1,53.46
12754,control,2026-03-09,0,
12755,control,2026-03-06,0,
12756,treatment,2026-03-09,0,
12757,control,2026-03-05,0,
12758,control,2026-03-04,0,
12759,control,2026-03-03,0,
12760,treatment,2026-03-05,0,
12761,treatment,2026-03-14,0,
12762,treatment,2026-03-01,0,
12763,control,2026-03-13,0,
12764,control,2026-03-08,0,
12765,control,2026-03-11,0,
12766,treatment,2026-03-10,0,
12767,control,2026-03-05,0,
12768,treatment,2026-03-03,0,
12769,control,2026-03-12,0,
12770,treatment,2026-03-14,0,
12771,control,2026-03-11,0,
12772,treatment,2026-03-02,0,
12773,control,2026-03-11,0,
12774,treatment,2026-03-07,1,47.13
12775,treatment,2026-03-09,0,
12776,control,2026-03-06,1,33.14
12777,treatment,2026-03-10,0,
12778,control,2026-03-01,0,
12779,treatment,2026-03-08,1,31.98
12780,treatment,2026-03-02,0,
12781,treatment,2026-03-06,0,
12782,treatment,2026-03-02,0,
12783,treatment,2026-03-06,0,
12784,control,2026-03-12,0,
12785,control,2026-03-11,0,
12786,control,2026-03-07,0,
12787,control,2026-03-14,0,
12788,control,2026-03-08,0,
12789,control,2026-03-11,0,
12790,control,2026-03-04,0,
12791,treatment,2026-03-10,0,
12792,control,2026-03-07,0,
12793,control,2026-03-09,0,
12794,treatment,2026-03-09,0,
12795,control,2026-03-04,0,
12796,treatment,2026-03-04,0,
12797,treatment,2026-03-03,0,
12798,control,2026-03-11,0,
12799,treatment,2026-03-13,0,
12800,control,2026-03-08,1,55.35
12801,control,2026-03-14,0,
12802,control,2026-03-10,0,
12803,treatment,2026-03-11,0,
12804,control,2026-03-10,0,
12805,control,2026-03-01,0,
12806,control,2026-03-12,1,54.97
12807,control,2026-03-03,0,
12808,control,2026-03-10,0,
12809,treatment,2026-03-07,0,
12810,control,2026-03-11,1,78.41
12811,treatment,2026-03-04,1,61.02
12812,control,2026-03-12,0,
12813,control,2026-03-06,0,
12814,treatment,2026-03-13,0,
12815,treatment,2026-03-10,0,
12816,treatment,2026-03-01,0,
12817,treatment,2026-03-11,1,42.34
12818,treatment,2026-03-04,1,26.9
12819,control,2026-03-03,0,
12820,control,2026-03-14,1,31.21
12821,treatment,2026-03-04,0,
12822,control,2026-03-14,0,
12823,treatment,2026-03-02,1,57.69
12824,treatment,2026-03-06,0,
12825,treatment,2026-03-07,0,
12826,control,2026-03-01,0,
12827,control,2026-03-08,0,
12828,control,2026-03-02,1,38.91
12829,treatment,2026-03-02,0,
12830,control,2026-03-01,0,
12831,control,2026-03-14,0,
12832,treatment,2026-03-07,1,37.99
12833,treatment,2026-03-01,0,
12834,control,2026-03-13,1,41.27
12835,treatment,2026-03-07,0,
12836,control,2026-03-01,0,
12837,treatment,2026-03-08,1,36.19
12838,treatment,2026-03-04,0,
12839,control,2026-03-01,0,
12840,control,2026-03-02,0,
12841,treatment,2026-03-11,0,
12842,control,2026-03-08,0,
12843,control,2026-03-03,0,
12844,control,2026-03-07,1,18.88
12845,control,2026-03-09,1,58.67
12846,control,2026-03-09,0,
12847,control,2026-03-12,0,
12848,treatment,2026-03-13,0,
12849,control,2026-03-02,0,
12850,treatment,2026-03-06,1,58.41
12851,control,2026-03-03,1,48.85
12852,treatment,2026-03-08,0,
12853,treatment,2026-03-11,0,
12854,treatment,2026-03-12,1,41.62
12855,control,2026-03-10,0,
12856,control,2026-03-10,0,
12857,control,2026-03-14,0,
12858,control,2026-03-01,0,
12859,treatment,2026-03-14,0,
12860,control,2026-03-04,1,45.35
12861,control,2026-03-05,0,
12862,treatment,2026-03-07,1,27.19
12863,treatment,2026-03-09,0,
12864,control,2026-03-07,0,
12865,treatment,2026-03-03,0,
12866,treatment,2026-03-11,0,
12867,treatment,2026-03-09,0,
12868,treatment,2026-03-06,0,
12869,treatment,2026-03-04,0,
12870,control,2026-03-13,1,33.94
12871,control,2026-03-14,0,
12872,control,2026-03-04,0,
12873,treatment,2026-03-13,0,
12874,control,2026-03-12,0,
12875,control,2026-03-09,0,
12876,treatment,2026-03-07,0,
12877,control,2026-03-14,0,
12878,control,2026-03-10,0,
12879,control,2026-03-01,0,
12880,control,2026-03-03,0,
12881,treatment,2026-03-08,0,
12882,control,2026-03-04,0,
12883,control,2026-03-08,0,
12884,treatment,2026-03-07,0,
12885,control,2026-03-05,0,
12886,control,2026-03-01,0,
12887,control,2026-03-10,0,
12888,treatment,2026-03-09,1,55.05
12889,control,2026-03-01,0,
12890,control,2026-03-06,0,
12891,treatment,2026-03-07,0,
12892,control,2026-03-12,0,
12893,control,2026-03-06,0,
12894,treatment,2026-03-08,0,
12895,control,2026-03-10,0,
12896,control,2026-03-06,0,
12897,treatment,2026-03-06,0,
12898,control,2026-03-11,0,
12899,control,2026-03-10,0,
12900,control,2026-03-12,0,
12901,control,2026-03-03,0,
12902,control,2026-03-06,0,
12903,treatment,2026-03-02,0,
12904,control,2026-03-10,0,
12905,treatment,2026-03-13,0,
12906,treatment,2026-03-06,0,
12907,control,2026-03-09,0,
12908,treatment,2026-03-04,0,
12909,treatment,2026-03-03,0,
12910,control,2026-03-05,0,
12911,control,2026-03-11,1,24.57
12912,treatment,2026-03-03,0,
12913,control,2026-03-11,0,
12914,treatment,2026-03-14,0,
12915,control,2026-03-11,0,
12916,treatment,2026-03-02,0,
12917,control,2026-03-09,0,
12918,control,2026-03-07,0,
12919,treatment,2026-03-09,1,39.46
12920,control,2026-03-13,0,
12921,control,2026-03-07,0,
12922,control,2026-03-08,0,
12923,control,2026-03-09,0,
12924,treatment,2026-03-08,1,46.54
12925,treatment,2026-03-07,0,
12926,treatment,2026-03-04,0,
12927,treatment,2026-03-06,0,
12928,treatment,2026-03-13,1,33.83
12929,control,2026-03-04,0,
12930,control,2026-03-03,0,
12931,treatment,2026-03-14,0,
12932,control,2026-03-10,0,
12933,treatment,2026-03-09,0,
12934,control,2026-03-11,0,
12935,treatment,2026-03-03,0,
12936,control,2026-03-01,0,
12937,treatment,2026-03-12,0,
12938,treatment,2026-03-09,0,
12939,control,2026-03-09,0,
12940,treatment,2026-03-07,0,
12941,treatment,2026-03-13,0,
12942,treatment,2026-03-13,0,
12943,treatment,2026-03-05,0,
12944,treatment,2026-03-13,0,
12945,treatment,2026-03-12,0,
12946,treatment,2026-03-12,0,
12947,control,2026-03-12,0,
12948,treatment,2026-03-13,1,24.98
12949,treatment,2026-03-14,1,17.67
12950,control,2026-03-03,0,
12951,control,2026-03-14,0,
12952,control,2026-03-09,0,
12953,treatment,2026-03-10,0,
12954,control,2026-03-14,0,
12955,treatment,2026-03-10,0,
12956,treatment,2026-03-04,0,
12957,control,2026-03-12,0,
12958,control,2026-03-03,0,
12959,control,2026-03-05,0,
12960,treatment,2026-03-11,0,
12961,control,2026-03-05,0,
12962,treatment,2026-03-11,0,
12963,treatment,2026-03-02,0,
12964,treatment,2026-03-08,0,
12965,control,2026-03-13,0,
12966,control,2026-03-05,0,
12967,control,2026-03-13,0,
12968,control,2026-03-11,0,
12969,control,2026-03-09,0,
12970,control,2026-03-04,1,58.95
12971,control,2026-03-05,0,
12972,treatment,2026-03-01,1,27.8
12973,control,2026-03-09,0,
12974,control,2026-03-06,0,
12975,control,2026-03-02,0,
12976,treatment,2026-03-08,0,
12977,treatment,2026-03-07,0,
12978,treatment,2026-03-14,0,
12979,control,2026-03-09,0,
12980,treatment,2026-03-06,0,
12981,control,2026-03-01,0,
12982,treatment,2026-03-04,0,
12983,control,2026-03-03,0,
12984,treatment,2026-03-03,0,
12985,control,2026-03-04,0,
12986,treatment,2026-03-02,0,
12987,control,2026-03-07,0,
12988,treatment,2026-03-05,0,
12989,treatment,2026-03-12,1,40.47
12990,control,2026-03-10,0,
12991,control,2026-03-13,0,
12992,control,2026-03-12,1,71.63
12993,treatment,2026-03-11,1,41.23
12994,control,2026-03-03,0,
12995,treatment,2026-03-14,0,
12996,control,2026-03-02,0,
12997,treatment,2026-03-08,0,
12998,control,2026-03-05,0,
12999,treatment,2026-03-07,0,
13000,treatment,2026-03-07,0,
13001,control,2026-03-13,0,
13002,control,2026-03-03,1,39.4
13003,control,2026-03-06,1,31.44
13004,treatment,2026-03-12,0,
13005,control,2026-03-11,0,
13006,control,2026-03-06,0,
13007,treatment,2026-03-11,0,
13008,control,2026-03-11,0,
13009,treatment,2026-03-06,0,
13010,treatment,2026-03-04,0,
13011,control,2026-03-06,0,
13012,treatment,2026-03-13,0,
13013,control,2026-03-04,0,
13014,treatment,2026-03-07,0,
13015,treatment,2026-03-03,0,
13016,control,2026-03-13,0,
13017,treatment,2026-03-03,0,
13018,treatment,2026-03-13,0,
13019,control,2026-03-03,0,
13020,control,2026-03-02,1,73.37
13021,treatment,2026-03-03,0,
13022,treatment,2026-03-09,0,
13023,control,2026-03-03,0,
13024,treatment,2026-03-02,0,
13025,treatment,2026-03-07,1,30.44
13026,control,2026-03-02,1,61.06
13027,control,2026-03-11,0,
13028,treatment,2026-03-08,0,
13029,treatment,2026-03-06,0,
13030,treatment,2026-03-10,0,
13031,control,2026-03-13,1,37.16
13032,control,2026-03-10,0,
13033,treatment,2026-03-14,0,
13034,control,2026-03-05,1,48.74
13035,control,2026-03-11,0,
13036,treatment,2026-03-07,0,
13037,treatment,2026-03-04,1,61.76
13038,treatment,2026-03-07,0,
13039,control,2026-03-08,0,
13040,treatment,2026-03-10,1,73.27
13041,treatment,2026-03-09,0,
13042,control,2026-03-01,0,
13043,control,2026-03-14,0,
13044,control,2026-03-01,1,31.24
13045,treatment,2026-03-03,1,40.88
13046,control,2026-03-02,0,
13047,treatment,2026-03-03,1,18.55
13048,control,2026-03-12,0,
13049,control,2026-03-06,1,76.82
13050,treatment,2026-03-02,0,
13051,treatment,2026-03-02,1,34.98
13052,treatment,2026-03-02,0,
13053,control,2026-03-10,0,
13054,treatment,2026-03-12,0,
13055,control,2026-03-08,0,
13056,control,2026-03-04,0,
13057,control,2026-03-10,0,
13058,treatment,2026-03-14,0,
13059,treatment,2026-03-08,0,
13060,control,2026-03-11,0,
13061,control,2026-03-01,1,25.19
13062,treatment,2026-03-10,0,
13063,treatment,2026-03-05,0,
13064,treatment,2026-03-09,0,
13065,control,2026-03-07,0,
13066,treatment,2026-03-05,0,
13067,treatment,2026-03-11,0,
13068,control,2026-03-05,0,
13069,treatment,2026-03-06,0,
13070,treatment,2026-03-06,0,
13071,treatment,2026-03-11,0,
13072,control,2026-03-04,0,
13073,treatment,2026-03-02,0,
13074,control,2026-03-01,0,
13075,treatment,2026-03-02,0,
13076,control,2026-03-09,0,
13077,control,2026-03-04,1,41.58
13078,control,2026-03-11,0,
13079,control,2026-03-06,0,
13080,control,2026-03-06,0,
13081,treatment,2026-03-12,0,
13082,control,2026-03-10,0,
13083,treatment,2026-03-07,0,
13084,treatment,2026-03-12,0,
13085,treatment,2026-03-13,0,
13086,treatment,2026-03-03,0,
13087,treatment,2026-03-03,0,
13088,control,2026-03-12,0,
13089,treatment,2026-03-06,0,
13090,control,2026-03-07,0,
13091,treatment,2026-03-06,0,
13092,treatment,2026-03-11,0,
13093,treatment,2026-03-06,0,
13094,control,2026-03-06,0,
13095,treatment,2026-03-09,0,
13096,control,2026-03-06,1,53.1
13097,control,2026-03-11,0,
13098,control,2026-03-12,0,
13099,control,2026-03-03,0,
13100,control,2026-03-08,0,
13101,treatment,2026-03-05,1,19.93
13102,control,2026-03-14,0,
13103,treatment,2026-03-03,0,
13104,control,2026-03-06,0,
13105,treatment,2026-03-01,0,
13106,control,2026-03-01,0,
13107,treatment,2026-03-01,0,
13108,treatment,2026-03-10,0,
13109,control,2026-03-12,0,
13110,treatment,2026-03-03,0,
13111,treatment,2026-03-07,0,
13112,control,2026-03-14,0,
13113,treatment,2026-03-11,1,40.73
13114,treatment,2026-03-10,0,
13115,treatment,2026-03-13,0,
13116,treatment,2026-03-03,0,
13117,treatment,2026-03-03,0,
13118,treatment,2026-03-06,0,
13119,treatment,2026-03-06,0,
13120,control,2026-03-06,1,34.36
13121,treatment,2026-03-13,0,
13122,control,2026-03-03,1,37.76
13123,control,2026-03-01,0,
13124,treatment,2026-03-01,0,
13125,treatment,2026-03-09,0,
13126,control,2026-03-11,0,
13127,treatment,2026-03-05,0,
13128,treatment,2026-03-02,0,
13129,control,2026-03-02,0,
13130,control,2026-03-02,0,
13131,control,2026-03-03,0,
13132,treatment,2026-03-07,0,
13133,treatment,2026-03-07,0,
13134,treatment,2026-03-14,0,
13135,control,2026-03-05,0,
13136,control,2026-03-05,0,
13137,control,2026-03-14,1,37.61
13138,control,2026-03-07,0,
13139,control,2026-03-05,0,
13140,control,2026-03-08,0,
13141,treatment,2026-03-06,0,
13142,treatment,2026-03-06,0,
13143,control,2026-03-10,0,
13144,control,2026-03-05,1,34.32
13145,control,2026-03-04,0,
13146,treatment,2026-03-03,0,
13147,control,2026-03-12,0,
13148,control,2026-03-03,1,27.49
13149,treatment,2026-03-14,1,57.82
13150,control,2026-03-08,0,
13151,treatment,2026-03-04,0,
13152,control,2026-03-03,0,
13153,control,2026-03-12,0,
13154,control,2026-03-13,1,50.39
13155,treatment,2026-03-09,0,
13156,treatment,2026-03-02,1,40.0
13157,control,2026-03-10,0,
13158,control,2026-03-02,0,
13159,control,2026-03-14,0,
13160,control,2026-03-02,0,
13161,treatment,2026-03-01,0,
13162,treatment,2026-03-10,0,
13163,treatment,2026-03-03,0,
13164,treatment,2026-03-01,0,
13165,treatment,2026-03-08,1,58.06
13166,treatment,2026-03-05,0,
13167,treatment,2026-03-13,0,
13168,control,2026-03-08,0,
13169,treatment,2026-03-01,0,
13170,control,2026-03-04,1,82.48
13171,control,2026-03-02,0,
13172,treatment,2026-03-01,0,
13173,control,2026-03-07,0,
13174,control,2026-03-02,1,70.9
13175,control,2026-03-09,0,
13176,treatment,2026-03-02,0,
13177,treatment,2026-03-01,0,
13178,treatment,2026-03-04,0,
13179,treatment,2026-03-13,0,
13180,control,2026-03-09,0,
13181,treatment,2026-03-14,1,37.44
13182,treatment,2026-03-08,0,
13183,control,2026-03-10,1,88.99
13184,control,2026-03-11,0,
13185,treatment,2026-03-06,1,55.22
13186,treatment,2026-03-12,0,
13187,control,2026-03-11,0,
13188,control,2026-03-02,0,
13189,treatment,2026-03-12,0,
13190,control,2026-03-10,0,
13191,control,2026-03-04,0,
13192,control,2026-03-06,0,
13193,treatment,2026-03-07,0,
13194,treatment,2026-03-02,0,
13195,treatment,2026-03-03,0,
13196,control,2026-03-04,0,
13197,control,2026-03-04,1,48.76
13198,treatment,2026-03-02,0,
13199,treatment,2026-03-10,0,
13200,treatment,2026-03-03,0,
13201,control,2026-03-09,0,
13202,control,2026-03-09,1,38.57
13203,treatment,2026-03-13,0,
13204,treatment,2026-03-08,0,
13205,treatment,2026-03-06,0,
13206,control,2026-03-10,0,
13207,treatment,2026-03-03,0,
13208,treatment,2026-03-04,0,
13209,treatment,2026-03-06,0,
13210,control,2026-03-01,0,
13211,treatment,2026-03-12,0,
13212,treatment,2026-03-13,0,
13213,treatment,2026-03-01,0,
13214,control,2026-03-07,0,
13215,treatment,2026-03-09,0,
13216,control,2026-03-08,0,
13217,control,2026-03-06,0,
13218,control,2026-03-05,1,28.03
13219,control,2026-03-14,0,
13220,treatment,2026-03-03,0,
13221,control,2026-03-04,0,
13222,treatment,2026-03-06,0,
13223,treatment,2026-03-09,0,
13224,treatment,2026-03-13,0,
13225,control,2026-03-01,0,
13226,control,2026-03-05,0,
13227,control,2026-03-14,0,
13228,treatment,2026-03-12,1,32.14
13229,treatment,2026-03-10,0,
13230,control,2026-03-05,0,
13231,treatment,2026-03-09,0,
13232,control,2026-03-12,0,
13233,treatment,2026-03-14,1,25.95
13234,treatment,2026-03-01,1,59.82
13235,treatment,2026-03-11,1,26.57
13236,treatment,2026-03-08,0,
13237,control,2026-03-08,0,
13238,control,2026-03-09,0,
13239,treatment,2026-03-11,0,
13240,control,2026-03-08,0,
13241,control,2026-03-06,0,
13242,control,2026-03-09,0,
13243,control,2026-03-11,0,
13244,treatment,2026-03-14,0,
13245,treatment,2026-03-12,0,
13246,control,2026-03-08,0,
13247,treatment,2026-03-11,0,
13248,treatment,2026-03-06,0,
13249,treatment,2026-03-01,0,
13250,control,2026-03-08,0,
13251,treatment,2026-03-01,0,
13252,control,2026-03-14,0,
13253,treatment,2026-03-10,0,
13254,control,2026-03-03,0,
13255,treatment,2026-03-07,0,
13256,treatment,2026-03-05,0,
13257,treatment,2026-03-12,1,23.07
13258,treatment,2026-03-10,0,
13259,treatment,2026-03-10,0,
13260,control,2026-03-13,0,
13261,treatment,2026-03-07,0,
13262,treatment,2026-03-12,0,
13263,treatment,2026-03-07,0,
13264,control,2026-03-06,0,
13265,control,2026-03-01,1,36.69
13266,control,2026-03-04,0,
13267,control,2026-03-14,0,
13268,control,2026-03-10,0,
13269,treatment,2026-03-12,0,
13270,control,2026-03-11,0,
13271,treatment,2026-03-02,0,
13272,control,2026-03-08,0,
13273,control,2026-03-13,0,
13274,control,2026-03-09,1,62.99
13275,control,2026-03-13,0,
13276,control,2026-03-12,0,
13277,control,2026-03-01,0,
13278,treatment,2026-03-07,0,
13279,control,2026-03-09,0,
13280,control,2026-03-03,0,
13281,treatment,2026-03-13,0,
13282,treatment,2026-03-03,0,
13283,control,2026-03-05,0,
13284,control,2026-03-06,1,103.17
13285,control,2026-03-07,0,
13286,control,2026-03-14,0,
13287,control,2026-03-06,0,
13288,treatment,2026-03-14,1,74.64
13289,treatment,2026-03-06,0,
13290,control,2026-03-06,0,
13291,treatment,2026-03-04,1,69.1
13292,control,2026-03-12,0,
13293,treatment,2026-03-07,0,
13294,treatment,2026-03-06,0,
13295,treatment,2026-03-09,0,
13296,control,2026-03-06,0,
13297,treatment,2026-03-14,0,
13298,control,2026-03-04,0,
13299,control,2026-03-04,1,47.68
13300,control,2026-03-11,1,35.27
13301,control,2026-03-13,0,
13302,control,2026-03-04,0,
13303,control,2026-03-03,0,
13304,control,2026-03-01,0,
13305,treatment,2026-03-14,0,
13306,treatment,2026-03-11,0,
13307,control,2026-03-10,0,
13308,treatment,2026-03-06,1,61.38
13309,treatment,2026-03-08,1,53.3
13310,treatment,2026-03-05,0,
13311,treatment,2026-03-07,0,
13312,treatment,2026-03-11,0,
13313,control,2026-03-12,0,
13314,control,2026-03-13,0,
13315,treatment,2026-03-05,0,
13316,treatment,2026-03-13,0,
13317,treatment,2026-03-12,1,32.26
13318,control,2026-03-10,0,
13319,control,2026-03-07,0,
13320,control,2026-03-09,0,
13321,treatment,2026-03-13,1,69.81
13322,treatment,2026-03-02,0,
13323,treatment,2026-03-12,0,
13324,treatment,2026-03-08,0,
13325,treatment,2026-03-03,0,
13326,control,2026-03-14,0,
13327,control,2026-03-02,0,
13328,treatment,2026-03-14,0,
13329,control,2026-03-08,0,
13330,treatment,2026-03-06,0,
13331,control,2026-03-14,0,
13332,treatment,2026-03-04,0,
13333,control,2026-03-13,0,
13334,control,2026-03-10,0,
13335,treatment,2026-03-07,0,
13336,treatment,2026-03-06,0,
13337,control,2026-03-01,0,
13338,control,2026-03-14,0,
13339,control,2026-03-06,1,94.98
13340,control,2026-03-06,0,
13341,treatment,2026-03-07,0,
13342,control,2026-03-01,0,
13343,control,2026-03-03,0,
13344,treatment,2026-03-10,0,
13345,control,2026-03-13,0,
13346,treatment,2026-03-05,0,
13347,control,2026-03-12,0,
13348,control,2026-03-08,0,
13349,control,2026-03-14,1,35.82
13350,control,2026-03-08,0,
13351,treatment,2026-03-10,0,
13352,treatment,2026-03-07,1,34.83
13353,treatment,2026-03-13,0,
13354,treatment,2026-03-01,0,
13355,treatment,2026-03-08,0,
13356,treatment,2026-03-06,1,60.85
13357,control,2026-03-04,0,
13358,treatment,2026-03-11,0,
13359,control,2026-03-11,0,
13360,treatment,2026-03-14,1,48.39
13361,control,2026-03-02,0,
13362,treatment,2026-03-13,0,
13363,control,2026-03-07,0,
13364,treatment,2026-03-12,1,56.09
13365,treatment,2026-03-11,0,
13366,treatment,2026-03-10,0,
13367,treatment,2026-03-10,1,23.0
13368,control,2026-03-02,0,
13369,control,2026-03-10,0,
13370,treatment,2026-03-07,1,69.79
13371,treatment,2026-03-07,0,
13372,treatment,2026-03-06,0,
13373,control,2026-03-10,0,
13374,treatment,2026-03-05,0,
13375,treatment,2026-03-11,0,
13376,treatment,2026-03-05,0,
13377,treatment,2026-03-01,0,
13378,control,2026-03-14,0,
13379,treatment,2026-03-14,0,
13380,control,2026-03-01,1,50.74
13381,control,2026-03-13,0,
13382,treatment,2026-03-06,0,
13383,treatment,2026-03-05,0,
13384,control,2026-03-09,0,
13385,control,2026-03-03,0,
13386,control,2026-03-07,0,
13387,control,2026-03-05,0,
13388,treatment,2026-03-10,1,8.79
13389,treatment,2026-03-12,0,
13390,control,2026-03-01,0,
13391,treatment,2026-03-13,0,
13392,treatment,2026-03-07,0,
13393,treatment,2026-03-06,0,
13394,control,2026-03-04,0,
13395,treatment,2026-03-14,0,
13396,treatment,2026-03-09,0,
13397,control,2026-03-06,1,30.16
13398,treatment,2026-03-06,0,
13399,control,2026-03-09,0,
13400,treatment,2026-03-09,1,68.5
13401,control,2026-03-07,0,
13402,control,2026-03-07,0,
13403,control,2026-03-10,0,
13404,control,2026-03-06,0,
13405,treatment,2026-03-05,0,
13406,control,2026-03-01,0,
13407,treatment,2026-03-04,0,
13408,control,2026-03-13,0,
13409,control,2026-03-13,1,75.25
13410,treatment,2026-03-03,0,
13411,control,2026-03-04,0,
13412,treatment,2026-03-10,0,
13413,control,2026-03-02,0,
13414,treatment,2026-03-05,1,68.18
13415,control,2026-03-06,0,
13416,control,2026-03-03,0,
13417,treatment,2026-03-01,1,7.37
13418,control,2026-03-03,0,
13419,treatment,2026-03-13,1,57.9
13420,treatment,2026-03-07,0,
13421,control,2026-03-03,0,
13422,treatment,2026-03-13,0,
13423,control,2026-03-07,1,72.86
13424,control,2026-03-09,0,
13425,control,2026-03-12,0,
13426,control,2026-03-06,0,
13427,treatment,2026-03-02,0,
13428,control,2026-03-12,1,46.05
13429,control,2026-03-06,0,
13430,treatment,2026-03-12,0,
13431,control,2026-03-02,0,
13432,treatment,2026-03-01,0,
13433,treatment,2026-03-02,0,
13434,control,2026-03-12,0,
13435,control,2026-03-08,0,
13436,control,2026-03-02,0,
13437,treatment,2026-03-07,0,
13438,treatment,2026-03-14,0,
13439,control,2026-03-03,0,
13440,treatment,2026-03-07,0,
13441,control,2026-03-08,0,
13442,treatment,2026-03-08,0,
13443,control,2026-03-05,0,
13444,control,2026-03-10,0,
13445,treatment,2026-03-12,0,
13446,treatment,2026-03-01,1,42.51
13447,treatment,2026-03-03,0,
13448,treatment,2026-03-07,0,
13449,treatment,2026-03-01,0,
13450,treatment,2026-03-02,0,
13451,control,2026-03-04,0,
13452,treatment,2026-03-06,1,57.2
13453,control,2026-03-12,0,
13454,treatment,2026-03-11,1,42.6
13455,treatment,2026-03-12,1,74.07
13456,control,2026-03-02,0,
13457,treatment,2026-03-07,0,
13458,treatment,2026-03-07,0,
13459,control,2026-03-12,0,
13460,treatment,2026-03-07,1,23.39
13461,control,2026-03-09,1,46.64
13462,control,2026-03-14,0,
13463,treatment,2026-03-02,0,
13464,treatment,2026-03-05,0,
13465,treatment,2026-03-11,0,
13466,treatment,2026-03-02,0,
13467,treatment,2026-03-14,1,31.21
13468,control,2026-03-02,0,
13469,control,2026-03-02,1,56.67
13470,treatment,2026-03-09,0,
13471,treatment,2026-03-04,0,
13472,control,2026-03-08,0,
13473,treatment,2026-03-04,0,
13474,control,2026-03-04,0,
13475,treatment,2026-03-07,0,
13476,control,2026-03-10,0,
13477,control,2026-03-12,0,
13478,treatment,2026-03-05,0,
13479,treatment,2026-03-12,0,
13480,treatment,2026-03-09,0,
13481,control,2026-03-01,0,
13482,control,2026-03-13,0,
13483,treatment,2026-03-07,0,
13484,treatment,2026-03-11,0,
13485,treatment,2026-03-13,0,
13486,treatment,2026-03-02,0,
13487,treatment,2026-03-04,0,
13488,control,2026-03-05,0,
13489,control,2026-03-09,0,
13490,treatment,2026-03-06,0,
13491,control,2026-03-10,0,
13492,control,2026-03-06,0,
13493,control,2026-03-03,0,
13494,control,2026-03-14,0,
13495,control,2026-03-07,0,
13496,control,2026-03-13,0,
13497,control,2026-03-01,0,
13498,treatment,2026-03-11,0,
13499,control,2026-03-01,0,
13500,control,2026-03-07,0,
13501,control,2026-03-09,0,
13502,treatment,2026-03-11,0,
13503,treatment,2026-03-10,0,
13504,treatment,2026-03-01,0,
13505,control,2026-03-04,0,
13506,treatment,2026-03-03,1,37.56
13507,treatment,2026-03-07,0,
13508,control,2026-03-09,0,
13509,treatment,2026-03-06,0,
13510,treatment,2026-03-01,0,
13511,treatment,2026-03-01,0,
13512,treatment,2026-03-01,1,102.54
13513,treatment,2026-03-08,0,
13514,control,2026-03-08,0,
13515,control,2026-03-04,0,
13516,treatment,2026-03-06,0,
13517,control,2026-03-03,0,
13518,control,2026-03-11,0,
13519,treatment,2026-03-11,0,
13520,treatment,2026-03-08,1,30.63
13521,control,2026-03-05,1,57.13
13522,control,2026-03-05,0,
13523,control,2026-03-10,0,
13524,control,2026-03-11,0,
13525,treatment,2026-03-04,0,
13526,control,2026-03-13,0,
13527,treatment,2026-03-10,1,37.37
13528,treatment,2026-03-08,0,
13529,treatment,2026-03-09,0,
13530,treatment,2026-03-03,1,49.99
13531,control,2026-03-14,0,
13532,control,2026-03-08,0,
13533,treatment,2026-03-03,0,
13534,treatment,2026-03-04,0,
13535,control,2026-03-11,0,
13536,treatment,2026-03-04,0,
13537,control,2026-03-10,0,
13538,control,2026-03-10,0,
13539,treatment,2026-03-09,0,
13540,control,2026-03-03,0,
13541,control,2026-03-04,0,
13542,treatment,2026-03-06,0,
13543,control,2026-03-13,0,
13544,control,2026-03-02,0,
13545,control,2026-03-13,1,57.28
13546,treatment,2026-03-09,0,
13547,control,2026-03-10,0,
13548,control,2026-03-01,0,
13549,control,2026-03-12,0,
13550,treatment,2026-03-11,1,74.06
13551,treatment,2026-03-06,0,
13552,treatment,2026-03-09,0,
13553,control,2026-03-02,0,
13554,treatment,2026-03-08,0,
13555,treatment,2026-03-12,0,
13556,control,2026-03-05,0,
13557,control,2026-03-05,0,
13558,treatment,2026-03-02,0,
13559,control,2026-03-01,0,
13560,treatment,2026-03-10,0,
13561,treatment,2026-03-14,0,
13562,treatment,2026-03-08,0,
13563,treatment,2026-03-07,0,
13564,control,2026-03-10,1,52.92
13565,control,2026-03-12,0,
13566,control,2026-03-08,0,
13567,treatment,2026-03-03,0,
13568,treatment,2026-03-06,0,
13569,treatment,2026-03-08,1,27.53
13570,control,2026-03-14,0,
13571,control,2026-03-09,0,
13572,control,2026-03-13,0,
13573,control,2026-03-08,0,
13574,control,2026-03-06,0,
13575,control,2026-03-05,0,
13576,control,2026-03-03,0,
13577,control,2026-03-14,0,
13578,control,2026-03-04,0,
13579,treatment,2026-03-12,1,32.04
13580,treatment,2026-03-11,0,
13581,control,2026-03-02,0,
13582,treatment,2026-03-04,0,
13583,control,2026-03-13,0,
13584,treatment,2026-03-07,1,22.29
13585,treatment,2026-03-06,1,37.45
13586,treatment,2026-03-09,0,
13587,control,2026-03-12,1,32.95
13588,control,2026-03-10,0,
13589,treatment,2026-03-07,0,
13590,treatment,2026-03-03,0,
13591,control,2026-03-13,1,23.08
13592,treatment,2026-03-14,0,
13593,control,2026-03-03,0,
13594,treatment,2026-03-05,0,
13595,control,2026-03-01,0,
13596,control,2026-03-09,0,
13597,control,2026-03-10,0,
13598,control,2026-03-02,0,
13599,treatment,2026-03-12,0,
13600,control,2026-03-09,1,31.35
13601,control,2026-03-14,1,21.67
13602,treatment,2026-03-09,0,
13603,treatment,2026-03-01,0,
13604,treatment,2026-03-03,0,
13605,treatment,2026-03-08,0,
13606,control,2026-03-04,0,
13607,control,2026-03-03,0,
13608,treatment,2026-03-07,1,28.47
13609,treatment,2026-03-12,0,
13610,control,2026-03-09,0,
13611,treatment,2026-03-03,0,
13612,control,2026-03-05,0,
13613,treatment,2026-03-02,0,
13614,control,2026-03-01,0,
13615,treatment,2026-03-09,0,
13616,control,2026-03-02,1,26.97
13617,treatment,2026-03-08,0,
13618,control,2026-03-14,0,
13619,control,2026-03-08,1,66.11
13620,treatment,2026-03-05,1,43.56
13621,control,2026-03-14,0,
13622,treatment,2026-03-14,0,
13623,treatment,2026-03-04,0,
13624,control,2026-03-02,0,
13625,control,2026-03-14,0,
13626,treatment,2026-03-10,0,
13627,treatment,2026-03-08,0,
13628,control,2026-03-06,0,
13629,control,2026-03-12,0,
13630,treatment,2026-03-02,0,
13631,control,2026-03-06,0,
13632,control,2026-03-12,0,
13633,control,2026-03-04,0,
13634,treatment,2026-03-14,0,
13635,treatment,2026-03-12,0,
13636,treatment,2026-03-11,0,
13637,treatment,2026-03-09,0,
13638,control,2026-03-09,0,
13639,treatment,2026-03-09,0,
13640,treatment,2026-03-14,0,
13641,treatment,2026-03-09,0,
13642,treatment,2026-03-14,0,
13643,treatment,2026-03-07,1,32.24
13644,control,2026-03-13,1,41.62
13645,treatment,2026-03-13,0,
13646,control,2026-03-13,0,
13647,treatment,2026-03-10,0,
13648,control,2026-03-12,0,
13649,control,2026-03-11,0,
13650,control,2026-03-07,0,
13651,control,2026-03-12,0,
13652,control,2026-03-12,0,
13653,treatment,2026-03-06,1,42.15
13654,treatment,2026-03-07,0,
13655,treatment,2026-03-12,0,
13656,treatment,2026-03-02,0,
13657,treatment,2026-03-09,0,
13658,control,2026-03-12,0,
13659,control,2026-03-08,0,
13660,control,2026-03-02,1,36.51
13661,treatment,2026-03-04,0,
13662,treatment,2026-03-09,0,
13663,treatment,2026-03-12,0,
13664,control,2026-03-10,0,
13665,control,2026-03-10,0,
13666,control,2026-03-13,1,64.23
13667,control,2026-03-02,0,
13668,control,2026-03-10,0,
13669,control,2026-03-09,0,
13670,control,2026-03-11,0,
13671,treatment,2026-03-06,0,
13672,control,2026-03-03,1,41.83
13673,treatment,2026-03-11,0,
13674,treatment,2026-03-05,0,
13675,control,2026-03-14,0,
13676,control,2026-03-04,0,
13677,control,2026-03-05,0,
13678,control,2026-03-09,0,
13679,control,2026-03-05,0,
13680,treatment,2026-03-13,0,
13681,treatment,2026-03-06,1,37.61
13682,control,2026-03-12,0,
13683,control,2026-03-10,0,
13684,control,2026-03-11,1,31.06
13685,treatment,2026-03-08,0,
13686,treatment,2026-03-08,0,
13687,control,2026-03-04,0,
13688,treatment,2026-03-09,0,
13689,treatment,2026-03-14,0,
13690,treatment,2026-03-04,0,
13691,control,2026-03-04,0,
13692,treatment,2026-03-08,0,
13693,treatment,2026-03-03,1,44.11
13694,treatment,2026-03-08,0,
13695,treatment,2026-03-06,0,
13696,control,2026-03-04,0,
13697,treatment,2026-03-14,0,
13698,treatment,2026-03-10,1,32.4
13699,control,2026-03-05,1,66.07
13700,treatment,2026-03-04,0,
13701,control,2026-03-03,0,
13702,control,2026-03-11,0,
13703,treatment,2026-03-10,1,38.34
13704,treatment,2026-03-14,0,
13705,control,2026-03-11,1,66.27
13706,treatment,2026-03-08,0,
13707,treatment,2026-03-07,0,
13708,control,2026-03-11,0,
13709,control,2026-03-10,0,
13710,control,2026-03-01,0,
13711,treatment,2026-03-09,0,
13712,control,2026-03-01,1,55.17
13713,control,2026-03-14,0,
13714,control,2026-03-05,0,
13715,treatment,2026-03-06,0,
13716,control,2026-03-08,0,
13717,treatment,2026-03-14,0,
13718,control,2026-03-09,0,
13719,control,2026-03-09,1,87.92
13720,treatment,2026-03-06,0,
13721,treatment,2026-03-01,0,
13722,treatment,2026-03-05,0,
13723,treatment,2026-03-05,0,
13724,control,2026-03-13,0,
13725,treatment,2026-03-14,1,42.82
13726,control,2026-03-04,0,
13727,treatment,2026-03-14,0,
13728,control,2026-03-01,0,
13729,control,2026-03-06,1,67.06
13730,control,2026-03-11,0,
13731,control,2026-03-09,0,
13732,control,2026-03-07,0,
13733,treatment,2026-03-02,1,39.58
13734,treatment,2026-03-03,1,52.79
13735,control,2026-03-05,0,
13736,treatment,2026-03-04,0,
13737,treatment,2026-03-01,1,30.03
13738,treatment,2026-03-04,0,
13739,treatment,2026-03-01,0,
13740,treatment,2026-03-12,0,
13741,treatment,2026-03-11,0,
13742,control,2026-03-08,0,
13743,control,2026-03-08,0,
13744,treatment,2026-03-11,0,
13745,control,2026-03-08,0,
13746,control,2026-03-11,0,
13747,treatment,2026-03-07,1,54.07
13748,control,2026-03-14,0,
13749,control,2026-03-03,0,
13750,treatment,2026-03-06,1,37.47
13751,treatment,2026-03-04,0,
13752,treatment,2026-03-12,0,
13753,control,2026-03-03,0,
13754,control,2026-03-10,0,
13755,treatment,2026-03-14,0,
13756,treatment,2026-03-05,0,
13757,control,2026-03-12,0,
13758,control,2026-03-02,0,
13759,treatment,2026-03-10,0,
13760,control,2026-03-12,0,
13761,treatment,2026-03-02,0,
13762,control,2026-03-08,0,
13763,treatment,2026-03-01,0,
13764,treatment,2026-03-02,0,
13765,treatment,2026-03-06,1,59.45
13766,control,2026-03-02,0,
13767,control,2026-03-13,1,60.85
13768,control,2026-03-09,0,
13769,control,2026-03-03,0,
13770,treatment,2026-03-03,0,
13771,treatment,2026-03-09,0,
13772,treatment,2026-03-13,0,
13773,treatment,2026-03-02,0,
13774,control,2026-03-08,0,
13775,treatment,2026-03-14,0,
13776,treatment,2026-03-14,0,
13777,treatment,2026-03-09,0,
13778,control,2026-03-09,1,34.83
13779,control,2026-03-09,0,
13780,control,2026-03-07,0,
13781,treatment,2026-03-01,0,
13782,control,2026-03-12,0,
13783,control,2026-03-08,0,
13784,control,2026-03-10,0,
13785,control,2026-03-13,0,
13786,control,2026-03-02,0,
13787,control,2026-03-03,0,
13788,treatment,2026-03-01,0,
13789,control,2026-03-13,0,
13790,treatment,2026-03-08,0,
13791,treatment,2026-03-12,0,
13792,control,2026-03-05,0,
13793,treatment,2026-03-12,1,103.59
13794,treatment,2026-03-04,0,
13795,treatment,2026-03-11,0,
13796,treatment,2026-03-14,1,26.18
13797,treatment,2026-03-06,0,
13798,control,2026-03-01,0,
13799,control,2026-03-07,0,
13800,control,2026-03-09,1,49.95
13801,treatment,2026-03-08,1,55.15
13802,treatment,2026-03-01,0,
13803,treatment,2026-03-01,0,
13804,treatment,2026-03-13,0,
13805,treatment,2026-03-11,0,
13806,treatment,2026-03-11,0,
13807,treatment,2026-03-13,0,
13808,control,2026-03-07,0,
13809,control,2026-03-07,0,
13810,treatment,2026-03-06,0,
13811,treatment,2026-03-14,0,
13812,control,2026-03-14,0,
13813,control,2026-03-02,0,
13814,treatment,2026-03-14,0,
13815,control,2026-03-14,0,
13816,control,2026-03-02,0,
13817,treatment,2026-03-14,0,
13818,treatment,2026-03-03,0,
13819,treatment,2026-03-05,0,
13820,treatment,2026-03-13,0,
13821,control,2026-03-01,0,
13822,treatment,2026-03-08,0,
13823,control,2026-03-13,0,
13824,treatment,2026-03-10,0,
13825,control,2026-03-12,1,51.66
13826,control,2026-03-13,0,
13827,control,2026-03-12,0,
13828,control,2026-03-06,0,
13829,treatment,2026-03-09,0,
13830,treatment,2026-03-06,0,
13831,treatment,2026-03-10,1,31.85
13832,treatment,2026-03-04,0,
13833,control,2026-03-14,0,
13834,treatment,2026-03-07,1,43.43
13835,treatment,2026-03-08,0,
13836,treatment,2026-03-04,0,
13837,treatment,2026-03-01,0,
13838,treatment,2026-03-07,0,
13839,treatment,2026-03-03,0,
13840,control,2026-03-07,0,
13841,treatment,2026-03-06,0,
13842,control,2026-03-03,0,
13843,treatment,2026-03-11,0,
13844,control,2026-03-14,0,
13845,control,2026-03-11,0,
13846,control,2026-03-13,0,
13847,control,2026-03-06,1,35.86
13848,control,2026-03-05,1,21.05
13849,control,2026-03-06,0,
13850,treatment,2026-03-12,0,
13851,control,2026-03-05,1,87.67
13852,treatment,2026-03-04,0,
13853,treatment,2026-03-01,0,
13854,treatment,2026-03-04,0,
13855,control,2026-03-13,1,74.06
13856,control,2026-03-10,0,
13857,control,2026-03-13,0,
13858,treatment,2026-03-09,0,
13859,control,2026-03-11,0,
13860,control,2026-03-08,0,
13861,control,2026-03-09,0,
13862,treatment,2026-03-10,0,
13863,treatment,2026-03-05,0,
13864,control,2026-03-02,1,37.41
13865,treatment,2026-03-02,0,
13866,control,2026-03-03,0,
13867,treatment,2026-03-02,0,
13868,control,2026-03-12,0,
13869,treatment,2026-03-02,0,
13870,treatment,2026-03-11,0,
13871,control,2026-03-09,0,
13872,treatment,2026-03-14,0,
13873,control,2026-03-09,0,
13874,control,2026-03-07,0,
13875,treatment,2026-03-07,0,
13876,control,2026-03-02,0,
13877,treatment,2026-03-04,0,
13878,treatment,2026-03-09,0,
13879,control,2026-03-11,0,
13880,control,2026-03-01,0,
13881,control,2026-03-11,0,
13882,treatment,2026-03-08,0,
13883,control,2026-03-10,0,
13884,treatment,2026-03-10,0,
13885,control,2026-03-07,0,
13886,treatment,2026-03-07,1,25.37
13887,treatment,2026-03-13,0,
13888,treatment,2026-03-07,0,
13889,treatment,2026-03-12,0,
13890,control,2026-03-02,0,
13891,treatment,2026-03-05,0,
13892,treatment,2026-03-09,0,
13893,control,2026-03-07,0,
13894,control,2026-03-07,0,
13895,control,2026-03-12,0,
13896,control,2026-03-03,0,
13897,control,2026-03-03,0,
13898,control,2026-03-12,0,
13899,treatment,2026-03-14,0,
13900,control,2026-03-05,1,65.72
13901,treatment,2026-03-03,0,
13902,treatment,2026-03-02,0,
13903,control,2026-03-06,0,
13904,control,2026-03-01,0,
13905,treatment,2026-03-02,0,
13906,treatment,2026-03-09,0,
13907,control,2026-03-05,0,
13908,control,2026-03-02,0,
13909,control,2026-03-13,0,
13910,treatment,2026-03-02,0,
13911,control,2026-03-01,0,
13912,treatment,2026-03-13,0,
13913,treatment,2026-03-09,1,26.52
13914,treatment,2026-03-12,0,
13915,control,2026-03-07,0,
13916,control,2026-03-12,0,
13917,control,2026-03-06,0,
13918,treatment,2026-03-01,0,
13919,treatment,2026-03-08,1,38.1
13920,control,2026-03-01,0,
13921,control,2026-03-04,0,
13922,control,2026-03-14,0,
13923,treatment,2026-03-08,0,
13924,control,2026-03-07,0,
13925,treatment,2026-03-03,0,
13926,control,2026-03-14,0,
13927,treatment,2026-03-04,0,
13928,control,2026-03-13,1,48.71
13929,control,2026-03-13,0,
13930,treatment,2026-03-02,1,20.89
13931,treatment,2026-03-05,0,
13932,control,2026-03-02,0,
13933,treatment,2026-03-02,0,
13934,treatment,2026-03-12,0,
13935,control,2026-03-02,0,
13936,treatment,2026-03-04,0,
13937,control,2026-03-03,0,
13938,treatment,2026-03-06,0,
13939,treatment,2026-03-12,0,
13940,treatment,2026-03-04,0,
13941,treatment,2026-03-03,0,
13942,treatment,2026-03-11,0,
13943,treatment,2026-03-04,1,75.15
13944,control,2026-03-03,0,
13945,treatment,2026-03-11,0,
13946,treatment,2026-03-11,0,
13947,control,2026-03-14,1,44.86
13948,control,2026-03-04,0,
13949,control,2026-03-08,0,
13950,treatment,2026-03-13,0,
13951,treatment,2026-03-04,0,
13952,control,2026-03-10,0,
13953,control,2026-03-03,1,38.19
13954,control,2026-03-02,1,60.36
13955,treatment,2026-03-11,0,
13956,control,2026-03-02,1,36.52
13957,control,2026-03-01,0,
13958,control,2026-03-04,0,
13959,control,2026-03-02,0,
13960,control,2026-03-14,1,43.98
13961,control,2026-03-14,0,
13962,control,2026-03-08,0,
13963,control,2026-03-01,0,
13964,treatment,2026-03-02,0,
13965,treatment,2026-03-12,0,
13966,control,2026-03-14,0,
13967,treatment,2026-03-07,0,
13968,control,2026-03-09,0,
13969,control,2026-03-12,0,
13970,control,2026-03-14,0,
13971,control,2026-03-02,0,
13972,treatment,2026-03-04,0,
13973,control,2026-03-08,1,23.55
13974,treatment,2026-03-02,0,
13975,control,2026-03-07,0,
13976,treatment,2026-03-12,0,
13977,treatment,2026-03-10,0,
13978,control,2026-03-13,0,
13979,treatment,2026-03-05,0,
13980,control,2026-03-09,1,65.53
13981,control,2026-03-09,0,
13982,control,2026-03-05,0,
13983,control,2026-03-11,0,
13984,control,2026-03-07,0,
13985,treatment,2026-03-04,0,
13986,control,2026-03-14,0,
13987,control,2026-03-01,0,
13988,treatment,2026-03-06,0,
13989,treatment,2026-03-01,0,
13990,control,2026-03-14,0,
13991,control,2026-03-11,0,
13992,control,2026-03-05,0,
13993,control,2026-03-06,1,19.17
13994,control,2026-03-01,0,
13995,control,2026-03-14,0,
13996,treatment,2026-03-06,0,
13997,control,2026-03-04,0,
13998,control,2026-03-02,0,
13999,control,2026-03-01,1,68.65
14000,treatment,2026-03-03,0,
14001,control,2026-03-12,0,
14002,treatment,2026-03-03,0,
14003,control,2026-03-09,0,
14004,treatment,2026-03-08,0,
14005,treatment,2026-03-01,0,
14006,control,2026-03-01,0,
14007,treatment,2026-03-09,0,
14008,control,2026-03-13,0,
14009,treatment,2026-03-10,0,
14010,control,2026-03-02,0,
14011,treatment,2026-03-14,0,
14012,control,2026-03-13,0,
14013,control,2026-03-12,0,
14014,treatment,2026-03-03,0,
14015,control,2026-03-10,0,
14016,treatment,2026-03-10,0,
14017,treatment,2026-03-04,0,
14018,treatment,2026-03-03,0,
14019,control,2026-03-13,0,
14020,treatment,2026-03-02,0,
14021,treatment,2026-03-12,0,
14022,treatment,2026-03-13,0,
14023,treatment,2026-03-14,0,
14024,control,2026-03-01,0,
14025,treatment,2026-03-12,0,
14026,treatment,2026-03-07,0,
14027,treatment,2026-03-03,0,
14028,control,2026-03-14,0,
14029,control,2026-03-12,1,29.31
14030,control,2026-03-13,0,
14031,treatment,2026-03-09,0,
14032,treatment,2026-03-07,0,
14033,control,2026-03-12,0,
14034,treatment,2026-03-06,0,
14035,treatment,2026-03-08,0,
14036,control,2026-03-03,0,
14037,control,2026-03-02,1,48.15
14038,control,2026-03-14,0,
14039,treatment,2026-03-09,0,
14040,control,2026-03-06,0,
14041,control,2026-03-02,0,
14042,treatment,2026-03-09,0,
14043,treatment,2026-03-02,0,
14044,treatment,2026-03-03,1,49.76
14045,treatment,2026-03-10,1,29.73
14046,control,2026-03-10,0,
14047,control,2026-03-01,0,
14048,control,2026-03-06,0,
14049,control,2026-03-02,0,
14050,treatment,2026-03-12,0,
14051,treatment,2026-03-05,0,
14052,treatment,2026-03-01,0,
14053,treatment,2026-03-09,0,
14054,control,2026-03-11,0,
14055,control,2026-03-01,0,
14056,treatment,2026-03-04,1,28.74
14057,treatment,2026-03-06,0,
14058,treatment,2026-03-07,0,
14059,control,2026-03-10,0,
14060,treatment,2026-03-11,0,
14061,treatment,2026-03-06,1,27.08
14062,treatment,2026-03-14,0,
14063,control,2026-03-05,0,
14064,control,2026-03-01,0,
14065,treatment,2026-03-09,1,20.61
14066,treatment,2026-03-08,0,
14067,control,2026-03-05,0,
14068,control,2026-03-13,0,
14069,treatment,2026-03-14,0,
14070,control,2026-03-13,0,
14071,treatment,2026-03-06,0,
14072,treatment,2026-03-14,1,65.67
14073,treatment,2026-03-10,0,
14074,control,2026-03-11,0,
14075,control,2026-03-04,0,
14076,treatment,2026-03-09,1,47.48
14077,control,2026-03-13,0,
14078,treatment,2026-03-08,1,68.41
14079,control,2026-03-08,1,54.23
14080,control,2026-03-07,0,
14081,treatment,2026-03-12,0,
14082,treatment,2026-03-08,1,40.03
14083,treatment,2026-03-04,0,
14084,control,2026-03-12,0,
14085,control,2026-03-14,0,
14086,treatment,2026-03-02,0,
14087,control,2026-03-14,0,
14088,control,2026-03-08,0,
14089,control,2026-03-05,0,
14090,treatment,2026-03-02,1,57.57
14091,treatment,2026-03-07,0,
14092,treatment,2026-03-09,0,
14093,treatment,2026-03-01,0,
14094,control,2026-03-07,0,
14095,treatment,2026-03-14,0,
14096,treatment,2026-03-13,1,11.56
14097,treatment,2026-03-11,0,
14098,treatment,2026-03-12,0,
14099,treatment,2026-03-04,0,
14100,control,2026-03-09,0,
14101,treatment,2026-03-07,1,95.24
14102,control,2026-03-04,0,
14103,treatment,2026-03-05,0,
14104,control,2026-03-12,0,
14105,treatment,2026-03-04,0,
14106,control,2026-03-07,0,
14107,control,2026-03-04,1,46.13
14108,treatment,2026-03-01,0,
14109,treatment,2026-03-07,0,
14110,treatment,2026-03-04,0,
14111,treatment,2026-03-13,0,
14112,treatment,2026-03-14,1,24.62
14113,treatment,2026-03-14,0,
14114,treatment,2026-03-09,1,89.7
14115,treatment,2026-03-05,0,
14116,control,2026-03-08,0,
14117,control,2026-03-07,0,
14118,control,2026-03-09,0,
14119,treatment,2026-03-10,0,
14120,control,2026-03-09,0,
14121,control,2026-03-13,0,
14122,control,2026-03-03,0,
14123,control,2026-03-11,1,55.22
14124,treatment,2026-03-11,1,33.9
14125,treatment,2026-03-01,0,
14126,control,2026-03-01,0,
14127,treatment,2026-03-06,0,
14128,treatment,2026-03-03,0,
14129,control,2026-03-06,0,
14130,control,2026-03-10,0,
14131,treatment,2026-03-07,0,
14132,control,2026-03-02,0,
14133,treatment,2026-03-10,1,31.84
14134,treatment,2026-03-09,0,
14135,treatment,2026-03-03,0,
14136,treatment,2026-03-09,0,
14137,treatment,2026-03-02,0,
14138,control,2026-03-09,1,46.68
14139,treatment,2026-03-06,0,
14140,treatment,2026-03-06,0,
14141,control,2026-03-13,0,
14142,treatment,2026-03-09,1,42.94
14143,treatment,2026-03-04,0,
14144,control,2026-03-01,0,
14145,control,2026-03-02,1,32.25
14146,treatment,2026-03-06,0,
14147,control,2026-03-08,0,
14148,control,2026-03-14,0,
14149,control,2026-03-02,0,
14150,treatment,2026-03-03,0,
14151,treatment,2026-03-02,0,
14152,treatment,2026-03-13,0,
14153,control,2026-03-02,0,
14154,control,2026-03-10,0,
14155,control,2026-03-08,0,
14156,treatment,2026-03-01,0,
14157,treatment,2026-03-03,0,
14158,treatment,2026-03-10,1,44.43
14159,control,2026-03-08,0,
14160,control,2026-03-10,0,
14161,treatment,2026-03-07,0,
14162,treatment,2026-03-14,1,43.64
14163,treatment,2026-03-07,0,
14164,control,2026-03-10,0,
14165,treatment,2026-03-01,0,
14166,treatment,2026-03-11,0,
14167,control,2026-03-01,0,
14168,treatment,2026-03-03,1,24.31
14169,control,2026-03-02,0,
14170,control,2026-03-07,1,54.24
14171,control,2026-03-13,0,
14172,control,2026-03-14,0,
14173,control,2026-03-11,0,
14174,control,2026-03-10,0,
14175,control,2026-03-08,0,
14176,control,2026-03-14,0,
14177,treatment,2026-03-05,0,
14178,control,2026-03-04,0,
14179,control,2026-03-06,1,35.91
14180,control,2026-03-09,0,
14181,treatment,2026-03-03,0,
14182,treatment,2026-03-10,0,
14183,control,2026-03-07,0,
14184,control,2026-03-14,0,
14185,control,2026-03-09,1,47.25
14186,treatment,2026-03-02,1,27.18
14187,treatment,2026-03-14,1,51.27
14188,treatment,2026-03-09,1,78.77
14189,control,2026-03-01,1,16.46
14190,control,2026-03-02,1,22.73
14191,control,2026-03-02,0,
14192,control,2026-03-11,1,78.33
14193,control,2026-03-03,0,
14194,control,2026-03-08,0,
14195,control,2026-03-06,0,
14196,control,2026-03-06,1,33.33
14197,control,2026-03-06,0,
14198,control,2026-03-09,0,
14199,control,2026-03-05,0,
14200,control,2026-03-03,1,77.3
14201,control,2026-03-10,0,
14202,control,2026-03-10,0,
14203,treatment,2026-03-03,0,
14204,treatment,2026-03-02,0,
14205,control,2026-03-02,0,
14206,treatment,2026-03-01,0,
14207,treatment,2026-03-03,0,
14208,treatment,2026-03-07,1,25.66
14209,treatment,2026-03-02,1,24.86
14210,treatment,2026-03-10,1,41.17
14211,treatment,2026-03-10,0,
14212,treatment,2026-03-13,0,
14213,control,2026-03-04,1,56.32
14214,control,2026-03-02,0,
14215,treatment,2026-03-04,0,
14216,treatment,2026-03-05,0,
14217,treatment,2026-03-09,0,
14218,control,2026-03-04,0,
14219,control,2026-03-13,1,37.89
14220,treatment,2026-03-01,0,
14221,control,2026-03-13,1,52.77
14222,treatment,2026-03-03,0,
14223,control,2026-03-11,0,
14224,control,2026-03-05,0,
14225,control,2026-03-08,0,
14226,treatment,2026-03-12,0,
14227,treatment,2026-03-12,0,
14228,treatment,2026-03-02,0,
14229,control,2026-03-06,0,
14230,treatment,2026-03-14,0,
14231,control,2026-03-13,0,
14232,control,2026-03-03,0,
14233,treatment,2026-03-09,0,
14234,control,2026-03-02,1,80.29
14235,treatment,2026-03-12,1,81.41
14236,control,2026-03-05,0,
14237,treatment,2026-03-12,0,
14238,control,2026-03-02,0,
14239,treatment,2026-03-12,0,
14240,treatment,2026-03-14,1,18.75
14241,control,2026-03-10,0,
14242,treatment,2026-03-14,0,
14243,treatment,2026-03-11,0,
14244,treatment,2026-03-11,0,
14245,control,2026-03-13,1,76.9
14246,control,2026-03-01,0,
14247,control,2026-03-03,0,
14248,control,2026-03-01,0,
14249,treatment,2026-03-05,0,
14250,control,2026-03-09,0,
14251,control,2026-03-08,0,
14252,control,2026-03-10,0,
14253,treatment,2026-03-01,0,
14254,treatment,2026-03-01,0,
14255,treatment,2026-03-12,0,
14256,treatment,2026-03-02,1,57.26
14257,control,2026-03-07,0,
14258,treatment,2026-03-08,0,
14259,treatment,2026-03-05,0,
14260,treatment,2026-03-08,0,
14261,control,2026-03-08,1,71.96
14262,treatment,2026-03-11,0,
14263,control,2026-03-14,1,35.64
14264,treatment,2026-03-08,0,
14265,treatment,2026-03-08,0,
14266,treatment,2026-03-05,0,
14267,treatment,2026-03-10,0,
14268,control,2026-03-05,0,
14269,treatment,2026-03-02,0,
14270,treatment,2026-03-11,0,
14271,treatment,2026-03-01,0,
14272,control,2026-03-02,0,
14273,control,2026-03-04,0,
14274,treatment,2026-03-03,0,
14275,treatment,2026-03-14,0,
14276,treatment,2026-03-05,0,
14277,control,2026-03-01,1,35.42
14278,treatment,2026-03-08,0,
14279,control,2026-03-10,0,
14280,control,2026-03-09,0,
14281,control,2026-03-02,0,
14282,treatment,2026-03-12,0,
14283,control,2026-03-02,0,
14284,treatment,2026-03-13,0,
14285,treatment,2026-03-03,0,
14286,treatment,2026-03-02,0,
14287,treatment,2026-03-02,0,
14288,treatment,2026-03-02,0,
14289,treatment,2026-03-05,1,46.71
14290,control,2026-03-04,0,
14291,treatment,2026-03-14,0,
14292,control,2026-03-08,0,
14293,control,2026-03-08,0,
14294,control,2026-03-04,0,
14295,control,2026-03-13,0,
14296,treatment,2026-03-09,0,
14297,treatment,2026-03-02,0,
14298,treatment,2026-03-10,0,
14299,control,2026-03-06,0,
14300,control,2026-03-01,0,
14301,control,2026-03-08,0,
14302,treatment,2026-03-14,0,
14303,treatment,2026-03-13,0,
14304,control,2026-03-01,0,
14305,treatment,2026-03-04,1,41.52
14306,treatment,2026-03-07,1,18.36
14307,treatment,2026-03-09,0,
14308,treatment,2026-03-02,0,
14309,treatment,2026-03-12,0,
14310,control,2026-03-04,0,
14311,control,2026-03-14,0,
14312,treatment,2026-03-12,0,
14313,control,2026-03-02,1,19.42
14314,treatment,2026-03-01,0,
14315,treatment,2026-03-10,0,
14316,control,2026-03-04,0,
14317,control,2026-03-06,0,
14318,treatment,2026-03-09,0,
14319,treatment,2026-03-03,0,
14320,control,2026-03-13,0,
14321,treatment,2026-03-07,0,
14322,control,2026-03-07,0,
14323,treatment,2026-03-13,1,20.74
14324,control,2026-03-03,0,
14325,treatment,2026-03-04,1,30.77
14326,treatment,2026-03-11,0,
14327,control,2026-03-09,0,
14328,treatment,2026-03-11,0,
14329,treatment,2026-03-13,0,
14330,treatment,2026-03-05,0,
14331,treatment,2026-03-13,0,
14332,control,2026-03-11,0,
14333,treatment,2026-03-03,0,
14334,treatment,2026-03-02,0,
14335,control,2026-03-10,0,
14336,control,2026-03-03,0,
14337,control,2026-03-12,0,
14338,treatment,2026-03-12,1,52.52
14339,treatment,2026-03-13,0,
14340,treatment,2026-03-03,0,
14341,treatment,2026-03-03,0,
14342,control,2026-03-05,0,
14343,control,2026-03-08,0,
14344,control,2026-03-03,1,59.96
14345,treatment,2026-03-11,0,
14346,treatment,2026-03-12,0,
14347,treatment,2026-03-07,0,
14348,control,2026-03-03,1,65.47
14349,control,2026-03-01,0,
14350,control,2026-03-01,0,
14351,treatment,2026-03-05,0,
14352,control,2026-03-08,0,
14353,control,2026-03-09,0,
14354,treatment,2026-03-14,0,
14355,control,2026-03-07,1,45.9
14356,treatment,2026-03-08,1,17.73
14357,control,2026-03-14,0,
14358,treatment,2026-03-08,0,
14359,treatment,2026-03-14,0,
14360,control,2026-03-09,0,
14361,treatment,2026-03-06,0,
14362,treatment,2026-03-07,0,
14363,treatment,2026-03-08,0,
14364,treatment,2026-03-07,0,
14365,control,2026-03-08,1,56.35
14366,control,2026-03-11,0,
14367,control,2026-03-12,0,
14368,treatment,2026-03-08,0,
14369,control,2026-03-09,0,
14370,control,2026-03-08,0,
14371,treatment,2026-03-12,1,93.71
14372,treatment,2026-03-10,0,
14373,control,2026-03-06,0,
14374,control,2026-03-13,0,
14375,control,2026-03-08,0,
14376,treatment,2026-03-14,0,
14377,treatment,2026-03-11,0,
14378,control,2026-03-03,0,
14379,treatment,2026-03-09,1,29.05
14380,control,2026-03-11,0,
14381,control,2026-03-12,0,
14382,control,2026-03-13,0,
14383,control,2026-03-13,0,
14384,control,2026-03-03,0,
14385,control,2026-03-13,0,
14386,treatment,2026-03-11,1,51.06
14387,treatment,2026-03-06,0,
14388,treatment,2026-03-05,0,
14389,control,2026-03-14,0,
14390,control,2026-03-03,0,
14391,control,2026-03-14,0,
14392,treatment,2026-03-11,0,
14393,control,2026-03-04,0,
14394,control,2026-03-04,0,
14395,treatment,2026-03-02,0,
14396,treatment,2026-03-02,0,
14397,treatment,2026-03-01,0,
14398,treatment,2026-03-03,0,
14399,treatment,2026-03-13,0,
14400,treatment,2026-03-11,1,35.86
14401,control,2026-03-13,0,
14402,treatment,2026-03-06,1,10.82
14403,control,2026-03-12,0,
14404,treatment,2026-03-12,0,
14405,control,2026-03-08,0,
14406,control,2026-03-08,0,
14407,control,2026-03-03,0,
14408,control,2026-03-09,0,
14409,treatment,2026-03-14,0,
14410,treatment,2026-03-05,0,
14411,treatment,2026-03-06,0,
14412,control,2026-03-04,0,
14413,treatment,2026-03-02,0,
14414,control,2026-03-07,0,
14415,control,2026-03-13,0,
14416,treatment,2026-03-13,0,
14417,control,2026-03-03,1,50.11
14418,control,2026-03-02,0,
14419,treatment,2026-03-10,1,69.17
14420,control,2026-03-04,0,
14421,control,2026-03-03,0,
14422,treatment,2026-03-10,0,
14423,treatment,2026-03-03,0,
14424,treatment,2026-03-01,0,
14425,treatment,2026-03-10,0,
14426,control,2026-03-08,1,52.3
14427,control,2026-03-01,0,
14428,control,2026-03-01,0,
14429,treatment,2026-03-11,0,
14430,treatment,2026-03-04,1,39.01
14431,control,2026-03-03,0,
14432,treatment,2026-03-03,0,
14433,control,2026-03-04,1,22.1
14434,control,2026-03-06,0,
14435,control,2026-03-01,0,
14436,treatment,2026-03-09,0,
14437,treatment,2026-03-02,0,
14438,control,2026-03-02,0,
14439,control,2026-03-09,0,
14440,control,2026-03-08,0,
14441,treatment,2026-03-02,0,
14442,control,2026-03-10,0,
14443,treatment,2026-03-02,0,
14444,treatment,2026-03-07,0,
14445,control,2026-03-03,0,
14446,control,2026-03-07,0,
14447,treatment,2026-03-03,0,
14448,control,2026-03-10,0,
14449,treatment,2026-03-03,1,88.71
14450,control,2026-03-10,0,
14451,control,2026-03-09,0,
14452,control,2026-03-13,1,46.31
14453,treatment,2026-03-02,1,59.07
14454,control,2026-03-01,1,42.4
14455,treatment,2026-03-08,0,
14456,treatment,2026-03-02,0,
14457,control,2026-03-02,0,
14458,control,2026-03-07,0,
14459,control,2026-03-10,0,
14460,treatment,2026-03-03,0,
14461,control,2026-03-14,0,
14462,control,2026-03-13,0,
14463,treatment,2026-03-12,0,
14464,control,2026-03-11,0,
14465,treatment,2026-03-12,1,40.23
14466,treatment,2026-03-12,0,
14467,control,2026-03-09,0,
14468,treatment,2026-03-04,1,58.21
14469,treatment,2026-03-04,0,
14470,control,2026-03-01,1,35.9
14471,treatment,2026-03-02,0,
14472,treatment,2026-03-09,0,
14473,control,2026-03-08,0,
14474,control,2026-03-07,0,
14475,treatment,2026-03-02,0,
14476,treatment,2026-03-01,0,
14477,control,2026-03-14,0,
14478,treatment,2026-03-08,0,
14479,control,2026-03-12,0,
14480,control,2026-03-07,0,
14481,treatment,2026-03-14,0,
14482,treatment,2026-03-09,0,
14483,treatment,2026-03-07,0,
14484,control,2026-03-14,0,
14485,treatment,2026-03-11,0,
14486,control,2026-03-09,1,33.8
14487,treatment,2026-03-02,0,
14488,control,2026-03-01,0,
14489,treatment,2026-03-06,0,
14490,control,2026-03-09,0,
14491,control,2026-03-01,0,
14492,control,2026-03-11,1,63.62
14493,control,2026-03-06,0,
14494,control,2026-03-01,0,
14495,control,2026-03-09,0,
14496,control,2026-03-11,0,
14497,treatment,2026-03-04,0,
14498,treatment,2026-03-03,0,
14499,treatment,2026-03-09,0,
14500,control,2026-03-02,0,
14501,control,2026-03-01,0,
14502,treatment,2026-03-01,1,57.53
14503,control,2026-03-14,0,
14504,treatment,2026-03-03,0,
14505,control,2026-03-08,0,
14506,treatment,2026-03-07,0,
14507,control,2026-03-06,0,
14508,treatment,2026-03-08,0,
14509,treatment,2026-03-01,0,
14510,control,2026-03-01,0,
14511,treatment,2026-03-12,0,
14512,control,2026-03-08,0,
14513,treatment,2026-03-06,1,8.84
14514,control,2026-03-05,0,
14515,control,2026-03-04,0,
14516,treatment,2026-03-06,0,
14517,control,2026-03-09,0,
14518,treatment,2026-03-07,0,
14519,treatment,2026-03-10,0,
14520,control,2026-03-05,0,
14521,treatment,2026-03-06,1,18.31
14522,control,2026-03-03,0,
14523,control,2026-03-11,0,
14524,treatment,2026-03-03,0,
14525,control,2026-03-08,1,44.37
14526,control,2026-03-04,0,
14527,control,2026-03-13,0,
14528,treatment,2026-03-14,0,
14529,control,2026-03-11,1,38.08
14530,control,2026-03-10,1,34.05
14531,treatment,2026-03-01,1,75.72
14532,treatment,2026-03-13,0,
14533,treatment,2026-03-12,0,
14534,treatment,2026-03-01,0,
14535,treatment,2026-03-08,0,
14536,treatment,2026-03-01,1,56.87
14537,control,2026-03-05,0,
14538,treatment,2026-03-12,0,
14539,treatment,2026-03-06,0,
14540,control,2026-03-05,0,
14541,treatment,2026-03-07,0,
14542,treatment,2026-03-09,1,28.31
14543,treatment,2026-03-11,1,72.42
14544,treatment,2026-03-10,0,
14545,treatment,2026-03-09,0,
14546,control,2026-03-03,0,
14547,treatment,2026-03-14,0,
14548,control,2026-03-09,0,
14549,treatment,2026-03-14,0,
14550,control,2026-03-05,0,
14551,treatment,2026-03-06,0,
14552,control,2026-03-03,0,
14553,control,2026-03-05,0,
14554,treatment,2026-03-11,0,
14555,treatment,2026-03-12,0,
14556,control,2026-03-13,0,
14557,treatment,2026-03-13,0,
14558,treatment,2026-03-03,1,52.29
14559,treatment,2026-03-05,0,
14560,control,2026-03-03,0,
14561,treatment,2026-03-14,0,
14562,treatment,2026-03-05,1,68.8
14563,treatment,2026-03-04,1,44.15
14564,treatment,2026-03-12,1,21.01
14565,control,2026-03-02,0,
14566,treatment,2026-03-11,0,
14567,control,2026-03-14,0,
14568,control,2026-03-13,0,
14569,treatment,2026-03-03,0,
14570,control,2026-03-12,0,
14571,treatment,2026-03-04,0,
14572,control,2026-03-13,1,68.04
14573,treatment,2026-03-05,0,
14574,treatment,2026-03-01,0,
14575,treatment,2026-03-02,0,
14576,treatment,2026-03-01,0,
14577,treatment,2026-03-11,0,
14578,control,2026-03-02,0,
14579,treatment,2026-03-08,0,
14580,treatment,2026-03-07,1,28.48
14581,treatment,2026-03-02,0,
14582,treatment,2026-03-03,0,
14583,treatment,2026-03-12,0,
14584,control,2026-03-08,0,
14585,treatment,2026-03-07,0,
14586,control,2026-03-04,0,
14587,treatment,2026-03-13,0,
14588,control,2026-03-13,0,
14589,treatment,2026-03-04,0,
14590,treatment,2026-03-01,0,
14591,treatment,2026-03-06,0,
14592,treatment,2026-03-09,0,
14593,control,2026-03-06,0,
14594,treatment,2026-03-11,1,93.96
14595,control,2026-03-13,0,
14596,control,2026-03-10,0,
14597,control,2026-03-02,0,
14598,control,2026-03-03,0,
14599,treatment,2026-03-05,0,
14600,control,2026-03-14,0,
14601,treatment,2026-03-04,0,
14602,treatment,2026-03-02,1,26.62
14603,treatment,2026-03-06,0,
14604,treatment,2026-03-09,0,
14605,control,2026-03-03,0,
14606,treatment,2026-03-02,1,32.13
14607,control,2026-03-03,0,
14608,control,2026-03-04,0,
14609,control,2026-03-14,0,
14610,control,2026-03-09,0,
14611,treatment,2026-03-02,1,130.55
14612,treatment,2026-03-01,0,
14613,treatment,2026-03-04,0,
14614,control,2026-03-06,1,59.81
14615,treatment,2026-03-03,0,
14616,treatment,2026-03-04,1,51.89
14617,control,2026-03-02,0,
14618,treatment,2026-03-03,0,
14619,treatment,2026-03-03,0,
14620,control,2026-03-07,0,
14621,treatment,2026-03-03,0,
14622,treatment,2026-03-01,0,
14623,control,2026-03-14,0,
14624,control,2026-03-12,0,
14625,control,2026-03-01,0,
14626,treatment,2026-03-08,1,55.2
14627,control,2026-03-05,1,86.44
14628,control,2026-03-11,1,18.48
14629,treatment,2026-03-04,0,
14630,treatment,2026-03-07,0,
14631,treatment,2026-03-05,0,
14632,control,2026-03-13,0,
14633,control,2026-03-09,0,
14634,control,2026-03-02,0,
14635,control,2026-03-14,1,49.95
14636,treatment,2026-03-08,1,55.24
14637,control,2026-03-07,0,
14638,treatment,2026-03-06,1,33.85
14639,treatment,2026-03-13,0,
14640,control,2026-03-10,0,
14641,treatment,2026-03-05,0,
14642,treatment,2026-03-04,0,
14643,control,2026-03-05,0,
14644,control,2026-03-10,0,
14645,control,2026-03-06,0,
14646,treatment,2026-03-02,1,30.62
14647,control,2026-03-05,0,
14648,control,2026-03-02,0,
14649,treatment,2026-03-09,1,30.08
14650,control,2026-03-04,0,
14651,treatment,2026-03-08,0,
14652,control,2026-03-06,0,
14653,control,2026-03-04,1,42.79
14654,control,2026-03-03,0,
14655,treatment,2026-03-02,0,
14656,treatment,2026-03-02,1,29.78
14657,treatment,2026-03-04,0,
14658,control,2026-03-12,0,
14659,treatment,2026-03-10,0,
14660,control,2026-03-11,0,
14661,control,2026-03-03,0,
14662,treatment,2026-03-04,0,
14663,treatment,2026-03-13,0,
14664,treatment,2026-03-10,0,
14665,control,2026-03-05,0,
14666,control,2026-03-02,0,
14667,treatment,2026-03-13,0,
14668,treatment,2026-03-03,0,
14669,control,2026-03-05,0,
14670,treatment,2026-03-14,0,
14671,control,2026-03-11,0,
14672,treatment,2026-03-11,1,26.8
14673,treatment,2026-03-11,0,
14674,treatment,2026-03-13,0,
14675,treatment,2026-03-11,1,28.8
14676,control,2026-03-10,0,
14677,treatment,2026-03-01,0,
14678,treatment,2026-03-13,1,41.52
14679,treatment,2026-03-13,0,
14680,treatment,2026-03-10,0,
14681,control,2026-03-14,0,
14682,treatment,2026-03-05,1,27.39
14683,treatment,2026-03-13,0,
14684,treatment,2026-03-03,0,
14685,treatment,2026-03-13,0,
14686,treatment,2026-03-04,0,
14687,control,2026-03-14,1,78.22
14688,control,2026-03-12,0,
14689,control,2026-03-07,0,
14690,treatment,2026-03-13,1,79.5
14691,control,2026-03-04,0,
14692,treatment,2026-03-04,0,
14693,control,2026-03-14,0,
14694,control,2026-03-10,0,
14695,treatment,2026-03-09,0,
14696,control,2026-03-09,1,59.98
14697,treatment,2026-03-03,0,
14698,treatment,2026-03-06,0,
14699,control,2026-03-09,0,
14700,control,2026-03-11,0,
14701,control,2026-03-11,0,
14702,control,2026-03-14,0,
14703,control,2026-03-02,0,
14704,treatment,2026-03-06,1,58.75
14705,treatment,2026-03-05,1,19.21
14706,control,2026-03-01,0,
14707,control,2026-03-11,0,
14708,control,2026-03-08,1,33.51
14709,treatment,2026-03-02,1,50.89
14710,control,2026-03-06,0,
14711,treatment,2026-03-06,0,
14712,treatment,2026-03-10,0,
14713,control,2026-03-06,0,
14714,treatment,2026-03-13,1,130.17
14715,control,2026-03-08,0,
14716,control,2026-03-09,0,
14717,treatment,2026-03-13,0,
14718,treatment,2026-03-03,0,
14719,control,2026-03-05,0,
14720,control,2026-03-02,0,
14721,treatment,2026-03-10,0,
14722,control,2026-03-11,0,
14723,control,2026-03-09,0,
14724,treatment,2026-03-02,1,66.67
14725,treatment,2026-03-13,0,
14726,treatment,2026-03-12,0,
14727,treatment,2026-03-07,0,
14728,control,2026-03-12,0,
14729,control,2026-03-08,1,45.26
14730,treatment,2026-03-05,0,
14731,treatment,2026-03-01,1,103.51
14732,control,2026-03-13,0,
14733,treatment,2026-03-12,0,
14734,control,2026-03-02,0,
14735,control,2026-03-07,0,
14736,control,2026-03-11,0,
14737,control,2026-03-03,0,
14738,treatment,2026-03-14,0,
14739,control,2026-03-02,0,
14740,control,2026-03-12,0,
14741,control,2026-03-09,0,
14742,treatment,2026-03-07,0,
14743,treatment,2026-03-07,0,
14744,control,2026-03-09,0,
14745,treatment,2026-03-14,1,28.07
14746,treatment,2026-03-06,0,
14747,treatment,2026-03-05,0,
14748,control,2026-03-14,0,
14749,treatment,2026-03-03,0,
14750,control,2026-03-12,0,
14751,control,2026-03-14,1,56.02
14752,treatment,2026-03-11,0,
14753,treatment,2026-03-12,0,
14754,treatment,2026-03-09,1,37.99
14755,treatment,2026-03-01,0,
14756,control,2026-03-02,0,
14757,treatment,2026-03-10,0,
14758,control,2026-03-11,0,
14759,treatment,2026-03-01,0,
14760,treatment,2026-03-02,0,
14761,control,2026-03-08,0,
14762,treatment,2026-03-12,0,
14763,treatment,2026-03-04,0,
14764,treatment,2026-03-02,0,
14765,control,2026-03-10,0,
14766,treatment,2026-03-05,0,
14767,control,2026-03-10,0,
14768,control,2026-03-01,0,
14769,treatment,2026-03-14,0,
14770,control,2026-03-10,0,
14771,control,2026-03-11,0,
14772,control,2026-03-04,0,
14773,treatment,2026-03-08,0,
14774,treatment,2026-03-12,0,
14775,control,2026-03-11,0,
14776,control,2026-03-11,0,
14777,treatment,2026-03-11,0,
14778,treatment,2026-03-08,0,
14779,control,2026-03-14,0,
14780,control,2026-03-14,0,
14781,treatment,2026-03-06,1,56.62
14782,control,2026-03-08,0,
14783,control,2026-03-02,0,
14784,treatment,2026-03-05,1,58.86
14785,treatment,2026-03-01,0,
14786,treatment,2026-03-03,0,
14787,control,2026-03-09,0,
14788,treatment,2026-03-06,0,
14789,treatment,2026-03-04,0,
14790,treatment,2026-03-11,0,
14791,treatment,2026-03-03,0,
14792,control,2026-03-09,0,
14793,control,2026-03-04,0,
14794,treatment,2026-03-09,0,
14795,control,2026-03-01,0,
14796,control,2026-03-14,0,
14797,control,2026-03-06,0,
14798,control,2026-03-10,0,
14799,treatment,2026-03-12,0,
14800,treatment,2026-03-05,0,
14801,treatment,2026-03-04,1,45.34
14802,treatment,2026-03-13,0,
14803,control,2026-03-01,0,
14804,treatment,2026-03-12,0,
14805,control,2026-03-03,0,
14806,control,2026-03-02,0,
14807,treatment,2026-03-09,0,
14808,control,2026-03-12,0,
14809,control,2026-03-08,1,21.69
14810,control,2026-03-01,0,
14811,treatment,2026-03-09,0,
14812,control,2026-03-03,0,
14813,control,2026-03-01,0,
14814,treatment,2026-03-09,0,
14815,treatment,2026-03-04,0,
14816,treatment,2026-03-05,1,88.86
14817,treatment,2026-03-11,0,
14818,treatment,2026-03-13,1,30.71
14819,control,2026-03-05,0,
14820,control,2026-03-08,0,
14821,treatment,2026-03-09,0,
14822,control,2026-03-10,0,
14823,treatment,2026-03-06,0,
14824,control,2026-03-01,0,
14825,treatment,2026-03-05,0,
14826,control,2026-03-09,0,
14827,treatment,2026-03-11,0,
14828,control,2026-03-09,0,
14829,treatment,2026-03-05,1,20.88
14830,treatment,2026-03-08,0,
14831,treatment,2026-03-14,0,
14832,treatment,2026-03-04,0,
14833,treatment,2026-03-04,0,
14834,treatment,2026-03-05,0,
14835,control,2026-03-03,0,
14836,treatment,2026-03-01,0,
14837,control,2026-03-01,0,
14838,control,2026-03-02,0,
14839,control,2026-03-09,0,
14840,treatment,2026-03-06,0,
14841,control,2026-03-02,0,
14842,control,2026-03-11,0,
14843,control,2026-03-06,1,33.73
14844,control,2026-03-14,1,32.06
14845,control,2026-03-10,0,
14846,control,2026-03-09,1,36.45
14847,control,2026-03-01,0,
14848,treatment,2026-03-10,0,
14849,control,2026-03-07,1,40.07
14850,treatment,2026-03-05,0,
14851,treatment,2026-03-09,0,
14852,control,2026-03-09,0,
14853,control,2026-03-02,0,
14854,treatment,2026-03-13,0,
14855,control,2026-03-03,0,
14856,control,2026-03-03,0,
14857,treatment,2026-03-03,0,
14858,control,2026-03-09,0,
14859,treatment,2026-03-14,0,
14860,treatment,2026-03-14,0,
14861,control,2026-03-07,0,
14862,treatment,2026-03-02,0,
14863,treatment,2026-03-12,0,
14864,control,2026-03-10,0,
14865,treatment,2026-03-07,0,
14866,treatment,2026-03-09,0,
14867,treatment,2026-03-03,0,
14868,treatment,2026-03-04,0,
14869,treatment,2026-03-10,0,
14870,control,2026-03-08,0,
14871,treatment,2026-03-02,0,
14872,control,2026-03-04,0,
14873,control,2026-03-11,0,
14874,treatment,2026-03-06,0,
14875,treatment,2026-03-02,0,
14876,control,2026-03-08,0,
14877,control,2026-03-01,1,44.41
14878,treatment,2026-03-08,0,
14879,control,2026-03-11,0,
14880,control,2026-03-02,1,27.54
14881,treatment,2026-03-09,0,
14882,treatment,2026-03-03,0,
14883,treatment,2026-03-11,0,
14884,control,2026-03-09,0,
14885,treatment,2026-03-03,0,
14886,control,2026-03-04,0,
14887,control,2026-03-02,1,26.53
14888,treatment,2026-03-08,0,
14889,control,2026-03-11,0,
14890,treatment,2026-03-02,0,
14891,control,2026-03-13,0,
14892,control,2026-03-14,0,
14893,treatment,2026-03-13,1,47.14
14894,treatment,2026-03-05,1,36.19
14895,control,2026-03-04,0,
14896,treatment,2026-03-13,1,27.84
14897,treatment,2026-03-08,0,
14898,control,2026-03-06,0,
14899,treatment,2026-03-11,0,
14900,treatment,2026-03-14,1,44.57
14901,control,2026-03-02,0,
14902,treatment,2026-03-11,0,
14903,treatment,2026-03-14,0,
14904,treatment,2026-03-07,0,
14905,control,2026-03-06,0,
14906,control,2026-03-05,0,
14907,treatment,2026-03-02,0,
14908,control,2026-03-12,1,52.44
14909,treatment,2026-03-14,0,
14910,control,2026-03-05,0,
14911,treatment,2026-03-03,0,
14912,treatment,2026-03-08,0,
14913,treatment,2026-03-07,0,
14914,treatment,2026-03-14,0,
14915,treatment,2026-03-07,1,70.43
14916,treatment,2026-03-09,0,
14917,treatment,2026-03-14,0,
14918,control,2026-03-14,0,
14919,control,2026-03-13,0,
14920,control,2026-03-05,0,
14921,treatment,2026-03-07,0,
14922,control,2026-03-05,1,65.89
14923,treatment,2026-03-03,1,60.81
14924,control,2026-03-03,0,
14925,control,2026-03-03,0,
14926,control,2026-03-06,0,
14927,control,2026-03-08,0,
14928,control,2026-03-05,0,
14929,control,2026-03-08,0,
14930,treatment,2026-03-07,1,39.45
14931,control,2026-03-14,0,
14932,control,2026-03-13,0,
14933,treatment,2026-03-02,0,
14934,treatment,2026-03-13,0,
14935,treatment,2026-03-02,0,
14936,control,2026-03-06,0,
14937,control,2026-03-14,0,
14938,treatment,2026-03-05,0,
14939,treatment,2026-03-11,0,
14940,treatment,2026-03-05,0,
14941,treatment,2026-03-05,0,
14942,control,2026-03-03,0,
14943,control,2026-03-12,0,
14944,control,2026-03-06,0,
14945,treatment,2026-03-13,0,
14946,treatment,2026-03-02,0,
14947,treatment,2026-03-10,0,
14948,treatment,2026-03-03,0,
14949,control,2026-03-13,0,
14950,control,2026-03-07,0,
14951,control,2026-03-08,0,
14952,treatment,2026-03-08,1,23.74
14953,treatment,2026-03-14,1,35.96
14954,treatment,2026-03-06,0,
14955,treatment,2026-03-11,0,
14956,control,2026-03-13,1,92.37
14957,control,2026-03-02,0,
14958,treatment,2026-03-01,0,
14959,treatment,2026-03-12,0,
14960,control,2026-03-04,0,
14961,treatment,2026-03-12,0,
14962,control,2026-03-10,0,
14963,treatment,2026-03-10,0,
14964,treatment,2026-03-02,0,
14965,control,2026-03-01,0,
14966,control,2026-03-08,1,29.52
14967,control,2026-03-04,0,
14968,treatment,2026-03-08,0,
14969,treatment,2026-03-04,0,
14970,control,2026-03-07,0,
14971,treatment,2026-03-11,0,
14972,control,2026-03-04,0,
14973,control,2026-03-08,0,
14974,control,2026-03-08,0,
14975,treatment,2026-03-13,0,
14976,control,2026-03-11,0,
14977,treatment,2026-03-01,1,61.05
14978,control,2026-03-03,0,
14979,control,2026-03-09,1,29.26
14980,treatment,2026-03-13,0,
14981,treatment,2026-03-11,0,
14982,control,2026-03-03,0,
14983,control,2026-03-02,0,
14984,treatment,2026-03-08,0,
14985,control,2026-03-13,1,36.64
14986,control,2026-03-11,1,73.09
14987,treatment,2026-03-01,0,
14988,treatment,2026-03-13,0,
14989,control,2026-03-08,0,
14990,treatment,2026-03-04,0,
14991,treatment,2026-03-04,0,
14992,control,2026-03-01,1,22.12
14993,treatment,2026-03-13,0,
14994,control,2026-03-03,0,
14995,control,2026-03-03,0,
14996,treatment,2026-03-13,0,
14997,treatment,2026-03-14,0,
14998,treatment,2026-03-05,0,
14999,control,2026-03-13,0,
15000,control,2026-03-10,0,
15001,control,2026-03-12,1,88.1
15002,control,2026-03-02,0,
15003,treatment,2026-03-04,0,
15004,control,2026-03-14,0,
15005,treatment,2026-03-05,1,80.3
15006,treatment,2026-03-04,1,49.06
15007,control,2026-03-13,0,
15008,control,2026-03-14,0,
15009,control,2026-03-07,1,63.59
15010,control,2026-03-08,0,
15011,treatment,2026-03-03,1,65.32
15012,treatment,2026-03-13,0,
15013,control,2026-03-05,1,59.49
15014,control,2026-03-02,0,
15015,treatment,2026-03-09,0,
15016,control,2026-03-05,0,
15017,control,2026-03-05,0,
15018,control,2026-03-01,1,67.67
15019,treatment,2026-03-01,0,
15020,treatment,2026-03-08,1,35.93
15021,control,2026-03-05,0,
15022,control,2026-03-14,0,
15023,treatment,2026-03-06,0,
15024,control,2026-03-08,1,24.44
15025,treatment,2026-03-13,0,
15026,control,2026-03-14,0,
15027,treatment,2026-03-12,0,
15028,treatment,2026-03-12,0,
15029,treatment,2026-03-06,0,
15030,control,2026-03-14,0,
15031,control,2026-03-07,0,
15032,control,2026-03-03,0,
15033,treatment,2026-03-05,1,66.46
15034,control,2026-03-03,0,
15035,control,2026-03-12,0,
15036,treatment,2026-03-14,0,
15037,control,2026-03-01,0,
15038,control,2026-03-01,0,
15039,treatment,2026-03-06,0,
15040,treatment,2026-03-14,0,
15041,control,2026-03-01,0,
15042,treatment,2026-03-02,0,
15043,control,2026-03-08,0,
15044,control,2026-03-01,0,
15045,control,2026-03-10,0,
15046,control,2026-03-04,1,37.33
15047,treatment,2026-03-07,1,84.59
15048,control,2026-03-13,0,
15049,control,2026-03-09,1,64.61
15050,control,2026-03-12,0,
15051,treatment,2026-03-13,0,
15052,control,2026-03-05,0,
15053,treatment,2026-03-08,0,
15054,treatment,2026-03-10,0,
15055,control,2026-03-01,1,56.12
15056,control,2026-03-03,1,53.24
15057,control,2026-03-04,0,
15058,treatment,2026-03-01,0,
15059,treatment,2026-03-07,1,32.93
15060,control,2026-03-04,1,56.25
15061,control,2026-03-05,0,
15062,control,2026-03-04,1,58.28
15063,treatment,2026-03-02,0,
15064,treatment,2026-03-12,0,
15065,control,2026-03-10,0,
15066,control,2026-03-02,0,
15067,treatment,2026-03-03,0,
15068,treatment,2026-03-13,0,
15069,treatment,2026-03-07,0,
15070,treatment,2026-03-02,0,
15071,treatment,2026-03-05,0,
15072,control,2026-03-08,0,
15073,control,2026-03-11,0,
15074,treatment,2026-03-01,0,
15075,treatment,2026-03-01,0,
15076,control,2026-03-10,0,
15077,control,2026-03-08,0,
15078,treatment,2026-03-11,0,
15079,treatment,2026-03-04,1,54.67
15080,control,2026-03-03,1,24.38
15081,treatment,2026-03-01,0,
15082,treatment,2026-03-09,0,
15083,control,2026-03-10,0,
15084,treatment,2026-03-07,0,
15085,control,2026-03-04,0,
15086,control,2026-03-11,0,
15087,control,2026-03-04,0,
15088,treatment,2026-03-04,0,
15089,control,2026-03-02,0,
15090,control,2026-03-07,0,
15091,control,2026-03-12,0,
15092,control,2026-03-10,0,
15093,treatment,2026-03-13,0,
15094,control,2026-03-01,0,
15095,control,2026-03-13,0,
15096,control,2026-03-01,0,
15097,control,2026-03-09,0,
15098,control,2026-03-09,0,
15099,control,2026-03-12,0,
15100,control,2026-03-05,1,26.21
15101,control,2026-03-08,0,
15102,control,2026-03-11,0,
15103,control,2026-03-13,0,
15104,treatment,2026-03-08,0,
15105,control,2026-03-07,0,
15106,treatment,2026-03-08,0,
15107,control,2026-03-03,0,
15108,control,2026-03-13,1,54.26
15109,control,2026-03-04,0,
15110,treatment,2026-03-07,0,
15111,treatment,2026-03-03,0,
15112,control,2026-03-02,0,
15113,treatment,2026-03-11,0,
15114,control,2026-03-11,0,
15115,treatment,2026-03-01,0,
15116,control,2026-03-08,0,
15117,treatment,2026-03-07,0,
15118,treatment,2026-03-10,0,
15119,treatment,2026-03-11,0,
15120,control,2026-03-13,0,
15121,control,2026-03-09,0,
15122,control,2026-03-11,0,
15123,treatment,2026-03-10,0,
15124,control,2026-03-02,0,
15125,control,2026-03-14,0,
15126,control,2026-03-05,0,
15127,control,2026-03-09,0,
15128,treatment,2026-03-07,0,
15129,control,2026-03-03,1,42.93
15130,treatment,2026-03-10,0,
15131,control,2026-03-06,0,
15132,control,2026-03-08,1,38.43
15133,treatment,2026-03-11,0,
15134,treatment,2026-03-10,0,
15135,control,2026-03-03,1,88.62
15136,treatment,2026-03-02,1,75.82
15137,control,2026-03-02,0,
15138,control,2026-03-03,1,60.74
15139,treatment,2026-03-02,0,
15140,control,2026-03-07,0,
15141,control,2026-03-10,0,
15142,treatment,2026-03-03,0,
15143,treatment,2026-03-14,0,
15144,control,2026-03-09,0,
15145,control,2026-03-07,0,
15146,control,2026-03-05,0,
15147,treatment,2026-03-07,0,
15148,control,2026-03-07,0,
15149,treatment,2026-03-05,0,
15150,control,2026-03-10,0,
15151,control,2026-03-01,1,33.91
15152,control,2026-03-11,0,
15153,treatment,2026-03-13,0,
15154,control,2026-03-06,0,
15155,control,2026-03-05,0,
15156,treatment,2026-03-01,0,
15157,control,2026-03-14,0,
15158,treatment,2026-03-04,0,
15159,treatment,2026-03-01,0,
15160,treatment,2026-03-08,0,
15161,treatment,2026-03-03,0,
15162,treatment,2026-03-09,0,
15163,treatment,2026-03-01,0,
15164,treatment,2026-03-10,0,
15165,control,2026-03-07,0,
15166,treatment,2026-03-08,0,
15167,control,2026-03-13,0,
15168,treatment,2026-03-14,0,
15169,treatment,2026-03-06,0,
15170,treatment,2026-03-08,0,
15171,treatment,2026-03-03,0,
15172,control,2026-03-02,0,
15173,treatment,2026-03-14,0,
15174,treatment,2026-03-10,0,
15175,treatment,2026-03-03,0,
15176,treatment,2026-03-11,0,
15177,treatment,2026-03-05,0,
15178,control,2026-03-02,0,
15179,control,2026-03-03,1,23.88
15180,treatment,2026-03-06,0,
15181,treatment,2026-03-09,0,
15182,treatment,2026-03-04,0,
15183,treatment,2026-03-11,0,
15184,control,2026-03-10,0,
15185,treatment,2026-03-10,0,
15186,control,2026-03-01,0,
15187,control,2026-03-14,0,
15188,treatment,2026-03-06,0,
15189,treatment,2026-03-14,0,
15190,control,2026-03-13,0,
15191,control,2026-03-02,0,
15192,treatment,2026-03-01,0,
15193,treatment,2026-03-12,1,40.46
15194,treatment,2026-03-02,0,
15195,treatment,2026-03-08,1,32.62
15196,control,2026-03-03,0,
15197,treatment,2026-03-04,0,
15198,treatment,2026-03-04,0,
15199,control,2026-03-02,1,31.6
15200,control,2026-03-02,0,
15201,control,2026-03-05,0,
15202,control,2026-03-11,0,
15203,control,2026-03-05,0,
15204,treatment,2026-03-13,0,
15205,treatment,2026-03-09,0,
15206,treatment,2026-03-07,0,
15207,treatment,2026-03-01,0,
15208,treatment,2026-03-13,0,
15209,control,2026-03-03,0,
15210,control,2026-03-12,1,43.56
15211,control,2026-03-02,0,
15212,treatment,2026-03-04,0,
15213,treatment,2026-03-08,1,45.55
15214,control,2026-03-06,0,
15215,treatment,2026-03-06,0,
15216,treatment,2026-03-02,0,
15217,control,2026-03-10,1,41.78
15218,control,2026-03-06,0,
15219,treatment,2026-03-08,0,
15220,control,2026-03-12,0,
15221,control,2026-03-11,0,
15222,control,2026-03-01,1,21.2
15223,control,2026-03-03,0,
15224,control,2026-03-14,0,
15225,control,2026-03-01,0,
15226,control,2026-03-04,0,
15227,treatment,2026-03-14,0,
15228,treatment,2026-03-01,0,
15229,control,2026-03-02,1,33.09
15230,control,2026-03-13,0,
15231,control,2026-03-10,0,
15232,control,2026-03-13,0,
15233,control,2026-03-04,0,
15234,treatment,2026-03-12,0,
15235,control,2026-03-10,0,
15236,treatment,2026-03-03,0,
15237,treatment,2026-03-05,1,50.13
15238,treatment,2026-03-11,0,
15239,control,2026-03-11,0,
15240,treatment,2026-03-02,0,
15241,control,2026-03-02,1,25.06
15242,control,2026-03-04,0,
15243,control,2026-03-10,0,
15244,control,2026-03-06,0,
15245,control,2026-03-03,0,
15246,control,2026-03-05,0,
15247,control,2026-03-04,0,
15248,control,2026-03-04,0,
15249,control,2026-03-03,0,
15250,control,2026-03-02,0,
15251,control,2026-03-06,0,
15252,treatment,2026-03-05,0,
15253,control,2026-03-07,0,
15254,control,2026-03-06,1,22.58
15255,control,2026-03-10,0,
15256,treatment,2026-03-13,1,66.12
15257,treatment,2026-03-02,1,39.46
15258,treatment,2026-03-10,0,
15259,treatment,2026-03-06,0,
15260,control,2026-03-10,1,47.51
15261,control,2026-03-09,0,
15262,treatment,2026-03-13,0,
15263,control,2026-03-01,1,30.89
15264,treatment,2026-03-02,0,
15265,control,2026-03-01,0,
15266,treatment,2026-03-12,0,
15267,treatment,2026-03-02,1,77.22
15268,control,2026-03-01,0,
15269,treatment,2026-03-05,0,
15270,control,2026-03-04,0,
15271,control,2026-03-06,0,
15272,control,2026-03-07,0,
15273,treatment,2026-03-11,0,
15274,control,2026-03-10,0,
15275,control,2026-03-07,0,
15276,treatment,2026-03-01,0,
15277,treatment,2026-03-03,0,
15278,treatment,2026-03-12,0,
15279,treatment,2026-03-12,0,
15280,treatment,2026-03-08,0,
15281,control,2026-03-03,0,
15282,treatment,2026-03-12,1,58.18
15283,control,2026-03-14,0,
15284,control,2026-03-05,0,
15285,control,2026-03-09,0,
15286,control,2026-03-08,0,
15287,treatment,2026-03-11,0,
15288,treatment,2026-03-10,0,
15289,treatment,2026-03-07,0,
15290,treatment,2026-03-13,0,
15291,control,2026-03-03,1,46.73
15292,control,2026-03-02,0,
15293,treatment,2026-03-03,1,39.89
15294,control,2026-03-02,0,
15295,treatment,2026-03-06,0,
15296,control,2026-03-03,0,
15297,control,2026-03-04,0,
15298,control,2026-03-14,0,
15299,control,2026-03-04,0,
15300,control,2026-03-12,0,
15301,treatment,2026-03-02,0,
15302,treatment,2026-03-03,0,
15303,treatment,2026-03-09,0,
15304,treatment,2026-03-02,0,
15305,control,2026-03-14,0,
15306,treatment,2026-03-11,0,
15307,treatment,2026-03-08,0,
15308,control,2026-03-06,1,51.88
15309,treatment,2026-03-08,0,
15310,treatment,2026-03-09,1,51.91
15311,control,2026-03-04,0,
15312,treatment,2026-03-05,1,71.18
15313,treatment,2026-03-13,0,
15314,treatment,2026-03-10,0,
15315,control,2026-03-04,0,
15316,treatment,2026-03-13,0,
15317,control,2026-03-04,0,
15318,treatment,2026-03-12,1,16.79
15319,control,2026-03-06,0,
15320,treatment,2026-03-09,1,21.08
15321,treatment,2026-03-06,0,
15322,treatment,2026-03-14,0,
15323,treatment,2026-03-02,0,
15324,treatment,2026-03-04,0,
15325,treatment,2026-03-08,0,
15326,control,2026-03-12,1,32.99
15327,treatment,2026-03-08,0,
15328,treatment,2026-03-07,0,
15329,treatment,2026-03-03,0,
15330,treatment,2026-03-10,0,
15331,control,2026-03-12,0,
15332,treatment,2026-03-11,0,
15333,treatment,2026-03-11,0,
15334,treatment,2026-03-06,0,
15335,treatment,2026-03-14,0,
15336,treatment,2026-03-02,0,
15337,treatment,2026-03-11,0,
15338,treatment,2026-03-08,0,
15339,treatment,2026-03-12,0,
15340,treatment,2026-03-03,0,
15341,treatment,2026-03-08,0,
15342,treatment,2026-03-12,1,38.19
15343,control,2026-03-07,0,
15344,treatment,2026-03-02,1,35.28
15345,control,2026-03-12,0,
15346,control,2026-03-13,0,
15347,treatment,2026-03-09,0,
15348,control,2026-03-01,0,
15349,treatment,2026-03-12,0,
15350,control,2026-03-02,0,
15351,control,2026-03-13,0,
15352,treatment,2026-03-04,0,
15353,treatment,2026-03-07,0,
15354,control,2026-03-02,0,
15355,control,2026-03-05,1,42.48
15356,treatment,2026-03-04,0,
15357,treatment,2026-03-04,0,
15358,treatment,2026-03-10,1,76.85
15359,control,2026-03-04,0,
15360,control,2026-03-06,0,
15361,control,2026-03-13,0,
15362,treatment,2026-03-04,0,
15363,control,2026-03-05,0,
15364,control,2026-03-14,0,
15365,control,2026-03-08,0,
15366,treatment,2026-03-03,0,
15367,control,2026-03-07,0,
15368,treatment,2026-03-14,0,
15369,control,2026-03-06,0,
15370,treatment,2026-03-07,0,
15371,treatment,2026-03-12,0,
15372,control,2026-03-08,0,
15373,treatment,2026-03-14,0,
15374,control,2026-03-06,0,
15375,treatment,2026-03-07,0,
15376,control,2026-03-03,0,
15377,treatment,2026-03-04,0,
15378,control,2026-03-06,0,
15379,treatment,2026-03-06,0,
15380,treatment,2026-03-03,0,
15381,treatment,2026-03-06,0,
15382,treatment,2026-03-05,0,
15383,control,2026-03-01,0,
15384,control,2026-03-13,1,39.64
15385,control,2026-03-07,0,
15386,control,2026-03-13,0,
15387,control,2026-03-14,1,48.32
15388,control,2026-03-04,1,19.9
15389,control,2026-03-08,0,
15390,control,2026-03-06,1,53.77
15391,treatment,2026-03-14,0,
15392,control,2026-03-01,0,
15393,treatment,2026-03-08,1,27.79
15394,control,2026-03-04,0,
15395,control,2026-03-13,0,
15396,treatment,2026-03-01,0,
15397,control,2026-03-11,0,
15398,control,2026-03-14,0,
15399,treatment,2026-03-05,1,153.14
15400,treatment,2026-03-02,0,
15401,control,2026-03-02,0,
15402,treatment,2026-03-11,0,
15403,treatment,2026-03-03,0,
15404,control,2026-03-05,0,
15405,treatment,2026-03-05,1,22.65
15406,control,2026-03-10,0,
15407,control,2026-03-12,0,
15408,control,2026-03-09,0,
15409,treatment,2026-03-04,0,
15410,treatment,2026-03-09,0,
15411,control,2026-03-09,0,
15412,treatment,2026-03-14,0,
15413,treatment,2026-03-07,0,
15414,control,2026-03-14,0,
15415,control,2026-03-01,0,
15416,treatment,2026-03-11,0,
15417,control,2026-03-11,0,
15418,treatment,2026-03-08,0,
15419,control,2026-03-13,0,
15420,control,2026-03-02,0,
15421,treatment,2026-03-02,1,14.93
15422,control,2026-03-14,0,
15423,control,2026-03-03,0,
15424,treatment,2026-03-14,0,
15425,control,2026-03-11,0,
15426,control,2026-03-07,0,
15427,control,2026-03-14,1,78.96
15428,control,2026-03-12,0,
15429,treatment,2026-03-07,0,
15430,control,2026-03-08,0,
15431,treatment,2026-03-08,0,
15432,control,2026-03-13,0,
15433,control,2026-03-13,0,
15434,treatment,2026-03-01,0,
15435,control,2026-03-11,0,
15436,control,2026-03-01,0,
15437,control,2026-03-04,0,
15438,control,2026-03-14,0,
15439,control,2026-03-09,0,
15440,control,2026-03-14,0,
15441,treatment,2026-03-10,0,
15442,treatment,2026-03-09,0,
15443,control,2026-03-05,0,
15444,treatment,2026-03-09,0,
15445,control,2026-03-11,0,
15446,treatment,2026-03-13,0,
15447,treatment,2026-03-03,0,
15448,treatment,2026-03-14,0,
15449,control,2026-03-13,0,
15450,control,2026-03-11,0,
15451,treatment,2026-03-14,1,51.11
15452,treatment,2026-03-10,0,
15453,control,2026-03-01,0,
15454,treatment,2026-03-08,0,
15455,control,2026-03-10,1,15.72
15456,treatment,2026-03-08,0,
15457,control,2026-03-01,0,
15458,treatment,2026-03-04,0,
15459,control,2026-03-12,0,
15460,control,2026-03-03,0,
15461,control,2026-03-01,0,
15462,control,2026-03-10,0,
15463,treatment,2026-03-06,0,
15464,treatment,2026-03-02,0,
15465,treatment,2026-03-03,0,
15466,control,2026-03-02,0,
15467,treatment,2026-03-11,0,
15468,control,2026-03-14,0,
15469,treatment,2026-03-08,0,
15470,treatment,2026-03-10,0,
15471,control,2026-03-06,1,47.1
15472,treatment,2026-03-02,1,36.48
15473,treatment,2026-03-02,0,
15474,control,2026-03-08,0,
15475,treatment,2026-03-07,1,38.33
15476,control,2026-03-14,0,
15477,control,2026-03-08,0,
15478,control,2026-03-08,0,
15479,treatment,2026-03-01,0,
15480,control,2026-03-05,0,
15481,treatment,2026-03-05,0,
15482,treatment,2026-03-02,0,
15483,treatment,2026-03-09,0,
15484,treatment,2026-03-10,0,
15485,treatment,2026-03-09,0,
15486,control,2026-03-14,1,28.44
15487,treatment,2026-03-11,1,14.06
15488,control,2026-03-09,0,
15489,treatment,2026-03-11,0,
15490,control,2026-03-10,0,
15491,control,2026-03-01,0,
15492,control,2026-03-02,0,
15493,treatment,2026-03-12,0,
15494,control,2026-03-01,0,
15495,control,2026-03-08,0,
15496,treatment,2026-03-01,0,
15497,control,2026-03-14,0,
15498,control,2026-03-08,0,
15499,control,2026-03-02,0,
15500,control,2026-03-09,1,32.31
15501,treatment,2026-03-12,0,
15502,treatment,2026-03-06,0,
15503,control,2026-03-02,0,
15504,treatment,2026-03-09,1,75.33
15505,control,2026-03-08,0,
15506,treatment,2026-03-09,1,21.32
15507,treatment,2026-03-13,1,15.46
15508,treatment,2026-03-13,0,
15509,treatment,2026-03-07,1,53.12
15510,control,2026-03-05,0,
15511,control,2026-03-10,0,
15512,treatment,2026-03-11,1,33.01
15513,control,2026-03-06,1,16.82
15514,treatment,2026-03-06,0,
15515,control,2026-03-11,0,
15516,control,2026-03-06,1,37.33
15517,treatment,2026-03-05,0,
15518,control,2026-03-01,0,
15519,control,2026-03-01,0,
15520,treatment,2026-03-10,0,
15521,control,2026-03-09,0,
15522,control,2026-03-08,0,
15523,control,2026-03-10,0,
15524,control,2026-03-03,0,
15525,treatment,2026-03-12,0,
15526,treatment,2026-03-11,0,
15527,treatment,2026-03-03,0,
15528,treatment,2026-03-04,0,
15529,control,2026-03-04,1,77.17
15530,control,2026-03-05,0,
15531,treatment,2026-03-06,0,
15532,control,2026-03-10,0,
15533,control,2026-03-06,0,
15534,control,2026-03-12,0,
15535,treatment,2026-03-07,1,41.59
15536,control,2026-03-07,1,39.18
15537,control,2026-03-08,1,35.79
15538,treatment,2026-03-06,0,
15539,treatment,2026-03-02,0,
15540,control,2026-03-04,0,
15541,treatment,2026-03-06,0,
15542,treatment,2026-03-01,0,
15543,treatment,2026-03-02,0,
15544,treatment,2026-03-05,0,
15545,control,2026-03-06,0,
15546,control,2026-03-05,0,
15547,treatment,2026-03-10,0,
15548,control,2026-03-02,1,90.74
15549,control,2026-03-03,0,
15550,control,2026-03-05,0,
15551,treatment,2026-03-14,1,38.7
15552,treatment,2026-03-12,0,
15553,control,2026-03-05,1,41.85
15554,control,2026-03-11,0,
15555,treatment,2026-03-10,1,56.92
15556,treatment,2026-03-04,1,19.96
15557,control,2026-03-07,1,65.15
15558,control,2026-03-04,0,
15559,control,2026-03-07,0,
15560,control,2026-03-02,0,
15561,treatment,2026-03-03,0,
15562,control,2026-03-08,0,
15563,treatment,2026-03-07,1,55.77
15564,treatment,2026-03-13,0,
15565,control,2026-03-06,0,
15566,control,2026-03-11,0,
15567,treatment,2026-03-13,0,
15568,treatment,2026-03-14,0,
15569,control,2026-03-03,0,
15570,control,2026-03-03,0,
15571,control,2026-03-11,0,
15572,treatment,2026-03-12,0,
15573,control,2026-03-06,0,
15574,control,2026-03-06,0,
15575,treatment,2026-03-09,0,
15576,control,2026-03-13,0,
15577,control,2026-03-14,0,
15578,treatment,2026-03-07,0,
15579,treatment,2026-03-08,0,
15580,control,2026-03-03,0,
15581,treatment,2026-03-07,0,
15582,control,2026-03-14,1,73.81
15583,treatment,2026-03-11,0,
15584,control,2026-03-06,0,
15585,control,2026-03-06,1,60.67
15586,treatment,2026-03-02,0,
15587,treatment,2026-03-13,0,
15588,treatment,2026-03-09,0,
15589,treatment,2026-03-08,0,
15590,control,2026-03-04,1,63.77
15591,treatment,2026-03-14,0,
15592,treatment,2026-03-02,0,
15593,control,2026-03-12,0,
15594,treatment,2026-03-13,0,
15595,treatment,2026-03-01,0,
15596,treatment,2026-03-08,0,
15597,treatment,2026-03-08,0,
15598,treatment,2026-03-05,0,
15599,control,2026-03-10,0,
15600,control,2026-03-04,1,87.95
15601,control,2026-03-09,1,74.5
15602,treatment,2026-03-10,0,
15603,treatment,2026-03-10,0,
15604,treatment,2026-03-09,1,67.02
15605,treatment,2026-03-03,0,
15606,treatment,2026-03-07,0,
15607,control,2026-03-04,0,
15608,control,2026-03-07,1,102.63
15609,treatment,2026-03-02,0,
15610,control,2026-03-10,0,
15611,treatment,2026-03-13,0,
15612,control,2026-03-06,0,
15613,treatment,2026-03-09,0,
15614,treatment,2026-03-01,0,
15615,treatment,2026-03-04,0,
15616,treatment,2026-03-07,0,
15617,control,2026-03-06,0,
15618,treatment,2026-03-07,1,42.67
15619,control,2026-03-10,0,
15620,treatment,2026-03-12,0,
15621,control,2026-03-07,0,
15622,treatment,2026-03-05,0,
15623,treatment,2026-03-08,0,
15624,treatment,2026-03-11,0,
15625,treatment,2026-03-11,0,
15626,treatment,2026-03-06,1,42.98
15627,treatment,2026-03-03,0,
15628,control,2026-03-02,0,
15629,treatment,2026-03-08,0,
15630,control,2026-03-01,0,
15631,control,2026-03-05,0,
15632,control,2026-03-01,0,
15633,control,2026-03-05,0,
15634,control,2026-03-09,0,
15635,treatment,2026-03-05,0,
15636,treatment,2026-03-03,0,
15637,treatment,2026-03-10,0,
15638,treatment,2026-03-13,0,
15639,control,2026-03-08,0,
15640,treatment,2026-03-12,0,
15641,control,2026-03-05,0,
15642,treatment,2026-03-02,0,
15643,treatment,2026-03-13,0,
15644,treatment,2026-03-01,0,
15645,treatment,2026-03-02,0,
15646,treatment,2026-03-06,1,22.35
15647,treatment,2026-03-08,0,
15648,control,2026-03-07,0,
15649,control,2026-03-03,0,
15650,control,2026-03-08,0,
15651,control,2026-03-03,0,
15652,treatment,2026-03-09,0,
15653,control,2026-03-08,1,45.34
15654,control,2026-03-03,0,
15655,control,2026-03-06,1,73.67
15656,treatment,2026-03-08,0,
15657,control,2026-03-04,0,
15658,treatment,2026-03-12,0,
15659,control,2026-03-07,0,
15660,control,2026-03-13,0,
15661,treatment,2026-03-01,0,
15662,treatment,2026-03-13,1,20.64
15663,control,2026-03-13,0,
15664,control,2026-03-13,0,
15665,control,2026-03-08,1,52.13
15666,treatment,2026-03-06,0,
15667,treatment,2026-03-05,0,
15668,treatment,2026-03-10,0,
15669,control,2026-03-07,0,
15670,treatment,2026-03-12,0,
15671,treatment,2026-03-14,0,
15672,control,2026-03-14,1,82.73
15673,treatment,2026-03-14,0,
15674,control,2026-03-11,0,
15675,treatment,2026-03-10,0,
15676,control,2026-03-06,1,73.85
15677,control,2026-03-02,0,
15678,control,2026-03-05,0,
15679,control,2026-03-02,0,
15680,treatment,2026-03-11,0,
15681,treatment,2026-03-12,0,
15682,control,2026-03-02,0,
15683,control,2026-03-01,0,
15684,treatment,2026-03-07,0,
15685,treatment,2026-03-04,0,
15686,control,2026-03-06,0,
15687,control,2026-03-03,0,
15688,treatment,2026-03-13,0,
15689,control,2026-03-02,0,
15690,treatment,2026-03-12,1,43.49
15691,treatment,2026-03-05,0,
15692,treatment,2026-03-11,0,
15693,control,2026-03-09,0,
15694,control,2026-03-08,0,
15695,treatment,2026-03-09,0,
15696,treatment,2026-03-11,0,
15697,control,2026-03-14,0,
15698,treatment,2026-03-09,0,
15699,treatment,2026-03-14,0,
15700,treatment,2026-03-03,0,
15701,treatment,2026-03-03,0,
15702,treatment,2026-03-05,0,
15703,control,2026-03-11,0,
15704,control,2026-03-06,0,
15705,control,2026-03-12,1,58.11
15706,treatment,2026-03-09,0,
15707,treatment,2026-03-09,0,
15708,control,2026-03-01,0,
15709,treatment,2026-03-09,0,
15710,control,2026-03-10,0,
15711,control,2026-03-14,0,
15712,treatment,2026-03-10,0,
15713,treatment,2026-03-08,0,
15714,treatment,2026-03-08,0,
15715,treatment,2026-03-01,1,48.08
15716,control,2026-03-03,0,
15717,control,2026-03-04,0,
15718,treatment,2026-03-08,0,
15719,treatment,2026-03-03,0,
15720,treatment,2026-03-13,0,
15721,treatment,2026-03-06,0,
15722,treatment,2026-03-05,0,
15723,control,2026-03-10,0,
15724,treatment,2026-03-09,1,49.6
15725,control,2026-03-09,0,
15726,treatment,2026-03-07,0,
15727,treatment,2026-03-07,0,
15728,treatment,2026-03-05,0,
15729,treatment,2026-03-04,0,
15730,treatment,2026-03-09,0,
15731,treatment,2026-03-04,0,
15732,control,2026-03-03,0,
15733,control,2026-03-14,0,
15734,control,2026-03-10,1,63.51
15735,control,2026-03-09,0,
15736,control,2026-03-09,1,30.27
15737,control,2026-03-03,0,
15738,treatment,2026-03-08,0,
15739,control,2026-03-13,1,67.95
15740,treatment,2026-03-07,1,25.87
15741,control,2026-03-06,0,
15742,treatment,2026-03-05,0,
15743,control,2026-03-04,0,
15744,treatment,2026-03-13,1,40.47
15745,control,2026-03-12,0,
15746,control,2026-03-04,1,48.64
15747,treatment,2026-03-01,0,
15748,control,2026-03-07,0,
15749,treatment,2026-03-13,0,
15750,treatment,2026-03-04,0,
15751,treatment,2026-03-14,1,50.7
15752,treatment,2026-03-02,0,
15753,treatment,2026-03-12,0,
15754,treatment,2026-03-01,0,
15755,control,2026-03-10,0,
15756,treatment,2026-03-01,0,
15757,treatment,2026-03-11,0,
15758,control,2026-03-11,1,67.3
15759,treatment,2026-03-10,0,
15760,control,2026-03-02,1,67.74
15761,control,2026-03-04,0,
15762,control,2026-03-07,0,
15763,control,2026-03-10,0,
15764,control,2026-03-09,0,
15765,control,2026-03-05,0,
15766,control,2026-03-07,0,
15767,control,2026-03-13,0,
15768,treatment,2026-03-10,0,
15769,control,2026-03-11,0,
15770,control,2026-03-06,0,
15771,treatment,2026-03-04,0,
15772,treatment,2026-03-13,1,33.88
15773,treatment,2026-03-13,0,
15774,control,2026-03-06,1,32.56
15775,control,2026-03-09,1,53.12
15776,control,2026-03-04,0,
15777,control,2026-03-14,0,
15778,treatment,2026-03-01,0,
15779,treatment,2026-03-04,0,
15780,control,2026-03-01,0,
15781,treatment,2026-03-02,0,
15782,treatment,2026-03-12,0,
15783,treatment,2026-03-09,0,
15784,treatment,2026-03-11,0,
15785,treatment,2026-03-03,0,
15786,treatment,2026-03-08,0,
15787,treatment,2026-03-08,0,
15788,control,2026-03-05,0,
15789,control,2026-03-12,0,
15790,treatment,2026-03-10,0,
15791,control,2026-03-05,1,64.61
15792,treatment,2026-03-09,1,25.59
15793,control,2026-03-11,1,57.79
15794,control,2026-03-09,1,76.77
15795,treatment,2026-03-03,0,
15796,control,2026-03-02,0,
15797,control,2026-03-01,0,
15798,control,2026-03-02,0,
15799,control,2026-03-05,0,
15800,control,2026-03-01,0,
15801,control,2026-03-07,0,
15802,control,2026-03-02,0,
15803,treatment,2026-03-01,0,
15804,control,2026-03-08,0,
15805,control,2026-03-14,0,
15806,treatment,2026-03-02,0,
15807,treatment,2026-03-07,0,
15808,control,2026-03-10,0,
15809,control,2026-03-12,1,46.52
15810,control,2026-03-05,0,
15811,treatment,2026-03-06,0,
15812,treatment,2026-03-04,0,
15813,control,2026-03-05,0,
15814,control,2026-03-11,0,
15815,treatment,2026-03-12,1,25.81
15816,treatment,2026-03-12,0,
15817,treatment,2026-03-09,0,
15818,treatment,2026-03-14,0,
15819,control,2026-03-11,0,
15820,treatment,2026-03-02,0,
15821,control,2026-03-09,0,
15822,control,2026-03-04,0,
15823,treatment,2026-03-04,0,
15824,treatment,2026-03-04,0,
15825,treatment,2026-03-13,0,
15826,treatment,2026-03-09,0,
15827,treatment,2026-03-02,1,43.08
15828,treatment,2026-03-02,1,41.93
15829,treatment,2026-03-10,1,96.58
15830,control,2026-03-13,0,
15831,control,2026-03-05,0,
15832,treatment,2026-03-06,0,
15833,control,2026-03-08,0,
15834,control,2026-03-08,0,
15835,treatment,2026-03-04,0,
15836,control,2026-03-09,1,42.34
15837,control,2026-03-02,0,
15838,treatment,2026-03-13,0,
15839,treatment,2026-03-08,0,
15840,treatment,2026-03-02,0,
15841,treatment,2026-03-05,0,
15842,control,2026-03-01,0,
15843,control,2026-03-13,0,
15844,treatment,2026-03-12,1,32.74
15845,control,2026-03-04,0,
15846,control,2026-03-07,0,
15847,control,2026-03-09,0,
15848,control,2026-03-03,0,
15849,control,2026-03-10,0,
15850,treatment,2026-03-14,1,22.82
15851,treatment,2026-03-08,0,
15852,control,2026-03-14,0,
15853,control,2026-03-09,0,
15854,treatment,2026-03-02,0,
15855,treatment,2026-03-08,0,
15856,control,2026-03-03,1,43.24
15857,control,2026-03-09,0,
15858,control,2026-03-07,0,
15859,treatment,2026-03-10,0,
15860,control,2026-03-12,0,
15861,treatment,2026-03-14,0,
15862,control,2026-03-14,0,
15863,treatment,2026-03-05,0,
15864,treatment,2026-03-05,0,
15865,control,2026-03-04,0,
15866,control,2026-03-02,0,
15867,control,2026-03-02,0,
15868,treatment,2026-03-10,0,
15869,treatment,2026-03-09,0,
15870,treatment,2026-03-14,0,
15871,control,2026-03-07,0,
15872,treatment,2026-03-12,0,
15873,treatment,2026-03-01,0,
15874,treatment,2026-03-03,1,45.21
15875,control,2026-03-02,0,
15876,control,2026-03-13,0,
15877,treatment,2026-03-08,0,
15878,control,2026-03-09,0,
15879,treatment,2026-03-11,0,
15880,treatment,2026-03-10,1,56.06
15881,control,2026-03-11,1,36.04
15882,control,2026-03-12,0,
15883,control,2026-03-06,0,
15884,treatment,2026-03-13,0,
15885,treatment,2026-03-14,1,59.89
15886,control,2026-03-10,0,
15887,treatment,2026-03-13,0,
15888,treatment,2026-03-06,0,
15889,control,2026-03-08,0,
15890,control,2026-03-02,0,
15891,control,2026-03-12,0,
15892,treatment,2026-03-14,0,
15893,control,2026-03-01,0,
15894,control,2026-03-08,0,
15895,control,2026-03-08,0,
15896,treatment,2026-03-08,0,
15897,treatment,2026-03-02,0,
15898,control,2026-03-12,0,
15899,control,2026-03-02,0,
15900,treatment,2026-03-10,0,
15901,control,2026-03-07,0,
15902,treatment,2026-03-11,0,
15903,treatment,2026-03-01,0,
15904,treatment,2026-03-12,0,
15905,control,2026-03-12,0,
15906,control,2026-03-10,0,
15907,control,2026-03-09,0,
15908,control,2026-03-06,0,
15909,control,2026-03-10,0,
15910,treatment,2026-03-13,0,
15911,treatment,2026-03-04,0,
15912,control,2026-03-01,0,
15913,control,2026-03-14,0,
15914,control,2026-03-10,0,
15915,treatment,2026-03-04,0,
15916,control,2026-03-10,0,
15917,control,2026-03-13,0,
15918,control,2026-03-10,0,
15919,treatment,2026-03-05,1,36.56
15920,treatment,2026-03-09,0,
15921,control,2026-03-09,1,48.97
15922,control,2026-03-01,1,34.72
15923,treatment,2026-03-08,0,
15924,control,2026-03-10,0,
15925,control,2026-03-10,0,
15926,treatment,2026-03-14,0,
15927,control,2026-03-06,0,
15928,treatment,2026-03-06,0,
15929,treatment,2026-03-05,1,28.25
15930,treatment,2026-03-07,0,
15931,control,2026-03-07,0,
15932,control,2026-03-03,0,
15933,treatment,2026-03-14,0,
15934,control,2026-03-10,0,
15935,treatment,2026-03-07,0,
15936,control,2026-03-09,0,
15937,treatment,2026-03-12,0,
15938,treatment,2026-03-10,0,
15939,control,2026-03-09,0,
15940,control,2026-03-02,0,
15941,treatment,2026-03-13,0,
15942,treatment,2026-03-10,0,
15943,control,2026-03-05,0,
15944,treatment,2026-03-08,0,
15945,treatment,2026-03-05,0,
15946,treatment,2026-03-10,0,
15947,control,2026-03-07,0,
15948,treatment,2026-03-12,0,
15949,treatment,2026-03-02,0,
15950,control,2026-03-10,0,
15951,control,2026-03-05,0,
15952,control,2026-03-08,0,
15953,treatment,2026-03-13,0,
15954,control,2026-03-11,0,
15955,control,2026-03-13,0,
15956,control,2026-03-03,0,
15957,treatment,2026-03-08,0,
15958,control,2026-03-04,0,
15959,treatment,2026-03-07,0,
15960,treatment,2026-03-10,0,
15961,control,2026-03-09,1,21.19
15962,control,2026-03-07,0,
15963,control,2026-03-04,0,
15964,treatment,2026-03-11,0,
15965,treatment,2026-03-02,0,
15966,control,2026-03-07,1,71.65
15967,treatment,2026-03-06,0,
15968,treatment,2026-03-12,0,
15969,control,2026-03-08,0,
15970,treatment,2026-03-03,0,
15971,control,2026-03-05,0,
15972,control,2026-03-12,0,
15973,treatment,2026-03-08,0,
15974,control,2026-03-12,0,
15975,control,2026-03-11,0,
15976,control,2026-03-12,1,33.67
15977,control,2026-03-01,0,
15978,control,2026-03-13,0,
15979,treatment,2026-03-10,0,
15980,control,2026-03-01,0,
15981,control,2026-03-02,0,
15982,treatment,2026-03-06,0,
15983,treatment,2026-03-07,0,
15984,control,2026-03-13,1,37.62
15985,treatment,2026-03-06,0,
15986,control,2026-03-03,1,93.49
15987,treatment,2026-03-12,0,
15988,control,2026-03-13,0,
15989,treatment,2026-03-12,0,
15990,control,2026-03-09,1,59.37
15991,control,2026-03-02,0,
15992,treatment,2026-03-08,1,32.55
15993,treatment,2026-03-12,0,
15994,control,2026-03-11,0,
15995,treatment,2026-03-14,0,
15996,control,2026-03-06,0,
15997,treatment,2026-03-09,0,
15998,treatment,2026-03-08,1,47.28
15999,treatment,2026-03-03,0,
16000,treatment,2026-03-14,0,
16001,treatment,2026-03-03,0,
16002,treatment,2026-03-09,0,
16003,treatment,2026-03-03,0,
16004,control,2026-03-10,0,
16005,treatment,2026-03-10,0,
16006,treatment,2026-03-06,1,71.19
16007,control,2026-03-02,0,
16008,control,2026-03-12,0,
16009,control,2026-03-05,0,
16010,control,2026-03-07,1,90.37
16011,treatment,2026-03-03,0,
16012,control,2026-03-07,0,
16013,treatment,2026-03-04,1,28.39
16014,control,2026-03-04,0,
16015,control,2026-03-13,0,
16016,control,2026-03-02,0,
16017,control,2026-03-14,0,
16018,control,2026-03-08,0,
16019,control,2026-03-11,0,
16020,control,2026-03-11,0,
16021,treatment,2026-03-11,0,
16022,control,2026-03-02,0,
16023,treatment,2026-03-09,0,
16024,treatment,2026-03-06,0,
16025,treatment,2026-03-03,0,
16026,control,2026-03-01,0,
16027,treatment,2026-03-14,0,
16028,control,2026-03-08,0,
16029,treatment,2026-03-08,0,
16030,treatment,2026-03-06,1,40.38
16031,control,2026-03-06,0,
16032,treatment,2026-03-03,0,
16033,treatment,2026-03-12,1,42.45
16034,control,2026-03-12,0,
16035,treatment,2026-03-01,0,
16036,treatment,2026-03-12,0,
16037,control,2026-03-05,1,52.83
16038,control,2026-03-11,0,
16039,treatment,2026-03-11,0,
16040,control,2026-03-03,0,
16041,treatment,2026-03-05,0,
16042,control,2026-03-05,1,48.87
16043,control,2026-03-04,0,
16044,control,2026-03-14,0,
16045,treatment,2026-03-05,1,74.11
16046,control,2026-03-05,0,
16047,treatment,2026-03-10,0,
16048,control,2026-03-13,0,
16049,control,2026-03-04,0,
16050,treatment,2026-03-09,0,
16051,treatment,2026-03-01,0,
16052,control,2026-03-02,1,14.88
16053,control,2026-03-01,0,
16054,control,2026-03-02,0,
16055,control,2026-03-12,0,
16056,treatment,2026-03-09,1,48.13
16057,control,2026-03-08,0,
16058,control,2026-03-01,0,
16059,control,2026-03-12,0,
16060,treatment,2026-03-12,1,35.37
16061,control,2026-03-07,0,
16062,control,2026-03-08,0,
16063,treatment,2026-03-12,0,
16064,control,2026-03-13,0,
16065,control,2026-03-04,0,
16066,treatment,2026-03-11,0,
16067,control,2026-03-04,0,
16068,control,2026-03-01,0,
16069,control,2026-03-10,0,
16070,treatment,2026-03-08,0,
16071,treatment,2026-03-13,0,
16072,treatment,2026-03-05,0,
16073,treatment,2026-03-04,0,
16074,treatment,2026-03-03,0,
16075,control,2026-03-04,0,
16076,control,2026-03-06,0,
16077,control,2026-03-02,0,
16078,treatment,2026-03-03,0,
16079,control,2026-03-11,0,
16080,control,2026-03-03,0,
16081,treatment,2026-03-14,0,
16082,control,2026-03-12,1,18.14
16083,treatment,2026-03-09,0,
16084,treatment,2026-03-02,0,
16085,treatment,2026-03-04,1,29.19
16086,control,2026-03-14,1,64.03
16087,control,2026-03-14,1,51.8
16088,treatment,2026-03-12,0,
16089,control,2026-03-14,1,36.86
16090,treatment,2026-03-02,0,
16091,control,2026-03-03,0,
16092,control,2026-03-08,0,
16093,control,2026-03-14,0,
16094,treatment,2026-03-07,0,
16095,treatment,2026-03-06,0,
16096,treatment,2026-03-07,0,
16097,control,2026-03-05,1,83.29
16098,control,2026-03-04,1,52.37
16099,treatment,2026-03-03,1,39.86
16100,treatment,2026-03-04,0,
16101,treatment,2026-03-03,0,
16102,treatment,2026-03-03,0,
16103,treatment,2026-03-08,0,
16104,treatment,2026-03-02,0,
16105,control,2026-03-11,0,
16106,control,2026-03-06,0,
16107,treatment,2026-03-11,1,17.18
16108,control,2026-03-11,0,
16109,control,2026-03-04,0,
16110,treatment,2026-03-13,0,
16111,treatment,2026-03-01,0,
16112,control,2026-03-10,0,
16113,control,2026-03-07,1,41.27
16114,control,2026-03-07,0,
16115,control,2026-03-06,0,
16116,control,2026-03-10,0,
16117,treatment,2026-03-08,0,
16118,treatment,2026-03-08,0,
16119,treatment,2026-03-13,0,
16120,control,2026-03-04,0,
16121,treatment,2026-03-09,0,
16122,control,2026-03-02,0,
16123,control,2026-03-08,0,
16124,control,2026-03-08,0,
16125,control,2026-03-14,0,
16126,treatment,2026-03-09,0,
16127,treatment,2026-03-08,0,
16128,treatment,2026-03-06,0,
16129,control,2026-03-13,0,
16130,control,2026-03-05,0,
16131,treatment,2026-03-13,0,
16132,control,2026-03-07,0,
16133,treatment,2026-03-11,0,
16134,treatment,2026-03-11,1,63.45
16135,control,2026-03-14,0,
16136,treatment,2026-03-02,0,
16137,control,2026-03-11,0,
16138,treatment,2026-03-13,0,
16139,control,2026-03-07,1,48.46
16140,control,2026-03-02,1,60.29
16141,control,2026-03-01,0,
16142,control,2026-03-02,0,
16143,treatment,2026-03-14,0,
16144,control,2026-03-03,0,
16145,treatment,2026-03-04,0,
16146,control,2026-03-01,0,
16147,control,2026-03-11,1,68.46
16148,control,2026-03-07,0,
16149,treatment,2026-03-08,0,
16150,control,2026-03-06,0,
16151,control,2026-03-08,1,59.6
16152,treatment,2026-03-11,0,
16153,control,2026-03-12,0,
16154,control,2026-03-05,0,
16155,treatment,2026-03-07,0,
16156,control,2026-03-01,0,
16157,treatment,2026-03-07,0,
16158,control,2026-03-03,0,
16159,treatment,2026-03-12,0,
16160,treatment,2026-03-13,0,
16161,control,2026-03-12,1,66.7
16162,treatment,2026-03-09,0,
16163,control,2026-03-14,0,
16164,treatment,2026-03-05,0,
16165,treatment,2026-03-01,0,
16166,control,2026-03-12,0,
16167,treatment,2026-03-06,0,
16168,treatment,2026-03-08,0,
16169,treatment,2026-03-06,0,
16170,treatment,2026-03-02,0,
16171,treatment,2026-03-06,0,
16172,treatment,2026-03-03,0,
16173,treatment,2026-03-01,0,
16174,control,2026-03-10,0,
16175,treatment,2026-03-05,0,
16176,control,2026-03-10,1,24.61
16177,treatment,2026-03-02,0,
16178,control,2026-03-04,0,
16179,treatment,2026-03-11,0,
16180,control,2026-03-09,0,
16181,control,2026-03-07,1,74.25
16182,treatment,2026-03-11,0,
16183,control,2026-03-13,0,
16184,control,2026-03-13,0,
16185,control,2026-03-12,0,
16186,treatment,2026-03-07,0,
16187,control,2026-03-09,0,
16188,control,2026-03-06,0,
16189,treatment,2026-03-14,0,
16190,treatment,2026-03-12,0,
16191,treatment,2026-03-13,0,
16192,treatment,2026-03-08,0,
16193,treatment,2026-03-06,0,
16194,treatment,2026-03-11,0,
16195,treatment,2026-03-07,1,51.96
16196,control,2026-03-01,0,
16197,control,2026-03-04,0,
16198,control,2026-03-05,1,70.22
16199,control,2026-03-14,0,
16200,control,2026-03-05,0,
16201,control,2026-03-11,0,
16202,treatment,2026-03-04,0,
16203,control,2026-03-14,0,
16204,treatment,2026-03-04,0,
16205,treatment,2026-03-06,0,
16206,treatment,2026-03-08,0,
16207,treatment,2026-03-08,0,
16208,control,2026-03-06,1,40.31
16209,treatment,2026-03-07,0,
16210,treatment,2026-03-08,0,
16211,treatment,2026-03-04,0,
16212,treatment,2026-03-07,0,
16213,control,2026-03-14,0,
16214,control,2026-03-01,0,
16215,treatment,2026-03-03,1,32.03
16216,treatment,2026-03-14,1,30.95
16217,control,2026-03-02,0,
16218,treatment,2026-03-14,1,21.48
16219,treatment,2026-03-10,1,46.38
16220,control,2026-03-02,0,
16221,control,2026-03-04,1,27.35
16222,treatment,2026-03-10,0,
16223,treatment,2026-03-08,0,
16224,treatment,2026-03-05,0,
16225,treatment,2026-03-08,0,
16226,control,2026-03-05,0,
16227,control,2026-03-05,0,
16228,treatment,2026-03-07,0,
16229,control,2026-03-12,0,
16230,control,2026-03-08,0,
16231,treatment,2026-03-06,0,
16232,control,2026-03-14,0,
16233,treatment,2026-03-14,0,
16234,treatment,2026-03-12,0,
16235,treatment,2026-03-07,1,17.54
16236,treatment,2026-03-06,0,
16237,control,2026-03-07,1,48.26
16238,treatment,2026-03-14,0,
16239,treatment,2026-03-05,0,
16240,control,2026-03-12,0,
16241,control,2026-03-10,0,
16242,treatment,2026-03-12,0,
16243,control,2026-03-01,1,45.22
16244,treatment,2026-03-05,0,
16245,treatment,2026-03-05,0,
16246,control,2026-03-02,0,
16247,control,2026-03-13,0,
16248,treatment,2026-03-11,0,
16249,treatment,2026-03-03,0,
16250,treatment,2026-03-11,1,55.65
16251,treatment,2026-03-05,0,
16252,treatment,2026-03-13,0,
16253,control,2026-03-06,0,
16254,control,2026-03-03,0,
16255,control,2026-03-12,0,
16256,treatment,2026-03-14,0,
16257,control,2026-03-14,0,
16258,treatment,2026-03-06,0,
16259,treatment,2026-03-04,0,
16260,control,2026-03-13,0,
16261,control,2026-03-06,0,
16262,treatment,2026-03-06,0,
16263,control,2026-03-05,0,
16264,control,2026-03-03,0,
16265,control,2026-03-04,0,
16266,control,2026-03-07,0,
16267,control,2026-03-02,0,
16268,control,2026-03-03,0,
16269,treatment,2026-03-11,0,
16270,treatment,2026-03-06,0,
16271,treatment,2026-03-01,0,
16272,treatment,2026-03-14,0,
16273,treatment,2026-03-02,0,
16274,control,2026-03-02,0,
16275,treatment,2026-03-07,0,
16276,control,2026-03-01,0,
16277,control,2026-03-10,0,
16278,treatment,2026-03-04,0,
16279,treatment,2026-03-12,1,40.24
16280,treatment,2026-03-11,0,
16281,treatment,2026-03-06,0,
16282,treatment,2026-03-04,0,
16283,treatment,2026-03-05,0,
16284,treatment,2026-03-09,0,
16285,control,2026-03-12,1,81.15
16286,treatment,2026-03-13,0,
16287,control,2026-03-13,0,
16288,control,2026-03-03,1,31.55
16289,control,2026-03-06,0,
16290,control,2026-03-06,0,
16291,treatment,2026-03-11,1,46.17
16292,control,2026-03-08,0,
16293,control,2026-03-05,0,
16294,treatment,2026-03-04,0,
16295,treatment,2026-03-13,0,
16296,control,2026-03-06,0,
16297,treatment,2026-03-12,0,
16298,control,2026-03-12,0,
16299,treatment,2026-03-04,0,
16300,control,2026-03-01,0,
16301,control,2026-03-08,0,
16302,treatment,2026-03-11,0,
16303,treatment,2026-03-05,0,
16304,control,2026-03-06,0,
16305,control,2026-03-12,0,
16306,treatment,2026-03-01,0,
16307,treatment,2026-03-12,0,
16308,treatment,2026-03-07,0,
16309,control,2026-03-02,0,
16310,treatment,2026-03-08,0,
16311,control,2026-03-13,0,
16312,treatment,2026-03-06,0,
16313,control,2026-03-01,0,
16314,treatment,2026-03-11,0,
16315,control,2026-03-02,0,
16316,treatment,2026-03-06,0,
16317,treatment,2026-03-10,1,45.05
16318,treatment,2026-03-03,0,
16319,treatment,2026-03-13,0,
16320,control,2026-03-06,0,
16321,treatment,2026-03-13,0,
16322,control,2026-03-09,0,
16323,control,2026-03-06,0,
16324,treatment,2026-03-09,0,
16325,treatment,2026-03-04,0,
16326,treatment,2026-03-10,0,
16327,control,2026-03-02,0,
16328,control,2026-03-06,0,
16329,control,2026-03-11,0,
16330,treatment,2026-03-11,0,
16331,treatment,2026-03-12,0,
16332,treatment,2026-03-05,0,
16333,control,2026-03-08,0,
16334,treatment,2026-03-05,0,
16335,control,2026-03-06,0,
16336,treatment,2026-03-03,0,
16337,treatment,2026-03-14,0,
16338,treatment,2026-03-11,0,
16339,control,2026-03-09,0,
16340,control,2026-03-05,1,40.05
16341,treatment,2026-03-10,0,
16342,treatment,2026-03-04,0,
16343,control,2026-03-14,0,
16344,treatment,2026-03-02,0,
16345,treatment,2026-03-05,0,
16346,treatment,2026-03-07,0,
16347,control,2026-03-03,0,
16348,treatment,2026-03-10,0,
16349,control,2026-03-05,0,
16350,control,2026-03-12,1,56.12
16351,control,2026-03-12,0,
16352,treatment,2026-03-14,0,
16353,treatment,2026-03-09,0,
16354,control,2026-03-14,0,
16355,treatment,2026-03-07,0,
16356,treatment,2026-03-03,0,
16357,treatment,2026-03-09,0,
16358,control,2026-03-13,1,59.36
16359,control,2026-03-11,0,
16360,treatment,2026-03-09,0,
16361,treatment,2026-03-14,0,
16362,control,2026-03-11,0,
16363,treatment,2026-03-06,0,
16364,control,2026-03-02,0,
16365,treatment,2026-03-03,0,
16366,control,2026-03-14,0,
16367,treatment,2026-03-05,0,
16368,control,2026-03-10,0,
16369,treatment,2026-03-12,1,44.66
16370,treatment,2026-03-08,0,
16371,control,2026-03-14,1,58.2
16372,control,2026-03-08,0,
16373,treatment,2026-03-11,1,68.11
16374,control,2026-03-01,0,
16375,control,2026-03-07,0,
16376,control,2026-03-04,0,
16377,treatment,2026-03-08,0,
16378,control,2026-03-13,0,
16379,control,2026-03-07,0,
16380,treatment,2026-03-07,0,
16381,treatment,2026-03-06,0,
16382,treatment,2026-03-14,0,
16383,control,2026-03-03,1,52.82
16384,control,2026-03-13,0,
16385,treatment,2026-03-12,1,72.43
16386,control,2026-03-01,0,
16387,control,2026-03-03,0,
16388,control,2026-03-12,0,
16389,control,2026-03-01,0,
16390,control,2026-03-04,1,50.46
16391,treatment,2026-03-08,0,
16392,treatment,2026-03-05,0,
16393,control,2026-03-10,0,
16394,treatment,2026-03-01,0,
16395,treatment,2026-03-01,1,46.27
16396,treatment,2026-03-12,0,
16397,control,2026-03-01,0,
16398,control,2026-03-10,0,
16399,treatment,2026-03-11,0,
16400,control,2026-03-10,0,
16401,treatment,2026-03-13,0,
16402,treatment,2026-03-01,0,
16403,control,2026-03-10,0,
16404,treatment,2026-03-12,1,33.92
16405,control,2026-03-08,0,
16406,treatment,2026-03-06,0,
16407,treatment,2026-03-05,1,48.57
16408,treatment,2026-03-11,0,
16409,control,2026-03-11,0,
16410,control,2026-03-01,0,
16411,treatment,2026-03-10,0,
16412,control,2026-03-10,0,
16413,control,2026-03-10,0,
16414,treatment,2026-03-03,0,
16415,control,2026-03-03,0,
16416,control,2026-03-03,0,
16417,control,2026-03-04,0,
16418,control,2026-03-01,0,
16419,control,2026-03-07,0,
16420,control,2026-03-13,0,
16421,treatment,2026-03-04,0,
16422,control,2026-03-07,0,
16423,treatment,2026-03-09,0,
16424,control,2026-03-10,0,
16425,treatment,2026-03-01,0,
16426,treatment,2026-03-02,0,
16427,treatment,2026-03-09,0,
16428,treatment,2026-03-12,0,
16429,control,2026-03-09,0,
16430,control,2026-03-04,0,
16431,control,2026-03-12,0,
16432,treatment,2026-03-05,0,
16433,treatment,2026-03-02,0,
16434,control,2026-03-11,0,
16435,treatment,2026-03-12,0,
16436,treatment,2026-03-03,0,
16437,control,2026-03-06,0,
16438,control,2026-03-06,0,
16439,control,2026-03-05,0,
16440,treatment,2026-03-10,0,
16441,treatment,2026-03-08,1,50.12
16442,treatment,2026-03-14,0,
16443,control,2026-03-02,0,
16444,control,2026-03-03,0,
16445,treatment,2026-03-02,0,
16446,treatment,2026-03-13,0,
16447,treatment,2026-03-08,0,
16448,control,2026-03-02,0,
16449,treatment,2026-03-02,0,
16450,treatment,2026-03-07,1,31.53
16451,treatment,2026-03-08,0,
16452,control,2026-03-06,0,
16453,treatment,2026-03-11,1,12.82
16454,treatment,2026-03-10,1,23.97
16455,treatment,2026-03-03,0,
16456,control,2026-03-11,0,
16457,treatment,2026-03-01,0,
16458,treatment,2026-03-12,0,
16459,control,2026-03-01,0,
16460,control,2026-03-07,0,
16461,control,2026-03-02,0,
16462,control,2026-03-13,0,
16463,control,2026-03-14,0,
16464,control,2026-03-08,0,
16465,control,2026-03-02,0,
16466,treatment,2026-03-05,0,
16467,treatment,2026-03-03,0,
16468,treatment,2026-03-06,0,
16469,control,2026-03-10,0,
16470,treatment,2026-03-08,0,
16471,control,2026-03-11,0,
16472,treatment,2026-03-11,0,
16473,treatment,2026-03-07,0,
16474,control,2026-03-06,0,
16475,control,2026-03-12,0,
16476,treatment,2026-03-10,0,
16477,treatment,2026-03-02,0,
16478,control,2026-03-10,1,23.93
16479,treatment,2026-03-12,0,
16480,treatment,2026-03-05,1,53.09
16481,control,2026-03-11,0,
16482,control,2026-03-10,1,70.02
16483,control,2026-03-04,1,39.09
16484,control,2026-03-05,0,
16485,treatment,2026-03-10,1,73.08
16486,treatment,2026-03-04,0,
16487,control,2026-03-03,0,
16488,treatment,2026-03-08,1,56.31
16489,treatment,2026-03-06,0,
16490,control,2026-03-08,0,
16491,treatment,2026-03-06,0,
16492,control,2026-03-09,0,
16493,control,2026-03-07,0,
16494,control,2026-03-13,0,
16495,treatment,2026-03-08,0,
16496,treatment,2026-03-08,0,
16497,control,2026-03-11,0,
16498,control,2026-03-09,0,
16499,treatment,2026-03-08,0,
16500,treatment,2026-03-04,0,
16501,treatment,2026-03-11,0,
16502,control,2026-03-04,0,
16503,control,2026-03-12,0,
16504,treatment,2026-03-13,1,32.3
16505,treatment,2026-03-08,0,
16506,control,2026-03-04,0,
16507,control,2026-03-12,0,
16508,control,2026-03-05,1,46.58
16509,treatment,2026-03-03,1,22.08
16510,treatment,2026-03-01,0,
16511,treatment,2026-03-14,1,29.24
16512,treatment,2026-03-12,1,35.09
16513,control,2026-03-12,0,
16514,treatment,2026-03-11,0,
16515,control,2026-03-06,0,
16516,control,2026-03-01,0,
16517,treatment,2026-03-08,0,
16518,control,2026-03-14,0,
16519,control,2026-03-08,0,
16520,control,2026-03-08,0,
16521,treatment,2026-03-07,0,
16522,control,2026-03-04,0,
16523,treatment,2026-03-08,0,
16524,control,2026-03-01,0,
16525,treatment,2026-03-14,0,
16526,treatment,2026-03-04,0,
16527,treatment,2026-03-06,0,
16528,treatment,2026-03-13,0,
16529,treatment,2026-03-02,0,
16530,treatment,2026-03-10,0,
16531,treatment,2026-03-11,0,
16532,control,2026-03-03,0,
16533,treatment,2026-03-12,0,
16534,treatment,2026-03-01,0,
16535,control,2026-03-05,1,71.37
16536,control,2026-03-01,0,
16537,control,2026-03-13,0,
16538,control,2026-03-10,0,
16539,treatment,2026-03-09,0,
16540,control,2026-03-09,0,
16541,treatment,2026-03-14,0,
16542,treatment,2026-03-08,0,
16543,control,2026-03-14,0,
16544,treatment,2026-03-13,0,
16545,control,2026-03-10,0,
16546,control,2026-03-11,0,
16547,control,2026-03-14,1,35.29
16548,treatment,2026-03-14,0,
16549,control,2026-03-02,0,
16550,control,2026-03-03,0,
16551,control,2026-03-03,0,
16552,treatment,2026-03-06,0,
16553,control,2026-03-07,0,
16554,treatment,2026-03-02,0,
16555,treatment,2026-03-07,0,
16556,treatment,2026-03-04,0,
16557,control,2026-03-08,1,32.06
16558,control,2026-03-13,0,
16559,control,2026-03-02,0,
16560,control,2026-03-04,0,
16561,control,2026-03-13,1,36.79
16562,control,2026-03-09,0,
16563,control,2026-03-06,0,
16564,treatment,2026-03-14,0,
16565,treatment,2026-03-05,0,
16566,treatment,2026-03-03,0,
16567,control,2026-03-01,0,
16568,control,2026-03-04,0,
16569,control,2026-03-03,0,
16570,control,2026-03-14,0,
16571,treatment,2026-03-02,1,48.27
16572,treatment,2026-03-02,0,
16573,control,2026-03-06,0,
16574,control,2026-03-12,0,
16575,treatment,2026-03-05,0,
16576,control,2026-03-09,0,
16577,control,2026-03-07,0,
16578,control,2026-03-09,0,
16579,treatment,2026-03-13,0,
16580,control,2026-03-14,0,
16581,control,2026-03-09,0,
16582,treatment,2026-03-09,0,
16583,control,2026-03-04,1,57.21
16584,treatment,2026-03-11,0,
16585,control,2026-03-06,0,
16586,control,2026-03-09,0,
16587,control,2026-03-11,1,25.57
16588,control,2026-03-07,0,
16589,treatment,2026-03-13,0,
16590,treatment,2026-03-05,0,
16591,treatment,2026-03-01,0,
16592,control,2026-03-04,0,
16593,control,2026-03-07,0,
16594,treatment,2026-03-10,0,
16595,control,2026-03-05,0,
16596,treatment,2026-03-07,0,
16597,treatment,2026-03-01,1,38.19
16598,control,2026-03-01,0,
16599,control,2026-03-06,0,
16600,treatment,2026-03-04,0,
16601,control,2026-03-08,0,
16602,control,2026-03-13,0,
16603,treatment,2026-03-06,1,70.0
16604,control,2026-03-07,0,
16605,control,2026-03-04,0,
16606,treatment,2026-03-03,0,
16607,control,2026-03-08,1,87.65
16608,treatment,2026-03-04,0,
16609,control,2026-03-14,1,30.91
16610,treatment,2026-03-06,0,
16611,control,2026-03-11,0,
16612,treatment,2026-03-11,1,45.83
16613,treatment,2026-03-09,0,
16614,control,2026-03-06,1,50.01
16615,treatment,2026-03-09,0,
16616,control,2026-03-09,1,48.22
16617,treatment,2026-03-12,0,
16618,treatment,2026-03-04,0,
16619,treatment,2026-03-11,0,
16620,control,2026-03-02,0,
16621,control,2026-03-12,0,
16622,treatment,2026-03-07,0,
16623,control,2026-03-13,1,44.83
16624,control,2026-03-08,0,
16625,treatment,2026-03-07,0,
16626,treatment,2026-03-09,0,
16627,control,2026-03-03,0,
16628,control,2026-03-02,0,
16629,treatment,2026-03-08,0,
16630,control,2026-03-13,0,
16631,treatment,2026-03-04,0,
16632,control,2026-03-11,0,
16633,treatment,2026-03-06,0,
16634,treatment,2026-03-12,1,33.16
16635,treatment,2026-03-12,0,
16636,treatment,2026-03-07,0,
16637,control,2026-03-11,0,
16638,treatment,2026-03-04,0,
16639,treatment,2026-03-08,0,
16640,control,2026-03-05,0,
16641,control,2026-03-01,0,
16642,treatment,2026-03-07,0,
16643,treatment,2026-03-06,0,
16644,treatment,2026-03-14,0,
16645,treatment,2026-03-14,1,78.56
16646,treatment,2026-03-10,0,
16647,treatment,2026-03-11,0,
16648,control,2026-03-08,0,
16649,treatment,2026-03-06,0,
16650,treatment,2026-03-12,1,84.22
16651,treatment,2026-03-02,0,
16652,treatment,2026-03-04,0,
16653,control,2026-03-13,0,
16654,control,2026-03-14,0,
16655,treatment,2026-03-06,0,
16656,treatment,2026-03-13,1,27.71
16657,control,2026-03-10,0,
16658,treatment,2026-03-07,0,
16659,treatment,2026-03-07,0,
16660,control,2026-03-10,0,
16661,control,2026-03-04,0,
16662,control,2026-03-02,0,
16663,treatment,2026-03-05,0,
16664,control,2026-03-01,0,
16665,treatment,2026-03-07,0,
16666,treatment,2026-03-14,0,
16667,treatment,2026-03-09,0,
16668,treatment,2026-03-11,1,43.47
16669,control,2026-03-03,1,55.64
16670,treatment,2026-03-14,0,
16671,control,2026-03-03,0,
16672,treatment,2026-03-03,0,
16673,treatment,2026-03-13,0,
16674,control,2026-03-01,1,60.2
16675,control,2026-03-08,0,
16676,control,2026-03-14,0,
16677,control,2026-03-04,0,
16678,treatment,2026-03-14,1,46.65
16679,treatment,2026-03-01,0,
16680,treatment,2026-03-10,0,
16681,treatment,2026-03-11,0,
16682,control,2026-03-06,0,
16683,control,2026-03-05,0,
16684,treatment,2026-03-09,0,
16685,treatment,2026-03-11,0,
16686,control,2026-03-01,0,
16687,treatment,2026-03-01,0,
16688,treatment,2026-03-01,0,
16689,treatment,2026-03-08,0,
16690,control,2026-03-04,0,
16691,treatment,2026-03-04,0,
16692,control,2026-03-13,0,
16693,treatment,2026-03-05,0,
16694,treatment,2026-03-04,0,
16695,control,2026-03-06,0,
16696,control,2026-03-06,0,
16697,control,2026-03-09,0,
16698,treatment,2026-03-06,0,
16699,treatment,2026-03-11,0,
16700,treatment,2026-03-05,0,
16701,control,2026-03-09,0,
16702,treatment,2026-03-14,0,
16703,treatment,2026-03-08,0,
16704,treatment,2026-03-07,0,
16705,treatment,2026-03-10,0,
16706,control,2026-03-09,1,14.57
16707,control,2026-03-03,0,
16708,control,2026-03-06,0,
16709,treatment,2026-03-05,0,
16710,treatment,2026-03-11,1,44.72
16711,control,2026-03-01,0,
16712,control,2026-03-10,0,
16713,treatment,2026-03-07,0,
16714,control,2026-03-07,1,33.16
16715,control,2026-03-14,0,
16716,control,2026-03-12,0,
16717,control,2026-03-03,0,
16718,control,2026-03-01,0,
16719,treatment,2026-03-01,0,
16720,treatment,2026-03-08,0,
16721,control,2026-03-05,0,
16722,control,2026-03-10,1,47.66
16723,control,2026-03-02,1,33.85
16724,treatment,2026-03-12,0,
16725,treatment,2026-03-01,0,
16726,treatment,2026-03-06,1,21.32
16727,treatment,2026-03-08,0,
16728,treatment,2026-03-14,0,
16729,treatment,2026-03-11,0,
16730,control,2026-03-07,0,
16731,treatment,2026-03-07,0,
16732,treatment,2026-03-08,0,
16733,control,2026-03-10,0,
16734,control,2026-03-02,0,
16735,control,2026-03-11,0,
16736,treatment,2026-03-06,1,25.44
16737,control,2026-03-12,0,
16738,control,2026-03-11,1,65.44
16739,treatment,2026-03-11,0,
16740,treatment,2026-03-14,0,
16741,control,2026-03-09,0,
16742,control,2026-03-14,0,
16743,control,2026-03-10,0,
16744,control,2026-03-07,0,
16745,control,2026-03-11,0,
16746,treatment,2026-03-05,0,
16747,treatment,2026-03-11,0,
16748,control,2026-03-14,0,
16749,treatment,2026-03-06,0,
16750,control,2026-03-12,0,
16751,control,2026-03-01,0,
16752,control,2026-03-12,1,38.1
16753,control,2026-03-10,1,50.4
16754,treatment,2026-03-03,0,
16755,treatment,2026-03-06,0,
16756,treatment,2026-03-01,0,
16757,control,2026-03-04,0,
16758,control,2026-03-13,0,
16759,treatment,2026-03-10,0,
16760,control,2026-03-14,0,
16761,treatment,2026-03-04,0,
16762,treatment,2026-03-04,0,
16763,treatment,2026-03-02,0,
16764,control,2026-03-05,0,
16765,treatment,2026-03-04,0,
16766,treatment,2026-03-03,0,
16767,treatment,2026-03-10,0,
16768,control,2026-03-05,0,
16769,treatment,2026-03-04,0,
16770,treatment,2026-03-13,1,32.58
16771,treatment,2026-03-07,0,
16772,control,2026-03-04,1,46.28
16773,control,2026-03-06,1,46.1
16774,treatment,2026-03-08,0,
16775,treatment,2026-03-09,0,
16776,treatment,2026-03-11,0,
16777,control,2026-03-03,0,
16778,treatment,2026-03-09,0,
16779,treatment,2026-03-12,0,
16780,control,2026-03-13,0,
16781,control,2026-03-10,0,
16782,control,2026-03-01,0,
16783,treatment,2026-03-03,0,
16784,treatment,2026-03-12,0,
16785,control,2026-03-04,0,
16786,treatment,2026-03-05,0,
16787,treatment,2026-03-06,0,
16788,treatment,2026-03-08,0,
16789,treatment,2026-03-14,1,70.34
16790,treatment,2026-03-11,0,
16791,control,2026-03-02,0,
16792,treatment,2026-03-13,0,
16793,control,2026-03-07,0,
16794,treatment,2026-03-06,0,
16795,control,2026-03-11,1,34.1
16796,treatment,2026-03-08,0,
16797,treatment,2026-03-01,0,
16798,treatment,2026-03-10,0,
16799,treatment,2026-03-01,1,17.92
16800,treatment,2026-03-03,0,
16801,treatment,2026-03-10,0,
16802,treatment,2026-03-01,0,
16803,control,2026-03-01,0,
16804,control,2026-03-08,0,
16805,control,2026-03-07,0,
16806,treatment,2026-03-07,0,
16807,control,2026-03-13,0,
16808,treatment,2026-03-09,0,
16809,control,2026-03-05,0,
16810,treatment,2026-03-03,0,
16811,control,2026-03-12,0,
16812,control,2026-03-03,0,
16813,treatment,2026-03-02,0,
16814,control,2026-03-03,0,
16815,control,2026-03-03,0,
16816,control,2026-03-10,0,
16817,treatment,2026-03-13,0,
16818,control,2026-03-06,0,
16819,treatment,2026-03-01,0,
16820,control,2026-03-04,0,
16821,control,2026-03-04,0,
16822,control,2026-03-08,0,
16823,control,2026-03-08,0,
16824,control,2026-03-06,0,
16825,treatment,2026-03-03,0,
16826,treatment,2026-03-07,0,
16827,control,2026-03-06,0,
16828,control,2026-03-12,0,
16829,treatment,2026-03-12,0,
16830,control,2026-03-11,0,
16831,control,2026-03-10,0,
16832,treatment,2026-03-13,0,
16833,control,2026-03-08,0,
16834,treatment,2026-03-03,1,29.11
16835,treatment,2026-03-06,1,92.85
16836,control,2026-03-03,0,
16837,control,2026-03-04,0,
16838,treatment,2026-03-03,0,
16839,control,2026-03-04,0,
16840,control,2026-03-12,0,
16841,control,2026-03-04,0,
16842,treatment,2026-03-02,0,
16843,control,2026-03-02,0,
16844,treatment,2026-03-12,0,
16845,control,2026-03-01,0,
16846,control,2026-03-14,1,28.05
16847,treatment,2026-03-01,0,
16848,treatment,2026-03-10,0,
16849,treatment,2026-03-10,0,
16850,treatment,2026-03-07,0,
16851,treatment,2026-03-07,0,
16852,control,2026-03-07,0,
16853,control,2026-03-12,1,65.01
16854,control,2026-03-01,1,119.71
16855,control,2026-03-01,0,
16856,control,2026-03-13,0,
16857,control,2026-03-09,0,
16858,treatment,2026-03-12,0,
16859,control,2026-03-11,0,
16860,treatment,2026-03-05,0,
16861,treatment,2026-03-05,0,
16862,control,2026-03-02,0,
16863,control,2026-03-06,0,
16864,treatment,2026-03-02,0,
16865,control,2026-03-08,0,
16866,control,2026-03-13,1,36.67
16867,treatment,2026-03-05,0,
16868,control,2026-03-01,0,
16869,treatment,2026-03-07,0,
16870,treatment,2026-03-12,0,
16871,control,2026-03-04,0,
16872,treatment,2026-03-01,0,
16873,treatment,2026-03-01,0,
16874,control,2026-03-07,0,
16875,control,2026-03-01,0,
16876,treatment,2026-03-07,0,
16877,treatment,2026-03-12,0,
16878,treatment,2026-03-07,0,
16879,treatment,2026-03-01,0,
16880,control,2026-03-03,0,
16881,treatment,2026-03-14,0,
16882,treatment,2026-03-01,0,
16883,treatment,2026-03-07,0,
16884,treatment,2026-03-08,0,
16885,control,2026-03-12,1,28.43
16886,control,2026-03-05,0,
16887,treatment,2026-03-09,1,20.55
16888,control,2026-03-11,0,
16889,control,2026-03-02,1,106.1
16890,treatment,2026-03-06,1,46.91
16891,control,2026-03-14,0,
16892,treatment,2026-03-03,1,35.54
16893,treatment,2026-03-08,0,
16894,control,2026-03-03,1,48.49
16895,treatment,2026-03-05,0,
16896,control,2026-03-10,0,
16897,control,2026-03-02,1,42.92
16898,control,2026-03-13,0,
16899,control,2026-03-07,0,
16900,treatment,2026-03-04,0,
16901,treatment,2026-03-01,0,
16902,treatment,2026-03-14,0,
16903,treatment,2026-03-06,0,
16904,control,2026-03-09,1,47.24
16905,control,2026-03-08,0,
16906,treatment,2026-03-13,0,
16907,control,2026-03-14,0,
16908,treatment,2026-03-13,0,
16909,control,2026-03-01,0,
16910,control,2026-03-07,1,59.4
16911,control,2026-03-10,0,
16912,treatment,2026-03-12,0,
16913,treatment,2026-03-04,0,
16914,treatment,2026-03-04,0,
16915,treatment,2026-03-05,0,
16916,control,2026-03-14,0,
16917,control,2026-03-10,0,
16918,treatment,2026-03-08,0,
16919,control,2026-03-11,0,
16920,control,2026-03-12,0,
16921,control,2026-03-12,0,
16922,control,2026-03-10,0,
16923,control,2026-03-04,1,84.92
16924,treatment,2026-03-04,0,
16925,control,2026-03-05,0,
16926,control,2026-03-09,1,24.88
16927,treatment,2026-03-14,1,43.95
16928,treatment,2026-03-13,0,
16929,treatment,2026-03-13,0,
16930,control,2026-03-13,0,
16931,treatment,2026-03-01,0,
16932,treatment,2026-03-04,0,
16933,control,2026-03-12,0,
16934,treatment,2026-03-02,0,
16935,control,2026-03-13,0,
16936,control,2026-03-12,0,
16937,control,2026-03-06,0,
16938,treatment,2026-03-10,0,
16939,treatment,2026-03-05,0,
16940,control,2026-03-07,0,
16941,treatment,2026-03-13,1,35.3
16942,treatment,2026-03-07,0,
16943,treatment,2026-03-10,0,
16944,treatment,2026-03-03,0,
16945,treatment,2026-03-12,0,
16946,treatment,2026-03-01,0,
16947,treatment,2026-03-12,1,35.46
16948,treatment,2026-03-09,0,
16949,treatment,2026-03-07,1,64.86
16950,treatment,2026-03-08,0,
16951,treatment,2026-03-01,0,
16952,control,2026-03-11,1,32.76
16953,control,2026-03-05,0,
16954,control,2026-03-13,0,
16955,treatment,2026-03-01,0,
16956,control,2026-03-07,0,
16957,treatment,2026-03-04,1,38.89
16958,treatment,2026-03-04,0,
16959,control,2026-03-14,0,
16960,treatment,2026-03-07,0,
16961,treatment,2026-03-13,1,71.02
16962,treatment,2026-03-03,0,
16963,control,2026-03-02,1,118.26
16964,control,2026-03-05,1,75.09
16965,control,2026-03-06,0,
16966,control,2026-03-06,0,
16967,treatment,2026-03-13,0,
16968,control,2026-03-06,0,
16969,treatment,2026-03-03,0,
16970,treatment,2026-03-01,0,
16971,treatment,2026-03-06,0,
16972,control,2026-03-03,0,
16973,treatment,2026-03-10,0,
16974,treatment,2026-03-12,0,
16975,treatment,2026-03-12,1,21.06
16976,treatment,2026-03-01,0,
16977,treatment,2026-03-03,0,
16978,control,2026-03-05,0,
16979,treatment,2026-03-07,0,
16980,treatment,2026-03-12,1,62.7
16981,control,2026-03-07,1,32.96
16982,control,2026-03-01,0,
16983,control,2026-03-11,0,
16984,control,2026-03-05,1,47.32
16985,treatment,2026-03-05,0,
16986,treatment,2026-03-02,0,
16987,treatment,2026-03-08,0,
16988,control,2026-03-09,0,
16989,treatment,2026-03-10,0,
16990,treatment,2026-03-06,0,
16991,control,2026-03-14,1,50.47
16992,control,2026-03-14,0,
16993,treatment,2026-03-03,0,
16994,treatment,2026-03-02,0,
16995,control,2026-03-10,0,
16996,treatment,2026-03-06,0,
16997,control,2026-03-03,0,
16998,treatment,2026-03-13,1,57.4
16999,treatment,2026-03-11,0,
17000,control,2026-03-10,0,
17001,control,2026-03-02,1,61.06
17002,control,2026-03-08,0,
17003,control,2026-03-05,0,
17004,treatment,2026-03-11,0,
17005,control,2026-03-14,0,
17006,control,2026-03-07,0,
17007,control,2026-03-04,0,
17008,treatment,2026-03-04,0,
17009,control,2026-03-05,0,
17010,control,2026-03-06,1,47.18
17011,control,2026-03-05,0,
17012,treatment,2026-03-11,0,
17013,treatment,2026-03-10,1,67.25
17014,control,2026-03-10,0,
17015,treatment,2026-03-14,1,23.41
17016,control,2026-03-13,0,
17017,treatment,2026-03-14,0,
17018,control,2026-03-13,0,
17019,control,2026-03-08,1,55.67
17020,control,2026-03-06,0,
17021,treatment,2026-03-14,0,
17022,treatment,2026-03-06,1,82.78
17023,control,2026-03-12,0,
17024,treatment,2026-03-04,0,
17025,control,2026-03-04,1,27.47
17026,control,2026-03-04,0,
17027,control,2026-03-10,0,
17028,treatment,2026-03-01,0,
17029,treatment,2026-03-04,0,
17030,treatment,2026-03-10,0,
17031,treatment,2026-03-05,0,
17032,control,2026-03-03,0,
17033,control,2026-03-03,0,
17034,control,2026-03-14,0,
17035,control,2026-03-14,0,
17036,control,2026-03-07,1,35.08
17037,control,2026-03-07,1,39.82
17038,control,2026-03-09,0,
17039,control,2026-03-09,0,
17040,control,2026-03-11,0,
17041,treatment,2026-03-10,1,50.7
17042,control,2026-03-05,0,
17043,control,2026-03-06,0,
17044,treatment,2026-03-03,0,
17045,treatment,2026-03-11,0,
17046,control,2026-03-13,0,
17047,control,2026-03-11,0,
17048,treatment,2026-03-10,0,
17049,control,2026-03-02,0,
17050,control,2026-03-04,0,
17051,treatment,2026-03-05,0,
17052,control,2026-03-04,0,
17053,control,2026-03-08,0,
17054,treatment,2026-03-09,0,
17055,treatment,2026-03-04,1,53.65
17056,control,2026-03-11,0,
17057,treatment,2026-03-04,0,
17058,treatment,2026-03-13,0,
17059,treatment,2026-03-09,0,
17060,treatment,2026-03-01,0,
17061,control,2026-03-04,0,
17062,treatment,2026-03-05,0,
17063,control,2026-03-12,0,
17064,treatment,2026-03-07,0,
17065,control,2026-03-03,1,25.49
17066,treatment,2026-03-11,1,58.59
17067,control,2026-03-02,1,74.83
17068,treatment,2026-03-07,0,
17069,treatment,2026-03-01,0,
17070,treatment,2026-03-11,0,
17071,control,2026-03-05,0,
17072,control,2026-03-04,0,
17073,treatment,2026-03-11,0,
17074,treatment,2026-03-05,0,
17075,treatment,2026-03-09,0,
17076,treatment,2026-03-03,0,
17077,treatment,2026-03-07,0,
17078,control,2026-03-05,0,
17079,control,2026-03-02,0,
17080,control,2026-03-05,0,
17081,treatment,2026-03-03,0,
17082,treatment,2026-03-08,0,
17083,treatment,2026-03-14,0,
17084,control,2026-03-14,0,
17085,treatment,2026-03-02,0,
17086,treatment,2026-03-12,0,
17087,treatment,2026-03-08,0,
17088,control,2026-03-05,0,
17089,control,2026-03-03,0,
17090,treatment,2026-03-06,0,
17091,treatment,2026-03-10,1,50.45
17092,control,2026-03-03,0,
17093,treatment,2026-03-06,0,
17094,control,2026-03-03,0,
17095,treatment,2026-03-14,0,
17096,treatment,2026-03-01,0,
17097,treatment,2026-03-13,0,
17098,control,2026-03-04,1,89.73
17099,control,2026-03-09,1,48.33
17100,treatment,2026-03-03,1,47.17
17101,treatment,2026-03-10,0,
17102,control,2026-03-07,0,
17103,control,2026-03-03,1,26.95
17104,control,2026-03-06,0,
17105,control,2026-03-12,0,
17106,control,2026-03-08,0,
17107,control,2026-03-13,0,
17108,control,2026-03-05,0,
17109,treatment,2026-03-01,0,
17110,control,2026-03-09,0,
17111,treatment,2026-03-08,0,
17112,treatment,2026-03-13,0,
17113,treatment,2026-03-07,0,
17114,control,2026-03-11,0,
17115,treatment,2026-03-11,0,
17116,control,2026-03-10,1,48.74
17117,treatment,2026-03-14,0,
17118,control,2026-03-01,0,
17119,treatment,2026-03-01,0,
17120,control,2026-03-08,1,36.22
17121,treatment,2026-03-01,0,
17122,treatment,2026-03-11,0,
17123,control,2026-03-04,1,50.85
17124,treatment,2026-03-07,0,
17125,control,2026-03-05,0,
17126,control,2026-03-13,0,
17127,treatment,2026-03-12,0,
17128,control,2026-03-11,0,
17129,treatment,2026-03-13,0,
17130,treatment,2026-03-12,0,
17131,treatment,2026-03-02,0,
17132,control,2026-03-01,0,
17133,treatment,2026-03-14,0,
17134,treatment,2026-03-10,0,
17135,control,2026-03-05,0,
17136,treatment,2026-03-11,0,
17137,control,2026-03-01,0,
17138,control,2026-03-10,0,
17139,treatment,2026-03-10,0,
17140,control,2026-03-09,1,66.65
17141,treatment,2026-03-11,0,
17142,control,2026-03-01,1,52.77
17143,treatment,2026-03-08,0,
17144,control,2026-03-03,0,
17145,treatment,2026-03-12,0,
17146,control,2026-03-04,0,
17147,treatment,2026-03-10,0,
17148,treatment,2026-03-07,0,
17149,treatment,2026-03-04,0,
17150,treatment,2026-03-06,0,
17151,control,2026-03-01,0,
17152,control,2026-03-14,0,
17153,treatment,2026-03-14,1,44.63
17154,treatment,2026-03-09,1,37.48
17155,treatment,2026-03-06,1,58.66
17156,treatment,2026-03-03,0,
17157,control,2026-03-09,0,
17158,control,2026-03-10,0,
17159,treatment,2026-03-13,0,
17160,treatment,2026-03-05,0,
17161,control,2026-03-01,0,
17162,control,2026-03-01,1,82.98
17163,treatment,2026-03-10,0,
17164,control,2026-03-01,0,
17165,treatment,2026-03-10,0,
17166,control,2026-03-01,0,
17167,treatment,2026-03-12,0,
17168,treatment,2026-03-04,0,
17169,control,2026-03-05,1,30.6
17170,treatment,2026-03-10,0,
17171,treatment,2026-03-05,0,
17172,treatment,2026-03-08,0,
17173,control,2026-03-03,0,
17174,control,2026-03-13,0,
17175,treatment,2026-03-08,0,
17176,treatment,2026-03-10,0,
17177,control,2026-03-01,0,
17178,control,2026-03-10,0,
17179,control,2026-03-05,1,92.03
17180,treatment,2026-03-13,0,
17181,treatment,2026-03-04,0,
17182,treatment,2026-03-01,0,
17183,control,2026-03-08,0,
17184,control,2026-03-02,0,
17185,treatment,2026-03-14,0,
17186,treatment,2026-03-04,0,
17187,control,2026-03-08,0,
17188,control,2026-03-04,0,
17189,treatment,2026-03-08,0,
17190,treatment,2026-03-13,0,
17191,control,2026-03-05,1,42.89
17192,treatment,2026-03-01,0,
17193,control,2026-03-08,0,
17194,treatment,2026-03-05,0,
17195,treatment,2026-03-01,0,
17196,control,2026-03-08,0,
17197,control,2026-03-06,1,25.68
17198,treatment,2026-03-10,0,
17199,treatment,2026-03-11,1,59.29
17200,treatment,2026-03-02,0,
17201,control,2026-03-12,0,
17202,treatment,2026-03-09,0,
17203,control,2026-03-06,0,
17204,treatment,2026-03-06,0,
17205,treatment,2026-03-07,1,45.99
17206,control,2026-03-07,0,
17207,control,2026-03-08,0,
17208,treatment,2026-03-02,0,
17209,treatment,2026-03-06,0,
17210,control,2026-03-01,0,
17211,control,2026-03-03,0,
17212,treatment,2026-03-05,1,66.33
17213,treatment,2026-03-01,0,
17214,treatment,2026-03-11,0,
17215,treatment,2026-03-05,1,29.5
17216,treatment,2026-03-10,0,
17217,control,2026-03-13,0,
17218,control,2026-03-05,1,91.09
17219,treatment,2026-03-11,0,
17220,control,2026-03-11,0,
17221,control,2026-03-13,0,
17222,treatment,2026-03-01,1,14.4
17223,control,2026-03-07,0,
17224,treatment,2026-03-03,0,
17225,control,2026-03-02,0,
17226,treatment,2026-03-02,0,
17227,control,2026-03-14,0,
17228,control,2026-03-10,0,
17229,control,2026-03-04,0,
17230,treatment,2026-03-10,1,50.77
17231,control,2026-03-10,0,
17232,control,2026-03-13,0,
17233,control,2026-03-02,0,
17234,treatment,2026-03-13,0,
17235,treatment,2026-03-08,0,
17236,treatment,2026-03-06,0,
17237,control,2026-03-01,0,
17238,control,2026-03-10,0,
17239,control,2026-03-05,0,
17240,treatment,2026-03-10,1,59.96
17241,control,2026-03-02,0,
17242,control,2026-03-02,0,
17243,control,2026-03-02,0,
17244,treatment,2026-03-13,0,
17245,treatment,2026-03-04,0,
17246,treatment,2026-03-02,0,
17247,treatment,2026-03-14,1,41.34
17248,control,2026-03-14,0,
17249,treatment,2026-03-14,0,
17250,control,2026-03-14,0,
17251,control,2026-03-07,0,
17252,control,2026-03-12,0,
17253,treatment,2026-03-08,0,
17254,treatment,2026-03-05,1,76.62
17255,control,2026-03-13,0,
17256,treatment,2026-03-14,0,
17257,treatment,2026-03-13,0,
17258,treatment,2026-03-08,0,
17259,treatment,2026-03-12,0,
17260,treatment,2026-03-14,0,
17261,treatment,2026-03-09,0,
17262,treatment,2026-03-10,0,
17263,treatment,2026-03-02,0,
17264,control,2026-03-07,0,
17265,treatment,2026-03-07,1,39.07
17266,treatment,2026-03-06,0,
17267,treatment,2026-03-02,0,
17268,control,2026-03-01,0,
17269,treatment,2026-03-14,0,
17270,control,2026-03-07,0,
17271,control,2026-03-09,0,
17272,treatment,2026-03-13,0,
17273,treatment,2026-03-05,0,
17274,control,2026-03-06,0,
17275,control,2026-03-14,0,
17276,treatment,2026-03-13,0,
17277,control,2026-03-05,1,26.74
17278,control,2026-03-02,0,
17279,treatment,2026-03-11,0,
17280,treatment,2026-03-06,0,
17281,treatment,2026-03-04,1,32.12
17282,treatment,2026-03-04,0,
17283,control,2026-03-03,0,
17284,control,2026-03-03,0,
17285,control,2026-03-11,0,
17286,control,2026-03-06,0,
17287,control,2026-03-06,0,
17288,control,2026-03-04,0,
17289,control,2026-03-11,0,
17290,treatment,2026-03-11,0,
17291,treatment,2026-03-09,0,
17292,control,2026-03-05,0,
17293,control,2026-03-05,1,74.76
17294,control,2026-03-06,0,
17295,treatment,2026-03-14,0,
17296,treatment,2026-03-09,1,21.19
17297,treatment,2026-03-12,1,52.19
17298,control,2026-03-12,0,
17299,treatment,2026-03-12,0,
17300,control,2026-03-13,0,
17301,treatment,2026-03-09,0,
17302,treatment,2026-03-01,0,
17303,treatment,2026-03-13,1,20.83
17304,treatment,2026-03-13,1,53.93
17305,treatment,2026-03-14,0,
17306,treatment,2026-03-03,0,
17307,treatment,2026-03-02,0,
17308,treatment,2026-03-07,0,
17309,treatment,2026-03-07,1,26.93
17310,control,2026-03-05,0,
17311,control,2026-03-08,1,59.57
17312,treatment,2026-03-05,0,
17313,control,2026-03-07,0,
17314,treatment,2026-03-01,0,
17315,control,2026-03-05,0,
17316,treatment,2026-03-06,0,
17317,treatment,2026-03-14,0,
17318,control,2026-03-05,0,
17319,control,2026-03-08,0,
17320,treatment,2026-03-11,0,
17321,treatment,2026-03-14,1,48.17
17322,treatment,2026-03-12,0,
17323,control,2026-03-13,0,
17324,treatment,2026-03-02,1,60.82
17325,treatment,2026-03-12,1,28.91
17326,treatment,2026-03-09,0,
17327,treatment,2026-03-06,0,
17328,control,2026-03-14,0,
17329,treatment,2026-03-08,0,
17330,control,2026-03-13,0,
17331,control,2026-03-13,0,
17332,treatment,2026-03-10,0,
17333,treatment,2026-03-03,0,
17334,control,2026-03-12,1,42.67
17335,control,2026-03-14,0,
17336,treatment,2026-03-13,0,
17337,control,2026-03-14,0,
17338,control,2026-03-12,1,23.88
17339,control,2026-03-10,1,28.04
17340,control,2026-03-01,0,
17341,treatment,2026-03-13,0,
17342,treatment,2026-03-14,0,
17343,control,2026-03-10,1,42.52
17344,treatment,2026-03-12,0,
17345,control,2026-03-07,1,18.51
17346,control,2026-03-11,0,
17347,treatment,2026-03-04,0,
17348,treatment,2026-03-06,0,
17349,treatment,2026-03-11,0,
17350,control,2026-03-02,1,54.04
17351,control,2026-03-02,0,
17352,treatment,2026-03-13,0,
17353,treatment,2026-03-07,0,
17354,treatment,2026-03-09,0,
17355,control,2026-03-09,0,
17356,control,2026-03-07,0,
17357,treatment,2026-03-06,0,
17358,treatment,2026-03-06,0,
17359,treatment,2026-03-10,0,
17360,control,2026-03-07,0,
17361,treatment,2026-03-03,1,34.92
17362,treatment,2026-03-06,0,
17363,control,2026-03-01,0,
17364,treatment,2026-03-12,0,
17365,treatment,2026-03-07,0,
17366,treatment,2026-03-03,0,
17367,control,2026-03-03,0,
17368,treatment,2026-03-04,0,
17369,control,2026-03-11,0,
17370,treatment,2026-03-11,0,
17371,treatment,2026-03-02,0,
17372,control,2026-03-14,1,69.93
17373,treatment,2026-03-12,1,54.19
17374,control,2026-03-12,0,
17375,control,2026-03-06,1,47.79
17376,treatment,2026-03-06,0,
17377,treatment,2026-03-05,0,
17378,control,2026-03-05,0,
17379,treatment,2026-03-06,0,
17380,treatment,2026-03-14,0,
17381,treatment,2026-03-06,0,
17382,treatment,2026-03-04,0,
17383,control,2026-03-09,0,
17384,control,2026-03-06,0,
17385,control,2026-03-02,0,
17386,treatment,2026-03-07,0,
17387,treatment,2026-03-10,0,
17388,control,2026-03-03,0,
17389,treatment,2026-03-06,1,15.91
17390,control,2026-03-10,0,
17391,treatment,2026-03-03,1,60.11
17392,treatment,2026-03-09,0,
17393,control,2026-03-09,0,
17394,treatment,2026-03-06,0,
17395,control,2026-03-08,0,
17396,control,2026-03-08,0,
17397,control,2026-03-14,0,
17398,control,2026-03-09,0,
17399,treatment,2026-03-11,0,
17400,treatment,2026-03-02,1,64.39
17401,treatment,2026-03-12,0,
17402,treatment,2026-03-02,0,
17403,control,2026-03-09,0,
17404,control,2026-03-07,1,44.79
17405,treatment,2026-03-08,0,
17406,control,2026-03-03,0,
17407,treatment,2026-03-01,0,
17408,treatment,2026-03-12,0,
17409,treatment,2026-03-09,0,
17410,control,2026-03-02,0,
17411,treatment,2026-03-05,0,
17412,control,2026-03-05,0,
17413,control,2026-03-05,0,
17414,treatment,2026-03-05,0,
17415,control,2026-03-12,0,
17416,control,2026-03-12,0,
17417,treatment,2026-03-08,0,
17418,control,2026-03-04,0,
17419,control,2026-03-06,0,
17420,control,2026-03-09,0,
17421,control,2026-03-07,1,23.48
17422,control,2026-03-07,0,
17423,control,2026-03-13,1,34.17
17424,treatment,2026-03-12,0,
17425,treatment,2026-03-10,0,
17426,control,2026-03-01,0,
17427,treatment,2026-03-09,0,
17428,treatment,2026-03-01,0,
17429,treatment,2026-03-07,0,
17430,control,2026-03-03,0,
17431,control,2026-03-05,1,23.8
17432,treatment,2026-03-06,1,33.68
17433,treatment,2026-03-02,1,72.93
17434,treatment,2026-03-08,0,
17435,control,2026-03-07,0,
17436,control,2026-03-10,1,46.81
17437,control,2026-03-07,0,
17438,control,2026-03-09,0,
17439,treatment,2026-03-13,0,
17440,treatment,2026-03-02,0,
17441,control,2026-03-08,0,
17442,treatment,2026-03-09,0,
17443,treatment,2026-03-05,0,
17444,treatment,2026-03-11,1,47.32
17445,treatment,2026-03-02,1,46.29
17446,control,2026-03-12,1,26.35
17447,treatment,2026-03-13,0,
17448,control,2026-03-09,0,
17449,control,2026-03-05,0,
17450,control,2026-03-04,0,
17451,control,2026-03-11,0,
17452,control,2026-03-02,0,
17453,treatment,2026-03-07,0,
17454,treatment,2026-03-11,0,
17455,control,2026-03-05,1,79.66
17456,treatment,2026-03-11,0,
17457,control,2026-03-08,0,
17458,control,2026-03-12,0,
17459,control,2026-03-14,1,53.19
17460,treatment,2026-03-06,0,
17461,control,2026-03-01,0,
17462,control,2026-03-04,1,63.76
17463,control,2026-03-09,0,
17464,treatment,2026-03-07,0,
17465,treatment,2026-03-02,1,40.1
17466,control,2026-03-04,0,
17467,control,2026-03-10,0,
17468,control,2026-03-06,0,
17469,treatment,2026-03-06,1,33.36
17470,treatment,2026-03-05,0,
17471,treatment,2026-03-06,1,54.13
17472,treatment,2026-03-10,0,
17473,control,2026-03-13,0,
17474,treatment,2026-03-09,0,
17475,control,2026-03-02,0,
17476,treatment,2026-03-04,1,13.04
17477,control,2026-03-04,0,
17478,treatment,2026-03-13,0,
17479,control,2026-03-05,1,62.63
17480,control,2026-03-05,0,
17481,control,2026-03-04,0,
17482,treatment,2026-03-02,0,
17483,control,2026-03-09,1,37.4
17484,treatment,2026-03-04,1,33.31
17485,treatment,2026-03-02,0,
17486,control,2026-03-06,0,
17487,control,2026-03-03,0,
17488,treatment,2026-03-12,0,
17489,treatment,2026-03-10,0,
17490,control,2026-03-09,1,54.75
17491,treatment,2026-03-12,0,
17492,control,2026-03-13,1,25.26
17493,control,2026-03-12,0,
17494,treatment,2026-03-02,0,
17495,treatment,2026-03-13,0,
17496,treatment,2026-03-08,0,
17497,treatment,2026-03-11,0,
17498,treatment,2026-03-09,0,
17499,treatment,2026-03-05,1,78.22
17500,treatment,2026-03-04,0,
17501,control,2026-03-02,0,
17502,control,2026-03-07,0,
17503,control,2026-03-13,0,
17504,treatment,2026-03-14,0,
17505,treatment,2026-03-09,0,
17506,control,2026-03-01,0,
17507,control,2026-03-12,0,
17508,treatment,2026-03-12,0,
17509,control,2026-03-10,0,
17510,control,2026-03-14,0,
17511,control,2026-03-12,1,36.2
17512,treatment,2026-03-07,0,
17513,control,2026-03-11,0,
17514,treatment,2026-03-11,0,
17515,treatment,2026-03-02,0,
17516,treatment,2026-03-14,0,
17517,treatment,2026-03-10,0,
17518,treatment,2026-03-01,0,
17519,treatment,2026-03-02,1,111.51
17520,treatment,2026-03-08,0,
17521,control,2026-03-08,0,
17522,treatment,2026-03-05,1,71.75
17523,treatment,2026-03-01,0,
17524,treatment,2026-03-07,1,20.51
17525,treatment,2026-03-02,0,
17526,control,2026-03-08,0,
17527,treatment,2026-03-13,0,
17528,treatment,2026-03-03,0,
17529,control,2026-03-07,0,
17530,control,2026-03-12,0,
17531,control,2026-03-09,0,
17532,treatment,2026-03-10,0,
17533,treatment,2026-03-10,0,
17534,control,2026-03-13,1,41.16
17535,treatment,2026-03-05,0,
17536,control,2026-03-01,0,
17537,treatment,2026-03-12,0,
17538,control,2026-03-10,0,
17539,control,2026-03-10,0,
17540,treatment,2026-03-04,1,62.9
17541,treatment,2026-03-14,0,
17542,treatment,2026-03-09,0,
17543,control,2026-03-07,0,
17544,control,2026-03-02,0,
17545,treatment,2026-03-09,0,
17546,control,2026-03-01,0,
17547,treatment,2026-03-09,0,
17548,treatment,2026-03-05,0,
17549,treatment,2026-03-10,0,
17550,treatment,2026-03-01,0,
17551,treatment,2026-03-07,0,
17552,treatment,2026-03-06,0,
17553,treatment,2026-03-02,0,
17554,control,2026-03-02,0,
17555,control,2026-03-07,0,
17556,control,2026-03-13,0,
17557,control,2026-03-01,1,71.84
17558,control,2026-03-08,0,
17559,treatment,2026-03-02,1,40.09
17560,treatment,2026-03-01,1,66.25
17561,control,2026-03-10,0,
17562,treatment,2026-03-03,0,
17563,control,2026-03-10,1,48.64
17564,treatment,2026-03-09,1,72.13
17565,treatment,2026-03-03,0,
17566,treatment,2026-03-06,0,
17567,control,2026-03-04,0,
17568,treatment,2026-03-14,0,
17569,control,2026-03-03,0,
17570,control,2026-03-06,0,
17571,control,2026-03-04,0,
17572,control,2026-03-13,0,
17573,control,2026-03-09,0,
17574,treatment,2026-03-11,0,
17575,treatment,2026-03-06,0,
17576,control,2026-03-11,0,
17577,treatment,2026-03-03,0,
17578,control,2026-03-01,0,
17579,treatment,2026-03-13,0,
17580,treatment,2026-03-03,0,
17581,treatment,2026-03-13,0,
17582,control,2026-03-12,0,
17583,treatment,2026-03-03,0,
17584,control,2026-03-05,0,
17585,control,2026-03-02,0,
17586,treatment,2026-03-01,0,
17587,treatment,2026-03-01,1,99.25
17588,treatment,2026-03-05,1,37.86
17589,treatment,2026-03-06,0,
17590,treatment,2026-03-06,1,53.13
17591,control,2026-03-10,0,
17592,treatment,2026-03-08,1,22.19
17593,treatment,2026-03-09,0,
17594,control,2026-03-10,0,
17595,control,2026-03-05,0,
17596,treatment,2026-03-08,0,
17597,treatment,2026-03-14,0,
17598,control,2026-03-02,0,
17599,control,2026-03-02,1,55.02
17600,treatment,2026-03-13,0,
17601,treatment,2026-03-02,0,
17602,treatment,2026-03-02,0,
17603,treatment,2026-03-09,0,
17604,treatment,2026-03-02,0,
17605,control,2026-03-08,0,
17606,treatment,2026-03-08,0,
17607,control,2026-03-06,0,
17608,treatment,2026-03-14,0,
17609,treatment,2026-03-01,0,
17610,control,2026-03-08,0,
17611,treatment,2026-03-04,0,
17612,treatment,2026-03-14,0,
17613,treatment,2026-03-08,1,39.12
17614,treatment,2026-03-01,0,
17615,control,2026-03-08,0,
17616,control,2026-03-05,0,
17617,control,2026-03-12,0,
17618,treatment,2026-03-03,1,9.75
17619,treatment,2026-03-11,0,
17620,treatment,2026-03-08,0,
17621,control,2026-03-03,0,
17622,control,2026-03-04,1,76.05
17623,treatment,2026-03-09,0,
17624,treatment,2026-03-12,0,
17625,control,2026-03-04,0,
17626,treatment,2026-03-13,0,
17627,control,2026-03-11,1,30.02
17628,control,2026-03-08,0,
17629,control,2026-03-08,0,
17630,treatment,2026-03-13,0,
17631,control,2026-03-01,0,
17632,treatment,2026-03-12,0,
17633,control,2026-03-03,0,
17634,control,2026-03-07,0,
17635,control,2026-03-03,0,
17636,control,2026-03-05,0,
17637,control,2026-03-12,0,
17638,control,2026-03-10,0,
17639,control,2026-03-14,0,
17640,treatment,2026-03-14,0,
17641,treatment,2026-03-03,0,
17642,treatment,2026-03-02,0,
17643,control,2026-03-09,0,
17644,treatment,2026-03-08,0,
17645,control,2026-03-02,0,
17646,treatment,2026-03-05,0,
17647,treatment,2026-03-07,0,
17648,control,2026-03-12,0,
17649,treatment,2026-03-03,0,
17650,treatment,2026-03-07,0,
17651,control,2026-03-14,1,73.81
17652,treatment,2026-03-07,0,
17653,treatment,2026-03-10,0,
17654,treatment,2026-03-10,0,
17655,treatment,2026-03-14,0,
17656,treatment,2026-03-04,0,
17657,treatment,2026-03-13,0,
17658,control,2026-03-01,0,
17659,treatment,2026-03-05,0,
17660,treatment,2026-03-12,0,
17661,treatment,2026-03-01,0,
17662,control,2026-03-08,0,
17663,control,2026-03-03,0,
17664,treatment,2026-03-13,1,24.43
17665,control,2026-03-06,0,
17666,control,2026-03-01,0,
17667,treatment,2026-03-05,1,35.75
17668,control,2026-03-12,0,
17669,treatment,2026-03-06,0,
17670,control,2026-03-07,0,
17671,treatment,2026-03-03,0,
17672,control,2026-03-12,0,
17673,control,2026-03-11,1,36.66
17674,treatment,2026-03-06,0,
17675,treatment,2026-03-10,0,
17676,treatment,2026-03-06,0,
17677,treatment,2026-03-08,0,
17678,treatment,2026-03-14,0,
17679,treatment,2026-03-08,0,
17680,treatment,2026-03-13,0,
17681,control,2026-03-07,0,
17682,control,2026-03-13,0,
17683,control,2026-03-12,0,
17684,treatment,2026-03-08,0,
17685,control,2026-03-02,1,17.22
17686,treatment,2026-03-10,0,
17687,treatment,2026-03-07,0,
17688,treatment,2026-03-09,0,
17689,treatment,2026-03-07,0,
17690,control,2026-03-10,0,
17691,treatment,2026-03-05,1,32.41
17692,control,2026-03-06,0,
17693,treatment,2026-03-11,0,
17694,treatment,2026-03-08,0,
17695,treatment,2026-03-06,1,29.17
17696,control,2026-03-02,0,
17697,control,2026-03-07,0,
17698,control,2026-03-08,0,
17699,treatment,2026-03-10,0,
17700,control,2026-03-09,0,
17701,control,2026-03-04,0,
17702,treatment,2026-03-03,0,
17703,control,2026-03-07,0,
17704,treatment,2026-03-14,0,
17705,treatment,2026-03-04,1,13.06
17706,treatment,2026-03-02,1,48.32
17707,treatment,2026-03-07,0,
17708,treatment,2026-03-14,0,
17709,control,2026-03-03,0,
17710,control,2026-03-11,0,
17711,control,2026-03-11,0,
17712,treatment,2026-03-14,1,54.1
17713,treatment,2026-03-10,0,
17714,treatment,2026-03-11,0,
17715,treatment,2026-03-10,0,
17716,control,2026-03-13,0,
17717,control,2026-03-11,0,
17718,treatment,2026-03-09,0,
17719,treatment,2026-03-06,1,38.0
17720,treatment,2026-03-03,0,
17721,control,2026-03-12,0,
17722,treatment,2026-03-02,0,
17723,treatment,2026-03-09,0,
17724,control,2026-03-08,0,
17725,treatment,2026-03-03,1,22.44
17726,control,2026-03-12,0,
17727,control,2026-03-06,0,
17728,control,2026-03-12,0,
17729,control,2026-03-14,0,
17730,treatment,2026-03-14,0,
17731,control,2026-03-14,0,
17732,control,2026-03-09,0,
17733,treatment,2026-03-05,0,
17734,treatment,2026-03-13,0,
17735,control,2026-03-11,0,
17736,control,2026-03-14,0,
17737,control,2026-03-10,1,35.92
17738,control,2026-03-08,0,
17739,control,2026-03-02,0,
17740,control,2026-03-14,0,
17741,control,2026-03-04,1,31.58
17742,control,2026-03-04,1,19.66
17743,treatment,2026-03-14,0,
17744,control,2026-03-13,0,
17745,control,2026-03-03,1,26.97
17746,treatment,2026-03-06,0,
17747,control,2026-03-02,0,
17748,control,2026-03-05,0,
17749,control,2026-03-10,0,
17750,control,2026-03-02,0,
17751,control,2026-03-09,1,36.78
17752,control,2026-03-10,0,
17753,treatment,2026-03-13,0,
17754,treatment,2026-03-13,0,
17755,control,2026-03-05,0,
17756,control,2026-03-11,1,37.0
17757,control,2026-03-07,0,
17758,treatment,2026-03-14,0,
17759,control,2026-03-04,1,78.26
17760,treatment,2026-03-05,0,
17761,treatment,2026-03-05,0,
17762,treatment,2026-03-07,1,70.07
17763,treatment,2026-03-10,0,
17764,treatment,2026-03-14,1,55.09
17765,control,2026-03-05,0,
17766,treatment,2026-03-07,0,
17767,control,2026-03-10,0,
17768,control,2026-03-01,0,
17769,control,2026-03-08,1,56.52
17770,control,2026-03-06,0,
17771,control,2026-03-13,0,
17772,treatment,2026-03-01,0,
17773,control,2026-03-13,0,
17774,control,2026-03-14,0,
17775,control,2026-03-07,0,
17776,treatment,2026-03-02,0,
17777,control,2026-03-06,0,
17778,control,2026-03-12,1,62.66
17779,treatment,2026-03-04,0,
17780,treatment,2026-03-03,0,
17781,treatment,2026-03-10,0,
17782,control,2026-03-08,0,
17783,control,2026-03-12,1,24.95
17784,control,2026-03-08,0,
17785,treatment,2026-03-13,0,
17786,control,2026-03-05,1,47.76
17787,control,2026-03-02,0,
17788,treatment,2026-03-05,0,
17789,treatment,2026-03-03,0,
17790,treatment,2026-03-12,0,
17791,control,2026-03-05,0,
17792,treatment,2026-03-04,0,
17793,treatment,2026-03-10,0,
17794,control,2026-03-09,0,
17795,treatment,2026-03-04,0,
17796,control,2026-03-06,0,
17797,control,2026-03-05,0,
17798,control,2026-03-03,0,
17799,control,2026-03-05,0,
17800,treatment,2026-03-14,0,
17801,control,2026-03-10,0,
17802,treatment,2026-03-11,0,
17803,treatment,2026-03-10,0,
17804,treatment,2026-03-09,0,
17805,control,2026-03-06,1,19.53
17806,treatment,2026-03-10,1,90.62
17807,control,2026-03-08,0,
17808,control,2026-03-10,0,
17809,treatment,2026-03-08,0,
17810,control,2026-03-03,0,
17811,control,2026-03-11,1,63.03
17812,control,2026-03-08,0,
17813,treatment,2026-03-06,0,
17814,control,2026-03-03,0,
17815,control,2026-03-04,0,
17816,control,2026-03-02,0,
17817,treatment,2026-03-07,0,
17818,treatment,2026-03-01,1,41.45
17819,treatment,2026-03-06,1,61.98
17820,treatment,2026-03-13,0,
17821,control,2026-03-09,0,
17822,treatment,2026-03-12,0,
17823,control,2026-03-05,1,40.4
17824,control,2026-03-11,0,
17825,control,2026-03-12,0,
17826,control,2026-03-01,0,
17827,control,2026-03-08,0,
17828,control,2026-03-06,1,20.66
17829,treatment,2026-03-11,1,46.03
17830,control,2026-03-08,0,
17831,control,2026-03-09,0,
17832,treatment,2026-03-05,0,
17833,treatment,2026-03-05,0,
17834,treatment,2026-03-08,0,
17835,control,2026-03-12,0,
17836,control,2026-03-11,0,
17837,control,2026-03-10,0,
17838,treatment,2026-03-03,0,
17839,control,2026-03-01,0,
17840,control,2026-03-13,0,
17841,control,2026-03-03,0,
17842,treatment,2026-03-08,1,26.99
17843,control,2026-03-14,0,
17844,control,2026-03-13,0,
17845,control,2026-03-13,0,
17846,control,2026-03-09,0,
17847,treatment,2026-03-02,1,31.41
17848,treatment,2026-03-06,0,
17849,control,2026-03-14,0,
17850,treatment,2026-03-12,0,
17851,control,2026-03-03,0,
17852,treatment,2026-03-03,0,
17853,treatment,2026-03-10,1,13.39
17854,treatment,2026-03-13,0,
17855,control,2026-03-08,0,
17856,treatment,2026-03-02,0,
17857,treatment,2026-03-01,1,44.6
17858,control,2026-03-13,1,59.54
17859,treatment,2026-03-01,0,
17860,control,2026-03-07,0,
17861,control,2026-03-11,0,
17862,control,2026-03-11,0,
17863,treatment,2026-03-03,0,
17864,control,2026-03-08,0,
17865,treatment,2026-03-14,0,
17866,treatment,2026-03-01,0,
17867,control,2026-03-06,0,
17868,treatment,2026-03-06,0,
17869,treatment,2026-03-14,0,
17870,control,2026-03-06,0,
17871,treatment,2026-03-04,0,
17872,control,2026-03-09,1,71.03
17873,treatment,2026-03-08,0,
17874,control,2026-03-03,0,
17875,control,2026-03-14,1,37.14
17876,treatment,2026-03-14,1,30.13
17877,control,2026-03-05,0,
17878,control,2026-03-01,0,
17879,control,2026-03-03,0,
17880,control,2026-03-13,0,
17881,treatment,2026-03-05,0,
17882,control,2026-03-08,1,45.89
17883,control,2026-03-11,0,
17884,treatment,2026-03-11,0,
17885,control,2026-03-09,0,
17886,control,2026-03-10,1,57.49
17887,control,2026-03-04,1,40.52
17888,treatment,2026-03-05,1,25.48
17889,treatment,2026-03-08,0,
17890,treatment,2026-03-05,0,
17891,treatment,2026-03-02,0,
17892,treatment,2026-03-05,0,
17893,control,2026-03-05,0,
17894,treatment,2026-03-01,0,
17895,treatment,2026-03-08,0,
17896,treatment,2026-03-07,0,
17897,treatment,2026-03-14,0,
17898,control,2026-03-04,0,
17899,treatment,2026-03-04,0,
17900,treatment,2026-03-07,0,
17901,control,2026-03-05,0,
17902,control,2026-03-13,1,10.36
17903,control,2026-03-14,0,
17904,control,2026-03-04,0,
17905,treatment,2026-03-06,0,
17906,control,2026-03-12,1,40.87
17907,control,2026-03-11,1,45.36
17908,control,2026-03-01,0,
17909,control,2026-03-10,0,
17910,treatment,2026-03-14,0,
17911,control,2026-03-02,0,
17912,control,2026-03-08,0,
17913,control,2026-03-08,0,
17914,control,2026-03-07,0,
17915,treatment,2026-03-09,0,
17916,treatment,2026-03-09,0,
17917,treatment,2026-03-11,1,46.04
17918,control,2026-03-08,0,
17919,treatment,2026-03-13,0,
17920,treatment,2026-03-11,1,80.61
17921,control,2026-03-09,0,
17922,treatment,2026-03-01,1,37.85
17923,treatment,2026-03-02,0,
17924,treatment,2026-03-07,0,
17925,treatment,2026-03-05,0,
17926,treatment,2026-03-02,1,53.94
17927,control,2026-03-01,0,
17928,treatment,2026-03-01,0,
17929,treatment,2026-03-14,0,
17930,treatment,2026-03-04,0,
17931,treatment,2026-03-14,1,28.27
17932,treatment,2026-03-05,0,
17933,control,2026-03-10,0,
17934,treatment,2026-03-01,0,
17935,control,2026-03-09,1,25.59
17936,control,2026-03-11,1,41.85
17937,treatment,2026-03-13,0,
17938,control,2026-03-13,0,
17939,treatment,2026-03-03,0,
17940,control,2026-03-10,0,
17941,control,2026-03-09,0,
17942,treatment,2026-03-02,1,29.3
17943,control,2026-03-14,0,
17944,treatment,2026-03-14,1,25.18
17945,treatment,2026-03-14,1,79.93
17946,control,2026-03-07,0,
17947,control,2026-03-14,0,
17948,control,2026-03-03,0,
17949,control,2026-03-13,0,
17950,control,2026-03-08,0,
17951,control,2026-03-08,0,
17952,treatment,2026-03-11,0,
17953,control,2026-03-02,0,
17954,control,2026-03-01,0,
17955,control,2026-03-08,0,
17956,treatment,2026-03-05,0,
17957,treatment,2026-03-02,0,
17958,control,2026-03-12,0,
17959,treatment,2026-03-13,0,
17960,control,2026-03-04,1,42.2
17961,control,2026-03-02,0,
17962,treatment,2026-03-02,0,
17963,treatment,2026-03-05,0,
17964,treatment,2026-03-11,0,
17965,treatment,2026-03-08,0,
17966,treatment,2026-03-04,0,
17967,treatment,2026-03-08,0,
17968,treatment,2026-03-10,0,
17969,treatment,2026-03-03,0,
17970,control,2026-03-06,0,
17971,treatment,2026-03-13,0,
17972,control,2026-03-14,0,
17973,control,2026-03-06,0,
17974,treatment,2026-03-12,1,29.95
17975,treatment,2026-03-08,0,
17976,treatment,2026-03-01,0,
17977,treatment,2026-03-09,0,
17978,treatment,2026-03-04,0,
17979,control,2026-03-01,0,
17980,control,2026-03-04,0,
17981,treatment,2026-03-05,0,
17982,treatment,2026-03-04,0,
17983,treatment,2026-03-03,0,
17984,control,2026-03-05,0,
17985,treatment,2026-03-07,0,
17986,control,2026-03-13,0,
17987,control,2026-03-09,0,
17988,control,2026-03-11,0,
17989,control,2026-03-08,0,
17990,treatment,2026-03-08,0,
17991,treatment,2026-03-11,0,
17992,treatment,2026-03-04,0,
17993,control,2026-03-13,0,
17994,treatment,2026-03-07,0,
17995,treatment,2026-03-14,0,
17996,treatment,2026-03-07,1,55.76
17997,treatment,2026-03-06,1,29.76
17998,treatment,2026-03-06,0,
17999,control,2026-03-02,0,
18000,control,2026-03-04,0,
18001,control,2026-03-04,0,
18002,treatment,2026-03-08,0,
18003,treatment,2026-03-06,0,
18004,treatment,2026-03-04,0,
18005,control,2026-03-07,0,
18006,control,2026-03-03,0,
18007,control,2026-03-12,0,
18008,control,2026-03-01,0,
18009,control,2026-03-05,0,
18010,treatment,2026-03-07,0,
18011,treatment,2026-03-04,0,
18012,treatment,2026-03-10,0,
18013,treatment,2026-03-04,0,
18014,control,2026-03-04,0,
18015,control,2026-03-11,0,
18016,treatment,2026-03-01,0,
18017,control,2026-03-04,0,
18018,control,2026-03-01,0,
18019,treatment,2026-03-12,0,
18020,control,2026-03-01,0,
18021,control,2026-03-02,0,
18022,control,2026-03-07,1,59.38
18023,control,2026-03-11,0,
18024,control,2026-03-08,1,35.1
18025,control,2026-03-09,0,
18026,control,2026-03-05,0,
18027,control,2026-03-13,0,
18028,control,2026-03-05,1,21.38
18029,control,2026-03-06,1,45.08
18030,control,2026-03-13,0,
18031,control,2026-03-09,0,
18032,treatment,2026-03-14,1,29.0
18033,control,2026-03-01,0,
18034,control,2026-03-06,0,
18035,control,2026-03-13,0,
18036,control,2026-03-12,0,
18037,control,2026-03-07,0,
18038,control,2026-03-07,0,
18039,control,2026-03-14,0,
18040,treatment,2026-03-11,0,
18041,treatment,2026-03-13,0,
18042,control,2026-03-10,0,
18043,treatment,2026-03-10,0,
18044,treatment,2026-03-05,0,
18045,treatment,2026-03-04,0,
18046,control,2026-03-04,1,29.97
18047,control,2026-03-02,0,
18048,control,2026-03-04,0,
18049,treatment,2026-03-13,0,
18050,control,2026-03-07,0,
18051,treatment,2026-03-10,0,
18052,control,2026-03-11,1,23.0
18053,treatment,2026-03-05,0,
18054,treatment,2026-03-02,1,90.46
18055,control,2026-03-07,0,
18056,treatment,2026-03-08,1,61.74
18057,control,2026-03-14,0,
18058,treatment,2026-03-09,0,
18059,treatment,2026-03-12,1,58.81
18060,treatment,2026-03-13,0,
18061,control,2026-03-07,0,
18062,control,2026-03-14,0,
18063,treatment,2026-03-12,0,
18064,control,2026-03-05,0,
18065,treatment,2026-03-12,0,
18066,control,2026-03-02,0,
18067,control,2026-03-07,0,
18068,control,2026-03-13,0,
18069,treatment,2026-03-13,0,
18070,control,2026-03-10,0,
18071,treatment,2026-03-07,0,
18072,control,2026-03-12,0,
18073,treatment,2026-03-02,0,
18074,control,2026-03-03,0,
18075,control,2026-03-12,0,
18076,treatment,2026-03-10,0,
18077,control,2026-03-10,0,
18078,control,2026-03-09,1,68.87
18079,control,2026-03-02,0,
18080,control,2026-03-01,0,
18081,control,2026-03-12,1,36.81
18082,control,2026-03-01,0,
18083,treatment,2026-03-12,1,59.17
18084,control,2026-03-05,0,
18085,control,2026-03-08,0,
18086,treatment,2026-03-02,1,42.8
18087,control,2026-03-03,1,51.53
18088,treatment,2026-03-03,0,
18089,control,2026-03-10,0,
18090,treatment,2026-03-02,1,38.37
18091,treatment,2026-03-09,1,26.89
18092,control,2026-03-06,0,
18093,control,2026-03-01,0,
18094,control,2026-03-04,0,
18095,treatment,2026-03-05,0,
18096,control,2026-03-10,0,
18097,treatment,2026-03-12,0,
18098,treatment,2026-03-12,0,
18099,control,2026-03-01,0,
18100,control,2026-03-03,0,
18101,control,2026-03-07,0,
18102,control,2026-03-12,1,39.79
18103,treatment,2026-03-03,1,37.03
18104,control,2026-03-03,0,
18105,treatment,2026-03-07,0,
18106,treatment,2026-03-02,0,
18107,treatment,2026-03-01,1,41.71
18108,control,2026-03-13,0,
18109,control,2026-03-02,0,
18110,treatment,2026-03-13,0,
18111,treatment,2026-03-08,0,
18112,treatment,2026-03-09,0,
18113,treatment,2026-03-09,0,
18114,treatment,2026-03-03,0,
18115,control,2026-03-07,0,
18116,control,2026-03-06,1,38.15
18117,control,2026-03-05,0,
18118,control,2026-03-14,1,46.52
18119,control,2026-03-03,0,
18120,control,2026-03-01,0,
18121,control,2026-03-13,0,
18122,treatment,2026-03-09,1,50.72
18123,treatment,2026-03-08,0,
18124,control,2026-03-03,0,
18125,treatment,2026-03-02,0,
18126,treatment,2026-03-08,0,
18127,control,2026-03-12,1,26.57
18128,control,2026-03-01,0,
18129,control,2026-03-01,0,
18130,control,2026-03-08,0,
18131,control,2026-03-08,0,
18132,control,2026-03-11,0,
18133,control,2026-03-01,0,
18134,treatment,2026-03-04,0,
18135,treatment,2026-03-11,0,
18136,treatment,2026-03-10,0,
18137,treatment,2026-03-07,0,
18138,control,2026-03-10,0,
18139,control,2026-03-12,0,
18140,control,2026-03-01,0,
18141,treatment,2026-03-11,0,
18142,control,2026-03-14,0,
18143,treatment,2026-03-09,0,
18144,treatment,2026-03-12,0,
18145,treatment,2026-03-14,0,
18146,control,2026-03-03,0,
18147,control,2026-03-12,0,
18148,control,2026-03-03,0,
18149,control,2026-03-09,0,
18150,treatment,2026-03-09,1,68.64
18151,treatment,2026-03-04,0,
18152,treatment,2026-03-07,0,
18153,control,2026-03-06,0,
18154,treatment,2026-03-11,0,
18155,control,2026-03-07,1,55.43
18156,control,2026-03-05,0,
18157,control,2026-03-01,0,
18158,treatment,2026-03-14,0,
18159,control,2026-03-04,0,
18160,treatment,2026-03-09,1,37.98
18161,treatment,2026-03-11,0,
18162,control,2026-03-04,0,
18163,control,2026-03-02,1,79.62
18164,control,2026-03-12,0,
18165,treatment,2026-03-13,1,53.71
18166,control,2026-03-03,0,
18167,control,2026-03-12,0,
18168,control,2026-03-12,0,
18169,treatment,2026-03-03,1,36.04
18170,control,2026-03-01,0,
18171,treatment,2026-03-14,0,
18172,treatment,2026-03-10,0,
18173,treatment,2026-03-06,1,61.88
18174,control,2026-03-05,0,
18175,treatment,2026-03-01,0,
18176,treatment,2026-03-01,0,
18177,treatment,2026-03-14,0,
18178,treatment,2026-03-12,0,
18179,treatment,2026-03-09,0,
18180,treatment,2026-03-06,0,
18181,treatment,2026-03-05,0,
18182,treatment,2026-03-12,0,
18183,control,2026-03-09,1,34.55
18184,treatment,2026-03-08,0,
18185,control,2026-03-05,0,
18186,treatment,2026-03-11,0,
18187,control,2026-03-08,0,
18188,control,2026-03-10,0,
18189,treatment,2026-03-10,0,
18190,treatment,2026-03-04,0,
18191,treatment,2026-03-11,0,
18192,control,2026-03-04,0,
18193,control,2026-03-13,0,
18194,treatment,2026-03-01,1,63.66
18195,control,2026-03-02,0,
18196,treatment,2026-03-05,0,
18197,treatment,2026-03-02,0,
18198,control,2026-03-10,1,35.67
18199,treatment,2026-03-07,1,30.81
18200,treatment,2026-03-13,0,
18201,control,2026-03-04,0,
18202,control,2026-03-01,0,
18203,treatment,2026-03-01,0,
18204,control,2026-03-07,0,
18205,treatment,2026-03-09,0,
18206,treatment,2026-03-07,1,43.74
18207,control,2026-03-07,0,
18208,control,2026-03-13,0,
18209,treatment,2026-03-09,0,
18210,control,2026-03-01,0,
18211,control,2026-03-01,0,
18212,control,2026-03-06,0,
18213,treatment,2026-03-09,0,
18214,treatment,2026-03-12,1,23.99
18215,control,2026-03-13,0,
18216,control,2026-03-05,0,
18217,treatment,2026-03-09,0,
18218,control,2026-03-03,0,
18219,treatment,2026-03-14,0,
18220,treatment,2026-03-02,0,
18221,control,2026-03-08,0,
18222,control,2026-03-03,0,
18223,treatment,2026-03-13,0,
18224,treatment,2026-03-11,0,
18225,control,2026-03-04,1,58.33
18226,control,2026-03-14,0,
18227,treatment,2026-03-14,0,
18228,treatment,2026-03-11,0,
18229,control,2026-03-02,0,
18230,control,2026-03-06,0,
18231,treatment,2026-03-12,0,
18232,control,2026-03-11,0,
18233,control,2026-03-06,0,
18234,control,2026-03-01,1,42.57
18235,treatment,2026-03-14,0,
18236,control,2026-03-01,0,
18237,treatment,2026-03-10,0,
18238,treatment,2026-03-09,0,
18239,treatment,2026-03-06,1,30.61
18240,control,2026-03-14,0,
18241,control,2026-03-06,0,
18242,control,2026-03-05,0,
18243,control,2026-03-11,0,
18244,treatment,2026-03-02,0,
18245,treatment,2026-03-03,0,
18246,control,2026-03-13,0,
18247,treatment,2026-03-14,0,
18248,control,2026-03-07,0,
18249,control,2026-03-14,0,
18250,treatment,2026-03-03,0,
18251,control,2026-03-01,0,
18252,control,2026-03-01,0,
18253,control,2026-03-02,0,
18254,control,2026-03-01,1,45.75
18255,treatment,2026-03-06,0,
18256,treatment,2026-03-06,0,
18257,treatment,2026-03-06,0,
18258,control,2026-03-02,0,
18259,control,2026-03-10,0,
18260,treatment,2026-03-05,1,15.83
18261,treatment,2026-03-04,1,49.81
18262,control,2026-03-13,0,
18263,control,2026-03-03,0,
18264,treatment,2026-03-10,0,
18265,treatment,2026-03-02,0,
18266,control,2026-03-06,0,
18267,control,2026-03-02,0,
18268,control,2026-03-03,0,
18269,control,2026-03-08,0,
18270,treatment,2026-03-04,0,
18271,treatment,2026-03-05,0,
18272,control,2026-03-13,0,
18273,treatment,2026-03-08,1,56.88
18274,control,2026-03-04,0,
18275,control,2026-03-14,0,
18276,treatment,2026-03-04,0,
18277,treatment,2026-03-09,0,
18278,treatment,2026-03-14,1,59.86
18279,control,2026-03-01,0,
18280,treatment,2026-03-04,1,77.17
18281,control,2026-03-10,0,
18282,control,2026-03-05,0,
18283,control,2026-03-10,0,
18284,control,2026-03-03,0,
18285,treatment,2026-03-14,0,
18286,control,2026-03-11,0,
18287,treatment,2026-03-06,0,
18288,control,2026-03-02,0,
18289,control,2026-03-11,0,
18290,treatment,2026-03-03,0,
18291,control,2026-03-04,0,
18292,control,2026-03-03,0,
18293,treatment,2026-03-01,0,
18294,control,2026-03-11,1,60.17
18295,treatment,2026-03-10,0,
18296,treatment,2026-03-11,0,
18297,treatment,2026-03-02,0,
18298,control,2026-03-08,0,
18299,control,2026-03-05,0,
18300,treatment,2026-03-04,0,
18301,treatment,2026-03-07,0,
18302,control,2026-03-13,0,
18303,control,2026-03-14,0,
18304,control,2026-03-04,1,75.11
18305,treatment,2026-03-05,0,
18306,control,2026-03-05,0,
18307,control,2026-03-03,0,
18308,treatment,2026-03-03,1,19.03
18309,treatment,2026-03-07,0,
18310,treatment,2026-03-10,0,
18311,treatment,2026-03-01,0,
18312,control,2026-03-06,0,
18313,treatment,2026-03-13,1,29.33
18314,treatment,2026-03-08,0,
18315,treatment,2026-03-10,0,
18316,control,2026-03-07,0,
18317,treatment,2026-03-05,1,29.55
18318,control,2026-03-01,0,
18319,treatment,2026-03-05,1,20.61
18320,control,2026-03-06,0,
18321,control,2026-03-01,1,77.91
18322,treatment,2026-03-13,0,
18323,control,2026-03-07,0,
18324,control,2026-03-06,0,
18325,treatment,2026-03-08,1,35.87
18326,treatment,2026-03-08,0,
18327,treatment,2026-03-13,0,
18328,control,2026-03-07,0,
18329,treatment,2026-03-04,0,
18330,control,2026-03-14,0,
18331,control,2026-03-14,0,
18332,control,2026-03-13,0,
18333,treatment,2026-03-07,0,
18334,control,2026-03-09,0,
18335,treatment,2026-03-06,0,
18336,treatment,2026-03-01,0,
18337,treatment,2026-03-07,0,
18338,treatment,2026-03-11,0,
18339,control,2026-03-04,0,
18340,treatment,2026-03-03,0,
18341,control,2026-03-11,0,
18342,control,2026-03-10,0,
18343,control,2026-03-13,1,68.1
18344,treatment,2026-03-08,0,
18345,control,2026-03-12,0,
18346,treatment,2026-03-10,0,
18347,treatment,2026-03-10,0,
18348,treatment,2026-03-06,1,40.61
18349,control,2026-03-11,1,33.77
18350,treatment,2026-03-11,0,
18351,control,2026-03-11,0,
18352,control,2026-03-11,0,
18353,control,2026-03-11,0,
18354,treatment,2026-03-05,0,
18355,treatment,2026-03-13,0,
18356,control,2026-03-05,0,
18357,treatment,2026-03-12,0,
18358,treatment,2026-03-02,0,
18359,treatment,2026-03-14,0,
18360,control,2026-03-03,0,
18361,control,2026-03-03,0,
18362,control,2026-03-02,0,
18363,treatment,2026-03-03,0,
18364,treatment,2026-03-12,0,
18365,control,2026-03-02,0,
18366,treatment,2026-03-05,0,
18367,control,2026-03-13,0,
18368,treatment,2026-03-08,0,
18369,control,2026-03-03,0,
18370,treatment,2026-03-08,0,
18371,control,2026-03-03,0,
18372,treatment,2026-03-13,0,
18373,control,2026-03-04,0,
18374,treatment,2026-03-13,0,
18375,treatment,2026-03-04,0,
18376,treatment,2026-03-06,0,
18377,control,2026-03-12,0,
18378,control,2026-03-01,0,
18379,treatment,2026-03-12,0,
18380,control,2026-03-10,0,
18381,control,2026-03-10,0,
18382,control,2026-03-13,0,
18383,control,2026-03-14,1,49.71
18384,treatment,2026-03-07,0,
18385,treatment,2026-03-09,0,
18386,control,2026-03-11,0,
18387,control,2026-03-08,0,
18388,control,2026-03-06,0,
18389,control,2026-03-11,1,34.87
18390,control,2026-03-05,0,
18391,control,2026-03-10,0,
18392,control,2026-03-09,1,28.17
18393,control,2026-03-09,0,
18394,control,2026-03-08,0,
18395,treatment,2026-03-05,0,
18396,treatment,2026-03-12,0,
18397,treatment,2026-03-04,0,
18398,control,2026-03-05,0,
18399,control,2026-03-07,0,
18400,treatment,2026-03-02,0,
18401,treatment,2026-03-07,0,
18402,control,2026-03-03,0,
18403,control,2026-03-01,0,
18404,control,2026-03-09,0,
18405,treatment,2026-03-01,1,59.62
18406,treatment,2026-03-11,0,
18407,control,2026-03-08,1,35.8
18408,control,2026-03-14,0,
18409,treatment,2026-03-12,0,
18410,treatment,2026-03-05,0,
18411,control,2026-03-02,1,26.82
18412,control,2026-03-08,0,
18413,control,2026-03-08,1,38.0
18414,control,2026-03-08,0,
18415,treatment,2026-03-11,0,
18416,treatment,2026-03-03,1,104.18
18417,control,2026-03-01,0,
18418,control,2026-03-09,0,
18419,control,2026-03-05,0,
18420,control,2026-03-11,0,
18421,control,2026-03-12,1,83.4
18422,treatment,2026-03-04,0,
18423,control,2026-03-07,0,
18424,treatment,2026-03-01,0,
18425,treatment,2026-03-13,0,
18426,treatment,2026-03-12,1,53.54
18427,control,2026-03-06,1,62.89
18428,control,2026-03-06,0,
18429,treatment,2026-03-13,0,
18430,control,2026-03-03,0,
18431,treatment,2026-03-02,0,
18432,control,2026-03-13,0,
18433,treatment,2026-03-12,0,
18434,treatment,2026-03-13,0,
18435,treatment,2026-03-01,0,
18436,treatment,2026-03-09,0,
18437,control,2026-03-08,0,
18438,treatment,2026-03-05,0,
18439,control,2026-03-01,0,
18440,control,2026-03-08,0,
18441,control,2026-03-02,1,59.14
18442,control,2026-03-02,0,
18443,treatment,2026-03-05,0,
18444,control,2026-03-07,0,
18445,control,2026-03-14,0,
18446,control,2026-03-12,0,
18447,control,2026-03-05,0,
18448,control,2026-03-13,1,52.63
18449,treatment,2026-03-04,1,26.86
18450,control,2026-03-11,0,
18451,treatment,2026-03-08,0,
18452,treatment,2026-03-11,0,
18453,treatment,2026-03-12,1,36.14
18454,treatment,2026-03-08,0,
18455,treatment,2026-03-02,0,
18456,treatment,2026-03-01,0,
18457,control,2026-03-06,0,
18458,treatment,2026-03-09,0,
18459,control,2026-03-02,0,
18460,control,2026-03-03,1,47.43
18461,treatment,2026-03-08,0,
18462,control,2026-03-08,1,50.44
18463,control,2026-03-08,1,47.4
18464,control,2026-03-07,0,
18465,treatment,2026-03-05,0,
18466,treatment,2026-03-02,0,
18467,treatment,2026-03-02,0,
18468,treatment,2026-03-06,0,
18469,treatment,2026-03-10,0,
18470,control,2026-03-06,0,
18471,treatment,2026-03-04,0,
18472,control,2026-03-13,0,
18473,control,2026-03-06,0,
18474,control,2026-03-02,0,
18475,treatment,2026-03-03,0,
18476,treatment,2026-03-14,0,
18477,control,2026-03-09,0,
18478,control,2026-03-13,0,
18479,treatment,2026-03-08,0,
18480,treatment,2026-03-10,1,34.51
18481,treatment,2026-03-14,0,
18482,control,2026-03-09,1,34.9
18483,control,2026-03-06,0,
18484,control,2026-03-14,0,
18485,treatment,2026-03-07,0,
18486,control,2026-03-09,0,
18487,control,2026-03-04,1,29.96
18488,control,2026-03-04,0,
18489,control,2026-03-12,0,
18490,treatment,2026-03-12,1,65.81
18491,control,2026-03-03,0,
18492,treatment,2026-03-08,1,57.51
18493,control,2026-03-05,1,49.05
18494,control,2026-03-14,0,
18495,control,2026-03-08,1,60.92
18496,treatment,2026-03-10,0,
18497,control,2026-03-10,0,
18498,control,2026-03-01,0,
18499,control,2026-03-08,0,
18500,treatment,2026-03-04,0,
18501,control,2026-03-12,1,22.02
18502,control,2026-03-12,0,
18503,treatment,2026-03-13,1,34.32
18504,control,2026-03-04,0,
18505,control,2026-03-14,0,
18506,control,2026-03-11,0,
18507,treatment,2026-03-09,1,59.98
18508,control,2026-03-14,0,
18509,treatment,2026-03-04,0,
18510,control,2026-03-08,0,
18511,treatment,2026-03-12,0,
18512,treatment,2026-03-01,1,68.52
18513,control,2026-03-02,0,
18514,control,2026-03-01,0,
18515,control,2026-03-14,1,26.73
18516,control,2026-03-05,0,
18517,treatment,2026-03-14,0,
18518,control,2026-03-13,0,
18519,control,2026-03-08,1,78.76
18520,control,2026-03-11,0,
18521,control,2026-03-14,0,
18522,control,2026-03-10,0,
18523,control,2026-03-04,0,
18524,treatment,2026-03-02,0,
18525,control,2026-03-06,0,
18526,treatment,2026-03-11,0,
18527,control,2026-03-14,1,36.1
18528,treatment,2026-03-04,0,
18529,control,2026-03-06,0,
18530,control,2026-03-04,0,
18531,treatment,2026-03-12,0,
18532,control,2026-03-04,0,
18533,treatment,2026-03-02,0,
18534,treatment,2026-03-13,0,
18535,control,2026-03-08,1,23.86
18536,control,2026-03-11,1,36.5
18537,treatment,2026-03-06,0,
18538,control,2026-03-01,0,
18539,control,2026-03-02,0,
18540,treatment,2026-03-01,0,
18541,control,2026-03-06,0,
18542,treatment,2026-03-02,0,
18543,control,2026-03-02,1,39.18
18544,control,2026-03-08,0,
18545,control,2026-03-05,1,63.69
18546,control,2026-03-12,1,41.23
18547,treatment,2026-03-03,0,
18548,control,2026-03-10,1,66.33
18549,control,2026-03-08,0,
18550,control,2026-03-11,0,
18551,control,2026-03-07,0,
18552,control,2026-03-05,0,
18553,control,2026-03-12,0,
18554,treatment,2026-03-06,0,
18555,treatment,2026-03-12,0,
18556,treatment,2026-03-04,0,
18557,control,2026-03-03,0,
18558,treatment,2026-03-05,0,
18559,control,2026-03-07,1,38.98
18560,control,2026-03-11,0,
18561,treatment,2026-03-02,1,29.37
18562,control,2026-03-08,0,
18563,treatment,2026-03-03,0,
18564,control,2026-03-04,0,
18565,treatment,2026-03-04,0,
18566,control,2026-03-03,1,53.43
18567,control,2026-03-02,0,
18568,control,2026-03-11,0,
18569,control,2026-03-13,1,50.73
18570,treatment,2026-03-10,0,
18571,treatment,2026-03-11,0,
18572,control,2026-03-08,0,
18573,treatment,2026-03-08,1,25.25
18574,control,2026-03-13,1,24.31
18575,control,2026-03-09,0,
18576,control,2026-03-14,0,
18577,treatment,2026-03-01,0,
18578,treatment,2026-03-11,0,
18579,treatment,2026-03-07,1,83.93
18580,control,2026-03-09,0,
18581,control,2026-03-09,0,
18582,treatment,2026-03-03,0,
18583,control,2026-03-11,0,
18584,treatment,2026-03-01,0,
18585,control,2026-03-04,0,
18586,control,2026-03-05,0,
18587,control,2026-03-07,0,
18588,treatment,2026-03-07,0,
18589,control,2026-03-06,0,
18590,control,2026-03-06,0,
18591,treatment,2026-03-11,1,70.25
18592,treatment,2026-03-02,0,
18593,control,2026-03-14,0,
18594,treatment,2026-03-03,0,
18595,control,2026-03-04,0,
18596,treatment,2026-03-08,0,
18597,control,2026-03-06,0,
18598,treatment,2026-03-11,0,
18599,treatment,2026-03-09,0,
18600,control,2026-03-08,0,
18601,control,2026-03-08,0,
18602,treatment,2026-03-12,0,
18603,control,2026-03-03,1,82.67
18604,treatment,2026-03-09,0,
18605,control,2026-03-04,0,
18606,control,2026-03-09,0,
18607,control,2026-03-12,1,74.23
18608,control,2026-03-08,0,
18609,treatment,2026-03-03,0,
18610,treatment,2026-03-14,0,
18611,treatment,2026-03-12,1,14.91
18612,treatment,2026-03-08,0,
18613,control,2026-03-10,0,
18614,control,2026-03-05,0,
18615,control,2026-03-05,0,
18616,treatment,2026-03-02,0,
18617,treatment,2026-03-12,0,
18618,control,2026-03-06,0,
18619,treatment,2026-03-04,0,
18620,treatment,2026-03-05,0,
18621,treatment,2026-03-05,1,60.77
18622,treatment,2026-03-09,0,
18623,control,2026-03-14,0,
18624,control,2026-03-11,0,
18625,control,2026-03-10,1,35.04
18626,treatment,2026-03-10,0,
18627,treatment,2026-03-07,0,
18628,treatment,2026-03-07,0,
18629,control,2026-03-14,0,
18630,control,2026-03-01,0,
18631,control,2026-03-09,0,
18632,treatment,2026-03-06,0,
18633,control,2026-03-01,0,
18634,control,2026-03-12,1,32.26
18635,control,2026-03-14,0,
18636,control,2026-03-10,0,
18637,treatment,2026-03-04,1,24.08
18638,control,2026-03-02,0,
18639,control,2026-03-14,0,
18640,control,2026-03-04,0,
18641,treatment,2026-03-14,0,
18642,control,2026-03-02,0,
18643,treatment,2026-03-07,0,
18644,control,2026-03-10,0,
18645,treatment,2026-03-14,1,20.21
18646,control,2026-03-01,0,
18647,treatment,2026-03-04,0,
18648,control,2026-03-03,0,
18649,treatment,2026-03-06,0,
18650,treatment,2026-03-05,1,25.19
18651,control,2026-03-06,0,
18652,treatment,2026-03-10,0,
18653,control,2026-03-08,0,
18654,control,2026-03-04,0,
18655,control,2026-03-07,0,
18656,control,2026-03-07,1,70.42
18657,control,2026-03-14,0,
18658,control,2026-03-03,0,
18659,treatment,2026-03-14,0,
18660,treatment,2026-03-11,0,
18661,treatment,2026-03-12,0,
18662,treatment,2026-03-11,0,
18663,control,2026-03-08,0,
18664,control,2026-03-03,0,
18665,treatment,2026-03-09,0,
18666,control,2026-03-08,0,
18667,treatment,2026-03-12,0,
18668,treatment,2026-03-12,0,
18669,treatment,2026-03-11,0,
18670,treatment,2026-03-03,1,49.18
18671,treatment,2026-03-09,0,
18672,treatment,2026-03-01,0,
18673,treatment,2026-03-06,0,
18674,control,2026-03-05,0,
18675,treatment,2026-03-13,0,
18676,treatment,2026-03-08,0,
18677,treatment,2026-03-03,0,
18678,treatment,2026-03-13,0,
18679,control,2026-03-10,0,
18680,control,2026-03-12,0,
18681,treatment,2026-03-05,0,
18682,treatment,2026-03-06,0,
18683,control,2026-03-12,0,
18684,treatment,2026-03-02,0,
18685,treatment,2026-03-11,0,
18686,control,2026-03-05,1,53.34
18687,treatment,2026-03-07,0,
18688,control,2026-03-08,1,18.96
18689,treatment,2026-03-08,0,
18690,control,2026-03-11,0,
18691,treatment,2026-03-12,1,49.14
18692,treatment,2026-03-08,0,
18693,control,2026-03-02,1,59.31
18694,treatment,2026-03-02,1,49.51
18695,control,2026-03-12,1,53.65
18696,treatment,2026-03-08,0,
18697,treatment,2026-03-09,0,
18698,control,2026-03-14,0,
18699,control,2026-03-02,0,
18700,treatment,2026-03-01,0,
18701,treatment,2026-03-08,0,
18702,control,2026-03-05,0,
18703,treatment,2026-03-03,0,
18704,treatment,2026-03-07,0,
18705,treatment,2026-03-11,0,
18706,treatment,2026-03-06,0,
18707,control,2026-03-11,0,
18708,control,2026-03-13,1,44.7
18709,control,2026-03-05,0,
18710,treatment,2026-03-12,0,
18711,control,2026-03-10,0,
18712,treatment,2026-03-14,0,
18713,treatment,2026-03-06,0,
18714,control,2026-03-04,0,
18715,control,2026-03-12,1,51.62
18716,treatment,2026-03-04,0,
18717,control,2026-03-09,0,
18718,treatment,2026-03-10,0,
18719,control,2026-03-05,0,
18720,treatment,2026-03-02,0,
18721,treatment,2026-03-01,0,
18722,treatment,2026-03-02,0,
18723,treatment,2026-03-05,0,
18724,treatment,2026-03-09,0,
18725,control,2026-03-13,0,
18726,treatment,2026-03-02,0,
18727,treatment,2026-03-05,0,
18728,control,2026-03-05,0,
18729,treatment,2026-03-07,1,20.19
18730,control,2026-03-10,0,
18731,control,2026-03-12,0,
18732,control,2026-03-13,0,
18733,control,2026-03-06,0,
18734,treatment,2026-03-01,0,
18735,control,2026-03-13,0,
18736,treatment,2026-03-02,0,
18737,control,2026-03-04,1,43.34
18738,treatment,2026-03-11,0,
18739,treatment,2026-03-10,1,59.26
18740,treatment,2026-03-07,0,
18741,control,2026-03-01,1,41.89
18742,treatment,2026-03-12,0,
18743,treatment,2026-03-09,1,63.38
18744,control,2026-03-10,0,
18745,treatment,2026-03-10,0,
18746,control,2026-03-09,0,
18747,treatment,2026-03-06,0,
18748,treatment,2026-03-12,1,56.07
18749,treatment,2026-03-13,0,
18750,control,2026-03-06,1,45.93
18751,control,2026-03-13,0,
18752,control,2026-03-05,0,
18753,control,2026-03-12,0,
18754,treatment,2026-03-02,0,
18755,treatment,2026-03-13,0,
18756,control,2026-03-04,0,
18757,treatment,2026-03-05,0,
18758,treatment,2026-03-03,1,32.88
18759,control,2026-03-03,0,
18760,control,2026-03-02,1,75.38
18761,treatment,2026-03-05,0,
18762,control,2026-03-08,0,
18763,control,2026-03-08,0,
18764,treatment,2026-03-03,0,
18765,treatment,2026-03-09,1,45.4
18766,treatment,2026-03-03,0,
18767,treatment,2026-03-08,0,
18768,treatment,2026-03-06,0,
18769,control,2026-03-03,0,
18770,treatment,2026-03-06,0,
18771,control,2026-03-14,0,
18772,control,2026-03-08,0,
18773,treatment,2026-03-04,0,
18774,treatment,2026-03-10,0,
18775,treatment,2026-03-11,0,
18776,treatment,2026-03-04,0,
18777,treatment,2026-03-13,0,
18778,treatment,2026-03-05,0,
18779,treatment,2026-03-04,1,54.14
18780,treatment,2026-03-02,0,
18781,treatment,2026-03-03,0,
18782,control,2026-03-10,0,
18783,treatment,2026-03-09,0,
18784,treatment,2026-03-08,0,
18785,treatment,2026-03-07,0,
18786,control,2026-03-09,0,
18787,control,2026-03-04,0,
18788,treatment,2026-03-10,0,
18789,control,2026-03-13,1,71.13
18790,control,2026-03-01,0,
18791,treatment,2026-03-04,0,
18792,treatment,2026-03-03,0,
18793,treatment,2026-03-11,0,
18794,treatment,2026-03-01,0,
18795,treatment,2026-03-14,0,
18796,treatment,2026-03-12,1,31.98
18797,treatment,2026-03-13,0,
18798,treatment,2026-03-14,0,
18799,control,2026-03-06,0,
18800,treatment,2026-03-03,0,
18801,treatment,2026-03-07,0,
18802,treatment,2026-03-02,0,
18803,treatment,2026-03-10,0,
18804,control,2026-03-02,1,41.0
18805,treatment,2026-03-04,0,
18806,treatment,2026-03-03,1,29.78
18807,treatment,2026-03-07,0,
18808,treatment,2026-03-07,0,
18809,control,2026-03-11,0,
18810,control,2026-03-10,0,
18811,treatment,2026-03-09,0,
18812,treatment,2026-03-02,0,
18813,control,2026-03-09,0,
18814,treatment,2026-03-04,0,
18815,treatment,2026-03-09,0,
18816,treatment,2026-03-04,1,66.62
18817,control,2026-03-14,0,
18818,control,2026-03-03,0,
18819,control,2026-03-12,0,
18820,control,2026-03-13,0,
18821,control,2026-03-08,1,52.76
18822,control,2026-03-07,0,
18823,treatment,2026-03-08,0,
18824,treatment,2026-03-02,0,
18825,treatment,2026-03-12,0,
18826,treatment,2026-03-05,0,
18827,control,2026-03-04,0,
18828,control,2026-03-08,0,
18829,control,2026-03-09,1,25.55
18830,treatment,2026-03-12,0,
18831,control,2026-03-12,0,
18832,control,2026-03-13,0,
18833,control,2026-03-10,0,
18834,treatment,2026-03-08,0,
18835,treatment,2026-03-09,1,42.95
18836,control,2026-03-08,0,
18837,control,2026-03-12,0,
18838,control,2026-03-06,0,
18839,control,2026-03-03,0,
18840,control,2026-03-09,0,
18841,treatment,2026-03-03,0,
18842,treatment,2026-03-06,1,37.47
18843,control,2026-03-01,0,
18844,treatment,2026-03-09,0,
18845,treatment,2026-03-09,0,
18846,treatment,2026-03-06,1,65.2
18847,treatment,2026-03-10,0,
18848,control,2026-03-06,0,
18849,control,2026-03-08,0,
18850,treatment,2026-03-13,0,
18851,treatment,2026-03-06,0,
18852,control,2026-03-11,0,
18853,control,2026-03-07,0,
18854,control,2026-03-07,0,
18855,treatment,2026-03-14,0,
18856,control,2026-03-11,0,
18857,treatment,2026-03-05,0,
18858,treatment,2026-03-06,0,
18859,control,2026-03-10,0,
18860,control,2026-03-01,0,
18861,control,2026-03-01,0,
18862,treatment,2026-03-04,0,
18863,treatment,2026-03-08,1,48.48
18864,control,2026-03-08,0,
18865,treatment,2026-03-02,0,
18866,treatment,2026-03-08,0,
18867,treatment,2026-03-04,0,
18868,treatment,2026-03-11,0,
18869,treatment,2026-03-04,0,
18870,treatment,2026-03-07,0,
18871,control,2026-03-05,0,
18872,treatment,2026-03-05,0,
18873,control,2026-03-04,0,
18874,control,2026-03-01,1,26.04
18875,treatment,2026-03-10,0,
18876,control,2026-03-07,1,38.47
18877,treatment,2026-03-14,0,
18878,control,2026-03-14,0,
18879,control,2026-03-13,0,
18880,control,2026-03-13,0,
18881,control,2026-03-12,0,
18882,control,2026-03-01,0,
18883,control,2026-03-02,0,
18884,treatment,2026-03-11,0,
18885,treatment,2026-03-07,0,
18886,control,2026-03-12,0,
18887,control,2026-03-13,1,60.0
18888,treatment,2026-03-07,0,
18889,control,2026-03-04,0,
18890,treatment,2026-03-09,0,
18891,treatment,2026-03-10,0,
18892,control,2026-03-07,1,40.76
18893,treatment,2026-03-09,1,33.39
18894,control,2026-03-14,0,
18895,control,2026-03-08,0,
18896,control,2026-03-06,0,
18897,control,2026-03-01,0,
18898,treatment,2026-03-12,0,
18899,treatment,2026-03-11,0,
18900,treatment,2026-03-01,1,31.36
18901,treatment,2026-03-04,0,
18902,treatment,2026-03-12,0,
18903,control,2026-03-07,0,
18904,control,2026-03-09,0,
18905,treatment,2026-03-01,0,
18906,treatment,2026-03-03,0,
18907,control,2026-03-11,1,61.87
18908,control,2026-03-04,0,
18909,control,2026-03-02,0,
18910,control,2026-03-08,0,
18911,control,2026-03-01,0,
18912,control,2026-03-01,0,
18913,treatment,2026-03-08,1,52.73
18914,control,2026-03-11,0,
18915,treatment,2026-03-13,0,
18916,treatment,2026-03-11,0,
18917,control,2026-03-07,0,
18918,control,2026-03-11,0,
18919,treatment,2026-03-08,0,
18920,control,2026-03-10,0,
18921,control,2026-03-04,0,
18922,control,2026-03-10,0,
18923,control,2026-03-10,1,54.37
18924,control,2026-03-08,0,
18925,treatment,2026-03-02,0,
18926,control,2026-03-05,1,67.47
18927,treatment,2026-03-05,0,
18928,control,2026-03-09,0,
18929,treatment,2026-03-06,0,
18930,treatment,2026-03-13,0,
18931,control,2026-03-06,0,
18932,control,2026-03-01,0,
18933,control,2026-03-12,0,
18934,control,2026-03-03,1,24.9
18935,control,2026-03-06,0,
18936,control,2026-03-14,0,
18937,treatment,2026-03-06,0,
18938,treatment,2026-03-08,0,
18939,treatment,2026-03-08,0,
18940,control,2026-03-04,0,
18941,control,2026-03-11,0,
18942,control,2026-03-08,0,
18943,control,2026-03-13,0,
18944,control,2026-03-14,1,33.95
18945,treatment,2026-03-06,0,
18946,treatment,2026-03-06,0,
18947,control,2026-03-04,0,
18948,control,2026-03-01,0,
18949,control,2026-03-04,0,
18950,control,2026-03-03,1,66.7
18951,treatment,2026-03-03,0,
18952,control,2026-03-06,0,
18953,control,2026-03-03,0,
18954,treatment,2026-03-10,0,
18955,treatment,2026-03-04,0,
18956,treatment,2026-03-05,0,
18957,treatment,2026-03-13,0,
18958,treatment,2026-03-12,0,
18959,control,2026-03-05,0,
18960,control,2026-03-09,0,
18961,treatment,2026-03-07,0,
18962,control,2026-03-02,1,35.63
18963,treatment,2026-03-11,0,
18964,control,2026-03-01,0,
18965,treatment,2026-03-08,0,
18966,control,2026-03-03,0,
18967,treatment,2026-03-01,0,
18968,control,2026-03-05,0,
18969,control,2026-03-05,0,
18970,treatment,2026-03-09,0,
18971,control,2026-03-10,0,
18972,control,2026-03-06,0,
18973,treatment,2026-03-13,0,
18974,treatment,2026-03-03,0,
18975,treatment,2026-03-01,0,
18976,control,2026-03-09,0,
18977,control,2026-03-05,0,
18978,treatment,2026-03-06,1,27.2
18979,treatment,2026-03-04,0,
18980,treatment,2026-03-14,0,
18981,control,2026-03-07,1,32.6
18982,control,2026-03-08,0,
18983,treatment,2026-03-09,0,
18984,control,2026-03-14,1,51.0
18985,control,2026-03-08,1,37.89
18986,treatment,2026-03-04,0,
18987,treatment,2026-03-12,0,
18988,control,2026-03-01,0,
18989,control,2026-03-10,1,43.88
18990,control,2026-03-08,0,
18991,treatment,2026-03-13,1,42.9
18992,treatment,2026-03-11,1,67.0
18993,control,2026-03-14,0,
18994,control,2026-03-04,0,
18995,treatment,2026-03-13,0,
18996,control,2026-03-11,0,
18997,control,2026-03-02,0,
18998,control,2026-03-06,0,
18999,control,2026-03-05,1,50.6
19000,control,2026-03-12,0,
19001,control,2026-03-11,0,
19002,treatment,2026-03-03,0,
19003,treatment,2026-03-10,1,100.47
19004,control,2026-03-01,0,
19005,treatment,2026-03-14,0,
19006,treatment,2026-03-10,0,
19007,control,2026-03-02,0,
19008,treatment,2026-03-09,0,
19009,control,2026-03-05,0,
19010,treatment,2026-03-08,0,
19011,treatment,2026-03-10,0,
19012,control,2026-03-13,0,
19013,control,2026-03-04,0,
19014,control,2026-03-05,0,
19015,control,2026-03-10,1,79.07
19016,treatment,2026-03-06,0,
19017,treatment,2026-03-02,1,31.24
19018,treatment,2026-03-02,0,
19019,treatment,2026-03-13,1,48.35
19020,treatment,2026-03-06,0,
19021,treatment,2026-03-09,0,
19022,control,2026-03-12,0,
19023,control,2026-03-05,0,
19024,treatment,2026-03-10,0,
19025,treatment,2026-03-03,0,
19026,control,2026-03-13,0,
19027,control,2026-03-10,0,
19028,treatment,2026-03-10,0,
19029,treatment,2026-03-02,0,
19030,control,2026-03-13,0,
19031,control,2026-03-12,0,
19032,treatment,2026-03-07,0,
19033,treatment,2026-03-10,0,
19034,control,2026-03-03,1,58.18
19035,control,2026-03-06,0,
19036,treatment,2026-03-02,0,
19037,control,2026-03-10,0,
19038,control,2026-03-07,0,
19039,control,2026-03-13,0,
19040,treatment,2026-03-06,0,
19041,treatment,2026-03-10,0,
19042,control,2026-03-12,0,
19043,treatment,2026-03-05,0,
19044,control,2026-03-03,0,
19045,control,2026-03-08,0,
19046,control,2026-03-10,0,
19047,control,2026-03-01,1,39.89
19048,treatment,2026-03-05,0,
19049,treatment,2026-03-04,0,
19050,control,2026-03-12,0,
19051,treatment,2026-03-11,0,
19052,control,2026-03-06,0,
19053,treatment,2026-03-06,1,48.8
19054,control,2026-03-12,0,
19055,treatment,2026-03-10,0,
19056,treatment,2026-03-08,0,
19057,control,2026-03-05,0,
19058,treatment,2026-03-11,0,
19059,control,2026-03-02,0,
19060,control,2026-03-11,0,
19061,control,2026-03-08,0,
19062,control,2026-03-10,0,
19063,treatment,2026-03-12,0,
19064,control,2026-03-13,0,
19065,control,2026-03-14,0,
19066,control,2026-03-06,0,
19067,control,2026-03-10,0,
19068,control,2026-03-05,0,
19069,treatment,2026-03-05,1,43.07
19070,treatment,2026-03-14,0,
19071,treatment,2026-03-10,0,
19072,treatment,2026-03-02,0,
19073,treatment,2026-03-05,0,
19074,control,2026-03-04,0,
19075,treatment,2026-03-10,0,
19076,control,2026-03-11,0,
19077,treatment,2026-03-02,0,
19078,control,2026-03-07,1,57.41
19079,control,2026-03-12,1,27.95
19080,treatment,2026-03-05,0,
19081,control,2026-03-06,0,
19082,control,2026-03-04,0,
19083,control,2026-03-04,1,29.47
19084,control,2026-03-13,1,49.5
19085,treatment,2026-03-04,0,
19086,treatment,2026-03-13,0,
19087,treatment,2026-03-13,0,
19088,control,2026-03-07,0,
19089,control,2026-03-06,0,
19090,treatment,2026-03-14,1,52.65
19091,control,2026-03-04,0,
19092,control,2026-03-02,0,
19093,control,2026-03-08,0,
19094,control,2026-03-09,0,
19095,treatment,2026-03-03,1,45.5
19096,treatment,2026-03-08,0,
19097,treatment,2026-03-01,0,
19098,treatment,2026-03-01,0,
19099,treatment,2026-03-13,0,
19100,control,2026-03-08,0,
19101,treatment,2026-03-14,0,
19102,treatment,2026-03-09,0,
19103,control,2026-03-04,1,15.33
19104,control,2026-03-14,0,
19105,control,2026-03-08,0,
19106,treatment,2026-03-05,0,
19107,control,2026-03-03,1,38.71
19108,treatment,2026-03-03,0,
19109,treatment,2026-03-07,1,58.47
19110,control,2026-03-07,0,
19111,treatment,2026-03-12,0,
19112,treatment,2026-03-08,1,37.51
19113,treatment,2026-03-01,0,
19114,control,2026-03-10,0,
19115,control,2026-03-04,0,
19116,control,2026-03-07,0,
19117,control,2026-03-09,0,
19118,treatment,2026-03-12,0,
19119,control,2026-03-10,0,
19120,control,2026-03-06,0,
19121,control,2026-03-13,0,
19122,control,2026-03-06,0,
19123,treatment,2026-03-06,0,
19124,control,2026-03-07,0,
19125,treatment,2026-03-14,0,
19126,control,2026-03-11,0,
19127,treatment,2026-03-13,0,
19128,treatment,2026-03-14,0,
19129,treatment,2026-03-01,0,
19130,treatment,2026-03-02,0,
19131,treatment,2026-03-10,0,
19132,control,2026-03-11,0,
19133,control,2026-03-06,0,
19134,treatment,2026-03-10,1,43.49
19135,control,2026-03-14,0,
19136,control,2026-03-10,1,35.51
19137,control,2026-03-12,0,
19138,treatment,2026-03-05,0,
19139,control,2026-03-10,0,
19140,treatment,2026-03-02,0,
19141,control,2026-03-02,0,
19142,control,2026-03-09,0,
19143,treatment,2026-03-06,0,
19144,treatment,2026-03-09,0,
19145,control,2026-03-09,0,
19146,control,2026-03-08,0,
19147,control,2026-03-12,0,
19148,control,2026-03-11,0,
19149,treatment,2026-03-04,0,
19150,control,2026-03-05,1,59.45
19151,treatment,2026-03-13,0,
19152,control,2026-03-05,0,
19153,control,2026-03-10,0,
19154,treatment,2026-03-09,0,
19155,treatment,2026-03-14,0,
19156,treatment,2026-03-12,1,77.77
19157,control,2026-03-06,0,
19158,treatment,2026-03-12,0,
19159,control,2026-03-07,0,
19160,treatment,2026-03-01,0,
19161,treatment,2026-03-02,0,
19162,treatment,2026-03-02,0,
19163,treatment,2026-03-08,0,
19164,control,2026-03-07,0,
19165,treatment,2026-03-10,1,52.43
19166,treatment,2026-03-02,1,26.7
19167,treatment,2026-03-14,0,
19168,treatment,2026-03-06,1,45.94
19169,control,2026-03-04,1,27.77
19170,control,2026-03-07,0,
19171,treatment,2026-03-09,0,
19172,treatment,2026-03-11,1,30.86
19173,treatment,2026-03-03,0,
19174,control,2026-03-10,0,
19175,control,2026-03-01,0,
19176,treatment,2026-03-12,0,
19177,treatment,2026-03-14,0,
19178,treatment,2026-03-03,0,
19179,control,2026-03-06,0,
19180,control,2026-03-04,0,
19181,treatment,2026-03-13,0,
19182,treatment,2026-03-06,0,
19183,control,2026-03-13,0,
19184,control,2026-03-14,0,
19185,control,2026-03-06,0,
19186,control,2026-03-10,0,
19187,control,2026-03-07,0,
19188,control,2026-03-13,1,75.76
19189,control,2026-03-05,0,
19190,control,2026-03-13,0,
19191,control,2026-03-05,0,
19192,control,2026-03-14,0,
19193,treatment,2026-03-14,0,
19194,treatment,2026-03-08,0,
19195,control,2026-03-10,0,
19196,treatment,2026-03-06,0,
19197,control,2026-03-09,0,
19198,control,2026-03-07,0,
19199,control,2026-03-08,0,
19200,treatment,2026-03-08,0,
19201,treatment,2026-03-07,0,
19202,treatment,2026-03-04,0,
19203,treatment,2026-03-03,1,59.65
19204,control,2026-03-05,0,
19205,treatment,2026-03-01,0,
19206,control,2026-03-02,0,
19207,treatment,2026-03-01,0,
19208,treatment,2026-03-10,0,
19209,control,2026-03-10,0,
19210,treatment,2026-03-05,0,
19211,control,2026-03-14,0,
19212,treatment,2026-03-13,0,
19213,control,2026-03-05,0,
19214,treatment,2026-03-05,0,
19215,control,2026-03-08,0,
19216,treatment,2026-03-04,0,
19217,treatment,2026-03-14,0,
19218,control,2026-03-05,0,
19219,control,2026-03-05,0,
19220,control,2026-03-05,0,
19221,treatment,2026-03-10,0,
19222,treatment,2026-03-11,0,
19223,control,2026-03-04,0,
19224,control,2026-03-07,0,
19225,treatment,2026-03-10,1,55.02
19226,control,2026-03-04,0,
19227,control,2026-03-03,0,
19228,control,2026-03-09,1,18.08
19229,control,2026-03-11,0,
19230,treatment,2026-03-04,0,
19231,treatment,2026-03-03,0,
19232,treatment,2026-03-13,0,
19233,treatment,2026-03-02,0,
19234,treatment,2026-03-07,0,
19235,treatment,2026-03-07,0,
19236,treatment,2026-03-05,0,
19237,control,2026-03-13,0,
19238,control,2026-03-13,0,
19239,control,2026-03-13,0,
19240,control,2026-03-07,1,46.35
19241,control,2026-03-13,0,
19242,treatment,2026-03-08,0,
19243,treatment,2026-03-09,1,36.82
19244,treatment,2026-03-01,0,
19245,treatment,2026-03-09,1,59.54
19246,treatment,2026-03-12,0,
19247,control,2026-03-11,1,31.64
19248,control,2026-03-02,0,
19249,control,2026-03-01,0,
19250,treatment,2026-03-09,0,
19251,control,2026-03-09,0,
19252,treatment,2026-03-06,0,
19253,treatment,2026-03-01,0,
19254,control,2026-03-14,1,31.47
19255,control,2026-03-13,0,
19256,treatment,2026-03-04,1,23.71
19257,treatment,2026-03-01,0,
19258,control,2026-03-12,0,
19259,control,2026-03-05,0,
19260,control,2026-03-14,0,
19261,control,2026-03-13,0,
19262,control,2026-03-10,0,
19263,control,2026-03-09,0,
19264,treatment,2026-03-14,0,
19265,control,2026-03-12,0,
19266,treatment,2026-03-02,0,
19267,treatment,2026-03-10,0,
19268,treatment,2026-03-04,0,
19269,treatment,2026-03-01,0,
19270,control,2026-03-11,0,
19271,treatment,2026-03-10,0,
19272,treatment,2026-03-08,0,
19273,treatment,2026-03-12,0,
19274,control,2026-03-02,1,42.06
19275,control,2026-03-14,0,
19276,control,2026-03-14,1,48.54
19277,control,2026-03-04,0,
19278,control,2026-03-05,0,
19279,treatment,2026-03-06,0,
19280,treatment,2026-03-04,0,
19281,control,2026-03-11,0,
19282,control,2026-03-01,0,
19283,treatment,2026-03-06,0,
19284,control,2026-03-06,0,
19285,control,2026-03-03,0,
19286,control,2026-03-01,0,
19287,control,2026-03-08,1,22.37
19288,treatment,2026-03-08,0,
19289,treatment,2026-03-14,0,
19290,treatment,2026-03-07,1,41.3
19291,control,2026-03-04,0,
19292,control,2026-03-10,0,
19293,control,2026-03-12,0,
19294,control,2026-03-06,0,
19295,control,2026-03-11,0,
19296,control,2026-03-10,0,
19297,control,2026-03-08,0,
19298,treatment,2026-03-13,0,
19299,control,2026-03-07,0,
19300,control,2026-03-01,0,
19301,control,2026-03-03,0,
19302,treatment,2026-03-03,1,24.17
19303,treatment,2026-03-09,1,52.22
19304,control,2026-03-06,0,
19305,treatment,2026-03-03,0,
19306,treatment,2026-03-07,0,
19307,control,2026-03-04,0,
19308,treatment,2026-03-07,0,
19309,control,2026-03-01,1,51.48
19310,control,2026-03-10,0,
19311,treatment,2026-03-06,0,
19312,control,2026-03-07,0,
19313,treatment,2026-03-04,0,
19314,treatment,2026-03-02,0,
19315,control,2026-03-05,0,
19316,control,2026-03-11,1,59.03
19317,control,2026-03-14,0,
19318,control,2026-03-02,1,30.72
19319,control,2026-03-12,0,
19320,treatment,2026-03-10,1,72.24
19321,treatment,2026-03-14,0,
19322,control,2026-03-06,1,25.6
19323,treatment,2026-03-12,0,
19324,treatment,2026-03-11,0,
19325,control,2026-03-13,0,
19326,control,2026-03-11,1,30.04
19327,control,2026-03-04,0,
19328,control,2026-03-04,0,
19329,treatment,2026-03-10,0,
19330,treatment,2026-03-08,0,
19331,control,2026-03-14,0,
19332,treatment,2026-03-11,0,
19333,treatment,2026-03-05,0,
19334,control,2026-03-12,0,
19335,treatment,2026-03-10,0,
19336,treatment,2026-03-10,0,
19337,control,2026-03-05,0,
19338,treatment,2026-03-11,0,
19339,control,2026-03-14,1,52.53
19340,control,2026-03-12,0,
19341,treatment,2026-03-06,1,51.23
19342,treatment,2026-03-14,1,37.48
19343,control,2026-03-05,0,
19344,control,2026-03-07,0,
19345,treatment,2026-03-08,0,
19346,treatment,2026-03-04,1,70.16
19347,treatment,2026-03-10,0,
19348,treatment,2026-03-03,0,
19349,treatment,2026-03-02,0,
19350,treatment,2026-03-05,1,34.43
19351,control,2026-03-03,0,
19352,treatment,2026-03-06,0,
19353,treatment,2026-03-12,0,
19354,control,2026-03-07,0,
19355,control,2026-03-01,0,
19356,control,2026-03-03,1,37.94
19357,control,2026-03-10,0,
19358,control,2026-03-06,0,
19359,treatment,2026-03-14,0,
19360,control,2026-03-14,0,
19361,control,2026-03-05,1,29.05
19362,treatment,2026-03-06,1,57.54
19363,control,2026-03-11,0,
19364,treatment,2026-03-03,0,
19365,control,2026-03-01,0,
19366,treatment,2026-03-11,0,
19367,treatment,2026-03-12,0,
19368,treatment,2026-03-03,0,
19369,treatment,2026-03-11,0,
19370,treatment,2026-03-10,0,
19371,control,2026-03-01,0,
19372,control,2026-03-07,0,
19373,control,2026-03-14,0,
19374,control,2026-03-03,0,
19375,treatment,2026-03-12,0,
19376,control,2026-03-03,0,
19377,treatment,2026-03-12,0,
19378,treatment,2026-03-09,0,
19379,control,2026-03-11,1,20.4
19380,control,2026-03-10,0,
19381,treatment,2026-03-03,0,
19382,treatment,2026-03-01,0,
19383,control,2026-03-03,0,
19384,control,2026-03-07,1,27.37
19385,control,2026-03-08,0,
19386,treatment,2026-03-08,0,
19387,treatment,2026-03-03,1,51.34
19388,treatment,2026-03-11,0,
19389,treatment,2026-03-02,0,
19390,control,2026-03-13,0,
19391,treatment,2026-03-12,0,
19392,treatment,2026-03-13,0,
19393,treatment,2026-03-02,0,
19394,control,2026-03-12,1,41.5
19395,control,2026-03-07,1,58.99
19396,control,2026-03-05,0,
19397,control,2026-03-09,0,
19398,treatment,2026-03-02,0,
19399,treatment,2026-03-11,0,
19400,control,2026-03-10,0,
19401,treatment,2026-03-04,0,
19402,control,2026-03-03,0,
19403,treatment,2026-03-10,0,
19404,control,2026-03-05,0,
19405,treatment,2026-03-12,0,
19406,control,2026-03-07,1,29.21
19407,treatment,2026-03-06,0,
19408,treatment,2026-03-13,1,26.83
19409,treatment,2026-03-06,0,
19410,control,2026-03-14,0,
19411,treatment,2026-03-12,1,42.24
19412,control,2026-03-04,0,
19413,control,2026-03-05,0,
19414,treatment,2026-03-02,0,
19415,control,2026-03-10,1,93.89
19416,control,2026-03-12,0,
19417,control,2026-03-12,0,
19418,treatment,2026-03-08,0,
19419,control,2026-03-13,0,
19420,control,2026-03-12,1,21.34
19421,control,2026-03-14,0,
19422,treatment,2026-03-14,0,
19423,control,2026-03-14,0,
19424,control,2026-03-04,0,
19425,control,2026-03-14,0,
19426,control,2026-03-03,0,
19427,control,2026-03-14,0,
19428,control,2026-03-08,0,
19429,treatment,2026-03-09,0,
19430,control,2026-03-14,1,79.09
19431,control,2026-03-04,0,
19432,control,2026-03-06,0,
19433,treatment,2026-03-04,0,
19434,treatment,2026-03-07,0,
19435,control,2026-03-09,1,67.4
19436,treatment,2026-03-14,1,69.87
19437,treatment,2026-03-08,0,
19438,treatment,2026-03-02,0,
19439,control,2026-03-03,1,39.63
19440,control,2026-03-13,0,
19441,control,2026-03-01,0,
19442,treatment,2026-03-01,0,
19443,treatment,2026-03-07,0,
19444,control,2026-03-02,0,
19445,control,2026-03-07,0,
19446,control,2026-03-06,0,
19447,control,2026-03-09,0,
19448,treatment,2026-03-12,0,
19449,control,2026-03-14,0,
19450,treatment,2026-03-08,0,
19451,control,2026-03-07,0,
19452,control,2026-03-11,1,38.33
19453,control,2026-03-02,0,
19454,treatment,2026-03-06,1,52.03
19455,control,2026-03-11,0,
19456,control,2026-03-04,0,
19457,treatment,2026-03-14,0,
19458,treatment,2026-03-09,0,
19459,treatment,2026-03-03,0,
19460,control,2026-03-04,0,
19461,control,2026-03-07,0,
19462,control,2026-03-02,0,
19463,treatment,2026-03-09,0,
19464,control,2026-03-08,1,77.69
19465,control,2026-03-14,0,
19466,treatment,2026-03-10,0,
19467,control,2026-03-12,0,
19468,treatment,2026-03-02,0,
19469,control,2026-03-10,0,
19470,treatment,2026-03-01,1,27.39
19471,treatment,2026-03-14,1,72.25
19472,treatment,2026-03-02,1,36.81
19473,control,2026-03-13,0,
19474,treatment,2026-03-13,0,
19475,treatment,2026-03-14,0,
19476,control,2026-03-03,1,24.92
19477,control,2026-03-06,0,
19478,control,2026-03-07,0,
19479,treatment,2026-03-01,0,
19480,treatment,2026-03-09,0,
19481,control,2026-03-14,0,
19482,control,2026-03-11,1,21.62
19483,treatment,2026-03-08,0,
19484,control,2026-03-08,0,
19485,treatment,2026-03-05,0,
19486,control,2026-03-07,1,45.81
19487,control,2026-03-14,0,
19488,control,2026-03-04,0,
19489,control,2026-03-13,0,
19490,treatment,2026-03-04,0,
19491,treatment,2026-03-07,0,
19492,control,2026-03-10,0,
19493,control,2026-03-08,0,
19494,control,2026-03-04,0,
19495,control,2026-03-03,0,
19496,control,2026-03-06,0,
19497,treatment,2026-03-11,0,
19498,treatment,2026-03-12,0,
19499,control,2026-03-11,0,
19500,treatment,2026-03-04,0,
19501,control,2026-03-08,0,
19502,control,2026-03-09,0,
19503,control,2026-03-03,0,
19504,control,2026-03-05,1,51.86
19505,control,2026-03-13,0,
19506,treatment,2026-03-05,0,
19507,treatment,2026-03-08,0,
19508,control,2026-03-12,1,124.86
19509,control,2026-03-06,0,
19510,treatment,2026-03-02,0,
19511,control,2026-03-09,0,
19512,control,2026-03-14,0,
19513,treatment,2026-03-04,1,41.53
19514,control,2026-03-02,0,
19515,treatment,2026-03-01,0,
19516,treatment,2026-03-14,0,
19517,control,2026-03-13,1,62.62
19518,control,2026-03-06,0,
19519,treatment,2026-03-06,0,
19520,treatment,2026-03-12,0,
19521,treatment,2026-03-09,0,
19522,treatment,2026-03-10,0,
19523,control,2026-03-04,0,
19524,treatment,2026-03-11,1,144.15
19525,treatment,2026-03-12,0,
19526,control,2026-03-05,0,
19527,treatment,2026-03-08,0,
19528,control,2026-03-06,0,
19529,control,2026-03-01,1,21.93
19530,control,2026-03-01,0,
19531,treatment,2026-03-14,0,
19532,control,2026-03-10,0,
19533,control,2026-03-01,0,
19534,treatment,2026-03-05,0,
19535,control,2026-03-05,0,
19536,control,2026-03-07,0,
19537,treatment,2026-03-12,0,
19538,control,2026-03-14,1,9.35
19539,treatment,2026-03-01,0,
19540,treatment,2026-03-05,0,
19541,control,2026-03-13,0,
19542,control,2026-03-04,0,
19543,treatment,2026-03-12,0,
19544,treatment,2026-03-14,0,
19545,control,2026-03-06,0,
19546,treatment,2026-03-02,0,
19547,control,2026-03-09,0,
19548,treatment,2026-03-14,0,
19549,treatment,2026-03-01,0,
19550,treatment,2026-03-04,0,
19551,control,2026-03-06,0,
19552,treatment,2026-03-04,0,
19553,treatment,2026-03-02,0,
19554,control,2026-03-13,0,
19555,control,2026-03-01,0,
19556,treatment,2026-03-12,0,
19557,control,2026-03-14,1,36.93
19558,control,2026-03-05,0,
19559,control,2026-03-13,0,
19560,treatment,2026-03-13,0,
19561,treatment,2026-03-13,1,22.96
19562,control,2026-03-04,0,
19563,control,2026-03-11,1,96.1
19564,treatment,2026-03-06,1,22.61
19565,treatment,2026-03-07,0,
19566,control,2026-03-10,0,
19567,control,2026-03-14,0,
19568,treatment,2026-03-06,0,
19569,control,2026-03-02,0,
19570,control,2026-03-05,0,
19571,control,2026-03-05,0,
19572,control,2026-03-02,0,
19573,treatment,2026-03-01,0,
19574,control,2026-03-12,0,
19575,treatment,2026-03-05,1,86.46
19576,control,2026-03-09,1,42.98
19577,treatment,2026-03-02,0,
19578,treatment,2026-03-11,1,37.5
19579,control,2026-03-11,0,
19580,control,2026-03-05,1,42.43
19581,treatment,2026-03-12,1,84.66
19582,treatment,2026-03-08,0,
19583,treatment,2026-03-04,0,
19584,treatment,2026-03-10,0,
19585,treatment,2026-03-02,0,
19586,treatment,2026-03-02,0,
19587,control,2026-03-04,0,
19588,control,2026-03-12,0,
19589,treatment,2026-03-11,0,
19590,control,2026-03-09,0,
19591,control,2026-03-04,0,
19592,treatment,2026-03-07,0,
19593,control,2026-03-01,0,
19594,control,2026-03-14,0,
19595,treatment,2026-03-13,0,
19596,treatment,2026-03-07,0,
19597,treatment,2026-03-08,0,
19598,treatment,2026-03-05,0,
19599,control,2026-03-01,0,
19600,control,2026-03-09,0,
19601,treatment,2026-03-08,1,72.04
19602,control,2026-03-01,0,
19603,control,2026-03-10,0,
19604,treatment,2026-03-07,1,34.48
19605,treatment,2026-03-13,0,
19606,control,2026-03-05,0,
19607,treatment,2026-03-09,0,
19608,treatment,2026-03-04,0,
19609,control,2026-03-04,0,
19610,control,2026-03-05,1,55.81
19611,treatment,2026-03-11,1,38.74
19612,control,2026-03-10,1,32.7
19613,control,2026-03-08,1,56.0
19614,treatment,2026-03-13,0,
19615,control,2026-03-03,0,
19616,control,2026-03-13,0,
19617,treatment,2026-03-05,1,35.14
19618,treatment,2026-03-03,0,
19619,control,2026-03-11,0,
19620,control,2026-03-02,0,
19621,control,2026-03-09,0,
19622,control,2026-03-12,0,
19623,treatment,2026-03-12,0,
19624,treatment,2026-03-07,0,
19625,control,2026-03-12,0,
19626,control,2026-03-04,0,
19627,treatment,2026-03-10,0,
19628,control,2026-03-07,0,
19629,control,2026-03-11,0,
19630,control,2026-03-05,1,54.11
19631,control,2026-03-03,0,
19632,control,2026-03-14,0,
19633,treatment,2026-03-01,0,
19634,treatment,2026-03-13,0,
19635,treatment,2026-03-06,0,
19636,control,2026-03-03,0,
19637,control,2026-03-09,0,
19638,treatment,2026-03-08,0,
19639,control,2026-03-14,0,
19640,control,2026-03-13,0,
19641,treatment,2026-03-07,0,
19642,control,2026-03-14,0,
19643,treatment,2026-03-06,1,27.41
19644,treatment,2026-03-09,0,
19645,control,2026-03-12,0,
19646,treatment,2026-03-14,0,
19647,control,2026-03-03,0,
19648,control,2026-03-10,0,
19649,treatment,2026-03-14,1,45.56
19650,control,2026-03-07,0,
19651,treatment,2026-03-11,0,
19652,control,2026-03-08,0,
19653,treatment,2026-03-05,0,
19654,control,2026-03-10,1,31.92
19655,treatment,2026-03-11,0,
19656,treatment,2026-03-03,0,
19657,control,2026-03-12,0,
19658,treatment,2026-03-06,0,
19659,treatment,2026-03-03,0,
19660,control,2026-03-11,0,
19661,control,2026-03-07,0,
19662,control,2026-03-07,1,39.3
19663,treatment,2026-03-03,0,
19664,treatment,2026-03-01,0,
19665,treatment,2026-03-06,0,
19666,treatment,2026-03-05,1,63.15
19667,treatment,2026-03-11,0,
19668,control,2026-03-12,1,29.13
19669,treatment,2026-03-10,1,23.73
19670,treatment,2026-03-05,0,
19671,treatment,2026-03-11,1,20.97
19672,control,2026-03-09,0,
19673,control,2026-03-10,0,
19674,control,2026-03-02,0,
19675,control,2026-03-08,0,
19676,control,2026-03-08,0,
19677,treatment,2026-03-11,0,
19678,treatment,2026-03-07,0,
19679,control,2026-03-09,0,
19680,control,2026-03-14,0,
19681,treatment,2026-03-03,0,
19682,control,2026-03-13,0,
19683,treatment,2026-03-07,0,
19684,control,2026-03-07,1,52.73
19685,control,2026-03-04,0,
19686,treatment,2026-03-10,0,
19687,treatment,2026-03-10,0,
19688,treatment,2026-03-03,0,
19689,treatment,2026-03-07,0,
19690,control,2026-03-14,0,
19691,control,2026-03-01,0,
19692,treatment,2026-03-14,0,
19693,treatment,2026-03-07,0,
19694,treatment,2026-03-04,0,
19695,treatment,2026-03-08,0,
19696,treatment,2026-03-11,0,
19697,control,2026-03-06,0,
19698,control,2026-03-08,1,46.67
19699,control,2026-03-10,0,
19700,treatment,2026-03-14,0,
19701,treatment,2026-03-08,0,
19702,treatment,2026-03-09,0,
19703,treatment,2026-03-12,0,
19704,treatment,2026-03-08,0,
19705,treatment,2026-03-12,1,33.7
19706,control,2026-03-13,0,
19707,treatment,2026-03-04,1,43.4
19708,treatment,2026-03-02,0,
19709,treatment,2026-03-11,0,
19710,control,2026-03-08,0,
19711,treatment,2026-03-03,1,38.48
19712,treatment,2026-03-13,0,
19713,treatment,2026-03-07,0,
19714,treatment,2026-03-05,0,
19715,control,2026-03-07,0,
19716,control,2026-03-04,0,
19717,treatment,2026-03-09,0,
19718,treatment,2026-03-06,0,
19719,control,2026-03-08,1,48.81
19720,control,2026-03-09,0,
19721,control,2026-03-05,0,
19722,control,2026-03-07,0,
19723,treatment,2026-03-09,0,
19724,control,2026-03-12,0,
19725,treatment,2026-03-06,0,
19726,control,2026-03-08,0,
19727,treatment,2026-03-14,0,
19728,control,2026-03-09,0,
19729,control,2026-03-08,0,
19730,control,2026-03-12,1,43.12
19731,control,2026-03-12,0,
19732,treatment,2026-03-12,0,
19733,control,2026-03-02,1,46.16
19734,treatment,2026-03-08,0,
19735,treatment,2026-03-01,0,
19736,treatment,2026-03-04,1,36.79
19737,control,2026-03-07,0,
19738,control,2026-03-01,0,
19739,treatment,2026-03-01,0,
19740,treatment,2026-03-09,0,
19741,treatment,2026-03-03,0,
19742,treatment,2026-03-03,0,
19743,control,2026-03-01,0,
19744,control,2026-03-13,0,
19745,control,2026-03-12,0,
19746,control,2026-03-02,0,
19747,control,2026-03-11,0,
19748,control,2026-03-06,1,65.03
19749,control,2026-03-13,0,
19750,treatment,2026-03-13,0,
19751,control,2026-03-05,0,
19752,control,2026-03-09,0,
19753,treatment,2026-03-11,0,
19754,treatment,2026-03-10,0,
19755,treatment,2026-03-12,0,
19756,control,2026-03-13,0,
19757,control,2026-03-10,0,
19758,treatment,2026-03-06,0,
19759,control,2026-03-04,1,56.8
19760,treatment,2026-03-09,1,44.93
19761,control,2026-03-05,1,88.23
19762,control,2026-03-14,0,
19763,treatment,2026-03-07,0,
19764,control,2026-03-01,1,33.81
19765,control,2026-03-04,0,
19766,treatment,2026-03-11,0,
19767,control,2026-03-10,0,
19768,treatment,2026-03-06,0,
19769,treatment,2026-03-09,0,
19770,control,2026-03-13,0,
19771,treatment,2026-03-06,0,
19772,control,2026-03-08,1,23.96
19773,control,2026-03-13,0,
19774,control,2026-03-10,0,
19775,control,2026-03-10,0,
19776,control,2026-03-01,0,
19777,control,2026-03-11,0,
19778,control,2026-03-13,0,
19779,treatment,2026-03-03,0,
19780,treatment,2026-03-05,1,31.16
19781,control,2026-03-04,0,
19782,treatment,2026-03-05,0,
19783,control,2026-03-06,0,
19784,treatment,2026-03-08,0,
19785,control,2026-03-01,0,
19786,control,2026-03-06,0,
19787,treatment,2026-03-10,0,
19788,control,2026-03-06,0,
19789,treatment,2026-03-12,0,
19790,treatment,2026-03-14,0,
19791,treatment,2026-03-01,0,
19792,treatment,2026-03-09,0,
19793,treatment,2026-03-10,0,
19794,treatment,2026-03-07,0,
19795,control,2026-03-03,0,
19796,treatment,2026-03-01,0,
19797,control,2026-03-02,0,
19798,treatment,2026-03-12,0,
19799,control,2026-03-01,0,
19800,control,2026-03-01,0,
19801,treatment,2026-03-10,1,44.76
19802,control,2026-03-08,0,
19803,control,2026-03-10,0,
19804,treatment,2026-03-14,0,
19805,treatment,2026-03-10,0,
19806,treatment,2026-03-10,0,
19807,treatment,2026-03-13,0,
19808,treatment,2026-03-07,1,42.84
19809,treatment,2026-03-10,0,
19810,control,2026-03-04,0,
19811,control,2026-03-08,0,
19812,control,2026-03-04,0,
19813,treatment,2026-03-01,0,
19814,control,2026-03-01,0,
19815,control,2026-03-02,0,
19816,control,2026-03-03,0,
19817,treatment,2026-03-02,1,18.68
19818,treatment,2026-03-11,1,19.92
19819,treatment,2026-03-01,0,
19820,control,2026-03-03,0,
19821,control,2026-03-14,0,
19822,control,2026-03-01,0,
19823,control,2026-03-01,0,
19824,treatment,2026-03-14,0,
19825,control,2026-03-04,0,
19826,treatment,2026-03-14,0,
19827,control,2026-03-08,0,
19828,control,2026-03-14,0,
19829,treatment,2026-03-11,0,
19830,treatment,2026-03-05,0,
19831,treatment,2026-03-07,0,
19832,control,2026-03-04,1,54.12
19833,treatment,2026-03-06,0,
19834,treatment,2026-03-12,0,
19835,treatment,2026-03-04,0,
19836,treatment,2026-03-03,0,
19837,treatment,2026-03-02,0,
19838,control,2026-03-06,0,
19839,control,2026-03-11,0,
19840,treatment,2026-03-13,0,
19841,treatment,2026-03-02,0,
19842,treatment,2026-03-10,0,
19843,treatment,2026-03-02,1,40.39
19844,control,2026-03-09,0,
19845,treatment,2026-03-08,0,
19846,control,2026-03-12,1,40.09
19847,control,2026-03-11,0,
19848,treatment,2026-03-08,1,49.38
19849,control,2026-03-10,0,
19850,treatment,2026-03-11,1,54.46
19851,control,2026-03-14,0,
19852,control,2026-03-12,0,
19853,treatment,2026-03-06,0,
19854,control,2026-03-03,0,
19855,control,2026-03-13,0,
19856,treatment,2026-03-05,0,
19857,treatment,2026-03-14,0,
19858,treatment,2026-03-07,0,
19859,control,2026-03-14,0,
19860,treatment,2026-03-01,0,
19861,treatment,2026-03-06,0,
19862,treatment,2026-03-04,0,
19863,treatment,2026-03-12,0,
19864,treatment,2026-03-13,0,
19865,treatment,2026-03-03,1,67.09
19866,control,2026-03-09,0,
19867,treatment,2026-03-13,0,
19868,control,2026-03-08,1,51.97
19869,treatment,2026-03-10,0,
19870,treatment,2026-03-05,1,24.89
19871,treatment,2026-03-06,0,
19872,treatment,2026-03-03,0,
19873,treatment,2026-03-14,0,
19874,control,2026-03-06,0,
19875,treatment,2026-03-11,0,
19876,treatment,2026-03-11,0,
19877,treatment,2026-03-10,0,
19878,treatment,2026-03-12,1,51.28
19879,control,2026-03-12,0,
19880,control,2026-03-07,0,
19881,control,2026-03-01,0,
19882,treatment,2026-03-08,1,67.12
19883,control,2026-03-11,1,64.35
19884,treatment,2026-03-07,0,
19885,control,2026-03-13,0,
19886,control,2026-03-06,0,
19887,control,2026-03-10,0,
19888,treatment,2026-03-13,0,
19889,control,2026-03-12,0,
19890,treatment,2026-03-09,0,
19891,treatment,2026-03-14,0,
19892,control,2026-03-04,1,53.83
19893,treatment,2026-03-04,1,33.17
19894,treatment,2026-03-02,0,
19895,treatment,2026-03-12,0,
19896,control,2026-03-09,0,
19897,treatment,2026-03-05,0,
19898,control,2026-03-02,0,
19899,control,2026-03-07,0,
19900,control,2026-03-03,1,36.46
19901,treatment,2026-03-14,0,
19902,treatment,2026-03-12,0,
19903,control,2026-03-05,1,42.62
19904,control,2026-03-01,0,
19905,control,2026-03-10,0,
19906,treatment,2026-03-14,0,
19907,treatment,2026-03-03,0,
19908,treatment,2026-03-09,0,
19909,control,2026-03-05,0,
19910,treatment,2026-03-13,0,
19911,treatment,2026-03-13,1,23.42
19912,treatment,2026-03-13,0,
19913,control,2026-03-01,0,
19914,treatment,2026-03-12,0,
19915,control,2026-03-04,0,
19916,treatment,2026-03-07,0,
19917,treatment,2026-03-11,0,
19918,treatment,2026-03-13,0,
19919,control,2026-03-13,0,
19920,control,2026-03-07,0,
19921,treatment,2026-03-08,0,
19922,treatment,2026-03-10,0,
19923,treatment,2026-03-06,0,
19924,control,2026-03-14,0,
19925,treatment,2026-03-12,0,
19926,treatment,2026-03-14,0,
19927,treatment,2026-03-05,0,
19928,control,2026-03-12,0,
19929,treatment,2026-03-05,0,
19930,treatment,2026-03-08,0,
19931,treatment,2026-03-09,1,37.84
19932,control,2026-03-13,0,
19933,treatment,2026-03-09,0,
19934,control,2026-03-03,0,
19935,control,2026-03-10,0,
19936,control,2026-03-14,0,
19937,control,2026-03-05,0,
19938,treatment,2026-03-03,0,
19939,treatment,2026-03-07,0,
19940,treatment,2026-03-01,1,70.69
19941,control,2026-03-06,0,
19942,control,2026-03-14,0,
19943,treatment,2026-03-12,1,41.28
19944,treatment,2026-03-04,1,33.73
19945,control,2026-03-02,0,
19946,treatment,2026-03-06,0,
19947,control,2026-03-13,0,
19948,treatment,2026-03-01,0,
19949,treatment,2026-03-10,0,
19950,treatment,2026-03-03,1,38.13
19951,control,2026-03-05,0,
19952,control,2026-03-13,0,
19953,treatment,2026-03-04,0,
19954,treatment,2026-03-14,0,
19955,control,2026-03-06,0,
19956,treatment,2026-03-05,0,
19957,control,2026-03-11,1,82.4
19958,control,2026-03-14,0,
19959,treatment,2026-03-04,0,
19960,control,2026-03-12,0,
19961,control,2026-03-03,0,
19962,control,2026-03-04,0,
19963,control,2026-03-02,0,
19964,control,2026-03-05,0,
19965,control,2026-03-06,0,
19966,treatment,2026-03-07,0,
19967,control,2026-03-05,1,95.7
19968,treatment,2026-03-11,1,69.42
19969,control,2026-03-11,0,
19970,treatment,2026-03-11,0,
19971,control,2026-03-02,0,
19972,control,2026-03-06,0,
19973,control,2026-03-14,0,
19974,treatment,2026-03-01,0,
19975,control,2026-03-05,0,
19976,control,2026-03-08,0,
19977,treatment,2026-03-04,0,
19978,control,2026-03-06,0,
19979,control,2026-03-14,0,
19980,treatment,2026-03-10,0,
19981,treatment,2026-03-13,0,
19982,treatment,2026-03-03,0,
19983,control,2026-03-10,0,
19984,treatment,2026-03-11,0,
19985,treatment,2026-03-02,0,
19986,treatment,2026-03-01,0,
19987,treatment,2026-03-13,0,
19988,control,2026-03-07,0,
19989,control,2026-03-12,0,
19990,control,2026-03-13,0,
19991,control,2026-03-01,0,
19992,control,2026-03-08,0,
19993,treatment,2026-03-02,0,
19994,treatment,2026-03-11,1,65.39
19995,treatment,2026-03-08,0,
19996,control,2026-03-05,0,
19997,control,2026-03-09,0,
19998,treatment,2026-03-12,0,
19999,treatment,2026-03-02,0,
20000,treatment,2026-03-01,0,
