user_id,variant,assignment_date,converted
1,control,2026-03-13,0
2,treatment,2026-03-07,1
3,treatment,2026-03-11,1
4,treatment,2026-03-13,0
5,treatment,2026-03-15,0
6,control,2026-03-03,0
7,control,2026-03-04,0
8,treatment,2026-03-12,0
9,control,2026-03-15,0
10,treatment,2026-03-04,1
11,control,2026-03-15,0
12,treatment,2026-03-02,0
13,treatment,2026-03-02,0
14,control,2026-03-08,0
15,treatment,2026-03-02,1
16,treatment,2026-03-11,1
17,treatment,2026-03-11,0
18,control,2026-03-05,1
19,control,2026-03-14,0
20,treatment,2026-03-13,1
21,treatment,2026-03-10,1
22,treatment,2026-03-09,0
23,control,2026-03-08,1
24,treatment,2026-03-07,0
25,treatment,2026-03-05,0
26,treatment,2026-03-12,0
27,control,2026-03-13,0
28,treatment,2026-03-03,1
29,control,2026-03-04,1
30,control,2026-03-10,0
31,control,2026-03-07,0
32,treatment,2026-03-13,0
33,treatment,2026-03-10,1
34,treatment,2026-03-08,1
35,treatment,2026-03-05,0
36,treatment,2026-03-06,0
37,control,2026-03-04,0
38,control,2026-03-04,1
39,treatment,2026-03-12,1
40,treatment,2026-03-14,0
41,treatment,2026-03-07,0
42,control,2026-03-12,1
43,treatment,2026-03-10,1
44,treatment,2026-03-02,0
45,treatment,2026-03-13,0
46,treatment,2026-03-06,0
47,control,2026-03-04,0
48,treatment,2026-03-13,0
49,control,2026-03-11,0
50,treatment,2026-03-09,0
51,treatment,2026-03-09,1
52,treatment,2026-03-08,1
53,control,2026-03-10,0
54,control,2026-03-04,0
55,treatment,2026-03-04,0
56,treatment,2026-03-13,0
57,treatment,2026-03-12,0
58,control,2026-03-11,1
59,treatment,2026-03-12,1
60,control,2026-03-05,0
61,treatment,2026-03-09,0
62,control,2026-03-03,0
63,treatment,2026-03-02,1
64,control,2026-03-07,0
65,treatment,2026-03-05,0
66,control,2026-03-02,1
67,treatment,2026-03-10,1
68,control,2026-03-09,0
69,treatment,2026-03-12,0
70,control,2026-03-07,1
71,treatment,2026-03-08,0
72,treatment,2026-03-04,0
73,treatment,2026-03-12,1
74,treatment,2026-03-02,1
75,treatment,2026-03-14,1
76,treatment,2026-03-15,0
77,treatment,2026-03-12,0
78,treatment,2026-03-15,1
79,treatment,2026-03-15,1
80,treatment,2026-03-03,0
81,control,2026-03-07,1
82,control,2026-03-03,0
83,treatment,2026-03-08,1
84,treatment,2026-03-02,0
85,treatment,2026-03-08,1
86,treatment,2026-03-02,1
87,control,2026-03-11,1
88,treatment,2026-03-13,1
89,treatment,2026-03-07,1
90,control,2026-03-13,1
91,control,2026-03-14,0
92,treatment,2026-03-15,0
93,control,2026-03-07,0
94,treatment,2026-03-11,0
95,control,2026-03-07,1
96,treatment,2026-03-14,1
97,treatment,2026-03-06,1
98,control,2026-03-13,0
99,treatment,2026-03-07,0
100,treatment,2026-03-03,0
101,treatment,2026-03-12,0
102,control,2026-03-06,0
103,control,2026-03-14,1
104,control,2026-03-07,0
105,control,2026-03-11,1
106,treatment,2026-03-11,1
107,control,2026-03-13,1
108,treatment,2026-03-06,1
109,control,2026-03-08,0
110,control,2026-03-12,1
111,control,2026-03-04,0
112,control,2026-03-13,0
113,treatment,2026-03-10,0
114,control,2026-03-14,1
115,control,2026-03-07,1
116,treatment,2026-03-05,0
117,control,2026-03-05,0
118,control,2026-03-11,0
119,treatment,2026-03-12,1
120,control,2026-03-03,0
121,control,2026-03-09,1
122,treatment,2026-03-10,1
123,control,2026-03-14,1
124,treatment,2026-03-03,1
125,control,2026-03-12,0
126,control,2026-03-15,0
127,treatment,2026-03-03,1
128,control,2026-03-10,0
129,treatment,2026-03-10,1
130,treatment,2026-03-08,0
131,treatment,2026-03-05,1
132,control,2026-03-11,0
133,control,2026-03-10,1
134,control,2026-03-04,0
135,control,2026-03-11,0
136,control,2026-03-14,1
137,control,2026-03-06,0
138,control,2026-03-02,0
139,control,2026-03-04,0
140,treatment,2026-03-14,1
141,control,2026-03-15,0
142,treatment,2026-03-11,1
143,control,2026-03-07,1
144,treatment,2026-03-11,1
145,control,2026-03-12,1
146,treatment,2026-03-05,0
147,control,2026-03-15,0
148,control,2026-03-04,0
149,treatment,2026-03-05,1
150,control,2026-03-08,1
151,treatment,2026-03-06,1
152,treatment,2026-03-03,1
153,treatment,2026-03-10,0
154,treatment,2026-03-09,0
155,treatment,2026-03-09,0
156,control,2026-03-15,0
157,treatment,2026-03-15,0
158,treatment,2026-03-02,1
159,control,2026-03-02,0
160,control,2026-03-13,0
161,control,2026-03-06,0
162,control,2026-03-05,0
163,control,2026-03-05,1
164,treatment,2026-03-13,0
165,treatment,2026-03-14,0
166,control,2026-03-10,0
167,treatment,2026-03-06,0
168,treatment,2026-03-12,0
169,treatment,2026-03-05,1
170,treatment,2026-03-02,0
171,control,2026-03-12,1
172,treatment,2026-03-15,1
173,treatment,2026-03-03,1
174,treatment,2026-03-13,0
175,treatment,2026-03-07,0
176,control,2026-03-10,0
177,treatment,2026-03-11,1
178,control,2026-03-05,1
179,control,2026-03-09,0
180,control,2026-03-15,0
181,treatment,2026-03-15,1
182,treatment,2026-03-11,0
183,treatment,2026-03-08,0
184,treatment,2026-03-12,0
185,treatment,2026-03-14,0
186,treatment,2026-03-09,1
187,treatment,2026-03-04,1
188,treatment,2026-03-11,1
189,treatment,2026-03-04,1
190,control,2026-03-12,0
191,control,2026-03-05,1
192,treatment,2026-03-09,1
193,treatment,2026-03-08,0
194,control,2026-03-15,0
195,treatment,2026-03-04,0
196,control,2026-03-10,1
197,control,2026-03-08,0
198,treatment,2026-03-09,1
199,control,2026-03-02,0
200,control,2026-03-15,0
201,treatment,2026-03-07,1
202,treatment,2026-03-11,1
203,control,2026-03-13,0
204,control,2026-03-07,1
205,treatment,2026-03-12,0
206,control,2026-03-07,0
207,treatment,2026-03-04,0
208,treatment,2026-03-12,1
209,treatment,2026-03-07,0
210,control,2026-03-07,1
211,treatment,2026-03-03,0
212,control,2026-03-09,1
213,control,2026-03-14,1
214,control,2026-03-13,1
215,control,2026-03-10,0
216,treatment,2026-03-02,1
217,control,2026-03-15,0
218,control,2026-03-12,1
219,treatment,2026-03-02,0
220,control,2026-03-02,1
221,treatment,2026-03-02,0
222,treatment,2026-03-14,0
223,treatment,2026-03-12,1
224,control,2026-03-15,0
225,treatment,2026-03-09,0
226,treatment,2026-03-08,1
227,treatment,2026-03-12,1
228,control,2026-03-02,0
229,treatment,2026-03-07,1
230,control,2026-03-14,0
231,control,2026-03-08,1
232,control,2026-03-12,0
233,control,2026-03-05,0
234,treatment,2026-03-09,0
235,treatment,2026-03-03,1
236,treatment,2026-03-07,0
237,treatment,2026-03-02,0
238,treatment,2026-03-12,1
239,control,2026-03-11,0
240,control,2026-03-10,0
241,control,2026-03-05,0
242,control,2026-03-15,1
243,control,2026-03-03,1
244,treatment,2026-03-08,0
245,treatment,2026-03-09,0
246,control,2026-03-10,1
247,treatment,2026-03-06,1
248,control,2026-03-10,0
249,treatment,2026-03-15,0
250,control,2026-03-14,0
251,control,2026-03-08,0
252,control,2026-03-05,0
253,treatment,2026-03-15,0
254,control,2026-03-09,1
255,control,2026-03-13,1
256,control,2026-03-14,0
257,control,2026-03-03,1
258,treatment,2026-03-10,0
259,control,2026-03-12,0
260,control,2026-03-10,1
261,treatment,2026-03-11,1
262,treatment,2026-03-14,1
263,control,2026-03-11,0
264,control,2026-03-11,0
265,treatment,2026-03-11,0
266,control,2026-03-09,0
267,treatment,2026-03-13,0
268,treatment,2026-03-12,1
269,control,2026-03-02,0
270,treatment,2026-03-10,1
271,control,2026-03-14,1
272,treatment,2026-03-14,1
273,treatment,2026-03-15,1
274,treatment,2026-03-03,1
275,treatment,2026-03-14,0
276,treatment,2026-03-13,0
277,control,2026-03-05,1
278,control,2026-03-14,0
279,treatment,2026-03-15,0
280,treatment,2026-03-03,0
281,control,2026-03-10,0
282,treatment,2026-03-12,0
283,treatment,2026-03-06,0
284,control,2026-03-04,0
285,treatment,2026-03-11,0
286,control,2026-03-14,0
287,treatment,2026-03-08,1
288,treatment,2026-03-10,0
289,control,2026-03-02,0
290,control,2026-03-06,0
291,control,2026-03-07,0
292,treatment,2026-03-11,0
293,treatment,2026-03-14,0
294,control,2026-03-02,0
295,control,2026-03-09,0
296,treatment,2026-03-08,0
297,treatment,2026-03-04,0
298,treatment,2026-03-05,0
299,treatment,2026-03-10,0
300,control,2026-03-02,0
301,control,2026-03-09,0
302,treatment,2026-03-04,0
303,treatment,2026-03-14,0
304,control,2026-03-13,1
305,treatment,2026-03-04,0
306,control,2026-03-02,0
307,control,2026-03-02,0
308,treatment,2026-03-06,1
309,treatment,2026-03-14,0
310,control,2026-03-06,0
311,treatment,2026-03-13,0
312,control,2026-03-05,0
313,treatment,2026-03-03,0
314,treatment,2026-03-05,0
315,treatment,2026-03-08,0
316,treatment,2026-03-15,0
317,treatment,2026-03-08,1
318,control,2026-03-10,0
319,treatment,2026-03-04,1
320,treatment,2026-03-07,1
321,treatment,2026-03-09,0
322,control,2026-03-02,1
323,control,2026-03-13,0
324,control,2026-03-10,1
325,treatment,2026-03-02,0
326,treatment,2026-03-10,0
327,treatment,2026-03-09,1
328,control,2026-03-02,0
329,treatment,2026-03-04,0
330,control,2026-03-10,1
331,control,2026-03-13,1
332,treatment,2026-03-13,0
333,treatment,2026-03-14,0
334,control,2026-03-15,1
335,treatment,2026-03-03,0
336,treatment,2026-03-15,0
337,treatment,2026-03-09,0
338,treatment,2026-03-06,1
339,control,2026-03-12,1
340,control,2026-03-03,1
341,control,2026-03-12,1
342,control,2026-03-08,1
343,control,2026-03-15,1
344,control,2026-03-11,0
345,control,2026-03-06,1
346,treatment,2026-03-04,0
347,control,2026-03-10,0
348,control,2026-03-10,0
349,treatment,2026-03-11,0
350,treatment,2026-03-10,0
351,control,2026-03-09,1
352,control,2026-03-07,1
353,control,2026-03-06,1
354,control,2026-03-05,0
355,control,2026-03-14,0
356,control,2026-03-02,1
357,control,2026-03-13,0
358,treatment,2026-03-09,1
359,treatment,2026-03-04,0
360,control,2026-03-14,1
361,treatment,2026-03-14,1
362,treatment,2026-03-04,1
363,control,2026-03-12,0
364,treatment,2026-03-09,1
365,treatment,2026-03-05,0
366,treatment,2026-03-04,0
367,control,2026-03-12,1
368,treatment,2026-03-14,0
369,control,2026-03-07,1
370,control,2026-03-12,0
371,treatment,2026-03-07,0
372,treatment,2026-03-12,0
373,control,2026-03-11,0
374,control,2026-03-08,0
375,control,2026-03-05,0
376,control,2026-03-08,1
377,treatment,2026-03-12,0
378,treatment,2026-03-10,0
379,control,2026-03-02,1
380,control,2026-03-09,0
381,treatment,2026-03-12,1
382,treatment,2026-03-04,0
383,treatment,2026-03-09,0
384,control,2026-03-13,1
385,control,2026-03-05,0
386,control,2026-03-09,0
387,treatment,2026-03-04,0
388,treatment,2026-03-07,0
389,treatment,2026-03-09,1
390,treatment,2026-03-03,0
391,control,2026-03-15,0
392,control,2026-03-02,1
393,treatment,2026-03-06,0
394,treatment,2026-03-13,1
395,treatment,2026-03-08,0
396,treatment,2026-03-02,0
397,control,2026-03-06,0
398,control,2026-03-11,0
399,treatment,2026-03-12,0
400,control,2026-03-08,0
401,control,2026-03-05,1
402,control,2026-03-13,0
403,treatment,2026-03-12,0
404,treatment,2026-03-13,0
405,treatment,2026-03-09,1
406,treatment,2026-03-06,0
407,control,2026-03-10,1
408,treatment,2026-03-03,0
409,control,2026-03-09,0
410,control,2026-03-14,1
411,treatment,2026-03-02,0
412,treatment,2026-03-13,0
413,treatment,2026-03-05,0
414,treatment,2026-03-12,0
415,control,2026-03-02,0
416,treatment,2026-03-14,0
417,treatment,2026-03-05,1
418,treatment,2026-03-09,0
419,treatment,2026-03-11,0
420,control,2026-03-10,0
421,treatment,2026-03-13,0
422,treatment,2026-03-02,0
423,control,2026-03-05,1
424,treatment,2026-03-15,1
425,control,2026-03-11,1
426,control,2026-03-04,0
427,treatment,2026-03-11,0
428,control,2026-03-11,1
429,control,2026-03-11,0
430,treatment,2026-03-02,0
431,control,2026-03-04,0
432,treatment,2026-03-03,1
433,control,2026-03-03,1
434,control,2026-03-10,1
435,control,2026-03-06,0
436,treatment,2026-03-14,0
437,treatment,2026-03-07,0
438,control,2026-03-11,0
439,control,2026-03-11,0
440,treatment,2026-03-07,0
441,treatment,2026-03-14,0
442,treatment,2026-03-04,1
443,treatment,2026-03-05,0
444,control,2026-03-14,1
445,treatment,2026-03-13,1
446,control,2026-03-07,0
447,treatment,2026-03-05,0
448,treatment,2026-03-14,1
449,control,2026-03-13,0
450,treatment,2026-03-07,0
451,treatment,2026-03-07,1
452,control,2026-03-15,0
453,treatment,2026-03-08,0
454,control,2026-03-02,0
455,control,2026-03-11,0
456,control,2026-03-07,1
457,control,2026-03-10,1
458,treatment,2026-03-07,0
459,treatment,2026-03-08,0
460,treatment,2026-03-08,0
461,treatment,2026-03-11,1
462,treatment,2026-03-03,0
463,treatment,2026-03-14,0
464,treatment,2026-03-12,0
465,control,2026-03-15,1
466,control,2026-03-03,0
467,control,2026-03-04,0
468,control,2026-03-04,0
469,control,2026-03-10,0
470,control,2026-03-15,0
471,control,2026-03-04,0
472,treatment,2026-03-12,0
473,treatment,2026-03-03,1
474,control,2026-03-02,0
475,control,2026-03-10,1
476,control,2026-03-05,1
477,treatment,2026-03-12,0
478,treatment,2026-03-03,0
479,control,2026-03-13,0
480,treatment,2026-03-05,0
481,treatment,2026-03-02,0
482,treatment,2026-03-11,0
483,control,2026-03-02,0
484,treatment,2026-03-11,1
485,treatment,2026-03-12,1
486,control,2026-03-02,1
487,control,2026-03-04,0
488,control,2026-03-04,0
489,treatment,2026-03-13,1
490,treatment,2026-03-10,0
491,treatment,2026-03-11,0
492,treatment,2026-03-10,0
493,treatment,2026-03-10,1
494,control,2026-03-02,1
495,treatment,2026-03-03,0
496,control,2026-03-03,1
497,treatment,2026-03-07,1
498,treatment,2026-03-12,0
499,control,2026-03-15,1
500,control,2026-03-04,1
501,control,2026-03-06,1
502,control,2026-03-10,0
503,treatment,2026-03-10,0
504,treatment,2026-03-02,1
505,control,2026-03-09,0
506,treatment,2026-03-03,0
507,treatment,2026-03-15,0
508,treatment,2026-03-02,1
509,control,2026-03-09,0
510,treatment,2026-03-14,1
511,treatment,2026-03-04,0
512,treatment,2026-03-07,0
513,control,2026-03-05,0
514,control,2026-03-15,1
515,control,2026-03-05,0
516,control,2026-03-04,0
517,treatment,2026-03-15,1
518,control,2026-03-13,1
519,treatment,2026-03-06,0
520,treatment,2026-03-13,0
521,control,2026-03-12,0
522,control,2026-03-07,1
523,control,2026-03-07,1
524,control,2026-03-06,0
525,control,2026-03-09,1
526,treatment,2026-03-09,0
527,control,2026-03-05,1
528,control,2026-03-03,0
529,control,2026-03-11,0
530,treatment,2026-03-08,0
531,control,2026-03-12,0
532,treatment,2026-03-02,0
533,treatment,2026-03-08,1
534,treatment,2026-03-12,1
535,control,2026-03-10,0
536,control,2026-03-15,0
537,treatment,2026-03-04,0
538,control,2026-03-11,0
539,control,2026-03-15,0
540,treatment,2026-03-12,1
541,treatment,2026-03-05,1
542,treatment,2026-03-09,0
543,control,2026-03-11,0
544,treatment,2026-03-08,0
545,treatment,2026-03-08,0
546,control,2026-03-08,0
547,treatment,2026-03-06,0
548,treatment,2026-03-02,1
549,treatment,2026-03-02,1
550,control,2026-03-06,0
551,treatment,2026-03-11,1
552,treatment,2026-03-02,1
553,treatment,2026-03-13,1
554,treatment,2026-03-10,0
555,treatment,2026-03-05,1
556,treatment,2026-03-09,0
557,treatment,2026-03-08,0
558,control,2026-03-12,0
559,control,2026-03-10,1
560,control,2026-03-13,1
561,control,2026-03-12,1
562,control,2026-03-07,0
563,control,2026-03-14,0
564,treatment,2026-03-09,1
565,control,2026-03-12,1
566,control,2026-03-04,0
567,control,2026-03-05,0
568,control,2026-03-04,1
569,control,2026-03-06,0
570,control,2026-03-07,0
571,control,2026-03-03,0
572,control,2026-03-08,1
573,control,2026-03-12,0
574,treatment,2026-03-09,0
575,control,2026-03-15,0
576,treatment,2026-03-10,0
577,control,2026-03-06,0
578,control,2026-03-09,0
579,treatment,2026-03-07,0
580,control,2026-03-08,1
581,control,2026-03-07,0
582,treatment,2026-03-02,0
583,control,2026-03-08,0
584,treatment,2026-03-08,1
585,treatment,2026-03-12,0
586,treatment,2026-03-10,0
587,treatment,2026-03-11,1
588,treatment,2026-03-09,0
589,treatment,2026-03-05,1
590,control,2026-03-10,1
591,treatment,2026-03-08,0
592,treatment,2026-03-04,0
593,treatment,2026-03-10,1
594,treatment,2026-03-09,1
595,control,2026-03-13,0
596,control,2026-03-11,1
597,treatment,2026-03-03,1
598,control,2026-03-07,0
599,control,2026-03-14,0
600,treatment,2026-03-12,1
601,control,2026-03-12,1
602,treatment,2026-03-04,0
603,control,2026-03-02,0
604,control,2026-03-06,0
605,treatment,2026-03-15,0
606,treatment,2026-03-05,0
607,control,2026-03-02,0
608,treatment,2026-03-04,0
609,control,2026-03-08,0
610,treatment,2026-03-13,0
611,treatment,2026-03-08,1
612,treatment,2026-03-14,1
613,control,2026-03-13,1
614,control,2026-03-07,0
615,treatment,2026-03-10,0
616,treatment,2026-03-09,0
617,control,2026-03-15,0
618,control,2026-03-14,0
619,treatment,2026-03-06,0
620,treatment,2026-03-07,1
621,treatment,2026-03-13,0
622,treatment,2026-03-06,0
623,control,2026-03-11,1
624,control,2026-03-06,0
625,treatment,2026-03-11,0
626,treatment,2026-03-06,0
627,control,2026-03-07,0
628,treatment,2026-03-03,0
629,control,2026-03-08,1
630,treatment,2026-03-02,0
631,control,2026-03-08,0
632,treatment,2026-03-09,0
633,treatment,2026-03-07,0
634,control,2026-03-05,0
635,control,2026-03-07,0
636,control,2026-03-04,1
637,control,2026-03-07,0
638,control,2026-03-12,0
639,treatment,2026-03-07,0
640,control,2026-03-14,0
641,treatment,2026-03-07,0
642,control,2026-03-10,0
643,treatment,2026-03-14,0
644,control,2026-03-06,1
645,treatment,2026-03-06,1
646,treatment,2026-03-04,0
647,control,2026-03-15,1
648,control,2026-03-11,1
649,treatment,2026-03-07,0
650,treatment,2026-03-03,1
651,control,2026-03-04,0
652,treatment,2026-03-02,1
653,control,2026-03-02,0
654,treatment,2026-03-15,1
655,control,2026-03-11,1
656,control,2026-03-11,0
657,treatment,2026-03-11,0
658,control,2026-03-03,0
659,control,2026-03-07,0
660,treatment,2026-03-11,0
661,treatment,2026-03-08,0
662,control,2026-03-12,1
663,control,2026-03-04,0
664,treatment,2026-03-10,0
665,control,2026-03-12,1
666,control,2026-03-03,0
667,treatment,2026-03-05,1
668,treatment,2026-03-03,0
669,treatment,2026-03-09,1
670,treatment,2026-03-12,0
671,treatment,2026-03-14,0
672,control,2026-03-13,0
673,treatment,2026-03-12,1
674,treatment,2026-03-12,0
675,control,2026-03-13,1
676,control,2026-03-02,0
677,treatment,2026-03-11,1
678,control,2026-03-07,0
679,treatment,2026-03-10,0
680,control,2026-03-14,0
681,treatment,2026-03-04,0
682,control,2026-03-15,0
683,control,2026-03-08,1
684,treatment,2026-03-09,1
685,control,2026-03-12,0
686,treatment,2026-03-09,1
687,control,2026-03-09,0
688,control,2026-03-14,0
689,treatment,2026-03-06,0
690,control,2026-03-03,0
691,treatment,2026-03-05,0
692,control,2026-03-04,0
693,treatment,2026-03-10,1
694,treatment,2026-03-05,0
695,treatment,2026-03-15,1
696,treatment,2026-03-08,0
697,control,2026-03-08,0
698,control,2026-03-04,0
699,treatment,2026-03-05,1
700,control,2026-03-15,0
701,treatment,2026-03-12,0
702,treatment,2026-03-03,0
703,treatment,2026-03-04,0
704,control,2026-03-10,1
705,control,2026-03-10,1
706,control,2026-03-09,0
707,control,2026-03-04,1
708,control,2026-03-04,1
709,control,2026-03-09,0
710,treatment,2026-03-05,0
711,control,2026-03-12,1
712,control,2026-03-02,0
713,treatment,2026-03-04,0
714,treatment,2026-03-15,1
715,control,2026-03-11,1
716,treatment,2026-03-13,0
717,treatment,2026-03-08,1
718,treatment,2026-03-07,0
719,treatment,2026-03-09,0
720,control,2026-03-15,0
721,treatment,2026-03-05,1
722,control,2026-03-15,0
723,treatment,2026-03-14,1
724,control,2026-03-05,0
725,treatment,2026-03-14,0
726,treatment,2026-03-12,1
727,treatment,2026-03-11,0
728,control,2026-03-15,0
729,treatment,2026-03-03,0
730,treatment,2026-03-12,0
731,treatment,2026-03-09,0
732,control,2026-03-07,1
733,control,2026-03-06,1
734,control,2026-03-02,0
735,control,2026-03-06,1
736,treatment,2026-03-06,1
737,treatment,2026-03-02,0
738,treatment,2026-03-08,1
739,control,2026-03-09,0
740,treatment,2026-03-13,0
741,control,2026-03-10,0
742,control,2026-03-05,1
743,treatment,2026-03-11,0
744,control,2026-03-03,1
745,control,2026-03-10,0
746,control,2026-03-05,0
747,control,2026-03-10,1
748,control,2026-03-13,0
749,control,2026-03-04,0
750,control,2026-03-12,0
751,control,2026-03-13,0
752,treatment,2026-03-09,0
753,treatment,2026-03-12,1
754,treatment,2026-03-03,1
755,control,2026-03-07,1
756,control,2026-03-14,0
757,treatment,2026-03-11,0
758,control,2026-03-15,1
759,treatment,2026-03-10,0
760,control,2026-03-15,0
761,treatment,2026-03-09,0
762,control,2026-03-07,0
763,control,2026-03-08,0
764,control,2026-03-05,1
765,treatment,2026-03-05,0
766,treatment,2026-03-14,0
767,treatment,2026-03-05,1
768,control,2026-03-02,0
769,control,2026-03-15,1
770,treatment,2026-03-12,0
771,control,2026-03-03,0
772,control,2026-03-14,0
773,treatment,2026-03-11,1
774,control,2026-03-12,1
775,control,2026-03-05,0
776,treatment,2026-03-02,1
777,treatment,2026-03-07,0
778,control,2026-03-04,0
779,control,2026-03-11,0
780,treatment,2026-03-02,0
781,treatment,2026-03-04,0
782,control,2026-03-10,1
783,treatment,2026-03-06,0
784,control,2026-03-08,1
785,control,2026-03-05,1
786,treatment,2026-03-02,0
787,treatment,2026-03-09,1
788,control,2026-03-15,0
789,treatment,2026-03-03,1
790,control,2026-03-05,1
791,control,2026-03-05,0
792,treatment,2026-03-07,0
793,treatment,2026-03-11,1
794,control,2026-03-07,1
795,control,2026-03-09,0
796,treatment,2026-03-09,0
797,control,2026-03-14,0
798,treatment,2026-03-06,1
799,treatment,2026-03-15,0
800,control,2026-03-11,1
801,control,2026-03-10,1
802,control,2026-03-02,0
803,treatment,2026-03-08,0
804,treatment,2026-03-05,0
805,treatment,2026-03-02,1
806,control,2026-03-07,0
807,control,2026-03-09,1
808,treatment,2026-03-13,0
809,treatment,2026-03-09,0
810,treatment,2026-03-04,0
811,control,2026-03-11,0
812,control,2026-03-04,0
813,treatment,2026-03-10,0
814,treatment,2026-03-14,0
815,control,2026-03-07,1
816,treatment,2026-03-14,1
817,treatment,2026-03-08,1
818,treatment,2026-03-12,0
819,treatment,2026-03-07,0
820,control,2026-03-15,1
821,control,2026-03-12,0
822,treatment,2026-03-05,1
823,treatment,2026-03-13,0
824,control,2026-03-14,0
825,control,2026-03-07,0
826,treatment,2026-03-10,0
827,treatment,2026-03-10,0
828,control,2026-03-07,1
829,treatment,2026-03-07,0
830,control,2026-03-02,0
831,treatment,2026-03-12,0
832,control,2026-03-09,0
833,treatment,2026-03-10,0
834,control,2026-03-06,0
835,treatment,2026-03-02,0
836,control,2026-03-07,0
837,control,2026-03-14,0
838,treatment,2026-03-08,0
839,treatment,2026-03-05,1
840,treatment,2026-03-10,0
841,control,2026-03-09,0
842,treatment,2026-03-13,0
843,treatment,2026-03-15,1
844,treatment,2026-03-04,0
845,treatment,2026-03-02,0
846,treatment,2026-03-08,1
847,treatment,2026-03-06,0
848,control,2026-03-07,0
849,treatment,2026-03-14,1
850,control,2026-03-10,1
851,treatment,2026-03-05,0
852,treatment,2026-03-12,1
853,treatment,2026-03-06,1
854,control,2026-03-06,0
855,treatment,2026-03-04,1
856,treatment,2026-03-05,0
857,treatment,2026-03-13,0
858,control,2026-03-14,0
859,control,2026-03-11,0
860,control,2026-03-04,0
861,treatment,2026-03-13,0
862,control,2026-03-10,0
863,treatment,2026-03-12,0
864,control,2026-03-06,0
865,treatment,2026-03-05,0
866,control,2026-03-13,0
867,control,2026-03-11,0
868,control,2026-03-02,1
869,control,2026-03-02,0
870,treatment,2026-03-14,0
871,treatment,2026-03-08,0
872,treatment,2026-03-02,0
873,control,2026-03-06,0
874,control,2026-03-09,1
875,treatment,2026-03-15,1
876,treatment,2026-03-05,1
877,control,2026-03-10,0
878,control,2026-03-05,0
879,control,2026-03-07,1
880,treatment,2026-03-09,0
881,treatment,2026-03-13,1
882,treatment,2026-03-11,0
883,treatment,2026-03-06,1
884,control,2026-03-10,0
885,treatment,2026-03-08,0
886,control,2026-03-06,0
887,treatment,2026-03-03,0
888,treatment,2026-03-05,0
889,treatment,2026-03-02,1
890,control,2026-03-13,0
891,treatment,2026-03-05,0
892,treatment,2026-03-08,0
893,treatment,2026-03-06,1
894,treatment,2026-03-04,0
895,control,2026-03-07,1
896,treatment,2026-03-04,0
897,control,2026-03-09,1
898,treatment,2026-03-03,0
899,control,2026-03-15,1
900,treatment,2026-03-03,0
901,control,2026-03-09,0
902,control,2026-03-11,0
903,control,2026-03-05,1
904,treatment,2026-03-15,0
905,control,2026-03-05,0
906,treatment,2026-03-10,1
907,control,2026-03-09,0
908,treatment,2026-03-04,1
909,control,2026-03-13,0
910,control,2026-03-15,0
911,control,2026-03-14,1
912,treatment,2026-03-12,0
913,treatment,2026-03-07,0
914,treatment,2026-03-09,0
915,control,2026-03-15,1
916,treatment,2026-03-13,1
917,treatment,2026-03-13,1
918,treatment,2026-03-04,0
919,control,2026-03-03,1
920,control,2026-03-09,0
921,control,2026-03-03,0
922,control,2026-03-03,1
923,control,2026-03-15,0
924,treatment,2026-03-08,0
925,treatment,2026-03-10,0
926,control,2026-03-08,0
927,control,2026-03-02,0
928,treatment,2026-03-08,0
929,control,2026-03-13,1
930,control,2026-03-02,0
931,control,2026-03-03,1
932,treatment,2026-03-02,0
933,treatment,2026-03-05,1
934,control,2026-03-15,0
935,control,2026-03-10,0
936,treatment,2026-03-13,0
937,treatment,2026-03-05,1
938,control,2026-03-14,0
939,control,2026-03-03,0
940,treatment,2026-03-02,1
941,treatment,2026-03-10,1
942,treatment,2026-03-13,0
943,treatment,2026-03-06,0
944,treatment,2026-03-12,0
945,control,2026-03-05,1
946,treatment,2026-03-06,0
947,treatment,2026-03-08,0
948,control,2026-03-13,0
949,control,2026-03-06,0
950,treatment,2026-03-08,1
951,treatment,2026-03-06,0
952,treatment,2026-03-14,1
953,treatment,2026-03-09,1
954,control,2026-03-11,1
955,control,2026-03-04,1
956,control,2026-03-08,0
957,treatment,2026-03-06,1
958,treatment,2026-03-02,0
959,treatment,2026-03-10,0
960,control,2026-03-13,1
961,treatment,2026-03-09,0
962,control,2026-03-05,0
963,treatment,2026-03-15,1
964,treatment,2026-03-08,0
965,control,2026-03-13,0
966,treatment,2026-03-13,1
967,treatment,2026-03-13,1
968,control,2026-03-03,1
969,treatment,2026-03-11,1
970,control,2026-03-14,0
971,control,2026-03-11,0
972,treatment,2026-03-05,1
973,treatment,2026-03-13,0
974,treatment,2026-03-10,0
975,treatment,2026-03-10,1
976,control,2026-03-07,0
977,treatment,2026-03-11,1
978,treatment,2026-03-11,0
979,control,2026-03-13,0
980,treatment,2026-03-10,1
981,control,2026-03-08,1
982,treatment,2026-03-10,0
983,control,2026-03-06,1
984,control,2026-03-14,1
985,treatment,2026-03-04,1
986,treatment,2026-03-10,1
987,control,2026-03-09,1
988,control,2026-03-04,1
989,treatment,2026-03-12,0
990,treatment,2026-03-05,0
991,control,2026-03-04,0
992,control,2026-03-08,1
993,control,2026-03-02,0
994,treatment,2026-03-13,1
995,treatment,2026-03-02,1
996,control,2026-03-13,0
997,control,2026-03-02,0
998,control,2026-03-14,1
999,control,2026-03-13,0
1000,control,2026-03-11,0
1001,control,2026-03-13,0
1002,treatment,2026-03-08,1
1003,treatment,2026-03-13,0
1004,control,2026-03-06,0
1005,treatment,2026-03-09,0
1006,treatment,2026-03-06,0
1007,control,2026-03-14,0
1008,control,2026-03-05,0
1009,treatment,2026-03-11,1
1010,control,2026-03-07,1
1011,control,2026-03-09,0
1012,control,2026-03-07,1
1013,treatment,2026-03-03,0
1014,treatment,2026-03-12,0
1015,treatment,2026-03-15,1
1016,control,2026-03-09,0
1017,treatment,2026-03-11,0
1018,treatment,2026-03-11,0
1019,treatment,2026-03-14,1
1020,control,2026-03-08,1
1021,control,2026-03-02,0
1022,treatment,2026-03-09,0
1023,control,2026-03-04,0
1024,control,2026-03-14,0
1025,control,2026-03-05,0
1026,treatment,2026-03-03,0
1027,control,2026-03-10,0
1028,control,2026-03-03,1
1029,control,2026-03-15,0
1030,treatment,2026-03-08,1
1031,control,2026-03-13,0
1032,control,2026-03-03,0
1033,control,2026-03-13,0
1034,treatment,2026-03-12,1
1035,control,2026-03-02,1
1036,control,2026-03-13,0
1037,control,2026-03-07,0
1038,treatment,2026-03-07,0
1039,treatment,2026-03-09,0
1040,treatment,2026-03-13,0
1041,treatment,2026-03-04,0
1042,control,2026-03-14,1
1043,treatment,2026-03-08,0
1044,treatment,2026-03-15,0
1045,treatment,2026-03-10,0
1046,treatment,2026-03-04,1
1047,treatment,2026-03-08,1
1048,control,2026-03-07,1
1049,treatment,2026-03-14,0
1050,treatment,2026-03-02,0
1051,control,2026-03-14,0
1052,treatment,2026-03-07,0
1053,control,2026-03-02,0
1054,treatment,2026-03-03,0
1055,control,2026-03-05,0
1056,treatment,2026-03-02,0
1057,control,2026-03-04,0
1058,control,2026-03-03,0
1059,treatment,2026-03-07,1
1060,control,2026-03-05,0
1061,control,2026-03-12,1
1062,treatment,2026-03-15,0
1063,control,2026-03-14,0
1064,control,2026-03-11,0
1065,treatment,2026-03-10,1
1066,control,2026-03-09,1
1067,treatment,2026-03-03,0
1068,control,2026-03-13,0
1069,treatment,2026-03-04,1
1070,control,2026-03-15,1
1071,control,2026-03-04,1
1072,control,2026-03-12,1
1073,control,2026-03-14,1
1074,control,2026-03-08,1
1075,control,2026-03-10,0
1076,treatment,2026-03-10,0
1077,control,2026-03-02,0
1078,treatment,2026-03-03,0
1079,control,2026-03-10,0
1080,control,2026-03-03,1
1081,control,2026-03-13,1
1082,treatment,2026-03-10,0
1083,control,2026-03-04,0
1084,control,2026-03-06,1
1085,control,2026-03-07,0
1086,treatment,2026-03-06,0
1087,treatment,2026-03-10,0
1088,control,2026-03-08,1
1089,control,2026-03-10,0
1090,treatment,2026-03-05,0
1091,treatment,2026-03-02,0
1092,treatment,2026-03-14,0
1093,control,2026-03-13,1
1094,treatment,2026-03-06,1
1095,control,2026-03-11,1
1096,treatment,2026-03-04,1
1097,treatment,2026-03-15,0
1098,treatment,2026-03-02,0
1099,treatment,2026-03-04,0
1100,control,2026-03-07,1
1101,treatment,2026-03-13,0
1102,treatment,2026-03-15,1
1103,control,2026-03-06,1
1104,treatment,2026-03-05,0
1105,control,2026-03-07,1
1106,treatment,2026-03-05,0
1107,treatment,2026-03-03,0
1108,control,2026-03-13,0
1109,control,2026-03-08,0
1110,treatment,2026-03-08,1
1111,control,2026-03-09,1
1112,treatment,2026-03-11,0
1113,treatment,2026-03-11,0
1114,treatment,2026-03-10,0
1115,control,2026-03-14,0
1116,control,2026-03-07,0
1117,control,2026-03-05,0
1118,control,2026-03-07,0
1119,control,2026-03-09,0
1120,treatment,2026-03-06,0
1121,control,2026-03-02,0
1122,control,2026-03-10,0
1123,control,2026-03-10,1
1124,treatment,2026-03-07,1
1125,control,2026-03-08,1
1126,control,2026-03-07,1
1127,control,2026-03-12,0
1128,treatment,2026-03-13,0
1129,control,2026-03-12,0
1130,treatment,2026-03-08,1
1131,treatment,2026-03-09,0
1132,control,2026-03-07,0
1133,treatment,2026-03-08,0
1134,treatment,2026-03-14,0
1135,treatment,2026-03-12,0
1136,treatment,2026-03-13,1
1137,treatment,2026-03-06,0
1138,treatment,2026-03-10,1
1139,control,2026-03-02,1
1140,treatment,2026-03-14,0
1141,treatment,2026-03-06,1
1142,control,2026-03-03,0
1143,treatment,2026-03-06,0
1144,treatment,2026-03-13,0
1145,control,2026-03-04,1
1146,control,2026-03-10,0
1147,treatment,2026-03-11,0
1148,treatment,2026-03-07,1
1149,treatment,2026-03-09,0
1150,control,2026-03-12,0
1151,treatment,2026-03-08,1
1152,treatment,2026-03-14,0
1153,treatment,2026-03-13,0
1154,treatment,2026-03-02,1
1155,treatment,2026-03-13,0
1156,control,2026-03-09,0
1157,control,2026-03-13,1
1158,treatment,2026-03-12,0
1159,treatment,2026-03-03,0
1160,treatment,2026-03-11,1
1161,treatment,2026-03-04,1
1162,treatment,2026-03-06,1
1163,control,2026-03-08,0
1164,control,2026-03-11,1
1165,treatment,2026-03-12,0
1166,control,2026-03-12,1
1167,control,2026-03-12,1
1168,control,2026-03-10,1
1169,control,2026-03-05,1
1170,treatment,2026-03-13,0
1171,control,2026-03-04,0
1172,control,2026-03-12,0
1173,control,2026-03-14,1
1174,treatment,2026-03-02,1
1175,control,2026-03-05,1
1176,treatment,2026-03-07,0
1177,treatment,2026-03-12,0
1178,treatment,2026-03-09,0
1179,treatment,2026-03-12,0
1180,treatment,2026-03-07,1
1181,control,2026-03-08,0
1182,treatment,2026-03-09,1
1183,control,2026-03-04,0
1184,treatment,2026-03-09,0
1185,treatment,2026-03-08,0
1186,treatment,2026-03-02,0
1187,treatment,2026-03-10,0
1188,control,2026-03-07,0
1189,control,2026-03-14,0
1190,treatment,2026-03-11,0
1191,treatment,2026-03-15,1
1192,treatment,2026-03-13,0
1193,treatment,2026-03-06,0
1194,control,2026-03-05,1
1195,treatment,2026-03-06,0
1196,treatment,2026-03-03,0
1197,treatment,2026-03-12,1
1198,control,2026-03-09,0
1199,control,2026-03-13,1
1200,treatment,2026-03-08,1
1201,treatment,2026-03-05,1
1202,treatment,2026-03-08,0
1203,control,2026-03-03,1
1204,control,2026-03-14,1
1205,treatment,2026-03-14,1
1206,treatment,2026-03-14,0
1207,treatment,2026-03-04,0
1208,control,2026-03-04,0
1209,control,2026-03-11,0
1210,treatment,2026-03-13,0
1211,control,2026-03-04,0
1212,control,2026-03-02,0
1213,control,2026-03-02,1
1214,treatment,2026-03-15,0
1215,control,2026-03-04,1
1216,treatment,2026-03-10,0
1217,treatment,2026-03-06,1
1218,control,2026-03-08,0
1219,control,2026-03-02,0
1220,control,2026-03-02,0
1221,treatment,2026-03-10,1
1222,treatment,2026-03-13,0
1223,treatment,2026-03-13,1
1224,treatment,2026-03-14,0
1225,treatment,2026-03-09,1
1226,treatment,2026-03-15,0
1227,treatment,2026-03-14,1
1228,treatment,2026-03-09,1
1229,control,2026-03-06,1
1230,control,2026-03-13,0
1231,treatment,2026-03-14,0
1232,control,2026-03-14,0
1233,treatment,2026-03-08,0
1234,control,2026-03-08,0
1235,control,2026-03-12,0
1236,control,2026-03-02,1
1237,control,2026-03-08,0
1238,control,2026-03-12,0
1239,control,2026-03-08,1
1240,control,2026-03-02,1
1241,control,2026-03-11,0
1242,treatment,2026-03-13,0
1243,control,2026-03-15,1
1244,treatment,2026-03-03,0
1245,treatment,2026-03-06,0
1246,control,2026-03-04,1
1247,control,2026-03-12,1
1248,treatment,2026-03-15,0
1249,control,2026-03-03,0
1250,control,2026-03-06,0
1251,control,2026-03-09,0
1252,control,2026-03-14,0
1253,treatment,2026-03-03,0
1254,treatment,2026-03-06,0
1255,control,2026-03-05,0
1256,treatment,2026-03-10,0
1257,treatment,2026-03-05,0
1258,control,2026-03-07,1
1259,treatment,2026-03-12,0
1260,control,2026-03-03,1
1261,control,2026-03-02,0
1262,treatment,2026-03-11,1
1263,control,2026-03-10,0
1264,control,2026-03-08,1
1265,control,2026-03-09,0
1266,treatment,2026-03-06,0
1267,treatment,2026-03-10,1
1268,treatment,2026-03-12,0
1269,treatment,2026-03-12,1
1270,treatment,2026-03-04,0
1271,treatment,2026-03-08,0
1272,treatment,2026-03-06,1
1273,control,2026-03-08,0
1274,treatment,2026-03-09,1
1275,control,2026-03-02,0
1276,treatment,2026-03-07,0
1277,treatment,2026-03-08,0
1278,treatment,2026-03-03,0
1279,control,2026-03-07,1
1280,control,2026-03-04,1
1281,control,2026-03-06,0
1282,control,2026-03-15,0
1283,control,2026-03-08,0
1284,treatment,2026-03-07,0
1285,control,2026-03-14,0
1286,treatment,2026-03-07,0
1287,control,2026-03-14,0
1288,control,2026-03-12,0
1289,treatment,2026-03-11,1
1290,control,2026-03-05,0
1291,treatment,2026-03-12,1
1292,control,2026-03-15,1
1293,treatment,2026-03-12,0
1294,control,2026-03-02,0
1295,treatment,2026-03-08,0
1296,treatment,2026-03-14,0
1297,control,2026-03-04,1
1298,control,2026-03-13,0
1299,treatment,2026-03-06,1
1300,treatment,2026-03-04,0
1301,control,2026-03-09,0
1302,treatment,2026-03-03,0
1303,control,2026-03-09,1
1304,control,2026-03-15,0
1305,treatment,2026-03-02,0
1306,control,2026-03-12,0
1307,treatment,2026-03-13,1
1308,treatment,2026-03-04,1
1309,control,2026-03-02,0
1310,control,2026-03-15,1
1311,treatment,2026-03-13,0
1312,control,2026-03-13,1
1313,control,2026-03-02,1
1314,control,2026-03-07,0
1315,treatment,2026-03-02,1
1316,treatment,2026-03-11,0
1317,control,2026-03-07,0
1318,control,2026-03-03,0
1319,control,2026-03-07,1
1320,treatment,2026-03-04,0
1321,treatment,2026-03-03,0
1322,treatment,2026-03-07,0
1323,treatment,2026-03-02,0
1324,control,2026-03-13,0
1325,control,2026-03-14,1
1326,treatment,2026-03-03,1
1327,control,2026-03-10,0
1328,control,2026-03-04,0
1329,control,2026-03-03,1
1330,treatment,2026-03-05,1
1331,treatment,2026-03-05,0
1332,treatment,2026-03-02,0
1333,treatment,2026-03-02,0
1334,treatment,2026-03-06,0
1335,control,2026-03-06,0
1336,treatment,2026-03-07,0
1337,treatment,2026-03-04,1
1338,control,2026-03-12,0
1339,control,2026-03-15,0
1340,control,2026-03-10,0
1341,control,2026-03-13,0
1342,control,2026-03-07,0
1343,treatment,2026-03-07,0
1344,treatment,2026-03-10,0
1345,control,2026-03-13,0
1346,treatment,2026-03-07,0
1347,treatment,2026-03-12,1
1348,treatment,2026-03-11,1
1349,control,2026-03-03,1
1350,control,2026-03-07,1
1351,control,2026-03-08,1
1352,treatment,2026-03-12,0
1353,treatment,2026-03-04,1
1354,treatment,2026-03-06,0
1355,control,2026-03-15,1
1356,treatment,2026-03-03,0
1357,control,2026-03-08,0
1358,control,2026-03-10,1
1359,control,2026-03-15,0
1360,treatment,2026-03-15,0
1361,treatment,2026-03-12,0
1362,control,2026-03-15,0
1363,treatment,2026-03-12,1
1364,treatment,2026-03-10,0
1365,treatment,2026-03-12,1
1366,control,2026-03-11,0
1367,treatment,2026-03-13,1
1368,treatment,2026-03-15,1
1369,treatment,2026-03-13,0
1370,control,2026-03-13,1
1371,treatment,2026-03-14,1
1372,control,2026-03-04,0
1373,control,2026-03-09,0
1374,control,2026-03-14,0
1375,treatment,2026-03-07,1
1376,treatment,2026-03-02,0
1377,control,2026-03-04,0
1378,control,2026-03-04,1
1379,treatment,2026-03-03,0
1380,control,2026-03-07,0
1381,treatment,2026-03-11,0
1382,control,2026-03-13,1
1383,control,2026-03-04,0
1384,treatment,2026-03-03,1
1385,control,2026-03-12,0
1386,treatment,2026-03-06,0
1387,control,2026-03-09,0
1388,control,2026-03-11,0
1389,control,2026-03-13,0
1390,control,2026-03-14,0
1391,treatment,2026-03-08,0
1392,control,2026-03-14,0
1393,treatment,2026-03-14,1
1394,treatment,2026-03-09,0
1395,control,2026-03-02,0
1396,control,2026-03-06,0
1397,treatment,2026-03-09,1
1398,control,2026-03-04,0
1399,control,2026-03-13,0
1400,treatment,2026-03-09,1
1401,treatment,2026-03-11,1
1402,treatment,2026-03-04,1
1403,treatment,2026-03-03,1
1404,treatment,2026-03-09,0
1405,treatment,2026-03-04,0
1406,treatment,2026-03-02,0
1407,control,2026-03-03,0
1408,control,2026-03-05,1
1409,treatment,2026-03-11,0
1410,control,2026-03-04,0
1411,treatment,2026-03-08,1
1412,control,2026-03-08,1
1413,treatment,2026-03-02,0
1414,control,2026-03-04,0
1415,control,2026-03-03,1
1416,treatment,2026-03-13,1
1417,treatment,2026-03-13,0
1418,treatment,2026-03-13,0
1419,control,2026-03-08,1
1420,control,2026-03-14,0
1421,control,2026-03-04,0
1422,control,2026-03-08,0
1423,treatment,2026-03-04,1
1424,control,2026-03-11,0
1425,control,2026-03-05,0
1426,treatment,2026-03-08,0
1427,treatment,2026-03-11,1
1428,treatment,2026-03-08,0
1429,control,2026-03-15,0
1430,treatment,2026-03-09,0
1431,control,2026-03-11,1
1432,treatment,2026-03-07,1
1433,treatment,2026-03-14,0
1434,treatment,2026-03-02,0
1435,control,2026-03-06,1
1436,treatment,2026-03-14,0
1437,treatment,2026-03-09,0
1438,control,2026-03-09,0
1439,treatment,2026-03-06,1
1440,control,2026-03-11,1
1441,treatment,2026-03-06,1
1442,control,2026-03-02,0
1443,control,2026-03-09,0
1444,control,2026-03-08,0
1445,treatment,2026-03-15,1
1446,control,2026-03-02,0
1447,control,2026-03-09,1
1448,treatment,2026-03-10,0
1449,treatment,2026-03-13,0
1450,treatment,2026-03-12,0
1451,control,2026-03-07,1
1452,control,2026-03-03,1
1453,treatment,2026-03-09,1
1454,control,2026-03-02,1
1455,control,2026-03-07,1
1456,control,2026-03-02,0
1457,control,2026-03-15,1
1458,treatment,2026-03-07,1
1459,control,2026-03-04,1
1460,control,2026-03-04,0
1461,treatment,2026-03-12,1
1462,control,2026-03-09,0
1463,control,2026-03-12,0
1464,control,2026-03-02,0
1465,control,2026-03-08,1
1466,control,2026-03-14,1
1467,treatment,2026-03-10,0
1468,treatment,2026-03-02,0
1469,treatment,2026-03-04,1
1470,treatment,2026-03-13,1
1471,treatment,2026-03-09,1
1472,treatment,2026-03-11,0
1473,treatment,2026-03-05,1
1474,treatment,2026-03-07,1
1475,treatment,2026-03-04,0
1476,control,2026-03-09,0
1477,treatment,2026-03-03,1
1478,control,2026-03-15,0
1479,control,2026-03-02,1
1480,control,2026-03-10,1
1481,treatment,2026-03-04,0
1482,control,2026-03-03,1
1483,control,2026-03-13,0
1484,control,2026-03-03,0
1485,control,2026-03-06,1
1486,control,2026-03-11,1
1487,control,2026-03-13,0
1488,control,2026-03-04,1
1489,control,2026-03-10,0
1490,treatment,2026-03-02,1
1491,treatment,2026-03-14,0
1492,control,2026-03-15,1
1493,treatment,2026-03-09,0
1494,treatment,2026-03-05,0
1495,treatment,2026-03-06,0
1496,treatment,2026-03-04,0
1497,control,2026-03-02,1
1498,control,2026-03-14,0
1499,treatment,2026-03-11,0
1500,treatment,2026-03-14,1
1501,treatment,2026-03-07,0
1502,control,2026-03-06,0
1503,treatment,2026-03-15,1
1504,control,2026-03-13,1
1505,treatment,2026-03-03,0
1506,treatment,2026-03-03,0
1507,control,2026-03-04,0
1508,treatment,2026-03-04,0
1509,control,2026-03-02,0
1510,control,2026-03-06,0
1511,control,2026-03-14,0
1512,treatment,2026-03-11,0
1513,control,2026-03-13,0
1514,treatment,2026-03-07,0
1515,treatment,2026-03-11,1
1516,control,2026-03-07,0
1517,treatment,2026-03-12,0
1518,control,2026-03-05,1
1519,treatment,2026-03-03,0
1520,control,2026-03-15,1
1521,treatment,2026-03-04,0
1522,control,2026-03-10,1
1523,treatment,2026-03-14,0
1524,control,2026-03-11,0
1525,control,2026-03-10,0
1526,control,2026-03-04,0
1527,control,2026-03-14,1
1528,treatment,2026-03-09,0
1529,control,2026-03-03,0
1530,control,2026-03-03,0
1531,control,2026-03-14,0
1532,control,2026-03-09,1
1533,control,2026-03-03,0
1534,treatment,2026-03-05,0
1535,control,2026-03-08,0
1536,control,2026-03-05,1
1537,treatment,2026-03-15,0
1538,treatment,2026-03-14,0
1539,control,2026-03-02,0
1540,treatment,2026-03-15,0
1541,control,2026-03-06,0
1542,control,2026-03-11,1
1543,control,2026-03-04,0
1544,control,2026-03-10,0
1545,treatment,2026-03-10,1
1546,control,2026-03-08,0
1547,control,2026-03-03,0
1548,control,2026-03-14,1
1549,treatment,2026-03-09,0
1550,control,2026-03-02,1
1551,treatment,2026-03-13,0
1552,control,2026-03-13,1
1553,control,2026-03-03,0
1554,control,2026-03-04,0
1555,control,2026-03-05,1
1556,treatment,2026-03-10,1
1557,control,2026-03-04,0
1558,control,2026-03-15,0
1559,treatment,2026-03-03,0
1560,control,2026-03-15,0
1561,control,2026-03-03,1
1562,control,2026-03-07,1
1563,control,2026-03-07,1
1564,treatment,2026-03-11,0
1565,control,2026-03-11,0
1566,treatment,2026-03-10,0
1567,treatment,2026-03-11,1
1568,control,2026-03-08,0
1569,control,2026-03-02,0
1570,control,2026-03-02,0
1571,control,2026-03-05,0
1572,treatment,2026-03-15,1
1573,treatment,2026-03-14,0
1574,treatment,2026-03-08,0
1575,control,2026-03-05,0
1576,control,2026-03-04,0
1577,treatment,2026-03-04,0
1578,treatment,2026-03-12,1
1579,control,2026-03-12,0
1580,control,2026-03-09,0
1581,treatment,2026-03-15,1
1582,treatment,2026-03-03,0
1583,treatment,2026-03-04,0
1584,control,2026-03-12,0
1585,control,2026-03-12,0
1586,treatment,2026-03-07,1
1587,treatment,2026-03-10,1
1588,control,2026-03-15,1
1589,control,2026-03-10,0
1590,control,2026-03-03,0
1591,treatment,2026-03-05,0
1592,treatment,2026-03-14,0
1593,control,2026-03-02,1
1594,treatment,2026-03-03,1
1595,treatment,2026-03-12,0
1596,control,2026-03-08,0
1597,control,2026-03-09,0
1598,control,2026-03-07,0
1599,control,2026-03-14,0
1600,control,2026-03-06,1
1601,treatment,2026-03-11,0
1602,control,2026-03-15,1
1603,control,2026-03-05,0
1604,control,2026-03-12,1
1605,treatment,2026-03-12,0
1606,control,2026-03-04,0
1607,control,2026-03-12,0
1608,control,2026-03-11,0
1609,treatment,2026-03-15,1
1610,control,2026-03-04,0
1611,treatment,2026-03-14,1
1612,treatment,2026-03-05,0
1613,treatment,2026-03-10,1
1614,treatment,2026-03-03,1
1615,control,2026-03-13,1
1616,treatment,2026-03-08,0
1617,control,2026-03-03,1
1618,treatment,2026-03-06,0
1619,treatment,2026-03-05,1
1620,control,2026-03-15,0
1621,treatment,2026-03-02,1
1622,control,2026-03-08,1
1623,treatment,2026-03-02,0
1624,treatment,2026-03-04,0
1625,control,2026-03-06,0
1626,treatment,2026-03-11,1
1627,treatment,2026-03-07,1
1628,control,2026-03-15,0
1629,control,2026-03-03,0
1630,treatment,2026-03-04,1
1631,control,2026-03-15,0
1632,control,2026-03-08,0
1633,treatment,2026-03-07,1
1634,treatment,2026-03-05,0
1635,treatment,2026-03-04,0
1636,treatment,2026-03-03,0
1637,control,2026-03-07,0
1638,control,2026-03-08,0
1639,control,2026-03-14,0
1640,control,2026-03-07,0
1641,control,2026-03-11,0
1642,control,2026-03-15,1
1643,control,2026-03-10,0
1644,control,2026-03-12,1
1645,control,2026-03-09,0
1646,control,2026-03-10,0
1647,treatment,2026-03-08,0
1648,treatment,2026-03-07,0
1649,treatment,2026-03-10,1
1650,treatment,2026-03-07,0
1651,treatment,2026-03-02,0
1652,treatment,2026-03-06,0
1653,control,2026-03-06,0
1654,control,2026-03-05,1
1655,treatment,2026-03-05,1
1656,control,2026-03-14,1
1657,treatment,2026-03-06,1
1658,treatment,2026-03-10,0
1659,control,2026-03-10,1
1660,treatment,2026-03-12,1
1661,control,2026-03-05,0
1662,control,2026-03-09,0
1663,control,2026-03-10,0
1664,treatment,2026-03-06,1
1665,treatment,2026-03-12,0
1666,control,2026-03-09,0
1667,control,2026-03-14,1
1668,treatment,2026-03-07,0
1669,control,2026-03-05,0
1670,treatment,2026-03-04,0
1671,control,2026-03-12,0
1672,control,2026-03-13,0
1673,control,2026-03-06,0
1674,control,2026-03-05,0
1675,control,2026-03-07,0
1676,treatment,2026-03-13,0
1677,control,2026-03-05,0
1678,treatment,2026-03-11,0
1679,treatment,2026-03-14,1
1680,control,2026-03-10,0
1681,control,2026-03-13,0
1682,treatment,2026-03-07,0
1683,control,2026-03-02,1
1684,control,2026-03-12,0
1685,control,2026-03-06,1
1686,control,2026-03-07,0
1687,control,2026-03-09,0
1688,control,2026-03-04,1
1689,control,2026-03-10,0
1690,control,2026-03-08,0
1691,control,2026-03-13,1
1692,treatment,2026-03-08,0
1693,control,2026-03-08,0
1694,control,2026-03-13,0
1695,treatment,2026-03-08,0
1696,control,2026-03-10,0
1697,control,2026-03-06,0
1698,treatment,2026-03-12,0
1699,treatment,2026-03-05,1
1700,control,2026-03-02,0
1701,control,2026-03-10,1
1702,treatment,2026-03-12,0
1703,control,2026-03-14,1
1704,control,2026-03-04,1
1705,control,2026-03-05,1
1706,control,2026-03-14,1
1707,treatment,2026-03-13,1
1708,treatment,2026-03-09,0
1709,control,2026-03-05,1
1710,treatment,2026-03-03,1
1711,control,2026-03-10,1
1712,treatment,2026-03-02,0
1713,control,2026-03-15,0
1714,control,2026-03-03,1
1715,control,2026-03-15,0
1716,treatment,2026-03-13,0
1717,treatment,2026-03-08,0
1718,treatment,2026-03-05,1
1719,control,2026-03-10,0
1720,treatment,2026-03-08,0
1721,control,2026-03-11,0
1722,treatment,2026-03-05,0
1723,control,2026-03-14,1
1724,control,2026-03-04,0
1725,control,2026-03-07,0
1726,treatment,2026-03-09,1
1727,control,2026-03-04,0
1728,control,2026-03-07,0
1729,control,2026-03-04,0
1730,treatment,2026-03-07,0
1731,treatment,2026-03-14,0
1732,control,2026-03-02,0
1733,treatment,2026-03-05,0
1734,treatment,2026-03-14,1
1735,treatment,2026-03-05,1
1736,treatment,2026-03-06,1
1737,treatment,2026-03-15,0
1738,treatment,2026-03-08,0
1739,treatment,2026-03-04,0
1740,treatment,2026-03-03,1
1741,control,2026-03-04,0
1742,control,2026-03-13,1
1743,control,2026-03-09,1
1744,control,2026-03-15,0
1745,control,2026-03-02,0
1746,treatment,2026-03-13,0
1747,control,2026-03-09,0
1748,control,2026-03-10,0
1749,control,2026-03-09,1
1750,control,2026-03-09,1
1751,control,2026-03-04,0
1752,treatment,2026-03-08,1
1753,control,2026-03-11,0
1754,control,2026-03-08,0
1755,control,2026-03-06,0
1756,treatment,2026-03-10,0
1757,control,2026-03-15,0
1758,control,2026-03-08,1
1759,control,2026-03-07,1
1760,control,2026-03-07,0
1761,control,2026-03-11,0
1762,control,2026-03-09,1
1763,control,2026-03-15,1
1764,control,2026-03-07,0
1765,treatment,2026-03-07,0
1766,control,2026-03-05,1
1767,control,2026-03-09,1
1768,treatment,2026-03-07,1
1769,control,2026-03-08,0
1770,treatment,2026-03-03,0
1771,control,2026-03-02,0
1772,treatment,2026-03-07,0
1773,treatment,2026-03-07,0
1774,control,2026-03-15,0
1775,control,2026-03-03,1
1776,treatment,2026-03-06,1
1777,control,2026-03-14,0
1778,treatment,2026-03-05,1
1779,control,2026-03-09,1
1780,control,2026-03-15,0
1781,treatment,2026-03-04,1
1782,control,2026-03-11,0
1783,control,2026-03-13,0
1784,treatment,2026-03-12,1
1785,control,2026-03-08,0
1786,treatment,2026-03-14,0
1787,control,2026-03-11,1
1788,treatment,2026-03-11,0
1789,control,2026-03-07,0
1790,control,2026-03-03,1
1791,control,2026-03-11,0
1792,control,2026-03-09,1
1793,treatment,2026-03-08,0
1794,control,2026-03-03,0
1795,treatment,2026-03-08,1
1796,control,2026-03-10,0
1797,treatment,2026-03-08,0
1798,control,2026-03-08,0
1799,treatment,2026-03-13,1
1800,treatment,2026-03-14,1
1801,control,2026-03-07,0
1802,treatment,2026-03-08,0
1803,control,2026-03-15,0
1804,treatment,2026-03-12,0
1805,treatment,2026-03-05,0
1806,control,2026-03-14,0
1807,treatment,2026-03-03,0
1808,treatment,2026-03-12,0
1809,treatment,2026-03-07,0
1810,treatment,2026-03-09,0
1811,treatment,2026-03-15,1
1812,treatment,2026-03-04,0
1813,treatment,2026-03-07,1
1814,treatment,2026-03-03,1
1815,control,2026-03-15,0
1816,control,2026-03-07,0
1817,treatment,2026-03-14,0
1818,control,2026-03-14,0
1819,treatment,2026-03-05,1
1820,treatment,2026-03-13,0
1821,control,2026-03-11,1
1822,treatment,2026-03-03,0
1823,control,2026-03-02,0
1824,control,2026-03-04,0
1825,treatment,2026-03-07,0
1826,control,2026-03-13,0
1827,treatment,2026-03-09,0
1828,treatment,2026-03-10,0
1829,treatment,2026-03-08,1
1830,control,2026-03-03,0
1831,treatment,2026-03-14,0
1832,control,2026-03-04,1
1833,control,2026-03-14,1
1834,treatment,2026-03-03,0
1835,control,2026-03-13,1
1836,treatment,2026-03-07,1
1837,control,2026-03-15,1
1838,control,2026-03-13,0
1839,treatment,2026-03-06,1
1840,treatment,2026-03-06,1
1841,control,2026-03-08,0
1842,treatment,2026-03-02,0
1843,treatment,2026-03-04,1
1844,treatment,2026-03-02,0
1845,treatment,2026-03-06,0
1846,treatment,2026-03-04,0
1847,treatment,2026-03-11,0
1848,control,2026-03-06,0
1849,control,2026-03-08,0
1850,control,2026-03-14,0
1851,treatment,2026-03-12,0
1852,control,2026-03-09,0
1853,control,2026-03-02,0
1854,control,2026-03-15,1
1855,control,2026-03-08,1
1856,treatment,2026-03-11,1
1857,control,2026-03-11,0
1858,control,2026-03-13,0
1859,control,2026-03-03,1
1860,treatment,2026-03-04,0
1861,treatment,2026-03-07,0
1862,treatment,2026-03-10,0
1863,treatment,2026-03-13,0
1864,treatment,2026-03-07,0
1865,control,2026-03-12,0
1866,treatment,2026-03-08,0
1867,treatment,2026-03-02,0
1868,treatment,2026-03-11,0
1869,control,2026-03-03,0
1870,treatment,2026-03-13,0
1871,treatment,2026-03-10,1
1872,control,2026-03-06,0
1873,treatment,2026-03-09,1
1874,control,2026-03-07,0
1875,treatment,2026-03-07,1
1876,control,2026-03-07,1
1877,control,2026-03-02,0
1878,control,2026-03-07,1
1879,treatment,2026-03-14,0
1880,control,2026-03-05,1
1881,control,2026-03-06,0
1882,control,2026-03-15,0
1883,treatment,2026-03-15,0
1884,treatment,2026-03-14,1
1885,control,2026-03-07,0
1886,treatment,2026-03-02,0
1887,control,2026-03-10,0
1888,control,2026-03-07,1
1889,treatment,2026-03-11,0
1890,treatment,2026-03-13,1
1891,treatment,2026-03-02,0
1892,treatment,2026-03-13,0
1893,treatment,2026-03-02,1
1894,control,2026-03-13,0
1895,control,2026-03-09,0
1896,treatment,2026-03-05,0
1897,treatment,2026-03-10,1
1898,treatment,2026-03-08,1
1899,control,2026-03-11,0
1900,control,2026-03-15,1
1901,control,2026-03-08,0
1902,control,2026-03-03,1
1903,control,2026-03-02,0
1904,treatment,2026-03-05,0
1905,control,2026-03-13,1
1906,treatment,2026-03-06,0
1907,control,2026-03-08,1
1908,treatment,2026-03-08,0
1909,treatment,2026-03-11,0
1910,treatment,2026-03-08,0
1911,control,2026-03-04,0
1912,treatment,2026-03-07,0
1913,control,2026-03-02,1
1914,treatment,2026-03-11,0
1915,treatment,2026-03-13,0
1916,control,2026-03-14,0
1917,control,2026-03-04,1
1918,treatment,2026-03-10,1
1919,control,2026-03-10,0
1920,control,2026-03-11,0
1921,treatment,2026-03-06,0
1922,treatment,2026-03-14,1
1923,treatment,2026-03-14,0
1924,treatment,2026-03-03,0
1925,treatment,2026-03-12,1
1926,treatment,2026-03-04,0
1927,control,2026-03-09,0
1928,control,2026-03-09,0
1929,treatment,2026-03-11,0
1930,treatment,2026-03-05,1
1931,control,2026-03-07,0
1932,control,2026-03-08,1
1933,treatment,2026-03-08,0
1934,control,2026-03-02,1
1935,treatment,2026-03-15,1
1936,control,2026-03-08,0
1937,control,2026-03-07,1
1938,treatment,2026-03-10,0
1939,treatment,2026-03-09,0
1940,control,2026-03-11,0
1941,treatment,2026-03-10,1
1942,control,2026-03-10,0
1943,treatment,2026-03-05,0
1944,control,2026-03-10,1
1945,treatment,2026-03-08,1
1946,treatment,2026-03-08,1
1947,treatment,2026-03-08,0
1948,control,2026-03-03,1
1949,treatment,2026-03-04,1
1950,control,2026-03-11,0
1951,control,2026-03-10,0
1952,control,2026-03-04,0
1953,control,2026-03-06,0
1954,treatment,2026-03-12,1
1955,control,2026-03-07,1
1956,control,2026-03-14,0
1957,treatment,2026-03-06,1
1958,treatment,2026-03-04,0
1959,control,2026-03-04,0
1960,control,2026-03-14,0
1961,control,2026-03-13,1
1962,control,2026-03-12,0
1963,control,2026-03-15,1
1964,control,2026-03-09,1
1965,treatment,2026-03-12,1
1966,control,2026-03-05,0
1967,treatment,2026-03-11,0
1968,control,2026-03-06,0
1969,treatment,2026-03-04,1
1970,treatment,2026-03-02,0
1971,treatment,2026-03-12,0
1972,control,2026-03-14,0
1973,control,2026-03-04,0
1974,treatment,2026-03-02,0
1975,treatment,2026-03-08,0
1976,treatment,2026-03-12,0
1977,control,2026-03-09,0
1978,control,2026-03-04,1
1979,control,2026-03-08,0
1980,control,2026-03-13,1
1981,treatment,2026-03-02,0
1982,control,2026-03-15,0
1983,treatment,2026-03-10,0
1984,control,2026-03-04,1
1985,treatment,2026-03-06,0
1986,treatment,2026-03-14,0
1987,treatment,2026-03-15,0
1988,treatment,2026-03-07,0
1989,control,2026-03-10,1
1990,control,2026-03-04,0
1991,treatment,2026-03-08,0
1992,treatment,2026-03-03,0
1993,treatment,2026-03-15,0
1994,control,2026-03-06,1
1995,control,2026-03-14,1
1996,treatment,2026-03-08,1
1997,treatment,2026-03-06,0
1998,control,2026-03-07,1
1999,treatment,2026-03-11,0
2000,control,2026-03-12,1
2001,treatment,2026-03-04,0
2002,control,2026-03-15,0
2003,treatment,2026-03-13,1
2004,treatment,2026-03-14,0
2005,treatment,2026-03-12,1
2006,control,2026-03-11,0
2007,control,2026-03-09,0
2008,treatment,2026-03-10,0
2009,control,2026-03-07,0
2010,treatment,2026-03-07,0
2011,control,2026-03-09,0
2012,control,2026-03-03,1
2013,treatment,2026-03-04,1
2014,control,2026-03-15,0
2015,treatment,2026-03-13,0
2016,treatment,2026-03-02,0
2017,treatment,2026-03-11,0
2018,control,2026-03-03,0
2019,control,2026-03-06,0
2020,treatment,2026-03-02,1
2021,treatment,2026-03-10,1
2022,control,2026-03-09,1
2023,treatment,2026-03-13,0
2024,control,2026-03-11,0
2025,treatment,2026-03-03,1
2026,control,2026-03-12,0
2027,treatment,2026-03-09,1
2028,treatment,2026-03-03,1
2029,treatment,2026-03-12,1
2030,control,2026-03-13,0
2031,control,2026-03-11,0
2032,control,2026-03-06,0
2033,treatment,2026-03-10,0
2034,treatment,2026-03-14,0
2035,control,2026-03-07,1
2036,control,2026-03-15,0
2037,control,2026-03-07,0
2038,treatment,2026-03-10,0
2039,control,2026-03-05,1
2040,treatment,2026-03-12,1
2041,treatment,2026-03-11,0
2042,treatment,2026-03-04,0
2043,treatment,2026-03-10,0
2044,control,2026-03-04,0
2045,control,2026-03-15,0
2046,control,2026-03-13,0
2047,treatment,2026-03-06,1
2048,control,2026-03-06,1
2049,control,2026-03-06,1
2050,control,2026-03-13,0
2051,treatment,2026-03-13,0
2052,treatment,2026-03-12,0
2053,treatment,2026-03-02,0
2054,control,2026-03-05,0
2055,control,2026-03-12,0
2056,control,2026-03-04,0
2057,control,2026-03-12,1
2058,treatment,2026-03-09,0
2059,treatment,2026-03-11,0
2060,treatment,2026-03-09,0
2061,control,2026-03-05,0
2062,treatment,2026-03-03,1
2063,treatment,2026-03-14,1
2064,control,2026-03-14,0
2065,control,2026-03-06,0
2066,treatment,2026-03-08,0
2067,control,2026-03-03,0
2068,treatment,2026-03-08,0
2069,control,2026-03-11,0
2070,control,2026-03-02,1
2071,control,2026-03-02,0
2072,control,2026-03-02,0
2073,treatment,2026-03-02,0
2074,control,2026-03-03,0
2075,control,2026-03-14,1
2076,control,2026-03-06,0
2077,treatment,2026-03-15,0
2078,control,2026-03-14,0
2079,control,2026-03-05,1
2080,treatment,2026-03-12,0
2081,treatment,2026-03-04,1
2082,treatment,2026-03-02,0
2083,control,2026-03-03,1
2084,control,2026-03-09,1
2085,control,2026-03-12,1
2086,control,2026-03-08,1
2087,treatment,2026-03-14,0
2088,treatment,2026-03-02,1
2089,treatment,2026-03-07,0
2090,treatment,2026-03-04,0
2091,treatment,2026-03-14,1
2092,treatment,2026-03-07,0
2093,control,2026-03-14,1
2094,control,2026-03-02,0
2095,control,2026-03-12,1
2096,control,2026-03-12,0
2097,control,2026-03-04,1
2098,control,2026-03-03,1
2099,control,2026-03-10,1
2100,treatment,2026-03-07,1
2101,treatment,2026-03-05,1
2102,control,2026-03-14,0
2103,treatment,2026-03-07,0
2104,control,2026-03-08,0
2105,treatment,2026-03-11,1
2106,treatment,2026-03-06,0
2107,treatment,2026-03-04,0
2108,control,2026-03-15,0
2109,treatment,2026-03-05,0
2110,control,2026-03-13,1
2111,control,2026-03-09,0
2112,treatment,2026-03-09,1
2113,treatment,2026-03-15,0
2114,treatment,2026-03-09,1
2115,control,2026-03-12,0
2116,treatment,2026-03-02,0
2117,treatment,2026-03-08,0
2118,treatment,2026-03-04,1
2119,control,2026-03-10,1
2120,control,2026-03-11,1
2121,control,2026-03-10,1
2122,control,2026-03-07,1
2123,treatment,2026-03-06,0
2124,control,2026-03-11,0
2125,treatment,2026-03-12,1
2126,control,2026-03-11,0
2127,control,2026-03-10,0
2128,control,2026-03-05,0
2129,treatment,2026-03-08,0
2130,treatment,2026-03-14,0
2131,control,2026-03-09,1
2132,treatment,2026-03-04,0
2133,treatment,2026-03-11,1
2134,control,2026-03-02,1
2135,treatment,2026-03-12,1
2136,control,2026-03-12,0
2137,treatment,2026-03-08,1
2138,treatment,2026-03-05,1
2139,treatment,2026-03-09,0
2140,treatment,2026-03-05,0
2141,treatment,2026-03-07,0
2142,treatment,2026-03-12,0
2143,control,2026-03-06,0
2144,control,2026-03-08,0
2145,treatment,2026-03-07,1
2146,treatment,2026-03-14,0
2147,treatment,2026-03-14,0
2148,treatment,2026-03-06,1
2149,treatment,2026-03-03,1
2150,treatment,2026-03-02,0
2151,control,2026-03-05,0
2152,control,2026-03-09,0
2153,treatment,2026-03-14,0
2154,control,2026-03-02,0
2155,control,2026-03-13,0
2156,treatment,2026-03-10,0
2157,treatment,2026-03-05,0
2158,treatment,2026-03-04,1
2159,control,2026-03-03,0
2160,treatment,2026-03-12,0
2161,control,2026-03-15,0
2162,treatment,2026-03-05,1
2163,treatment,2026-03-04,0
2164,control,2026-03-03,0
2165,treatment,2026-03-14,1
2166,treatment,2026-03-13,1
2167,control,2026-03-09,1
2168,treatment,2026-03-04,0
2169,treatment,2026-03-03,0
2170,treatment,2026-03-12,0
2171,treatment,2026-03-12,1
2172,control,2026-03-13,1
2173,treatment,2026-03-06,0
2174,control,2026-03-08,0
2175,control,2026-03-09,1
2176,treatment,2026-03-12,0
2177,treatment,2026-03-14,0
2178,treatment,2026-03-14,1
2179,treatment,2026-03-05,0
2180,control,2026-03-11,0
2181,treatment,2026-03-04,1
2182,treatment,2026-03-13,1
2183,treatment,2026-03-02,1
2184,treatment,2026-03-10,1
2185,control,2026-03-15,0
2186,treatment,2026-03-10,0
2187,treatment,2026-03-08,1
2188,control,2026-03-10,0
2189,treatment,2026-03-07,0
2190,treatment,2026-03-12,0
2191,treatment,2026-03-13,0
2192,control,2026-03-08,1
2193,control,2026-03-07,1
2194,control,2026-03-08,1
2195,treatment,2026-03-13,0
2196,control,2026-03-11,1
2197,control,2026-03-14,1
2198,control,2026-03-10,0
2199,treatment,2026-03-03,0
2200,control,2026-03-14,0
2201,control,2026-03-06,1
2202,treatment,2026-03-15,0
2203,treatment,2026-03-05,1
2204,control,2026-03-12,0
2205,control,2026-03-06,0
2206,treatment,2026-03-04,0
2207,treatment,2026-03-02,0
2208,control,2026-03-04,0
2209,control,2026-03-15,0
2210,control,2026-03-03,0
2211,treatment,2026-03-02,0
2212,control,2026-03-15,1
2213,control,2026-03-03,1
2214,control,2026-03-14,1
2215,control,2026-03-05,0
2216,control,2026-03-07,0
2217,control,2026-03-05,0
2218,control,2026-03-07,0
2219,treatment,2026-03-09,0
2220,control,2026-03-09,0
2221,control,2026-03-10,1
2222,treatment,2026-03-06,0
2223,control,2026-03-05,1
2224,control,2026-03-10,0
2225,control,2026-03-07,0
2226,control,2026-03-10,0
2227,treatment,2026-03-13,1
2228,treatment,2026-03-04,0
2229,control,2026-03-08,1
2230,treatment,2026-03-05,1
2231,treatment,2026-03-03,0
2232,treatment,2026-03-03,1
2233,treatment,2026-03-09,0
2234,treatment,2026-03-03,0
2235,control,2026-03-13,0
2236,treatment,2026-03-12,0
2237,control,2026-03-03,0
2238,control,2026-03-05,0
2239,control,2026-03-03,1
2240,treatment,2026-03-10,1
2241,control,2026-03-11,1
2242,treatment,2026-03-10,0
2243,control,2026-03-03,0
2244,treatment,2026-03-07,0
2245,treatment,2026-03-15,0
2246,treatment,2026-03-07,0
2247,control,2026-03-07,0
2248,treatment,2026-03-09,1
2249,control,2026-03-12,1
2250,control,2026-03-06,0
2251,control,2026-03-13,0
2252,control,2026-03-15,0
2253,control,2026-03-12,0
2254,treatment,2026-03-06,0
2255,control,2026-03-07,0
2256,treatment,2026-03-08,1
2257,treatment,2026-03-05,0
2258,control,2026-03-07,0
2259,treatment,2026-03-06,0
2260,control,2026-03-03,0
2261,control,2026-03-11,0
2262,treatment,2026-03-13,0
2263,treatment,2026-03-06,0
2264,treatment,2026-03-09,0
2265,control,2026-03-03,0
2266,treatment,2026-03-15,1
2267,control,2026-03-05,1
2268,treatment,2026-03-11,0
2269,treatment,2026-03-03,0
2270,treatment,2026-03-13,1
2271,control,2026-03-04,0
2272,treatment,2026-03-07,1
2273,control,2026-03-14,0
2274,control,2026-03-13,0
2275,treatment,2026-03-08,1
2276,treatment,2026-03-14,0
2277,control,2026-03-06,1
2278,control,2026-03-12,1
2279,control,2026-03-09,0
2280,treatment,2026-03-13,0
2281,treatment,2026-03-10,0
2282,treatment,2026-03-11,1
2283,treatment,2026-03-09,0
2284,control,2026-03-14,0
2285,control,2026-03-04,1
2286,control,2026-03-14,0
2287,treatment,2026-03-13,1
2288,control,2026-03-07,0
2289,control,2026-03-15,0
2290,treatment,2026-03-10,1
2291,control,2026-03-09,0
2292,treatment,2026-03-15,1
2293,control,2026-03-12,0
2294,treatment,2026-03-05,1
2295,control,2026-03-11,0
2296,control,2026-03-15,1
2297,treatment,2026-03-07,0
2298,control,2026-03-06,0
2299,control,2026-03-10,0
2300,control,2026-03-06,0
2301,treatment,2026-03-11,0
2302,control,2026-03-13,1
2303,treatment,2026-03-09,0
2304,treatment,2026-03-13,1
2305,treatment,2026-03-02,0
2306,treatment,2026-03-09,1
2307,treatment,2026-03-03,1
2308,control,2026-03-15,0
2309,treatment,2026-03-10,0
2310,treatment,2026-03-10,0
2311,control,2026-03-05,1
2312,control,2026-03-10,0
2313,control,2026-03-04,0
2314,treatment,2026-03-04,0
2315,control,2026-03-06,0
2316,treatment,2026-03-10,1
2317,treatment,2026-03-06,0
2318,control,2026-03-02,0
2319,control,2026-03-04,0
2320,treatment,2026-03-13,0
2321,treatment,2026-03-11,0
2322,control,2026-03-08,0
2323,control,2026-03-08,1
2324,treatment,2026-03-09,0
2325,control,2026-03-12,0
2326,control,2026-03-05,1
2327,control,2026-03-03,0
2328,control,2026-03-04,0
2329,treatment,2026-03-15,0
2330,control,2026-03-14,1
2331,control,2026-03-05,0
2332,control,2026-03-10,0
2333,control,2026-03-06,0
2334,treatment,2026-03-12,1
2335,treatment,2026-03-09,1
2336,control,2026-03-14,1
2337,treatment,2026-03-13,0
2338,treatment,2026-03-03,0
2339,treatment,2026-03-07,0
2340,treatment,2026-03-09,1
2341,control,2026-03-05,1
2342,control,2026-03-08,0
2343,treatment,2026-03-11,0
2344,treatment,2026-03-03,0
2345,control,2026-03-08,0
2346,control,2026-03-12,0
2347,treatment,2026-03-06,1
2348,control,2026-03-12,1
2349,control,2026-03-14,1
2350,treatment,2026-03-02,1
2351,treatment,2026-03-09,0
2352,control,2026-03-14,1
2353,treatment,2026-03-09,0
2354,treatment,2026-03-08,1
2355,treatment,2026-03-06,1
2356,treatment,2026-03-03,0
2357,control,2026-03-11,0
2358,treatment,2026-03-08,0
2359,treatment,2026-03-10,1
2360,control,2026-03-07,0
2361,treatment,2026-03-09,0
2362,treatment,2026-03-03,0
2363,control,2026-03-09,0
2364,treatment,2026-03-02,0
2365,control,2026-03-09,1
2366,control,2026-03-15,0
2367,treatment,2026-03-08,0
2368,treatment,2026-03-12,1
2369,treatment,2026-03-10,0
2370,control,2026-03-03,0
2371,control,2026-03-06,0
2372,treatment,2026-03-11,0
2373,control,2026-03-11,0
2374,treatment,2026-03-09,0
2375,treatment,2026-03-02,0
2376,control,2026-03-03,1
2377,treatment,2026-03-14,0
2378,control,2026-03-04,0
2379,treatment,2026-03-04,0
2380,treatment,2026-03-11,0
2381,control,2026-03-08,0
2382,treatment,2026-03-10,1
2383,control,2026-03-15,0
2384,control,2026-03-12,0
2385,control,2026-03-02,0
2386,control,2026-03-05,1
2387,control,2026-03-02,0
2388,treatment,2026-03-06,1
2389,treatment,2026-03-11,1
2390,treatment,2026-03-06,0
2391,treatment,2026-03-13,0
2392,control,2026-03-07,0
2393,treatment,2026-03-15,0
2394,control,2026-03-02,0
2395,treatment,2026-03-07,1
2396,control,2026-03-06,0
2397,treatment,2026-03-06,1
2398,treatment,2026-03-07,1
2399,treatment,2026-03-12,0
2400,treatment,2026-03-02,0
2401,treatment,2026-03-07,1
2402,control,2026-03-04,1
2403,treatment,2026-03-08,0
2404,treatment,2026-03-13,1
2405,treatment,2026-03-03,1
2406,treatment,2026-03-02,0
2407,control,2026-03-08,0
2408,treatment,2026-03-09,1
2409,treatment,2026-03-04,0
2410,treatment,2026-03-04,0
2411,control,2026-03-15,1
2412,treatment,2026-03-05,1
2413,treatment,2026-03-10,1
2414,control,2026-03-14,0
2415,control,2026-03-07,1
2416,treatment,2026-03-13,0
2417,control,2026-03-10,0
2418,treatment,2026-03-07,1
2419,control,2026-03-05,0
2420,control,2026-03-07,0
2421,treatment,2026-03-13,0
2422,control,2026-03-15,1
2423,control,2026-03-02,0
2424,control,2026-03-06,1
2425,control,2026-03-04,1
2426,treatment,2026-03-09,1
2427,treatment,2026-03-05,0
2428,control,2026-03-07,0
2429,treatment,2026-03-13,0
2430,treatment,2026-03-05,1
2431,control,2026-03-12,0
2432,treatment,2026-03-04,0
2433,treatment,2026-03-10,0
2434,control,2026-03-04,1
2435,treatment,2026-03-08,0
2436,control,2026-03-09,0
2437,treatment,2026-03-03,1
2438,control,2026-03-12,0
2439,control,2026-03-11,0
2440,control,2026-03-14,0
2441,control,2026-03-14,0
2442,treatment,2026-03-07,0
2443,treatment,2026-03-14,1
2444,control,2026-03-07,0
2445,control,2026-03-07,1
2446,treatment,2026-03-05,1
2447,control,2026-03-06,0
2448,control,2026-03-13,0
2449,treatment,2026-03-02,1
2450,treatment,2026-03-09,1
2451,treatment,2026-03-09,1
2452,control,2026-03-10,0
2453,treatment,2026-03-14,0
2454,treatment,2026-03-06,0
2455,control,2026-03-02,0
2456,control,2026-03-11,0
2457,treatment,2026-03-04,1
2458,treatment,2026-03-12,0
2459,treatment,2026-03-04,0
2460,treatment,2026-03-08,0
2461,treatment,2026-03-06,1
2462,control,2026-03-12,0
2463,control,2026-03-04,1
2464,control,2026-03-09,1
2465,treatment,2026-03-08,1
2466,control,2026-03-13,0
2467,control,2026-03-03,1
2468,treatment,2026-03-15,0
2469,treatment,2026-03-08,0
2470,control,2026-03-13,0
2471,control,2026-03-04,0
2472,treatment,2026-03-10,0
2473,treatment,2026-03-08,1
2474,control,2026-03-11,0
2475,control,2026-03-08,0
2476,treatment,2026-03-12,1
2477,treatment,2026-03-02,0
2478,control,2026-03-13,1
2479,treatment,2026-03-07,0
2480,control,2026-03-02,1
2481,control,2026-03-10,0
2482,treatment,2026-03-03,1
2483,treatment,2026-03-13,1
2484,control,2026-03-07,1
2485,control,2026-03-14,0
2486,control,2026-03-07,0
2487,treatment,2026-03-10,1
2488,control,2026-03-02,0
2489,control,2026-03-07,0
2490,control,2026-03-13,1
2491,control,2026-03-13,0
2492,control,2026-03-05,0
2493,treatment,2026-03-14,0
2494,control,2026-03-02,1
2495,control,2026-03-06,1
2496,control,2026-03-11,0
2497,control,2026-03-07,1
2498,treatment,2026-03-11,0
2499,treatment,2026-03-14,0
2500,control,2026-03-04,0
2501,control,2026-03-07,0
2502,treatment,2026-03-15,0
2503,treatment,2026-03-09,0
2504,treatment,2026-03-08,1
2505,control,2026-03-14,0
2506,treatment,2026-03-14,0
2507,treatment,2026-03-12,0
2508,control,2026-03-08,1
2509,control,2026-03-06,1
2510,control,2026-03-13,0
2511,treatment,2026-03-07,0
2512,control,2026-03-05,1
2513,control,2026-03-13,0
2514,treatment,2026-03-09,0
2515,treatment,2026-03-04,1
2516,control,2026-03-12,1
2517,treatment,2026-03-08,0
2518,control,2026-03-11,0
2519,control,2026-03-11,1
2520,control,2026-03-15,1
2521,control,2026-03-15,0
2522,control,2026-03-08,1
2523,control,2026-03-10,1
2524,control,2026-03-12,1
2525,treatment,2026-03-09,1
2526,control,2026-03-08,0
2527,treatment,2026-03-04,0
2528,control,2026-03-11,0
2529,control,2026-03-04,1
2530,control,2026-03-14,1
2531,control,2026-03-07,0
2532,treatment,2026-03-12,0
2533,treatment,2026-03-13,0
2534,control,2026-03-10,0
2535,treatment,2026-03-10,0
2536,treatment,2026-03-07,1
2537,control,2026-03-12,0
2538,treatment,2026-03-03,1
2539,treatment,2026-03-05,0
2540,control,2026-03-04,0
2541,control,2026-03-10,0
2542,treatment,2026-03-09,0
2543,control,2026-03-10,1
2544,control,2026-03-14,0
2545,treatment,2026-03-13,0
2546,treatment,2026-03-03,0
2547,control,2026-03-05,0
2548,control,2026-03-02,0
2549,control,2026-03-03,0
2550,treatment,2026-03-02,0
2551,control,2026-03-14,0
2552,control,2026-03-08,1
2553,treatment,2026-03-11,0
2554,treatment,2026-03-13,1
2555,treatment,2026-03-02,1
2556,control,2026-03-04,0
2557,treatment,2026-03-03,1
2558,control,2026-03-12,0
2559,treatment,2026-03-03,0
2560,control,2026-03-02,0
2561,treatment,2026-03-12,1
2562,treatment,2026-03-10,0
2563,control,2026-03-13,0
2564,treatment,2026-03-03,0
2565,control,2026-03-11,0
2566,control,2026-03-05,1
2567,treatment,2026-03-04,1
2568,control,2026-03-03,0
2569,treatment,2026-03-07,0
2570,treatment,2026-03-14,1
2571,control,2026-03-10,0
2572,control,2026-03-09,1
2573,control,2026-03-13,1
2574,control,2026-03-12,1
2575,control,2026-03-13,0
2576,control,2026-03-15,1
2577,treatment,2026-03-13,0
2578,treatment,2026-03-02,0
2579,treatment,2026-03-08,0
2580,control,2026-03-05,0
2581,treatment,2026-03-15,0
2582,control,2026-03-13,0
2583,control,2026-03-10,1
2584,treatment,2026-03-06,0
2585,control,2026-03-10,1
2586,control,2026-03-09,0
2587,treatment,2026-03-11,1
2588,treatment,2026-03-04,0
2589,control,2026-03-10,0
2590,control,2026-03-06,0
2591,treatment,2026-03-09,1
2592,control,2026-03-05,0
2593,treatment,2026-03-08,0
2594,control,2026-03-06,1
2595,control,2026-03-02,1
2596,control,2026-03-13,1
2597,control,2026-03-05,1
2598,treatment,2026-03-07,0
2599,control,2026-03-13,1
2600,control,2026-03-06,0
2601,control,2026-03-02,1
2602,treatment,2026-03-15,1
2603,treatment,2026-03-05,1
2604,treatment,2026-03-07,1
2605,control,2026-03-02,1
2606,control,2026-03-13,1
2607,treatment,2026-03-08,1
2608,control,2026-03-08,0
2609,treatment,2026-03-06,0
2610,control,2026-03-09,1
2611,treatment,2026-03-08,1
2612,treatment,2026-03-08,0
2613,control,2026-03-15,1
2614,control,2026-03-02,0
2615,control,2026-03-03,0
2616,treatment,2026-03-15,0
2617,control,2026-03-08,1
2618,control,2026-03-04,1
2619,treatment,2026-03-14,1
2620,control,2026-03-07,1
2621,treatment,2026-03-07,1
2622,control,2026-03-02,1
2623,control,2026-03-05,1
2624,control,2026-03-15,1
2625,treatment,2026-03-14,1
2626,treatment,2026-03-08,0
2627,treatment,2026-03-15,1
2628,control,2026-03-12,0
2629,treatment,2026-03-11,0
2630,control,2026-03-11,1
2631,treatment,2026-03-05,0
2632,control,2026-03-08,0
2633,treatment,2026-03-08,1
2634,control,2026-03-06,0
2635,treatment,2026-03-11,0
2636,treatment,2026-03-10,0
2637,control,2026-03-05,0
2638,control,2026-03-08,0
2639,control,2026-03-12,0
2640,control,2026-03-02,1
2641,control,2026-03-08,0
2642,control,2026-03-05,0
2643,control,2026-03-11,0
2644,treatment,2026-03-03,0
2645,treatment,2026-03-09,0
2646,control,2026-03-07,0
2647,control,2026-03-14,0
2648,treatment,2026-03-12,0
2649,control,2026-03-13,1
2650,treatment,2026-03-09,0
2651,treatment,2026-03-07,1
2652,treatment,2026-03-12,0
2653,control,2026-03-10,0
2654,control,2026-03-04,1
2655,control,2026-03-07,1
2656,control,2026-03-08,0
2657,control,2026-03-03,0
2658,treatment,2026-03-15,0
2659,control,2026-03-04,0
2660,control,2026-03-04,0
2661,treatment,2026-03-11,0
2662,control,2026-03-05,1
2663,treatment,2026-03-04,0
2664,control,2026-03-11,0
2665,control,2026-03-09,1
2666,treatment,2026-03-13,0
2667,treatment,2026-03-04,0
2668,control,2026-03-08,0
2669,control,2026-03-12,1
2670,control,2026-03-07,1
2671,control,2026-03-04,0
2672,control,2026-03-09,1
2673,treatment,2026-03-13,0
2674,control,2026-03-13,1
2675,treatment,2026-03-10,1
2676,control,2026-03-07,1
2677,treatment,2026-03-03,1
2678,treatment,2026-03-05,0
2679,control,2026-03-03,0
2680,control,2026-03-12,0
2681,control,2026-03-08,0
2682,control,2026-03-06,1
2683,treatment,2026-03-05,0
2684,control,2026-03-14,0
2685,control,2026-03-03,0
2686,control,2026-03-04,0
2687,control,2026-03-10,0
2688,treatment,2026-03-05,0
2689,control,2026-03-05,1
2690,treatment,2026-03-07,0
2691,control,2026-03-13,1
2692,treatment,2026-03-03,0
2693,treatment,2026-03-11,0
2694,treatment,2026-03-15,1
2695,treatment,2026-03-11,0
2696,treatment,2026-03-15,0
2697,treatment,2026-03-05,0
2698,treatment,2026-03-03,1
2699,treatment,2026-03-07,0
2700,treatment,2026-03-04,1
2701,treatment,2026-03-15,0
2702,treatment,2026-03-12,1
2703,treatment,2026-03-11,1
2704,control,2026-03-13,0
2705,control,2026-03-04,0
2706,control,2026-03-07,1
2707,treatment,2026-03-03,0
2708,treatment,2026-03-13,0
2709,treatment,2026-03-14,0
2710,treatment,2026-03-03,1
2711,treatment,2026-03-14,1
2712,treatment,2026-03-14,1
2713,control,2026-03-05,0
2714,treatment,2026-03-11,0
2715,treatment,2026-03-14,0
2716,control,2026-03-05,0
2717,treatment,2026-03-10,1
2718,control,2026-03-02,1
2719,control,2026-03-05,1
2720,control,2026-03-14,0
2721,control,2026-03-06,1
2722,treatment,2026-03-08,0
2723,treatment,2026-03-10,0
2724,treatment,2026-03-05,0
2725,treatment,2026-03-07,0
2726,control,2026-03-08,0
2727,control,2026-03-13,1
2728,control,2026-03-08,0
2729,treatment,2026-03-03,0
2730,control,2026-03-07,0
2731,control,2026-03-08,1
2732,control,2026-03-15,1
2733,treatment,2026-03-10,1
2734,treatment,2026-03-04,0
2735,treatment,2026-03-08,0
2736,treatment,2026-03-14,0
2737,control,2026-03-05,0
2738,treatment,2026-03-07,0
2739,control,2026-03-11,0
2740,treatment,2026-03-03,1
2741,control,2026-03-02,1
2742,control,2026-03-07,0
2743,control,2026-03-15,0
2744,control,2026-03-03,0
2745,treatment,2026-03-09,0
2746,treatment,2026-03-11,0
2747,treatment,2026-03-11,1
2748,treatment,2026-03-07,0
2749,control,2026-03-03,0
2750,control,2026-03-12,0
2751,control,2026-03-09,0
2752,control,2026-03-09,0
2753,treatment,2026-03-13,0
2754,control,2026-03-02,0
2755,control,2026-03-13,1
2756,treatment,2026-03-05,0
2757,control,2026-03-02,0
2758,control,2026-03-09,0
2759,control,2026-03-14,0
2760,control,2026-03-15,0
2761,control,2026-03-11,1
2762,treatment,2026-03-09,0
2763,treatment,2026-03-09,0
2764,control,2026-03-14,0
2765,treatment,2026-03-15,1
2766,treatment,2026-03-11,1
2767,treatment,2026-03-15,1
2768,treatment,2026-03-11,0
2769,treatment,2026-03-09,0
2770,treatment,2026-03-13,0
2771,treatment,2026-03-15,0
2772,control,2026-03-06,0
2773,treatment,2026-03-13,0
2774,treatment,2026-03-14,0
2775,control,2026-03-04,0
2776,control,2026-03-13,0
2777,control,2026-03-06,1
2778,control,2026-03-04,0
2779,treatment,2026-03-09,0
2780,control,2026-03-08,0
2781,treatment,2026-03-02,0
2782,treatment,2026-03-13,0
2783,treatment,2026-03-08,1
2784,control,2026-03-10,1
2785,control,2026-03-15,0
2786,treatment,2026-03-08,0
2787,treatment,2026-03-11,0
2788,control,2026-03-09,0
2789,treatment,2026-03-02,0
2790,control,2026-03-09,1
2791,control,2026-03-03,0
2792,control,2026-03-09,1
2793,control,2026-03-04,0
2794,treatment,2026-03-12,0
2795,control,2026-03-06,0
2796,treatment,2026-03-02,1
2797,treatment,2026-03-10,0
2798,control,2026-03-12,1
2799,control,2026-03-13,0
2800,control,2026-03-09,0
2801,control,2026-03-02,1
2802,treatment,2026-03-09,0
2803,treatment,2026-03-08,0
2804,control,2026-03-14,0
2805,control,2026-03-02,1
2806,control,2026-03-14,0
2807,control,2026-03-15,0
2808,treatment,2026-03-03,0
2809,control,2026-03-02,1
2810,treatment,2026-03-06,1
2811,control,2026-03-04,0
2812,treatment,2026-03-02,1
2813,control,2026-03-02,1
2814,treatment,2026-03-07,0
2815,control,2026-03-12,0
2816,control,2026-03-15,0
2817,control,2026-03-15,0
2818,treatment,2026-03-13,1
2819,control,2026-03-14,1
2820,treatment,2026-03-05,0
2821,control,2026-03-07,1
2822,treatment,2026-03-03,0
2823,treatment,2026-03-12,0
2824,treatment,2026-03-08,0
2825,treatment,2026-03-09,0
2826,control,2026-03-04,0
2827,treatment,2026-03-07,0
2828,treatment,2026-03-07,0
2829,control,2026-03-14,1
2830,control,2026-03-11,0
2831,treatment,2026-03-02,0
2832,control,2026-03-15,0
2833,treatment,2026-03-15,0
2834,treatment,2026-03-02,0
2835,treatment,2026-03-05,0
2836,treatment,2026-03-05,0
2837,control,2026-03-15,1
2838,treatment,2026-03-05,1
2839,control,2026-03-11,0
2840,treatment,2026-03-07,0
2841,treatment,2026-03-08,1
2842,control,2026-03-14,1
2843,treatment,2026-03-12,0
2844,control,2026-03-10,0
2845,control,2026-03-10,1
2846,treatment,2026-03-14,0
2847,treatment,2026-03-13,0
2848,control,2026-03-11,0
2849,treatment,2026-03-13,0
2850,treatment,2026-03-04,1
2851,treatment,2026-03-02,0
2852,control,2026-03-14,0
2853,control,2026-03-07,0
2854,control,2026-03-06,0
2855,control,2026-03-07,0
2856,treatment,2026-03-02,0
2857,treatment,2026-03-03,1
2858,control,2026-03-08,1
2859,treatment,2026-03-06,1
2860,treatment,2026-03-13,0
2861,treatment,2026-03-14,1
2862,control,2026-03-09,1
2863,control,2026-03-10,1
2864,treatment,2026-03-10,0
2865,control,2026-03-03,1
2866,control,2026-03-06,0
2867,treatment,2026-03-07,1
2868,control,2026-03-14,0
2869,treatment,2026-03-12,0
2870,control,2026-03-09,0
2871,control,2026-03-04,0
2872,treatment,2026-03-09,1
2873,control,2026-03-10,0
2874,treatment,2026-03-15,1
2875,treatment,2026-03-09,1
2876,treatment,2026-03-09,0
2877,control,2026-03-09,0
2878,treatment,2026-03-09,0
2879,treatment,2026-03-08,0
2880,treatment,2026-03-09,0
2881,treatment,2026-03-02,0
2882,control,2026-03-07,1
2883,control,2026-03-08,1
2884,treatment,2026-03-11,0
2885,treatment,2026-03-15,1
2886,control,2026-03-07,0
2887,treatment,2026-03-09,0
2888,treatment,2026-03-15,0
2889,treatment,2026-03-11,0
2890,treatment,2026-03-09,0
2891,treatment,2026-03-11,1
2892,control,2026-03-14,0
2893,control,2026-03-12,1
2894,control,2026-03-08,0
2895,treatment,2026-03-02,0
2896,treatment,2026-03-02,1
2897,control,2026-03-14,0
2898,treatment,2026-03-12,1
2899,treatment,2026-03-09,1
2900,control,2026-03-02,0
2901,control,2026-03-09,0
2902,treatment,2026-03-05,0
2903,treatment,2026-03-08,1
2904,treatment,2026-03-13,1
2905,control,2026-03-15,1
2906,control,2026-03-05,1
2907,control,2026-03-13,0
2908,treatment,2026-03-08,0
2909,control,2026-03-05,0
2910,treatment,2026-03-11,0
2911,control,2026-03-08,0
2912,treatment,2026-03-08,1
2913,treatment,2026-03-06,0
2914,control,2026-03-07,1
2915,control,2026-03-03,0
2916,treatment,2026-03-14,1
2917,control,2026-03-04,0
2918,control,2026-03-03,0
2919,control,2026-03-10,1
2920,treatment,2026-03-11,1
2921,treatment,2026-03-14,0
2922,treatment,2026-03-15,0
2923,control,2026-03-12,0
2924,control,2026-03-07,0
2925,control,2026-03-05,0
2926,control,2026-03-14,0
2927,control,2026-03-03,0
2928,treatment,2026-03-06,0
2929,control,2026-03-02,0
2930,treatment,2026-03-12,1
2931,control,2026-03-05,0
2932,control,2026-03-14,0
2933,control,2026-03-02,0
2934,control,2026-03-04,1
2935,control,2026-03-05,0
2936,control,2026-03-02,1
2937,treatment,2026-03-12,1
2938,treatment,2026-03-04,0
2939,control,2026-03-09,1
2940,treatment,2026-03-07,1
2941,control,2026-03-10,0
2942,treatment,2026-03-13,1
2943,control,2026-03-11,0
2944,control,2026-03-04,0
2945,treatment,2026-03-06,0
2946,treatment,2026-03-05,0
2947,control,2026-03-03,1
2948,treatment,2026-03-10,0
2949,control,2026-03-05,1
2950,treatment,2026-03-02,0
2951,treatment,2026-03-15,0
2952,control,2026-03-09,0
2953,control,2026-03-04,1
2954,treatment,2026-03-10,0
2955,control,2026-03-12,0
2956,control,2026-03-11,0
2957,control,2026-03-02,1
2958,treatment,2026-03-05,1
2959,control,2026-03-08,0
2960,treatment,2026-03-11,0
2961,treatment,2026-03-14,1
2962,treatment,2026-03-12,1
2963,control,2026-03-13,0
2964,treatment,2026-03-11,0
2965,treatment,2026-03-03,1
2966,treatment,2026-03-11,0
2967,control,2026-03-04,0
2968,control,2026-03-06,0
2969,control,2026-03-14,0
2970,control,2026-03-10,0
2971,treatment,2026-03-02,0
2972,control,2026-03-12,1
2973,treatment,2026-03-02,0
2974,treatment,2026-03-11,1
2975,control,2026-03-03,0
2976,treatment,2026-03-08,1
2977,treatment,2026-03-10,0
2978,control,2026-03-07,1
2979,treatment,2026-03-06,0
2980,control,2026-03-15,0
2981,control,2026-03-13,1
2982,treatment,2026-03-10,0
2983,treatment,2026-03-15,0
2984,treatment,2026-03-15,1
2985,control,2026-03-03,0
2986,control,2026-03-02,0
2987,control,2026-03-10,0
2988,treatment,2026-03-05,0
2989,control,2026-03-15,0
2990,control,2026-03-07,0
2991,treatment,2026-03-13,0
2992,treatment,2026-03-08,0
2993,control,2026-03-14,0
2994,treatment,2026-03-11,1
2995,treatment,2026-03-14,0
2996,treatment,2026-03-08,0
2997,treatment,2026-03-12,0
2998,control,2026-03-03,0
2999,treatment,2026-03-04,0
3000,treatment,2026-03-12,0
3001,control,2026-03-13,0
3002,treatment,2026-03-11,0
3003,control,2026-03-12,0
3004,control,2026-03-14,1
3005,treatment,2026-03-14,0
3006,control,2026-03-07,1
3007,control,2026-03-07,0
3008,control,2026-03-09,1
3009,treatment,2026-03-15,1
3010,control,2026-03-15,1
3011,treatment,2026-03-12,0
3012,treatment,2026-03-10,1
3013,control,2026-03-12,0
3014,treatment,2026-03-14,1
3015,control,2026-03-04,0
3016,control,2026-03-14,1
3017,control,2026-03-14,1
3018,control,2026-03-11,1
3019,control,2026-03-12,0
3020,control,2026-03-05,0
3021,treatment,2026-03-10,1
3022,treatment,2026-03-02,1
3023,control,2026-03-09,0
3024,control,2026-03-05,0
3025,treatment,2026-03-06,0
3026,control,2026-03-07,0
3027,treatment,2026-03-11,1
3028,control,2026-03-15,0
3029,treatment,2026-03-03,0
3030,control,2026-03-04,0
3031,control,2026-03-14,1
3032,treatment,2026-03-14,0
3033,treatment,2026-03-15,0
3034,control,2026-03-13,0
3035,treatment,2026-03-15,0
3036,control,2026-03-11,0
3037,control,2026-03-15,1
3038,treatment,2026-03-10,1
3039,treatment,2026-03-09,0
3040,treatment,2026-03-14,0
3041,treatment,2026-03-08,0
3042,treatment,2026-03-07,0
3043,treatment,2026-03-13,0
3044,treatment,2026-03-08,1
3045,treatment,2026-03-13,1
3046,treatment,2026-03-10,1
3047,control,2026-03-08,0
3048,treatment,2026-03-06,0
3049,treatment,2026-03-06,1
3050,control,2026-03-05,0
3051,control,2026-03-03,0
3052,control,2026-03-10,0
3053,treatment,2026-03-04,0
3054,control,2026-03-05,0
3055,control,2026-03-12,1
3056,control,2026-03-07,0
3057,treatment,2026-03-08,1
3058,control,2026-03-15,0
3059,treatment,2026-03-05,0
3060,treatment,2026-03-14,1
3061,control,2026-03-03,0
3062,control,2026-03-04,0
3063,treatment,2026-03-03,1
3064,control,2026-03-09,0
3065,treatment,2026-03-13,0
3066,treatment,2026-03-13,0
3067,treatment,2026-03-06,1
3068,treatment,2026-03-07,0
3069,treatment,2026-03-07,1
3070,treatment,2026-03-08,0
3071,treatment,2026-03-15,1
3072,treatment,2026-03-06,0
3073,control,2026-03-11,1
3074,treatment,2026-03-07,0
3075,treatment,2026-03-07,0
3076,control,2026-03-03,1
3077,treatment,2026-03-15,0
3078,control,2026-03-08,0
3079,treatment,2026-03-07,0
3080,treatment,2026-03-14,1
3081,treatment,2026-03-08,0
3082,control,2026-03-15,0
3083,treatment,2026-03-02,1
3084,control,2026-03-03,0
3085,treatment,2026-03-15,0
3086,treatment,2026-03-07,1
3087,treatment,2026-03-05,1
3088,treatment,2026-03-14,0
3089,control,2026-03-05,0
3090,treatment,2026-03-06,0
3091,treatment,2026-03-09,1
3092,treatment,2026-03-04,0
3093,control,2026-03-09,1
3094,treatment,2026-03-05,0
3095,control,2026-03-11,0
3096,treatment,2026-03-12,0
3097,control,2026-03-09,0
3098,control,2026-03-07,0
3099,treatment,2026-03-05,1
3100,control,2026-03-04,0
3101,control,2026-03-14,0
3102,control,2026-03-12,0
3103,control,2026-03-06,1
3104,treatment,2026-03-12,1
3105,treatment,2026-03-12,0
3106,treatment,2026-03-02,0
3107,control,2026-03-15,1
3108,treatment,2026-03-13,1
3109,treatment,2026-03-15,0
3110,treatment,2026-03-03,0
3111,treatment,2026-03-10,0
3112,treatment,2026-03-13,0
3113,treatment,2026-03-15,0
3114,treatment,2026-03-02,0
3115,control,2026-03-11,0
3116,control,2026-03-03,1
3117,treatment,2026-03-14,0
3118,control,2026-03-12,0
3119,control,2026-03-07,0
3120,treatment,2026-03-03,0
3121,control,2026-03-14,1
3122,control,2026-03-13,1
3123,control,2026-03-04,0
3124,control,2026-03-08,1
3125,treatment,2026-03-11,0
3126,treatment,2026-03-08,0
3127,treatment,2026-03-04,0
3128,treatment,2026-03-11,0
3129,treatment,2026-03-08,0
3130,control,2026-03-10,0
3131,treatment,2026-03-05,0
3132,control,2026-03-11,0
3133,control,2026-03-02,0
3134,treatment,2026-03-14,0
3135,treatment,2026-03-15,0
3136,treatment,2026-03-15,1
3137,control,2026-03-09,0
3138,treatment,2026-03-15,0
3139,control,2026-03-05,0
3140,treatment,2026-03-12,0
3141,treatment,2026-03-08,0
3142,treatment,2026-03-10,1
3143,treatment,2026-03-13,1
3144,treatment,2026-03-11,0
3145,control,2026-03-14,0
3146,control,2026-03-08,0
3147,control,2026-03-09,0
3148,control,2026-03-08,0
3149,control,2026-03-04,0
3150,control,2026-03-12,0
3151,treatment,2026-03-02,0
3152,control,2026-03-14,1
3153,control,2026-03-07,0
3154,treatment,2026-03-11,1
3155,treatment,2026-03-10,0
3156,treatment,2026-03-06,1
3157,control,2026-03-04,0
3158,treatment,2026-03-03,1
3159,treatment,2026-03-07,0
3160,treatment,2026-03-13,1
3161,treatment,2026-03-12,1
3162,control,2026-03-05,0
3163,treatment,2026-03-07,0
3164,treatment,2026-03-04,0
3165,treatment,2026-03-08,1
3166,treatment,2026-03-09,1
3167,treatment,2026-03-06,1
3168,control,2026-03-10,1
3169,treatment,2026-03-10,0
3170,control,2026-03-04,0
3171,control,2026-03-03,0
3172,control,2026-03-02,0
3173,treatment,2026-03-09,0
3174,control,2026-03-05,0
3175,control,2026-03-09,0
3176,control,2026-03-06,0
3177,treatment,2026-03-11,0
3178,control,2026-03-14,0
3179,control,2026-03-06,1
3180,treatment,2026-03-03,1
3181,control,2026-03-14,0
3182,treatment,2026-03-06,1
3183,treatment,2026-03-11,0
3184,control,2026-03-15,0
3185,control,2026-03-12,0
3186,control,2026-03-08,0
3187,treatment,2026-03-15,0
3188,control,2026-03-02,0
3189,control,2026-03-15,0
3190,control,2026-03-04,0
3191,treatment,2026-03-09,0
3192,control,2026-03-12,1
3193,treatment,2026-03-06,0
3194,treatment,2026-03-12,1
3195,control,2026-03-10,0
3196,control,2026-03-07,0
3197,treatment,2026-03-07,0
3198,treatment,2026-03-15,1
3199,control,2026-03-14,1
3200,control,2026-03-11,0
3201,control,2026-03-06,0
3202,treatment,2026-03-03,1
3203,control,2026-03-06,0
3204,treatment,2026-03-02,0
3205,control,2026-03-02,0
3206,control,2026-03-11,0
3207,control,2026-03-05,0
3208,treatment,2026-03-09,0
3209,control,2026-03-10,0
3210,treatment,2026-03-08,0
3211,control,2026-03-02,0
3212,control,2026-03-07,0
3213,control,2026-03-07,1
3214,control,2026-03-10,0
3215,treatment,2026-03-11,1
3216,treatment,2026-03-08,1
3217,treatment,2026-03-06,1
3218,treatment,2026-03-06,1
3219,control,2026-03-02,1
3220,treatment,2026-03-02,0
3221,treatment,2026-03-08,1
3222,control,2026-03-08,1
3223,treatment,2026-03-10,1
3224,treatment,2026-03-03,1
3225,control,2026-03-14,1
3226,treatment,2026-03-14,0
3227,treatment,2026-03-13,0
3228,treatment,2026-03-04,1
3229,control,2026-03-10,1
3230,treatment,2026-03-12,0
3231,treatment,2026-03-11,0
3232,treatment,2026-03-13,1
3233,treatment,2026-03-14,0
3234,treatment,2026-03-02,1
3235,control,2026-03-11,0
3236,control,2026-03-05,0
3237,control,2026-03-05,1
3238,treatment,2026-03-05,0
3239,control,2026-03-05,1
3240,control,2026-03-14,0
3241,control,2026-03-02,1
3242,control,2026-03-11,0
3243,control,2026-03-05,0
3244,control,2026-03-09,0
3245,treatment,2026-03-11,0
3246,control,2026-03-02,0
3247,treatment,2026-03-07,1
3248,treatment,2026-03-04,0
3249,treatment,2026-03-02,0
3250,treatment,2026-03-08,0
3251,control,2026-03-05,1
3252,control,2026-03-12,0
3253,control,2026-03-07,1
3254,treatment,2026-03-08,0
3255,control,2026-03-10,1
3256,treatment,2026-03-10,1
3257,treatment,2026-03-13,0
3258,control,2026-03-02,1
3259,treatment,2026-03-07,0
3260,control,2026-03-09,0
3261,control,2026-03-04,1
3262,control,2026-03-06,1
3263,control,2026-03-13,0
3264,treatment,2026-03-07,0
3265,control,2026-03-03,0
3266,treatment,2026-03-13,0
3267,treatment,2026-03-11,1
3268,control,2026-03-09,1
3269,treatment,2026-03-10,0
3270,treatment,2026-03-13,0
3271,treatment,2026-03-03,0
3272,control,2026-03-12,0
3273,treatment,2026-03-05,0
3274,treatment,2026-03-10,0
3275,treatment,2026-03-06,0
3276,treatment,2026-03-13,1
3277,control,2026-03-04,1
3278,control,2026-03-09,0
3279,control,2026-03-13,0
3280,control,2026-03-07,0
3281,treatment,2026-03-07,0
3282,control,2026-03-13,0
3283,control,2026-03-14,1
3284,control,2026-03-08,0
3285,treatment,2026-03-02,0
3286,treatment,2026-03-02,0
3287,treatment,2026-03-05,1
3288,control,2026-03-06,0
3289,treatment,2026-03-02,1
3290,control,2026-03-09,1
3291,control,2026-03-07,0
3292,treatment,2026-03-11,1
3293,treatment,2026-03-12,0
3294,treatment,2026-03-03,1
3295,control,2026-03-02,0
3296,treatment,2026-03-10,0
3297,control,2026-03-05,0
3298,control,2026-03-10,1
3299,control,2026-03-03,1
3300,treatment,2026-03-14,0
3301,treatment,2026-03-10,0
3302,control,2026-03-08,0
3303,control,2026-03-10,1
3304,treatment,2026-03-11,0
3305,treatment,2026-03-14,0
3306,control,2026-03-13,0
3307,treatment,2026-03-10,0
3308,treatment,2026-03-15,0
3309,treatment,2026-03-09,0
3310,control,2026-03-06,0
3311,treatment,2026-03-05,1
3312,control,2026-03-09,0
3313,treatment,2026-03-12,0
3314,control,2026-03-02,1
3315,treatment,2026-03-05,0
3316,treatment,2026-03-09,0
3317,treatment,2026-03-11,0
3318,treatment,2026-03-03,1
3319,treatment,2026-03-04,0
3320,control,2026-03-10,0
3321,treatment,2026-03-05,0
3322,control,2026-03-13,1
3323,control,2026-03-03,0
3324,control,2026-03-15,1
3325,treatment,2026-03-15,1
3326,treatment,2026-03-07,0
3327,treatment,2026-03-15,0
3328,control,2026-03-11,0
3329,control,2026-03-11,0
3330,treatment,2026-03-07,0
3331,control,2026-03-11,1
3332,treatment,2026-03-08,1
3333,control,2026-03-03,0
3334,treatment,2026-03-13,1
3335,control,2026-03-06,1
3336,control,2026-03-10,1
3337,control,2026-03-04,0
3338,control,2026-03-06,0
3339,control,2026-03-09,0
3340,control,2026-03-11,1
3341,treatment,2026-03-03,0
3342,treatment,2026-03-06,1
3343,treatment,2026-03-03,0
3344,treatment,2026-03-02,0
3345,treatment,2026-03-09,1
3346,treatment,2026-03-05,0
3347,treatment,2026-03-07,0
3348,treatment,2026-03-14,0
3349,control,2026-03-15,0
3350,treatment,2026-03-05,0
3351,treatment,2026-03-13,0
3352,control,2026-03-08,0
3353,control,2026-03-14,1
3354,control,2026-03-13,1
3355,treatment,2026-03-13,1
3356,treatment,2026-03-08,0
3357,control,2026-03-14,0
3358,treatment,2026-03-05,1
3359,treatment,2026-03-05,0
3360,control,2026-03-04,0
3361,treatment,2026-03-07,1
3362,treatment,2026-03-08,0
3363,treatment,2026-03-05,0
3364,control,2026-03-10,0
3365,control,2026-03-14,1
3366,control,2026-03-05,0
3367,treatment,2026-03-15,0
3368,treatment,2026-03-10,1
3369,treatment,2026-03-15,0
3370,control,2026-03-13,0
3371,treatment,2026-03-05,1
3372,treatment,2026-03-13,0
3373,control,2026-03-06,0
3374,control,2026-03-11,0
3375,treatment,2026-03-05,0
3376,treatment,2026-03-10,1
3377,treatment,2026-03-13,1
3378,treatment,2026-03-11,0
3379,control,2026-03-04,0
3380,control,2026-03-08,0
3381,treatment,2026-03-09,0
3382,control,2026-03-06,0
3383,treatment,2026-03-07,0
3384,treatment,2026-03-12,0
3385,control,2026-03-09,0
3386,treatment,2026-03-03,0
3387,control,2026-03-05,1
3388,treatment,2026-03-08,0
3389,control,2026-03-15,1
3390,control,2026-03-02,0
3391,treatment,2026-03-04,0
3392,control,2026-03-03,0
3393,treatment,2026-03-04,0
3394,control,2026-03-04,1
3395,treatment,2026-03-03,0
3396,treatment,2026-03-13,1
3397,control,2026-03-06,0
3398,treatment,2026-03-02,1
3399,treatment,2026-03-13,0
3400,treatment,2026-03-13,1
3401,control,2026-03-09,0
3402,treatment,2026-03-07,0
3403,treatment,2026-03-05,0
3404,control,2026-03-03,1
3405,treatment,2026-03-15,1
3406,treatment,2026-03-04,1
3407,control,2026-03-03,0
3408,treatment,2026-03-08,1
3409,treatment,2026-03-09,0
3410,control,2026-03-03,1
3411,control,2026-03-05,0
3412,treatment,2026-03-15,0
3413,control,2026-03-04,0
3414,treatment,2026-03-12,0
3415,treatment,2026-03-02,1
3416,treatment,2026-03-13,0
3417,treatment,2026-03-03,0
3418,treatment,2026-03-10,1
3419,control,2026-03-13,1
3420,treatment,2026-03-10,0
3421,treatment,2026-03-14,0
3422,control,2026-03-07,0
3423,treatment,2026-03-12,1
3424,treatment,2026-03-07,0
3425,treatment,2026-03-08,1
3426,control,2026-03-12,1
3427,control,2026-03-05,0
3428,treatment,2026-03-02,0
3429,treatment,2026-03-10,1
3430,treatment,2026-03-09,0
3431,treatment,2026-03-11,1
3432,control,2026-03-13,1
3433,control,2026-03-02,0
3434,control,2026-03-11,0
3435,treatment,2026-03-04,0
3436,treatment,2026-03-06,0
3437,control,2026-03-13,0
3438,treatment,2026-03-07,0
3439,control,2026-03-10,0
3440,control,2026-03-03,0
3441,treatment,2026-03-14,1
3442,control,2026-03-03,0
3443,treatment,2026-03-04,0
3444,treatment,2026-03-15,0
3445,control,2026-03-14,0
3446,control,2026-03-05,0
3447,control,2026-03-09,0
3448,treatment,2026-03-08,0
3449,control,2026-03-14,0
3450,treatment,2026-03-06,0
3451,control,2026-03-08,1
3452,control,2026-03-02,0
3453,control,2026-03-06,1
3454,treatment,2026-03-06,1
3455,control,2026-03-13,1
3456,control,2026-03-09,0
3457,control,2026-03-02,0
3458,treatment,2026-03-10,0
3459,treatment,2026-03-15,0
3460,treatment,2026-03-03,0
3461,control,2026-03-14,0
3462,treatment,2026-03-06,0
3463,treatment,2026-03-09,0
3464,treatment,2026-03-11,1
3465,control,2026-03-09,1
3466,treatment,2026-03-14,0
3467,control,2026-03-10,1
3468,control,2026-03-13,0
3469,treatment,2026-03-11,0
3470,control,2026-03-03,1
3471,treatment,2026-03-11,0
3472,control,2026-03-13,0
3473,treatment,2026-03-12,0
3474,control,2026-03-09,0
3475,treatment,2026-03-14,0
3476,control,2026-03-08,0
3477,treatment,2026-03-07,0
3478,treatment,2026-03-11,0
3479,control,2026-03-06,1
3480,treatment,2026-03-10,1
3481,treatment,2026-03-09,0
3482,control,2026-03-10,0
3483,control,2026-03-04,0
3484,treatment,2026-03-10,0
3485,treatment,2026-03-15,1
3486,control,2026-03-03,0
3487,treatment,2026-03-02,0
3488,control,2026-03-02,0
3489,control,2026-03-11,0
3490,control,2026-03-04,0
3491,control,2026-03-06,1
3492,control,2026-03-05,0
3493,control,2026-03-08,0
3494,treatment,2026-03-10,0
3495,treatment,2026-03-13,0
3496,treatment,2026-03-13,0
3497,control,2026-03-09,1
3498,treatment,2026-03-04,0
3499,control,2026-03-06,0
3500,treatment,2026-03-07,0
3501,treatment,2026-03-14,1
3502,treatment,2026-03-12,0
3503,control,2026-03-06,0
3504,treatment,2026-03-13,1
3505,treatment,2026-03-11,0
3506,treatment,2026-03-11,0
3507,control,2026-03-06,0
3508,treatment,2026-03-08,1
3509,control,2026-03-10,0
3510,treatment,2026-03-14,0
3511,treatment,2026-03-09,0
3512,control,2026-03-04,0
3513,control,2026-03-10,0
3514,control,2026-03-06,1
3515,control,2026-03-07,0
3516,control,2026-03-12,1
3517,treatment,2026-03-11,0
3518,control,2026-03-11,1
3519,control,2026-03-11,1
3520,treatment,2026-03-03,0
3521,control,2026-03-13,0
3522,control,2026-03-04,1
3523,control,2026-03-05,1
3524,control,2026-03-04,0
3525,control,2026-03-04,0
3526,control,2026-03-02,0
3527,treatment,2026-03-03,0
3528,treatment,2026-03-15,0
3529,treatment,2026-03-02,1
3530,treatment,2026-03-09,1
3531,treatment,2026-03-12,0
3532,treatment,2026-03-09,0
3533,treatment,2026-03-08,0
3534,control,2026-03-08,0
3535,treatment,2026-03-03,1
3536,treatment,2026-03-10,0
3537,control,2026-03-12,0
3538,treatment,2026-03-13,1
3539,control,2026-03-11,1
3540,control,2026-03-08,0
3541,treatment,2026-03-09,1
3542,control,2026-03-06,0
3543,control,2026-03-06,0
3544,control,2026-03-03,0
3545,control,2026-03-13,0
3546,treatment,2026-03-14,0
3547,control,2026-03-07,0
3548,control,2026-03-05,0
3549,treatment,2026-03-07,1
3550,treatment,2026-03-07,0
3551,treatment,2026-03-04,1
3552,control,2026-03-03,0
3553,treatment,2026-03-11,1
3554,control,2026-03-04,0
3555,treatment,2026-03-02,1
3556,treatment,2026-03-13,0
3557,treatment,2026-03-09,0
3558,control,2026-03-02,0
3559,treatment,2026-03-03,0
3560,control,2026-03-14,0
3561,treatment,2026-03-04,0
3562,control,2026-03-12,1
3563,treatment,2026-03-09,0
3564,control,2026-03-09,0
3565,control,2026-03-13,0
3566,treatment,2026-03-13,0
3567,control,2026-03-06,0
3568,control,2026-03-07,0
3569,treatment,2026-03-12,1
3570,treatment,2026-03-10,0
3571,treatment,2026-03-03,0
3572,control,2026-03-04,1
3573,control,2026-03-14,0
3574,treatment,2026-03-06,1
3575,control,2026-03-14,0
3576,treatment,2026-03-04,1
3577,control,2026-03-02,0
3578,control,2026-03-06,0
3579,control,2026-03-04,1
3580,treatment,2026-03-13,1
3581,treatment,2026-03-04,0
3582,control,2026-03-03,0
3583,control,2026-03-06,1
3584,treatment,2026-03-11,1
3585,control,2026-03-05,1
3586,control,2026-03-13,1
3587,control,2026-03-03,1
3588,treatment,2026-03-11,0
3589,treatment,2026-03-12,1
3590,treatment,2026-03-02,0
3591,control,2026-03-11,0
3592,treatment,2026-03-11,0
3593,treatment,2026-03-13,0
3594,control,2026-03-03,0
3595,control,2026-03-15,1
3596,control,2026-03-06,0
3597,treatment,2026-03-05,1
3598,treatment,2026-03-15,1
3599,treatment,2026-03-11,0
3600,treatment,2026-03-07,0
3601,control,2026-03-03,1
3602,treatment,2026-03-08,0
3603,control,2026-03-03,0
3604,treatment,2026-03-02,1
3605,control,2026-03-05,1
3606,control,2026-03-12,0
3607,control,2026-03-13,0
3608,treatment,2026-03-14,0
3609,treatment,2026-03-14,1
3610,control,2026-03-12,1
3611,treatment,2026-03-05,0
3612,treatment,2026-03-10,0
3613,control,2026-03-09,1
3614,control,2026-03-12,1
3615,treatment,2026-03-06,0
3616,treatment,2026-03-02,0
3617,treatment,2026-03-06,1
3618,control,2026-03-04,0
3619,control,2026-03-05,1
3620,treatment,2026-03-03,0
3621,control,2026-03-15,1
3622,treatment,2026-03-05,0
3623,treatment,2026-03-04,0
3624,treatment,2026-03-04,1
3625,treatment,2026-03-03,0
3626,control,2026-03-12,0
3627,treatment,2026-03-13,0
3628,control,2026-03-12,1
3629,treatment,2026-03-11,0
3630,control,2026-03-04,0
3631,control,2026-03-07,1
3632,control,2026-03-07,0
3633,treatment,2026-03-06,0
3634,treatment,2026-03-10,0
3635,treatment,2026-03-03,0
3636,control,2026-03-11,0
3637,treatment,2026-03-02,0
3638,treatment,2026-03-04,0
3639,control,2026-03-13,0
3640,control,2026-03-15,1
3641,control,2026-03-12,0
3642,treatment,2026-03-05,0
3643,control,2026-03-07,1
3644,control,2026-03-08,0
3645,treatment,2026-03-03,1
3646,control,2026-03-11,1
3647,treatment,2026-03-12,0
3648,treatment,2026-03-02,0
3649,treatment,2026-03-05,1
3650,treatment,2026-03-05,1
3651,treatment,2026-03-08,1
3652,control,2026-03-06,1
3653,control,2026-03-07,0
3654,treatment,2026-03-09,0
3655,treatment,2026-03-07,0
3656,treatment,2026-03-14,0
3657,treatment,2026-03-04,1
3658,treatment,2026-03-08,1
3659,control,2026-03-14,0
3660,control,2026-03-12,1
3661,control,2026-03-12,1
3662,control,2026-03-06,0
3663,treatment,2026-03-15,1
3664,control,2026-03-15,0
3665,treatment,2026-03-02,1
3666,control,2026-03-04,0
3667,control,2026-03-03,0
3668,control,2026-03-03,0
3669,treatment,2026-03-06,1
3670,treatment,2026-03-04,0
3671,control,2026-03-10,1
3672,treatment,2026-03-13,0
3673,treatment,2026-03-14,0
3674,treatment,2026-03-04,0
3675,treatment,2026-03-07,0
3676,treatment,2026-03-15,0
3677,treatment,2026-03-12,0
3678,treatment,2026-03-04,1
3679,treatment,2026-03-06,1
3680,treatment,2026-03-05,0
3681,control,2026-03-13,0
3682,control,2026-03-11,0
3683,control,2026-03-12,1
3684,control,2026-03-05,0
3685,treatment,2026-03-06,0
3686,treatment,2026-03-14,1
3687,treatment,2026-03-02,0
3688,control,2026-03-03,1
3689,control,2026-03-14,1
3690,treatment,2026-03-13,0
3691,treatment,2026-03-13,0
3692,control,2026-03-06,0
3693,control,2026-03-11,0
3694,treatment,2026-03-08,0
3695,control,2026-03-15,0
3696,control,2026-03-08,1
3697,treatment,2026-03-14,0
3698,treatment,2026-03-09,0
3699,control,2026-03-08,0
3700,treatment,2026-03-03,0
3701,treatment,2026-03-06,0
3702,control,2026-03-07,1
3703,treatment,2026-03-08,1
3704,control,2026-03-11,1
3705,treatment,2026-03-11,0
3706,control,2026-03-14,0
3707,treatment,2026-03-08,0
3708,treatment,2026-03-10,1
3709,control,2026-03-08,0
3710,control,2026-03-14,1
3711,treatment,2026-03-04,0
3712,treatment,2026-03-09,0
3713,treatment,2026-03-02,0
3714,treatment,2026-03-10,0
3715,treatment,2026-03-02,0
3716,treatment,2026-03-08,1
3717,control,2026-03-12,0
3718,control,2026-03-02,1
3719,control,2026-03-03,0
3720,treatment,2026-03-09,1
3721,control,2026-03-08,1
3722,treatment,2026-03-05,0
3723,treatment,2026-03-07,0
3724,control,2026-03-10,1
3725,treatment,2026-03-09,0
3726,treatment,2026-03-09,0
3727,treatment,2026-03-10,0
3728,treatment,2026-03-03,1
3729,treatment,2026-03-12,1
3730,control,2026-03-03,1
3731,control,2026-03-15,1
3732,treatment,2026-03-14,0
3733,control,2026-03-09,1
3734,treatment,2026-03-08,0
3735,treatment,2026-03-10,1
3736,control,2026-03-04,0
3737,control,2026-03-06,0
3738,treatment,2026-03-14,0
3739,control,2026-03-13,1
3740,control,2026-03-13,0
3741,treatment,2026-03-08,0
3742,treatment,2026-03-14,1
3743,treatment,2026-03-03,0
3744,control,2026-03-13,0
3745,control,2026-03-04,0
3746,treatment,2026-03-11,1
3747,treatment,2026-03-13,1
3748,control,2026-03-06,0
3749,treatment,2026-03-08,1
3750,control,2026-03-10,1
3751,control,2026-03-09,1
3752,control,2026-03-12,1
3753,treatment,2026-03-12,1
3754,treatment,2026-03-06,0
3755,treatment,2026-03-02,1
3756,control,2026-03-02,1
3757,treatment,2026-03-09,0
3758,treatment,2026-03-09,1
3759,treatment,2026-03-03,0
3760,control,2026-03-11,0
3761,treatment,2026-03-13,0
3762,treatment,2026-03-12,1
3763,treatment,2026-03-08,0
3764,control,2026-03-03,0
3765,control,2026-03-06,0
3766,treatment,2026-03-04,0
3767,treatment,2026-03-07,0
3768,control,2026-03-05,0
3769,treatment,2026-03-07,0
3770,treatment,2026-03-08,1
3771,treatment,2026-03-10,0
3772,treatment,2026-03-09,1
3773,treatment,2026-03-12,0
3774,control,2026-03-05,0
3775,control,2026-03-13,1
3776,control,2026-03-09,0
3777,control,2026-03-05,0
3778,treatment,2026-03-05,0
3779,treatment,2026-03-13,0
3780,control,2026-03-15,1
3781,control,2026-03-11,0
3782,treatment,2026-03-11,0
3783,control,2026-03-08,0
3784,treatment,2026-03-04,1
3785,treatment,2026-03-06,0
3786,treatment,2026-03-03,0
3787,control,2026-03-12,0
3788,treatment,2026-03-11,1
3789,treatment,2026-03-08,1
3790,control,2026-03-13,1
3791,treatment,2026-03-04,0
3792,treatment,2026-03-15,0
3793,treatment,2026-03-07,1
3794,control,2026-03-14,1
3795,control,2026-03-09,0
3796,control,2026-03-14,0
3797,control,2026-03-04,1
3798,treatment,2026-03-09,0
3799,control,2026-03-05,0
3800,control,2026-03-13,0
3801,treatment,2026-03-02,0
3802,control,2026-03-08,1
3803,treatment,2026-03-14,1
3804,treatment,2026-03-14,0
3805,treatment,2026-03-04,1
3806,treatment,2026-03-15,0
3807,control,2026-03-02,0
3808,treatment,2026-03-07,0
3809,control,2026-03-02,0
3810,control,2026-03-04,1
3811,treatment,2026-03-06,1
3812,treatment,2026-03-11,0
3813,treatment,2026-03-05,1
3814,treatment,2026-03-10,0
3815,treatment,2026-03-05,0
3816,control,2026-03-05,0
3817,treatment,2026-03-08,1
3818,control,2026-03-02,0
3819,control,2026-03-03,0
3820,treatment,2026-03-14,0
3821,treatment,2026-03-11,0
3822,control,2026-03-02,0
3823,treatment,2026-03-05,0
3824,control,2026-03-09,0
3825,control,2026-03-12,0
3826,treatment,2026-03-05,1
3827,control,2026-03-10,0
3828,control,2026-03-12,1
3829,control,2026-03-11,0
3830,control,2026-03-05,1
3831,control,2026-03-05,1
3832,control,2026-03-10,1
3833,treatment,2026-03-04,0
3834,treatment,2026-03-13,0
3835,treatment,2026-03-11,0
3836,treatment,2026-03-11,0
3837,control,2026-03-14,0
3838,treatment,2026-03-06,1
3839,control,2026-03-09,1
3840,control,2026-03-04,1
3841,control,2026-03-03,0
3842,treatment,2026-03-04,1
3843,control,2026-03-03,0
3844,control,2026-03-03,0
3845,control,2026-03-11,0
3846,control,2026-03-14,0
3847,control,2026-03-03,0
3848,treatment,2026-03-13,0
3849,control,2026-03-04,1
3850,control,2026-03-09,0
3851,treatment,2026-03-13,0
3852,control,2026-03-07,0
3853,control,2026-03-14,0
3854,control,2026-03-10,0
3855,control,2026-03-02,0
3856,control,2026-03-09,0
3857,control,2026-03-12,0
3858,control,2026-03-13,0
3859,control,2026-03-11,0
3860,control,2026-03-03,1
3861,control,2026-03-02,0
3862,treatment,2026-03-05,1
3863,control,2026-03-02,0
3864,control,2026-03-04,0
3865,control,2026-03-06,0
3866,control,2026-03-05,1
3867,control,2026-03-11,1
3868,treatment,2026-03-04,0
3869,treatment,2026-03-15,0
3870,treatment,2026-03-06,0
3871,treatment,2026-03-05,1
3872,control,2026-03-09,0
3873,control,2026-03-15,0
3874,treatment,2026-03-12,1
3875,treatment,2026-03-15,0
3876,control,2026-03-09,0
3877,control,2026-03-03,1
3878,treatment,2026-03-10,1
3879,treatment,2026-03-05,1
3880,control,2026-03-08,0
3881,control,2026-03-06,1
3882,treatment,2026-03-15,0
3883,control,2026-03-08,1
3884,control,2026-03-10,0
3885,control,2026-03-05,1
3886,control,2026-03-10,0
3887,control,2026-03-09,1
3888,control,2026-03-08,0
3889,control,2026-03-04,0
3890,control,2026-03-07,0
3891,control,2026-03-05,0
3892,control,2026-03-10,0
3893,control,2026-03-08,0
3894,control,2026-03-11,0
3895,control,2026-03-09,1
3896,control,2026-03-06,0
3897,control,2026-03-07,0
3898,treatment,2026-03-11,1
3899,treatment,2026-03-03,0
3900,control,2026-03-02,0
3901,control,2026-03-04,1
3902,control,2026-03-04,0
3903,treatment,2026-03-10,1
3904,control,2026-03-02,0
3905,control,2026-03-05,1
3906,treatment,2026-03-05,0
3907,treatment,2026-03-03,1
3908,control,2026-03-06,1
3909,treatment,2026-03-09,0
3910,control,2026-03-04,1
3911,control,2026-03-14,0
3912,control,2026-03-15,0
3913,control,2026-03-06,0
3914,treatment,2026-03-09,0
3915,treatment,2026-03-06,0
3916,control,2026-03-15,0
3917,treatment,2026-03-03,0
3918,treatment,2026-03-05,0
3919,treatment,2026-03-12,0
3920,control,2026-03-08,0
3921,control,2026-03-05,0
3922,treatment,2026-03-07,0
3923,control,2026-03-06,0
3924,treatment,2026-03-15,1
3925,treatment,2026-03-13,1
3926,control,2026-03-06,1
3927,treatment,2026-03-14,1
3928,treatment,2026-03-05,0
3929,treatment,2026-03-04,0
3930,control,2026-03-14,0
3931,treatment,2026-03-15,0
3932,control,2026-03-06,0
3933,treatment,2026-03-15,0
3934,control,2026-03-05,1
3935,control,2026-03-03,1
3936,treatment,2026-03-10,1
3937,treatment,2026-03-09,0
3938,treatment,2026-03-06,1
3939,control,2026-03-14,0
3940,treatment,2026-03-03,1
3941,control,2026-03-13,1
3942,control,2026-03-05,0
3943,treatment,2026-03-06,0
3944,control,2026-03-09,0
3945,treatment,2026-03-08,1
3946,treatment,2026-03-09,1
3947,treatment,2026-03-08,0
3948,control,2026-03-03,0
3949,treatment,2026-03-09,0
3950,treatment,2026-03-14,1
3951,treatment,2026-03-15,0
3952,treatment,2026-03-05,1
3953,control,2026-03-15,0
3954,treatment,2026-03-09,1
3955,control,2026-03-07,0
3956,control,2026-03-14,0
3957,control,2026-03-13,0
3958,treatment,2026-03-06,0
3959,treatment,2026-03-13,1
3960,treatment,2026-03-12,0
3961,treatment,2026-03-09,1
3962,treatment,2026-03-05,0
3963,control,2026-03-05,1
3964,control,2026-03-08,1
3965,treatment,2026-03-13,0
3966,control,2026-03-15,1
3967,treatment,2026-03-08,1
3968,treatment,2026-03-14,0
3969,treatment,2026-03-14,1
3970,treatment,2026-03-02,1
3971,treatment,2026-03-09,0
3972,treatment,2026-03-07,0
3973,treatment,2026-03-13,0
3974,treatment,2026-03-08,0
3975,treatment,2026-03-14,0
3976,control,2026-03-10,1
3977,control,2026-03-12,0
3978,control,2026-03-13,1
3979,treatment,2026-03-11,1
3980,treatment,2026-03-14,1
3981,treatment,2026-03-04,1
3982,treatment,2026-03-15,1
3983,treatment,2026-03-04,0
3984,treatment,2026-03-02,0
3985,control,2026-03-12,0
3986,control,2026-03-15,1
3987,control,2026-03-09,0
3988,control,2026-03-08,0
3989,control,2026-03-06,0
3990,treatment,2026-03-12,0
3991,control,2026-03-13,0
3992,control,2026-03-07,0
3993,control,2026-03-12,0
3994,control,2026-03-06,1
3995,control,2026-03-15,1
3996,control,2026-03-12,0
3997,treatment,2026-03-12,0
3998,treatment,2026-03-05,0
3999,control,2026-03-10,0
4000,treatment,2026-03-14,0
4001,control,2026-03-06,0
4002,control,2026-03-06,1
4003,treatment,2026-03-02,1
4004,treatment,2026-03-08,1
4005,control,2026-03-14,0
4006,treatment,2026-03-15,0
4007,control,2026-03-15,1
4008,control,2026-03-02,1
4009,treatment,2026-03-11,1
4010,control,2026-03-11,1
4011,treatment,2026-03-11,1
4012,control,2026-03-02,1
4013,treatment,2026-03-08,0
4014,control,2026-03-05,0
4015,treatment,2026-03-02,0
4016,treatment,2026-03-13,1
4017,treatment,2026-03-02,0
4018,treatment,2026-03-02,1
4019,control,2026-03-07,0
4020,treatment,2026-03-07,0
4021,control,2026-03-15,0
4022,treatment,2026-03-06,1
4023,control,2026-03-13,0
4024,treatment,2026-03-08,0
4025,treatment,2026-03-04,1
4026,control,2026-03-07,0
4027,treatment,2026-03-08,1
4028,treatment,2026-03-03,0
4029,treatment,2026-03-12,0
4030,treatment,2026-03-08,0
4031,treatment,2026-03-09,0
4032,treatment,2026-03-14,1
4033,treatment,2026-03-06,0
4034,control,2026-03-11,1
4035,control,2026-03-09,0
4036,treatment,2026-03-14,1
4037,treatment,2026-03-13,0
4038,treatment,2026-03-12,0
4039,treatment,2026-03-04,0
4040,control,2026-03-15,0
4041,control,2026-03-06,0
4042,control,2026-03-08,0
4043,treatment,2026-03-11,0
4044,treatment,2026-03-07,1
4045,control,2026-03-04,1
4046,treatment,2026-03-02,0
4047,control,2026-03-14,0
4048,control,2026-03-15,0
4049,control,2026-03-02,0
4050,treatment,2026-03-05,1
4051,control,2026-03-08,1
4052,control,2026-03-02,0
4053,treatment,2026-03-03,0
4054,control,2026-03-15,1
4055,treatment,2026-03-12,1
4056,treatment,2026-03-03,1
4057,control,2026-03-14,0
4058,treatment,2026-03-10,0
4059,treatment,2026-03-07,0
4060,treatment,2026-03-06,0
4061,control,2026-03-11,0
4062,control,2026-03-14,0
4063,control,2026-03-06,1
4064,control,2026-03-05,1
4065,treatment,2026-03-05,0
4066,treatment,2026-03-11,0
4067,treatment,2026-03-15,0
4068,treatment,2026-03-09,0
4069,treatment,2026-03-10,1
4070,control,2026-03-04,0
4071,treatment,2026-03-07,1
4072,control,2026-03-10,0
4073,control,2026-03-03,1
4074,control,2026-03-12,1
4075,treatment,2026-03-02,1
4076,treatment,2026-03-14,0
4077,control,2026-03-08,0
4078,treatment,2026-03-02,0
4079,treatment,2026-03-13,1
4080,control,2026-03-08,0
4081,control,2026-03-13,0
4082,control,2026-03-02,1
4083,treatment,2026-03-04,1
4084,control,2026-03-05,0
4085,treatment,2026-03-11,0
4086,control,2026-03-04,0
4087,treatment,2026-03-07,0
4088,control,2026-03-15,0
4089,treatment,2026-03-09,0
4090,control,2026-03-06,0
4091,treatment,2026-03-06,1
4092,treatment,2026-03-11,0
4093,treatment,2026-03-11,1
4094,treatment,2026-03-13,0
4095,treatment,2026-03-02,0
4096,control,2026-03-10,1
4097,control,2026-03-11,1
4098,control,2026-03-06,0
4099,control,2026-03-04,0
4100,control,2026-03-11,0
4101,control,2026-03-08,0
4102,treatment,2026-03-11,0
4103,control,2026-03-10,0
4104,control,2026-03-12,1
4105,treatment,2026-03-07,1
4106,control,2026-03-13,0
4107,control,2026-03-10,1
4108,control,2026-03-11,0
4109,control,2026-03-06,0
4110,treatment,2026-03-06,1
4111,treatment,2026-03-08,0
4112,treatment,2026-03-02,1
4113,treatment,2026-03-03,0
4114,treatment,2026-03-13,1
4115,treatment,2026-03-06,0
4116,control,2026-03-03,0
4117,treatment,2026-03-05,1
4118,control,2026-03-07,0
4119,treatment,2026-03-06,1
4120,control,2026-03-13,0
4121,control,2026-03-11,0
4122,treatment,2026-03-03,0
4123,treatment,2026-03-09,0
4124,treatment,2026-03-12,1
4125,treatment,2026-03-10,0
4126,treatment,2026-03-03,0
4127,treatment,2026-03-05,1
4128,treatment,2026-03-12,0
4129,treatment,2026-03-08,0
4130,treatment,2026-03-04,1
4131,control,2026-03-12,1
4132,control,2026-03-09,1
4133,control,2026-03-04,0
4134,treatment,2026-03-12,1
4135,control,2026-03-07,1
4136,treatment,2026-03-15,0
4137,treatment,2026-03-06,1
4138,treatment,2026-03-02,0
4139,control,2026-03-12,0
4140,treatment,2026-03-11,0
4141,treatment,2026-03-09,1
4142,control,2026-03-08,0
4143,control,2026-03-08,1
4144,treatment,2026-03-13,0
4145,treatment,2026-03-07,0
4146,control,2026-03-07,0
4147,treatment,2026-03-15,0
4148,treatment,2026-03-08,0
4149,control,2026-03-11,0
4150,control,2026-03-05,0
4151,control,2026-03-11,0
4152,treatment,2026-03-15,0
4153,treatment,2026-03-12,1
4154,treatment,2026-03-04,1
4155,control,2026-03-13,1
4156,control,2026-03-02,0
4157,treatment,2026-03-14,0
4158,treatment,2026-03-08,0
4159,treatment,2026-03-02,1
4160,treatment,2026-03-11,1
4161,treatment,2026-03-04,0
4162,treatment,2026-03-15,0
4163,control,2026-03-14,0
4164,control,2026-03-11,1
4165,treatment,2026-03-11,0
4166,treatment,2026-03-10,0
4167,treatment,2026-03-11,0
4168,control,2026-03-13,0
4169,treatment,2026-03-13,0
4170,control,2026-03-13,0
4171,control,2026-03-06,0
4172,treatment,2026-03-14,0
4173,treatment,2026-03-06,1
4174,control,2026-03-11,0
4175,treatment,2026-03-11,0
4176,treatment,2026-03-05,1
4177,control,2026-03-04,0
4178,control,2026-03-07,0
4179,treatment,2026-03-02,0
4180,control,2026-03-03,1
4181,control,2026-03-10,0
4182,control,2026-03-03,0
4183,control,2026-03-02,0
4184,control,2026-03-03,0
4185,control,2026-03-05,1
4186,treatment,2026-03-11,1
4187,treatment,2026-03-11,0
4188,treatment,2026-03-07,0
4189,treatment,2026-03-06,0
4190,treatment,2026-03-15,1
4191,control,2026-03-12,1
4192,treatment,2026-03-09,1
4193,treatment,2026-03-13,0
4194,treatment,2026-03-12,0
4195,treatment,2026-03-10,0
4196,control,2026-03-14,0
4197,control,2026-03-07,0
4198,treatment,2026-03-07,1
4199,treatment,2026-03-12,0
4200,control,2026-03-04,1
4201,control,2026-03-06,0
4202,control,2026-03-10,1
4203,control,2026-03-07,0
4204,control,2026-03-07,0
4205,control,2026-03-02,0
4206,treatment,2026-03-15,0
4207,control,2026-03-02,1
4208,control,2026-03-06,0
4209,control,2026-03-09,0
4210,treatment,2026-03-15,0
4211,treatment,2026-03-11,0
4212,control,2026-03-07,0
4213,treatment,2026-03-09,0
4214,control,2026-03-03,0
4215,treatment,2026-03-10,0
4216,treatment,2026-03-05,0
4217,control,2026-03-07,0
4218,control,2026-03-08,1
4219,control,2026-03-09,0
4220,treatment,2026-03-05,0
4221,treatment,2026-03-02,0
4222,control,2026-03-11,1
4223,treatment,2026-03-09,0
4224,control,2026-03-02,1
4225,treatment,2026-03-02,0
4226,control,2026-03-02,1
4227,control,2026-03-14,0
4228,control,2026-03-11,0
4229,control,2026-03-14,0
4230,treatment,2026-03-13,0
4231,treatment,2026-03-15,1
4232,treatment,2026-03-11,0
4233,control,2026-03-08,1
4234,control,2026-03-05,1
4235,treatment,2026-03-13,0
4236,treatment,2026-03-13,1
4237,control,2026-03-05,0
4238,treatment,2026-03-10,1
4239,treatment,2026-03-03,0
4240,control,2026-03-03,0
4241,treatment,2026-03-07,1
4242,control,2026-03-08,0
4243,control,2026-03-03,0
4244,control,2026-03-05,0
4245,control,2026-03-15,1
4246,treatment,2026-03-12,1
4247,treatment,2026-03-08,0
4248,treatment,2026-03-12,0
4249,control,2026-03-02,0
4250,treatment,2026-03-05,0
4251,treatment,2026-03-13,1
4252,treatment,2026-03-11,1
4253,control,2026-03-04,1
4254,control,2026-03-14,0
4255,control,2026-03-13,0
4256,treatment,2026-03-10,0
4257,control,2026-03-09,1
4258,control,2026-03-06,0
4259,treatment,2026-03-02,0
4260,control,2026-03-04,0
4261,control,2026-03-13,1
4262,control,2026-03-04,0
4263,treatment,2026-03-14,0
4264,control,2026-03-04,0
4265,treatment,2026-03-14,0
4266,treatment,2026-03-09,0
4267,control,2026-03-07,0
4268,control,2026-03-02,1
4269,treatment,2026-03-09,0
4270,treatment,2026-03-14,0
4271,control,2026-03-03,0
4272,control,2026-03-04,1
4273,treatment,2026-03-02,0
4274,control,2026-03-10,0
4275,treatment,2026-03-12,0
4276,treatment,2026-03-03,0
4277,control,2026-03-04,1
4278,control,2026-03-09,1
4279,control,2026-03-05,0
4280,treatment,2026-03-05,0
4281,control,2026-03-09,1
4282,control,2026-03-13,0
4283,control,2026-03-12,0
4284,control,2026-03-08,1
4285,control,2026-03-14,0
4286,treatment,2026-03-06,1
4287,treatment,2026-03-10,0
4288,treatment,2026-03-02,0
4289,treatment,2026-03-05,1
4290,treatment,2026-03-04,1
4291,control,2026-03-06,1
4292,control,2026-03-10,1
4293,control,2026-03-12,1
4294,treatment,2026-03-14,1
4295,control,2026-03-07,0
4296,treatment,2026-03-09,1
4297,treatment,2026-03-09,0
4298,treatment,2026-03-14,0
4299,control,2026-03-05,1
4300,control,2026-03-04,0
4301,control,2026-03-13,0
4302,control,2026-03-13,1
4303,control,2026-03-06,0
4304,treatment,2026-03-07,1
4305,treatment,2026-03-15,0
4306,control,2026-03-03,0
4307,treatment,2026-03-08,1
4308,treatment,2026-03-13,0
4309,treatment,2026-03-11,1
4310,control,2026-03-12,0
4311,control,2026-03-12,0
4312,treatment,2026-03-06,0
4313,control,2026-03-02,0
4314,control,2026-03-08,0
4315,treatment,2026-03-03,1
4316,control,2026-03-03,0
4317,control,2026-03-13,0
4318,treatment,2026-03-03,1
4319,treatment,2026-03-07,0
4320,control,2026-03-06,0
4321,control,2026-03-03,0
4322,treatment,2026-03-02,1
4323,treatment,2026-03-12,0
4324,control,2026-03-14,0
4325,treatment,2026-03-14,0
4326,control,2026-03-14,0
4327,control,2026-03-15,0
4328,control,2026-03-05,0
4329,treatment,2026-03-12,0
4330,treatment,2026-03-15,1
4331,treatment,2026-03-13,0
4332,control,2026-03-04,0
4333,control,2026-03-13,1
4334,treatment,2026-03-12,0
4335,control,2026-03-07,1
4336,treatment,2026-03-08,1
4337,control,2026-03-15,0
4338,control,2026-03-10,0
4339,treatment,2026-03-11,0
4340,treatment,2026-03-05,0
4341,treatment,2026-03-07,1
4342,control,2026-03-15,0
4343,control,2026-03-02,1
4344,control,2026-03-03,1
4345,control,2026-03-13,1
4346,treatment,2026-03-05,1
4347,control,2026-03-07,0
4348,control,2026-03-06,0
4349,treatment,2026-03-15,0
4350,control,2026-03-09,1
4351,control,2026-03-09,1
4352,control,2026-03-14,0
4353,control,2026-03-12,0
4354,control,2026-03-14,0
4355,control,2026-03-14,1
4356,control,2026-03-15,1
4357,control,2026-03-04,0
4358,control,2026-03-05,1
4359,control,2026-03-05,0
4360,treatment,2026-03-03,0
4361,treatment,2026-03-09,1
4362,treatment,2026-03-07,0
4363,control,2026-03-12,1
4364,control,2026-03-05,0
4365,control,2026-03-07,0
4366,control,2026-03-11,1
4367,control,2026-03-14,1
4368,treatment,2026-03-05,0
4369,control,2026-03-06,0
4370,control,2026-03-06,1
4371,treatment,2026-03-10,1
4372,control,2026-03-06,1
4373,control,2026-03-15,0
4374,control,2026-03-09,1
4375,control,2026-03-08,0
4376,treatment,2026-03-08,1
4377,treatment,2026-03-03,1
4378,control,2026-03-08,1
4379,control,2026-03-15,0
4380,treatment,2026-03-02,0
4381,treatment,2026-03-07,0
4382,control,2026-03-04,1
4383,treatment,2026-03-13,1
4384,control,2026-03-14,0
4385,treatment,2026-03-11,1
4386,treatment,2026-03-07,1
4387,control,2026-03-11,0
4388,treatment,2026-03-04,0
4389,treatment,2026-03-06,0
4390,treatment,2026-03-05,1
4391,treatment,2026-03-08,0
4392,control,2026-03-07,0
4393,treatment,2026-03-02,1
4394,control,2026-03-03,0
4395,treatment,2026-03-08,1
4396,treatment,2026-03-04,0
4397,control,2026-03-14,0
4398,control,2026-03-12,0
4399,treatment,2026-03-13,1
4400,treatment,2026-03-11,1
4401,treatment,2026-03-03,1
4402,treatment,2026-03-14,0
4403,treatment,2026-03-07,0
4404,treatment,2026-03-04,0
4405,treatment,2026-03-11,0
4406,control,2026-03-07,0
4407,control,2026-03-05,0
4408,treatment,2026-03-15,0
4409,treatment,2026-03-06,1
4410,treatment,2026-03-05,0
4411,treatment,2026-03-08,0
4412,treatment,2026-03-11,0
4413,control,2026-03-06,0
4414,control,2026-03-03,1
4415,treatment,2026-03-12,0
4416,control,2026-03-11,0
4417,treatment,2026-03-04,1
4418,control,2026-03-08,1
4419,control,2026-03-15,0
4420,treatment,2026-03-13,1
4421,control,2026-03-05,0
4422,treatment,2026-03-15,1
4423,treatment,2026-03-06,1
4424,control,2026-03-12,0
4425,treatment,2026-03-10,0
4426,treatment,2026-03-06,1
4427,treatment,2026-03-11,1
4428,control,2026-03-13,0
4429,treatment,2026-03-05,0
4430,treatment,2026-03-10,1
4431,control,2026-03-04,1
4432,treatment,2026-03-09,1
4433,control,2026-03-06,0
4434,treatment,2026-03-04,0
4435,control,2026-03-02,1
4436,control,2026-03-09,0
4437,treatment,2026-03-05,0
4438,control,2026-03-11,0
4439,treatment,2026-03-13,0
4440,control,2026-03-05,0
4441,treatment,2026-03-05,0
4442,treatment,2026-03-11,0
4443,control,2026-03-15,0
4444,treatment,2026-03-03,1
4445,control,2026-03-05,0
4446,treatment,2026-03-09,0
4447,control,2026-03-06,1
4448,control,2026-03-08,0
4449,control,2026-03-08,0
4450,control,2026-03-08,1
4451,control,2026-03-12,0
4452,treatment,2026-03-12,1
4453,treatment,2026-03-12,0
4454,control,2026-03-15,1
4455,control,2026-03-13,1
4456,control,2026-03-02,1
4457,treatment,2026-03-09,1
4458,control,2026-03-14,0
4459,control,2026-03-09,1
4460,treatment,2026-03-05,0
4461,control,2026-03-05,0
4462,control,2026-03-14,1
4463,treatment,2026-03-12,1
4464,treatment,2026-03-10,0
4465,control,2026-03-08,0
4466,control,2026-03-12,0
4467,control,2026-03-02,0
4468,treatment,2026-03-03,1
4469,treatment,2026-03-06,1
4470,control,2026-03-13,1
4471,treatment,2026-03-08,1
4472,control,2026-03-10,0
4473,control,2026-03-04,1
4474,treatment,2026-03-08,1
4475,control,2026-03-04,1
4476,control,2026-03-15,0
4477,treatment,2026-03-05,0
4478,control,2026-03-07,1
4479,control,2026-03-06,0
4480,treatment,2026-03-04,0
4481,treatment,2026-03-03,1
4482,control,2026-03-05,0
4483,control,2026-03-14,0
4484,control,2026-03-03,0
4485,control,2026-03-04,0
4486,control,2026-03-15,0
4487,control,2026-03-02,1
4488,treatment,2026-03-05,1
4489,control,2026-03-14,1
4490,control,2026-03-14,0
4491,treatment,2026-03-13,1
4492,treatment,2026-03-12,0
4493,treatment,2026-03-06,0
4494,control,2026-03-02,1
4495,treatment,2026-03-04,1
4496,treatment,2026-03-13,1
4497,treatment,2026-03-12,0
4498,treatment,2026-03-12,0
4499,treatment,2026-03-08,0
4500,treatment,2026-03-02,0
4501,treatment,2026-03-03,1
4502,control,2026-03-13,1
4503,control,2026-03-13,1
4504,treatment,2026-03-06,0
4505,treatment,2026-03-11,1
4506,control,2026-03-04,0
4507,treatment,2026-03-06,0
4508,control,2026-03-13,0
4509,treatment,2026-03-08,1
4510,treatment,2026-03-14,1
4511,control,2026-03-03,1
4512,treatment,2026-03-14,0
4513,treatment,2026-03-14,0
4514,treatment,2026-03-15,1
4515,treatment,2026-03-03,1
4516,treatment,2026-03-08,1
4517,treatment,2026-03-14,0
4518,control,2026-03-06,0
4519,control,2026-03-05,0
4520,control,2026-03-02,0
4521,control,2026-03-03,0
4522,treatment,2026-03-08,1
4523,control,2026-03-11,1
4524,treatment,2026-03-07,0
4525,treatment,2026-03-02,0
4526,control,2026-03-10,1
4527,control,2026-03-09,0
4528,control,2026-03-05,1
4529,control,2026-03-07,0
4530,control,2026-03-06,0
4531,control,2026-03-11,0
4532,treatment,2026-03-13,0
4533,treatment,2026-03-14,0
4534,treatment,2026-03-02,1
4535,treatment,2026-03-02,0
4536,treatment,2026-03-14,0
4537,treatment,2026-03-13,1
4538,control,2026-03-14,1
4539,treatment,2026-03-10,0
4540,treatment,2026-03-12,0
4541,treatment,2026-03-14,0
4542,control,2026-03-14,1
4543,control,2026-03-03,0
4544,control,2026-03-09,0
4545,control,2026-03-11,1
4546,control,2026-03-07,0
4547,control,2026-03-14,0
4548,control,2026-03-04,0
4549,control,2026-03-04,0
4550,treatment,2026-03-10,0
4551,control,2026-03-02,0
4552,control,2026-03-11,0
4553,control,2026-03-07,0
4554,control,2026-03-05,0
4555,treatment,2026-03-07,0
4556,treatment,2026-03-08,1
4557,treatment,2026-03-07,0
4558,treatment,2026-03-07,0
4559,control,2026-03-09,0
4560,treatment,2026-03-09,0
4561,control,2026-03-03,1
4562,treatment,2026-03-10,1
4563,control,2026-03-07,0
4564,control,2026-03-05,0
4565,control,2026-03-05,0
4566,treatment,2026-03-04,1
4567,control,2026-03-10,1
4568,treatment,2026-03-15,0
4569,control,2026-03-11,0
4570,treatment,2026-03-08,0
4571,treatment,2026-03-10,1
4572,treatment,2026-03-02,1
4573,control,2026-03-12,1
4574,control,2026-03-02,0
4575,control,2026-03-02,0
4576,control,2026-03-02,0
4577,control,2026-03-03,0
4578,treatment,2026-03-02,1
4579,treatment,2026-03-10,0
4580,control,2026-03-02,0
4581,treatment,2026-03-14,0
4582,treatment,2026-03-07,0
4583,control,2026-03-07,0
4584,control,2026-03-12,1
4585,treatment,2026-03-02,0
4586,control,2026-03-05,0
4587,control,2026-03-12,0
4588,control,2026-03-14,1
4589,control,2026-03-05,0
4590,treatment,2026-03-12,0
4591,control,2026-03-15,0
4592,control,2026-03-10,0
4593,treatment,2026-03-05,0
4594,control,2026-03-15,0
4595,control,2026-03-02,0
4596,treatment,2026-03-10,0
4597,control,2026-03-07,0
4598,treatment,2026-03-03,1
4599,treatment,2026-03-03,1
4600,control,2026-03-02,0
4601,treatment,2026-03-05,0
4602,control,2026-03-11,0
4603,treatment,2026-03-14,0
4604,control,2026-03-14,0
4605,control,2026-03-03,0
4606,control,2026-03-05,0
4607,control,2026-03-03,1
4608,control,2026-03-09,0
4609,control,2026-03-08,0
4610,control,2026-03-13,0
4611,control,2026-03-11,1
4612,control,2026-03-05,1
4613,treatment,2026-03-15,0
4614,treatment,2026-03-13,0
4615,control,2026-03-02,1
4616,treatment,2026-03-13,0
4617,treatment,2026-03-13,0
4618,control,2026-03-07,0
4619,control,2026-03-06,0
4620,treatment,2026-03-02,0
4621,control,2026-03-15,1
4622,treatment,2026-03-11,1
4623,control,2026-03-02,0
4624,control,2026-03-05,0
4625,treatment,2026-03-11,0
4626,control,2026-03-05,1
4627,control,2026-03-14,0
4628,control,2026-03-02,1
4629,treatment,2026-03-03,1
4630,treatment,2026-03-15,0
4631,treatment,2026-03-06,0
4632,treatment,2026-03-09,0
4633,treatment,2026-03-02,0
4634,treatment,2026-03-12,1
4635,control,2026-03-05,0
4636,control,2026-03-02,0
4637,control,2026-03-07,1
4638,treatment,2026-03-11,0
4639,control,2026-03-07,1
4640,treatment,2026-03-08,1
4641,treatment,2026-03-02,0
4642,treatment,2026-03-11,0
4643,treatment,2026-03-09,0
4644,control,2026-03-04,1
4645,control,2026-03-07,1
4646,treatment,2026-03-05,0
4647,treatment,2026-03-02,0
4648,control,2026-03-09,1
4649,control,2026-03-11,0
4650,treatment,2026-03-06,0
4651,treatment,2026-03-05,0
4652,treatment,2026-03-09,1
4653,treatment,2026-03-15,0
4654,control,2026-03-08,1
4655,treatment,2026-03-08,1
4656,treatment,2026-03-08,1
4657,treatment,2026-03-06,0
4658,control,2026-03-13,1
4659,treatment,2026-03-08,0
4660,control,2026-03-09,1
4661,control,2026-03-10,0
4662,treatment,2026-03-07,0
4663,control,2026-03-06,0
4664,treatment,2026-03-03,1
4665,treatment,2026-03-15,0
4666,control,2026-03-05,0
4667,treatment,2026-03-06,1
4668,control,2026-03-14,0
4669,control,2026-03-06,0
4670,control,2026-03-03,0
4671,treatment,2026-03-05,0
4672,control,2026-03-03,0
4673,treatment,2026-03-02,1
4674,control,2026-03-11,0
4675,control,2026-03-02,1
4676,control,2026-03-03,1
4677,control,2026-03-07,0
4678,control,2026-03-05,0
4679,treatment,2026-03-02,1
4680,control,2026-03-07,1
4681,control,2026-03-12,1
4682,control,2026-03-15,1
4683,control,2026-03-13,0
4684,control,2026-03-06,1
4685,treatment,2026-03-09,0
4686,control,2026-03-14,0
4687,treatment,2026-03-13,1
4688,control,2026-03-03,0
4689,treatment,2026-03-13,1
4690,treatment,2026-03-13,1
4691,control,2026-03-12,1
4692,control,2026-03-06,0
4693,control,2026-03-15,1
4694,treatment,2026-03-14,0
4695,control,2026-03-09,0
4696,control,2026-03-13,1
4697,treatment,2026-03-11,0
4698,control,2026-03-09,1
4699,treatment,2026-03-02,1
4700,treatment,2026-03-14,0
4701,treatment,2026-03-10,1
4702,treatment,2026-03-08,0
4703,treatment,2026-03-06,1
4704,control,2026-03-07,1
4705,treatment,2026-03-02,1
4706,treatment,2026-03-04,0
4707,treatment,2026-03-11,1
4708,control,2026-03-06,1
4709,treatment,2026-03-09,0
4710,control,2026-03-06,1
4711,control,2026-03-07,1
4712,control,2026-03-09,1
4713,control,2026-03-10,1
4714,control,2026-03-06,0
4715,control,2026-03-09,0
4716,control,2026-03-10,0
4717,control,2026-03-06,0
4718,control,2026-03-09,1
4719,treatment,2026-03-15,0
4720,control,2026-03-06,1
4721,control,2026-03-14,1
4722,treatment,2026-03-09,0
4723,control,2026-03-09,0
4724,control,2026-03-02,0
4725,treatment,2026-03-03,0
4726,control,2026-03-03,0
4727,control,2026-03-07,1
4728,control,2026-03-02,1
4729,control,2026-03-03,0
4730,control,2026-03-11,0
4731,treatment,2026-03-11,0
4732,control,2026-03-04,0
4733,control,2026-03-09,0
4734,treatment,2026-03-09,1
4735,control,2026-03-02,0
4736,treatment,2026-03-14,0
4737,control,2026-03-11,1
4738,control,2026-03-06,0
4739,control,2026-03-13,0
4740,control,2026-03-12,0
4741,treatment,2026-03-07,1
4742,control,2026-03-06,0
4743,control,2026-03-04,1
4744,treatment,2026-03-06,1
4745,control,2026-03-14,0
4746,control,2026-03-10,1
4747,treatment,2026-03-02,0
4748,control,2026-03-10,0
4749,control,2026-03-13,0
4750,treatment,2026-03-07,1
4751,control,2026-03-09,1
4752,treatment,2026-03-04,1
4753,treatment,2026-03-13,0
4754,control,2026-03-11,0
4755,treatment,2026-03-08,1
4756,treatment,2026-03-08,1
4757,treatment,2026-03-07,0
4758,treatment,2026-03-09,1
4759,treatment,2026-03-09,1
4760,control,2026-03-04,0
4761,control,2026-03-11,1
4762,treatment,2026-03-04,1
4763,treatment,2026-03-07,0
4764,control,2026-03-07,0
4765,treatment,2026-03-03,0
4766,treatment,2026-03-06,1
4767,treatment,2026-03-15,1
4768,treatment,2026-03-14,0
4769,control,2026-03-05,0
4770,treatment,2026-03-09,1
4771,control,2026-03-14,0
4772,treatment,2026-03-09,0
4773,control,2026-03-07,1
4774,control,2026-03-06,0
4775,treatment,2026-03-03,0
4776,treatment,2026-03-14,1
4777,control,2026-03-10,1
4778,control,2026-03-11,0
4779,treatment,2026-03-06,0
4780,treatment,2026-03-08,0
4781,control,2026-03-15,0
4782,control,2026-03-02,0
4783,control,2026-03-14,1
4784,control,2026-03-08,1
4785,control,2026-03-05,0
4786,treatment,2026-03-06,0
4787,treatment,2026-03-04,0
4788,control,2026-03-13,1
4789,control,2026-03-02,0
4790,treatment,2026-03-15,1
4791,control,2026-03-09,1
4792,treatment,2026-03-03,0
4793,treatment,2026-03-15,0
4794,treatment,2026-03-11,0
4795,treatment,2026-03-13,0
4796,control,2026-03-14,0
4797,treatment,2026-03-13,0
4798,treatment,2026-03-10,1
4799,control,2026-03-13,0
4800,treatment,2026-03-14,1
4801,control,2026-03-15,0
4802,control,2026-03-08,1
4803,control,2026-03-06,0
4804,control,2026-03-07,0
4805,treatment,2026-03-03,0
4806,treatment,2026-03-04,0
4807,control,2026-03-08,1
4808,treatment,2026-03-04,1
4809,treatment,2026-03-14,0
4810,control,2026-03-04,1
4811,control,2026-03-11,0
4812,control,2026-03-06,0
4813,treatment,2026-03-12,1
4814,treatment,2026-03-06,1
4815,control,2026-03-05,0
4816,treatment,2026-03-10,1
4817,control,2026-03-13,0
4818,treatment,2026-03-08,1
4819,treatment,2026-03-15,0
4820,control,2026-03-05,1
4821,control,2026-03-03,1
4822,treatment,2026-03-02,1
4823,control,2026-03-03,1
4824,control,2026-03-05,1
4825,control,2026-03-05,0
4826,treatment,2026-03-06,1
4827,control,2026-03-14,1
4828,treatment,2026-03-03,0
4829,control,2026-03-03,0
4830,control,2026-03-07,1
4831,treatment,2026-03-02,1
4832,control,2026-03-03,1
4833,control,2026-03-15,1
4834,control,2026-03-07,0
4835,treatment,2026-03-13,0
4836,control,2026-03-02,1
4837,treatment,2026-03-02,0
4838,treatment,2026-03-10,0
4839,treatment,2026-03-08,1
4840,control,2026-03-13,1
4841,control,2026-03-08,0
4842,control,2026-03-10,1
4843,control,2026-03-13,0
4844,control,2026-03-15,0
4845,treatment,2026-03-07,1
4846,treatment,2026-03-14,0
4847,control,2026-03-15,0
4848,control,2026-03-15,0
4849,treatment,2026-03-12,0
4850,control,2026-03-13,0
4851,treatment,2026-03-02,0
4852,control,2026-03-07,1
4853,treatment,2026-03-13,0
4854,treatment,2026-03-02,0
4855,treatment,2026-03-14,0
4856,control,2026-03-14,1
4857,control,2026-03-14,1
4858,control,2026-03-02,1
4859,treatment,2026-03-08,0
4860,treatment,2026-03-06,1
4861,treatment,2026-03-02,0
4862,treatment,2026-03-14,0
4863,treatment,2026-03-13,0
4864,control,2026-03-04,0
4865,treatment,2026-03-03,0
4866,control,2026-03-11,0
4867,treatment,2026-03-06,0
4868,control,2026-03-13,0
4869,treatment,2026-03-09,1
4870,treatment,2026-03-10,0
4871,control,2026-03-02,1
4872,treatment,2026-03-04,0
4873,treatment,2026-03-02,0
4874,treatment,2026-03-13,0
4875,treatment,2026-03-09,0
4876,treatment,2026-03-15,1
4877,treatment,2026-03-08,0
4878,treatment,2026-03-10,0
4879,treatment,2026-03-11,0
4880,control,2026-03-05,0
4881,treatment,2026-03-03,0
4882,treatment,2026-03-06,0
4883,control,2026-03-03,0
4884,control,2026-03-11,1
4885,treatment,2026-03-15,0
4886,control,2026-03-13,0
4887,treatment,2026-03-13,0
4888,control,2026-03-09,0
4889,treatment,2026-03-13,1
4890,control,2026-03-07,0
4891,treatment,2026-03-07,0
4892,treatment,2026-03-06,0
4893,control,2026-03-08,0
4894,treatment,2026-03-15,1
4895,treatment,2026-03-13,0
4896,control,2026-03-03,1
4897,treatment,2026-03-06,1
4898,control,2026-03-11,1
4899,treatment,2026-03-06,0
4900,treatment,2026-03-03,1
4901,control,2026-03-03,1
4902,treatment,2026-03-03,1
4903,control,2026-03-04,0
4904,control,2026-03-05,0
4905,treatment,2026-03-10,0
4906,control,2026-03-06,0
4907,treatment,2026-03-09,0
4908,control,2026-03-09,0
4909,control,2026-03-10,1
4910,treatment,2026-03-09,1
4911,treatment,2026-03-02,0
4912,control,2026-03-13,1
4913,treatment,2026-03-04,0
4914,treatment,2026-03-11,0
4915,control,2026-03-15,0
4916,treatment,2026-03-03,1
4917,treatment,2026-03-11,0
4918,control,2026-03-11,0
4919,treatment,2026-03-06,1
4920,treatment,2026-03-02,0
4921,control,2026-03-14,0
4922,treatment,2026-03-10,0
4923,control,2026-03-09,0
4924,treatment,2026-03-02,0
4925,control,2026-03-02,0
4926,control,2026-03-02,1
4927,control,2026-03-14,0
4928,treatment,2026-03-09,0
4929,control,2026-03-07,1
4930,treatment,2026-03-05,1
4931,control,2026-03-09,0
4932,treatment,2026-03-08,1
4933,control,2026-03-05,0
4934,control,2026-03-04,1
4935,control,2026-03-02,0
4936,control,2026-03-13,0
4937,control,2026-03-05,1
4938,treatment,2026-03-10,1
4939,treatment,2026-03-15,0
4940,treatment,2026-03-06,0
4941,control,2026-03-04,0
4942,treatment,2026-03-05,1
4943,control,2026-03-15,1
4944,control,2026-03-13,1
4945,treatment,2026-03-03,0
4946,treatment,2026-03-15,1
4947,treatment,2026-03-03,0
4948,control,2026-03-09,0
4949,treatment,2026-03-03,0
4950,treatment,2026-03-09,1
4951,control,2026-03-10,0
4952,treatment,2026-03-09,0
4953,control,2026-03-11,0
4954,control,2026-03-15,0
4955,treatment,2026-03-03,0
4956,control,2026-03-06,0
4957,treatment,2026-03-05,0
4958,control,2026-03-10,1
4959,control,2026-03-13,1
4960,treatment,2026-03-02,0
4961,control,2026-03-08,0
4962,control,2026-03-13,1
4963,treatment,2026-03-09,0
4964,treatment,2026-03-13,0
4965,treatment,2026-03-10,0
4966,control,2026-03-11,1
4967,control,2026-03-15,0
4968,treatment,2026-03-10,1
4969,treatment,2026-03-04,0
4970,treatment,2026-03-03,1
4971,treatment,2026-03-04,0
4972,control,2026-03-11,0
4973,treatment,2026-03-02,1
4974,control,2026-03-08,0
4975,control,2026-03-14,0
4976,treatment,2026-03-14,0
4977,treatment,2026-03-15,1
4978,treatment,2026-03-10,0
4979,control,2026-03-04,0
4980,treatment,2026-03-14,0
4981,control,2026-03-07,0
4982,control,2026-03-13,1
4983,treatment,2026-03-15,0
4984,treatment,2026-03-15,1
4985,control,2026-03-03,0
4986,treatment,2026-03-06,0
4987,treatment,2026-03-09,0
4988,treatment,2026-03-02,0
4989,treatment,2026-03-07,0
4990,treatment,2026-03-03,0
4991,treatment,2026-03-07,0
4992,control,2026-03-10,0
4993,treatment,2026-03-05,0
4994,control,2026-03-09,0
4995,control,2026-03-02,1
4996,control,2026-03-14,0
4997,treatment,2026-03-07,0
4998,treatment,2026-03-15,1
4999,control,2026-03-04,0
5000,control,2026-03-02,1
5001,treatment,2026-03-11,1
5002,control,2026-03-09,1
5003,treatment,2026-03-09,0
5004,treatment,2026-03-09,0
5005,treatment,2026-03-08,1
5006,control,2026-03-13,0
5007,treatment,2026-03-02,0
5008,control,2026-03-07,1
5009,control,2026-03-04,0
5010,treatment,2026-03-10,0
5011,treatment,2026-03-12,0
5012,treatment,2026-03-04,0
5013,treatment,2026-03-04,0
5014,control,2026-03-10,0
5015,treatment,2026-03-03,1
5016,control,2026-03-07,0
5017,treatment,2026-03-09,0
5018,control,2026-03-06,0
5019,control,2026-03-05,0
5020,treatment,2026-03-05,0
5021,treatment,2026-03-06,1
5022,treatment,2026-03-03,1
5023,treatment,2026-03-08,1
5024,control,2026-03-09,0
5025,control,2026-03-04,0
5026,control,2026-03-10,0
5027,control,2026-03-09,0
5028,treatment,2026-03-08,0
5029,treatment,2026-03-05,0
5030,treatment,2026-03-04,1
5031,treatment,2026-03-11,0
5032,treatment,2026-03-02,0
5033,control,2026-03-08,1
5034,control,2026-03-13,1
5035,control,2026-03-13,0
5036,control,2026-03-14,0
5037,treatment,2026-03-02,0
5038,treatment,2026-03-12,0
5039,treatment,2026-03-06,1
5040,treatment,2026-03-05,0
5041,treatment,2026-03-08,1
5042,control,2026-03-15,1
5043,control,2026-03-03,0
5044,treatment,2026-03-06,0
5045,treatment,2026-03-12,1
5046,treatment,2026-03-08,1
5047,control,2026-03-12,1
5048,treatment,2026-03-08,0
5049,treatment,2026-03-04,1
5050,control,2026-03-08,0
5051,treatment,2026-03-14,0
5052,control,2026-03-08,0
5053,treatment,2026-03-06,1
5054,control,2026-03-05,1
5055,treatment,2026-03-03,0
5056,treatment,2026-03-15,1
5057,treatment,2026-03-06,0
5058,control,2026-03-13,0
5059,control,2026-03-11,0
5060,treatment,2026-03-08,0
5061,control,2026-03-11,1
5062,control,2026-03-10,1
5063,treatment,2026-03-15,1
5064,control,2026-03-14,0
5065,treatment,2026-03-03,0
5066,control,2026-03-10,0
5067,treatment,2026-03-05,0
5068,control,2026-03-10,0
5069,treatment,2026-03-09,1
5070,control,2026-03-15,0
5071,control,2026-03-06,0
5072,control,2026-03-06,1
5073,treatment,2026-03-05,1
5074,treatment,2026-03-07,1
5075,treatment,2026-03-06,0
5076,treatment,2026-03-10,0
5077,treatment,2026-03-02,0
5078,control,2026-03-08,0
5079,treatment,2026-03-05,1
5080,treatment,2026-03-03,0
5081,control,2026-03-12,1
5082,treatment,2026-03-07,1
5083,treatment,2026-03-09,1
5084,treatment,2026-03-04,0
5085,control,2026-03-15,1
5086,treatment,2026-03-13,1
5087,control,2026-03-04,0
5088,control,2026-03-06,1
5089,treatment,2026-03-14,0
5090,treatment,2026-03-07,0
5091,control,2026-03-14,0
5092,control,2026-03-13,0
5093,treatment,2026-03-13,1
5094,treatment,2026-03-05,1
5095,control,2026-03-14,1
5096,treatment,2026-03-04,1
5097,treatment,2026-03-15,1
5098,control,2026-03-02,0
5099,control,2026-03-02,1
5100,treatment,2026-03-05,1
5101,treatment,2026-03-12,0
5102,treatment,2026-03-12,0
5103,control,2026-03-10,1
5104,treatment,2026-03-04,1
5105,control,2026-03-03,0
5106,control,2026-03-04,0
5107,treatment,2026-03-10,0
5108,treatment,2026-03-11,1
5109,control,2026-03-07,0
5110,control,2026-03-10,0
5111,control,2026-03-05,0
5112,control,2026-03-09,0
5113,control,2026-03-07,0
5114,control,2026-03-06,0
5115,treatment,2026-03-13,0
5116,control,2026-03-03,0
5117,treatment,2026-03-09,0
5118,treatment,2026-03-14,1
5119,treatment,2026-03-08,1
5120,treatment,2026-03-05,0
5121,control,2026-03-12,0
5122,treatment,2026-03-08,0
5123,treatment,2026-03-14,0
5124,control,2026-03-03,1
5125,control,2026-03-12,0
5126,control,2026-03-15,0
5127,treatment,2026-03-10,0
5128,control,2026-03-09,0
5129,control,2026-03-06,0
5130,control,2026-03-12,0
5131,treatment,2026-03-11,0
5132,control,2026-03-05,0
5133,control,2026-03-11,1
5134,treatment,2026-03-02,1
5135,treatment,2026-03-07,1
5136,control,2026-03-11,0
5137,treatment,2026-03-15,0
5138,control,2026-03-06,0
5139,treatment,2026-03-08,0
5140,treatment,2026-03-12,0
5141,treatment,2026-03-15,0
5142,control,2026-03-08,0
5143,control,2026-03-04,0
5144,control,2026-03-10,0
5145,control,2026-03-06,0
5146,treatment,2026-03-14,0
5147,treatment,2026-03-04,0
5148,treatment,2026-03-06,0
5149,control,2026-03-06,0
5150,treatment,2026-03-13,1
5151,treatment,2026-03-14,0
5152,treatment,2026-03-04,1
5153,treatment,2026-03-04,0
5154,control,2026-03-07,0
5155,control,2026-03-08,0
5156,control,2026-03-13,1
5157,control,2026-03-05,1
5158,treatment,2026-03-03,1
5159,treatment,2026-03-09,0
5160,treatment,2026-03-15,1
5161,control,2026-03-03,1
5162,control,2026-03-15,0
5163,control,2026-03-08,0
5164,control,2026-03-05,1
5165,treatment,2026-03-07,0
5166,control,2026-03-02,0
5167,control,2026-03-03,0
5168,treatment,2026-03-06,0
5169,treatment,2026-03-10,1
5170,treatment,2026-03-12,1
5171,treatment,2026-03-15,0
5172,control,2026-03-05,1
5173,treatment,2026-03-11,0
5174,treatment,2026-03-09,0
5175,control,2026-03-08,0
5176,treatment,2026-03-05,0
5177,treatment,2026-03-04,0
5178,treatment,2026-03-09,0
5179,control,2026-03-11,0
5180,control,2026-03-11,0
5181,treatment,2026-03-06,0
5182,control,2026-03-06,0
5183,control,2026-03-12,1
5184,treatment,2026-03-12,0
5185,treatment,2026-03-10,0
5186,control,2026-03-06,0
5187,control,2026-03-15,0
5188,treatment,2026-03-08,1
5189,control,2026-03-02,0
5190,treatment,2026-03-09,0
5191,treatment,2026-03-04,0
5192,treatment,2026-03-14,1
5193,control,2026-03-06,0
5194,treatment,2026-03-06,0
5195,treatment,2026-03-06,1
5196,control,2026-03-10,1
5197,control,2026-03-06,0
5198,control,2026-03-12,0
5199,treatment,2026-03-04,0
5200,control,2026-03-02,1
5201,control,2026-03-05,1
5202,control,2026-03-03,0
5203,treatment,2026-03-10,0
5204,control,2026-03-03,1
5205,treatment,2026-03-03,0
5206,control,2026-03-15,0
5207,treatment,2026-03-12,0
5208,treatment,2026-03-11,1
5209,treatment,2026-03-10,0
5210,treatment,2026-03-15,0
5211,control,2026-03-05,0
5212,control,2026-03-09,0
5213,control,2026-03-11,1
5214,treatment,2026-03-13,0
5215,treatment,2026-03-07,0
5216,control,2026-03-13,0
5217,treatment,2026-03-07,1
5218,control,2026-03-14,0
5219,treatment,2026-03-03,1
5220,treatment,2026-03-03,1
5221,control,2026-03-07,1
5222,control,2026-03-06,0
5223,treatment,2026-03-10,1
5224,treatment,2026-03-04,1
5225,treatment,2026-03-13,0
5226,control,2026-03-05,0
5227,treatment,2026-03-15,0
5228,treatment,2026-03-09,1
5229,control,2026-03-02,0
5230,control,2026-03-10,0
5231,treatment,2026-03-03,0
5232,treatment,2026-03-12,0
5233,control,2026-03-06,0
5234,control,2026-03-07,0
5235,treatment,2026-03-06,1
5236,control,2026-03-06,1
5237,control,2026-03-15,0
5238,treatment,2026-03-07,0
5239,control,2026-03-09,1
5240,control,2026-03-08,1
5241,control,2026-03-11,0
5242,control,2026-03-14,1
5243,control,2026-03-02,1
5244,treatment,2026-03-15,1
5245,treatment,2026-03-08,0
5246,control,2026-03-11,0
5247,treatment,2026-03-13,0
5248,treatment,2026-03-05,0
5249,control,2026-03-07,0
5250,treatment,2026-03-11,1
5251,control,2026-03-12,0
5252,control,2026-03-07,0
5253,control,2026-03-08,0
5254,treatment,2026-03-11,1
5255,treatment,2026-03-09,0
5256,treatment,2026-03-02,1
5257,control,2026-03-08,0
5258,treatment,2026-03-06,1
5259,control,2026-03-08,1
5260,treatment,2026-03-07,0
5261,control,2026-03-09,0
5262,control,2026-03-15,1
5263,control,2026-03-15,0
5264,control,2026-03-14,0
5265,treatment,2026-03-11,1
5266,treatment,2026-03-14,1
5267,treatment,2026-03-12,0
5268,treatment,2026-03-02,0
5269,control,2026-03-07,1
5270,control,2026-03-04,0
5271,treatment,2026-03-09,0
5272,treatment,2026-03-06,1
5273,treatment,2026-03-09,0
5274,control,2026-03-13,0
5275,control,2026-03-06,0
5276,control,2026-03-05,0
5277,treatment,2026-03-03,0
5278,control,2026-03-04,0
5279,treatment,2026-03-10,1
5280,treatment,2026-03-03,0
5281,treatment,2026-03-09,0
5282,treatment,2026-03-08,0
5283,control,2026-03-06,0
5284,control,2026-03-15,0
5285,treatment,2026-03-03,1
5286,treatment,2026-03-12,1
5287,treatment,2026-03-03,0
5288,treatment,2026-03-10,0
5289,treatment,2026-03-04,0
5290,treatment,2026-03-11,0
5291,treatment,2026-03-11,0
5292,control,2026-03-12,1
5293,control,2026-03-15,0
5294,treatment,2026-03-03,0
5295,treatment,2026-03-14,0
5296,control,2026-03-05,0
5297,control,2026-03-11,1
5298,treatment,2026-03-06,0
5299,treatment,2026-03-09,0
5300,control,2026-03-11,0
5301,control,2026-03-08,0
5302,treatment,2026-03-08,1
5303,control,2026-03-11,1
5304,treatment,2026-03-07,0
5305,control,2026-03-15,1
5306,treatment,2026-03-02,1
5307,treatment,2026-03-15,1
5308,control,2026-03-02,1
5309,treatment,2026-03-07,0
5310,control,2026-03-10,0
5311,treatment,2026-03-02,1
5312,control,2026-03-13,0
5313,control,2026-03-02,1
5314,control,2026-03-11,0
5315,control,2026-03-10,0
5316,treatment,2026-03-10,0
5317,treatment,2026-03-15,1
5318,control,2026-03-03,1
5319,treatment,2026-03-14,1
5320,control,2026-03-15,0
5321,treatment,2026-03-12,0
5322,control,2026-03-08,1
5323,control,2026-03-06,0
5324,control,2026-03-07,0
5325,treatment,2026-03-06,1
5326,treatment,2026-03-12,1
5327,treatment,2026-03-07,1
5328,treatment,2026-03-08,1
5329,treatment,2026-03-14,1
5330,control,2026-03-07,0
5331,treatment,2026-03-09,0
5332,treatment,2026-03-03,0
5333,control,2026-03-06,0
5334,control,2026-03-14,0
5335,treatment,2026-03-13,0
5336,treatment,2026-03-03,0
5337,control,2026-03-14,1
5338,control,2026-03-14,0
5339,treatment,2026-03-07,0
5340,treatment,2026-03-07,1
5341,control,2026-03-04,0
5342,treatment,2026-03-09,0
5343,control,2026-03-14,1
5344,treatment,2026-03-10,0
5345,control,2026-03-06,1
5346,control,2026-03-07,0
5347,treatment,2026-03-12,0
5348,treatment,2026-03-11,1
5349,treatment,2026-03-07,0
5350,treatment,2026-03-12,1
5351,treatment,2026-03-04,0
5352,control,2026-03-07,1
5353,treatment,2026-03-15,1
5354,treatment,2026-03-11,0
5355,treatment,2026-03-08,0
5356,control,2026-03-10,0
5357,control,2026-03-05,0
5358,treatment,2026-03-11,1
5359,control,2026-03-05,0
5360,treatment,2026-03-13,0
5361,treatment,2026-03-14,0
5362,control,2026-03-05,0
5363,control,2026-03-04,0
5364,control,2026-03-12,0
5365,control,2026-03-06,0
5366,treatment,2026-03-04,0
5367,control,2026-03-10,1
5368,treatment,2026-03-06,0
5369,control,2026-03-06,1
5370,treatment,2026-03-11,0
5371,control,2026-03-13,1
5372,treatment,2026-03-02,1
5373,treatment,2026-03-02,1
5374,treatment,2026-03-15,1
5375,treatment,2026-03-09,1
5376,control,2026-03-03,0
5377,control,2026-03-07,0
5378,control,2026-03-13,1
5379,control,2026-03-09,0
5380,control,2026-03-09,1
5381,treatment,2026-03-06,0
5382,control,2026-03-02,0
5383,control,2026-03-06,0
5384,treatment,2026-03-02,1
5385,treatment,2026-03-03,0
5386,treatment,2026-03-02,0
5387,control,2026-03-13,0
5388,control,2026-03-10,1
5389,treatment,2026-03-08,0
5390,treatment,2026-03-05,0
5391,treatment,2026-03-10,0
5392,treatment,2026-03-06,1
5393,control,2026-03-14,0
5394,control,2026-03-07,0
5395,control,2026-03-04,0
5396,control,2026-03-05,0
5397,treatment,2026-03-04,0
5398,treatment,2026-03-03,0
5399,control,2026-03-10,1
5400,control,2026-03-07,0
5401,treatment,2026-03-02,0
5402,control,2026-03-04,1
5403,control,2026-03-03,1
5404,control,2026-03-06,1
5405,control,2026-03-09,0
5406,control,2026-03-13,0
5407,treatment,2026-03-02,0
5408,control,2026-03-08,0
5409,treatment,2026-03-12,0
5410,control,2026-03-08,0
5411,treatment,2026-03-02,1
5412,control,2026-03-05,0
5413,treatment,2026-03-14,0
5414,control,2026-03-15,0
5415,treatment,2026-03-12,0
5416,treatment,2026-03-15,0
5417,treatment,2026-03-13,0
5418,treatment,2026-03-13,0
5419,control,2026-03-11,0
5420,control,2026-03-07,0
5421,control,2026-03-15,0
5422,control,2026-03-04,0
5423,treatment,2026-03-15,1
5424,treatment,2026-03-06,0
5425,treatment,2026-03-05,1
5426,control,2026-03-02,0
5427,treatment,2026-03-04,0
5428,treatment,2026-03-12,1
5429,treatment,2026-03-03,1
5430,treatment,2026-03-03,0
5431,treatment,2026-03-08,0
5432,control,2026-03-07,0
5433,treatment,2026-03-15,1
5434,treatment,2026-03-02,0
5435,control,2026-03-12,1
5436,control,2026-03-08,0
5437,control,2026-03-06,0
5438,control,2026-03-03,0
5439,treatment,2026-03-13,0
5440,control,2026-03-04,1
5441,control,2026-03-13,0
5442,control,2026-03-14,0
5443,control,2026-03-05,1
5444,control,2026-03-07,0
5445,control,2026-03-11,1
5446,treatment,2026-03-14,1
5447,treatment,2026-03-06,0
5448,control,2026-03-12,0
5449,control,2026-03-05,0
5450,treatment,2026-03-10,1
5451,treatment,2026-03-11,0
5452,control,2026-03-06,1
5453,treatment,2026-03-12,0
5454,treatment,2026-03-13,0
5455,control,2026-03-02,0
5456,control,2026-03-05,0
5457,treatment,2026-03-04,0
5458,treatment,2026-03-04,0
5459,treatment,2026-03-14,0
5460,control,2026-03-04,0
5461,treatment,2026-03-07,0
5462,treatment,2026-03-13,0
5463,treatment,2026-03-11,1
5464,control,2026-03-02,0
5465,treatment,2026-03-15,0
5466,treatment,2026-03-15,1
5467,control,2026-03-03,1
5468,control,2026-03-15,0
5469,control,2026-03-13,0
5470,treatment,2026-03-08,1
5471,control,2026-03-09,0
5472,treatment,2026-03-03,0
5473,treatment,2026-03-13,0
5474,control,2026-03-06,1
5475,control,2026-03-14,0
5476,treatment,2026-03-04,1
5477,control,2026-03-07,0
5478,control,2026-03-12,0
5479,treatment,2026-03-12,1
5480,control,2026-03-13,1
5481,control,2026-03-05,1
5482,control,2026-03-08,1
5483,treatment,2026-03-08,0
5484,control,2026-03-02,0
5485,treatment,2026-03-11,1
5486,treatment,2026-03-15,0
5487,treatment,2026-03-06,1
5488,control,2026-03-13,0
5489,control,2026-03-09,0
5490,control,2026-03-12,0
5491,control,2026-03-10,0
5492,treatment,2026-03-10,0
5493,control,2026-03-14,1
5494,treatment,2026-03-04,1
5495,control,2026-03-06,0
5496,treatment,2026-03-15,0
5497,treatment,2026-03-14,1
5498,control,2026-03-06,0
5499,control,2026-03-12,1
5500,control,2026-03-06,1
5501,control,2026-03-09,0
5502,treatment,2026-03-08,0
5503,control,2026-03-15,0
5504,treatment,2026-03-09,0
5505,treatment,2026-03-05,0
5506,control,2026-03-15,0
5507,control,2026-03-10,1
5508,treatment,2026-03-07,0
5509,control,2026-03-09,1
5510,treatment,2026-03-12,1
5511,control,2026-03-03,1
5512,control,2026-03-12,0
5513,control,2026-03-15,0
5514,control,2026-03-07,1
5515,treatment,2026-03-14,0
5516,treatment,2026-03-09,0
5517,treatment,2026-03-10,0
5518,treatment,2026-03-06,0
5519,treatment,2026-03-14,0
5520,treatment,2026-03-12,1
5521,control,2026-03-04,1
5522,control,2026-03-15,1
5523,control,2026-03-14,0
5524,control,2026-03-14,0
5525,treatment,2026-03-09,0
5526,control,2026-03-09,1
5527,treatment,2026-03-10,0
5528,control,2026-03-03,1
5529,treatment,2026-03-03,0
5530,treatment,2026-03-11,0
5531,control,2026-03-12,1
5532,control,2026-03-13,0
5533,treatment,2026-03-15,0
5534,treatment,2026-03-09,0
5535,control,2026-03-05,0
5536,treatment,2026-03-06,0
5537,control,2026-03-13,0
5538,treatment,2026-03-02,0
5539,control,2026-03-03,0
5540,control,2026-03-11,0
5541,treatment,2026-03-10,0
5542,treatment,2026-03-05,0
5543,control,2026-03-10,0
5544,treatment,2026-03-14,0
5545,treatment,2026-03-12,0
5546,treatment,2026-03-14,0
5547,control,2026-03-06,0
5548,control,2026-03-09,1
5549,treatment,2026-03-06,1
5550,treatment,2026-03-04,1
5551,control,2026-03-11,1
5552,treatment,2026-03-10,1
5553,treatment,2026-03-12,0
5554,treatment,2026-03-08,0
5555,treatment,2026-03-14,0
5556,control,2026-03-09,0
5557,control,2026-03-11,0
5558,control,2026-03-13,0
5559,control,2026-03-10,0
5560,treatment,2026-03-12,1
5561,treatment,2026-03-07,0
5562,control,2026-03-07,0
5563,treatment,2026-03-11,0
5564,treatment,2026-03-13,0
5565,treatment,2026-03-13,1
5566,treatment,2026-03-13,0
5567,treatment,2026-03-08,0
5568,treatment,2026-03-11,0
5569,treatment,2026-03-09,1
5570,treatment,2026-03-05,0
5571,control,2026-03-08,0
5572,treatment,2026-03-13,0
5573,control,2026-03-10,1
5574,control,2026-03-03,0
5575,control,2026-03-02,1
5576,treatment,2026-03-08,0
5577,treatment,2026-03-05,0
5578,control,2026-03-04,0
5579,treatment,2026-03-08,0
5580,control,2026-03-07,1
5581,control,2026-03-03,1
5582,control,2026-03-06,0
5583,control,2026-03-15,0
5584,treatment,2026-03-09,0
5585,treatment,2026-03-11,0
5586,control,2026-03-09,0
5587,control,2026-03-04,1
5588,treatment,2026-03-07,1
5589,treatment,2026-03-11,1
5590,control,2026-03-05,0
5591,control,2026-03-03,1
5592,control,2026-03-04,1
5593,control,2026-03-10,0
5594,control,2026-03-14,0
5595,control,2026-03-13,1
5596,control,2026-03-11,1
5597,treatment,2026-03-06,0
5598,treatment,2026-03-08,1
5599,treatment,2026-03-02,1
5600,control,2026-03-14,0
5601,treatment,2026-03-12,1
5602,treatment,2026-03-07,0
5603,control,2026-03-13,0
5604,treatment,2026-03-04,1
5605,treatment,2026-03-11,1
5606,control,2026-03-10,0
5607,treatment,2026-03-14,0
5608,control,2026-03-10,0
5609,control,2026-03-09,0
5610,treatment,2026-03-08,1
5611,treatment,2026-03-04,1
5612,treatment,2026-03-02,0
5613,treatment,2026-03-05,1
5614,treatment,2026-03-12,1
5615,control,2026-03-11,0
5616,control,2026-03-03,1
5617,control,2026-03-10,1
5618,treatment,2026-03-12,1
5619,control,2026-03-12,1
5620,treatment,2026-03-03,0
5621,control,2026-03-13,1
5622,control,2026-03-03,1
5623,control,2026-03-11,1
5624,control,2026-03-07,0
5625,treatment,2026-03-10,0
5626,control,2026-03-12,0
5627,control,2026-03-09,0
5628,treatment,2026-03-13,0
5629,treatment,2026-03-03,0
5630,treatment,2026-03-04,0
5631,control,2026-03-05,0
5632,treatment,2026-03-02,0
5633,control,2026-03-03,1
5634,treatment,2026-03-15,0
5635,control,2026-03-03,0
5636,treatment,2026-03-08,1
5637,control,2026-03-13,1
5638,treatment,2026-03-07,1
5639,treatment,2026-03-05,0
5640,treatment,2026-03-06,1
5641,control,2026-03-09,0
5642,control,2026-03-06,0
5643,control,2026-03-11,0
5644,control,2026-03-14,0
5645,control,2026-03-04,0
5646,treatment,2026-03-05,0
5647,treatment,2026-03-09,0
5648,treatment,2026-03-08,0
5649,treatment,2026-03-05,1
5650,treatment,2026-03-11,0
5651,control,2026-03-05,1
5652,control,2026-03-05,0
5653,treatment,2026-03-08,1
5654,treatment,2026-03-03,1
5655,control,2026-03-12,0
5656,control,2026-03-02,0
5657,control,2026-03-05,1
5658,control,2026-03-14,1
5659,control,2026-03-15,0
5660,treatment,2026-03-02,0
5661,treatment,2026-03-08,0
5662,treatment,2026-03-12,1
5663,control,2026-03-08,1
5664,control,2026-03-11,1
5665,treatment,2026-03-11,0
5666,control,2026-03-14,0
5667,treatment,2026-03-08,1
5668,treatment,2026-03-05,0
5669,control,2026-03-04,1
5670,treatment,2026-03-09,1
5671,control,2026-03-08,0
5672,control,2026-03-02,0
5673,treatment,2026-03-11,0
5674,treatment,2026-03-07,0
5675,control,2026-03-05,1
5676,treatment,2026-03-07,0
5677,control,2026-03-15,0
5678,control,2026-03-04,0
5679,control,2026-03-15,1
5680,control,2026-03-15,1
5681,treatment,2026-03-08,0
5682,treatment,2026-03-09,1
5683,control,2026-03-11,1
5684,treatment,2026-03-09,1
5685,treatment,2026-03-09,1
5686,control,2026-03-05,0
5687,control,2026-03-09,0
5688,treatment,2026-03-04,1
5689,control,2026-03-14,1
5690,control,2026-03-12,0
5691,control,2026-03-07,1
5692,treatment,2026-03-10,0
5693,control,2026-03-14,0
5694,control,2026-03-05,0
5695,control,2026-03-11,0
5696,control,2026-03-02,0
5697,control,2026-03-06,0
5698,treatment,2026-03-09,1
5699,treatment,2026-03-10,0
5700,control,2026-03-06,0
5701,treatment,2026-03-04,0
5702,treatment,2026-03-05,0
5703,control,2026-03-09,0
5704,treatment,2026-03-11,0
5705,treatment,2026-03-06,0
5706,treatment,2026-03-11,0
5707,treatment,2026-03-05,1
5708,treatment,2026-03-05,0
5709,control,2026-03-13,0
5710,treatment,2026-03-04,0
5711,control,2026-03-14,1
5712,control,2026-03-08,1
5713,control,2026-03-13,0
5714,control,2026-03-03,0
5715,control,2026-03-04,0
5716,control,2026-03-05,0
5717,treatment,2026-03-04,0
5718,control,2026-03-06,1
5719,control,2026-03-13,0
5720,treatment,2026-03-02,1
5721,treatment,2026-03-12,1
5722,control,2026-03-08,0
5723,treatment,2026-03-06,0
5724,treatment,2026-03-09,1
5725,control,2026-03-10,0
5726,treatment,2026-03-04,0
5727,treatment,2026-03-06,0
5728,treatment,2026-03-09,0
5729,treatment,2026-03-09,0
5730,control,2026-03-04,0
5731,treatment,2026-03-08,0
5732,control,2026-03-02,1
5733,control,2026-03-08,0
5734,control,2026-03-12,0
5735,treatment,2026-03-09,1
5736,treatment,2026-03-14,0
5737,treatment,2026-03-12,0
5738,treatment,2026-03-07,0
5739,control,2026-03-13,0
5740,control,2026-03-06,0
5741,control,2026-03-11,1
5742,control,2026-03-13,1
5743,control,2026-03-07,0
5744,treatment,2026-03-10,0
5745,treatment,2026-03-06,0
5746,control,2026-03-15,0
5747,control,2026-03-14,0
5748,control,2026-03-02,1
5749,treatment,2026-03-04,0
5750,control,2026-03-13,1
5751,control,2026-03-08,1
5752,treatment,2026-03-15,1
5753,control,2026-03-04,0
5754,treatment,2026-03-12,0
5755,treatment,2026-03-15,1
5756,treatment,2026-03-13,0
5757,treatment,2026-03-09,1
5758,control,2026-03-06,0
5759,control,2026-03-05,0
5760,control,2026-03-08,0
5761,treatment,2026-03-10,0
5762,control,2026-03-05,1
5763,control,2026-03-03,0
5764,treatment,2026-03-05,0
5765,control,2026-03-10,1
5766,control,2026-03-11,0
5767,treatment,2026-03-09,0
5768,treatment,2026-03-05,0
5769,control,2026-03-14,1
5770,control,2026-03-07,1
5771,treatment,2026-03-02,1
5772,control,2026-03-15,0
5773,control,2026-03-03,0
5774,control,2026-03-02,0
5775,treatment,2026-03-04,1
5776,control,2026-03-02,0
5777,treatment,2026-03-04,0
5778,treatment,2026-03-14,0
5779,control,2026-03-03,0
5780,control,2026-03-06,1
5781,treatment,2026-03-02,1
5782,treatment,2026-03-13,0
5783,control,2026-03-05,1
5784,control,2026-03-13,0
5785,control,2026-03-06,1
5786,control,2026-03-05,0
5787,control,2026-03-15,1
5788,control,2026-03-08,0
5789,control,2026-03-12,0
5790,treatment,2026-03-10,0
5791,control,2026-03-13,0
5792,control,2026-03-04,1
5793,control,2026-03-12,0
5794,control,2026-03-05,0
5795,treatment,2026-03-05,0
5796,treatment,2026-03-07,1
5797,treatment,2026-03-07,0
5798,treatment,2026-03-05,1
5799,treatment,2026-03-09,0
5800,control,2026-03-03,1
5801,treatment,2026-03-09,1
5802,control,2026-03-13,0
5803,control,2026-03-05,0
5804,control,2026-03-13,0
5805,control,2026-03-08,1
5806,treatment,2026-03-07,0
5807,treatment,2026-03-10,1
5808,treatment,2026-03-09,0
5809,control,2026-03-03,1
5810,control,2026-03-03,0
5811,treatment,2026-03-03,1
5812,treatment,2026-03-13,0
5813,control,2026-03-03,0
5814,treatment,2026-03-04,1
5815,treatment,2026-03-13,0
5816,treatment,2026-03-03,0
5817,control,2026-03-03,1
5818,treatment,2026-03-02,0
5819,treatment,2026-03-02,0
5820,control,2026-03-13,1
5821,control,2026-03-15,0
5822,control,2026-03-05,0
5823,treatment,2026-03-10,0
5824,control,2026-03-12,0
5825,treatment,2026-03-13,1
5826,control,2026-03-02,0
5827,control,2026-03-07,0
5828,control,2026-03-14,0
5829,treatment,2026-03-10,0
5830,control,2026-03-05,1
5831,control,2026-03-08,1
5832,treatment,2026-03-05,1
5833,treatment,2026-03-04,0
5834,treatment,2026-03-07,0
5835,control,2026-03-09,1
5836,treatment,2026-03-12,0
5837,control,2026-03-10,0
5838,treatment,2026-03-02,0
5839,treatment,2026-03-04,0
5840,treatment,2026-03-06,0
5841,treatment,2026-03-02,0
5842,treatment,2026-03-05,0
5843,control,2026-03-13,0
5844,control,2026-03-02,0
5845,control,2026-03-04,0
5846,control,2026-03-13,0
5847,treatment,2026-03-10,0
5848,treatment,2026-03-08,1
5849,control,2026-03-11,0
5850,treatment,2026-03-09,0
5851,control,2026-03-02,1
5852,control,2026-03-13,0
5853,treatment,2026-03-05,1
5854,treatment,2026-03-03,0
5855,treatment,2026-03-08,0
5856,control,2026-03-09,1
5857,treatment,2026-03-15,1
5858,control,2026-03-14,0
5859,control,2026-03-05,0
5860,treatment,2026-03-10,0
5861,treatment,2026-03-14,0
5862,treatment,2026-03-04,0
5863,control,2026-03-10,0
5864,treatment,2026-03-09,1
5865,treatment,2026-03-12,0
5866,treatment,2026-03-09,0
5867,control,2026-03-10,0
5868,control,2026-03-06,0
5869,treatment,2026-03-07,1
5870,control,2026-03-14,0
5871,control,2026-03-13,1
5872,control,2026-03-04,0
5873,control,2026-03-10,1
5874,treatment,2026-03-02,0
5875,control,2026-03-07,1
5876,control,2026-03-10,0
5877,treatment,2026-03-13,0
5878,treatment,2026-03-06,1
5879,treatment,2026-03-03,1
5880,control,2026-03-15,1
5881,treatment,2026-03-03,0
5882,control,2026-03-05,0
5883,treatment,2026-03-07,0
5884,treatment,2026-03-05,0
5885,treatment,2026-03-11,1
5886,control,2026-03-04,0
5887,treatment,2026-03-14,1
5888,control,2026-03-12,0
5889,treatment,2026-03-06,1
5890,control,2026-03-15,0
5891,treatment,2026-03-06,1
5892,treatment,2026-03-07,0
5893,treatment,2026-03-02,0
5894,control,2026-03-13,0
5895,control,2026-03-14,1
5896,treatment,2026-03-03,0
5897,control,2026-03-07,0
5898,treatment,2026-03-09,0
5899,control,2026-03-04,0
5900,control,2026-03-13,0
5901,treatment,2026-03-06,0
5902,treatment,2026-03-04,0
5903,treatment,2026-03-09,0
5904,control,2026-03-11,0
5905,control,2026-03-03,1
5906,control,2026-03-12,0
5907,treatment,2026-03-03,0
5908,control,2026-03-06,0
5909,treatment,2026-03-15,1
5910,control,2026-03-14,1
5911,treatment,2026-03-06,0
5912,control,2026-03-12,0
5913,control,2026-03-10,1
5914,treatment,2026-03-11,1
5915,control,2026-03-11,1
5916,treatment,2026-03-15,0
5917,control,2026-03-04,0
5918,treatment,2026-03-11,1
5919,control,2026-03-14,0
5920,control,2026-03-12,1
5921,treatment,2026-03-09,1
5922,treatment,2026-03-02,0
5923,control,2026-03-14,0
5924,treatment,2026-03-09,1
5925,control,2026-03-07,0
5926,treatment,2026-03-11,0
5927,treatment,2026-03-05,0
5928,control,2026-03-08,1
5929,control,2026-03-05,1
5930,control,2026-03-04,0
5931,control,2026-03-07,0
5932,treatment,2026-03-06,0
5933,treatment,2026-03-12,1
5934,treatment,2026-03-06,0
5935,control,2026-03-09,0
5936,treatment,2026-03-08,1
5937,treatment,2026-03-15,1
5938,control,2026-03-02,0
5939,treatment,2026-03-15,0
5940,control,2026-03-06,0
5941,control,2026-03-11,1
5942,treatment,2026-03-10,1
5943,control,2026-03-05,0
5944,treatment,2026-03-07,0
5945,treatment,2026-03-04,0
5946,control,2026-03-15,0
5947,treatment,2026-03-06,0
5948,treatment,2026-03-08,0
5949,control,2026-03-13,0
5950,treatment,2026-03-12,1
5951,treatment,2026-03-09,0
5952,control,2026-03-04,0
5953,treatment,2026-03-14,0
5954,treatment,2026-03-11,1
5955,treatment,2026-03-10,0
5956,treatment,2026-03-12,0
5957,treatment,2026-03-12,1
5958,treatment,2026-03-02,1
5959,control,2026-03-05,0
5960,treatment,2026-03-10,0
5961,control,2026-03-08,0
5962,treatment,2026-03-07,1
5963,treatment,2026-03-02,1
5964,treatment,2026-03-11,1
5965,control,2026-03-13,0
5966,control,2026-03-03,0
5967,control,2026-03-07,0
5968,control,2026-03-02,1
5969,treatment,2026-03-02,1
5970,treatment,2026-03-12,0
5971,treatment,2026-03-03,1
5972,treatment,2026-03-07,0
5973,treatment,2026-03-10,1
5974,treatment,2026-03-05,1
5975,treatment,2026-03-13,1
5976,treatment,2026-03-15,1
5977,treatment,2026-03-09,1
5978,treatment,2026-03-03,1
5979,control,2026-03-11,1
5980,control,2026-03-15,1
5981,control,2026-03-03,0
5982,treatment,2026-03-04,0
5983,control,2026-03-14,1
5984,treatment,2026-03-12,0
5985,treatment,2026-03-12,0
5986,treatment,2026-03-09,0
5987,treatment,2026-03-06,0
5988,treatment,2026-03-05,0
5989,control,2026-03-02,0
5990,treatment,2026-03-11,0
5991,treatment,2026-03-09,0
5992,treatment,2026-03-06,1
5993,control,2026-03-09,1
5994,treatment,2026-03-12,0
5995,control,2026-03-13,0
5996,treatment,2026-03-05,0
5997,control,2026-03-08,1
5998,treatment,2026-03-07,0
5999,control,2026-03-06,0
6000,control,2026-03-07,1
6001,treatment,2026-03-07,0
6002,treatment,2026-03-04,1
6003,treatment,2026-03-07,1
6004,treatment,2026-03-14,0
6005,treatment,2026-03-09,0
6006,treatment,2026-03-13,1
6007,treatment,2026-03-10,0
6008,treatment,2026-03-11,0
6009,treatment,2026-03-09,0
6010,treatment,2026-03-04,0
6011,treatment,2026-03-11,0
6012,treatment,2026-03-15,0
6013,control,2026-03-07,1
6014,control,2026-03-09,0
6015,control,2026-03-05,0
6016,treatment,2026-03-13,0
6017,treatment,2026-03-05,1
6018,treatment,2026-03-07,0
6019,control,2026-03-15,1
6020,treatment,2026-03-04,0
6021,treatment,2026-03-04,1
6022,control,2026-03-05,0
6023,control,2026-03-05,0
6024,control,2026-03-15,1
6025,treatment,2026-03-08,0
6026,treatment,2026-03-02,0
6027,control,2026-03-12,0
6028,control,2026-03-06,1
6029,treatment,2026-03-09,0
6030,control,2026-03-02,0
6031,treatment,2026-03-09,0
6032,treatment,2026-03-06,0
6033,control,2026-03-08,0
6034,control,2026-03-10,1
6035,treatment,2026-03-08,0
6036,control,2026-03-13,0
6037,control,2026-03-08,0
6038,control,2026-03-09,0
6039,control,2026-03-05,0
6040,treatment,2026-03-11,0
6041,control,2026-03-11,1
6042,treatment,2026-03-07,0
6043,control,2026-03-02,0
6044,treatment,2026-03-10,1
6045,control,2026-03-09,0
6046,treatment,2026-03-08,1
6047,control,2026-03-06,0
6048,treatment,2026-03-14,1
6049,control,2026-03-04,0
6050,treatment,2026-03-15,0
6051,treatment,2026-03-14,0
6052,treatment,2026-03-15,1
6053,control,2026-03-04,0
6054,treatment,2026-03-14,0
6055,control,2026-03-08,0
6056,treatment,2026-03-06,0
6057,control,2026-03-03,0
6058,control,2026-03-11,1
6059,control,2026-03-07,0
6060,control,2026-03-03,0
6061,control,2026-03-06,1
6062,control,2026-03-06,0
6063,treatment,2026-03-15,0
6064,treatment,2026-03-03,0
6065,control,2026-03-10,1
6066,treatment,2026-03-04,0
6067,control,2026-03-10,1
6068,treatment,2026-03-08,1
6069,treatment,2026-03-13,0
6070,control,2026-03-06,1
6071,treatment,2026-03-02,0
6072,control,2026-03-14,0
6073,control,2026-03-02,0
6074,control,2026-03-08,0
6075,control,2026-03-15,0
6076,control,2026-03-11,1
6077,treatment,2026-03-03,1
6078,treatment,2026-03-08,0
6079,treatment,2026-03-02,0
6080,treatment,2026-03-08,0
6081,control,2026-03-05,0
6082,treatment,2026-03-02,1
6083,control,2026-03-14,0
6084,treatment,2026-03-05,1
6085,treatment,2026-03-04,0
6086,control,2026-03-09,0
6087,control,2026-03-05,0
6088,treatment,2026-03-09,0
6089,treatment,2026-03-13,0
6090,treatment,2026-03-09,0
6091,control,2026-03-06,0
6092,treatment,2026-03-08,0
6093,control,2026-03-15,0
6094,control,2026-03-13,0
6095,treatment,2026-03-08,0
6096,treatment,2026-03-02,1
6097,treatment,2026-03-11,1
6098,control,2026-03-05,0
6099,treatment,2026-03-10,0
6100,control,2026-03-05,0
6101,treatment,2026-03-07,0
6102,control,2026-03-02,1
6103,treatment,2026-03-08,0
6104,control,2026-03-08,1
6105,control,2026-03-08,1
6106,treatment,2026-03-14,0
6107,treatment,2026-03-15,0
6108,control,2026-03-05,0
6109,treatment,2026-03-04,1
6110,control,2026-03-05,1
6111,treatment,2026-03-11,1
6112,treatment,2026-03-12,0
6113,control,2026-03-09,0
6114,control,2026-03-12,0
6115,treatment,2026-03-03,0
6116,control,2026-03-10,1
6117,treatment,2026-03-12,1
6118,control,2026-03-03,0
6119,control,2026-03-13,0
6120,treatment,2026-03-11,0
6121,treatment,2026-03-10,0
6122,control,2026-03-12,1
6123,treatment,2026-03-05,0
6124,treatment,2026-03-07,0
6125,control,2026-03-12,0
6126,control,2026-03-14,0
6127,control,2026-03-10,1
6128,control,2026-03-11,0
6129,control,2026-03-15,1
6130,treatment,2026-03-11,1
6131,control,2026-03-10,0
6132,treatment,2026-03-10,0
6133,treatment,2026-03-04,0
6134,treatment,2026-03-13,1
6135,treatment,2026-03-11,0
6136,treatment,2026-03-03,1
6137,treatment,2026-03-15,1
6138,control,2026-03-05,0
6139,control,2026-03-13,1
6140,control,2026-03-05,0
6141,control,2026-03-12,0
6142,treatment,2026-03-06,1
6143,control,2026-03-06,0
6144,control,2026-03-13,0
6145,control,2026-03-14,0
6146,control,2026-03-04,0
6147,control,2026-03-03,0
6148,control,2026-03-06,0
6149,treatment,2026-03-03,1
6150,control,2026-03-07,1
6151,control,2026-03-07,0
6152,treatment,2026-03-11,0
6153,control,2026-03-12,0
6154,treatment,2026-03-06,0
6155,treatment,2026-03-11,1
6156,control,2026-03-13,0
6157,treatment,2026-03-13,1
6158,control,2026-03-07,0
6159,treatment,2026-03-08,0
6160,control,2026-03-06,1
6161,treatment,2026-03-12,0
6162,control,2026-03-13,0
6163,treatment,2026-03-12,1
6164,treatment,2026-03-13,0
6165,treatment,2026-03-06,0
6166,control,2026-03-14,0
6167,treatment,2026-03-04,1
6168,treatment,2026-03-02,0
6169,treatment,2026-03-15,0
6170,treatment,2026-03-10,0
6171,control,2026-03-09,0
6172,control,2026-03-03,0
6173,control,2026-03-12,1
6174,treatment,2026-03-03,0
6175,control,2026-03-09,1
6176,treatment,2026-03-07,0
6177,control,2026-03-05,0
6178,control,2026-03-06,1
6179,treatment,2026-03-14,0
6180,control,2026-03-09,1
6181,control,2026-03-09,1
6182,treatment,2026-03-12,0
6183,control,2026-03-11,0
6184,control,2026-03-07,1
6185,treatment,2026-03-10,1
6186,control,2026-03-03,0
6187,control,2026-03-09,0
6188,treatment,2026-03-06,1
6189,control,2026-03-15,0
6190,control,2026-03-13,1
6191,control,2026-03-08,0
6192,treatment,2026-03-06,1
6193,control,2026-03-15,0
6194,control,2026-03-10,1
6195,treatment,2026-03-08,1
6196,control,2026-03-07,0
6197,treatment,2026-03-12,1
6198,treatment,2026-03-07,1
6199,control,2026-03-09,0
6200,treatment,2026-03-04,0
6201,control,2026-03-09,0
6202,treatment,2026-03-06,0
6203,treatment,2026-03-11,0
6204,control,2026-03-12,1
6205,treatment,2026-03-09,1
6206,treatment,2026-03-15,0
6207,control,2026-03-07,1
6208,control,2026-03-03,0
6209,control,2026-03-08,0
6210,treatment,2026-03-07,1
6211,treatment,2026-03-06,0
6212,control,2026-03-04,0
6213,control,2026-03-02,0
6214,control,2026-03-14,0
6215,treatment,2026-03-09,0
6216,treatment,2026-03-13,0
6217,treatment,2026-03-09,0
6218,control,2026-03-11,1
6219,treatment,2026-03-14,1
6220,treatment,2026-03-03,0
6221,treatment,2026-03-13,0
6222,control,2026-03-15,1
6223,treatment,2026-03-12,1
6224,control,2026-03-11,0
6225,treatment,2026-03-13,1
6226,treatment,2026-03-13,1
6227,control,2026-03-13,0
6228,control,2026-03-15,0
6229,control,2026-03-12,0
6230,control,2026-03-07,1
6231,treatment,2026-03-07,1
6232,control,2026-03-08,0
6233,treatment,2026-03-03,1
6234,treatment,2026-03-09,1
6235,treatment,2026-03-13,0
6236,treatment,2026-03-09,1
6237,treatment,2026-03-03,0
6238,control,2026-03-07,0
6239,control,2026-03-14,0
6240,treatment,2026-03-04,0
6241,treatment,2026-03-08,0
6242,treatment,2026-03-12,0
6243,control,2026-03-12,1
6244,treatment,2026-03-04,0
6245,treatment,2026-03-05,1
6246,control,2026-03-12,0
6247,treatment,2026-03-13,0
6248,treatment,2026-03-04,1
6249,control,2026-03-12,0
6250,control,2026-03-15,0
6251,treatment,2026-03-10,0
6252,treatment,2026-03-04,1
6253,treatment,2026-03-04,1
6254,treatment,2026-03-04,0
6255,treatment,2026-03-07,1
6256,treatment,2026-03-04,0
6257,control,2026-03-02,0
6258,control,2026-03-11,0
6259,control,2026-03-02,0
6260,treatment,2026-03-08,0
6261,treatment,2026-03-04,0
6262,control,2026-03-05,1
6263,treatment,2026-03-09,0
6264,treatment,2026-03-09,0
6265,treatment,2026-03-06,0
6266,treatment,2026-03-09,0
6267,control,2026-03-08,0
6268,treatment,2026-03-13,0
6269,treatment,2026-03-10,0
6270,control,2026-03-15,1
6271,control,2026-03-06,0
6272,control,2026-03-10,1
6273,control,2026-03-06,1
6274,treatment,2026-03-03,0
6275,control,2026-03-13,1
6276,treatment,2026-03-15,1
6277,control,2026-03-15,0
6278,control,2026-03-14,1
6279,treatment,2026-03-10,0
6280,treatment,2026-03-08,0
6281,treatment,2026-03-13,0
6282,treatment,2026-03-11,0
6283,control,2026-03-15,0
6284,control,2026-03-15,0
6285,control,2026-03-14,1
6286,control,2026-03-04,0
6287,treatment,2026-03-10,1
6288,control,2026-03-12,1
6289,treatment,2026-03-04,1
6290,treatment,2026-03-10,0
6291,treatment,2026-03-06,0
6292,treatment,2026-03-11,1
6293,treatment,2026-03-02,1
6294,treatment,2026-03-14,1
6295,control,2026-03-11,0
6296,treatment,2026-03-02,0
6297,control,2026-03-04,1
6298,treatment,2026-03-02,0
6299,control,2026-03-15,1
6300,control,2026-03-08,0
6301,treatment,2026-03-13,0
6302,control,2026-03-11,0
6303,treatment,2026-03-03,0
6304,control,2026-03-13,1
6305,treatment,2026-03-15,0
6306,control,2026-03-11,0
6307,treatment,2026-03-05,1
6308,treatment,2026-03-03,0
6309,control,2026-03-04,0
6310,control,2026-03-04,0
6311,treatment,2026-03-10,0
6312,treatment,2026-03-13,0
6313,treatment,2026-03-11,1
6314,treatment,2026-03-14,0
6315,control,2026-03-14,1
6316,treatment,2026-03-13,1
6317,treatment,2026-03-06,1
6318,treatment,2026-03-08,0
6319,treatment,2026-03-04,0
6320,treatment,2026-03-07,0
6321,control,2026-03-14,1
6322,treatment,2026-03-04,1
6323,control,2026-03-06,1
6324,treatment,2026-03-06,0
6325,treatment,2026-03-11,0
6326,control,2026-03-05,0
6327,treatment,2026-03-15,1
6328,treatment,2026-03-05,1
6329,treatment,2026-03-10,1
6330,treatment,2026-03-12,0
6331,treatment,2026-03-11,0
6332,control,2026-03-02,0
6333,treatment,2026-03-05,0
6334,control,2026-03-10,0
6335,control,2026-03-04,1
6336,control,2026-03-10,1
6337,treatment,2026-03-02,0
6338,treatment,2026-03-11,0
6339,control,2026-03-10,1
6340,control,2026-03-14,0
6341,control,2026-03-07,0
6342,treatment,2026-03-06,1
6343,control,2026-03-15,0
6344,control,2026-03-08,0
6345,treatment,2026-03-13,0
6346,treatment,2026-03-10,1
6347,control,2026-03-06,1
6348,control,2026-03-08,0
6349,treatment,2026-03-12,1
6350,treatment,2026-03-03,0
6351,control,2026-03-07,0
6352,control,2026-03-13,0
6353,control,2026-03-06,0
6354,treatment,2026-03-13,0
6355,control,2026-03-06,0
6356,control,2026-03-13,0
6357,treatment,2026-03-12,1
6358,treatment,2026-03-10,1
6359,treatment,2026-03-02,0
6360,treatment,2026-03-15,0
6361,treatment,2026-03-06,0
6362,control,2026-03-09,0
6363,treatment,2026-03-02,1
6364,treatment,2026-03-13,0
6365,control,2026-03-04,1
6366,control,2026-03-11,0
6367,treatment,2026-03-12,1
6368,treatment,2026-03-03,0
6369,treatment,2026-03-05,1
6370,treatment,2026-03-09,1
6371,control,2026-03-09,0
6372,control,2026-03-12,0
6373,treatment,2026-03-07,1
6374,treatment,2026-03-06,0
6375,control,2026-03-09,1
6376,treatment,2026-03-09,0
6377,control,2026-03-04,1
6378,treatment,2026-03-04,0
6379,treatment,2026-03-04,0
6380,treatment,2026-03-06,0
6381,control,2026-03-11,0
6382,treatment,2026-03-05,0
6383,control,2026-03-02,1
6384,control,2026-03-13,1
6385,control,2026-03-06,0
6386,control,2026-03-09,1
6387,treatment,2026-03-08,1
6388,treatment,2026-03-05,0
6389,treatment,2026-03-12,0
6390,treatment,2026-03-11,1
6391,treatment,2026-03-12,0
6392,treatment,2026-03-02,1
6393,control,2026-03-12,1
6394,control,2026-03-15,1
6395,treatment,2026-03-15,0
6396,control,2026-03-07,1
6397,control,2026-03-05,0
6398,control,2026-03-08,0
6399,control,2026-03-08,0
6400,control,2026-03-10,1
6401,control,2026-03-06,1
6402,treatment,2026-03-08,1
6403,control,2026-03-13,0
6404,treatment,2026-03-15,0
6405,treatment,2026-03-11,0
6406,treatment,2026-03-05,0
6407,control,2026-03-15,0
6408,treatment,2026-03-13,0
6409,treatment,2026-03-03,0
6410,control,2026-03-04,1
6411,treatment,2026-03-03,0
6412,treatment,2026-03-04,0
6413,treatment,2026-03-12,0
6414,control,2026-03-02,1
6415,control,2026-03-12,1
6416,control,2026-03-05,1
6417,treatment,2026-03-12,1
6418,treatment,2026-03-06,1
6419,control,2026-03-09,0
6420,treatment,2026-03-02,0
6421,treatment,2026-03-09,0
6422,treatment,2026-03-08,0
6423,control,2026-03-11,0
6424,control,2026-03-14,0
6425,treatment,2026-03-15,0
6426,control,2026-03-08,1
6427,control,2026-03-08,0
6428,treatment,2026-03-10,1
6429,treatment,2026-03-11,0
6430,control,2026-03-13,0
6431,control,2026-03-12,0
6432,control,2026-03-10,0
6433,control,2026-03-07,1
6434,treatment,2026-03-07,0
6435,control,2026-03-02,0
6436,control,2026-03-13,0
6437,control,2026-03-12,1
6438,control,2026-03-03,0
6439,control,2026-03-13,1
6440,treatment,2026-03-06,0
6441,control,2026-03-02,1
6442,treatment,2026-03-06,1
6443,treatment,2026-03-08,0
6444,treatment,2026-03-09,0
6445,treatment,2026-03-06,1
6446,control,2026-03-06,0
6447,control,2026-03-14,0
6448,treatment,2026-03-15,0
6449,control,2026-03-05,0
6450,control,2026-03-05,0
6451,treatment,2026-03-15,0
6452,treatment,2026-03-11,0
6453,treatment,2026-03-09,1
6454,control,2026-03-11,0
6455,control,2026-03-09,0
6456,treatment,2026-03-11,1
6457,treatment,2026-03-07,0
6458,treatment,2026-03-15,0
6459,treatment,2026-03-07,0
6460,control,2026-03-09,0
6461,control,2026-03-08,1
6462,control,2026-03-09,0
6463,treatment,2026-03-10,1
6464,treatment,2026-03-09,0
6465,treatment,2026-03-12,0
6466,treatment,2026-03-07,0
6467,control,2026-03-07,0
6468,control,2026-03-10,0
6469,treatment,2026-03-02,0
6470,control,2026-03-03,1
6471,treatment,2026-03-05,0
6472,control,2026-03-09,0
6473,treatment,2026-03-12,0
6474,treatment,2026-03-04,0
6475,control,2026-03-08,1
6476,control,2026-03-11,1
6477,control,2026-03-08,0
6478,treatment,2026-03-05,1
6479,control,2026-03-08,1
6480,control,2026-03-14,1
6481,treatment,2026-03-13,0
6482,treatment,2026-03-11,0
6483,control,2026-03-07,1
6484,control,2026-03-15,1
6485,control,2026-03-15,0
6486,control,2026-03-12,0
6487,treatment,2026-03-12,0
6488,control,2026-03-05,1
6489,control,2026-03-10,0
6490,treatment,2026-03-04,0
6491,control,2026-03-06,0
6492,control,2026-03-12,0
6493,treatment,2026-03-13,0
6494,control,2026-03-08,1
6495,control,2026-03-12,1
6496,control,2026-03-14,0
6497,treatment,2026-03-15,0
6498,control,2026-03-15,0
6499,control,2026-03-02,0
6500,treatment,2026-03-05,0
6501,treatment,2026-03-12,1
6502,control,2026-03-08,0
6503,control,2026-03-10,0
6504,control,2026-03-05,0
6505,control,2026-03-05,0
6506,control,2026-03-11,1
6507,treatment,2026-03-02,0
6508,control,2026-03-06,1
6509,control,2026-03-05,1
6510,treatment,2026-03-12,0
6511,treatment,2026-03-13,0
6512,treatment,2026-03-07,1
6513,treatment,2026-03-09,1
6514,control,2026-03-03,0
6515,control,2026-03-04,1
6516,treatment,2026-03-07,0
6517,treatment,2026-03-10,1
6518,control,2026-03-04,1
6519,treatment,2026-03-07,0
6520,control,2026-03-06,0
6521,control,2026-03-04,1
6522,treatment,2026-03-02,1
6523,treatment,2026-03-15,0
6524,control,2026-03-14,0
6525,control,2026-03-12,1
6526,treatment,2026-03-09,0
6527,treatment,2026-03-04,1
6528,control,2026-03-09,0
6529,control,2026-03-14,1
6530,control,2026-03-05,1
6531,control,2026-03-07,0
6532,control,2026-03-06,0
6533,treatment,2026-03-02,0
6534,control,2026-03-11,0
6535,control,2026-03-07,1
6536,treatment,2026-03-14,0
6537,treatment,2026-03-06,0
6538,control,2026-03-03,0
6539,control,2026-03-07,1
6540,treatment,2026-03-08,0
6541,treatment,2026-03-11,0
6542,control,2026-03-13,1
6543,treatment,2026-03-11,0
6544,control,2026-03-11,0
6545,treatment,2026-03-12,0
6546,control,2026-03-05,0
6547,control,2026-03-02,1
6548,control,2026-03-04,1
6549,control,2026-03-06,1
6550,treatment,2026-03-10,1
6551,control,2026-03-03,1
6552,treatment,2026-03-09,1
6553,treatment,2026-03-03,0
6554,treatment,2026-03-12,0
6555,control,2026-03-07,0
6556,control,2026-03-15,0
6557,treatment,2026-03-10,1
6558,control,2026-03-03,1
6559,treatment,2026-03-09,0
6560,treatment,2026-03-13,0
6561,control,2026-03-06,1
6562,treatment,2026-03-13,0
6563,treatment,2026-03-10,1
6564,control,2026-03-05,0
6565,control,2026-03-04,1
6566,control,2026-03-03,1
6567,control,2026-03-09,0
6568,control,2026-03-06,1
6569,treatment,2026-03-06,0
6570,control,2026-03-05,1
6571,control,2026-03-15,1
6572,treatment,2026-03-13,0
6573,control,2026-03-10,1
6574,treatment,2026-03-02,0
6575,control,2026-03-02,0
6576,treatment,2026-03-13,0
6577,control,2026-03-02,0
6578,control,2026-03-08,0
6579,treatment,2026-03-04,0
6580,control,2026-03-15,0
6581,control,2026-03-03,0
6582,control,2026-03-11,1
6583,control,2026-03-13,0
6584,treatment,2026-03-03,0
6585,control,2026-03-06,0
6586,control,2026-03-09,1
6587,control,2026-03-15,0
6588,control,2026-03-13,1
6589,control,2026-03-08,0
6590,treatment,2026-03-03,0
6591,treatment,2026-03-03,0
6592,control,2026-03-05,0
6593,treatment,2026-03-06,0
6594,control,2026-03-07,0
6595,treatment,2026-03-12,0
6596,control,2026-03-03,0
6597,treatment,2026-03-07,1
6598,control,2026-03-12,0
6599,treatment,2026-03-02,1
6600,treatment,2026-03-11,0
6601,treatment,2026-03-08,1
6602,control,2026-03-14,0
6603,control,2026-03-02,0
6604,treatment,2026-03-10,1
6605,treatment,2026-03-05,0
6606,treatment,2026-03-02,1
6607,control,2026-03-02,0
6608,control,2026-03-14,0
6609,treatment,2026-03-10,0
6610,treatment,2026-03-11,1
6611,treatment,2026-03-10,1
6612,treatment,2026-03-15,1
6613,treatment,2026-03-14,0
6614,treatment,2026-03-08,0
6615,control,2026-03-07,0
6616,control,2026-03-07,0
6617,treatment,2026-03-14,1
6618,treatment,2026-03-05,0
6619,control,2026-03-02,1
6620,control,2026-03-05,0
6621,treatment,2026-03-10,0
6622,control,2026-03-10,1
6623,treatment,2026-03-02,1
6624,treatment,2026-03-07,1
6625,control,2026-03-03,0
6626,control,2026-03-12,0
6627,treatment,2026-03-07,1
6628,treatment,2026-03-15,0
6629,treatment,2026-03-14,1
6630,treatment,2026-03-09,1
6631,control,2026-03-14,0
6632,treatment,2026-03-15,0
6633,control,2026-03-02,1
6634,treatment,2026-03-03,1
6635,treatment,2026-03-15,1
6636,treatment,2026-03-05,1
6637,control,2026-03-05,0
6638,treatment,2026-03-11,0
6639,control,2026-03-10,1
6640,treatment,2026-03-12,1
6641,control,2026-03-05,0
6642,control,2026-03-07,0
6643,control,2026-03-06,1
6644,treatment,2026-03-11,0
6645,treatment,2026-03-12,0
6646,treatment,2026-03-08,1
6647,control,2026-03-08,0
6648,treatment,2026-03-14,1
6649,treatment,2026-03-07,1
6650,control,2026-03-09,0
6651,control,2026-03-09,0
6652,control,2026-03-10,1
6653,control,2026-03-05,0
6654,control,2026-03-03,0
6655,treatment,2026-03-03,0
6656,treatment,2026-03-03,0
6657,treatment,2026-03-03,1
6658,treatment,2026-03-09,1
6659,control,2026-03-13,0
6660,control,2026-03-13,0
6661,treatment,2026-03-08,0
6662,control,2026-03-15,1
6663,treatment,2026-03-02,1
6664,treatment,2026-03-14,0
6665,treatment,2026-03-15,0
6666,control,2026-03-11,1
6667,control,2026-03-05,0
6668,control,2026-03-03,0
6669,treatment,2026-03-09,0
6670,treatment,2026-03-09,0
6671,control,2026-03-15,0
6672,control,2026-03-08,1
6673,treatment,2026-03-11,0
6674,treatment,2026-03-08,1
6675,treatment,2026-03-10,0
6676,control,2026-03-10,1
6677,control,2026-03-02,0
6678,treatment,2026-03-07,1
6679,control,2026-03-07,0
6680,control,2026-03-03,1
6681,control,2026-03-02,1
6682,control,2026-03-09,0
6683,control,2026-03-12,0
6684,treatment,2026-03-09,1
6685,control,2026-03-08,0
6686,treatment,2026-03-13,0
6687,control,2026-03-04,1
6688,treatment,2026-03-08,0
6689,control,2026-03-10,1
6690,treatment,2026-03-13,0
6691,treatment,2026-03-11,1
6692,control,2026-03-05,0
6693,treatment,2026-03-02,1
6694,treatment,2026-03-03,1
6695,treatment,2026-03-06,0
6696,treatment,2026-03-10,0
6697,treatment,2026-03-03,0
6698,control,2026-03-14,0
6699,treatment,2026-03-08,0
6700,treatment,2026-03-13,1
6701,control,2026-03-08,1
6702,treatment,2026-03-12,1
6703,treatment,2026-03-12,0
6704,treatment,2026-03-02,0
6705,treatment,2026-03-09,1
6706,control,2026-03-04,0
6707,control,2026-03-04,1
6708,treatment,2026-03-15,0
6709,treatment,2026-03-13,0
6710,control,2026-03-05,0
6711,control,2026-03-02,0
6712,control,2026-03-12,0
6713,control,2026-03-06,1
6714,treatment,2026-03-11,0
6715,control,2026-03-03,1
6716,control,2026-03-06,0
6717,control,2026-03-03,1
6718,control,2026-03-11,0
6719,treatment,2026-03-09,0
6720,treatment,2026-03-11,1
6721,control,2026-03-08,1
6722,treatment,2026-03-02,0
6723,control,2026-03-11,0
6724,treatment,2026-03-09,1
6725,treatment,2026-03-13,0
6726,treatment,2026-03-12,1
6727,control,2026-03-06,0
6728,treatment,2026-03-05,1
6729,control,2026-03-05,0
6730,control,2026-03-12,0
6731,control,2026-03-11,1
6732,control,2026-03-03,0
6733,control,2026-03-04,1
6734,treatment,2026-03-02,0
6735,control,2026-03-05,0
6736,control,2026-03-14,0
6737,treatment,2026-03-09,0
6738,treatment,2026-03-13,1
6739,treatment,2026-03-12,1
6740,treatment,2026-03-09,0
6741,treatment,2026-03-14,0
6742,control,2026-03-07,1
6743,control,2026-03-04,1
6744,control,2026-03-13,1
6745,treatment,2026-03-11,1
6746,control,2026-03-06,1
6747,treatment,2026-03-14,0
6748,control,2026-03-07,1
6749,treatment,2026-03-12,1
6750,control,2026-03-06,1
6751,treatment,2026-03-15,1
6752,control,2026-03-02,0
6753,treatment,2026-03-06,0
6754,treatment,2026-03-03,0
6755,control,2026-03-03,1
6756,control,2026-03-15,0
6757,control,2026-03-05,1
6758,treatment,2026-03-06,0
6759,control,2026-03-12,1
6760,treatment,2026-03-07,0
6761,control,2026-03-07,0
6762,control,2026-03-10,0
6763,control,2026-03-05,1
6764,control,2026-03-11,0
6765,treatment,2026-03-06,0
6766,treatment,2026-03-10,1
6767,control,2026-03-05,0
6768,control,2026-03-03,1
6769,control,2026-03-05,0
6770,treatment,2026-03-08,1
6771,treatment,2026-03-06,0
6772,treatment,2026-03-02,0
6773,control,2026-03-14,0
6774,control,2026-03-11,1
6775,treatment,2026-03-06,0
6776,control,2026-03-08,1
6777,control,2026-03-05,0
6778,control,2026-03-10,0
6779,treatment,2026-03-02,0
6780,control,2026-03-14,0
6781,treatment,2026-03-13,1
6782,treatment,2026-03-05,0
6783,treatment,2026-03-06,1
6784,control,2026-03-14,1
6785,control,2026-03-09,0
6786,control,2026-03-14,1
6787,treatment,2026-03-12,0
6788,treatment,2026-03-12,0
6789,control,2026-03-12,0
6790,treatment,2026-03-15,0
6791,control,2026-03-11,0
6792,treatment,2026-03-05,0
6793,treatment,2026-03-05,1
6794,control,2026-03-03,0
6795,control,2026-03-13,0
6796,treatment,2026-03-14,0
6797,control,2026-03-07,0
6798,control,2026-03-09,0
6799,control,2026-03-05,1
6800,control,2026-03-15,0
6801,control,2026-03-10,1
6802,treatment,2026-03-08,1
6803,control,2026-03-08,0
6804,treatment,2026-03-10,1
6805,control,2026-03-11,0
6806,treatment,2026-03-15,0
6807,control,2026-03-09,0
6808,control,2026-03-06,0
6809,treatment,2026-03-14,0
6810,treatment,2026-03-12,0
6811,control,2026-03-09,0
6812,control,2026-03-06,0
6813,treatment,2026-03-11,1
6814,control,2026-03-05,0
6815,control,2026-03-08,1
6816,treatment,2026-03-13,1
6817,control,2026-03-15,0
6818,control,2026-03-08,0
6819,treatment,2026-03-10,1
6820,treatment,2026-03-11,0
6821,control,2026-03-09,0
6822,control,2026-03-10,1
6823,treatment,2026-03-10,1
6824,treatment,2026-03-10,0
6825,treatment,2026-03-05,0
6826,treatment,2026-03-11,0
6827,treatment,2026-03-04,0
6828,treatment,2026-03-06,1
6829,treatment,2026-03-15,0
6830,control,2026-03-10,0
6831,control,2026-03-06,0
6832,treatment,2026-03-02,1
6833,treatment,2026-03-05,0
6834,control,2026-03-05,1
6835,treatment,2026-03-14,0
6836,treatment,2026-03-07,0
6837,treatment,2026-03-14,0
6838,treatment,2026-03-05,0
6839,control,2026-03-06,0
6840,control,2026-03-11,1
6841,treatment,2026-03-15,1
6842,control,2026-03-07,0
6843,treatment,2026-03-08,1
6844,treatment,2026-03-03,0
6845,control,2026-03-14,0
6846,treatment,2026-03-09,1
6847,treatment,2026-03-03,0
6848,treatment,2026-03-10,0
6849,control,2026-03-13,0
6850,treatment,2026-03-03,0
6851,treatment,2026-03-15,1
6852,control,2026-03-07,1
6853,treatment,2026-03-13,1
6854,control,2026-03-04,0
6855,treatment,2026-03-05,1
6856,control,2026-03-06,0
6857,control,2026-03-15,1
6858,control,2026-03-09,0
6859,treatment,2026-03-12,1
6860,control,2026-03-15,0
6861,treatment,2026-03-04,0
6862,treatment,2026-03-08,0
6863,control,2026-03-07,0
6864,control,2026-03-11,1
6865,treatment,2026-03-06,0
6866,control,2026-03-12,1
6867,control,2026-03-05,0
6868,treatment,2026-03-03,1
6869,control,2026-03-03,1
6870,treatment,2026-03-06,1
6871,treatment,2026-03-14,0
6872,control,2026-03-08,0
6873,control,2026-03-14,1
6874,treatment,2026-03-07,0
6875,control,2026-03-06,0
6876,control,2026-03-10,0
6877,control,2026-03-08,0
6878,treatment,2026-03-10,0
6879,treatment,2026-03-08,0
6880,treatment,2026-03-12,1
6881,control,2026-03-08,0
6882,treatment,2026-03-14,1
6883,control,2026-03-07,1
6884,treatment,2026-03-07,1
6885,control,2026-03-05,0
6886,control,2026-03-03,0
6887,control,2026-03-12,0
6888,control,2026-03-08,0
6889,treatment,2026-03-04,0
6890,control,2026-03-06,0
6891,control,2026-03-02,0
6892,treatment,2026-03-02,0
6893,control,2026-03-09,1
6894,control,2026-03-11,0
6895,control,2026-03-11,0
6896,treatment,2026-03-14,1
6897,treatment,2026-03-08,0
6898,control,2026-03-07,1
6899,control,2026-03-05,0
6900,treatment,2026-03-09,0
6901,treatment,2026-03-10,0
6902,treatment,2026-03-06,0
6903,control,2026-03-11,0
6904,control,2026-03-02,0
6905,treatment,2026-03-14,0
6906,control,2026-03-03,0
6907,control,2026-03-04,0
6908,treatment,2026-03-12,1
6909,control,2026-03-06,0
6910,control,2026-03-11,1
6911,treatment,2026-03-10,1
6912,control,2026-03-02,1
6913,control,2026-03-14,1
6914,treatment,2026-03-08,1
6915,control,2026-03-14,1
6916,treatment,2026-03-14,0
6917,treatment,2026-03-04,0
6918,treatment,2026-03-09,0
6919,treatment,2026-03-04,0
6920,control,2026-03-11,1
6921,control,2026-03-04,0
6922,control,2026-03-15,0
6923,control,2026-03-04,1
6924,control,2026-03-08,0
6925,treatment,2026-03-11,0
6926,control,2026-03-04,0
6927,treatment,2026-03-02,1
6928,control,2026-03-05,1
6929,treatment,2026-03-08,0
6930,treatment,2026-03-13,0
6931,control,2026-03-11,0
6932,treatment,2026-03-02,0
6933,treatment,2026-03-15,0
6934,treatment,2026-03-10,1
6935,treatment,2026-03-11,1
6936,treatment,2026-03-15,1
6937,treatment,2026-03-09,0
6938,control,2026-03-12,1
6939,treatment,2026-03-11,1
6940,control,2026-03-07,0
6941,control,2026-03-13,0
6942,control,2026-03-05,1
6943,treatment,2026-03-08,1
6944,control,2026-03-15,1
6945,treatment,2026-03-03,0
6946,control,2026-03-08,0
6947,treatment,2026-03-08,0
6948,treatment,2026-03-02,0
6949,treatment,2026-03-13,1
6950,control,2026-03-13,0
6951,control,2026-03-11,0
6952,treatment,2026-03-08,0
6953,treatment,2026-03-03,0
6954,treatment,2026-03-10,0
6955,treatment,2026-03-05,0
6956,treatment,2026-03-13,0
6957,control,2026-03-02,0
6958,treatment,2026-03-12,0
6959,treatment,2026-03-06,0
6960,control,2026-03-15,0
6961,control,2026-03-09,0
6962,control,2026-03-04,1
6963,control,2026-03-15,1
6964,treatment,2026-03-09,0
6965,control,2026-03-05,0
6966,control,2026-03-08,0
6967,control,2026-03-06,0
6968,control,2026-03-14,0
6969,control,2026-03-06,0
6970,control,2026-03-10,1
6971,treatment,2026-03-06,0
6972,control,2026-03-12,0
6973,treatment,2026-03-09,1
6974,control,2026-03-14,0
6975,treatment,2026-03-07,0
6976,treatment,2026-03-06,1
6977,treatment,2026-03-02,0
6978,control,2026-03-03,1
6979,control,2026-03-14,0
6980,control,2026-03-12,1
6981,control,2026-03-03,0
6982,treatment,2026-03-08,0
6983,treatment,2026-03-04,0
6984,control,2026-03-05,0
6985,treatment,2026-03-08,1
6986,control,2026-03-09,1
6987,control,2026-03-03,1
6988,control,2026-03-14,0
6989,control,2026-03-05,0
6990,control,2026-03-10,1
6991,control,2026-03-08,0
6992,treatment,2026-03-06,0
6993,treatment,2026-03-12,0
6994,treatment,2026-03-12,0
6995,treatment,2026-03-02,0
6996,control,2026-03-04,1
6997,control,2026-03-06,0
6998,treatment,2026-03-09,0
6999,control,2026-03-07,1
7000,treatment,2026-03-15,0
7001,control,2026-03-11,0
7002,control,2026-03-11,0
7003,control,2026-03-07,0
7004,treatment,2026-03-05,0
7005,control,2026-03-11,1
7006,control,2026-03-15,0
7007,control,2026-03-02,1
7008,control,2026-03-04,1
7009,control,2026-03-06,0
7010,control,2026-03-05,1
7011,control,2026-03-09,0
7012,treatment,2026-03-09,1
7013,treatment,2026-03-15,0
7014,control,2026-03-04,1
7015,control,2026-03-07,0
7016,control,2026-03-14,0
7017,treatment,2026-03-13,0
7018,treatment,2026-03-04,0
7019,treatment,2026-03-09,1
7020,control,2026-03-02,0
7021,treatment,2026-03-03,1
7022,treatment,2026-03-02,0
7023,control,2026-03-12,0
7024,control,2026-03-08,1
7025,control,2026-03-03,1
7026,control,2026-03-06,0
7027,control,2026-03-06,0
7028,control,2026-03-02,0
7029,control,2026-03-02,0
7030,treatment,2026-03-10,0
7031,control,2026-03-09,1
7032,control,2026-03-13,0
7033,control,2026-03-14,1
7034,control,2026-03-08,0
7035,treatment,2026-03-03,0
7036,control,2026-03-09,0
7037,treatment,2026-03-04,0
7038,control,2026-03-15,0
7039,treatment,2026-03-14,1
7040,control,2026-03-03,0
7041,treatment,2026-03-05,0
7042,treatment,2026-03-15,0
7043,control,2026-03-10,0
7044,treatment,2026-03-04,0
7045,control,2026-03-14,0
7046,control,2026-03-06,0
7047,treatment,2026-03-10,1
7048,treatment,2026-03-09,0
7049,treatment,2026-03-07,1
7050,control,2026-03-10,1
7051,control,2026-03-12,0
7052,treatment,2026-03-02,0
7053,treatment,2026-03-14,0
7054,treatment,2026-03-14,0
7055,treatment,2026-03-14,1
7056,control,2026-03-07,1
7057,control,2026-03-09,0
7058,treatment,2026-03-15,1
7059,control,2026-03-13,1
7060,control,2026-03-15,0
7061,control,2026-03-03,0
7062,treatment,2026-03-03,0
7063,control,2026-03-09,0
7064,control,2026-03-09,1
7065,treatment,2026-03-11,0
7066,control,2026-03-14,0
7067,treatment,2026-03-12,0
7068,treatment,2026-03-07,0
7069,control,2026-03-06,0
7070,treatment,2026-03-14,0
7071,control,2026-03-07,0
7072,treatment,2026-03-10,1
7073,treatment,2026-03-12,0
7074,treatment,2026-03-08,1
7075,treatment,2026-03-05,1
7076,treatment,2026-03-13,0
7077,control,2026-03-12,0
7078,treatment,2026-03-11,0
7079,control,2026-03-14,0
7080,treatment,2026-03-13,1
7081,control,2026-03-13,0
7082,control,2026-03-13,1
7083,control,2026-03-09,1
7084,control,2026-03-15,0
7085,control,2026-03-03,0
7086,treatment,2026-03-08,0
7087,treatment,2026-03-02,0
7088,treatment,2026-03-13,1
7089,control,2026-03-05,0
7090,control,2026-03-11,1
7091,control,2026-03-10,0
7092,control,2026-03-05,0
7093,treatment,2026-03-09,1
7094,control,2026-03-11,1
7095,control,2026-03-09,0
7096,control,2026-03-13,0
7097,control,2026-03-03,0
7098,control,2026-03-12,0
7099,treatment,2026-03-05,1
7100,control,2026-03-14,0
7101,control,2026-03-03,0
7102,treatment,2026-03-03,0
7103,control,2026-03-02,0
7104,treatment,2026-03-07,0
7105,control,2026-03-13,0
7106,treatment,2026-03-02,1
7107,treatment,2026-03-04,0
7108,treatment,2026-03-11,0
7109,treatment,2026-03-06,1
7110,control,2026-03-09,1
7111,treatment,2026-03-14,1
7112,treatment,2026-03-06,1
7113,treatment,2026-03-15,1
7114,treatment,2026-03-04,1
7115,treatment,2026-03-07,0
7116,control,2026-03-13,0
7117,treatment,2026-03-13,1
7118,control,2026-03-15,0
7119,control,2026-03-03,1
7120,treatment,2026-03-12,0
7121,treatment,2026-03-03,0
7122,treatment,2026-03-02,0
7123,control,2026-03-15,0
7124,treatment,2026-03-12,0
7125,treatment,2026-03-03,0
7126,treatment,2026-03-02,1
7127,control,2026-03-03,0
7128,control,2026-03-08,1
7129,control,2026-03-08,1
7130,control,2026-03-05,0
7131,control,2026-03-07,1
7132,control,2026-03-06,1
7133,treatment,2026-03-11,0
7134,control,2026-03-04,1
7135,treatment,2026-03-04,0
7136,control,2026-03-14,0
7137,treatment,2026-03-14,0
7138,treatment,2026-03-12,0
7139,control,2026-03-12,0
7140,treatment,2026-03-03,0
7141,treatment,2026-03-07,0
7142,control,2026-03-10,0
7143,treatment,2026-03-03,0
7144,control,2026-03-07,1
7145,control,2026-03-06,1
7146,treatment,2026-03-02,0
7147,treatment,2026-03-04,0
7148,control,2026-03-13,0
7149,treatment,2026-03-06,0
7150,control,2026-03-11,1
7151,treatment,2026-03-04,1
7152,control,2026-03-09,1
7153,treatment,2026-03-07,0
7154,control,2026-03-14,0
7155,treatment,2026-03-12,0
7156,control,2026-03-07,0
7157,control,2026-03-07,0
7158,control,2026-03-09,1
7159,control,2026-03-14,0
7160,control,2026-03-14,0
7161,control,2026-03-08,0
7162,treatment,2026-03-14,0
7163,control,2026-03-02,0
7164,treatment,2026-03-09,0
7165,control,2026-03-02,0
7166,control,2026-03-11,0
7167,treatment,2026-03-05,0
7168,control,2026-03-03,0
7169,treatment,2026-03-15,0
7170,treatment,2026-03-14,1
7171,control,2026-03-02,1
7172,control,2026-03-15,0
7173,treatment,2026-03-04,0
7174,treatment,2026-03-13,0
7175,treatment,2026-03-05,0
7176,treatment,2026-03-13,0
7177,control,2026-03-06,1
7178,control,2026-03-05,0
7179,control,2026-03-08,1
7180,treatment,2026-03-07,0
7181,treatment,2026-03-06,1
7182,treatment,2026-03-12,0
7183,treatment,2026-03-10,1
7184,treatment,2026-03-05,0
7185,treatment,2026-03-06,0
7186,treatment,2026-03-02,0
7187,treatment,2026-03-08,0
7188,control,2026-03-03,0
7189,treatment,2026-03-02,0
7190,treatment,2026-03-04,1
7191,control,2026-03-05,0
7192,treatment,2026-03-06,0
7193,treatment,2026-03-11,0
7194,control,2026-03-10,1
7195,control,2026-03-09,0
7196,control,2026-03-02,1
7197,control,2026-03-07,0
7198,treatment,2026-03-03,0
7199,treatment,2026-03-15,0
7200,treatment,2026-03-15,0
7201,control,2026-03-07,0
7202,control,2026-03-13,1
7203,treatment,2026-03-03,0
7204,treatment,2026-03-07,0
7205,treatment,2026-03-07,0
7206,treatment,2026-03-13,0
7207,control,2026-03-06,0
7208,control,2026-03-02,0
7209,control,2026-03-15,0
7210,treatment,2026-03-09,0
7211,control,2026-03-03,0
7212,treatment,2026-03-05,0
7213,control,2026-03-04,0
7214,control,2026-03-12,0
7215,control,2026-03-11,1
7216,control,2026-03-02,0
7217,treatment,2026-03-05,0
7218,control,2026-03-03,1
7219,treatment,2026-03-11,0
7220,control,2026-03-07,0
7221,treatment,2026-03-09,0
7222,control,2026-03-02,0
7223,treatment,2026-03-13,0
7224,treatment,2026-03-13,1
7225,control,2026-03-13,1
7226,control,2026-03-11,0
7227,control,2026-03-10,0
7228,treatment,2026-03-13,0
7229,treatment,2026-03-12,1
7230,treatment,2026-03-10,0
7231,control,2026-03-06,0
7232,control,2026-03-11,0
7233,treatment,2026-03-11,1
7234,control,2026-03-12,0
7235,treatment,2026-03-13,0
7236,treatment,2026-03-13,0
7237,treatment,2026-03-06,0
7238,control,2026-03-14,0
7239,control,2026-03-04,0
7240,control,2026-03-14,0
7241,control,2026-03-14,0
7242,treatment,2026-03-10,1
7243,treatment,2026-03-14,0
7244,treatment,2026-03-06,0
7245,control,2026-03-14,0
7246,control,2026-03-13,0
7247,control,2026-03-04,0
7248,treatment,2026-03-08,0
7249,control,2026-03-09,1
7250,treatment,2026-03-15,0
7251,control,2026-03-12,1
7252,control,2026-03-07,0
7253,control,2026-03-07,0
7254,treatment,2026-03-08,0
7255,treatment,2026-03-10,1
7256,control,2026-03-05,1
7257,treatment,2026-03-04,1
7258,control,2026-03-07,1
7259,control,2026-03-02,0
7260,treatment,2026-03-07,1
7261,treatment,2026-03-14,1
7262,control,2026-03-13,0
7263,control,2026-03-06,0
7264,control,2026-03-07,0
7265,treatment,2026-03-13,0
7266,control,2026-03-12,1
7267,treatment,2026-03-13,0
7268,control,2026-03-06,1
7269,control,2026-03-14,1
7270,treatment,2026-03-04,0
7271,control,2026-03-04,1
7272,control,2026-03-07,0
7273,control,2026-03-03,1
7274,treatment,2026-03-13,0
7275,control,2026-03-09,0
7276,treatment,2026-03-15,0
7277,treatment,2026-03-08,1
7278,treatment,2026-03-05,0
7279,treatment,2026-03-02,0
7280,treatment,2026-03-05,1
7281,control,2026-03-10,0
7282,treatment,2026-03-07,1
7283,control,2026-03-07,1
7284,control,2026-03-11,1
7285,control,2026-03-07,0
7286,control,2026-03-09,0
7287,control,2026-03-09,1
7288,treatment,2026-03-03,0
7289,control,2026-03-15,1
7290,control,2026-03-15,1
7291,control,2026-03-04,0
7292,control,2026-03-08,1
7293,control,2026-03-13,0
7294,treatment,2026-03-15,0
7295,control,2026-03-03,1
7296,treatment,2026-03-05,1
7297,control,2026-03-02,1
7298,control,2026-03-14,0
7299,control,2026-03-07,1
7300,control,2026-03-11,0
7301,treatment,2026-03-13,1
7302,control,2026-03-15,0
7303,control,2026-03-07,1
7304,control,2026-03-06,1
7305,treatment,2026-03-04,0
7306,control,2026-03-05,1
7307,control,2026-03-15,0
7308,control,2026-03-10,1
7309,control,2026-03-15,1
7310,treatment,2026-03-11,0
7311,control,2026-03-05,0
7312,treatment,2026-03-13,1
7313,control,2026-03-14,0
7314,control,2026-03-06,0
7315,control,2026-03-10,0
7316,control,2026-03-10,0
7317,control,2026-03-07,0
7318,treatment,2026-03-04,1
7319,treatment,2026-03-13,1
7320,treatment,2026-03-12,0
7321,control,2026-03-10,1
7322,control,2026-03-05,1
7323,treatment,2026-03-08,0
7324,control,2026-03-10,0
7325,treatment,2026-03-10,0
7326,control,2026-03-02,0
7327,control,2026-03-05,0
7328,control,2026-03-05,1
7329,control,2026-03-08,1
7330,control,2026-03-02,0
7331,treatment,2026-03-07,0
7332,control,2026-03-09,0
7333,treatment,2026-03-02,0
7334,control,2026-03-02,0
7335,treatment,2026-03-03,0
7336,treatment,2026-03-15,1
7337,treatment,2026-03-15,0
7338,control,2026-03-11,1
7339,control,2026-03-13,1
7340,treatment,2026-03-07,0
7341,control,2026-03-09,0
7342,control,2026-03-12,0
7343,control,2026-03-15,1
7344,control,2026-03-10,1
7345,control,2026-03-07,1
7346,treatment,2026-03-09,0
7347,treatment,2026-03-05,0
7348,treatment,2026-03-15,1
7349,control,2026-03-06,0
7350,control,2026-03-14,1
7351,control,2026-03-14,1
7352,treatment,2026-03-05,0
7353,treatment,2026-03-02,0
7354,control,2026-03-11,0
7355,control,2026-03-15,0
7356,treatment,2026-03-07,0
7357,treatment,2026-03-14,0
7358,treatment,2026-03-06,0
7359,treatment,2026-03-14,1
7360,control,2026-03-07,0
7361,treatment,2026-03-06,0
7362,control,2026-03-14,0
7363,control,2026-03-15,1
7364,treatment,2026-03-14,1
7365,treatment,2026-03-02,0
7366,control,2026-03-03,1
7367,control,2026-03-15,0
7368,treatment,2026-03-04,1
7369,treatment,2026-03-08,0
7370,control,2026-03-06,0
7371,treatment,2026-03-10,0
7372,control,2026-03-09,1
7373,control,2026-03-08,0
7374,treatment,2026-03-11,0
7375,treatment,2026-03-07,0
7376,treatment,2026-03-02,1
7377,control,2026-03-15,1
7378,treatment,2026-03-09,0
7379,control,2026-03-15,0
7380,treatment,2026-03-07,1
7381,control,2026-03-15,0
7382,control,2026-03-08,1
7383,treatment,2026-03-02,0
7384,treatment,2026-03-04,1
7385,treatment,2026-03-03,0
7386,control,2026-03-07,0
7387,treatment,2026-03-08,1
7388,control,2026-03-11,0
7389,treatment,2026-03-03,0
7390,control,2026-03-03,1
7391,treatment,2026-03-10,0
7392,treatment,2026-03-13,0
7393,treatment,2026-03-05,0
7394,treatment,2026-03-12,1
7395,treatment,2026-03-12,0
7396,control,2026-03-04,0
7397,control,2026-03-06,1
7398,control,2026-03-12,0
7399,treatment,2026-03-02,0
7400,control,2026-03-11,0
7401,control,2026-03-09,0
7402,control,2026-03-15,1
7403,treatment,2026-03-09,0
7404,control,2026-03-03,0
7405,control,2026-03-10,0
7406,control,2026-03-04,0
7407,control,2026-03-06,0
7408,treatment,2026-03-13,0
7409,control,2026-03-10,0
7410,treatment,2026-03-08,0
7411,control,2026-03-06,0
7412,control,2026-03-11,1
7413,treatment,2026-03-03,1
7414,control,2026-03-10,1
7415,treatment,2026-03-12,1
7416,control,2026-03-05,1
7417,control,2026-03-15,0
7418,treatment,2026-03-08,0
7419,treatment,2026-03-06,0
7420,control,2026-03-14,0
7421,control,2026-03-11,1
7422,control,2026-03-10,0
7423,treatment,2026-03-09,0
7424,control,2026-03-09,0
7425,control,2026-03-13,0
7426,treatment,2026-03-08,0
7427,treatment,2026-03-14,1
7428,control,2026-03-06,0
7429,treatment,2026-03-02,1
7430,treatment,2026-03-10,0
7431,treatment,2026-03-10,1
7432,control,2026-03-15,0
7433,control,2026-03-03,0
7434,control,2026-03-14,1
7435,control,2026-03-11,1
7436,control,2026-03-03,1
7437,control,2026-03-11,1
7438,treatment,2026-03-07,0
7439,control,2026-03-08,1
7440,control,2026-03-10,0
7441,treatment,2026-03-08,1
7442,treatment,2026-03-06,0
7443,treatment,2026-03-15,0
7444,treatment,2026-03-06,1
7445,control,2026-03-13,1
7446,control,2026-03-11,1
7447,control,2026-03-09,1
7448,treatment,2026-03-14,1
7449,control,2026-03-13,0
7450,control,2026-03-08,0
7451,control,2026-03-14,0
7452,treatment,2026-03-08,1
7453,control,2026-03-08,0
7454,control,2026-03-14,0
7455,control,2026-03-08,1
7456,treatment,2026-03-05,0
7457,treatment,2026-03-07,0
7458,control,2026-03-07,0
7459,treatment,2026-03-13,1
7460,control,2026-03-09,1
7461,treatment,2026-03-14,1
7462,treatment,2026-03-13,0
7463,treatment,2026-03-03,0
7464,control,2026-03-05,0
7465,treatment,2026-03-04,0
7466,treatment,2026-03-02,1
7467,treatment,2026-03-09,0
7468,control,2026-03-12,0
7469,control,2026-03-10,1
7470,control,2026-03-10,1
7471,control,2026-03-03,0
7472,treatment,2026-03-04,0
7473,treatment,2026-03-15,1
7474,treatment,2026-03-05,0
7475,treatment,2026-03-02,1
7476,control,2026-03-09,0
7477,control,2026-03-13,1
7478,treatment,2026-03-07,1
7479,control,2026-03-03,0
7480,treatment,2026-03-13,0
7481,control,2026-03-12,0
7482,control,2026-03-02,0
7483,control,2026-03-02,0
7484,control,2026-03-12,0
7485,control,2026-03-13,0
7486,treatment,2026-03-02,0
7487,control,2026-03-12,0
7488,control,2026-03-04,0
7489,treatment,2026-03-05,1
7490,control,2026-03-02,0
7491,control,2026-03-14,1
7492,control,2026-03-09,0
7493,treatment,2026-03-15,1
7494,treatment,2026-03-08,0
7495,control,2026-03-15,0
7496,treatment,2026-03-04,0
7497,treatment,2026-03-10,0
7498,treatment,2026-03-08,1
7499,treatment,2026-03-10,1
7500,treatment,2026-03-15,0
7501,treatment,2026-03-05,0
7502,treatment,2026-03-08,0
7503,treatment,2026-03-08,0
7504,control,2026-03-05,0
7505,control,2026-03-15,0
7506,treatment,2026-03-07,1
7507,control,2026-03-13,0
7508,treatment,2026-03-10,0
7509,treatment,2026-03-05,1
7510,treatment,2026-03-12,0
7511,control,2026-03-06,0
7512,control,2026-03-15,1
7513,treatment,2026-03-06,0
7514,treatment,2026-03-04,0
7515,control,2026-03-11,1
7516,treatment,2026-03-09,0
7517,control,2026-03-05,0
7518,treatment,2026-03-05,0
7519,treatment,2026-03-04,1
7520,control,2026-03-12,1
7521,control,2026-03-04,1
7522,treatment,2026-03-10,0
7523,treatment,2026-03-10,0
7524,treatment,2026-03-11,0
7525,control,2026-03-11,0
7526,control,2026-03-14,0
7527,control,2026-03-12,1
7528,treatment,2026-03-12,0
7529,control,2026-03-07,1
7530,treatment,2026-03-08,0
7531,treatment,2026-03-03,0
7532,control,2026-03-09,1
7533,treatment,2026-03-04,0
7534,control,2026-03-08,1
7535,control,2026-03-14,1
7536,treatment,2026-03-12,0
7537,control,2026-03-06,0
7538,treatment,2026-03-05,0
7539,treatment,2026-03-13,1
7540,treatment,2026-03-11,1
7541,treatment,2026-03-12,0
7542,treatment,2026-03-12,1
7543,control,2026-03-12,0
7544,control,2026-03-15,0
7545,treatment,2026-03-04,1
7546,control,2026-03-09,0
7547,control,2026-03-04,1
7548,treatment,2026-03-05,0
7549,treatment,2026-03-07,0
7550,control,2026-03-15,0
7551,treatment,2026-03-02,1
7552,treatment,2026-03-09,0
7553,control,2026-03-12,0
7554,treatment,2026-03-15,0
7555,control,2026-03-08,1
7556,treatment,2026-03-07,1
7557,treatment,2026-03-11,1
7558,treatment,2026-03-14,1
7559,treatment,2026-03-03,1
7560,treatment,2026-03-02,0
7561,treatment,2026-03-06,0
7562,treatment,2026-03-03,1
7563,treatment,2026-03-08,1
7564,treatment,2026-03-06,0
7565,treatment,2026-03-14,1
7566,treatment,2026-03-02,0
7567,control,2026-03-09,0
7568,control,2026-03-05,1
7569,treatment,2026-03-06,0
7570,control,2026-03-08,1
7571,treatment,2026-03-12,0
7572,control,2026-03-04,0
7573,control,2026-03-11,1
7574,treatment,2026-03-12,0
7575,treatment,2026-03-10,0
7576,treatment,2026-03-12,1
7577,treatment,2026-03-06,0
7578,control,2026-03-10,0
7579,treatment,2026-03-07,0
7580,control,2026-03-02,0
7581,treatment,2026-03-10,0
7582,control,2026-03-08,0
7583,treatment,2026-03-14,0
7584,control,2026-03-15,1
7585,control,2026-03-10,0
7586,treatment,2026-03-09,0
7587,treatment,2026-03-06,0
7588,control,2026-03-07,0
7589,control,2026-03-12,0
7590,treatment,2026-03-09,0
7591,control,2026-03-05,1
7592,control,2026-03-12,0
7593,control,2026-03-07,0
7594,treatment,2026-03-10,1
7595,control,2026-03-10,0
7596,control,2026-03-15,0
7597,control,2026-03-09,0
7598,control,2026-03-08,1
7599,control,2026-03-12,1
7600,control,2026-03-08,0
7601,control,2026-03-07,0
7602,control,2026-03-14,0
7603,treatment,2026-03-05,0
7604,control,2026-03-02,1
7605,control,2026-03-13,0
7606,treatment,2026-03-15,0
7607,control,2026-03-14,0
7608,treatment,2026-03-03,0
7609,treatment,2026-03-08,0
7610,treatment,2026-03-15,1
7611,control,2026-03-03,1
7612,control,2026-03-08,1
7613,treatment,2026-03-07,1
7614,treatment,2026-03-11,0
7615,control,2026-03-15,1
7616,control,2026-03-14,1
7617,treatment,2026-03-09,0
7618,control,2026-03-06,1
7619,control,2026-03-13,0
7620,control,2026-03-07,0
7621,treatment,2026-03-11,0
7622,treatment,2026-03-05,0
7623,treatment,2026-03-10,1
7624,treatment,2026-03-07,0
7625,control,2026-03-06,1
7626,treatment,2026-03-12,0
7627,control,2026-03-10,0
7628,treatment,2026-03-13,1
7629,control,2026-03-09,0
7630,treatment,2026-03-04,0
7631,control,2026-03-13,1
7632,treatment,2026-03-12,0
7633,control,2026-03-09,0
7634,control,2026-03-08,0
7635,treatment,2026-03-07,0
7636,control,2026-03-03,1
7637,control,2026-03-02,0
7638,treatment,2026-03-02,1
7639,control,2026-03-06,1
7640,treatment,2026-03-07,1
7641,treatment,2026-03-05,0
7642,control,2026-03-04,0
7643,control,2026-03-03,1
7644,treatment,2026-03-05,1
7645,control,2026-03-11,0
7646,control,2026-03-12,0
7647,control,2026-03-05,0
7648,treatment,2026-03-05,1
7649,treatment,2026-03-06,0
7650,control,2026-03-09,1
7651,treatment,2026-03-15,1
7652,control,2026-03-08,0
7653,treatment,2026-03-14,0
7654,treatment,2026-03-11,0
7655,treatment,2026-03-13,1
7656,treatment,2026-03-05,0
7657,treatment,2026-03-12,0
7658,treatment,2026-03-14,0
7659,treatment,2026-03-07,0
7660,treatment,2026-03-05,0
7661,treatment,2026-03-07,0
7662,treatment,2026-03-15,0
7663,control,2026-03-15,0
7664,control,2026-03-10,1
7665,control,2026-03-14,1
7666,treatment,2026-03-10,0
7667,control,2026-03-03,0
7668,treatment,2026-03-02,0
7669,control,2026-03-08,0
7670,treatment,2026-03-13,0
7671,control,2026-03-12,0
7672,treatment,2026-03-06,1
7673,control,2026-03-07,0
7674,treatment,2026-03-08,0
7675,control,2026-03-12,0
7676,control,2026-03-07,0
7677,control,2026-03-08,1
7678,treatment,2026-03-14,0
7679,control,2026-03-04,0
7680,treatment,2026-03-08,1
7681,control,2026-03-04,0
7682,treatment,2026-03-15,1
7683,control,2026-03-06,1
7684,control,2026-03-07,0
7685,treatment,2026-03-10,0
7686,control,2026-03-10,1
7687,treatment,2026-03-03,0
7688,treatment,2026-03-10,1
7689,control,2026-03-13,0
7690,treatment,2026-03-06,0
7691,treatment,2026-03-06,1
7692,control,2026-03-03,0
7693,control,2026-03-10,1
7694,treatment,2026-03-04,1
7695,treatment,2026-03-10,1
7696,treatment,2026-03-05,1
7697,treatment,2026-03-14,1
7698,control,2026-03-06,1
7699,treatment,2026-03-08,0
7700,treatment,2026-03-03,0
7701,treatment,2026-03-11,0
7702,control,2026-03-08,0
7703,control,2026-03-05,0
7704,control,2026-03-12,0
7705,control,2026-03-03,0
7706,treatment,2026-03-12,1
7707,control,2026-03-08,0
7708,control,2026-03-12,0
7709,control,2026-03-04,0
7710,treatment,2026-03-04,0
7711,treatment,2026-03-07,0
7712,treatment,2026-03-06,0
7713,control,2026-03-02,0
7714,treatment,2026-03-04,1
7715,treatment,2026-03-04,1
7716,control,2026-03-06,1
7717,control,2026-03-09,0
7718,treatment,2026-03-10,0
7719,control,2026-03-05,0
7720,treatment,2026-03-09,1
7721,treatment,2026-03-05,1
7722,control,2026-03-15,0
7723,treatment,2026-03-13,0
7724,treatment,2026-03-11,1
7725,treatment,2026-03-13,0
7726,treatment,2026-03-02,0
7727,control,2026-03-11,0
7728,treatment,2026-03-14,1
7729,treatment,2026-03-13,0
7730,control,2026-03-14,0
7731,treatment,2026-03-12,0
7732,treatment,2026-03-05,1
7733,treatment,2026-03-12,1
7734,treatment,2026-03-14,0
7735,control,2026-03-02,0
7736,treatment,2026-03-05,0
7737,treatment,2026-03-15,1
7738,treatment,2026-03-11,0
7739,treatment,2026-03-14,1
7740,control,2026-03-12,0
7741,control,2026-03-13,0
7742,treatment,2026-03-10,1
7743,treatment,2026-03-12,0
7744,control,2026-03-14,1
7745,treatment,2026-03-14,0
7746,control,2026-03-07,0
7747,control,2026-03-06,1
7748,treatment,2026-03-14,0
7749,treatment,2026-03-13,0
7750,treatment,2026-03-11,1
7751,control,2026-03-09,0
7752,treatment,2026-03-05,1
7753,control,2026-03-02,1
7754,control,2026-03-10,1
7755,control,2026-03-05,0
7756,treatment,2026-03-15,0
7757,treatment,2026-03-03,1
7758,control,2026-03-13,0
7759,control,2026-03-10,0
7760,treatment,2026-03-08,0
7761,control,2026-03-06,0
7762,treatment,2026-03-04,1
7763,control,2026-03-13,0
7764,control,2026-03-09,0
7765,control,2026-03-07,0
7766,treatment,2026-03-07,1
7767,control,2026-03-02,0
7768,control,2026-03-04,1
7769,control,2026-03-09,0
7770,control,2026-03-11,1
7771,control,2026-03-02,0
7772,treatment,2026-03-07,1
7773,control,2026-03-08,0
7774,treatment,2026-03-09,1
7775,treatment,2026-03-12,0
7776,control,2026-03-13,0
7777,treatment,2026-03-15,0
7778,control,2026-03-13,1
7779,treatment,2026-03-12,0
7780,treatment,2026-03-12,1
7781,control,2026-03-13,0
7782,control,2026-03-15,0
7783,treatment,2026-03-10,1
7784,treatment,2026-03-12,0
7785,control,2026-03-04,0
7786,control,2026-03-11,1
7787,treatment,2026-03-04,0
7788,control,2026-03-07,0
7789,control,2026-03-06,1
7790,control,2026-03-10,1
7791,treatment,2026-03-12,0
7792,control,2026-03-12,1
7793,treatment,2026-03-02,1
7794,treatment,2026-03-05,1
7795,treatment,2026-03-10,0
7796,treatment,2026-03-09,0
7797,treatment,2026-03-04,0
7798,treatment,2026-03-05,1
7799,treatment,2026-03-04,0
7800,control,2026-03-12,1
7801,control,2026-03-06,0
7802,control,2026-03-04,0
7803,control,2026-03-14,1
7804,control,2026-03-13,0
7805,control,2026-03-03,0
7806,treatment,2026-03-08,1
7807,control,2026-03-13,0
7808,control,2026-03-10,1
7809,treatment,2026-03-14,0
7810,treatment,2026-03-13,1
7811,control,2026-03-13,0
7812,treatment,2026-03-09,0
7813,control,2026-03-10,1
7814,treatment,2026-03-04,0
7815,control,2026-03-13,0
7816,treatment,2026-03-10,1
7817,control,2026-03-10,1
7818,control,2026-03-11,0
7819,control,2026-03-10,0
7820,control,2026-03-06,1
7821,treatment,2026-03-15,0
7822,treatment,2026-03-11,1
7823,control,2026-03-07,0
7824,treatment,2026-03-03,1
7825,control,2026-03-15,0
7826,treatment,2026-03-08,1
7827,treatment,2026-03-13,0
7828,treatment,2026-03-08,0
7829,control,2026-03-06,1
7830,control,2026-03-02,1
7831,control,2026-03-04,1
7832,control,2026-03-03,1
7833,treatment,2026-03-06,1
7834,control,2026-03-10,0
7835,control,2026-03-15,1
7836,treatment,2026-03-09,1
7837,treatment,2026-03-07,1
7838,control,2026-03-11,0
7839,treatment,2026-03-06,1
7840,treatment,2026-03-14,0
7841,control,2026-03-08,0
7842,treatment,2026-03-11,1
7843,control,2026-03-05,0
7844,treatment,2026-03-05,0
7845,control,2026-03-03,0
7846,treatment,2026-03-07,1
7847,treatment,2026-03-10,0
7848,control,2026-03-15,1
7849,treatment,2026-03-11,1
7850,treatment,2026-03-02,1
7851,control,2026-03-08,0
7852,control,2026-03-12,0
7853,control,2026-03-12,1
7854,control,2026-03-07,0
7855,control,2026-03-02,0
7856,treatment,2026-03-02,0
7857,treatment,2026-03-13,0
7858,control,2026-03-03,0
7859,treatment,2026-03-08,0
7860,control,2026-03-07,0
7861,treatment,2026-03-07,0
7862,control,2026-03-10,1
7863,treatment,2026-03-10,0
7864,treatment,2026-03-12,0
7865,control,2026-03-03,0
7866,treatment,2026-03-02,1
7867,treatment,2026-03-07,1
7868,treatment,2026-03-03,0
7869,treatment,2026-03-09,0
7870,treatment,2026-03-15,0
7871,treatment,2026-03-11,1
7872,treatment,2026-03-11,1
7873,treatment,2026-03-11,0
7874,control,2026-03-09,0
7875,control,2026-03-08,0
7876,treatment,2026-03-09,0
7877,treatment,2026-03-15,0
7878,treatment,2026-03-10,1
7879,control,2026-03-15,1
7880,control,2026-03-03,0
7881,treatment,2026-03-12,1
7882,treatment,2026-03-03,0
7883,control,2026-03-13,0
7884,control,2026-03-06,0
7885,control,2026-03-08,0
7886,control,2026-03-03,1
7887,treatment,2026-03-04,1
7888,treatment,2026-03-02,0
7889,treatment,2026-03-05,0
7890,treatment,2026-03-13,0
7891,control,2026-03-12,1
7892,treatment,2026-03-05,0
7893,control,2026-03-07,0
7894,control,2026-03-06,1
7895,treatment,2026-03-14,0
7896,treatment,2026-03-03,1
7897,control,2026-03-12,1
7898,control,2026-03-11,1
7899,treatment,2026-03-14,0
7900,treatment,2026-03-04,1
7901,treatment,2026-03-13,0
7902,control,2026-03-08,1
7903,treatment,2026-03-12,0
7904,treatment,2026-03-11,1
7905,control,2026-03-15,0
7906,control,2026-03-14,0
7907,control,2026-03-05,0
7908,control,2026-03-12,0
7909,treatment,2026-03-13,0
7910,treatment,2026-03-15,0
7911,control,2026-03-05,1
7912,control,2026-03-13,0
7913,control,2026-03-12,1
7914,treatment,2026-03-12,0
7915,treatment,2026-03-02,1
7916,treatment,2026-03-06,0
7917,control,2026-03-03,0
7918,treatment,2026-03-09,1
7919,treatment,2026-03-04,1
7920,control,2026-03-04,0
7921,control,2026-03-04,0
7922,treatment,2026-03-07,1
7923,treatment,2026-03-08,1
7924,treatment,2026-03-08,1
7925,treatment,2026-03-11,1
7926,control,2026-03-05,1
7927,treatment,2026-03-11,0
7928,control,2026-03-13,0
7929,treatment,2026-03-13,1
7930,treatment,2026-03-04,1
7931,control,2026-03-03,0
7932,treatment,2026-03-10,0
7933,treatment,2026-03-08,0
7934,control,2026-03-06,1
7935,control,2026-03-04,1
7936,treatment,2026-03-04,1
7937,control,2026-03-11,1
7938,control,2026-03-05,0
7939,treatment,2026-03-05,1
7940,treatment,2026-03-13,0
7941,treatment,2026-03-07,0
7942,treatment,2026-03-06,0
7943,treatment,2026-03-12,0
7944,control,2026-03-05,0
7945,treatment,2026-03-09,0
7946,treatment,2026-03-15,1
7947,treatment,2026-03-15,1
7948,treatment,2026-03-02,1
7949,treatment,2026-03-15,0
7950,control,2026-03-12,0
7951,treatment,2026-03-06,1
7952,treatment,2026-03-04,0
7953,control,2026-03-04,1
7954,treatment,2026-03-09,0
7955,treatment,2026-03-11,1
7956,control,2026-03-05,0
7957,treatment,2026-03-04,1
7958,treatment,2026-03-15,0
7959,control,2026-03-03,0
7960,control,2026-03-08,0
7961,control,2026-03-15,0
7962,treatment,2026-03-04,0
7963,treatment,2026-03-03,1
7964,treatment,2026-03-06,0
7965,treatment,2026-03-12,1
7966,treatment,2026-03-14,0
7967,control,2026-03-13,0
7968,treatment,2026-03-02,1
7969,control,2026-03-12,1
7970,control,2026-03-15,0
7971,treatment,2026-03-08,0
7972,treatment,2026-03-06,0
7973,treatment,2026-03-14,0
7974,control,2026-03-14,0
7975,control,2026-03-13,0
7976,control,2026-03-02,1
7977,treatment,2026-03-03,0
7978,control,2026-03-10,0
7979,treatment,2026-03-08,1
7980,treatment,2026-03-04,1
7981,treatment,2026-03-13,1
7982,control,2026-03-11,1
7983,control,2026-03-02,1
7984,control,2026-03-07,0
7985,treatment,2026-03-15,1
7986,treatment,2026-03-13,0
7987,treatment,2026-03-05,1
7988,treatment,2026-03-12,0
7989,treatment,2026-03-14,0
7990,treatment,2026-03-06,1
7991,treatment,2026-03-11,0
7992,treatment,2026-03-15,0
7993,control,2026-03-10,1
7994,control,2026-03-12,0
7995,control,2026-03-03,0
7996,control,2026-03-14,0
7997,control,2026-03-02,0
7998,treatment,2026-03-12,0
7999,treatment,2026-03-11,1
8000,treatment,2026-03-09,0
8001,control,2026-03-05,1
8002,treatment,2026-03-08,0
8003,control,2026-03-08,1
8004,treatment,2026-03-04,0
8005,treatment,2026-03-12,0
8006,control,2026-03-12,0
8007,control,2026-03-05,0
8008,control,2026-03-10,0
8009,control,2026-03-10,1
8010,control,2026-03-13,0
8011,control,2026-03-03,1
8012,treatment,2026-03-10,0
8013,control,2026-03-12,0
8014,treatment,2026-03-12,0
8015,treatment,2026-03-08,0
8016,treatment,2026-03-13,1
8017,control,2026-03-10,0
8018,control,2026-03-15,1
8019,treatment,2026-03-13,0
8020,treatment,2026-03-03,1
8021,control,2026-03-05,1
8022,control,2026-03-06,1
8023,treatment,2026-03-04,1
8024,control,2026-03-05,1
8025,control,2026-03-09,1
8026,treatment,2026-03-12,1
8027,control,2026-03-04,0
8028,treatment,2026-03-09,0
8029,control,2026-03-09,0
8030,treatment,2026-03-15,1
8031,treatment,2026-03-10,1
8032,control,2026-03-08,0
8033,control,2026-03-03,0
8034,treatment,2026-03-09,1
8035,treatment,2026-03-05,0
8036,control,2026-03-10,1
8037,treatment,2026-03-02,0
8038,treatment,2026-03-07,0
8039,treatment,2026-03-08,0
8040,treatment,2026-03-11,0
8041,treatment,2026-03-15,0
8042,treatment,2026-03-10,0
8043,treatment,2026-03-10,0
8044,treatment,2026-03-03,1
8045,control,2026-03-08,1
8046,control,2026-03-05,0
8047,treatment,2026-03-04,0
8048,treatment,2026-03-09,1
8049,control,2026-03-04,1
8050,control,2026-03-06,0
8051,control,2026-03-13,1
8052,control,2026-03-05,0
8053,treatment,2026-03-10,0
8054,treatment,2026-03-05,1
8055,control,2026-03-11,1
8056,control,2026-03-12,1
8057,control,2026-03-07,0
8058,treatment,2026-03-06,0
8059,treatment,2026-03-07,0
8060,control,2026-03-03,1
8061,treatment,2026-03-06,1
8062,treatment,2026-03-02,0
8063,control,2026-03-04,0
8064,control,2026-03-06,1
8065,treatment,2026-03-15,1
8066,treatment,2026-03-02,1
8067,control,2026-03-11,1
8068,control,2026-03-09,0
8069,treatment,2026-03-07,0
8070,treatment,2026-03-05,0
8071,control,2026-03-02,1
8072,control,2026-03-11,1
8073,treatment,2026-03-02,0
8074,treatment,2026-03-09,0
8075,control,2026-03-05,0
8076,treatment,2026-03-06,0
8077,control,2026-03-12,1
8078,control,2026-03-15,1
8079,treatment,2026-03-10,0
8080,control,2026-03-13,1
8081,treatment,2026-03-02,0
8082,control,2026-03-08,0
8083,control,2026-03-10,1
8084,treatment,2026-03-10,0
8085,control,2026-03-14,0
8086,treatment,2026-03-05,1
8087,treatment,2026-03-05,1
8088,control,2026-03-07,0
8089,control,2026-03-04,1
8090,treatment,2026-03-08,0
8091,control,2026-03-05,0
8092,control,2026-03-14,0
8093,treatment,2026-03-12,1
8094,treatment,2026-03-06,1
8095,control,2026-03-09,0
8096,control,2026-03-02,0
8097,control,2026-03-07,1
8098,control,2026-03-12,0
8099,control,2026-03-09,0
8100,treatment,2026-03-15,0
8101,control,2026-03-12,1
8102,treatment,2026-03-05,0
8103,treatment,2026-03-13,1
8104,control,2026-03-09,0
8105,treatment,2026-03-05,1
8106,control,2026-03-11,1
8107,treatment,2026-03-03,0
8108,control,2026-03-14,1
8109,control,2026-03-02,0
8110,control,2026-03-07,0
8111,treatment,2026-03-03,0
8112,treatment,2026-03-13,0
8113,treatment,2026-03-04,0
8114,control,2026-03-12,0
8115,control,2026-03-03,1
8116,treatment,2026-03-11,1
8117,treatment,2026-03-05,1
8118,control,2026-03-02,0
8119,control,2026-03-13,0
8120,treatment,2026-03-11,0
8121,control,2026-03-02,0
8122,treatment,2026-03-02,0
8123,control,2026-03-12,1
8124,control,2026-03-03,0
8125,treatment,2026-03-11,0
8126,control,2026-03-12,0
8127,control,2026-03-09,1
8128,control,2026-03-10,0
8129,control,2026-03-12,0
8130,treatment,2026-03-09,0
8131,treatment,2026-03-03,0
8132,treatment,2026-03-09,0
8133,treatment,2026-03-03,1
8134,treatment,2026-03-03,1
8135,control,2026-03-06,0
8136,treatment,2026-03-07,1
8137,control,2026-03-07,0
8138,control,2026-03-09,1
8139,control,2026-03-05,1
8140,treatment,2026-03-10,0
8141,treatment,2026-03-09,0
8142,control,2026-03-06,0
8143,treatment,2026-03-15,0
8144,control,2026-03-10,0
8145,control,2026-03-05,1
8146,control,2026-03-09,0
8147,treatment,2026-03-08,0
8148,control,2026-03-14,1
8149,control,2026-03-14,0
8150,treatment,2026-03-15,0
8151,control,2026-03-13,1
8152,control,2026-03-06,1
8153,control,2026-03-09,0
8154,control,2026-03-13,0
8155,control,2026-03-13,0
8156,treatment,2026-03-11,1
8157,control,2026-03-14,1
8158,control,2026-03-14,0
8159,control,2026-03-06,0
8160,control,2026-03-02,1
8161,control,2026-03-02,0
8162,treatment,2026-03-14,0
8163,control,2026-03-06,0
8164,treatment,2026-03-15,0
8165,control,2026-03-12,0
8166,control,2026-03-04,0
8167,treatment,2026-03-05,1
8168,treatment,2026-03-04,0
8169,control,2026-03-12,1
8170,control,2026-03-15,0
8171,control,2026-03-05,0
8172,control,2026-03-02,0
8173,control,2026-03-13,0
8174,control,2026-03-14,0
8175,control,2026-03-04,0
8176,treatment,2026-03-12,0
8177,treatment,2026-03-11,0
8178,treatment,2026-03-07,1
8179,control,2026-03-07,0
8180,treatment,2026-03-07,0
8181,treatment,2026-03-04,1
8182,control,2026-03-02,0
8183,treatment,2026-03-15,0
8184,treatment,2026-03-02,0
8185,control,2026-03-07,1
8186,treatment,2026-03-13,0
8187,treatment,2026-03-02,1
8188,control,2026-03-04,1
8189,control,2026-03-14,0
8190,treatment,2026-03-08,0
8191,treatment,2026-03-09,0
8192,treatment,2026-03-07,1
8193,treatment,2026-03-10,1
8194,control,2026-03-14,0
8195,treatment,2026-03-15,1
8196,treatment,2026-03-15,1
8197,control,2026-03-03,0
8198,treatment,2026-03-03,1
8199,treatment,2026-03-08,1
8200,control,2026-03-09,0
8201,treatment,2026-03-11,0
8202,control,2026-03-04,1
8203,control,2026-03-13,1
8204,control,2026-03-10,0
8205,control,2026-03-10,0
8206,treatment,2026-03-07,0
8207,control,2026-03-13,1
8208,control,2026-03-13,0
8209,treatment,2026-03-03,1
8210,treatment,2026-03-08,0
8211,treatment,2026-03-14,0
8212,treatment,2026-03-10,0
8213,treatment,2026-03-09,0
8214,control,2026-03-11,0
8215,treatment,2026-03-12,0
8216,treatment,2026-03-09,1
8217,treatment,2026-03-02,0
8218,treatment,2026-03-03,1
8219,control,2026-03-08,0
8220,control,2026-03-11,0
8221,treatment,2026-03-11,0
8222,treatment,2026-03-08,0
8223,control,2026-03-02,0
8224,treatment,2026-03-04,1
8225,treatment,2026-03-07,0
8226,control,2026-03-02,1
8227,control,2026-03-13,0
8228,control,2026-03-12,0
8229,treatment,2026-03-08,0
8230,treatment,2026-03-15,1
8231,control,2026-03-08,0
8232,control,2026-03-11,0
8233,treatment,2026-03-06,0
8234,treatment,2026-03-11,1
8235,control,2026-03-12,0
8236,control,2026-03-14,0
8237,control,2026-03-11,1
8238,control,2026-03-12,0
8239,control,2026-03-15,0
8240,treatment,2026-03-15,0
8241,treatment,2026-03-08,0
8242,treatment,2026-03-13,1
8243,control,2026-03-04,1
8244,treatment,2026-03-13,0
8245,control,2026-03-03,1
8246,control,2026-03-04,1
8247,control,2026-03-09,0
8248,treatment,2026-03-14,1
8249,treatment,2026-03-07,1
8250,treatment,2026-03-05,0
8251,control,2026-03-10,0
8252,control,2026-03-11,0
8253,control,2026-03-09,0
8254,treatment,2026-03-15,1
8255,treatment,2026-03-10,1
8256,treatment,2026-03-07,1
8257,control,2026-03-14,1
8258,treatment,2026-03-09,0
8259,treatment,2026-03-06,1
8260,control,2026-03-14,0
8261,treatment,2026-03-04,1
8262,treatment,2026-03-07,0
8263,control,2026-03-11,0
8264,control,2026-03-06,0
8265,control,2026-03-13,1
8266,treatment,2026-03-07,0
8267,control,2026-03-09,0
8268,control,2026-03-10,0
8269,treatment,2026-03-09,1
8270,treatment,2026-03-09,0
8271,control,2026-03-08,1
8272,treatment,2026-03-11,0
8273,treatment,2026-03-11,1
8274,control,2026-03-06,0
8275,control,2026-03-03,1
8276,control,2026-03-11,0
8277,control,2026-03-11,1
8278,treatment,2026-03-10,1
8279,treatment,2026-03-08,0
8280,treatment,2026-03-15,0
8281,treatment,2026-03-09,0
8282,control,2026-03-06,0
8283,control,2026-03-13,1
8284,treatment,2026-03-05,0
8285,control,2026-03-05,0
8286,treatment,2026-03-07,0
8287,treatment,2026-03-11,0
8288,treatment,2026-03-02,1
8289,control,2026-03-12,1
8290,control,2026-03-03,0
8291,treatment,2026-03-10,1
8292,treatment,2026-03-11,0
8293,treatment,2026-03-04,0
8294,treatment,2026-03-13,0
8295,treatment,2026-03-02,1
8296,treatment,2026-03-06,1
8297,control,2026-03-10,0
8298,control,2026-03-02,1
8299,control,2026-03-07,0
8300,control,2026-03-06,0
8301,control,2026-03-06,0
8302,control,2026-03-15,1
8303,treatment,2026-03-10,1
8304,control,2026-03-05,1
8305,control,2026-03-07,1
8306,treatment,2026-03-11,1
8307,treatment,2026-03-12,0
8308,control,2026-03-13,0
8309,control,2026-03-02,0
8310,treatment,2026-03-09,0
8311,treatment,2026-03-10,0
8312,control,2026-03-13,0
8313,control,2026-03-08,0
8314,control,2026-03-04,0
8315,treatment,2026-03-04,0
8316,treatment,2026-03-12,1
8317,treatment,2026-03-02,1
8318,control,2026-03-09,0
8319,control,2026-03-11,0
8320,treatment,2026-03-15,1
8321,control,2026-03-13,0
8322,control,2026-03-10,1
8323,control,2026-03-11,1
8324,control,2026-03-03,0
8325,treatment,2026-03-15,0
8326,control,2026-03-12,0
8327,control,2026-03-15,0
8328,control,2026-03-11,0
8329,control,2026-03-05,1
8330,treatment,2026-03-08,1
8331,control,2026-03-14,0
8332,control,2026-03-11,0
8333,control,2026-03-13,0
8334,control,2026-03-14,0
8335,treatment,2026-03-02,0
8336,treatment,2026-03-09,1
8337,control,2026-03-07,0
8338,treatment,2026-03-13,0
8339,control,2026-03-07,1
8340,treatment,2026-03-13,0
8341,control,2026-03-08,1
8342,treatment,2026-03-11,1
8343,treatment,2026-03-03,1
8344,control,2026-03-12,0
8345,treatment,2026-03-15,1
8346,control,2026-03-11,0
8347,treatment,2026-03-03,0
8348,control,2026-03-05,0
8349,control,2026-03-06,0
8350,control,2026-03-13,0
8351,treatment,2026-03-09,1
8352,treatment,2026-03-03,0
8353,control,2026-03-03,0
8354,control,2026-03-06,0
8355,control,2026-03-08,0
8356,treatment,2026-03-13,0
8357,control,2026-03-09,0
8358,treatment,2026-03-15,0
8359,control,2026-03-10,1
8360,control,2026-03-04,1
8361,control,2026-03-06,0
8362,control,2026-03-14,1
8363,treatment,2026-03-04,1
8364,control,2026-03-15,1
8365,treatment,2026-03-12,1
8366,treatment,2026-03-09,1
8367,treatment,2026-03-06,0
8368,treatment,2026-03-15,1
8369,control,2026-03-13,0
8370,control,2026-03-07,1
8371,control,2026-03-11,1
8372,treatment,2026-03-05,0
8373,control,2026-03-15,1
8374,control,2026-03-09,1
8375,treatment,2026-03-11,0
8376,treatment,2026-03-05,0
8377,control,2026-03-02,0
8378,treatment,2026-03-09,1
8379,treatment,2026-03-07,0
8380,treatment,2026-03-05,1
8381,treatment,2026-03-15,0
8382,treatment,2026-03-11,0
8383,control,2026-03-08,0
8384,control,2026-03-12,1
8385,control,2026-03-10,0
8386,treatment,2026-03-15,0
8387,treatment,2026-03-12,0
8388,control,2026-03-10,0
8389,control,2026-03-05,0
8390,control,2026-03-09,0
8391,treatment,2026-03-11,0
8392,control,2026-03-15,0
8393,control,2026-03-11,0
8394,control,2026-03-02,0
8395,control,2026-03-07,0
8396,treatment,2026-03-07,0
8397,control,2026-03-04,0
8398,treatment,2026-03-11,1
8399,control,2026-03-11,0
8400,control,2026-03-10,0
8401,control,2026-03-15,1
8402,treatment,2026-03-04,0
8403,treatment,2026-03-06,1
8404,control,2026-03-13,0
8405,control,2026-03-06,0
8406,treatment,2026-03-05,0
8407,treatment,2026-03-09,1
8408,control,2026-03-15,0
8409,treatment,2026-03-04,1
8410,treatment,2026-03-11,0
8411,treatment,2026-03-07,0
8412,control,2026-03-12,0
8413,control,2026-03-02,0
8414,control,2026-03-05,0
8415,treatment,2026-03-13,0
8416,treatment,2026-03-14,0
8417,control,2026-03-10,0
8418,treatment,2026-03-06,0
8419,treatment,2026-03-09,0
8420,control,2026-03-09,0
8421,control,2026-03-08,1
8422,treatment,2026-03-05,0
8423,treatment,2026-03-15,0
8424,treatment,2026-03-10,1
8425,treatment,2026-03-06,0
8426,treatment,2026-03-13,1
8427,treatment,2026-03-03,0
8428,treatment,2026-03-15,0
8429,control,2026-03-08,0
8430,control,2026-03-10,0
8431,treatment,2026-03-13,1
8432,treatment,2026-03-03,0
8433,control,2026-03-06,0
8434,control,2026-03-08,0
8435,treatment,2026-03-07,0
8436,treatment,2026-03-09,0
8437,control,2026-03-08,0
8438,treatment,2026-03-04,0
8439,treatment,2026-03-11,1
8440,control,2026-03-03,1
8441,control,2026-03-02,0
8442,control,2026-03-05,1
8443,control,2026-03-15,0
8444,treatment,2026-03-06,0
8445,treatment,2026-03-14,0
8446,treatment,2026-03-07,0
8447,control,2026-03-13,0
8448,treatment,2026-03-15,0
8449,control,2026-03-12,0
8450,control,2026-03-15,0
8451,control,2026-03-15,0
8452,control,2026-03-11,0
8453,treatment,2026-03-08,1
8454,treatment,2026-03-06,0
8455,treatment,2026-03-07,0
8456,control,2026-03-02,0
8457,treatment,2026-03-02,0
8458,treatment,2026-03-02,0
8459,control,2026-03-04,0
8460,control,2026-03-03,0
8461,control,2026-03-08,0
8462,treatment,2026-03-09,0
8463,treatment,2026-03-04,0
8464,control,2026-03-07,0
8465,treatment,2026-03-06,0
8466,control,2026-03-07,0
8467,control,2026-03-14,1
8468,control,2026-03-11,0
8469,control,2026-03-11,0
8470,treatment,2026-03-13,1
8471,treatment,2026-03-14,0
8472,control,2026-03-11,0
8473,treatment,2026-03-08,0
8474,control,2026-03-05,0
8475,treatment,2026-03-09,0
8476,treatment,2026-03-11,0
8477,control,2026-03-04,0
8478,treatment,2026-03-10,0
8479,treatment,2026-03-10,0
8480,control,2026-03-10,1
8481,treatment,2026-03-02,0
8482,control,2026-03-06,0
8483,control,2026-03-04,0
8484,treatment,2026-03-10,0
8485,control,2026-03-04,0
8486,treatment,2026-03-03,0
8487,control,2026-03-07,1
8488,control,2026-03-04,0
8489,control,2026-03-15,1
8490,treatment,2026-03-12,1
8491,control,2026-03-11,1
8492,control,2026-03-02,1
8493,control,2026-03-15,0
8494,control,2026-03-13,1
8495,control,2026-03-15,0
8496,control,2026-03-10,0
8497,treatment,2026-03-12,0
8498,treatment,2026-03-07,0
8499,treatment,2026-03-05,0
8500,treatment,2026-03-14,1
8501,control,2026-03-14,0
8502,control,2026-03-12,0
8503,treatment,2026-03-11,0
8504,treatment,2026-03-14,0
8505,control,2026-03-03,0
8506,control,2026-03-02,0
8507,treatment,2026-03-14,0
8508,control,2026-03-03,0
8509,treatment,2026-03-14,1
8510,control,2026-03-08,1
8511,control,2026-03-09,0
8512,treatment,2026-03-04,1
8513,treatment,2026-03-08,0
8514,control,2026-03-02,0
8515,treatment,2026-03-08,0
8516,treatment,2026-03-02,0
8517,treatment,2026-03-13,0
8518,treatment,2026-03-07,0
8519,treatment,2026-03-12,1
8520,control,2026-03-09,0
8521,control,2026-03-11,1
8522,treatment,2026-03-06,1
8523,control,2026-03-13,1
8524,control,2026-03-09,1
8525,treatment,2026-03-04,1
8526,control,2026-03-02,0
8527,control,2026-03-03,0
8528,control,2026-03-04,0
8529,treatment,2026-03-06,0
8530,treatment,2026-03-08,0
8531,treatment,2026-03-15,1
8532,control,2026-03-06,1
8533,control,2026-03-14,0
8534,control,2026-03-09,0
8535,control,2026-03-15,1
8536,treatment,2026-03-11,1
8537,treatment,2026-03-10,0
8538,control,2026-03-02,0
8539,treatment,2026-03-03,0
8540,treatment,2026-03-02,1
8541,treatment,2026-03-14,0
8542,control,2026-03-13,1
8543,control,2026-03-04,0
8544,control,2026-03-08,0
8545,treatment,2026-03-09,1
8546,treatment,2026-03-03,0
8547,control,2026-03-09,0
8548,treatment,2026-03-12,1
8549,treatment,2026-03-07,1
8550,treatment,2026-03-05,0
8551,treatment,2026-03-09,0
8552,control,2026-03-04,0
8553,treatment,2026-03-06,0
8554,treatment,2026-03-09,0
8555,treatment,2026-03-06,0
8556,control,2026-03-03,0
8557,control,2026-03-03,0
8558,control,2026-03-02,0
8559,treatment,2026-03-06,0
8560,control,2026-03-09,1
8561,control,2026-03-04,0
8562,control,2026-03-05,0
8563,control,2026-03-05,1
8564,control,2026-03-14,1
8565,treatment,2026-03-13,0
8566,control,2026-03-10,0
8567,treatment,2026-03-04,0
8568,control,2026-03-02,0
8569,control,2026-03-08,0
8570,control,2026-03-15,0
8571,control,2026-03-08,1
8572,treatment,2026-03-14,0
8573,treatment,2026-03-05,1
8574,treatment,2026-03-14,0
8575,control,2026-03-14,0
8576,control,2026-03-09,0
8577,treatment,2026-03-09,1
8578,control,2026-03-03,0
8579,treatment,2026-03-03,0
8580,control,2026-03-02,0
8581,control,2026-03-06,1
8582,treatment,2026-03-03,1
8583,treatment,2026-03-15,1
8584,treatment,2026-03-12,0
8585,control,2026-03-08,0
8586,control,2026-03-09,1
8587,control,2026-03-06,0
8588,treatment,2026-03-03,0
8589,control,2026-03-14,1
8590,treatment,2026-03-09,0
8591,control,2026-03-07,1
8592,control,2026-03-04,0
8593,control,2026-03-07,0
8594,treatment,2026-03-08,1
8595,treatment,2026-03-08,0
8596,treatment,2026-03-06,0
8597,treatment,2026-03-03,0
8598,treatment,2026-03-11,0
8599,control,2026-03-12,0
8600,treatment,2026-03-04,1
8601,control,2026-03-04,0
8602,treatment,2026-03-12,1
8603,control,2026-03-02,0
8604,control,2026-03-05,1
8605,treatment,2026-03-12,0
8606,treatment,2026-03-03,0
8607,control,2026-03-09,0
8608,treatment,2026-03-05,0
8609,treatment,2026-03-03,0
8610,treatment,2026-03-14,1
8611,control,2026-03-07,0
8612,control,2026-03-09,1
8613,treatment,2026-03-12,1
8614,treatment,2026-03-10,1
8615,control,2026-03-09,0
8616,treatment,2026-03-07,0
8617,treatment,2026-03-11,0
8618,treatment,2026-03-04,0
8619,control,2026-03-03,0
8620,treatment,2026-03-14,1
8621,control,2026-03-11,1
8622,control,2026-03-13,0
8623,control,2026-03-15,0
8624,control,2026-03-06,0
8625,treatment,2026-03-09,1
8626,control,2026-03-03,0
8627,control,2026-03-10,0
8628,control,2026-03-05,0
8629,control,2026-03-04,1
8630,control,2026-03-05,1
8631,treatment,2026-03-10,1
8632,treatment,2026-03-10,0
8633,treatment,2026-03-11,0
8634,treatment,2026-03-09,0
8635,control,2026-03-14,1
8636,control,2026-03-05,0
8637,control,2026-03-05,1
8638,treatment,2026-03-07,1
8639,control,2026-03-04,0
8640,treatment,2026-03-12,0
8641,treatment,2026-03-09,0
8642,control,2026-03-04,0
8643,treatment,2026-03-03,0
8644,control,2026-03-11,0
8645,treatment,2026-03-07,0
8646,treatment,2026-03-05,1
8647,control,2026-03-11,0
8648,treatment,2026-03-12,1
8649,treatment,2026-03-06,0
8650,control,2026-03-02,0
8651,control,2026-03-02,0
8652,treatment,2026-03-15,1
8653,treatment,2026-03-05,1
8654,control,2026-03-09,0
8655,control,2026-03-03,0
8656,control,2026-03-11,0
8657,control,2026-03-12,1
8658,control,2026-03-06,0
8659,treatment,2026-03-14,1
8660,treatment,2026-03-04,0
8661,control,2026-03-11,0
8662,control,2026-03-08,0
8663,control,2026-03-04,0
8664,control,2026-03-15,0
8665,treatment,2026-03-10,1
8666,control,2026-03-06,0
8667,treatment,2026-03-11,0
8668,control,2026-03-04,0
8669,control,2026-03-06,1
8670,treatment,2026-03-14,0
8671,treatment,2026-03-14,0
8672,treatment,2026-03-06,1
8673,control,2026-03-15,0
8674,treatment,2026-03-08,1
8675,treatment,2026-03-02,0
8676,control,2026-03-10,0
8677,treatment,2026-03-06,1
8678,control,2026-03-07,0
8679,treatment,2026-03-11,0
8680,control,2026-03-12,0
8681,control,2026-03-13,1
8682,control,2026-03-14,0
8683,control,2026-03-09,0
8684,treatment,2026-03-09,1
8685,treatment,2026-03-12,0
8686,control,2026-03-02,0
8687,control,2026-03-03,0
8688,control,2026-03-02,1
8689,treatment,2026-03-03,1
8690,treatment,2026-03-07,1
8691,treatment,2026-03-03,0
8692,treatment,2026-03-06,0
8693,control,2026-03-04,0
8694,treatment,2026-03-13,0
8695,control,2026-03-02,0
8696,control,2026-03-15,1
8697,treatment,2026-03-13,0
8698,treatment,2026-03-04,0
8699,treatment,2026-03-13,0
8700,treatment,2026-03-04,1
8701,treatment,2026-03-07,0
8702,treatment,2026-03-06,0
8703,treatment,2026-03-11,0
8704,control,2026-03-05,1
8705,treatment,2026-03-08,0
8706,treatment,2026-03-10,0
8707,control,2026-03-12,0
8708,treatment,2026-03-09,0
8709,control,2026-03-14,0
8710,control,2026-03-04,1
8711,control,2026-03-09,0
8712,control,2026-03-04,0
8713,control,2026-03-14,0
8714,treatment,2026-03-02,0
8715,control,2026-03-09,0
8716,treatment,2026-03-07,0
8717,treatment,2026-03-08,0
8718,treatment,2026-03-13,0
8719,treatment,2026-03-03,1
8720,treatment,2026-03-06,0
8721,treatment,2026-03-13,0
8722,treatment,2026-03-10,0
8723,treatment,2026-03-13,0
8724,treatment,2026-03-08,0
8725,control,2026-03-11,0
8726,treatment,2026-03-07,0
8727,treatment,2026-03-04,0
8728,treatment,2026-03-07,1
8729,treatment,2026-03-10,1
8730,treatment,2026-03-13,0
8731,treatment,2026-03-06,0
8732,treatment,2026-03-12,0
8733,treatment,2026-03-06,0
8734,control,2026-03-11,1
8735,control,2026-03-11,0
8736,control,2026-03-12,0
8737,treatment,2026-03-05,1
8738,treatment,2026-03-13,0
8739,control,2026-03-09,0
8740,control,2026-03-09,0
8741,control,2026-03-02,0
8742,control,2026-03-06,1
8743,control,2026-03-02,0
8744,control,2026-03-13,1
8745,control,2026-03-04,0
8746,treatment,2026-03-02,0
8747,control,2026-03-10,1
8748,control,2026-03-04,0
8749,treatment,2026-03-11,0
8750,control,2026-03-14,0
8751,treatment,2026-03-05,0
8752,control,2026-03-02,0
8753,control,2026-03-02,1
8754,control,2026-03-05,1
8755,treatment,2026-03-10,0
8756,treatment,2026-03-14,0
8757,control,2026-03-03,0
8758,control,2026-03-05,1
8759,treatment,2026-03-13,1
8760,treatment,2026-03-14,0
8761,treatment,2026-03-11,0
8762,treatment,2026-03-04,1
8763,control,2026-03-05,0
8764,control,2026-03-06,0
8765,treatment,2026-03-14,1
8766,control,2026-03-12,0
8767,treatment,2026-03-12,1
8768,control,2026-03-05,1
8769,control,2026-03-09,0
8770,control,2026-03-14,0
8771,treatment,2026-03-15,0
8772,treatment,2026-03-11,1
8773,treatment,2026-03-08,0
8774,control,2026-03-15,1
8775,control,2026-03-13,0
8776,control,2026-03-06,1
8777,control,2026-03-06,0
8778,treatment,2026-03-06,0
8779,treatment,2026-03-05,0
8780,control,2026-03-14,1
8781,treatment,2026-03-08,1
8782,control,2026-03-08,0
8783,treatment,2026-03-04,1
8784,treatment,2026-03-11,0
8785,treatment,2026-03-02,1
8786,treatment,2026-03-07,0
8787,control,2026-03-12,1
8788,treatment,2026-03-13,1
8789,treatment,2026-03-05,1
8790,treatment,2026-03-05,1
8791,treatment,2026-03-12,0
8792,control,2026-03-03,0
8793,treatment,2026-03-11,0
8794,control,2026-03-11,0
8795,treatment,2026-03-10,0
8796,control,2026-03-13,0
8797,control,2026-03-04,1
8798,control,2026-03-07,1
8799,control,2026-03-05,0
8800,control,2026-03-03,1
8801,treatment,2026-03-05,1
8802,treatment,2026-03-14,1
8803,control,2026-03-14,1
8804,treatment,2026-03-02,1
8805,treatment,2026-03-10,0
8806,treatment,2026-03-13,0
8807,treatment,2026-03-03,0
8808,control,2026-03-03,0
8809,control,2026-03-14,0
8810,treatment,2026-03-03,0
8811,control,2026-03-03,0
8812,treatment,2026-03-06,0
8813,treatment,2026-03-12,1
8814,control,2026-03-02,0
8815,control,2026-03-06,1
8816,control,2026-03-08,0
8817,control,2026-03-05,0
8818,treatment,2026-03-11,1
8819,treatment,2026-03-08,0
8820,control,2026-03-11,0
8821,treatment,2026-03-03,0
8822,control,2026-03-10,1
8823,control,2026-03-07,0
8824,control,2026-03-12,0
8825,control,2026-03-10,1
8826,control,2026-03-15,0
8827,control,2026-03-14,0
8828,control,2026-03-14,0
8829,treatment,2026-03-03,0
8830,control,2026-03-13,0
8831,control,2026-03-04,0
8832,treatment,2026-03-03,1
8833,treatment,2026-03-14,0
8834,treatment,2026-03-06,0
8835,treatment,2026-03-14,0
8836,treatment,2026-03-13,0
8837,treatment,2026-03-05,0
8838,treatment,2026-03-05,1
8839,control,2026-03-07,0
8840,treatment,2026-03-12,1
8841,control,2026-03-10,0
8842,treatment,2026-03-10,1
8843,control,2026-03-07,0
8844,control,2026-03-12,1
8845,control,2026-03-10,0
8846,control,2026-03-10,0
8847,treatment,2026-03-02,0
8848,control,2026-03-08,0
8849,control,2026-03-05,0
8850,control,2026-03-09,1
8851,treatment,2026-03-03,1
8852,control,2026-03-05,0
8853,control,2026-03-14,1
8854,treatment,2026-03-08,1
8855,treatment,2026-03-02,0
8856,control,2026-03-12,0
8857,control,2026-03-10,1
8858,treatment,2026-03-13,1
8859,control,2026-03-07,0
8860,control,2026-03-02,0
8861,control,2026-03-02,1
8862,control,2026-03-04,0
8863,control,2026-03-10,1
8864,control,2026-03-07,1
8865,control,2026-03-02,0
8866,treatment,2026-03-11,0
8867,treatment,2026-03-09,1
8868,control,2026-03-13,1
8869,control,2026-03-15,0
8870,treatment,2026-03-04,1
8871,treatment,2026-03-09,1
8872,treatment,2026-03-05,0
8873,treatment,2026-03-14,0
8874,control,2026-03-12,0
8875,treatment,2026-03-15,1
8876,treatment,2026-03-15,1
8877,control,2026-03-10,0
8878,control,2026-03-07,0
8879,treatment,2026-03-14,1
8880,control,2026-03-03,1
8881,control,2026-03-07,0
8882,control,2026-03-13,1
8883,control,2026-03-11,0
8884,control,2026-03-12,0
8885,control,2026-03-14,1
8886,control,2026-03-08,0
8887,control,2026-03-13,0
8888,control,2026-03-02,0
8889,treatment,2026-03-15,1
8890,control,2026-03-07,0
8891,treatment,2026-03-08,0
8892,treatment,2026-03-07,0
8893,control,2026-03-09,0
8894,control,2026-03-13,0
8895,treatment,2026-03-03,0
8896,treatment,2026-03-09,0
8897,treatment,2026-03-13,0
8898,control,2026-03-15,0
8899,treatment,2026-03-09,1
8900,control,2026-03-15,0
8901,control,2026-03-03,0
8902,treatment,2026-03-09,1
8903,treatment,2026-03-07,0
8904,treatment,2026-03-12,1
8905,control,2026-03-09,0
8906,treatment,2026-03-04,1
8907,control,2026-03-04,0
8908,control,2026-03-05,1
8909,control,2026-03-03,0
8910,control,2026-03-08,0
8911,control,2026-03-06,1
8912,control,2026-03-10,1
8913,control,2026-03-04,0
8914,treatment,2026-03-05,0
8915,control,2026-03-09,0
8916,control,2026-03-09,0
8917,treatment,2026-03-06,0
8918,treatment,2026-03-15,1
8919,control,2026-03-13,0
8920,treatment,2026-03-07,1
8921,control,2026-03-07,1
8922,control,2026-03-09,0
8923,control,2026-03-12,0
8924,control,2026-03-14,1
8925,control,2026-03-15,0
8926,control,2026-03-06,0
8927,control,2026-03-12,0
8928,control,2026-03-05,0
8929,treatment,2026-03-11,0
8930,control,2026-03-14,1
8931,control,2026-03-07,1
8932,control,2026-03-07,1
8933,treatment,2026-03-15,1
8934,control,2026-03-04,0
8935,treatment,2026-03-06,0
8936,treatment,2026-03-09,0
8937,treatment,2026-03-14,0
8938,treatment,2026-03-04,0
8939,treatment,2026-03-07,0
8940,treatment,2026-03-05,1
8941,treatment,2026-03-15,1
8942,control,2026-03-13,0
8943,treatment,2026-03-03,1
8944,treatment,2026-03-04,1
8945,control,2026-03-02,0
8946,control,2026-03-03,0
8947,control,2026-03-07,0
8948,control,2026-03-15,0
8949,control,2026-03-14,0
8950,control,2026-03-06,0
8951,treatment,2026-03-10,0
8952,treatment,2026-03-02,0
8953,treatment,2026-03-03,0
8954,treatment,2026-03-10,0
8955,control,2026-03-13,1
8956,treatment,2026-03-05,0
8957,treatment,2026-03-11,0
8958,treatment,2026-03-15,0
8959,control,2026-03-14,0
8960,control,2026-03-07,0
8961,treatment,2026-03-07,0
8962,treatment,2026-03-04,0
8963,treatment,2026-03-10,1
8964,treatment,2026-03-05,1
8965,control,2026-03-10,1
8966,control,2026-03-05,0
8967,control,2026-03-13,0
8968,control,2026-03-03,1
8969,control,2026-03-02,1
8970,control,2026-03-11,0
8971,treatment,2026-03-08,1
8972,treatment,2026-03-07,1
8973,treatment,2026-03-14,0
8974,treatment,2026-03-12,0
8975,control,2026-03-08,0
8976,control,2026-03-13,1
8977,treatment,2026-03-10,1
8978,treatment,2026-03-02,0
8979,treatment,2026-03-15,0
8980,control,2026-03-14,1
8981,control,2026-03-05,0
8982,treatment,2026-03-13,0
8983,treatment,2026-03-08,0
8984,control,2026-03-02,0
8985,treatment,2026-03-13,1
8986,treatment,2026-03-10,0
8987,control,2026-03-10,0
8988,control,2026-03-06,0
8989,treatment,2026-03-15,0
8990,control,2026-03-06,0
8991,treatment,2026-03-14,0
8992,control,2026-03-09,0
8993,control,2026-03-08,1
8994,treatment,2026-03-03,1
8995,treatment,2026-03-09,0
8996,treatment,2026-03-05,0
8997,treatment,2026-03-11,0
8998,treatment,2026-03-11,1
8999,treatment,2026-03-09,1
9000,control,2026-03-03,0
9001,control,2026-03-11,0
9002,treatment,2026-03-15,0
9003,treatment,2026-03-04,1
9004,treatment,2026-03-02,0
9005,control,2026-03-05,1
9006,control,2026-03-07,0
9007,control,2026-03-15,0
9008,control,2026-03-02,1
9009,treatment,2026-03-08,1
9010,control,2026-03-04,0
9011,control,2026-03-04,0
9012,treatment,2026-03-09,1
9013,control,2026-03-11,1
9014,control,2026-03-06,0
9015,control,2026-03-05,1
9016,control,2026-03-08,0
9017,control,2026-03-02,0
9018,treatment,2026-03-12,0
9019,control,2026-03-03,1
9020,treatment,2026-03-07,0
9021,control,2026-03-08,0
9022,control,2026-03-02,0
9023,control,2026-03-07,0
9024,treatment,2026-03-11,0
9025,treatment,2026-03-15,0
9026,treatment,2026-03-05,1
9027,control,2026-03-08,0
9028,control,2026-03-10,0
9029,control,2026-03-02,0
9030,control,2026-03-15,0
9031,treatment,2026-03-08,1
9032,treatment,2026-03-06,1
9033,control,2026-03-07,0
9034,treatment,2026-03-13,1
9035,treatment,2026-03-07,0
9036,control,2026-03-05,1
9037,treatment,2026-03-08,1
9038,treatment,2026-03-14,1
9039,control,2026-03-03,1
9040,control,2026-03-14,0
9041,control,2026-03-02,1
9042,treatment,2026-03-03,0
9043,treatment,2026-03-02,1
9044,control,2026-03-04,1
9045,control,2026-03-03,0
9046,control,2026-03-07,0
9047,treatment,2026-03-10,1
9048,control,2026-03-04,0
9049,treatment,2026-03-06,0
9050,treatment,2026-03-07,0
9051,control,2026-03-13,0
9052,treatment,2026-03-13,0
9053,treatment,2026-03-11,0
9054,control,2026-03-15,0
9055,control,2026-03-14,0
9056,treatment,2026-03-12,0
9057,treatment,2026-03-07,0
9058,treatment,2026-03-03,0
9059,control,2026-03-15,1
9060,treatment,2026-03-11,1
9061,control,2026-03-12,0
9062,treatment,2026-03-13,0
9063,control,2026-03-08,1
9064,control,2026-03-14,1
9065,control,2026-03-08,0
9066,control,2026-03-15,0
9067,treatment,2026-03-02,0
9068,treatment,2026-03-13,1
9069,control,2026-03-15,0
9070,control,2026-03-07,1
9071,treatment,2026-03-13,0
9072,treatment,2026-03-08,1
9073,treatment,2026-03-12,1
9074,control,2026-03-07,0
9075,treatment,2026-03-05,0
9076,treatment,2026-03-02,1
9077,control,2026-03-08,1
9078,treatment,2026-03-12,0
9079,control,2026-03-10,0
9080,control,2026-03-10,1
9081,control,2026-03-07,0
9082,treatment,2026-03-04,0
9083,treatment,2026-03-13,0
9084,treatment,2026-03-03,0
9085,treatment,2026-03-10,1
9086,control,2026-03-15,1
9087,control,2026-03-13,0
9088,treatment,2026-03-15,0
9089,control,2026-03-11,0
9090,treatment,2026-03-02,0
9091,treatment,2026-03-04,0
9092,treatment,2026-03-07,0
9093,treatment,2026-03-10,0
9094,control,2026-03-08,1
9095,treatment,2026-03-09,0
9096,control,2026-03-13,1
9097,treatment,2026-03-12,1
9098,control,2026-03-02,1
9099,control,2026-03-08,0
9100,treatment,2026-03-14,1
9101,treatment,2026-03-11,1
9102,control,2026-03-07,0
9103,control,2026-03-05,0
9104,treatment,2026-03-13,0
9105,treatment,2026-03-10,0
9106,treatment,2026-03-05,1
9107,control,2026-03-06,1
9108,control,2026-03-12,1
9109,control,2026-03-04,0
9110,control,2026-03-09,1
9111,treatment,2026-03-15,0
9112,control,2026-03-12,0
9113,control,2026-03-15,0
9114,treatment,2026-03-05,1
9115,treatment,2026-03-15,1
9116,treatment,2026-03-05,0
9117,treatment,2026-03-02,1
9118,control,2026-03-09,0
9119,treatment,2026-03-10,0
9120,treatment,2026-03-05,0
9121,treatment,2026-03-14,0
9122,treatment,2026-03-04,1
9123,control,2026-03-03,0
9124,treatment,2026-03-02,0
9125,treatment,2026-03-10,0
9126,treatment,2026-03-09,1
9127,control,2026-03-09,0
9128,control,2026-03-09,1
9129,control,2026-03-12,0
9130,treatment,2026-03-06,0
9131,control,2026-03-06,1
9132,treatment,2026-03-15,0
9133,control,2026-03-03,1
9134,control,2026-03-05,0
9135,treatment,2026-03-13,1
9136,control,2026-03-14,1
9137,treatment,2026-03-15,0
9138,treatment,2026-03-02,0
9139,treatment,2026-03-14,1
9140,control,2026-03-15,0
9141,treatment,2026-03-09,1
9142,treatment,2026-03-12,1
9143,treatment,2026-03-03,1
9144,treatment,2026-03-08,0
9145,control,2026-03-12,1
9146,control,2026-03-03,0
9147,control,2026-03-07,0
9148,control,2026-03-09,1
9149,control,2026-03-06,0
9150,control,2026-03-14,1
9151,control,2026-03-14,1
9152,treatment,2026-03-14,1
9153,treatment,2026-03-09,0
9154,control,2026-03-03,0
9155,treatment,2026-03-06,0
9156,control,2026-03-12,0
9157,treatment,2026-03-09,0
9158,treatment,2026-03-12,0
9159,treatment,2026-03-02,0
9160,treatment,2026-03-10,1
9161,treatment,2026-03-13,1
9162,treatment,2026-03-12,1
9163,control,2026-03-10,0
9164,control,2026-03-15,1
9165,control,2026-03-04,1
9166,control,2026-03-15,0
9167,control,2026-03-04,0
9168,control,2026-03-06,1
9169,control,2026-03-13,0
9170,control,2026-03-12,0
9171,control,2026-03-03,0
9172,control,2026-03-04,0
9173,control,2026-03-05,0
9174,treatment,2026-03-08,0
9175,control,2026-03-04,0
9176,control,2026-03-05,1
9177,control,2026-03-08,0
9178,control,2026-03-03,0
9179,control,2026-03-03,0
9180,control,2026-03-09,0
9181,treatment,2026-03-04,0
9182,control,2026-03-10,0
9183,control,2026-03-15,0
9184,treatment,2026-03-06,0
9185,control,2026-03-11,0
9186,treatment,2026-03-06,0
9187,control,2026-03-11,1
9188,treatment,2026-03-06,0
9189,control,2026-03-03,0
9190,treatment,2026-03-07,0
9191,control,2026-03-12,0
9192,treatment,2026-03-11,0
9193,treatment,2026-03-12,0
9194,control,2026-03-04,1
9195,control,2026-03-10,0
9196,control,2026-03-15,1
9197,control,2026-03-15,0
9198,control,2026-03-10,0
9199,treatment,2026-03-11,0
9200,control,2026-03-10,0
9201,treatment,2026-03-05,1
9202,treatment,2026-03-12,1
9203,treatment,2026-03-14,0
9204,control,2026-03-09,0
9205,treatment,2026-03-13,0
9206,control,2026-03-12,0
9207,treatment,2026-03-03,1
9208,treatment,2026-03-09,1
9209,treatment,2026-03-11,1
9210,control,2026-03-11,0
9211,control,2026-03-12,0
9212,control,2026-03-05,1
9213,control,2026-03-15,0
9214,control,2026-03-11,0
9215,treatment,2026-03-12,0
9216,treatment,2026-03-09,0
9217,treatment,2026-03-02,1
9218,control,2026-03-05,0
9219,control,2026-03-06,0
9220,control,2026-03-05,0
9221,treatment,2026-03-02,1
9222,control,2026-03-07,0
9223,treatment,2026-03-03,0
9224,treatment,2026-03-06,0
9225,control,2026-03-15,0
9226,treatment,2026-03-04,0
9227,control,2026-03-06,0
9228,treatment,2026-03-07,0
9229,treatment,2026-03-13,0
9230,control,2026-03-13,0
9231,control,2026-03-02,0
9232,treatment,2026-03-04,0
9233,control,2026-03-02,1
9234,control,2026-03-14,0
9235,treatment,2026-03-15,0
9236,treatment,2026-03-15,0
9237,control,2026-03-09,1
9238,treatment,2026-03-07,1
9239,treatment,2026-03-05,0
9240,treatment,2026-03-07,0
9241,treatment,2026-03-15,0
9242,treatment,2026-03-15,0
9243,treatment,2026-03-15,1
9244,control,2026-03-02,0
9245,control,2026-03-10,0
9246,treatment,2026-03-15,0
9247,control,2026-03-05,0
9248,control,2026-03-09,0
9249,treatment,2026-03-06,1
9250,treatment,2026-03-02,0
9251,control,2026-03-06,0
9252,control,2026-03-06,0
9253,control,2026-03-08,1
9254,treatment,2026-03-12,1
9255,treatment,2026-03-05,1
9256,control,2026-03-10,0
9257,treatment,2026-03-13,1
9258,treatment,2026-03-11,0
9259,control,2026-03-07,1
9260,treatment,2026-03-12,0
9261,treatment,2026-03-07,0
9262,control,2026-03-04,0
9263,control,2026-03-06,1
9264,control,2026-03-13,0
9265,control,2026-03-08,0
9266,control,2026-03-15,0
9267,control,2026-03-14,0
9268,treatment,2026-03-12,1
9269,treatment,2026-03-13,0
9270,control,2026-03-05,1
9271,treatment,2026-03-09,1
9272,treatment,2026-03-15,1
9273,treatment,2026-03-11,0
9274,treatment,2026-03-11,1
9275,treatment,2026-03-12,1
9276,control,2026-03-13,0
9277,treatment,2026-03-03,1
9278,treatment,2026-03-06,0
9279,control,2026-03-07,0
9280,control,2026-03-09,0
9281,control,2026-03-10,0
9282,control,2026-03-15,0
9283,treatment,2026-03-11,0
9284,treatment,2026-03-14,1
9285,control,2026-03-13,0
9286,control,2026-03-10,0
9287,control,2026-03-03,0
9288,control,2026-03-09,0
9289,treatment,2026-03-06,0
9290,control,2026-03-11,0
9291,control,2026-03-12,0
9292,treatment,2026-03-15,1
9293,control,2026-03-08,0
9294,control,2026-03-07,0
9295,control,2026-03-03,0
9296,treatment,2026-03-02,0
9297,control,2026-03-12,0
9298,treatment,2026-03-09,0
9299,treatment,2026-03-10,1
9300,treatment,2026-03-08,0
9301,treatment,2026-03-09,1
9302,treatment,2026-03-02,0
9303,treatment,2026-03-02,0
9304,control,2026-03-09,0
9305,treatment,2026-03-06,1
9306,treatment,2026-03-03,0
9307,control,2026-03-03,0
9308,treatment,2026-03-10,0
9309,treatment,2026-03-12,1
9310,control,2026-03-14,1
9311,treatment,2026-03-02,1
9312,control,2026-03-14,0
9313,control,2026-03-02,1
9314,treatment,2026-03-06,0
9315,control,2026-03-10,0
9316,control,2026-03-12,0
9317,treatment,2026-03-07,1
9318,treatment,2026-03-14,0
9319,control,2026-03-12,0
9320,control,2026-03-05,0
9321,control,2026-03-03,0
9322,control,2026-03-15,1
9323,control,2026-03-12,0
9324,treatment,2026-03-04,1
9325,control,2026-03-08,0
9326,control,2026-03-15,1
9327,treatment,2026-03-04,0
9328,treatment,2026-03-10,0
9329,treatment,2026-03-14,1
9330,control,2026-03-10,1
9331,control,2026-03-15,1
9332,control,2026-03-12,0
9333,treatment,2026-03-15,0
9334,control,2026-03-03,0
9335,treatment,2026-03-09,0
9336,treatment,2026-03-11,0
9337,treatment,2026-03-12,0
9338,treatment,2026-03-03,0
9339,treatment,2026-03-06,0
9340,control,2026-03-02,0
9341,control,2026-03-11,0
9342,control,2026-03-11,1
9343,treatment,2026-03-09,0
9344,treatment,2026-03-04,0
9345,control,2026-03-13,0
9346,control,2026-03-06,1
9347,treatment,2026-03-05,0
9348,treatment,2026-03-09,0
9349,treatment,2026-03-15,1
9350,control,2026-03-15,0
9351,control,2026-03-13,1
9352,treatment,2026-03-12,0
9353,control,2026-03-08,0
9354,control,2026-03-11,1
9355,control,2026-03-09,0
9356,treatment,2026-03-14,0
9357,control,2026-03-06,0
9358,control,2026-03-07,0
9359,treatment,2026-03-07,0
9360,treatment,2026-03-06,0
9361,treatment,2026-03-15,0
9362,control,2026-03-13,0
9363,control,2026-03-08,0
9364,treatment,2026-03-14,1
9365,control,2026-03-15,1
9366,control,2026-03-02,0
9367,treatment,2026-03-03,0
9368,treatment,2026-03-05,0
9369,control,2026-03-04,0
9370,control,2026-03-15,1
9371,control,2026-03-11,0
9372,treatment,2026-03-09,1
9373,control,2026-03-13,0
9374,control,2026-03-09,0
9375,control,2026-03-06,1
9376,control,2026-03-15,0
9377,control,2026-03-12,1
9378,treatment,2026-03-13,0
9379,treatment,2026-03-10,0
9380,control,2026-03-02,0
9381,treatment,2026-03-06,1
9382,treatment,2026-03-08,0
9383,treatment,2026-03-03,0
9384,control,2026-03-09,1
9385,treatment,2026-03-05,0
9386,control,2026-03-11,1
9387,control,2026-03-15,0
9388,control,2026-03-14,0
9389,control,2026-03-13,0
9390,control,2026-03-15,0
9391,treatment,2026-03-15,1
9392,treatment,2026-03-09,1
9393,control,2026-03-14,0
9394,control,2026-03-12,1
9395,control,2026-03-08,1
9396,treatment,2026-03-04,1
9397,treatment,2026-03-06,0
9398,control,2026-03-04,1
9399,treatment,2026-03-14,1
9400,treatment,2026-03-02,1
9401,treatment,2026-03-08,0
9402,treatment,2026-03-05,0
9403,control,2026-03-08,1
9404,treatment,2026-03-05,1
9405,treatment,2026-03-08,1
9406,treatment,2026-03-10,0
9407,control,2026-03-11,0
9408,treatment,2026-03-05,0
9409,control,2026-03-03,0
9410,treatment,2026-03-09,0
9411,treatment,2026-03-14,0
9412,treatment,2026-03-05,1
9413,treatment,2026-03-05,0
9414,control,2026-03-09,0
9415,control,2026-03-06,1
9416,treatment,2026-03-13,1
9417,control,2026-03-08,1
9418,control,2026-03-02,1
9419,treatment,2026-03-14,0
9420,treatment,2026-03-03,0
9421,control,2026-03-13,1
9422,control,2026-03-10,0
9423,treatment,2026-03-02,0
9424,control,2026-03-14,0
9425,control,2026-03-13,0
9426,treatment,2026-03-13,0
9427,treatment,2026-03-07,1
9428,treatment,2026-03-06,1
9429,treatment,2026-03-12,0
9430,treatment,2026-03-03,1
9431,treatment,2026-03-12,0
9432,control,2026-03-03,1
9433,control,2026-03-05,0
9434,control,2026-03-06,0
9435,control,2026-03-04,0
9436,treatment,2026-03-06,0
9437,control,2026-03-08,1
9438,treatment,2026-03-08,1
9439,control,2026-03-05,0
9440,control,2026-03-02,0
9441,treatment,2026-03-03,1
9442,treatment,2026-03-11,0
9443,control,2026-03-13,0
9444,treatment,2026-03-12,0
9445,control,2026-03-04,0
9446,control,2026-03-02,1
9447,control,2026-03-07,1
9448,treatment,2026-03-09,0
9449,control,2026-03-11,0
9450,treatment,2026-03-08,1
9451,control,2026-03-14,1
9452,treatment,2026-03-15,1
9453,treatment,2026-03-12,0
9454,treatment,2026-03-12,1
9455,control,2026-03-10,1
9456,treatment,2026-03-10,0
9457,control,2026-03-15,0
9458,treatment,2026-03-13,1
9459,treatment,2026-03-11,0
9460,treatment,2026-03-12,0
9461,control,2026-03-10,0
9462,control,2026-03-07,1
9463,treatment,2026-03-04,0
9464,control,2026-03-11,1
9465,control,2026-03-07,1
9466,control,2026-03-11,1
9467,control,2026-03-11,0
9468,control,2026-03-09,0
9469,control,2026-03-11,0
9470,treatment,2026-03-06,0
9471,control,2026-03-14,0
9472,treatment,2026-03-03,0
9473,treatment,2026-03-15,0
9474,treatment,2026-03-05,0
9475,control,2026-03-10,1
9476,control,2026-03-11,0
9477,treatment,2026-03-06,0
9478,control,2026-03-14,0
9479,control,2026-03-09,1
9480,control,2026-03-04,0
9481,treatment,2026-03-05,0
9482,control,2026-03-02,1
9483,treatment,2026-03-03,0
9484,control,2026-03-06,1
9485,control,2026-03-11,0
9486,control,2026-03-07,1
9487,treatment,2026-03-04,0
9488,control,2026-03-11,0
9489,control,2026-03-07,0
9490,treatment,2026-03-10,0
9491,treatment,2026-03-06,1
9492,treatment,2026-03-11,0
9493,control,2026-03-04,0
9494,treatment,2026-03-11,0
9495,treatment,2026-03-14,1
9496,control,2026-03-03,0
9497,treatment,2026-03-11,0
9498,control,2026-03-06,0
9499,control,2026-03-10,1
9500,treatment,2026-03-07,0
9501,treatment,2026-03-14,0
9502,treatment,2026-03-14,0
9503,treatment,2026-03-12,0
9504,treatment,2026-03-13,1
9505,treatment,2026-03-02,0
9506,treatment,2026-03-10,0
9507,control,2026-03-04,0
9508,treatment,2026-03-14,0
9509,treatment,2026-03-13,0
9510,treatment,2026-03-04,0
9511,control,2026-03-10,1
9512,control,2026-03-04,0
9513,control,2026-03-09,0
9514,treatment,2026-03-10,0
9515,treatment,2026-03-05,0
9516,treatment,2026-03-09,0
9517,control,2026-03-11,1
9518,control,2026-03-14,1
9519,control,2026-03-14,0
9520,treatment,2026-03-15,0
9521,control,2026-03-05,1
9522,treatment,2026-03-07,1
9523,treatment,2026-03-05,0
9524,control,2026-03-06,0
9525,treatment,2026-03-11,1
9526,control,2026-03-15,0
9527,treatment,2026-03-03,1
9528,control,2026-03-10,0
9529,control,2026-03-03,0
9530,control,2026-03-13,0
9531,treatment,2026-03-12,0
9532,control,2026-03-14,0
9533,control,2026-03-15,0
9534,control,2026-03-15,1
9535,control,2026-03-11,1
9536,control,2026-03-02,0
9537,control,2026-03-07,0
9538,control,2026-03-03,1
9539,control,2026-03-06,0
9540,treatment,2026-03-09,0
9541,control,2026-03-11,1
9542,treatment,2026-03-08,0
9543,control,2026-03-07,0
9544,control,2026-03-08,0
9545,control,2026-03-06,1
9546,control,2026-03-03,0
9547,treatment,2026-03-04,0
9548,treatment,2026-03-15,1
9549,control,2026-03-05,1
9550,control,2026-03-03,0
9551,control,2026-03-09,0
9552,control,2026-03-02,1
9553,treatment,2026-03-05,0
9554,control,2026-03-06,1
9555,control,2026-03-10,1
9556,treatment,2026-03-04,1
9557,control,2026-03-02,0
9558,treatment,2026-03-08,0
9559,treatment,2026-03-10,0
9560,control,2026-03-04,1
9561,treatment,2026-03-09,1
9562,control,2026-03-07,0
9563,control,2026-03-02,0
9564,treatment,2026-03-08,1
9565,control,2026-03-05,1
9566,treatment,2026-03-09,1
9567,control,2026-03-03,1
9568,control,2026-03-14,0
9569,treatment,2026-03-02,1
9570,treatment,2026-03-15,1
9571,treatment,2026-03-12,0
9572,treatment,2026-03-12,0
9573,treatment,2026-03-05,0
9574,treatment,2026-03-04,0
9575,control,2026-03-12,1
9576,control,2026-03-05,0
9577,treatment,2026-03-08,0
9578,control,2026-03-07,0
9579,control,2026-03-04,1
9580,treatment,2026-03-11,1
9581,control,2026-03-06,0
9582,treatment,2026-03-02,0
9583,treatment,2026-03-07,1
9584,treatment,2026-03-08,0
9585,treatment,2026-03-02,1
9586,treatment,2026-03-11,0
9587,treatment,2026-03-11,0
9588,treatment,2026-03-04,0
9589,control,2026-03-03,1
9590,treatment,2026-03-07,0
9591,treatment,2026-03-12,0
9592,control,2026-03-14,1
9593,treatment,2026-03-04,1
9594,treatment,2026-03-06,1
9595,control,2026-03-06,1
9596,control,2026-03-10,1
9597,treatment,2026-03-12,1
9598,control,2026-03-12,1
9599,treatment,2026-03-13,0
9600,treatment,2026-03-10,0
9601,treatment,2026-03-12,0
9602,treatment,2026-03-08,1
9603,treatment,2026-03-07,0
9604,treatment,2026-03-03,1
9605,control,2026-03-05,1
9606,treatment,2026-03-09,0
9607,treatment,2026-03-08,0
9608,treatment,2026-03-15,0
9609,treatment,2026-03-02,1
9610,treatment,2026-03-13,0
9611,treatment,2026-03-04,1
9612,treatment,2026-03-02,1
9613,control,2026-03-06,0
9614,treatment,2026-03-12,0
9615,treatment,2026-03-13,0
9616,control,2026-03-02,1
9617,control,2026-03-04,1
9618,treatment,2026-03-13,0
9619,treatment,2026-03-09,0
9620,treatment,2026-03-15,1
9621,treatment,2026-03-04,1
9622,treatment,2026-03-09,0
9623,treatment,2026-03-06,0
9624,treatment,2026-03-07,1
9625,control,2026-03-06,0
9626,control,2026-03-04,0
9627,control,2026-03-10,0
9628,treatment,2026-03-06,0
9629,treatment,2026-03-14,0
9630,control,2026-03-03,1
9631,treatment,2026-03-09,0
9632,treatment,2026-03-05,0
9633,treatment,2026-03-11,0
9634,control,2026-03-12,1
9635,control,2026-03-07,0
9636,control,2026-03-15,0
9637,control,2026-03-06,0
9638,treatment,2026-03-12,1
9639,control,2026-03-03,1
9640,treatment,2026-03-04,1
9641,treatment,2026-03-15,0
9642,treatment,2026-03-14,0
9643,treatment,2026-03-10,0
9644,control,2026-03-15,1
9645,control,2026-03-11,0
9646,treatment,2026-03-04,1
9647,control,2026-03-08,0
9648,control,2026-03-07,0
9649,control,2026-03-04,1
9650,treatment,2026-03-05,1
9651,control,2026-03-06,1
9652,treatment,2026-03-12,1
9653,treatment,2026-03-05,0
9654,control,2026-03-08,0
9655,control,2026-03-07,0
9656,treatment,2026-03-03,0
9657,control,2026-03-04,0
9658,control,2026-03-03,0
9659,treatment,2026-03-14,0
9660,treatment,2026-03-07,0
9661,treatment,2026-03-03,1
9662,treatment,2026-03-13,0
9663,treatment,2026-03-07,0
9664,treatment,2026-03-07,1
9665,treatment,2026-03-12,0
9666,control,2026-03-05,0
9667,control,2026-03-09,0
9668,treatment,2026-03-15,0
9669,treatment,2026-03-14,1
9670,treatment,2026-03-05,1
9671,control,2026-03-09,0
9672,treatment,2026-03-14,1
9673,control,2026-03-12,1
9674,treatment,2026-03-10,0
9675,control,2026-03-14,0
9676,treatment,2026-03-12,0
9677,treatment,2026-03-09,0
9678,treatment,2026-03-12,0
9679,control,2026-03-04,0
9680,treatment,2026-03-15,1
9681,control,2026-03-05,1
9682,treatment,2026-03-06,1
9683,control,2026-03-06,0
9684,treatment,2026-03-14,0
9685,treatment,2026-03-14,0
9686,treatment,2026-03-11,1
9687,treatment,2026-03-03,0
9688,treatment,2026-03-07,1
9689,treatment,2026-03-03,1
9690,control,2026-03-07,0
9691,control,2026-03-02,0
9692,treatment,2026-03-02,0
9693,treatment,2026-03-08,0
9694,treatment,2026-03-11,0
9695,treatment,2026-03-04,0
9696,control,2026-03-15,1
9697,treatment,2026-03-15,0
9698,control,2026-03-06,0
9699,control,2026-03-15,1
9700,control,2026-03-03,1
9701,control,2026-03-10,0
9702,treatment,2026-03-03,1
9703,treatment,2026-03-09,1
9704,treatment,2026-03-07,0
9705,control,2026-03-03,0
9706,treatment,2026-03-15,0
9707,treatment,2026-03-07,1
9708,control,2026-03-09,0
9709,treatment,2026-03-13,0
9710,control,2026-03-06,1
9711,treatment,2026-03-06,0
9712,control,2026-03-03,1
9713,control,2026-03-03,0
9714,control,2026-03-06,0
9715,control,2026-03-02,1
9716,treatment,2026-03-06,1
9717,control,2026-03-04,0
9718,control,2026-03-05,0
9719,treatment,2026-03-04,1
9720,control,2026-03-02,0
9721,treatment,2026-03-11,0
9722,control,2026-03-06,0
9723,control,2026-03-08,1
9724,control,2026-03-06,0
9725,control,2026-03-07,0
9726,control,2026-03-06,1
9727,treatment,2026-03-11,1
9728,treatment,2026-03-02,0
9729,treatment,2026-03-05,0
9730,control,2026-03-15,1
9731,control,2026-03-10,1
9732,control,2026-03-13,0
9733,treatment,2026-03-02,0
9734,treatment,2026-03-09,1
9735,treatment,2026-03-09,1
9736,treatment,2026-03-04,0
9737,control,2026-03-06,0
9738,treatment,2026-03-05,0
9739,control,2026-03-04,1
9740,treatment,2026-03-13,0
9741,treatment,2026-03-10,0
9742,control,2026-03-02,0
9743,control,2026-03-14,0
9744,control,2026-03-12,1
9745,treatment,2026-03-12,1
9746,control,2026-03-09,0
9747,treatment,2026-03-06,0
9748,control,2026-03-05,1
9749,treatment,2026-03-13,1
9750,treatment,2026-03-14,0
9751,control,2026-03-12,1
9752,treatment,2026-03-03,0
9753,control,2026-03-09,1
9754,treatment,2026-03-05,1
9755,treatment,2026-03-03,0
9756,treatment,2026-03-09,0
9757,treatment,2026-03-11,1
9758,control,2026-03-08,1
9759,treatment,2026-03-15,0
9760,control,2026-03-03,0
9761,treatment,2026-03-04,0
9762,treatment,2026-03-13,0
9763,control,2026-03-05,0
9764,treatment,2026-03-07,0
9765,control,2026-03-07,0
9766,treatment,2026-03-13,0
9767,control,2026-03-14,1
9768,control,2026-03-12,0
9769,control,2026-03-03,0
9770,treatment,2026-03-08,0
9771,control,2026-03-14,0
9772,control,2026-03-06,0
9773,treatment,2026-03-03,0
9774,treatment,2026-03-10,0
9775,control,2026-03-09,1
9776,treatment,2026-03-10,0
9777,control,2026-03-13,1
9778,control,2026-03-15,0
9779,control,2026-03-11,1
9780,treatment,2026-03-05,0
9781,treatment,2026-03-05,0
9782,treatment,2026-03-08,1
9783,treatment,2026-03-11,0
9784,control,2026-03-11,0
9785,treatment,2026-03-14,0
9786,treatment,2026-03-12,0
9787,control,2026-03-03,0
9788,treatment,2026-03-03,0
9789,control,2026-03-10,0
9790,control,2026-03-08,0
9791,control,2026-03-11,1
9792,treatment,2026-03-15,0
9793,treatment,2026-03-13,0
9794,treatment,2026-03-12,0
9795,control,2026-03-06,0
9796,control,2026-03-02,0
9797,treatment,2026-03-11,0
9798,control,2026-03-08,0
9799,control,2026-03-12,0
9800,treatment,2026-03-10,0
9801,treatment,2026-03-03,0
9802,control,2026-03-13,0
9803,control,2026-03-13,0
9804,treatment,2026-03-14,0
9805,treatment,2026-03-11,1
9806,treatment,2026-03-10,0
9807,treatment,2026-03-09,1
9808,treatment,2026-03-09,1
9809,treatment,2026-03-09,0
9810,treatment,2026-03-02,1
9811,treatment,2026-03-09,1
9812,control,2026-03-12,0
9813,control,2026-03-04,1
9814,treatment,2026-03-03,1
9815,control,2026-03-12,0
9816,control,2026-03-06,0
9817,treatment,2026-03-14,0
9818,treatment,2026-03-10,1
9819,control,2026-03-04,0
9820,treatment,2026-03-12,0
9821,treatment,2026-03-02,0
9822,treatment,2026-03-04,0
9823,treatment,2026-03-05,0
9824,treatment,2026-03-09,1
9825,treatment,2026-03-07,0
9826,treatment,2026-03-05,1
9827,control,2026-03-04,1
9828,control,2026-03-10,0
9829,treatment,2026-03-11,1
9830,treatment,2026-03-15,1
9831,control,2026-03-05,0
9832,treatment,2026-03-05,1
9833,control,2026-03-09,0
9834,control,2026-03-11,1
9835,control,2026-03-13,1
9836,treatment,2026-03-10,0
9837,treatment,2026-03-05,1
9838,control,2026-03-15,1
9839,control,2026-03-14,0
9840,control,2026-03-11,0
9841,treatment,2026-03-09,1
9842,control,2026-03-10,0
9843,treatment,2026-03-04,0
9844,control,2026-03-07,0
9845,control,2026-03-10,1
9846,control,2026-03-13,1
9847,control,2026-03-11,0
9848,control,2026-03-04,0
9849,control,2026-03-07,1
9850,treatment,2026-03-13,0
9851,treatment,2026-03-08,0
9852,control,2026-03-03,0
9853,control,2026-03-02,0
9854,treatment,2026-03-14,1
9855,treatment,2026-03-06,0
9856,control,2026-03-09,1
9857,control,2026-03-10,0
9858,treatment,2026-03-11,0
9859,treatment,2026-03-06,0
9860,control,2026-03-05,0
9861,control,2026-03-14,0
9862,control,2026-03-15,0
9863,control,2026-03-11,1
9864,treatment,2026-03-09,1
9865,control,2026-03-12,0
9866,control,2026-03-11,0
9867,control,2026-03-03,0
9868,control,2026-03-05,0
9869,control,2026-03-15,0
9870,treatment,2026-03-03,1
9871,treatment,2026-03-11,0
9872,control,2026-03-06,1
9873,control,2026-03-02,1
9874,control,2026-03-10,1
9875,treatment,2026-03-09,0
9876,treatment,2026-03-08,0
9877,control,2026-03-08,1
9878,control,2026-03-11,0
9879,treatment,2026-03-02,0
9880,control,2026-03-06,0
9881,control,2026-03-15,0
9882,control,2026-03-09,0
9883,treatment,2026-03-09,1
9884,treatment,2026-03-06,1
9885,control,2026-03-03,0
9886,treatment,2026-03-15,0
9887,control,2026-03-07,1
9888,treatment,2026-03-02,1
9889,treatment,2026-03-07,0
9890,treatment,2026-03-15,0
9891,control,2026-03-08,1
9892,control,2026-03-07,0
9893,control,2026-03-10,1
9894,treatment,2026-03-10,0
9895,control,2026-03-07,0
9896,treatment,2026-03-11,0
9897,treatment,2026-03-09,0
9898,control,2026-03-14,0
9899,treatment,2026-03-10,0
9900,control,2026-03-02,0
9901,control,2026-03-13,0
9902,treatment,2026-03-09,0
9903,treatment,2026-03-13,1
9904,control,2026-03-13,0
9905,control,2026-03-13,0
9906,treatment,2026-03-12,1
9907,control,2026-03-15,0
9908,control,2026-03-05,0
9909,treatment,2026-03-03,1
9910,control,2026-03-05,0
9911,treatment,2026-03-09,0
9912,control,2026-03-04,0
9913,control,2026-03-12,0
9914,treatment,2026-03-07,0
9915,treatment,2026-03-11,1
9916,treatment,2026-03-03,1
9917,treatment,2026-03-12,0
9918,control,2026-03-05,1
9919,control,2026-03-06,1
9920,control,2026-03-02,1
9921,treatment,2026-03-06,1
9922,treatment,2026-03-15,1
9923,control,2026-03-09,0
9924,control,2026-03-07,0
9925,treatment,2026-03-12,0
9926,treatment,2026-03-05,0
9927,control,2026-03-11,1
9928,control,2026-03-05,0
9929,control,2026-03-05,0
9930,treatment,2026-03-05,0
9931,control,2026-03-06,0
9932,control,2026-03-10,0
9933,treatment,2026-03-02,1
9934,control,2026-03-07,1
9935,treatment,2026-03-05,0
9936,treatment,2026-03-04,0
9937,control,2026-03-08,0
9938,treatment,2026-03-15,0
9939,treatment,2026-03-04,0
9940,treatment,2026-03-11,0
9941,treatment,2026-03-09,1
9942,treatment,2026-03-05,0
9943,treatment,2026-03-05,1
9944,control,2026-03-02,0
9945,control,2026-03-02,1
9946,treatment,2026-03-03,1
9947,treatment,2026-03-09,1
9948,treatment,2026-03-04,0
9949,control,2026-03-07,0
9950,control,2026-03-02,0
9951,control,2026-03-07,0
9952,treatment,2026-03-15,0
9953,treatment,2026-03-09,0
9954,control,2026-03-03,1
9955,control,2026-03-02,0
9956,treatment,2026-03-04,0
9957,control,2026-03-03,0
9958,treatment,2026-03-05,0
9959,treatment,2026-03-11,1
9960,treatment,2026-03-07,0
9961,treatment,2026-03-08,1
9962,treatment,2026-03-07,0
9963,control,2026-03-14,1
9964,control,2026-03-13,1
9965,treatment,2026-03-07,0
9966,control,2026-03-02,1
9967,treatment,2026-03-08,0
9968,control,2026-03-08,0
9969,treatment,2026-03-10,0
9970,control,2026-03-09,1
9971,treatment,2026-03-12,0
9972,control,2026-03-03,0
9973,treatment,2026-03-10,0
9974,treatment,2026-03-02,1
9975,treatment,2026-03-09,0
9976,treatment,2026-03-06,1
9977,control,2026-03-03,0
9978,control,2026-03-11,0
9979,treatment,2026-03-10,0
9980,treatment,2026-03-12,0
9981,control,2026-03-12,1
9982,treatment,2026-03-10,1
9983,control,2026-03-04,0
9984,control,2026-03-15,0
9985,treatment,2026-03-13,1
9986,control,2026-03-02,1
9987,control,2026-03-10,0
9988,treatment,2026-03-10,1
9989,treatment,2026-03-08,0
9990,control,2026-03-11,0
9991,treatment,2026-03-14,1
9992,treatment,2026-03-14,1
9993,treatment,2026-03-10,0
9994,control,2026-03-09,0
9995,treatment,2026-03-08,0
9996,treatment,2026-03-05,0
9997,control,2026-03-03,0
9998,control,2026-03-07,0
9999,treatment,2026-03-03,0
10000,control,2026-03-13,1
10001,treatment,2026-03-07,0
10002,treatment,2026-03-04,0
10003,control,2026-03-07,0
10004,treatment,2026-03-08,1
10005,control,2026-03-10,1
10006,control,2026-03-10,1
10007,control,2026-03-10,1
10008,control,2026-03-02,1
10009,treatment,2026-03-15,0
10010,treatment,2026-03-11,0
10011,control,2026-03-09,0
10012,control,2026-03-13,1
10013,control,2026-03-12,0
10014,control,2026-03-10,0
10015,control,2026-03-13,0
10016,control,2026-03-07,0
10017,treatment,2026-03-06,0
10018,control,2026-03-15,1
10019,control,2026-03-15,0
10020,treatment,2026-03-07,1
10021,treatment,2026-03-11,0
10022,control,2026-03-05,1
10023,treatment,2026-03-02,0
10024,control,2026-03-11,0
10025,treatment,2026-03-03,0
10026,treatment,2026-03-06,0
10027,control,2026-03-05,1
10028,treatment,2026-03-11,0
10029,treatment,2026-03-11,1
10030,treatment,2026-03-04,1
10031,treatment,2026-03-12,1
10032,treatment,2026-03-04,0
10033,treatment,2026-03-03,1
10034,treatment,2026-03-15,0
10035,control,2026-03-03,0
10036,treatment,2026-03-14,0
10037,treatment,2026-03-08,1
10038,control,2026-03-04,0
10039,control,2026-03-04,0
10040,treatment,2026-03-08,0
10041,treatment,2026-03-10,1
10042,treatment,2026-03-05,0
10043,treatment,2026-03-13,1
10044,control,2026-03-10,1
10045,control,2026-03-04,1
10046,control,2026-03-09,0
10047,control,2026-03-14,1
10048,control,2026-03-11,0
10049,control,2026-03-11,0
10050,control,2026-03-14,1
10051,control,2026-03-03,1
10052,treatment,2026-03-08,1
10053,control,2026-03-08,1
10054,treatment,2026-03-03,0
10055,control,2026-03-02,0
10056,control,2026-03-10,0
10057,control,2026-03-06,0
10058,control,2026-03-10,1
10059,control,2026-03-09,0
10060,control,2026-03-09,0
10061,control,2026-03-04,0
10062,control,2026-03-11,1
10063,control,2026-03-15,0
10064,treatment,2026-03-06,0
10065,treatment,2026-03-14,0
10066,control,2026-03-12,0
10067,treatment,2026-03-02,0
10068,treatment,2026-03-03,1
10069,treatment,2026-03-13,1
10070,control,2026-03-05,0
10071,control,2026-03-02,0
10072,control,2026-03-15,0
10073,control,2026-03-11,0
10074,control,2026-03-07,0
10075,treatment,2026-03-10,0
10076,control,2026-03-04,0
10077,control,2026-03-14,0
10078,treatment,2026-03-11,0
10079,control,2026-03-12,0
10080,control,2026-03-02,0
10081,treatment,2026-03-12,0
10082,treatment,2026-03-11,1
10083,treatment,2026-03-05,0
10084,control,2026-03-12,1
10085,treatment,2026-03-12,0
10086,treatment,2026-03-15,0
10087,treatment,2026-03-06,0
10088,treatment,2026-03-05,0
10089,control,2026-03-05,0
10090,treatment,2026-03-02,0
10091,treatment,2026-03-12,0
10092,control,2026-03-13,0
10093,treatment,2026-03-13,1
10094,treatment,2026-03-11,1
10095,treatment,2026-03-02,0
10096,treatment,2026-03-11,0
10097,treatment,2026-03-04,1
10098,control,2026-03-07,0
10099,treatment,2026-03-04,0
10100,treatment,2026-03-12,0
10101,control,2026-03-10,1
10102,control,2026-03-07,0
10103,control,2026-03-13,0
10104,treatment,2026-03-08,0
10105,control,2026-03-14,1
10106,control,2026-03-14,0
10107,control,2026-03-12,0
10108,control,2026-03-11,0
10109,treatment,2026-03-14,1
10110,treatment,2026-03-02,0
10111,control,2026-03-03,1
10112,treatment,2026-03-06,1
10113,control,2026-03-10,0
10114,control,2026-03-09,0
10115,treatment,2026-03-04,0
10116,treatment,2026-03-07,1
10117,treatment,2026-03-11,0
10118,treatment,2026-03-12,0
10119,control,2026-03-03,0
10120,control,2026-03-10,0
10121,treatment,2026-03-06,0
10122,control,2026-03-10,0
10123,treatment,2026-03-05,1
10124,treatment,2026-03-15,1
10125,treatment,2026-03-06,0
10126,control,2026-03-06,1
10127,treatment,2026-03-14,1
10128,treatment,2026-03-13,0
10129,treatment,2026-03-12,0
10130,treatment,2026-03-11,0
10131,control,2026-03-05,0
10132,treatment,2026-03-08,0
10133,control,2026-03-03,0
10134,control,2026-03-07,0
10135,control,2026-03-14,0
10136,treatment,2026-03-05,0
10137,control,2026-03-10,0
10138,treatment,2026-03-04,1
10139,control,2026-03-11,1
10140,treatment,2026-03-05,0
10141,treatment,2026-03-08,0
10142,treatment,2026-03-09,0
10143,control,2026-03-11,0
10144,control,2026-03-09,1
10145,treatment,2026-03-08,0
10146,treatment,2026-03-15,1
10147,treatment,2026-03-04,0
10148,treatment,2026-03-09,0
10149,control,2026-03-04,1
10150,treatment,2026-03-08,0
10151,control,2026-03-07,1
10152,treatment,2026-03-12,0
10153,treatment,2026-03-13,1
10154,control,2026-03-15,1
10155,control,2026-03-03,0
10156,treatment,2026-03-05,1
10157,control,2026-03-11,1
10158,control,2026-03-14,0
10159,treatment,2026-03-10,1
10160,control,2026-03-10,1
10161,treatment,2026-03-07,1
10162,control,2026-03-07,1
10163,control,2026-03-08,0
10164,treatment,2026-03-14,0
10165,treatment,2026-03-12,1
10166,treatment,2026-03-03,1
10167,treatment,2026-03-13,0
10168,treatment,2026-03-10,0
10169,treatment,2026-03-08,0
10170,treatment,2026-03-15,0
10171,treatment,2026-03-08,0
10172,control,2026-03-02,0
10173,control,2026-03-14,0
10174,control,2026-03-14,0
10175,treatment,2026-03-13,0
10176,treatment,2026-03-02,1
10177,control,2026-03-02,0
10178,control,2026-03-04,0
10179,control,2026-03-04,1
10180,treatment,2026-03-06,1
10181,treatment,2026-03-11,1
10182,control,2026-03-12,0
10183,control,2026-03-08,0
10184,treatment,2026-03-02,0
10185,control,2026-03-11,1
10186,treatment,2026-03-10,0
10187,treatment,2026-03-07,1
10188,control,2026-03-05,1
10189,treatment,2026-03-06,0
10190,control,2026-03-15,0
10191,treatment,2026-03-13,1
10192,treatment,2026-03-07,0
10193,treatment,2026-03-10,0
10194,treatment,2026-03-13,0
10195,control,2026-03-09,0
10196,control,2026-03-14,0
10197,treatment,2026-03-02,0
10198,control,2026-03-11,0
10199,control,2026-03-02,1
10200,treatment,2026-03-04,0
10201,control,2026-03-14,1
10202,control,2026-03-13,0
10203,control,2026-03-05,0
10204,control,2026-03-10,0
10205,treatment,2026-03-12,1
10206,treatment,2026-03-05,1
10207,treatment,2026-03-14,0
10208,treatment,2026-03-04,0
10209,treatment,2026-03-03,0
10210,treatment,2026-03-07,0
10211,control,2026-03-06,1
10212,treatment,2026-03-06,0
10213,control,2026-03-12,0
10214,control,2026-03-10,0
10215,treatment,2026-03-15,0
10216,treatment,2026-03-14,1
10217,control,2026-03-04,0
10218,control,2026-03-04,0
10219,control,2026-03-06,0
10220,treatment,2026-03-03,0
10221,treatment,2026-03-07,0
10222,treatment,2026-03-03,0
10223,control,2026-03-06,1
10224,treatment,2026-03-03,0
10225,treatment,2026-03-13,0
10226,control,2026-03-07,0
10227,control,2026-03-02,1
10228,treatment,2026-03-12,0
10229,treatment,2026-03-07,0
10230,treatment,2026-03-07,0
10231,control,2026-03-06,1
10232,treatment,2026-03-06,1
10233,control,2026-03-08,1
10234,control,2026-03-11,0
10235,treatment,2026-03-08,0
10236,treatment,2026-03-07,0
10237,control,2026-03-14,0
10238,control,2026-03-15,1
10239,control,2026-03-15,1
10240,control,2026-03-09,0
10241,control,2026-03-12,1
10242,control,2026-03-12,1
10243,treatment,2026-03-06,1
10244,control,2026-03-08,1
10245,control,2026-03-03,0
10246,control,2026-03-05,0
10247,treatment,2026-03-12,0
10248,control,2026-03-04,1
10249,treatment,2026-03-06,1
10250,control,2026-03-04,0
10251,treatment,2026-03-12,0
10252,control,2026-03-05,0
10253,treatment,2026-03-13,0
10254,treatment,2026-03-06,0
10255,control,2026-03-09,1
10256,control,2026-03-03,0
10257,treatment,2026-03-06,1
10258,control,2026-03-09,1
10259,treatment,2026-03-10,1
10260,control,2026-03-13,1
10261,control,2026-03-13,1
10262,treatment,2026-03-02,0
10263,treatment,2026-03-14,0
10264,control,2026-03-10,0
10265,control,2026-03-04,0
10266,treatment,2026-03-13,0
10267,control,2026-03-02,1
10268,treatment,2026-03-11,0
10269,treatment,2026-03-07,0
10270,treatment,2026-03-03,0
10271,control,2026-03-11,0
10272,treatment,2026-03-06,0
10273,control,2026-03-07,0
10274,treatment,2026-03-08,1
10275,treatment,2026-03-08,1
10276,treatment,2026-03-15,1
10277,treatment,2026-03-12,1
10278,treatment,2026-03-09,0
10279,control,2026-03-06,0
10280,control,2026-03-14,0
10281,treatment,2026-03-02,0
10282,control,2026-03-09,1
10283,control,2026-03-10,1
10284,control,2026-03-03,1
10285,control,2026-03-14,0
10286,control,2026-03-10,1
10287,control,2026-03-09,0
10288,treatment,2026-03-02,1
10289,treatment,2026-03-13,1
10290,treatment,2026-03-06,0
10291,control,2026-03-07,0
10292,control,2026-03-05,0
10293,treatment,2026-03-04,0
10294,treatment,2026-03-12,0
10295,treatment,2026-03-08,1
10296,control,2026-03-03,0
10297,treatment,2026-03-02,0
10298,control,2026-03-08,1
10299,control,2026-03-07,1
10300,control,2026-03-13,1
10301,treatment,2026-03-04,0
10302,control,2026-03-12,1
10303,treatment,2026-03-05,0
10304,control,2026-03-07,0
10305,control,2026-03-05,0
10306,treatment,2026-03-06,0
10307,control,2026-03-13,1
10308,control,2026-03-06,0
10309,treatment,2026-03-08,0
10310,treatment,2026-03-12,0
10311,treatment,2026-03-06,1
10312,treatment,2026-03-14,1
10313,control,2026-03-08,1
10314,treatment,2026-03-11,1
10315,treatment,2026-03-05,1
10316,control,2026-03-12,1
10317,control,2026-03-10,0
10318,control,2026-03-05,1
10319,control,2026-03-10,1
10320,control,2026-03-10,1
10321,treatment,2026-03-11,0
10322,treatment,2026-03-09,1
10323,control,2026-03-05,0
10324,treatment,2026-03-13,0
10325,treatment,2026-03-13,0
10326,control,2026-03-14,0
10327,control,2026-03-06,0
10328,control,2026-03-08,0
10329,treatment,2026-03-06,0
10330,control,2026-03-11,1
10331,treatment,2026-03-05,0
10332,control,2026-03-04,0
10333,treatment,2026-03-15,0
10334,treatment,2026-03-09,0
10335,treatment,2026-03-14,0
10336,treatment,2026-03-09,0
10337,control,2026-03-11,0
10338,treatment,2026-03-06,0
10339,control,2026-03-10,0
10340,treatment,2026-03-07,0
10341,treatment,2026-03-04,0
10342,treatment,2026-03-10,0
10343,control,2026-03-14,0
10344,treatment,2026-03-09,0
10345,control,2026-03-14,0
10346,control,2026-03-02,1
10347,control,2026-03-12,1
10348,treatment,2026-03-07,0
10349,control,2026-03-02,0
10350,treatment,2026-03-10,0
10351,control,2026-03-12,1
10352,treatment,2026-03-07,1
10353,control,2026-03-03,0
10354,treatment,2026-03-07,0
10355,treatment,2026-03-02,0
10356,treatment,2026-03-13,0
10357,treatment,2026-03-05,0
10358,treatment,2026-03-05,1
10359,control,2026-03-15,0
10360,treatment,2026-03-03,1
10361,control,2026-03-11,0
10362,treatment,2026-03-08,0
10363,treatment,2026-03-02,1
10364,control,2026-03-06,0
10365,treatment,2026-03-07,1
10366,control,2026-03-08,0
10367,treatment,2026-03-14,0
10368,control,2026-03-03,0
10369,control,2026-03-12,1
10370,treatment,2026-03-02,1
10371,treatment,2026-03-13,0
10372,treatment,2026-03-06,1
10373,control,2026-03-03,0
10374,control,2026-03-04,0
10375,treatment,2026-03-12,0
10376,control,2026-03-13,0
10377,treatment,2026-03-02,1
10378,control,2026-03-04,0
10379,control,2026-03-15,1
10380,control,2026-03-09,1
10381,control,2026-03-04,0
10382,treatment,2026-03-10,0
10383,treatment,2026-03-04,1
10384,treatment,2026-03-04,0
10385,treatment,2026-03-09,0
10386,treatment,2026-03-09,1
10387,control,2026-03-10,0
10388,treatment,2026-03-14,0
10389,control,2026-03-02,1
10390,control,2026-03-11,0
10391,treatment,2026-03-08,0
10392,control,2026-03-04,0
10393,treatment,2026-03-10,1
10394,treatment,2026-03-04,0
10395,control,2026-03-15,0
10396,control,2026-03-02,0
10397,treatment,2026-03-07,0
10398,treatment,2026-03-10,1
10399,control,2026-03-11,0
10400,control,2026-03-12,0
10401,treatment,2026-03-11,0
10402,treatment,2026-03-14,0
10403,treatment,2026-03-05,0
10404,control,2026-03-15,1
10405,control,2026-03-05,0
10406,treatment,2026-03-14,0
10407,control,2026-03-06,0
10408,control,2026-03-11,0
10409,treatment,2026-03-02,1
10410,control,2026-03-02,1
10411,control,2026-03-12,0
10412,treatment,2026-03-14,1
10413,treatment,2026-03-05,1
10414,control,2026-03-11,0
10415,treatment,2026-03-03,1
10416,treatment,2026-03-06,0
10417,treatment,2026-03-03,1
10418,treatment,2026-03-09,0
10419,treatment,2026-03-09,0
10420,treatment,2026-03-07,0
10421,treatment,2026-03-04,1
10422,control,2026-03-03,0
10423,treatment,2026-03-12,1
10424,control,2026-03-04,0
10425,treatment,2026-03-13,0
10426,treatment,2026-03-05,1
10427,control,2026-03-15,0
10428,treatment,2026-03-10,1
10429,control,2026-03-03,0
10430,treatment,2026-03-15,1
10431,control,2026-03-03,0
10432,treatment,2026-03-03,0
10433,treatment,2026-03-08,1
10434,control,2026-03-02,1
10435,control,2026-03-11,0
10436,control,2026-03-14,1
10437,treatment,2026-03-11,0
10438,treatment,2026-03-07,0
10439,control,2026-03-11,0
10440,control,2026-03-09,0
10441,treatment,2026-03-07,1
10442,treatment,2026-03-05,0
10443,control,2026-03-11,1
10444,control,2026-03-15,0
10445,treatment,2026-03-07,1
10446,control,2026-03-03,0
10447,treatment,2026-03-09,0
10448,treatment,2026-03-15,0
10449,treatment,2026-03-05,0
10450,control,2026-03-13,1
10451,control,2026-03-03,0
10452,control,2026-03-10,0
10453,treatment,2026-03-03,0
10454,treatment,2026-03-11,1
10455,treatment,2026-03-15,0
10456,control,2026-03-11,0
10457,control,2026-03-12,0
10458,treatment,2026-03-11,1
10459,treatment,2026-03-13,0
10460,control,2026-03-06,1
10461,control,2026-03-04,0
10462,control,2026-03-09,1
10463,control,2026-03-13,0
10464,treatment,2026-03-03,0
10465,treatment,2026-03-02,1
10466,treatment,2026-03-03,0
10467,treatment,2026-03-12,1
10468,treatment,2026-03-14,1
10469,control,2026-03-05,0
10470,control,2026-03-02,1
10471,control,2026-03-14,0
10472,treatment,2026-03-14,0
10473,control,2026-03-09,1
10474,control,2026-03-04,1
10475,control,2026-03-03,1
10476,treatment,2026-03-14,0
10477,control,2026-03-07,1
10478,treatment,2026-03-03,0
10479,control,2026-03-10,0
10480,control,2026-03-15,1
10481,control,2026-03-14,0
10482,control,2026-03-07,0
10483,control,2026-03-14,1
10484,treatment,2026-03-13,0
10485,control,2026-03-04,1
10486,control,2026-03-15,0
10487,treatment,2026-03-06,0
10488,control,2026-03-14,1
10489,control,2026-03-02,0
10490,treatment,2026-03-11,1
10491,treatment,2026-03-04,0
10492,treatment,2026-03-06,1
10493,treatment,2026-03-05,0
10494,treatment,2026-03-09,1
10495,control,2026-03-05,1
10496,treatment,2026-03-03,0
10497,control,2026-03-11,0
10498,control,2026-03-15,0
10499,control,2026-03-14,1
10500,treatment,2026-03-02,0
10501,treatment,2026-03-02,0
10502,treatment,2026-03-12,0
10503,treatment,2026-03-05,0
10504,treatment,2026-03-02,0
10505,treatment,2026-03-07,0
10506,treatment,2026-03-07,1
10507,control,2026-03-13,1
10508,treatment,2026-03-07,0
10509,control,2026-03-04,1
10510,control,2026-03-08,0
10511,treatment,2026-03-02,0
10512,control,2026-03-07,1
10513,treatment,2026-03-10,0
10514,treatment,2026-03-09,0
10515,control,2026-03-13,1
10516,control,2026-03-12,0
10517,treatment,2026-03-11,1
10518,control,2026-03-06,0
10519,treatment,2026-03-07,1
10520,treatment,2026-03-09,1
10521,control,2026-03-06,0
10522,control,2026-03-13,0
10523,treatment,2026-03-15,0
10524,treatment,2026-03-02,1
10525,treatment,2026-03-04,0
10526,control,2026-03-07,0
10527,treatment,2026-03-13,0
10528,treatment,2026-03-03,1
10529,treatment,2026-03-13,1
10530,treatment,2026-03-02,0
10531,treatment,2026-03-14,1
10532,treatment,2026-03-09,1
10533,treatment,2026-03-06,0
10534,treatment,2026-03-06,1
10535,treatment,2026-03-03,0
10536,control,2026-03-13,0
10537,treatment,2026-03-13,0
10538,control,2026-03-02,0
10539,treatment,2026-03-03,0
10540,treatment,2026-03-03,0
10541,control,2026-03-11,0
10542,treatment,2026-03-07,1
10543,control,2026-03-13,0
10544,control,2026-03-06,0
10545,treatment,2026-03-12,1
10546,control,2026-03-15,0
10547,treatment,2026-03-03,1
10548,control,2026-03-10,1
10549,control,2026-03-07,0
10550,treatment,2026-03-15,1
10551,treatment,2026-03-03,0
10552,treatment,2026-03-12,0
10553,control,2026-03-12,0
10554,control,2026-03-10,0
10555,treatment,2026-03-10,1
10556,control,2026-03-09,1
10557,treatment,2026-03-08,1
10558,treatment,2026-03-12,0
10559,treatment,2026-03-15,0
10560,treatment,2026-03-06,1
10561,treatment,2026-03-06,0
10562,control,2026-03-07,0
10563,control,2026-03-07,0
10564,control,2026-03-08,1
10565,control,2026-03-11,1
10566,treatment,2026-03-03,0
10567,control,2026-03-15,0
10568,control,2026-03-12,1
10569,control,2026-03-15,1
10570,treatment,2026-03-08,0
10571,control,2026-03-15,0
10572,treatment,2026-03-12,1
10573,control,2026-03-04,1
10574,treatment,2026-03-14,1
10575,control,2026-03-09,0
10576,control,2026-03-10,1
10577,control,2026-03-07,0
10578,treatment,2026-03-03,1
10579,control,2026-03-03,0
10580,control,2026-03-11,1
10581,control,2026-03-15,0
10582,treatment,2026-03-15,0
10583,treatment,2026-03-13,1
10584,control,2026-03-12,1
10585,treatment,2026-03-11,0
10586,treatment,2026-03-06,1
10587,control,2026-03-03,0
10588,control,2026-03-05,0
10589,control,2026-03-06,0
10590,control,2026-03-15,0
10591,treatment,2026-03-07,0
10592,treatment,2026-03-15,0
10593,treatment,2026-03-07,1
10594,treatment,2026-03-09,0
10595,control,2026-03-06,0
10596,control,2026-03-06,0
10597,control,2026-03-14,1
10598,treatment,2026-03-04,0
10599,treatment,2026-03-03,1
10600,treatment,2026-03-14,1
10601,treatment,2026-03-14,1
10602,control,2026-03-06,0
10603,control,2026-03-09,0
10604,treatment,2026-03-04,0
10605,treatment,2026-03-04,0
10606,treatment,2026-03-03,1
10607,treatment,2026-03-05,0
10608,treatment,2026-03-02,0
10609,treatment,2026-03-11,0
10610,treatment,2026-03-15,0
10611,treatment,2026-03-12,1
10612,control,2026-03-12,1
10613,treatment,2026-03-03,1
10614,control,2026-03-10,0
10615,treatment,2026-03-07,1
10616,control,2026-03-06,0
10617,treatment,2026-03-13,0
10618,control,2026-03-08,1
10619,control,2026-03-10,0
10620,control,2026-03-14,0
10621,control,2026-03-07,0
10622,control,2026-03-14,1
10623,treatment,2026-03-13,0
10624,control,2026-03-07,0
10625,treatment,2026-03-05,0
10626,treatment,2026-03-09,0
10627,treatment,2026-03-11,0
10628,control,2026-03-03,1
10629,treatment,2026-03-08,1
10630,treatment,2026-03-04,0
10631,treatment,2026-03-04,0
10632,control,2026-03-03,1
10633,treatment,2026-03-02,0
10634,control,2026-03-04,0
10635,control,2026-03-02,1
10636,treatment,2026-03-02,0
10637,control,2026-03-05,0
10638,control,2026-03-13,1
10639,treatment,2026-03-11,0
10640,treatment,2026-03-08,0
10641,treatment,2026-03-12,1
10642,control,2026-03-03,0
10643,control,2026-03-03,0
10644,treatment,2026-03-12,1
10645,treatment,2026-03-04,1
10646,control,2026-03-07,0
10647,control,2026-03-03,1
10648,treatment,2026-03-04,1
10649,treatment,2026-03-07,0
10650,control,2026-03-14,0
10651,control,2026-03-08,0
10652,control,2026-03-03,0
10653,control,2026-03-02,0
10654,treatment,2026-03-09,0
10655,treatment,2026-03-04,0
10656,treatment,2026-03-07,1
10657,control,2026-03-08,0
10658,control,2026-03-09,1
10659,control,2026-03-07,0
10660,control,2026-03-12,0
10661,control,2026-03-15,0
10662,treatment,2026-03-12,1
10663,control,2026-03-14,1
10664,treatment,2026-03-07,1
10665,treatment,2026-03-14,0
10666,treatment,2026-03-03,1
10667,treatment,2026-03-02,0
10668,treatment,2026-03-15,0
10669,treatment,2026-03-14,0
10670,control,2026-03-06,0
10671,treatment,2026-03-09,0
10672,treatment,2026-03-12,0
10673,control,2026-03-04,1
10674,control,2026-03-11,0
10675,control,2026-03-13,0
10676,control,2026-03-09,0
10677,control,2026-03-10,1
10678,treatment,2026-03-05,0
10679,control,2026-03-15,1
10680,control,2026-03-02,0
10681,treatment,2026-03-11,0
10682,treatment,2026-03-09,1
10683,treatment,2026-03-03,0
10684,control,2026-03-06,1
10685,control,2026-03-03,1
10686,treatment,2026-03-08,1
10687,treatment,2026-03-11,0
10688,control,2026-03-13,0
10689,control,2026-03-10,0
10690,treatment,2026-03-09,0
10691,control,2026-03-07,0
10692,control,2026-03-13,1
10693,control,2026-03-02,1
10694,control,2026-03-07,0
10695,control,2026-03-12,0
10696,control,2026-03-12,0
10697,treatment,2026-03-04,0
10698,control,2026-03-09,1
10699,control,2026-03-05,0
10700,control,2026-03-07,1
10701,treatment,2026-03-12,0
10702,treatment,2026-03-14,1
10703,treatment,2026-03-02,1
10704,treatment,2026-03-15,0
10705,treatment,2026-03-13,0
10706,control,2026-03-12,0
10707,treatment,2026-03-10,1
10708,treatment,2026-03-13,0
10709,control,2026-03-08,0
10710,control,2026-03-12,1
10711,treatment,2026-03-14,0
10712,treatment,2026-03-15,0
10713,treatment,2026-03-04,0
10714,control,2026-03-10,1
10715,control,2026-03-02,0
10716,control,2026-03-15,0
10717,control,2026-03-08,0
10718,treatment,2026-03-11,0
10719,control,2026-03-02,0
10720,control,2026-03-13,1
10721,control,2026-03-15,1
10722,treatment,2026-03-09,0
10723,treatment,2026-03-13,1
10724,treatment,2026-03-15,1
10725,control,2026-03-15,1
10726,control,2026-03-12,0
10727,control,2026-03-06,0
10728,control,2026-03-02,0
10729,control,2026-03-12,0
10730,control,2026-03-08,0
10731,treatment,2026-03-09,1
10732,treatment,2026-03-06,0
10733,treatment,2026-03-12,1
10734,control,2026-03-09,0
10735,treatment,2026-03-06,0
10736,control,2026-03-09,0
10737,control,2026-03-02,1
10738,treatment,2026-03-02,0
10739,control,2026-03-03,1
10740,control,2026-03-06,0
10741,control,2026-03-09,1
10742,treatment,2026-03-15,1
10743,control,2026-03-09,0
10744,control,2026-03-07,1
10745,treatment,2026-03-14,0
10746,control,2026-03-13,0
10747,control,2026-03-11,0
10748,treatment,2026-03-12,1
10749,control,2026-03-03,0
10750,treatment,2026-03-15,0
10751,control,2026-03-13,0
10752,control,2026-03-05,0
10753,control,2026-03-02,0
10754,treatment,2026-03-07,1
10755,treatment,2026-03-10,0
10756,control,2026-03-03,0
10757,treatment,2026-03-11,1
10758,control,2026-03-12,0
10759,treatment,2026-03-05,0
10760,treatment,2026-03-14,0
10761,treatment,2026-03-07,1
10762,treatment,2026-03-13,0
10763,treatment,2026-03-03,1
10764,control,2026-03-11,0
10765,treatment,2026-03-10,0
10766,treatment,2026-03-13,0
10767,treatment,2026-03-03,0
10768,treatment,2026-03-10,0
10769,control,2026-03-14,1
10770,treatment,2026-03-08,0
10771,treatment,2026-03-04,0
10772,treatment,2026-03-14,0
10773,treatment,2026-03-02,0
10774,control,2026-03-11,0
10775,control,2026-03-03,0
10776,control,2026-03-09,0
10777,control,2026-03-13,1
10778,control,2026-03-07,1
10779,control,2026-03-13,0
10780,control,2026-03-03,0
10781,treatment,2026-03-04,0
10782,treatment,2026-03-09,0
10783,treatment,2026-03-03,0
10784,treatment,2026-03-09,1
10785,treatment,2026-03-08,1
10786,control,2026-03-10,0
10787,treatment,2026-03-03,0
10788,control,2026-03-10,0
10789,treatment,2026-03-11,1
10790,control,2026-03-02,0
10791,treatment,2026-03-12,1
10792,control,2026-03-05,1
10793,control,2026-03-08,0
10794,control,2026-03-12,0
10795,control,2026-03-13,0
10796,treatment,2026-03-08,0
10797,treatment,2026-03-11,1
10798,treatment,2026-03-10,0
10799,control,2026-03-06,1
10800,treatment,2026-03-12,1
10801,treatment,2026-03-13,0
10802,control,2026-03-06,0
10803,treatment,2026-03-03,1
10804,treatment,2026-03-06,0
10805,control,2026-03-12,1
10806,treatment,2026-03-10,1
10807,control,2026-03-15,1
10808,control,2026-03-08,0
10809,treatment,2026-03-05,0
10810,treatment,2026-03-08,0
10811,control,2026-03-05,1
10812,treatment,2026-03-07,0
10813,control,2026-03-07,0
10814,treatment,2026-03-07,0
10815,treatment,2026-03-10,0
10816,treatment,2026-03-10,0
10817,treatment,2026-03-03,0
10818,treatment,2026-03-13,0
10819,control,2026-03-08,1
10820,treatment,2026-03-15,0
10821,control,2026-03-04,0
10822,treatment,2026-03-11,1
10823,control,2026-03-12,0
10824,treatment,2026-03-15,1
10825,treatment,2026-03-11,0
10826,treatment,2026-03-07,1
10827,treatment,2026-03-10,1
10828,treatment,2026-03-13,1
10829,treatment,2026-03-05,0
10830,control,2026-03-09,0
10831,control,2026-03-08,0
10832,control,2026-03-11,1
10833,control,2026-03-15,1
10834,treatment,2026-03-15,1
10835,treatment,2026-03-15,0
10836,control,2026-03-06,0
10837,control,2026-03-02,0
10838,control,2026-03-10,1
10839,control,2026-03-15,0
10840,control,2026-03-04,0
10841,treatment,2026-03-11,0
10842,treatment,2026-03-05,0
10843,treatment,2026-03-13,1
10844,control,2026-03-09,1
10845,control,2026-03-13,1
10846,treatment,2026-03-07,0
10847,control,2026-03-05,1
10848,treatment,2026-03-11,1
10849,treatment,2026-03-10,0
10850,treatment,2026-03-07,1
10851,treatment,2026-03-08,0
10852,control,2026-03-02,1
10853,control,2026-03-15,0
10854,control,2026-03-14,1
10855,treatment,2026-03-15,1
10856,control,2026-03-07,0
10857,control,2026-03-14,0
10858,control,2026-03-15,1
10859,treatment,2026-03-02,1
10860,treatment,2026-03-05,0
10861,treatment,2026-03-04,0
10862,treatment,2026-03-06,1
10863,treatment,2026-03-15,0
10864,treatment,2026-03-02,0
10865,control,2026-03-03,0
10866,control,2026-03-13,0
10867,control,2026-03-09,0
10868,control,2026-03-03,1
10869,control,2026-03-05,1
10870,treatment,2026-03-15,0
10871,treatment,2026-03-14,0
10872,control,2026-03-09,0
10873,treatment,2026-03-08,0
10874,treatment,2026-03-11,1
10875,treatment,2026-03-10,1
10876,control,2026-03-04,0
10877,control,2026-03-02,0
10878,treatment,2026-03-05,0
10879,control,2026-03-03,0
10880,treatment,2026-03-03,1
10881,treatment,2026-03-03,1
10882,control,2026-03-07,1
10883,control,2026-03-05,1
10884,control,2026-03-02,0
10885,control,2026-03-07,0
10886,treatment,2026-03-10,1
10887,control,2026-03-10,0
10888,control,2026-03-11,1
10889,control,2026-03-15,0
10890,control,2026-03-07,1
10891,control,2026-03-13,0
10892,control,2026-03-03,0
10893,control,2026-03-04,1
10894,control,2026-03-12,0
10895,control,2026-03-13,0
10896,treatment,2026-03-04,0
10897,treatment,2026-03-14,0
10898,control,2026-03-10,0
10899,treatment,2026-03-07,0
10900,treatment,2026-03-02,0
10901,treatment,2026-03-06,0
10902,control,2026-03-03,0
10903,treatment,2026-03-15,1
10904,control,2026-03-09,0
10905,treatment,2026-03-02,1
10906,control,2026-03-02,0
10907,treatment,2026-03-03,1
10908,treatment,2026-03-07,1
10909,treatment,2026-03-13,0
10910,control,2026-03-02,0
10911,control,2026-03-05,0
10912,treatment,2026-03-04,1
10913,treatment,2026-03-13,0
10914,control,2026-03-07,1
10915,treatment,2026-03-02,0
10916,treatment,2026-03-10,1
10917,treatment,2026-03-15,0
10918,control,2026-03-06,0
10919,control,2026-03-02,1
10920,treatment,2026-03-09,1
10921,control,2026-03-11,0
10922,control,2026-03-04,0
10923,control,2026-03-10,0
10924,treatment,2026-03-04,0
10925,treatment,2026-03-10,1
10926,control,2026-03-02,0
10927,control,2026-03-14,1
10928,control,2026-03-08,1
10929,treatment,2026-03-03,0
10930,control,2026-03-13,0
10931,treatment,2026-03-02,1
10932,control,2026-03-07,0
10933,treatment,2026-03-07,1
10934,control,2026-03-04,0
10935,treatment,2026-03-06,0
10936,control,2026-03-15,0
10937,treatment,2026-03-02,0
10938,treatment,2026-03-12,1
10939,treatment,2026-03-03,0
10940,control,2026-03-06,0
10941,control,2026-03-07,1
10942,control,2026-03-12,1
10943,treatment,2026-03-10,1
10944,control,2026-03-09,1
10945,treatment,2026-03-11,0
10946,control,2026-03-08,1
10947,control,2026-03-07,1
10948,treatment,2026-03-10,0
10949,control,2026-03-04,1
10950,treatment,2026-03-02,1
10951,control,2026-03-13,0
10952,treatment,2026-03-12,0
10953,control,2026-03-07,0
10954,treatment,2026-03-04,0
10955,control,2026-03-08,0
10956,treatment,2026-03-07,1
10957,treatment,2026-03-14,0
10958,treatment,2026-03-05,1
10959,control,2026-03-14,1
10960,control,2026-03-11,0
10961,treatment,2026-03-06,0
10962,control,2026-03-14,0
10963,control,2026-03-10,1
10964,treatment,2026-03-10,0
10965,control,2026-03-08,0
10966,treatment,2026-03-05,0
10967,treatment,2026-03-09,0
10968,control,2026-03-13,1
10969,treatment,2026-03-02,0
10970,control,2026-03-11,0
10971,treatment,2026-03-15,1
10972,treatment,2026-03-06,0
10973,treatment,2026-03-04,0
10974,treatment,2026-03-04,0
10975,control,2026-03-12,0
10976,control,2026-03-13,1
10977,control,2026-03-04,1
10978,control,2026-03-10,0
10979,control,2026-03-02,1
10980,treatment,2026-03-10,0
10981,treatment,2026-03-07,0
10982,control,2026-03-14,1
10983,treatment,2026-03-15,0
10984,treatment,2026-03-13,0
10985,treatment,2026-03-12,0
10986,control,2026-03-05,0
10987,treatment,2026-03-13,1
10988,treatment,2026-03-13,1
10989,treatment,2026-03-06,0
10990,control,2026-03-11,0
10991,treatment,2026-03-10,0
10992,control,2026-03-03,0
10993,treatment,2026-03-09,0
10994,control,2026-03-03,1
10995,control,2026-03-05,1
10996,control,2026-03-04,1
10997,control,2026-03-06,1
10998,control,2026-03-02,1
10999,control,2026-03-08,0
11000,control,2026-03-04,1
11001,control,2026-03-13,1
11002,control,2026-03-02,0
11003,control,2026-03-03,0
11004,control,2026-03-13,1
11005,treatment,2026-03-02,0
11006,treatment,2026-03-07,0
11007,treatment,2026-03-15,1
11008,treatment,2026-03-03,0
11009,treatment,2026-03-08,1
11010,treatment,2026-03-12,1
11011,treatment,2026-03-03,1
11012,control,2026-03-15,0
11013,control,2026-03-14,1
11014,control,2026-03-14,1
11015,control,2026-03-03,1
11016,control,2026-03-02,1
11017,treatment,2026-03-06,0
11018,control,2026-03-06,0
11019,control,2026-03-11,1
11020,treatment,2026-03-11,0
11021,treatment,2026-03-14,0
11022,treatment,2026-03-11,1
11023,treatment,2026-03-03,1
11024,treatment,2026-03-15,0
11025,treatment,2026-03-06,0
11026,control,2026-03-14,0
11027,treatment,2026-03-04,1
11028,control,2026-03-13,0
11029,control,2026-03-09,0
11030,control,2026-03-03,0
11031,control,2026-03-08,0
11032,control,2026-03-02,0
11033,treatment,2026-03-13,0
11034,treatment,2026-03-15,1
11035,treatment,2026-03-08,1
11036,control,2026-03-10,0
11037,control,2026-03-04,1
11038,control,2026-03-11,0
11039,treatment,2026-03-03,0
11040,treatment,2026-03-14,0
11041,treatment,2026-03-12,1
11042,treatment,2026-03-03,0
11043,control,2026-03-09,1
11044,treatment,2026-03-09,1
11045,control,2026-03-14,1
11046,treatment,2026-03-11,1
11047,control,2026-03-08,0
11048,treatment,2026-03-09,0
11049,control,2026-03-10,1
11050,control,2026-03-06,1
11051,control,2026-03-11,1
11052,control,2026-03-09,0
11053,treatment,2026-03-04,0
11054,treatment,2026-03-07,1
11055,treatment,2026-03-07,0
11056,treatment,2026-03-13,0
11057,treatment,2026-03-09,0
11058,control,2026-03-05,0
11059,control,2026-03-02,0
11060,control,2026-03-07,0
11061,treatment,2026-03-08,0
11062,control,2026-03-15,1
11063,treatment,2026-03-08,0
11064,treatment,2026-03-08,1
11065,control,2026-03-06,1
11066,control,2026-03-08,1
11067,treatment,2026-03-12,0
11068,treatment,2026-03-13,0
11069,treatment,2026-03-04,0
11070,treatment,2026-03-04,0
11071,treatment,2026-03-05,0
11072,control,2026-03-13,0
11073,control,2026-03-05,0
11074,treatment,2026-03-07,0
11075,control,2026-03-10,0
11076,control,2026-03-10,0
11077,control,2026-03-09,0
11078,treatment,2026-03-05,0
11079,treatment,2026-03-15,0
11080,control,2026-03-03,0
11081,control,2026-03-11,0
11082,treatment,2026-03-02,0
11083,treatment,2026-03-05,1
11084,control,2026-03-10,0
11085,control,2026-03-13,1
11086,control,2026-03-04,0
11087,control,2026-03-02,0
11088,treatment,2026-03-15,1
11089,treatment,2026-03-05,1
11090,control,2026-03-03,1
11091,treatment,2026-03-15,1
11092,control,2026-03-03,1
11093,treatment,2026-03-13,0
11094,treatment,2026-03-12,0
11095,control,2026-03-11,1
11096,treatment,2026-03-13,0
11097,control,2026-03-02,0
11098,treatment,2026-03-06,0
11099,control,2026-03-10,0
11100,treatment,2026-03-11,1
11101,control,2026-03-06,0
11102,treatment,2026-03-11,0
11103,treatment,2026-03-05,1
11104,control,2026-03-11,0
11105,treatment,2026-03-10,0
11106,treatment,2026-03-04,1
11107,treatment,2026-03-02,1
11108,treatment,2026-03-06,0
11109,control,2026-03-06,0
11110,treatment,2026-03-02,0
11111,control,2026-03-15,0
11112,control,2026-03-08,1
11113,treatment,2026-03-11,1
11114,treatment,2026-03-04,1
11115,treatment,2026-03-13,0
11116,control,2026-03-07,1
11117,treatment,2026-03-12,0
11118,control,2026-03-05,0
11119,control,2026-03-12,1
11120,control,2026-03-10,1
11121,treatment,2026-03-05,0
11122,control,2026-03-08,0
11123,treatment,2026-03-07,0
11124,treatment,2026-03-07,0
11125,treatment,2026-03-06,0
11126,control,2026-03-13,1
11127,treatment,2026-03-08,0
11128,treatment,2026-03-05,1
11129,control,2026-03-06,0
11130,treatment,2026-03-09,0
11131,control,2026-03-11,0
11132,treatment,2026-03-13,0
11133,control,2026-03-08,0
11134,control,2026-03-05,1
11135,treatment,2026-03-15,0
11136,control,2026-03-02,0
11137,treatment,2026-03-14,1
11138,treatment,2026-03-07,0
11139,control,2026-03-04,0
11140,control,2026-03-09,0
11141,treatment,2026-03-15,0
11142,control,2026-03-10,1
11143,treatment,2026-03-03,0
11144,treatment,2026-03-03,0
11145,treatment,2026-03-12,0
11146,control,2026-03-09,0
11147,control,2026-03-11,0
11148,control,2026-03-14,1
11149,control,2026-03-07,0
11150,treatment,2026-03-08,0
11151,control,2026-03-06,0
11152,control,2026-03-10,0
11153,treatment,2026-03-13,0
11154,treatment,2026-03-04,0
11155,control,2026-03-15,1
11156,control,2026-03-12,1
11157,treatment,2026-03-07,1
11158,treatment,2026-03-11,0
11159,control,2026-03-06,1
11160,treatment,2026-03-07,0
11161,treatment,2026-03-04,1
11162,control,2026-03-15,1
11163,control,2026-03-14,0
11164,control,2026-03-12,0
11165,control,2026-03-10,1
11166,treatment,2026-03-15,0
11167,control,2026-03-13,0
11168,control,2026-03-03,0
11169,control,2026-03-07,0
11170,treatment,2026-03-05,0
11171,treatment,2026-03-05,0
11172,treatment,2026-03-12,1
11173,treatment,2026-03-06,1
11174,control,2026-03-10,0
11175,treatment,2026-03-02,1
11176,control,2026-03-11,1
11177,treatment,2026-03-04,1
11178,control,2026-03-03,0
11179,treatment,2026-03-05,1
11180,treatment,2026-03-06,1
11181,control,2026-03-12,1
11182,control,2026-03-14,0
11183,treatment,2026-03-09,0
11184,control,2026-03-06,0
11185,control,2026-03-09,1
11186,treatment,2026-03-03,1
11187,treatment,2026-03-06,0
11188,treatment,2026-03-02,0
11189,treatment,2026-03-02,0
11190,control,2026-03-07,1
11191,treatment,2026-03-03,0
11192,treatment,2026-03-09,0
11193,control,2026-03-13,1
11194,control,2026-03-02,1
11195,control,2026-03-06,0
11196,control,2026-03-11,0
11197,treatment,2026-03-04,1
11198,treatment,2026-03-07,0
11199,treatment,2026-03-07,0
11200,treatment,2026-03-02,0
11201,control,2026-03-04,1
11202,control,2026-03-14,0
11203,treatment,2026-03-13,1
11204,treatment,2026-03-02,1
11205,control,2026-03-09,1
11206,control,2026-03-08,0
11207,treatment,2026-03-10,1
11208,treatment,2026-03-13,0
11209,control,2026-03-14,1
11210,control,2026-03-04,0
11211,control,2026-03-09,0
11212,control,2026-03-14,1
11213,control,2026-03-04,1
11214,control,2026-03-13,1
11215,treatment,2026-03-08,1
11216,control,2026-03-05,0
11217,treatment,2026-03-08,1
11218,control,2026-03-04,1
11219,treatment,2026-03-10,0
11220,treatment,2026-03-06,0
11221,treatment,2026-03-14,1
11222,control,2026-03-06,0
11223,treatment,2026-03-12,0
11224,treatment,2026-03-02,1
11225,control,2026-03-13,1
11226,treatment,2026-03-08,0
11227,control,2026-03-03,0
11228,control,2026-03-07,0
11229,control,2026-03-09,0
11230,control,2026-03-10,0
11231,control,2026-03-08,1
11232,control,2026-03-06,0
11233,control,2026-03-06,0
11234,treatment,2026-03-10,1
11235,treatment,2026-03-09,1
11236,treatment,2026-03-07,1
11237,treatment,2026-03-11,1
11238,treatment,2026-03-06,0
11239,control,2026-03-09,0
11240,control,2026-03-06,1
11241,control,2026-03-09,0
11242,treatment,2026-03-14,0
11243,treatment,2026-03-05,1
11244,control,2026-03-11,1
11245,control,2026-03-05,0
11246,treatment,2026-03-11,0
11247,treatment,2026-03-07,1
11248,treatment,2026-03-15,0
11249,treatment,2026-03-08,0
11250,treatment,2026-03-05,0
11251,treatment,2026-03-10,0
11252,control,2026-03-12,0
11253,treatment,2026-03-11,0
11254,control,2026-03-05,0
11255,treatment,2026-03-13,1
11256,control,2026-03-07,1
11257,treatment,2026-03-13,1
11258,treatment,2026-03-15,1
11259,treatment,2026-03-14,0
11260,treatment,2026-03-10,0
11261,treatment,2026-03-02,1
11262,control,2026-03-05,0
11263,control,2026-03-11,1
11264,control,2026-03-10,0
11265,control,2026-03-05,0
11266,treatment,2026-03-15,0
11267,control,2026-03-06,0
11268,control,2026-03-12,0
11269,treatment,2026-03-02,0
11270,control,2026-03-12,0
11271,treatment,2026-03-13,0
11272,control,2026-03-08,1
11273,control,2026-03-14,0
11274,control,2026-03-12,0
11275,treatment,2026-03-07,1
11276,treatment,2026-03-07,1
11277,treatment,2026-03-14,1
11278,control,2026-03-02,0
11279,control,2026-03-10,1
11280,control,2026-03-06,0
11281,treatment,2026-03-02,1
11282,treatment,2026-03-07,0
11283,control,2026-03-08,0
11284,treatment,2026-03-10,0
11285,treatment,2026-03-15,0
11286,treatment,2026-03-06,1
11287,control,2026-03-15,0
11288,treatment,2026-03-14,1
11289,treatment,2026-03-12,0
11290,treatment,2026-03-05,0
11291,control,2026-03-08,0
11292,treatment,2026-03-04,1
11293,control,2026-03-15,1
11294,treatment,2026-03-09,0
11295,treatment,2026-03-02,0
11296,treatment,2026-03-05,1
11297,treatment,2026-03-10,1
11298,treatment,2026-03-05,0
11299,control,2026-03-04,0
11300,treatment,2026-03-08,0
11301,treatment,2026-03-08,0
11302,treatment,2026-03-10,0
11303,treatment,2026-03-11,0
11304,treatment,2026-03-07,1
11305,control,2026-03-13,1
11306,treatment,2026-03-14,1
11307,treatment,2026-03-05,0
11308,treatment,2026-03-10,0
11309,treatment,2026-03-12,0
11310,control,2026-03-14,0
11311,control,2026-03-08,0
11312,control,2026-03-14,0
11313,treatment,2026-03-08,0
11314,control,2026-03-04,1
11315,treatment,2026-03-07,0
11316,control,2026-03-12,1
11317,treatment,2026-03-06,1
11318,treatment,2026-03-03,1
11319,treatment,2026-03-14,0
11320,treatment,2026-03-10,0
11321,treatment,2026-03-03,0
11322,control,2026-03-08,0
11323,control,2026-03-11,1
11324,treatment,2026-03-15,0
11325,treatment,2026-03-06,1
11326,treatment,2026-03-15,0
11327,control,2026-03-02,1
11328,treatment,2026-03-03,0
11329,treatment,2026-03-04,1
11330,control,2026-03-03,1
11331,treatment,2026-03-05,0
11332,treatment,2026-03-10,0
11333,treatment,2026-03-08,1
11334,treatment,2026-03-02,1
11335,treatment,2026-03-07,0
11336,treatment,2026-03-08,1
11337,control,2026-03-03,1
11338,treatment,2026-03-11,1
11339,treatment,2026-03-12,0
11340,control,2026-03-03,0
11341,control,2026-03-03,0
11342,control,2026-03-15,1
11343,treatment,2026-03-12,0
11344,control,2026-03-08,0
11345,control,2026-03-04,0
11346,control,2026-03-13,1
11347,control,2026-03-05,0
11348,control,2026-03-03,0
11349,control,2026-03-13,0
11350,treatment,2026-03-07,1
11351,treatment,2026-03-11,1
11352,treatment,2026-03-06,0
11353,treatment,2026-03-06,0
11354,control,2026-03-05,1
11355,treatment,2026-03-14,1
11356,treatment,2026-03-08,0
11357,treatment,2026-03-11,0
11358,treatment,2026-03-14,0
11359,control,2026-03-14,0
11360,control,2026-03-09,1
11361,treatment,2026-03-12,1
11362,treatment,2026-03-15,1
11363,treatment,2026-03-03,0
11364,treatment,2026-03-09,0
11365,treatment,2026-03-04,0
11366,control,2026-03-05,1
11367,control,2026-03-14,0
11368,treatment,2026-03-15,1
11369,treatment,2026-03-13,0
11370,control,2026-03-12,1
11371,control,2026-03-07,0
11372,treatment,2026-03-08,1
11373,control,2026-03-03,0
11374,control,2026-03-04,1
11375,control,2026-03-08,0
11376,treatment,2026-03-09,1
11377,treatment,2026-03-08,1
11378,treatment,2026-03-14,0
11379,control,2026-03-03,0
11380,control,2026-03-12,1
11381,treatment,2026-03-08,1
11382,control,2026-03-07,0
11383,treatment,2026-03-06,0
11384,treatment,2026-03-13,0
11385,control,2026-03-14,1
11386,control,2026-03-05,1
11387,treatment,2026-03-07,0
11388,control,2026-03-07,0
11389,control,2026-03-02,0
11390,control,2026-03-11,1
11391,control,2026-03-07,0
11392,treatment,2026-03-10,0
11393,control,2026-03-08,0
11394,control,2026-03-05,0
11395,control,2026-03-09,0
11396,control,2026-03-04,0
11397,treatment,2026-03-07,0
11398,control,2026-03-10,0
11399,treatment,2026-03-08,0
11400,control,2026-03-11,0
11401,control,2026-03-04,0
11402,treatment,2026-03-10,0
11403,treatment,2026-03-07,0
11404,control,2026-03-13,0
11405,control,2026-03-02,0
11406,control,2026-03-03,1
11407,treatment,2026-03-04,1
11408,treatment,2026-03-15,0
11409,treatment,2026-03-11,0
11410,control,2026-03-06,1
11411,control,2026-03-09,0
11412,treatment,2026-03-09,0
11413,control,2026-03-10,0
11414,control,2026-03-07,0
11415,control,2026-03-10,0
11416,control,2026-03-14,0
11417,control,2026-03-11,0
11418,control,2026-03-05,1
11419,treatment,2026-03-06,0
11420,treatment,2026-03-13,0
11421,control,2026-03-14,1
11422,control,2026-03-14,1
11423,control,2026-03-13,1
11424,control,2026-03-14,1
11425,treatment,2026-03-08,0
11426,treatment,2026-03-13,0
11427,control,2026-03-12,1
11428,control,2026-03-06,0
11429,treatment,2026-03-03,1
11430,treatment,2026-03-13,0
11431,treatment,2026-03-05,0
11432,treatment,2026-03-11,1
11433,control,2026-03-14,0
11434,control,2026-03-10,1
11435,treatment,2026-03-07,0
11436,treatment,2026-03-11,1
11437,treatment,2026-03-12,0
11438,treatment,2026-03-05,0
11439,control,2026-03-13,0
11440,treatment,2026-03-08,0
11441,control,2026-03-08,1
11442,control,2026-03-04,1
11443,control,2026-03-15,0
11444,control,2026-03-05,1
11445,treatment,2026-03-07,0
11446,treatment,2026-03-03,0
11447,control,2026-03-02,0
11448,control,2026-03-10,1
11449,control,2026-03-09,0
11450,treatment,2026-03-04,0
11451,treatment,2026-03-02,0
11452,treatment,2026-03-04,1
11453,control,2026-03-03,0
11454,control,2026-03-10,0
11455,control,2026-03-05,0
11456,treatment,2026-03-05,1
11457,control,2026-03-03,1
11458,control,2026-03-15,0
11459,treatment,2026-03-04,1
11460,control,2026-03-07,0
11461,control,2026-03-05,0
11462,treatment,2026-03-04,0
11463,control,2026-03-11,0
11464,treatment,2026-03-14,1
11465,control,2026-03-07,0
11466,treatment,2026-03-03,0
11467,control,2026-03-12,1
11468,control,2026-03-13,0
11469,control,2026-03-10,1
11470,control,2026-03-03,0
11471,control,2026-03-10,0
11472,control,2026-03-08,1
11473,control,2026-03-09,1
11474,treatment,2026-03-14,0
11475,treatment,2026-03-15,1
11476,treatment,2026-03-12,0
11477,control,2026-03-11,1
11478,treatment,2026-03-03,1
11479,control,2026-03-15,0
11480,treatment,2026-03-12,1
11481,control,2026-03-15,0
11482,treatment,2026-03-13,0
11483,treatment,2026-03-10,1
11484,control,2026-03-12,0
11485,treatment,2026-03-06,0
11486,treatment,2026-03-05,0
11487,control,2026-03-06,1
11488,treatment,2026-03-13,1
11489,treatment,2026-03-12,0
11490,treatment,2026-03-03,1
11491,control,2026-03-02,1
11492,control,2026-03-15,0
11493,control,2026-03-03,1
11494,treatment,2026-03-11,0
11495,control,2026-03-10,1
11496,treatment,2026-03-15,1
11497,control,2026-03-04,0
11498,treatment,2026-03-03,0
11499,treatment,2026-03-08,1
11500,control,2026-03-14,1
11501,control,2026-03-13,0
11502,treatment,2026-03-02,0
11503,control,2026-03-03,0
11504,treatment,2026-03-07,1
11505,control,2026-03-15,0
11506,treatment,2026-03-11,1
11507,control,2026-03-02,0
11508,treatment,2026-03-15,0
11509,control,2026-03-05,1
11510,treatment,2026-03-02,0
11511,control,2026-03-15,1
11512,treatment,2026-03-03,0
11513,control,2026-03-15,1
11514,treatment,2026-03-14,0
11515,treatment,2026-03-06,1
11516,control,2026-03-14,0
11517,treatment,2026-03-05,1
11518,treatment,2026-03-13,0
11519,control,2026-03-05,0
11520,treatment,2026-03-15,1
11521,treatment,2026-03-05,0
11522,control,2026-03-02,0
11523,control,2026-03-12,0
11524,treatment,2026-03-15,0
11525,control,2026-03-05,0
11526,control,2026-03-12,0
11527,treatment,2026-03-09,0
11528,control,2026-03-05,0
11529,treatment,2026-03-02,1
11530,control,2026-03-08,0
11531,treatment,2026-03-09,0
11532,control,2026-03-12,0
11533,control,2026-03-09,1
11534,treatment,2026-03-06,0
11535,control,2026-03-13,0
11536,control,2026-03-10,0
11537,control,2026-03-13,1
11538,control,2026-03-08,0
11539,control,2026-03-02,1
11540,treatment,2026-03-11,1
11541,treatment,2026-03-10,0
11542,treatment,2026-03-02,0
11543,control,2026-03-12,0
11544,treatment,2026-03-13,0
11545,control,2026-03-03,0
11546,control,2026-03-12,1
11547,control,2026-03-09,0
11548,control,2026-03-05,1
11549,control,2026-03-15,0
11550,control,2026-03-02,0
11551,treatment,2026-03-15,1
11552,treatment,2026-03-02,1
11553,control,2026-03-09,1
11554,control,2026-03-08,0
11555,control,2026-03-08,1
11556,control,2026-03-07,0
11557,control,2026-03-10,0
11558,treatment,2026-03-04,1
11559,control,2026-03-09,0
11560,control,2026-03-02,1
11561,control,2026-03-07,0
11562,control,2026-03-04,0
11563,control,2026-03-12,0
11564,control,2026-03-04,0
11565,control,2026-03-07,0
11566,control,2026-03-07,1
11567,treatment,2026-03-04,0
11568,control,2026-03-04,0
11569,treatment,2026-03-10,0
11570,treatment,2026-03-14,0
11571,control,2026-03-06,0
11572,treatment,2026-03-15,0
11573,control,2026-03-06,0
11574,control,2026-03-07,1
11575,control,2026-03-04,0
11576,treatment,2026-03-06,0
11577,control,2026-03-11,0
11578,treatment,2026-03-03,1
11579,control,2026-03-04,0
11580,treatment,2026-03-07,1
11581,treatment,2026-03-09,1
11582,control,2026-03-09,0
11583,control,2026-03-09,0
11584,control,2026-03-11,0
11585,treatment,2026-03-12,0
11586,control,2026-03-10,0
11587,treatment,2026-03-08,0
11588,control,2026-03-08,0
11589,treatment,2026-03-04,1
11590,control,2026-03-11,0
11591,control,2026-03-03,0
11592,control,2026-03-05,0
11593,control,2026-03-14,0
11594,treatment,2026-03-12,0
11595,treatment,2026-03-08,0
11596,treatment,2026-03-06,0
11597,treatment,2026-03-11,0
11598,treatment,2026-03-12,1
11599,treatment,2026-03-15,0
11600,treatment,2026-03-14,0
11601,control,2026-03-10,1
11602,control,2026-03-04,0
11603,treatment,2026-03-03,0
11604,control,2026-03-03,1
11605,control,2026-03-11,0
11606,control,2026-03-06,1
11607,treatment,2026-03-15,1
11608,control,2026-03-04,0
11609,control,2026-03-05,0
11610,control,2026-03-05,0
11611,control,2026-03-07,1
11612,control,2026-03-08,0
11613,treatment,2026-03-04,0
11614,treatment,2026-03-02,0
11615,control,2026-03-04,0
11616,control,2026-03-13,0
11617,control,2026-03-12,1
11618,control,2026-03-09,0
11619,control,2026-03-03,0
11620,control,2026-03-02,1
11621,treatment,2026-03-12,0
11622,control,2026-03-05,0
11623,treatment,2026-03-14,1
11624,control,2026-03-09,0
11625,treatment,2026-03-08,0
11626,control,2026-03-14,0
11627,treatment,2026-03-06,1
11628,control,2026-03-10,0
11629,treatment,2026-03-10,0
11630,control,2026-03-09,1
11631,control,2026-03-15,0
11632,control,2026-03-13,0
11633,control,2026-03-02,0
11634,treatment,2026-03-10,1
11635,treatment,2026-03-15,0
11636,control,2026-03-04,0
11637,treatment,2026-03-04,0
11638,control,2026-03-11,0
11639,control,2026-03-13,1
11640,control,2026-03-15,1
11641,control,2026-03-02,0
11642,treatment,2026-03-05,1
11643,control,2026-03-02,0
11644,treatment,2026-03-12,0
11645,control,2026-03-08,1
11646,control,2026-03-06,1
11647,control,2026-03-13,1
11648,control,2026-03-05,0
11649,treatment,2026-03-10,1
11650,control,2026-03-02,0
11651,control,2026-03-13,1
11652,control,2026-03-09,1
11653,treatment,2026-03-05,1
11654,treatment,2026-03-02,0
11655,treatment,2026-03-13,0
11656,treatment,2026-03-02,1
11657,control,2026-03-12,1
11658,treatment,2026-03-05,1
11659,treatment,2026-03-02,0
11660,control,2026-03-03,0
11661,treatment,2026-03-09,0
11662,treatment,2026-03-02,1
11663,control,2026-03-05,0
11664,control,2026-03-02,0
11665,treatment,2026-03-09,1
11666,treatment,2026-03-08,0
11667,control,2026-03-08,0
11668,control,2026-03-15,0
11669,control,2026-03-09,1
11670,control,2026-03-14,1
11671,treatment,2026-03-09,0
11672,treatment,2026-03-09,1
11673,control,2026-03-09,0
11674,control,2026-03-03,0
11675,control,2026-03-05,1
11676,treatment,2026-03-12,0
11677,control,2026-03-12,1
11678,control,2026-03-13,0
11679,control,2026-03-09,1
11680,control,2026-03-15,0
11681,control,2026-03-15,0
11682,control,2026-03-06,0
11683,control,2026-03-14,0
11684,control,2026-03-14,0
11685,control,2026-03-03,0
11686,treatment,2026-03-03,0
11687,control,2026-03-07,0
11688,treatment,2026-03-07,1
11689,control,2026-03-13,0
11690,control,2026-03-02,0
11691,treatment,2026-03-04,0
11692,treatment,2026-03-06,0
11693,treatment,2026-03-10,0
11694,control,2026-03-08,0
11695,control,2026-03-13,1
11696,control,2026-03-13,0
11697,control,2026-03-05,0
11698,treatment,2026-03-03,0
11699,control,2026-03-09,1
11700,treatment,2026-03-09,0
11701,treatment,2026-03-08,1
11702,treatment,2026-03-05,0
11703,treatment,2026-03-03,0
11704,treatment,2026-03-12,1
11705,control,2026-03-12,0
11706,treatment,2026-03-04,1
11707,control,2026-03-07,1
11708,control,2026-03-08,0
11709,control,2026-03-02,1
11710,control,2026-03-11,0
11711,control,2026-03-15,0
11712,control,2026-03-14,0
11713,control,2026-03-03,1
11714,control,2026-03-03,0
11715,control,2026-03-10,1
11716,control,2026-03-07,0
11717,control,2026-03-11,0
11718,control,2026-03-08,0
11719,treatment,2026-03-10,1
11720,control,2026-03-13,0
11721,treatment,2026-03-13,0
11722,treatment,2026-03-07,1
11723,treatment,2026-03-03,1
11724,control,2026-03-02,0
11725,treatment,2026-03-05,0
11726,control,2026-03-04,0
11727,control,2026-03-03,1
11728,control,2026-03-02,0
11729,control,2026-03-12,0
11730,treatment,2026-03-10,0
11731,treatment,2026-03-12,0
11732,treatment,2026-03-15,0
11733,control,2026-03-10,0
11734,control,2026-03-05,1
11735,control,2026-03-10,0
11736,treatment,2026-03-05,0
11737,control,2026-03-06,1
11738,control,2026-03-14,1
11739,treatment,2026-03-14,0
11740,control,2026-03-14,1
11741,treatment,2026-03-09,0
11742,control,2026-03-06,1
11743,control,2026-03-14,0
11744,treatment,2026-03-12,0
11745,treatment,2026-03-04,0
11746,treatment,2026-03-02,0
11747,treatment,2026-03-08,0
11748,control,2026-03-02,0
11749,control,2026-03-08,0
11750,treatment,2026-03-02,0
11751,treatment,2026-03-03,0
11752,control,2026-03-06,1
11753,treatment,2026-03-05,0
11754,control,2026-03-03,0
11755,control,2026-03-04,0
11756,control,2026-03-12,1
11757,control,2026-03-14,1
11758,control,2026-03-15,1
11759,treatment,2026-03-04,1
11760,control,2026-03-14,0
11761,treatment,2026-03-08,0
11762,control,2026-03-13,1
11763,control,2026-03-05,1
11764,control,2026-03-11,0
11765,treatment,2026-03-07,1
11766,treatment,2026-03-13,1
11767,treatment,2026-03-05,0
11768,treatment,2026-03-04,0
11769,treatment,2026-03-07,1
11770,treatment,2026-03-07,0
11771,treatment,2026-03-08,0
11772,control,2026-03-11,0
11773,treatment,2026-03-14,0
11774,control,2026-03-02,1
11775,control,2026-03-12,1
11776,control,2026-03-14,1
11777,treatment,2026-03-11,0
11778,treatment,2026-03-08,0
11779,treatment,2026-03-14,1
11780,treatment,2026-03-03,1
11781,treatment,2026-03-12,1
11782,control,2026-03-09,1
11783,treatment,2026-03-13,0
11784,treatment,2026-03-03,0
11785,control,2026-03-10,1
11786,treatment,2026-03-09,0
11787,treatment,2026-03-12,1
11788,treatment,2026-03-10,0
11789,treatment,2026-03-12,1
11790,treatment,2026-03-08,1
11791,control,2026-03-15,1
11792,treatment,2026-03-08,1
11793,control,2026-03-08,1
11794,treatment,2026-03-15,0
11795,control,2026-03-08,1
11796,treatment,2026-03-14,1
11797,treatment,2026-03-08,0
11798,control,2026-03-06,1
11799,treatment,2026-03-10,1
11800,control,2026-03-12,1
11801,treatment,2026-03-12,0
11802,control,2026-03-14,0
11803,control,2026-03-10,0
11804,control,2026-03-13,0
11805,control,2026-03-09,1
11806,treatment,2026-03-10,1
11807,control,2026-03-09,1
11808,control,2026-03-09,0
11809,treatment,2026-03-02,0
11810,treatment,2026-03-05,1
11811,treatment,2026-03-05,0
11812,treatment,2026-03-11,0
11813,control,2026-03-03,0
11814,treatment,2026-03-04,0
11815,treatment,2026-03-14,0
11816,control,2026-03-08,0
11817,control,2026-03-15,0
11818,treatment,2026-03-15,0
11819,treatment,2026-03-02,0
11820,control,2026-03-11,0
11821,treatment,2026-03-13,0
11822,treatment,2026-03-13,0
11823,treatment,2026-03-03,0
11824,control,2026-03-15,0
11825,control,2026-03-09,0
11826,control,2026-03-11,0
11827,treatment,2026-03-15,1
11828,treatment,2026-03-14,0
11829,control,2026-03-06,0
11830,control,2026-03-14,0
11831,control,2026-03-04,0
11832,treatment,2026-03-12,0
11833,treatment,2026-03-02,1
11834,treatment,2026-03-11,1
11835,treatment,2026-03-07,0
11836,treatment,2026-03-05,0
11837,treatment,2026-03-02,0
11838,treatment,2026-03-10,1
11839,treatment,2026-03-02,1
11840,treatment,2026-03-08,0
11841,control,2026-03-05,0
11842,treatment,2026-03-11,1
11843,treatment,2026-03-09,1
11844,control,2026-03-12,0
11845,control,2026-03-07,1
11846,control,2026-03-06,0
11847,treatment,2026-03-04,1
11848,control,2026-03-04,0
11849,control,2026-03-06,1
11850,treatment,2026-03-11,0
11851,control,2026-03-06,1
11852,control,2026-03-13,1
11853,control,2026-03-05,0
11854,treatment,2026-03-11,0
11855,treatment,2026-03-05,0
11856,control,2026-03-07,0
11857,treatment,2026-03-14,0
11858,treatment,2026-03-05,1
11859,treatment,2026-03-08,1
11860,control,2026-03-15,1
11861,control,2026-03-12,0
11862,treatment,2026-03-09,0
11863,control,2026-03-12,1
11864,control,2026-03-08,1
11865,control,2026-03-09,0
11866,treatment,2026-03-02,0
11867,treatment,2026-03-14,1
11868,control,2026-03-13,1
11869,control,2026-03-02,1
11870,treatment,2026-03-12,0
11871,control,2026-03-09,0
11872,control,2026-03-04,0
11873,control,2026-03-13,0
11874,treatment,2026-03-09,0
11875,control,2026-03-14,0
11876,treatment,2026-03-02,0
11877,control,2026-03-11,0
11878,control,2026-03-05,1
11879,treatment,2026-03-13,0
11880,control,2026-03-07,0
11881,treatment,2026-03-12,0
11882,treatment,2026-03-15,1
11883,control,2026-03-15,1
11884,control,2026-03-14,1
11885,control,2026-03-15,1
11886,control,2026-03-13,0
11887,treatment,2026-03-08,0
11888,treatment,2026-03-07,0
11889,treatment,2026-03-11,1
11890,treatment,2026-03-15,1
11891,treatment,2026-03-13,1
11892,treatment,2026-03-15,1
11893,control,2026-03-06,0
11894,treatment,2026-03-11,0
11895,treatment,2026-03-06,0
11896,control,2026-03-07,0
11897,treatment,2026-03-08,1
11898,treatment,2026-03-07,1
11899,treatment,2026-03-10,0
11900,control,2026-03-04,0
11901,treatment,2026-03-06,0
11902,treatment,2026-03-08,1
11903,control,2026-03-12,1
11904,treatment,2026-03-10,1
11905,control,2026-03-06,0
11906,treatment,2026-03-14,0
11907,treatment,2026-03-10,1
11908,treatment,2026-03-15,0
11909,treatment,2026-03-10,0
11910,control,2026-03-08,0
11911,control,2026-03-10,0
11912,treatment,2026-03-04,1
11913,treatment,2026-03-03,0
11914,treatment,2026-03-02,0
11915,treatment,2026-03-12,0
11916,control,2026-03-06,1
11917,treatment,2026-03-03,1
11918,treatment,2026-03-09,0
11919,control,2026-03-10,0
11920,control,2026-03-15,1
11921,treatment,2026-03-11,0
11922,control,2026-03-15,1
11923,treatment,2026-03-03,1
11924,control,2026-03-03,0
11925,control,2026-03-04,0
11926,treatment,2026-03-14,1
11927,control,2026-03-02,0
11928,treatment,2026-03-06,1
11929,treatment,2026-03-08,0
11930,treatment,2026-03-14,0
11931,control,2026-03-15,0
11932,treatment,2026-03-13,1
11933,treatment,2026-03-02,0
11934,control,2026-03-05,0
11935,treatment,2026-03-05,0
11936,control,2026-03-11,0
11937,control,2026-03-14,0
11938,control,2026-03-12,0
11939,control,2026-03-04,0
11940,control,2026-03-03,1
11941,control,2026-03-06,1
11942,control,2026-03-13,1
11943,control,2026-03-03,0
11944,treatment,2026-03-04,0
11945,control,2026-03-07,1
11946,control,2026-03-02,0
11947,treatment,2026-03-15,0
11948,treatment,2026-03-14,0
11949,control,2026-03-11,0
11950,control,2026-03-08,0
11951,treatment,2026-03-04,0
11952,treatment,2026-03-10,0
11953,treatment,2026-03-07,0
11954,treatment,2026-03-06,1
11955,control,2026-03-10,1
11956,control,2026-03-06,0
11957,control,2026-03-08,1
11958,treatment,2026-03-06,0
11959,control,2026-03-04,0
11960,control,2026-03-05,0
11961,control,2026-03-08,0
11962,control,2026-03-05,0
11963,control,2026-03-15,0
11964,treatment,2026-03-08,0
11965,treatment,2026-03-06,0
11966,treatment,2026-03-09,1
11967,treatment,2026-03-15,0
11968,treatment,2026-03-11,1
11969,control,2026-03-15,0
11970,treatment,2026-03-14,0
11971,treatment,2026-03-15,1
11972,treatment,2026-03-11,0
11973,treatment,2026-03-06,1
11974,treatment,2026-03-06,0
11975,control,2026-03-03,0
11976,control,2026-03-12,1
11977,control,2026-03-14,0
11978,treatment,2026-03-05,0
11979,treatment,2026-03-07,0
11980,control,2026-03-14,1
11981,treatment,2026-03-08,1
11982,treatment,2026-03-11,1
11983,treatment,2026-03-10,1
11984,treatment,2026-03-05,0
11985,treatment,2026-03-03,1
11986,control,2026-03-11,1
11987,treatment,2026-03-13,1
11988,control,2026-03-11,0
11989,control,2026-03-03,0
11990,control,2026-03-09,0
11991,control,2026-03-03,1
11992,control,2026-03-13,1
11993,treatment,2026-03-12,0
11994,treatment,2026-03-09,0
11995,control,2026-03-11,0
11996,treatment,2026-03-04,1
11997,treatment,2026-03-04,0
11998,treatment,2026-03-08,1
11999,treatment,2026-03-08,0
12000,control,2026-03-13,0
12001,treatment,2026-03-10,1
12002,treatment,2026-03-13,1
12003,control,2026-03-13,0
12004,control,2026-03-09,0
12005,control,2026-03-05,1
12006,treatment,2026-03-12,0
12007,treatment,2026-03-15,0
12008,treatment,2026-03-03,0
12009,control,2026-03-13,1
12010,treatment,2026-03-11,0
12011,control,2026-03-14,1
12012,control,2026-03-15,1
12013,control,2026-03-10,0
12014,treatment,2026-03-12,1
12015,treatment,2026-03-12,0
12016,control,2026-03-07,1
12017,control,2026-03-12,1
12018,treatment,2026-03-10,0
12019,treatment,2026-03-02,0
12020,control,2026-03-05,0
12021,treatment,2026-03-14,1
12022,treatment,2026-03-12,0
12023,treatment,2026-03-15,0
12024,treatment,2026-03-05,0
12025,control,2026-03-13,0
12026,treatment,2026-03-12,1
12027,control,2026-03-02,0
12028,control,2026-03-02,0
12029,treatment,2026-03-11,0
12030,control,2026-03-10,0
12031,control,2026-03-12,0
12032,treatment,2026-03-04,1
12033,control,2026-03-05,0
12034,treatment,2026-03-07,1
12035,control,2026-03-13,1
12036,treatment,2026-03-12,0
12037,treatment,2026-03-03,0
12038,control,2026-03-04,0
12039,control,2026-03-05,0
12040,control,2026-03-04,1
12041,control,2026-03-04,1
12042,treatment,2026-03-08,0
12043,treatment,2026-03-07,0
12044,control,2026-03-04,1
12045,treatment,2026-03-09,0
12046,control,2026-03-07,0
12047,treatment,2026-03-12,0
12048,control,2026-03-11,0
12049,treatment,2026-03-08,0
12050,treatment,2026-03-03,0
12051,control,2026-03-15,0
12052,treatment,2026-03-15,1
12053,control,2026-03-12,0
12054,treatment,2026-03-04,0
12055,control,2026-03-03,0
12056,treatment,2026-03-02,1
12057,treatment,2026-03-07,0
12058,treatment,2026-03-14,0
12059,treatment,2026-03-08,0
12060,control,2026-03-11,0
12061,treatment,2026-03-11,0
12062,control,2026-03-08,1
12063,treatment,2026-03-11,1
12064,control,2026-03-02,1
12065,treatment,2026-03-12,0
12066,control,2026-03-11,1
12067,treatment,2026-03-11,1
12068,control,2026-03-07,0
12069,control,2026-03-14,1
12070,control,2026-03-05,0
12071,control,2026-03-12,1
12072,treatment,2026-03-02,1
12073,control,2026-03-13,0
12074,treatment,2026-03-12,0
12075,control,2026-03-08,1
12076,treatment,2026-03-03,1
12077,treatment,2026-03-11,0
12078,control,2026-03-14,0
12079,control,2026-03-15,0
12080,treatment,2026-03-11,0
12081,treatment,2026-03-08,0
12082,treatment,2026-03-09,1
12083,treatment,2026-03-09,0
12084,treatment,2026-03-08,0
12085,treatment,2026-03-09,0
12086,control,2026-03-02,0
12087,treatment,2026-03-07,0
12088,control,2026-03-08,0
12089,control,2026-03-13,0
12090,treatment,2026-03-08,1
12091,treatment,2026-03-03,0
12092,control,2026-03-12,0
12093,control,2026-03-07,0
12094,control,2026-03-15,0
12095,treatment,2026-03-02,0
12096,control,2026-03-08,0
12097,control,2026-03-07,0
12098,treatment,2026-03-11,0
12099,treatment,2026-03-09,0
12100,control,2026-03-15,0
12101,control,2026-03-03,0
12102,control,2026-03-04,0
12103,control,2026-03-04,0
12104,control,2026-03-02,0
12105,control,2026-03-11,0
12106,treatment,2026-03-10,0
12107,treatment,2026-03-12,1
12108,control,2026-03-08,0
12109,treatment,2026-03-12,0
12110,treatment,2026-03-11,1
12111,control,2026-03-04,1
12112,treatment,2026-03-09,1
12113,treatment,2026-03-03,0
12114,treatment,2026-03-15,0
12115,control,2026-03-06,0
12116,control,2026-03-14,0
12117,control,2026-03-11,0
12118,treatment,2026-03-03,1
12119,control,2026-03-02,0
12120,treatment,2026-03-13,1
12121,control,2026-03-13,1
12122,control,2026-03-09,0
12123,treatment,2026-03-06,0
12124,control,2026-03-10,0
12125,treatment,2026-03-12,0
12126,control,2026-03-15,1
12127,control,2026-03-07,1
12128,control,2026-03-02,1
12129,treatment,2026-03-11,0
12130,control,2026-03-13,1
12131,control,2026-03-02,0
12132,treatment,2026-03-13,0
12133,treatment,2026-03-13,0
12134,treatment,2026-03-09,1
12135,control,2026-03-12,0
12136,control,2026-03-10,0
12137,control,2026-03-15,0
12138,control,2026-03-12,1
12139,treatment,2026-03-07,0
12140,control,2026-03-12,0
12141,treatment,2026-03-08,1
12142,treatment,2026-03-02,0
12143,treatment,2026-03-13,0
12144,control,2026-03-13,1
12145,control,2026-03-14,1
12146,control,2026-03-15,0
12147,control,2026-03-04,0
12148,treatment,2026-03-03,1
12149,control,2026-03-11,0
12150,treatment,2026-03-08,0
12151,treatment,2026-03-10,0
12152,treatment,2026-03-05,0
12153,control,2026-03-14,0
12154,control,2026-03-02,0
12155,treatment,2026-03-12,0
12156,control,2026-03-12,1
12157,control,2026-03-05,1
12158,control,2026-03-08,0
12159,control,2026-03-05,0
12160,control,2026-03-06,1
12161,treatment,2026-03-10,0
12162,control,2026-03-08,1
12163,treatment,2026-03-14,1
12164,treatment,2026-03-10,1
12165,control,2026-03-05,0
12166,treatment,2026-03-09,0
12167,control,2026-03-09,1
12168,control,2026-03-14,0
12169,treatment,2026-03-03,0
12170,control,2026-03-06,1
12171,treatment,2026-03-06,0
12172,control,2026-03-11,0
12173,control,2026-03-11,0
12174,treatment,2026-03-07,1
12175,control,2026-03-13,0
12176,control,2026-03-04,1
12177,treatment,2026-03-13,1
12178,treatment,2026-03-12,0
12179,control,2026-03-11,0
12180,control,2026-03-11,0
12181,treatment,2026-03-14,0
12182,control,2026-03-07,1
12183,control,2026-03-03,0
12184,control,2026-03-14,0
12185,treatment,2026-03-02,0
12186,control,2026-03-13,0
12187,treatment,2026-03-02,0
12188,treatment,2026-03-14,0
12189,control,2026-03-09,0
12190,treatment,2026-03-11,0
12191,treatment,2026-03-15,0
12192,treatment,2026-03-12,1
12193,control,2026-03-10,0
12194,control,2026-03-09,0
12195,treatment,2026-03-04,0
12196,treatment,2026-03-14,1
12197,control,2026-03-03,0
12198,treatment,2026-03-06,0
12199,treatment,2026-03-10,1
12200,control,2026-03-07,0
12201,control,2026-03-15,0
12202,control,2026-03-02,1
12203,treatment,2026-03-15,0
12204,treatment,2026-03-09,0
12205,control,2026-03-02,0
12206,treatment,2026-03-10,0
12207,control,2026-03-08,1
12208,control,2026-03-08,0
12209,treatment,2026-03-06,0
12210,control,2026-03-11,0
12211,treatment,2026-03-09,1
12212,control,2026-03-11,1
12213,treatment,2026-03-13,1
12214,control,2026-03-10,0
12215,control,2026-03-02,0
12216,control,2026-03-04,0
12217,treatment,2026-03-12,0
12218,treatment,2026-03-09,0
12219,treatment,2026-03-04,1
12220,control,2026-03-13,1
12221,control,2026-03-12,0
12222,control,2026-03-04,1
12223,control,2026-03-07,1
12224,control,2026-03-06,0
12225,control,2026-03-05,0
12226,control,2026-03-14,1
12227,treatment,2026-03-05,1
12228,treatment,2026-03-12,0
12229,treatment,2026-03-05,1
12230,control,2026-03-09,1
12231,treatment,2026-03-05,1
12232,control,2026-03-15,0
12233,treatment,2026-03-12,1
12234,treatment,2026-03-11,1
12235,treatment,2026-03-11,1
12236,treatment,2026-03-08,0
12237,control,2026-03-02,0
12238,treatment,2026-03-13,0
12239,control,2026-03-03,1
12240,treatment,2026-03-09,0
12241,control,2026-03-05,1
12242,treatment,2026-03-04,0
12243,treatment,2026-03-05,0
12244,treatment,2026-03-13,0
12245,treatment,2026-03-04,0
12246,control,2026-03-02,1
12247,control,2026-03-11,0
12248,control,2026-03-10,0
12249,treatment,2026-03-07,0
12250,control,2026-03-12,0
12251,treatment,2026-03-11,0
12252,treatment,2026-03-13,1
12253,control,2026-03-11,0
12254,control,2026-03-10,1
12255,treatment,2026-03-07,1
12256,treatment,2026-03-07,0
12257,control,2026-03-13,1
12258,control,2026-03-03,0
12259,treatment,2026-03-14,1
12260,treatment,2026-03-12,0
12261,control,2026-03-02,0
12262,treatment,2026-03-10,1
12263,treatment,2026-03-15,0
12264,control,2026-03-09,1
12265,control,2026-03-14,0
12266,treatment,2026-03-10,0
12267,control,2026-03-08,0
12268,control,2026-03-07,1
12269,control,2026-03-07,0
12270,treatment,2026-03-08,1
12271,treatment,2026-03-09,0
12272,control,2026-03-09,0
12273,treatment,2026-03-14,1
12274,treatment,2026-03-12,0
12275,control,2026-03-10,1
12276,treatment,2026-03-04,0
12277,control,2026-03-02,0
12278,treatment,2026-03-14,0
12279,control,2026-03-04,1
12280,treatment,2026-03-02,0
12281,control,2026-03-06,0
12282,control,2026-03-04,0
12283,control,2026-03-05,0
12284,control,2026-03-10,1
12285,control,2026-03-07,1
12286,control,2026-03-09,1
12287,treatment,2026-03-02,0
12288,treatment,2026-03-06,0
12289,treatment,2026-03-14,0
12290,treatment,2026-03-04,0
12291,control,2026-03-09,1
12292,treatment,2026-03-06,0
12293,control,2026-03-09,0
12294,control,2026-03-02,0
12295,treatment,2026-03-07,0
12296,control,2026-03-03,1
12297,treatment,2026-03-14,0
12298,control,2026-03-14,1
12299,treatment,2026-03-08,1
12300,treatment,2026-03-07,1
12301,treatment,2026-03-10,1
12302,control,2026-03-13,0
12303,control,2026-03-15,0
12304,treatment,2026-03-11,1
12305,control,2026-03-07,0
12306,treatment,2026-03-09,0
12307,treatment,2026-03-09,0
12308,treatment,2026-03-07,0
12309,treatment,2026-03-03,0
12310,control,2026-03-08,0
12311,control,2026-03-10,0
12312,treatment,2026-03-07,1
12313,treatment,2026-03-10,0
12314,control,2026-03-09,0
12315,treatment,2026-03-13,1
12316,treatment,2026-03-03,1
12317,treatment,2026-03-07,0
12318,control,2026-03-12,0
12319,treatment,2026-03-02,0
12320,control,2026-03-02,1
12321,treatment,2026-03-09,0
12322,control,2026-03-15,0
12323,control,2026-03-03,0
12324,control,2026-03-12,1
12325,control,2026-03-13,0
12326,control,2026-03-05,0
12327,control,2026-03-13,1
12328,treatment,2026-03-06,0
12329,control,2026-03-02,1
12330,control,2026-03-10,0
12331,treatment,2026-03-10,0
12332,treatment,2026-03-14,0
12333,treatment,2026-03-11,0
12334,treatment,2026-03-08,0
12335,treatment,2026-03-09,1
12336,control,2026-03-14,0
12337,treatment,2026-03-14,1
12338,treatment,2026-03-09,0
12339,control,2026-03-11,0
12340,treatment,2026-03-13,0
12341,control,2026-03-06,0
12342,control,2026-03-14,1
12343,control,2026-03-07,0
12344,treatment,2026-03-15,0
12345,treatment,2026-03-15,0
12346,treatment,2026-03-05,0
12347,treatment,2026-03-09,0
12348,control,2026-03-07,0
12349,control,2026-03-03,0
12350,treatment,2026-03-14,0
12351,treatment,2026-03-13,0
12352,treatment,2026-03-08,1
12353,control,2026-03-03,1
12354,treatment,2026-03-04,0
12355,control,2026-03-07,0
12356,treatment,2026-03-09,0
12357,control,2026-03-10,0
12358,control,2026-03-11,0
12359,treatment,2026-03-02,0
12360,control,2026-03-13,0
12361,control,2026-03-05,0
12362,control,2026-03-15,1
12363,treatment,2026-03-05,0
12364,treatment,2026-03-02,1
12365,control,2026-03-02,1
12366,treatment,2026-03-08,0
12367,treatment,2026-03-13,0
12368,treatment,2026-03-13,1
12369,treatment,2026-03-07,0
12370,control,2026-03-05,0
12371,treatment,2026-03-13,0
12372,control,2026-03-13,1
12373,control,2026-03-05,0
12374,control,2026-03-12,0
12375,treatment,2026-03-07,0
12376,treatment,2026-03-04,0
12377,treatment,2026-03-15,0
12378,treatment,2026-03-03,0
12379,treatment,2026-03-12,0
12380,control,2026-03-03,1
12381,control,2026-03-08,1
12382,control,2026-03-08,0
12383,control,2026-03-04,0
12384,treatment,2026-03-13,1
12385,control,2026-03-04,0
12386,control,2026-03-03,0
12387,control,2026-03-05,0
12388,control,2026-03-08,1
12389,treatment,2026-03-05,1
12390,treatment,2026-03-06,1
12391,treatment,2026-03-05,0
12392,control,2026-03-06,0
12393,treatment,2026-03-10,0
12394,treatment,2026-03-06,0
12395,treatment,2026-03-09,1
12396,treatment,2026-03-13,0
12397,control,2026-03-07,0
12398,treatment,2026-03-03,0
12399,control,2026-03-03,0
12400,treatment,2026-03-04,1
12401,treatment,2026-03-05,1
12402,treatment,2026-03-13,0
12403,control,2026-03-08,0
12404,treatment,2026-03-10,1
12405,treatment,2026-03-02,0
12406,treatment,2026-03-06,1
12407,treatment,2026-03-08,0
12408,treatment,2026-03-12,0
12409,control,2026-03-08,1
12410,control,2026-03-06,1
12411,treatment,2026-03-12,0
12412,treatment,2026-03-05,0
12413,treatment,2026-03-04,1
12414,treatment,2026-03-07,1
12415,control,2026-03-14,0
12416,treatment,2026-03-10,0
12417,control,2026-03-10,0
12418,treatment,2026-03-05,1
12419,control,2026-03-07,0
12420,treatment,2026-03-10,1
12421,treatment,2026-03-15,0
12422,control,2026-03-10,0
12423,control,2026-03-13,0
12424,treatment,2026-03-05,0
12425,treatment,2026-03-15,0
12426,treatment,2026-03-02,1
12427,treatment,2026-03-12,0
12428,control,2026-03-12,0
12429,control,2026-03-13,0
12430,control,2026-03-07,1
12431,control,2026-03-08,0
12432,control,2026-03-08,0
12433,treatment,2026-03-06,0
12434,control,2026-03-03,0
12435,treatment,2026-03-03,1
12436,control,2026-03-13,1
12437,control,2026-03-07,0
12438,treatment,2026-03-11,1
12439,control,2026-03-03,1
12440,control,2026-03-08,0
12441,control,2026-03-07,0
12442,treatment,2026-03-14,0
12443,control,2026-03-15,0
12444,treatment,2026-03-08,0
12445,control,2026-03-02,0
12446,control,2026-03-06,0
12447,control,2026-03-09,0
12448,treatment,2026-03-12,0
12449,treatment,2026-03-15,0
12450,control,2026-03-11,0
12451,control,2026-03-05,0
12452,control,2026-03-15,0
12453,treatment,2026-03-02,0
12454,treatment,2026-03-05,1
12455,control,2026-03-08,0
12456,control,2026-03-12,0
12457,control,2026-03-12,0
12458,control,2026-03-09,0
12459,treatment,2026-03-09,0
12460,control,2026-03-08,1
12461,treatment,2026-03-05,1
12462,control,2026-03-04,0
12463,treatment,2026-03-02,1
12464,treatment,2026-03-12,1
12465,treatment,2026-03-04,1
12466,control,2026-03-03,0
12467,control,2026-03-05,0
12468,treatment,2026-03-09,0
12469,treatment,2026-03-14,0
12470,treatment,2026-03-05,0
12471,treatment,2026-03-09,1
12472,treatment,2026-03-12,1
12473,control,2026-03-02,0
12474,control,2026-03-05,1
12475,treatment,2026-03-14,1
12476,treatment,2026-03-08,0
12477,treatment,2026-03-03,0
12478,control,2026-03-10,0
12479,treatment,2026-03-11,1
12480,control,2026-03-15,0
12481,control,2026-03-11,0
12482,treatment,2026-03-02,0
12483,treatment,2026-03-09,0
12484,control,2026-03-09,0
12485,control,2026-03-09,1
12486,treatment,2026-03-12,0
12487,control,2026-03-04,0
12488,control,2026-03-15,0
12489,control,2026-03-15,0
12490,control,2026-03-13,0
12491,control,2026-03-13,1
12492,control,2026-03-03,0
12493,control,2026-03-12,1
12494,treatment,2026-03-08,0
12495,treatment,2026-03-13,0
12496,control,2026-03-02,1
12497,treatment,2026-03-07,0
12498,control,2026-03-14,0
12499,control,2026-03-03,0
12500,control,2026-03-07,1
12501,treatment,2026-03-14,1
12502,treatment,2026-03-14,0
12503,treatment,2026-03-10,0
12504,treatment,2026-03-14,0
12505,control,2026-03-02,1
12506,treatment,2026-03-07,1
12507,treatment,2026-03-05,0
12508,treatment,2026-03-11,0
12509,treatment,2026-03-10,0
12510,treatment,2026-03-14,0
12511,treatment,2026-03-09,1
12512,control,2026-03-14,1
12513,treatment,2026-03-15,0
12514,control,2026-03-06,0
12515,treatment,2026-03-03,1
12516,treatment,2026-03-11,0
12517,control,2026-03-06,0
12518,treatment,2026-03-04,1
12519,control,2026-03-03,0
12520,treatment,2026-03-02,0
12521,control,2026-03-08,0
12522,control,2026-03-07,0
12523,treatment,2026-03-11,0
12524,treatment,2026-03-05,1
12525,control,2026-03-06,1
12526,control,2026-03-12,1
12527,treatment,2026-03-14,0
12528,treatment,2026-03-04,1
12529,treatment,2026-03-07,1
12530,control,2026-03-12,0
12531,control,2026-03-08,0
12532,control,2026-03-12,1
12533,control,2026-03-03,1
12534,treatment,2026-03-10,0
12535,treatment,2026-03-02,0
12536,control,2026-03-06,1
12537,control,2026-03-12,0
12538,control,2026-03-13,0
12539,control,2026-03-02,0
12540,treatment,2026-03-13,1
12541,control,2026-03-14,0
12542,control,2026-03-02,1
12543,treatment,2026-03-05,0
12544,treatment,2026-03-05,0
12545,control,2026-03-11,0
12546,control,2026-03-07,0
12547,control,2026-03-04,1
12548,control,2026-03-13,1
12549,treatment,2026-03-09,0
12550,control,2026-03-10,1
12551,control,2026-03-10,0
12552,treatment,2026-03-07,0
12553,treatment,2026-03-15,1
12554,control,2026-03-05,0
12555,control,2026-03-14,0
12556,treatment,2026-03-15,0
12557,control,2026-03-10,0
12558,treatment,2026-03-11,0
12559,control,2026-03-09,0
12560,treatment,2026-03-09,1
12561,treatment,2026-03-13,0
12562,treatment,2026-03-04,0
12563,control,2026-03-10,0
12564,control,2026-03-10,1
12565,treatment,2026-03-15,0
12566,control,2026-03-05,0
12567,treatment,2026-03-03,0
12568,control,2026-03-02,0
12569,treatment,2026-03-03,0
12570,treatment,2026-03-07,1
12571,control,2026-03-11,0
12572,control,2026-03-14,0
12573,control,2026-03-08,0
12574,control,2026-03-07,1
12575,treatment,2026-03-13,0
12576,treatment,2026-03-04,0
12577,treatment,2026-03-04,1
12578,control,2026-03-02,0
12579,treatment,2026-03-15,0
12580,treatment,2026-03-06,0
12581,control,2026-03-08,0
12582,control,2026-03-11,1
12583,control,2026-03-08,0
12584,treatment,2026-03-11,0
12585,treatment,2026-03-02,1
12586,treatment,2026-03-02,0
12587,treatment,2026-03-05,0
12588,treatment,2026-03-02,1
12589,treatment,2026-03-12,0
12590,treatment,2026-03-02,0
12591,treatment,2026-03-10,0
12592,treatment,2026-03-10,0
12593,treatment,2026-03-13,1
12594,control,2026-03-14,0
12595,control,2026-03-07,1
12596,control,2026-03-07,0
12597,treatment,2026-03-11,0
12598,treatment,2026-03-09,0
12599,treatment,2026-03-14,1
12600,control,2026-03-03,0
12601,treatment,2026-03-02,1
12602,control,2026-03-15,0
12603,treatment,2026-03-11,0
12604,treatment,2026-03-04,0
12605,control,2026-03-14,1
12606,control,2026-03-09,0
12607,control,2026-03-10,0
12608,control,2026-03-11,1
12609,treatment,2026-03-08,0
12610,control,2026-03-05,1
12611,control,2026-03-12,0
12612,control,2026-03-15,0
12613,treatment,2026-03-02,1
12614,control,2026-03-04,1
12615,control,2026-03-04,1
12616,control,2026-03-02,1
12617,control,2026-03-05,0
12618,treatment,2026-03-05,0
12619,control,2026-03-03,0
12620,control,2026-03-03,1
12621,treatment,2026-03-05,0
12622,control,2026-03-09,1
12623,control,2026-03-14,0
12624,treatment,2026-03-04,1
12625,treatment,2026-03-13,1
12626,control,2026-03-12,0
12627,control,2026-03-15,0
12628,treatment,2026-03-12,0
12629,control,2026-03-10,1
12630,treatment,2026-03-08,0
12631,control,2026-03-10,1
12632,control,2026-03-03,0
12633,treatment,2026-03-12,1
12634,control,2026-03-12,0
12635,treatment,2026-03-10,1
12636,control,2026-03-13,1
12637,control,2026-03-14,0
12638,treatment,2026-03-13,0
12639,treatment,2026-03-10,1
12640,control,2026-03-05,0
12641,treatment,2026-03-10,0
12642,treatment,2026-03-08,0
12643,control,2026-03-11,0
12644,treatment,2026-03-04,0
12645,control,2026-03-11,0
12646,treatment,2026-03-15,0
12647,control,2026-03-13,1
12648,treatment,2026-03-14,0
12649,control,2026-03-08,1
12650,control,2026-03-08,0
12651,treatment,2026-03-15,0
12652,treatment,2026-03-11,1
12653,treatment,2026-03-14,0
12654,treatment,2026-03-07,0
12655,control,2026-03-06,0
12656,treatment,2026-03-14,0
12657,treatment,2026-03-12,0
12658,control,2026-03-07,0
12659,treatment,2026-03-07,0
12660,control,2026-03-10,1
12661,treatment,2026-03-12,1
12662,treatment,2026-03-03,0
12663,control,2026-03-05,0
12664,treatment,2026-03-09,0
12665,treatment,2026-03-04,1
12666,control,2026-03-04,0
12667,control,2026-03-02,1
12668,treatment,2026-03-04,1
12669,treatment,2026-03-06,0
12670,control,2026-03-08,0
12671,control,2026-03-06,1
12672,control,2026-03-07,1
12673,treatment,2026-03-11,0
12674,control,2026-03-09,0
12675,control,2026-03-12,0
12676,treatment,2026-03-13,0
12677,control,2026-03-05,0
12678,control,2026-03-02,0
12679,treatment,2026-03-05,1
12680,control,2026-03-11,0
12681,control,2026-03-11,0
12682,treatment,2026-03-03,1
12683,control,2026-03-12,0
12684,control,2026-03-12,1
12685,treatment,2026-03-02,1
12686,treatment,2026-03-06,1
12687,treatment,2026-03-10,1
12688,treatment,2026-03-09,0
12689,treatment,2026-03-02,0
12690,control,2026-03-14,0
12691,control,2026-03-06,0
12692,control,2026-03-03,1
12693,treatment,2026-03-11,1
12694,treatment,2026-03-08,1
12695,treatment,2026-03-13,1
12696,treatment,2026-03-02,1
12697,control,2026-03-12,1
12698,control,2026-03-05,1
12699,treatment,2026-03-10,0
12700,control,2026-03-02,1
12701,treatment,2026-03-13,0
12702,treatment,2026-03-05,1
12703,control,2026-03-06,0
12704,control,2026-03-09,0
12705,control,2026-03-10,1
12706,treatment,2026-03-08,0
12707,control,2026-03-02,1
12708,control,2026-03-08,0
12709,treatment,2026-03-11,0
12710,treatment,2026-03-02,0
12711,control,2026-03-14,0
12712,control,2026-03-09,0
12713,control,2026-03-12,1
12714,treatment,2026-03-04,0
12715,treatment,2026-03-07,0
12716,treatment,2026-03-04,0
12717,treatment,2026-03-13,1
12718,treatment,2026-03-05,0
12719,control,2026-03-10,0
12720,control,2026-03-15,0
12721,control,2026-03-08,0
12722,treatment,2026-03-07,0
12723,control,2026-03-10,1
12724,treatment,2026-03-10,0
12725,control,2026-03-07,0
12726,treatment,2026-03-11,1
12727,control,2026-03-07,1
12728,treatment,2026-03-09,0
12729,control,2026-03-11,0
12730,treatment,2026-03-11,0
12731,control,2026-03-06,0
12732,control,2026-03-10,0
12733,treatment,2026-03-12,0
12734,treatment,2026-03-03,1
12735,treatment,2026-03-10,0
12736,control,2026-03-15,0
12737,control,2026-03-12,1
12738,treatment,2026-03-14,0
12739,treatment,2026-03-10,0
12740,treatment,2026-03-11,0
12741,control,2026-03-02,1
12742,control,2026-03-10,0
12743,control,2026-03-10,1
12744,control,2026-03-03,0
12745,control,2026-03-06,1
12746,treatment,2026-03-10,0
12747,treatment,2026-03-08,0
12748,control,2026-03-09,0
12749,treatment,2026-03-15,0
12750,control,2026-03-09,1
12751,control,2026-03-10,1
12752,treatment,2026-03-07,0
12753,treatment,2026-03-13,1
12754,treatment,2026-03-11,0
12755,control,2026-03-09,1
12756,treatment,2026-03-05,1
12757,control,2026-03-11,0
12758,control,2026-03-14,0
12759,control,2026-03-05,0
12760,control,2026-03-08,1
12761,control,2026-03-08,1
12762,control,2026-03-03,0
12763,control,2026-03-11,0
12764,control,2026-03-11,0
12765,treatment,2026-03-02,1
12766,treatment,2026-03-13,1
12767,control,2026-03-08,1
12768,control,2026-03-10,1
12769,treatment,2026-03-03,0
12770,control,2026-03-12,0
12771,control,2026-03-09,0
12772,control,2026-03-02,0
12773,control,2026-03-14,1
12774,treatment,2026-03-02,0
12775,treatment,2026-03-07,0
12776,treatment,2026-03-02,0
12777,control,2026-03-09,0
12778,control,2026-03-03,1
12779,control,2026-03-04,0
12780,control,2026-03-06,1
12781,control,2026-03-02,0
12782,control,2026-03-02,0
12783,control,2026-03-14,1
12784,treatment,2026-03-03,1
12785,treatment,2026-03-02,0
12786,control,2026-03-13,0
12787,control,2026-03-04,0
12788,control,2026-03-15,0
12789,treatment,2026-03-14,1
12790,control,2026-03-06,1
12791,treatment,2026-03-04,0
12792,control,2026-03-13,1
12793,treatment,2026-03-15,0
12794,control,2026-03-10,0
12795,control,2026-03-15,1
12796,treatment,2026-03-11,1
12797,treatment,2026-03-02,0
12798,control,2026-03-09,1
12799,control,2026-03-04,0
12800,control,2026-03-03,1
12801,control,2026-03-14,0
12802,control,2026-03-13,1
12803,control,2026-03-15,0
12804,treatment,2026-03-13,0
12805,control,2026-03-10,1
12806,control,2026-03-13,0
12807,treatment,2026-03-12,0
12808,treatment,2026-03-08,0
12809,control,2026-03-13,0
12810,treatment,2026-03-08,0
12811,control,2026-03-09,0
12812,treatment,2026-03-12,0
12813,treatment,2026-03-07,0
12814,treatment,2026-03-13,1
12815,treatment,2026-03-14,1
12816,treatment,2026-03-04,0
12817,treatment,2026-03-02,0
12818,control,2026-03-02,1
12819,control,2026-03-14,1
12820,control,2026-03-07,0
12821,control,2026-03-05,0
12822,control,2026-03-13,1
12823,treatment,2026-03-03,0
12824,treatment,2026-03-06,1
12825,treatment,2026-03-02,0
12826,treatment,2026-03-02,1
12827,treatment,2026-03-04,1
12828,control,2026-03-02,0
12829,treatment,2026-03-13,0
12830,control,2026-03-09,1
12831,treatment,2026-03-08,0
12832,treatment,2026-03-08,1
12833,control,2026-03-02,0
12834,treatment,2026-03-03,0
12835,control,2026-03-07,1
12836,treatment,2026-03-07,0
12837,control,2026-03-06,1
12838,control,2026-03-06,0
12839,treatment,2026-03-10,0
12840,treatment,2026-03-15,0
12841,treatment,2026-03-02,0
12842,control,2026-03-02,0
12843,control,2026-03-06,0
12844,control,2026-03-14,0
12845,control,2026-03-10,0
12846,control,2026-03-06,1
12847,control,2026-03-04,0
12848,treatment,2026-03-05,1
12849,control,2026-03-13,0
12850,control,2026-03-12,0
12851,treatment,2026-03-13,0
12852,treatment,2026-03-10,1
12853,control,2026-03-13,0
12854,control,2026-03-09,1
12855,control,2026-03-04,0
12856,treatment,2026-03-05,0
12857,treatment,2026-03-07,1
12858,treatment,2026-03-02,1
12859,treatment,2026-03-05,0
12860,treatment,2026-03-09,0
12861,control,2026-03-10,1
12862,treatment,2026-03-03,0
12863,control,2026-03-10,1
12864,treatment,2026-03-06,1
12865,treatment,2026-03-09,0
12866,control,2026-03-11,0
12867,treatment,2026-03-13,1
12868,control,2026-03-09,0
12869,control,2026-03-13,0
12870,control,2026-03-11,0
12871,treatment,2026-03-11,0
12872,treatment,2026-03-06,0
12873,treatment,2026-03-13,0
12874,treatment,2026-03-05,0
12875,treatment,2026-03-04,0
12876,control,2026-03-14,1
12877,control,2026-03-05,0
12878,treatment,2026-03-05,1
12879,control,2026-03-12,0
12880,treatment,2026-03-13,1
12881,treatment,2026-03-14,0
12882,treatment,2026-03-12,1
12883,treatment,2026-03-04,1
12884,treatment,2026-03-08,0
12885,control,2026-03-02,0
12886,control,2026-03-09,0
12887,treatment,2026-03-10,1
12888,control,2026-03-02,0
12889,control,2026-03-10,0
12890,treatment,2026-03-07,0
12891,treatment,2026-03-05,0
12892,treatment,2026-03-02,0
12893,control,2026-03-06,1
12894,treatment,2026-03-05,0
12895,treatment,2026-03-10,0
12896,treatment,2026-03-06,0
12897,treatment,2026-03-04,0
12898,treatment,2026-03-02,1
12899,treatment,2026-03-04,0
12900,treatment,2026-03-13,0
12901,control,2026-03-02,1
12902,treatment,2026-03-12,0
12903,control,2026-03-05,0
12904,control,2026-03-05,0
12905,treatment,2026-03-06,0
12906,control,2026-03-10,1
12907,control,2026-03-13,0
12908,control,2026-03-12,0
12909,treatment,2026-03-14,0
12910,control,2026-03-06,1
12911,control,2026-03-02,0
12912,treatment,2026-03-05,0
12913,control,2026-03-11,1
12914,treatment,2026-03-04,0
12915,treatment,2026-03-12,0
12916,treatment,2026-03-08,0
12917,treatment,2026-03-08,0
12918,control,2026-03-14,0
12919,control,2026-03-15,1
12920,treatment,2026-03-06,0
12921,treatment,2026-03-09,0
12922,control,2026-03-03,0
12923,treatment,2026-03-10,0
12924,control,2026-03-11,0
12925,control,2026-03-11,1
12926,control,2026-03-05,1
12927,control,2026-03-03,0
12928,control,2026-03-08,1
12929,treatment,2026-03-02,0
12930,control,2026-03-06,1
12931,treatment,2026-03-09,0
12932,control,2026-03-05,1
12933,control,2026-03-04,1
12934,treatment,2026-03-11,0
12935,control,2026-03-09,0
12936,control,2026-03-12,0
12937,control,2026-03-04,0
12938,control,2026-03-12,0
12939,treatment,2026-03-13,0
12940,treatment,2026-03-08,1
12941,treatment,2026-03-08,1
12942,control,2026-03-15,0
12943,treatment,2026-03-04,0
12944,treatment,2026-03-02,1
12945,treatment,2026-03-03,1
12946,control,2026-03-07,0
12947,control,2026-03-07,0
12948,treatment,2026-03-13,1
12949,treatment,2026-03-12,0
12950,control,2026-03-11,0
12951,control,2026-03-02,0
12952,treatment,2026-03-10,0
12953,treatment,2026-03-11,0
12954,control,2026-03-13,0
12955,treatment,2026-03-12,1
12956,control,2026-03-06,0
12957,control,2026-03-13,0
12958,control,2026-03-14,0
12959,control,2026-03-09,0
12960,treatment,2026-03-02,0
12961,treatment,2026-03-12,1
12962,control,2026-03-07,0
12963,control,2026-03-09,1
12964,control,2026-03-11,0
12965,treatment,2026-03-12,0
12966,control,2026-03-06,1
12967,control,2026-03-11,1
12968,treatment,2026-03-09,0
12969,control,2026-03-08,0
12970,control,2026-03-08,0
12971,control,2026-03-04,0
12972,treatment,2026-03-02,0
12973,treatment,2026-03-08,0
12974,treatment,2026-03-15,0
12975,control,2026-03-11,0
12976,treatment,2026-03-11,1
12977,control,2026-03-12,1
12978,control,2026-03-04,0
12979,control,2026-03-12,1
12980,control,2026-03-07,0
12981,treatment,2026-03-12,0
12982,control,2026-03-03,1
12983,treatment,2026-03-10,0
12984,control,2026-03-08,1
12985,control,2026-03-10,0
12986,treatment,2026-03-05,0
12987,control,2026-03-04,1
12988,control,2026-03-02,0
12989,treatment,2026-03-09,1
12990,control,2026-03-14,0
12991,treatment,2026-03-07,0
12992,control,2026-03-05,0
12993,treatment,2026-03-08,0
12994,treatment,2026-03-05,0
12995,treatment,2026-03-14,0
12996,control,2026-03-07,1
12997,treatment,2026-03-09,0
12998,treatment,2026-03-03,0
12999,treatment,2026-03-02,0
13000,treatment,2026-03-12,0
13001,control,2026-03-09,0
13002,control,2026-03-08,1
13003,treatment,2026-03-10,0
13004,control,2026-03-13,0
13005,control,2026-03-02,0
13006,treatment,2026-03-02,0
13007,treatment,2026-03-14,0
13008,treatment,2026-03-08,1
13009,control,2026-03-11,1
13010,control,2026-03-15,1
13011,treatment,2026-03-02,0
13012,control,2026-03-12,0
13013,control,2026-03-04,1
13014,treatment,2026-03-07,0
13015,control,2026-03-12,0
13016,treatment,2026-03-05,0
13017,treatment,2026-03-02,0
13018,control,2026-03-12,0
13019,control,2026-03-15,0
13020,treatment,2026-03-07,1
13021,control,2026-03-15,1
13022,control,2026-03-15,0
13023,treatment,2026-03-13,1
13024,control,2026-03-13,0
13025,control,2026-03-10,1
13026,treatment,2026-03-03,1
13027,control,2026-03-05,0
13028,control,2026-03-03,0
13029,control,2026-03-07,0
13030,treatment,2026-03-12,1
13031,treatment,2026-03-07,0
13032,control,2026-03-04,0
13033,treatment,2026-03-15,1
13034,treatment,2026-03-09,0
13035,treatment,2026-03-03,0
13036,treatment,2026-03-11,0
13037,treatment,2026-03-03,0
13038,control,2026-03-04,0
13039,treatment,2026-03-09,0
13040,control,2026-03-13,1
13041,treatment,2026-03-14,0
13042,control,2026-03-10,0
13043,control,2026-03-06,0
13044,control,2026-03-14,0
13045,control,2026-03-07,0
13046,treatment,2026-03-02,0
13047,treatment,2026-03-15,0
13048,control,2026-03-05,1
13049,control,2026-03-05,1
13050,treatment,2026-03-12,0
13051,treatment,2026-03-14,1
13052,treatment,2026-03-03,0
13053,control,2026-03-05,1
13054,treatment,2026-03-06,0
13055,control,2026-03-07,0
13056,control,2026-03-10,0
13057,treatment,2026-03-05,0
13058,control,2026-03-11,0
13059,control,2026-03-03,1
13060,control,2026-03-12,1
13061,control,2026-03-03,0
13062,control,2026-03-12,1
13063,treatment,2026-03-06,0
13064,treatment,2026-03-11,0
13065,control,2026-03-07,1
13066,treatment,2026-03-06,0
13067,treatment,2026-03-12,0
13068,control,2026-03-02,0
13069,treatment,2026-03-03,0
13070,control,2026-03-02,0
13071,treatment,2026-03-07,1
13072,treatment,2026-03-14,0
13073,treatment,2026-03-03,0
13074,treatment,2026-03-03,1
13075,control,2026-03-03,1
13076,control,2026-03-15,0
13077,treatment,2026-03-07,1
13078,control,2026-03-14,1
13079,control,2026-03-14,0
13080,control,2026-03-13,1
13081,control,2026-03-14,1
13082,treatment,2026-03-08,1
13083,treatment,2026-03-06,0
13084,treatment,2026-03-04,1
13085,control,2026-03-07,0
13086,control,2026-03-02,0
13087,treatment,2026-03-13,1
13088,treatment,2026-03-13,0
13089,control,2026-03-13,0
13090,treatment,2026-03-14,0
13091,treatment,2026-03-12,0
13092,control,2026-03-03,1
13093,control,2026-03-05,0
13094,control,2026-03-06,0
13095,treatment,2026-03-07,1
13096,control,2026-03-04,1
13097,control,2026-03-04,0
13098,control,2026-03-14,0
13099,control,2026-03-11,1
13100,control,2026-03-10,1
13101,treatment,2026-03-04,0
13102,treatment,2026-03-14,0
13103,control,2026-03-02,0
13104,control,2026-03-13,0
13105,control,2026-03-02,1
13106,control,2026-03-10,0
13107,control,2026-03-12,1
13108,control,2026-03-07,0
13109,control,2026-03-05,1
13110,control,2026-03-04,0
13111,control,2026-03-04,1
13112,treatment,2026-03-05,0
13113,treatment,2026-03-09,0
13114,control,2026-03-12,0
13115,treatment,2026-03-06,0
13116,control,2026-03-07,0
13117,treatment,2026-03-12,1
13118,treatment,2026-03-06,1
13119,treatment,2026-03-04,0
13120,control,2026-03-10,0
13121,treatment,2026-03-05,1
13122,treatment,2026-03-11,1
13123,control,2026-03-13,0
13124,treatment,2026-03-14,0
13125,control,2026-03-14,0
13126,control,2026-03-05,0
13127,control,2026-03-06,0
13128,control,2026-03-03,1
13129,treatment,2026-03-11,0
13130,control,2026-03-09,0
13131,treatment,2026-03-05,0
13132,treatment,2026-03-03,1
13133,control,2026-03-11,1
13134,treatment,2026-03-07,0
13135,treatment,2026-03-15,0
13136,treatment,2026-03-05,1
13137,control,2026-03-05,0
13138,treatment,2026-03-14,0
13139,control,2026-03-10,1
13140,control,2026-03-05,0
13141,treatment,2026-03-11,0
13142,treatment,2026-03-13,0
13143,control,2026-03-14,0
13144,control,2026-03-02,1
13145,treatment,2026-03-03,0
13146,control,2026-03-13,0
13147,control,2026-03-15,1
13148,control,2026-03-15,0
13149,control,2026-03-10,0
13150,control,2026-03-06,1
13151,treatment,2026-03-04,0
13152,treatment,2026-03-02,1
13153,treatment,2026-03-15,0
13154,control,2026-03-06,0
13155,treatment,2026-03-14,1
13156,treatment,2026-03-05,0
13157,treatment,2026-03-14,0
13158,control,2026-03-06,0
13159,control,2026-03-04,0
13160,treatment,2026-03-05,1
13161,control,2026-03-11,1
13162,control,2026-03-14,1
13163,treatment,2026-03-12,0
13164,control,2026-03-15,0
13165,treatment,2026-03-05,0
13166,treatment,2026-03-12,0
13167,treatment,2026-03-06,1
13168,treatment,2026-03-05,0
13169,control,2026-03-10,0
13170,control,2026-03-04,1
13171,treatment,2026-03-10,1
13172,treatment,2026-03-13,0
13173,treatment,2026-03-09,1
13174,treatment,2026-03-07,1
13175,treatment,2026-03-05,0
13176,treatment,2026-03-14,0
13177,control,2026-03-13,0
13178,control,2026-03-05,1
13179,treatment,2026-03-06,0
13180,treatment,2026-03-08,0
13181,treatment,2026-03-02,0
13182,control,2026-03-06,1
13183,control,2026-03-07,0
13184,treatment,2026-03-02,1
13185,control,2026-03-07,1
13186,control,2026-03-04,1
13187,control,2026-03-07,0
13188,treatment,2026-03-05,0
13189,control,2026-03-12,0
13190,treatment,2026-03-07,0
13191,control,2026-03-06,1
13192,control,2026-03-03,0
13193,treatment,2026-03-03,0
13194,control,2026-03-02,0
13195,treatment,2026-03-10,1
13196,treatment,2026-03-09,0
13197,treatment,2026-03-09,0
13198,control,2026-03-14,1
13199,treatment,2026-03-06,1
13200,treatment,2026-03-09,0
13201,treatment,2026-03-15,0
13202,treatment,2026-03-09,0
13203,treatment,2026-03-09,0
13204,control,2026-03-13,1
13205,control,2026-03-06,0
13206,control,2026-03-07,0
13207,treatment,2026-03-03,0
13208,control,2026-03-08,0
13209,control,2026-03-14,1
13210,treatment,2026-03-08,1
13211,control,2026-03-09,0
13212,treatment,2026-03-05,1
13213,treatment,2026-03-04,0
13214,treatment,2026-03-02,0
13215,treatment,2026-03-14,0
13216,control,2026-03-03,0
13217,control,2026-03-10,1
13218,control,2026-03-09,0
13219,control,2026-03-15,0
13220,treatment,2026-03-12,1
13221,control,2026-03-15,0
13222,treatment,2026-03-12,0
13223,control,2026-03-11,0
13224,treatment,2026-03-14,0
13225,control,2026-03-09,0
13226,treatment,2026-03-14,1
13227,treatment,2026-03-08,0
13228,control,2026-03-10,1
13229,control,2026-03-08,1
13230,control,2026-03-10,0
13231,treatment,2026-03-05,0
13232,treatment,2026-03-02,0
13233,control,2026-03-07,0
13234,control,2026-03-15,1
13235,treatment,2026-03-04,0
13236,control,2026-03-07,1
13237,control,2026-03-10,0
13238,control,2026-03-04,1
13239,control,2026-03-07,1
13240,treatment,2026-03-12,0
13241,control,2026-03-09,1
13242,control,2026-03-12,1
13243,control,2026-03-03,0
13244,treatment,2026-03-07,1
13245,treatment,2026-03-14,1
13246,treatment,2026-03-03,0
13247,control,2026-03-12,1
13248,control,2026-03-07,0
13249,control,2026-03-03,0
13250,treatment,2026-03-13,0
13251,treatment,2026-03-09,0
13252,treatment,2026-03-03,0
13253,treatment,2026-03-11,1
13254,control,2026-03-11,0
13255,control,2026-03-15,0
13256,control,2026-03-13,0
13257,treatment,2026-03-04,0
13258,treatment,2026-03-06,0
13259,treatment,2026-03-15,0
13260,treatment,2026-03-13,0
13261,control,2026-03-13,1
13262,control,2026-03-04,1
13263,treatment,2026-03-12,0
13264,treatment,2026-03-04,1
13265,treatment,2026-03-12,1
13266,control,2026-03-15,1
13267,control,2026-03-06,0
13268,control,2026-03-04,0
13269,control,2026-03-13,0
13270,treatment,2026-03-10,1
13271,treatment,2026-03-11,0
13272,control,2026-03-14,1
13273,control,2026-03-12,1
13274,treatment,2026-03-13,0
13275,control,2026-03-11,0
13276,treatment,2026-03-15,0
13277,treatment,2026-03-13,0
13278,control,2026-03-10,1
13279,control,2026-03-07,1
13280,control,2026-03-15,1
13281,treatment,2026-03-12,0
13282,control,2026-03-08,0
13283,control,2026-03-13,1
13284,control,2026-03-09,1
13285,treatment,2026-03-14,0
13286,control,2026-03-04,0
13287,control,2026-03-10,0
13288,treatment,2026-03-07,1
13289,treatment,2026-03-08,0
13290,control,2026-03-10,0
13291,treatment,2026-03-04,1
13292,control,2026-03-08,1
13293,treatment,2026-03-02,0
13294,treatment,2026-03-10,0
13295,treatment,2026-03-07,0
13296,treatment,2026-03-14,1
13297,control,2026-03-03,0
13298,control,2026-03-10,0
13299,treatment,2026-03-10,0
13300,treatment,2026-03-15,0
13301,control,2026-03-10,0
13302,treatment,2026-03-06,0
13303,treatment,2026-03-11,0
13304,treatment,2026-03-05,0
13305,control,2026-03-14,0
13306,treatment,2026-03-11,1
13307,treatment,2026-03-05,0
13308,treatment,2026-03-14,0
13309,control,2026-03-08,0
13310,treatment,2026-03-04,0
13311,control,2026-03-12,0
13312,control,2026-03-02,0
13313,treatment,2026-03-03,1
13314,control,2026-03-05,1
13315,control,2026-03-05,1
13316,treatment,2026-03-08,0
13317,control,2026-03-08,1
13318,treatment,2026-03-06,1
13319,control,2026-03-07,1
13320,control,2026-03-13,0
13321,control,2026-03-15,1
13322,control,2026-03-06,1
13323,treatment,2026-03-09,1
13324,control,2026-03-14,1
13325,control,2026-03-13,0
13326,treatment,2026-03-04,0
13327,control,2026-03-06,0
13328,control,2026-03-10,1
13329,control,2026-03-03,1
13330,treatment,2026-03-04,1
13331,treatment,2026-03-06,1
13332,control,2026-03-11,0
13333,treatment,2026-03-05,0
13334,treatment,2026-03-03,0
13335,treatment,2026-03-06,0
13336,treatment,2026-03-05,0
13337,control,2026-03-14,0
13338,treatment,2026-03-13,0
13339,control,2026-03-07,0
13340,control,2026-03-02,0
13341,control,2026-03-04,1
13342,control,2026-03-15,1
13343,control,2026-03-03,0
13344,control,2026-03-03,0
13345,control,2026-03-06,0
13346,control,2026-03-03,1
13347,control,2026-03-10,0
13348,control,2026-03-02,0
13349,treatment,2026-03-03,1
13350,control,2026-03-10,0
13351,control,2026-03-08,0
13352,treatment,2026-03-13,0
13353,control,2026-03-03,1
13354,treatment,2026-03-06,0
13355,control,2026-03-03,0
13356,treatment,2026-03-09,1
13357,control,2026-03-08,0
13358,control,2026-03-10,1
13359,control,2026-03-05,1
13360,treatment,2026-03-06,0
13361,control,2026-03-10,0
13362,treatment,2026-03-11,0
13363,treatment,2026-03-06,1
13364,treatment,2026-03-14,0
13365,control,2026-03-15,0
13366,treatment,2026-03-05,0
13367,control,2026-03-06,0
13368,control,2026-03-11,1
13369,treatment,2026-03-06,0
13370,control,2026-03-07,1
13371,control,2026-03-12,1
13372,treatment,2026-03-04,0
13373,control,2026-03-10,0
13374,control,2026-03-12,1
13375,treatment,2026-03-06,0
13376,control,2026-03-12,1
13377,treatment,2026-03-08,0
13378,treatment,2026-03-04,0
13379,treatment,2026-03-03,0
13380,control,2026-03-09,1
13381,control,2026-03-09,1
13382,control,2026-03-06,0
13383,control,2026-03-08,1
13384,treatment,2026-03-02,1
13385,treatment,2026-03-11,1
13386,treatment,2026-03-11,1
13387,treatment,2026-03-10,0
13388,treatment,2026-03-05,0
13389,control,2026-03-14,1
13390,control,2026-03-08,0
13391,treatment,2026-03-10,0
13392,treatment,2026-03-06,1
13393,treatment,2026-03-05,0
13394,treatment,2026-03-08,0
13395,control,2026-03-02,1
13396,treatment,2026-03-13,1
13397,control,2026-03-11,0
13398,treatment,2026-03-07,1
13399,treatment,2026-03-13,1
13400,control,2026-03-15,0
13401,control,2026-03-12,0
13402,control,2026-03-09,1
13403,treatment,2026-03-11,0
13404,control,2026-03-08,0
13405,treatment,2026-03-04,0
13406,control,2026-03-12,0
13407,treatment,2026-03-12,0
13408,control,2026-03-12,1
13409,treatment,2026-03-15,1
13410,control,2026-03-03,1
13411,control,2026-03-05,0
13412,treatment,2026-03-07,0
13413,control,2026-03-03,0
13414,control,2026-03-15,0
13415,treatment,2026-03-13,0
13416,control,2026-03-04,1
13417,control,2026-03-04,0
13418,treatment,2026-03-04,0
13419,control,2026-03-15,0
13420,control,2026-03-05,1
13421,treatment,2026-03-12,0
13422,control,2026-03-07,0
13423,treatment,2026-03-05,0
13424,treatment,2026-03-10,0
13425,control,2026-03-08,0
13426,treatment,2026-03-14,1
13427,control,2026-03-12,0
13428,treatment,2026-03-15,1
13429,treatment,2026-03-04,0
13430,treatment,2026-03-14,0
13431,treatment,2026-03-05,0
13432,treatment,2026-03-04,1
13433,control,2026-03-03,0
13434,treatment,2026-03-02,0
13435,control,2026-03-03,1
13436,treatment,2026-03-08,0
13437,treatment,2026-03-04,0
13438,treatment,2026-03-05,0
13439,control,2026-03-15,0
13440,control,2026-03-11,0
13441,treatment,2026-03-05,1
13442,treatment,2026-03-07,0
13443,control,2026-03-11,1
13444,treatment,2026-03-03,1
13445,control,2026-03-12,1
13446,treatment,2026-03-12,1
13447,control,2026-03-11,0
13448,control,2026-03-10,0
13449,treatment,2026-03-03,1
13450,control,2026-03-02,0
13451,treatment,2026-03-08,0
13452,control,2026-03-13,0
13453,control,2026-03-06,0
13454,treatment,2026-03-14,0
13455,control,2026-03-10,1
13456,control,2026-03-03,1
13457,control,2026-03-11,1
13458,control,2026-03-13,0
13459,treatment,2026-03-03,0
13460,control,2026-03-15,0
13461,control,2026-03-14,0
13462,control,2026-03-12,0
13463,treatment,2026-03-07,0
13464,control,2026-03-06,0
13465,treatment,2026-03-05,1
13466,control,2026-03-06,0
13467,control,2026-03-15,1
13468,control,2026-03-06,0
13469,control,2026-03-09,0
13470,treatment,2026-03-07,0
13471,control,2026-03-09,0
13472,treatment,2026-03-07,0
13473,control,2026-03-12,0
13474,control,2026-03-08,1
13475,control,2026-03-03,0
13476,treatment,2026-03-12,1
13477,treatment,2026-03-10,1
13478,control,2026-03-11,0
13479,treatment,2026-03-14,0
13480,control,2026-03-13,0
13481,treatment,2026-03-09,0
13482,control,2026-03-03,1
13483,treatment,2026-03-09,1
13484,treatment,2026-03-11,0
13485,control,2026-03-06,0
13486,treatment,2026-03-05,1
13487,control,2026-03-15,0
13488,control,2026-03-06,0
13489,treatment,2026-03-11,0
13490,treatment,2026-03-05,0
13491,treatment,2026-03-02,0
13492,control,2026-03-09,1
13493,control,2026-03-15,0
13494,control,2026-03-03,0
13495,treatment,2026-03-03,1
13496,treatment,2026-03-09,0
13497,treatment,2026-03-12,0
13498,treatment,2026-03-03,0
13499,treatment,2026-03-03,1
13500,treatment,2026-03-07,0
13501,control,2026-03-09,0
13502,control,2026-03-08,0
13503,treatment,2026-03-04,1
13504,control,2026-03-03,1
13505,treatment,2026-03-03,1
13506,control,2026-03-09,1
13507,control,2026-03-15,1
13508,treatment,2026-03-12,1
13509,control,2026-03-13,1
13510,treatment,2026-03-07,0
13511,control,2026-03-04,0
13512,control,2026-03-07,1
13513,control,2026-03-07,0
13514,treatment,2026-03-09,1
13515,treatment,2026-03-06,1
13516,control,2026-03-14,0
13517,control,2026-03-02,0
13518,control,2026-03-06,1
13519,control,2026-03-04,1
13520,control,2026-03-07,1
13521,treatment,2026-03-08,0
13522,treatment,2026-03-15,1
13523,control,2026-03-06,1
13524,treatment,2026-03-09,0
13525,control,2026-03-07,1
13526,treatment,2026-03-03,0
13527,treatment,2026-03-06,0
13528,treatment,2026-03-11,0
13529,control,2026-03-08,0
13530,treatment,2026-03-13,1
13531,control,2026-03-08,0
13532,treatment,2026-03-11,1
13533,treatment,2026-03-13,0
13534,control,2026-03-09,1
13535,treatment,2026-03-05,1
13536,control,2026-03-11,0
13537,control,2026-03-11,1
13538,control,2026-03-15,1
13539,treatment,2026-03-15,1
13540,control,2026-03-10,0
13541,treatment,2026-03-04,0
13542,treatment,2026-03-12,0
13543,control,2026-03-14,0
13544,control,2026-03-12,1
13545,treatment,2026-03-06,1
13546,treatment,2026-03-13,1
13547,treatment,2026-03-09,0
13548,treatment,2026-03-10,1
13549,control,2026-03-08,0
13550,control,2026-03-06,1
13551,treatment,2026-03-14,0
13552,control,2026-03-12,0
13553,treatment,2026-03-05,0
13554,control,2026-03-12,1
13555,treatment,2026-03-04,0
13556,treatment,2026-03-02,0
13557,control,2026-03-15,0
13558,control,2026-03-15,0
13559,treatment,2026-03-08,0
13560,treatment,2026-03-04,0
13561,control,2026-03-10,0
13562,control,2026-03-04,0
13563,control,2026-03-09,0
13564,control,2026-03-10,0
13565,control,2026-03-12,0
13566,control,2026-03-12,0
13567,control,2026-03-12,0
13568,treatment,2026-03-13,0
13569,control,2026-03-12,1
13570,treatment,2026-03-07,0
13571,control,2026-03-07,0
13572,control,2026-03-09,1
13573,treatment,2026-03-02,0
13574,treatment,2026-03-08,0
13575,treatment,2026-03-08,0
13576,treatment,2026-03-14,1
13577,treatment,2026-03-06,0
13578,treatment,2026-03-13,0
13579,control,2026-03-02,1
13580,treatment,2026-03-04,0
13581,treatment,2026-03-04,1
13582,control,2026-03-14,0
13583,control,2026-03-15,0
13584,control,2026-03-10,0
13585,treatment,2026-03-13,0
13586,treatment,2026-03-09,0
13587,control,2026-03-12,0
13588,control,2026-03-04,1
13589,control,2026-03-12,1
13590,control,2026-03-08,0
13591,control,2026-03-12,1
13592,control,2026-03-03,0
13593,treatment,2026-03-10,0
13594,control,2026-03-08,0
13595,treatment,2026-03-07,0
13596,control,2026-03-15,1
13597,control,2026-03-09,1
13598,control,2026-03-12,1
13599,control,2026-03-13,1
13600,treatment,2026-03-11,1
13601,treatment,2026-03-10,1
13602,control,2026-03-12,1
13603,control,2026-03-04,1
13604,treatment,2026-03-13,0
13605,control,2026-03-05,1
13606,treatment,2026-03-04,0
13607,control,2026-03-07,0
13608,control,2026-03-13,0
13609,treatment,2026-03-14,0
13610,control,2026-03-02,0
13611,treatment,2026-03-06,0
13612,treatment,2026-03-03,0
13613,treatment,2026-03-04,1
13614,control,2026-03-03,0
13615,control,2026-03-13,1
13616,treatment,2026-03-15,0
13617,treatment,2026-03-15,0
13618,control,2026-03-15,1
13619,treatment,2026-03-07,0
13620,control,2026-03-03,0
13621,control,2026-03-12,0
13622,control,2026-03-11,1
13623,treatment,2026-03-13,0
13624,control,2026-03-08,0
13625,control,2026-03-04,1
13626,treatment,2026-03-13,0
13627,control,2026-03-11,0
13628,treatment,2026-03-12,1
13629,treatment,2026-03-10,0
13630,control,2026-03-08,1
13631,control,2026-03-14,0
13632,control,2026-03-10,0
13633,treatment,2026-03-10,0
13634,treatment,2026-03-06,0
13635,treatment,2026-03-11,0
13636,control,2026-03-02,1
13637,treatment,2026-03-07,0
13638,control,2026-03-02,1
13639,control,2026-03-10,0
13640,control,2026-03-08,0
13641,control,2026-03-15,0
13642,control,2026-03-15,0
13643,treatment,2026-03-03,0
13644,control,2026-03-03,0
13645,control,2026-03-08,1
13646,treatment,2026-03-06,0
13647,treatment,2026-03-10,0
13648,control,2026-03-14,0
13649,control,2026-03-05,0
13650,control,2026-03-03,0
13651,treatment,2026-03-07,0
13652,treatment,2026-03-06,1
13653,control,2026-03-05,0
13654,control,2026-03-09,1
13655,treatment,2026-03-04,0
13656,treatment,2026-03-05,0
13657,treatment,2026-03-02,0
13658,control,2026-03-10,0
13659,treatment,2026-03-11,1
13660,treatment,2026-03-07,1
13661,control,2026-03-14,0
13662,treatment,2026-03-04,0
13663,treatment,2026-03-15,0
13664,control,2026-03-07,1
13665,treatment,2026-03-12,0
13666,control,2026-03-04,0
13667,control,2026-03-04,1
13668,control,2026-03-08,0
13669,control,2026-03-14,0
13670,control,2026-03-04,0
13671,control,2026-03-05,0
13672,control,2026-03-11,0
13673,control,2026-03-07,1
13674,treatment,2026-03-11,0
13675,control,2026-03-15,1
13676,control,2026-03-15,0
13677,treatment,2026-03-12,1
13678,control,2026-03-08,1
13679,control,2026-03-10,0
13680,control,2026-03-13,1
13681,control,2026-03-15,0
13682,control,2026-03-11,1
13683,control,2026-03-12,1
13684,control,2026-03-05,1
13685,treatment,2026-03-10,1
13686,control,2026-03-15,0
13687,treatment,2026-03-10,0
13688,treatment,2026-03-04,0
13689,treatment,2026-03-07,1
13690,control,2026-03-14,0
13691,control,2026-03-13,0
13692,treatment,2026-03-13,0
13693,control,2026-03-02,0
13694,treatment,2026-03-04,1
13695,control,2026-03-04,0
13696,control,2026-03-08,0
13697,treatment,2026-03-14,1
13698,control,2026-03-14,0
13699,control,2026-03-07,0
13700,treatment,2026-03-09,0
13701,control,2026-03-14,1
13702,treatment,2026-03-09,0
13703,control,2026-03-07,1
13704,control,2026-03-13,0
13705,control,2026-03-07,0
13706,treatment,2026-03-08,0
13707,control,2026-03-13,0
13708,control,2026-03-14,0
13709,treatment,2026-03-03,0
13710,control,2026-03-05,0
13711,control,2026-03-09,0
13712,treatment,2026-03-07,0
13713,control,2026-03-04,0
13714,treatment,2026-03-07,1
13715,control,2026-03-04,1
13716,treatment,2026-03-09,0
13717,control,2026-03-06,1
13718,treatment,2026-03-06,1
13719,control,2026-03-06,0
13720,treatment,2026-03-06,0
13721,control,2026-03-12,1
13722,control,2026-03-07,0
13723,treatment,2026-03-08,0
13724,treatment,2026-03-08,0
13725,control,2026-03-08,0
13726,control,2026-03-05,1
13727,control,2026-03-03,0
13728,control,2026-03-05,0
13729,treatment,2026-03-13,1
13730,treatment,2026-03-10,0
13731,treatment,2026-03-06,1
13732,treatment,2026-03-14,1
13733,control,2026-03-04,1
13734,control,2026-03-04,0
13735,treatment,2026-03-15,1
13736,treatment,2026-03-07,1
13737,control,2026-03-15,0
13738,treatment,2026-03-14,1
13739,treatment,2026-03-15,1
13740,treatment,2026-03-02,0
13741,control,2026-03-04,1
13742,control,2026-03-02,0
13743,treatment,2026-03-09,0
13744,treatment,2026-03-15,0
13745,control,2026-03-04,0
13746,treatment,2026-03-05,0
13747,treatment,2026-03-10,0
13748,treatment,2026-03-14,1
13749,control,2026-03-11,0
13750,treatment,2026-03-07,0
13751,control,2026-03-14,0
13752,control,2026-03-06,0
13753,control,2026-03-12,0
13754,treatment,2026-03-05,0
13755,control,2026-03-06,0
13756,control,2026-03-11,0
13757,treatment,2026-03-10,0
13758,control,2026-03-06,0
13759,control,2026-03-07,1
13760,control,2026-03-11,0
13761,treatment,2026-03-10,1
13762,treatment,2026-03-07,0
13763,treatment,2026-03-05,0
13764,treatment,2026-03-13,0
13765,control,2026-03-13,1
13766,control,2026-03-10,0
13767,control,2026-03-02,0
13768,treatment,2026-03-03,1
13769,control,2026-03-02,0
13770,treatment,2026-03-07,1
13771,control,2026-03-10,0
13772,control,2026-03-12,1
13773,control,2026-03-13,1
13774,treatment,2026-03-09,1
13775,treatment,2026-03-04,0
13776,control,2026-03-06,0
13777,control,2026-03-06,1
13778,treatment,2026-03-05,1
13779,treatment,2026-03-08,0
13780,control,2026-03-02,0
13781,treatment,2026-03-05,1
13782,control,2026-03-15,1
13783,treatment,2026-03-10,0
13784,treatment,2026-03-04,0
13785,control,2026-03-13,0
13786,treatment,2026-03-06,0
13787,treatment,2026-03-06,1
13788,control,2026-03-12,1
13789,control,2026-03-09,0
13790,treatment,2026-03-13,0
13791,control,2026-03-11,0
13792,treatment,2026-03-06,1
13793,control,2026-03-05,0
13794,treatment,2026-03-14,1
13795,control,2026-03-04,0
13796,treatment,2026-03-04,0
13797,control,2026-03-06,1
13798,control,2026-03-13,0
13799,control,2026-03-12,0
13800,control,2026-03-07,0
13801,treatment,2026-03-07,0
13802,treatment,2026-03-07,0
13803,treatment,2026-03-08,0
13804,control,2026-03-02,1
13805,control,2026-03-15,0
13806,control,2026-03-03,1
13807,control,2026-03-07,1
13808,treatment,2026-03-10,0
13809,control,2026-03-06,0
13810,control,2026-03-12,1
13811,treatment,2026-03-06,1
13812,treatment,2026-03-15,0
13813,treatment,2026-03-08,1
13814,control,2026-03-06,1
13815,treatment,2026-03-09,0
13816,treatment,2026-03-08,1
13817,control,2026-03-10,0
13818,treatment,2026-03-05,0
13819,treatment,2026-03-06,0
13820,control,2026-03-08,1
13821,control,2026-03-12,1
13822,treatment,2026-03-02,1
13823,control,2026-03-13,0
13824,treatment,2026-03-08,0
13825,treatment,2026-03-04,1
13826,treatment,2026-03-08,0
13827,control,2026-03-10,0
13828,control,2026-03-09,0
13829,treatment,2026-03-05,1
13830,control,2026-03-15,0
13831,treatment,2026-03-04,0
13832,control,2026-03-12,0
13833,control,2026-03-06,0
13834,control,2026-03-15,0
13835,treatment,2026-03-08,0
13836,treatment,2026-03-05,1
13837,control,2026-03-14,0
13838,control,2026-03-03,0
13839,control,2026-03-08,0
13840,control,2026-03-02,0
13841,control,2026-03-07,0
13842,treatment,2026-03-02,1
13843,control,2026-03-02,0
13844,treatment,2026-03-04,0
13845,treatment,2026-03-09,1
13846,control,2026-03-02,0
13847,control,2026-03-07,0
13848,treatment,2026-03-12,0
13849,control,2026-03-07,0
13850,control,2026-03-09,0
13851,control,2026-03-11,0
13852,control,2026-03-13,0
13853,control,2026-03-03,1
13854,treatment,2026-03-15,1
13855,treatment,2026-03-03,1
13856,control,2026-03-13,0
13857,control,2026-03-15,0
13858,treatment,2026-03-07,0
13859,control,2026-03-09,0
13860,control,2026-03-03,1
13861,control,2026-03-03,0
13862,treatment,2026-03-05,0
13863,control,2026-03-09,0
13864,treatment,2026-03-04,1
13865,control,2026-03-08,0
13866,treatment,2026-03-04,0
13867,treatment,2026-03-04,1
13868,treatment,2026-03-08,1
13869,treatment,2026-03-14,0
13870,treatment,2026-03-09,0
13871,control,2026-03-14,1
13872,control,2026-03-15,0
13873,treatment,2026-03-09,1
13874,control,2026-03-06,1
13875,treatment,2026-03-09,0
13876,control,2026-03-08,0
13877,treatment,2026-03-11,0
13878,treatment,2026-03-03,1
13879,control,2026-03-06,1
13880,treatment,2026-03-05,0
13881,control,2026-03-04,1
13882,treatment,2026-03-05,1
13883,treatment,2026-03-02,1
13884,control,2026-03-12,0
13885,treatment,2026-03-10,1
13886,treatment,2026-03-13,1
13887,control,2026-03-12,0
13888,treatment,2026-03-13,0
13889,control,2026-03-14,0
13890,control,2026-03-04,0
13891,control,2026-03-12,1
13892,control,2026-03-10,0
13893,control,2026-03-04,1
13894,treatment,2026-03-03,1
13895,treatment,2026-03-15,1
13896,control,2026-03-14,1
13897,treatment,2026-03-03,1
13898,treatment,2026-03-06,1
13899,control,2026-03-10,1
13900,control,2026-03-12,0
13901,control,2026-03-11,1
13902,treatment,2026-03-09,0
13903,control,2026-03-11,1
13904,treatment,2026-03-13,1
13905,treatment,2026-03-03,0
13906,control,2026-03-10,0
13907,treatment,2026-03-04,0
13908,treatment,2026-03-09,1
13909,treatment,2026-03-09,1
13910,control,2026-03-07,1
13911,treatment,2026-03-12,0
13912,control,2026-03-11,0
13913,control,2026-03-08,1
13914,treatment,2026-03-09,0
13915,treatment,2026-03-03,0
13916,treatment,2026-03-15,0
13917,control,2026-03-09,0
13918,control,2026-03-07,0
13919,treatment,2026-03-10,0
13920,control,2026-03-07,0
13921,control,2026-03-12,0
13922,control,2026-03-11,0
13923,control,2026-03-04,1
13924,treatment,2026-03-07,0
13925,control,2026-03-13,1
13926,control,2026-03-11,1
13927,control,2026-03-08,0
13928,treatment,2026-03-11,1
13929,treatment,2026-03-07,1
13930,control,2026-03-09,0
13931,control,2026-03-12,0
13932,treatment,2026-03-10,0
13933,control,2026-03-04,0
13934,control,2026-03-10,1
13935,treatment,2026-03-07,0
13936,treatment,2026-03-02,1
13937,treatment,2026-03-14,0
13938,control,2026-03-02,1
13939,control,2026-03-09,1
13940,control,2026-03-15,0
13941,control,2026-03-05,0
13942,treatment,2026-03-12,0
13943,treatment,2026-03-08,0
13944,treatment,2026-03-11,0
13945,control,2026-03-07,0
13946,treatment,2026-03-04,0
13947,control,2026-03-04,1
13948,treatment,2026-03-10,0
13949,control,2026-03-09,0
13950,treatment,2026-03-09,0
13951,treatment,2026-03-09,0
13952,control,2026-03-03,1
13953,treatment,2026-03-05,1
13954,control,2026-03-06,0
13955,treatment,2026-03-02,0
13956,control,2026-03-13,1
13957,control,2026-03-04,1
13958,control,2026-03-13,0
13959,treatment,2026-03-07,1
13960,control,2026-03-06,0
13961,control,2026-03-05,1
13962,control,2026-03-06,0
13963,control,2026-03-10,0
13964,control,2026-03-07,0
13965,control,2026-03-14,1
13966,control,2026-03-06,1
13967,control,2026-03-15,0
13968,treatment,2026-03-07,0
13969,control,2026-03-05,0
13970,treatment,2026-03-03,1
13971,treatment,2026-03-13,0
13972,treatment,2026-03-09,1
13973,control,2026-03-10,0
13974,control,2026-03-12,0
13975,treatment,2026-03-03,0
13976,control,2026-03-11,0
13977,treatment,2026-03-14,1
13978,control,2026-03-15,1
13979,treatment,2026-03-12,0
13980,control,2026-03-02,1
13981,control,2026-03-03,1
13982,control,2026-03-12,1
13983,control,2026-03-11,1
13984,control,2026-03-09,0
13985,treatment,2026-03-04,0
13986,treatment,2026-03-11,1
13987,treatment,2026-03-14,1
13988,control,2026-03-07,0
13989,control,2026-03-14,0
13990,treatment,2026-03-07,1
13991,treatment,2026-03-15,1
13992,control,2026-03-12,1
13993,treatment,2026-03-15,0
13994,control,2026-03-12,0
13995,treatment,2026-03-06,0
13996,treatment,2026-03-03,0
13997,treatment,2026-03-05,1
13998,control,2026-03-08,0
13999,treatment,2026-03-08,0
14000,control,2026-03-02,1
14001,treatment,2026-03-10,0
14002,control,2026-03-06,1
14003,control,2026-03-09,0
14004,control,2026-03-07,1
14005,treatment,2026-03-10,0
14006,control,2026-03-15,0
14007,control,2026-03-02,0
14008,control,2026-03-11,1
14009,treatment,2026-03-13,0
14010,treatment,2026-03-15,1
14011,control,2026-03-15,1
14012,treatment,2026-03-12,0
14013,control,2026-03-11,0
14014,treatment,2026-03-12,1
14015,control,2026-03-15,0
14016,treatment,2026-03-04,0
14017,treatment,2026-03-09,0
14018,treatment,2026-03-02,0
14019,treatment,2026-03-04,0
14020,control,2026-03-12,0
14021,control,2026-03-13,0
14022,control,2026-03-12,0
14023,treatment,2026-03-03,1
14024,treatment,2026-03-02,1
14025,treatment,2026-03-12,0
14026,treatment,2026-03-14,1
14027,control,2026-03-08,1
14028,treatment,2026-03-14,0
14029,treatment,2026-03-03,0
14030,control,2026-03-13,0
14031,control,2026-03-06,0
14032,treatment,2026-03-04,0
14033,control,2026-03-09,0
14034,control,2026-03-05,1
14035,treatment,2026-03-12,1
14036,treatment,2026-03-04,1
14037,control,2026-03-09,1
14038,control,2026-03-14,0
14039,control,2026-03-03,0
14040,control,2026-03-13,1
14041,treatment,2026-03-03,0
14042,control,2026-03-09,0
14043,control,2026-03-11,0
14044,treatment,2026-03-12,0
14045,treatment,2026-03-15,1
14046,treatment,2026-03-14,0
14047,treatment,2026-03-13,0
14048,control,2026-03-12,1
14049,control,2026-03-06,1
14050,control,2026-03-04,0
14051,treatment,2026-03-03,0
14052,treatment,2026-03-09,1
14053,control,2026-03-05,0
14054,treatment,2026-03-03,0
14055,control,2026-03-05,1
14056,control,2026-03-02,1
14057,control,2026-03-07,0
14058,control,2026-03-08,0
14059,treatment,2026-03-12,0
14060,treatment,2026-03-10,0
14061,treatment,2026-03-04,0
14062,control,2026-03-14,0
14063,treatment,2026-03-13,1
14064,treatment,2026-03-06,0
14065,control,2026-03-09,1
14066,treatment,2026-03-14,0
14067,treatment,2026-03-12,1
14068,treatment,2026-03-06,0
14069,control,2026-03-04,0
14070,control,2026-03-07,1
14071,treatment,2026-03-10,1
14072,control,2026-03-06,1
14073,control,2026-03-15,0
14074,treatment,2026-03-04,0
14075,treatment,2026-03-12,1
14076,control,2026-03-04,0
14077,treatment,2026-03-11,0
14078,control,2026-03-06,0
14079,control,2026-03-02,0
14080,treatment,2026-03-12,0
14081,control,2026-03-07,0
14082,control,2026-03-07,0
14083,control,2026-03-14,1
14084,treatment,2026-03-11,0
14085,treatment,2026-03-11,0
14086,control,2026-03-15,0
14087,treatment,2026-03-06,1
14088,treatment,2026-03-03,0
14089,treatment,2026-03-13,0
14090,treatment,2026-03-14,0
14091,treatment,2026-03-03,0
14092,control,2026-03-08,1
14093,control,2026-03-10,0
14094,treatment,2026-03-05,1
14095,control,2026-03-10,0
14096,control,2026-03-05,1
14097,treatment,2026-03-09,0
14098,control,2026-03-07,1
14099,treatment,2026-03-12,0
14100,control,2026-03-13,0
14101,control,2026-03-05,0
14102,treatment,2026-03-11,0
14103,treatment,2026-03-02,0
14104,control,2026-03-11,0
14105,treatment,2026-03-10,0
14106,control,2026-03-06,0
14107,control,2026-03-07,0
14108,treatment,2026-03-03,0
14109,treatment,2026-03-07,1
14110,control,2026-03-12,0
14111,treatment,2026-03-09,0
14112,control,2026-03-07,1
14113,control,2026-03-10,0
14114,control,2026-03-03,1
14115,treatment,2026-03-12,0
14116,control,2026-03-14,1
14117,control,2026-03-10,0
14118,control,2026-03-11,0
14119,treatment,2026-03-09,1
14120,control,2026-03-15,1
14121,control,2026-03-15,0
14122,control,2026-03-10,0
14123,treatment,2026-03-07,0
14124,control,2026-03-15,1
14125,treatment,2026-03-07,0
14126,control,2026-03-04,1
14127,treatment,2026-03-11,0
14128,control,2026-03-07,1
14129,treatment,2026-03-11,1
14130,control,2026-03-05,0
14131,control,2026-03-04,1
14132,treatment,2026-03-08,0
14133,control,2026-03-15,0
14134,treatment,2026-03-04,0
14135,treatment,2026-03-08,1
14136,treatment,2026-03-13,1
14137,control,2026-03-10,0
14138,control,2026-03-08,0
14139,control,2026-03-09,1
14140,treatment,2026-03-02,1
14141,control,2026-03-08,0
14142,treatment,2026-03-13,0
14143,treatment,2026-03-02,0
14144,control,2026-03-10,1
14145,treatment,2026-03-11,1
14146,control,2026-03-15,0
14147,control,2026-03-10,0
14148,control,2026-03-02,0
14149,treatment,2026-03-10,0
14150,control,2026-03-11,1
14151,control,2026-03-03,0
14152,treatment,2026-03-15,0
14153,treatment,2026-03-08,0
14154,treatment,2026-03-04,1
14155,control,2026-03-07,0
14156,treatment,2026-03-07,1
14157,treatment,2026-03-02,0
14158,control,2026-03-14,0
14159,control,2026-03-05,1
14160,control,2026-03-12,0
14161,control,2026-03-05,1
14162,control,2026-03-04,0
14163,treatment,2026-03-06,0
14164,control,2026-03-08,1
14165,control,2026-03-06,0
14166,control,2026-03-10,0
14167,control,2026-03-10,0
14168,treatment,2026-03-08,0
14169,control,2026-03-04,0
14170,control,2026-03-09,1
14171,control,2026-03-07,0
14172,control,2026-03-08,1
14173,control,2026-03-08,0
14174,treatment,2026-03-13,1
14175,treatment,2026-03-05,0
14176,control,2026-03-02,1
14177,control,2026-03-13,0
14178,control,2026-03-05,0
14179,control,2026-03-09,0
14180,control,2026-03-08,1
14181,control,2026-03-10,0
14182,treatment,2026-03-05,0
14183,treatment,2026-03-15,1
14184,treatment,2026-03-13,1
14185,control,2026-03-08,0
14186,treatment,2026-03-04,1
14187,control,2026-03-04,0
14188,control,2026-03-12,0
14189,treatment,2026-03-03,0
14190,control,2026-03-15,0
14191,control,2026-03-06,1
14192,treatment,2026-03-14,1
14193,treatment,2026-03-14,0
14194,treatment,2026-03-10,0
14195,control,2026-03-05,0
14196,treatment,2026-03-06,1
14197,treatment,2026-03-08,1
14198,control,2026-03-08,1
14199,treatment,2026-03-10,0
14200,control,2026-03-05,0
14201,treatment,2026-03-06,0
14202,control,2026-03-08,1
14203,control,2026-03-09,1
14204,control,2026-03-14,1
14205,treatment,2026-03-04,1
14206,control,2026-03-05,0
14207,control,2026-03-08,0
14208,control,2026-03-09,0
14209,treatment,2026-03-09,0
14210,control,2026-03-06,1
14211,treatment,2026-03-06,1
14212,control,2026-03-13,0
14213,control,2026-03-13,0
14214,treatment,2026-03-03,1
14215,control,2026-03-15,0
14216,treatment,2026-03-13,1
14217,treatment,2026-03-13,1
14218,control,2026-03-03,0
14219,control,2026-03-13,0
14220,treatment,2026-03-07,0
14221,treatment,2026-03-05,0
14222,control,2026-03-05,0
14223,control,2026-03-08,1
14224,control,2026-03-08,0
14225,treatment,2026-03-04,1
14226,control,2026-03-09,0
14227,control,2026-03-06,0
14228,control,2026-03-06,0
14229,treatment,2026-03-04,1
14230,control,2026-03-09,0
14231,control,2026-03-08,1
14232,treatment,2026-03-11,1
14233,treatment,2026-03-07,0
14234,treatment,2026-03-13,0
14235,control,2026-03-02,0
14236,control,2026-03-06,1
14237,treatment,2026-03-13,0
14238,control,2026-03-14,0
14239,control,2026-03-02,0
14240,treatment,2026-03-10,0
14241,treatment,2026-03-03,0
14242,treatment,2026-03-10,1
14243,treatment,2026-03-02,0
14244,control,2026-03-03,0
14245,treatment,2026-03-05,0
14246,control,2026-03-07,1
14247,control,2026-03-08,1
14248,treatment,2026-03-10,0
14249,control,2026-03-13,0
14250,control,2026-03-13,1
14251,control,2026-03-06,1
14252,treatment,2026-03-02,0
14253,control,2026-03-06,1
14254,treatment,2026-03-05,0
14255,control,2026-03-03,0
14256,treatment,2026-03-06,1
14257,control,2026-03-06,0
14258,control,2026-03-06,0
14259,control,2026-03-14,0
14260,treatment,2026-03-03,1
14261,treatment,2026-03-10,0
14262,control,2026-03-03,0
14263,treatment,2026-03-06,0
14264,control,2026-03-06,0
14265,control,2026-03-13,0
14266,control,2026-03-04,0
14267,control,2026-03-06,0
14268,treatment,2026-03-10,0
14269,control,2026-03-07,0
14270,control,2026-03-03,0
14271,treatment,2026-03-07,0
14272,treatment,2026-03-14,1
14273,treatment,2026-03-13,0
14274,treatment,2026-03-11,0
14275,treatment,2026-03-15,0
14276,control,2026-03-06,1
14277,control,2026-03-06,0
14278,treatment,2026-03-08,0
14279,treatment,2026-03-15,0
14280,control,2026-03-06,0
14281,control,2026-03-09,0
14282,treatment,2026-03-06,1
14283,control,2026-03-09,1
14284,treatment,2026-03-07,1
14285,control,2026-03-05,0
14286,treatment,2026-03-14,1
14287,treatment,2026-03-02,1
14288,treatment,2026-03-09,1
14289,treatment,2026-03-09,0
14290,treatment,2026-03-11,0
14291,control,2026-03-14,0
14292,treatment,2026-03-07,0
14293,control,2026-03-13,1
14294,control,2026-03-11,0
14295,treatment,2026-03-11,0
14296,treatment,2026-03-07,1
14297,treatment,2026-03-08,0
14298,treatment,2026-03-03,0
14299,treatment,2026-03-09,1
14300,control,2026-03-07,0
14301,control,2026-03-15,0
14302,treatment,2026-03-11,0
14303,treatment,2026-03-09,0
14304,treatment,2026-03-07,0
14305,treatment,2026-03-12,0
14306,control,2026-03-14,1
14307,treatment,2026-03-04,0
14308,control,2026-03-08,1
14309,treatment,2026-03-03,0
14310,control,2026-03-12,1
14311,treatment,2026-03-10,0
14312,control,2026-03-13,0
14313,control,2026-03-09,0
14314,control,2026-03-08,0
14315,control,2026-03-09,1
14316,treatment,2026-03-14,1
14317,treatment,2026-03-08,0
14318,treatment,2026-03-08,0
14319,treatment,2026-03-03,0
14320,control,2026-03-05,0
14321,control,2026-03-09,1
14322,treatment,2026-03-03,0
14323,control,2026-03-06,0
14324,control,2026-03-13,0
14325,control,2026-03-07,0
14326,treatment,2026-03-06,1
14327,treatment,2026-03-09,0
14328,control,2026-03-04,0
14329,treatment,2026-03-04,1
14330,control,2026-03-07,0
14331,control,2026-03-04,1
14332,treatment,2026-03-13,0
14333,control,2026-03-14,1
14334,control,2026-03-07,0
14335,treatment,2026-03-04,1
14336,control,2026-03-09,0
14337,control,2026-03-03,0
14338,treatment,2026-03-05,1
14339,treatment,2026-03-07,1
14340,treatment,2026-03-07,1
14341,control,2026-03-15,0
14342,control,2026-03-07,0
14343,control,2026-03-11,0
14344,control,2026-03-04,0
14345,treatment,2026-03-05,1
14346,control,2026-03-11,0
14347,control,2026-03-14,0
14348,control,2026-03-08,0
14349,control,2026-03-04,0
14350,treatment,2026-03-04,0
14351,treatment,2026-03-14,1
14352,control,2026-03-07,0
14353,treatment,2026-03-15,0
14354,treatment,2026-03-10,1
14355,control,2026-03-14,1
14356,control,2026-03-13,1
14357,control,2026-03-09,1
14358,control,2026-03-14,1
14359,control,2026-03-09,1
14360,treatment,2026-03-06,0
14361,treatment,2026-03-14,1
14362,control,2026-03-15,0
14363,treatment,2026-03-02,0
14364,control,2026-03-02,0
14365,control,2026-03-05,1
14366,control,2026-03-08,0
14367,control,2026-03-09,0
14368,treatment,2026-03-09,0
14369,treatment,2026-03-04,1
14370,control,2026-03-08,0
14371,treatment,2026-03-04,1
14372,treatment,2026-03-11,0
14373,treatment,2026-03-07,1
14374,control,2026-03-14,0
14375,control,2026-03-13,1
14376,control,2026-03-03,0
14377,treatment,2026-03-15,0
14378,treatment,2026-03-04,0
14379,treatment,2026-03-15,0
14380,treatment,2026-03-03,1
14381,treatment,2026-03-02,0
14382,control,2026-03-07,0
14383,control,2026-03-07,0
14384,control,2026-03-10,0
14385,treatment,2026-03-14,0
14386,control,2026-03-06,1
14387,treatment,2026-03-07,0
14388,control,2026-03-06,0
14389,control,2026-03-03,0
14390,control,2026-03-11,1
14391,treatment,2026-03-07,0
14392,control,2026-03-06,0
14393,treatment,2026-03-15,0
14394,treatment,2026-03-05,1
14395,control,2026-03-02,1
14396,control,2026-03-13,1
14397,treatment,2026-03-09,0
14398,treatment,2026-03-15,0
14399,treatment,2026-03-13,1
14400,control,2026-03-13,0
14401,control,2026-03-11,0
14402,treatment,2026-03-09,0
14403,control,2026-03-11,0
14404,treatment,2026-03-04,1
14405,treatment,2026-03-15,0
14406,control,2026-03-14,0
14407,control,2026-03-10,1
14408,control,2026-03-09,0
14409,control,2026-03-06,0
14410,treatment,2026-03-02,0
14411,control,2026-03-07,0
14412,control,2026-03-07,1
14413,treatment,2026-03-14,1
14414,control,2026-03-10,1
14415,treatment,2026-03-03,1
14416,treatment,2026-03-04,0
14417,control,2026-03-09,0
14418,treatment,2026-03-15,1
14419,treatment,2026-03-11,1
14420,control,2026-03-06,0
14421,control,2026-03-11,0
14422,treatment,2026-03-15,0
14423,treatment,2026-03-08,0
14424,control,2026-03-02,0
14425,control,2026-03-09,1
14426,control,2026-03-07,1
14427,treatment,2026-03-06,1
14428,treatment,2026-03-05,0
14429,treatment,2026-03-07,0
14430,treatment,2026-03-09,0
14431,control,2026-03-11,1
14432,treatment,2026-03-07,0
14433,control,2026-03-03,0
14434,control,2026-03-14,0
14435,treatment,2026-03-11,0
14436,control,2026-03-12,0
14437,control,2026-03-10,1
14438,treatment,2026-03-11,1
14439,control,2026-03-02,0
14440,control,2026-03-08,0
14441,control,2026-03-15,1
14442,control,2026-03-06,0
14443,treatment,2026-03-08,0
14444,treatment,2026-03-13,1
14445,treatment,2026-03-14,1
14446,control,2026-03-12,0
14447,treatment,2026-03-10,1
14448,control,2026-03-08,0
14449,treatment,2026-03-09,0
14450,treatment,2026-03-07,1
14451,control,2026-03-13,0
14452,treatment,2026-03-08,1
14453,treatment,2026-03-14,1
14454,control,2026-03-14,0
14455,control,2026-03-08,0
14456,treatment,2026-03-04,0
14457,treatment,2026-03-12,1
14458,control,2026-03-08,0
14459,control,2026-03-14,1
14460,treatment,2026-03-09,0
14461,control,2026-03-08,0
14462,treatment,2026-03-15,0
14463,control,2026-03-02,0
14464,treatment,2026-03-10,0
14465,control,2026-03-15,1
14466,treatment,2026-03-12,0
14467,control,2026-03-12,0
14468,treatment,2026-03-15,0
14469,treatment,2026-03-11,1
14470,treatment,2026-03-09,0
14471,control,2026-03-03,0
14472,control,2026-03-12,0
14473,control,2026-03-07,0
14474,treatment,2026-03-04,0
14475,treatment,2026-03-13,1
14476,control,2026-03-10,0
14477,control,2026-03-11,0
14478,control,2026-03-06,0
14479,treatment,2026-03-13,0
14480,control,2026-03-12,0
14481,control,2026-03-11,0
14482,treatment,2026-03-08,1
14483,treatment,2026-03-03,0
14484,control,2026-03-09,1
14485,control,2026-03-07,1
14486,treatment,2026-03-05,0
14487,control,2026-03-13,0
14488,treatment,2026-03-02,0
14489,treatment,2026-03-10,0
14490,control,2026-03-06,0
14491,treatment,2026-03-04,0
14492,treatment,2026-03-09,0
14493,control,2026-03-08,1
14494,control,2026-03-09,0
14495,treatment,2026-03-14,0
14496,control,2026-03-10,0
14497,control,2026-03-02,0
14498,control,2026-03-12,0
14499,control,2026-03-05,0
14500,treatment,2026-03-06,1
14501,control,2026-03-13,0
14502,treatment,2026-03-10,0
14503,treatment,2026-03-10,0
14504,control,2026-03-07,0
14505,control,2026-03-12,1
14506,control,2026-03-09,0
14507,control,2026-03-04,1
14508,treatment,2026-03-14,1
14509,treatment,2026-03-15,0
14510,treatment,2026-03-10,0
14511,control,2026-03-09,0
14512,control,2026-03-12,0
14513,control,2026-03-05,1
14514,treatment,2026-03-02,1
14515,treatment,2026-03-08,1
14516,treatment,2026-03-02,0
14517,control,2026-03-03,1
14518,treatment,2026-03-09,0
14519,treatment,2026-03-04,0
14520,treatment,2026-03-14,1
14521,treatment,2026-03-11,0
14522,treatment,2026-03-13,1
14523,treatment,2026-03-12,0
14524,treatment,2026-03-11,1
14525,control,2026-03-02,0
14526,treatment,2026-03-03,0
14527,treatment,2026-03-14,0
14528,control,2026-03-10,1
14529,control,2026-03-10,0
14530,control,2026-03-02,0
14531,treatment,2026-03-02,0
14532,treatment,2026-03-05,1
14533,treatment,2026-03-14,0
14534,control,2026-03-03,1
14535,control,2026-03-15,0
14536,control,2026-03-04,1
14537,treatment,2026-03-13,0
14538,control,2026-03-03,1
14539,control,2026-03-07,0
14540,control,2026-03-10,1
14541,control,2026-03-09,1
14542,treatment,2026-03-07,0
14543,treatment,2026-03-15,0
14544,treatment,2026-03-15,1
14545,treatment,2026-03-07,1
14546,control,2026-03-08,0
14547,control,2026-03-11,0
14548,control,2026-03-13,1
14549,treatment,2026-03-14,0
14550,treatment,2026-03-08,0
14551,treatment,2026-03-11,0
14552,treatment,2026-03-13,0
14553,treatment,2026-03-03,0
14554,treatment,2026-03-05,0
14555,control,2026-03-07,0
14556,control,2026-03-03,0
14557,control,2026-03-15,1
14558,control,2026-03-02,0
14559,control,2026-03-15,0
14560,control,2026-03-12,0
14561,treatment,2026-03-15,0
14562,control,2026-03-04,1
14563,control,2026-03-13,0
14564,control,2026-03-08,0
14565,control,2026-03-12,0
14566,control,2026-03-15,0
14567,control,2026-03-08,0
14568,treatment,2026-03-04,0
14569,control,2026-03-09,1
14570,control,2026-03-15,0
14571,treatment,2026-03-04,0
14572,treatment,2026-03-13,0
14573,treatment,2026-03-13,1
14574,control,2026-03-03,1
14575,control,2026-03-09,0
14576,treatment,2026-03-03,0
14577,control,2026-03-09,0
14578,control,2026-03-14,1
14579,control,2026-03-15,0
14580,treatment,2026-03-12,0
14581,control,2026-03-06,0
14582,treatment,2026-03-02,0
14583,control,2026-03-04,0
14584,treatment,2026-03-13,0
14585,control,2026-03-12,0
14586,control,2026-03-12,1
14587,control,2026-03-14,1
14588,control,2026-03-03,0
14589,control,2026-03-06,0
14590,treatment,2026-03-02,1
14591,control,2026-03-08,0
14592,treatment,2026-03-03,0
14593,control,2026-03-11,0
14594,treatment,2026-03-06,0
14595,treatment,2026-03-04,1
14596,control,2026-03-14,1
14597,control,2026-03-14,0
14598,treatment,2026-03-05,1
14599,treatment,2026-03-09,1
14600,treatment,2026-03-04,1
14601,control,2026-03-09,1
14602,control,2026-03-03,1
14603,treatment,2026-03-12,1
14604,control,2026-03-08,1
14605,treatment,2026-03-15,0
14606,control,2026-03-07,0
14607,control,2026-03-07,1
14608,control,2026-03-06,0
14609,control,2026-03-12,1
14610,control,2026-03-08,0
14611,treatment,2026-03-06,1
14612,treatment,2026-03-02,1
14613,control,2026-03-03,0
14614,treatment,2026-03-12,0
14615,control,2026-03-10,0
14616,treatment,2026-03-09,0
14617,control,2026-03-09,0
14618,control,2026-03-13,0
14619,control,2026-03-10,0
14620,control,2026-03-10,1
14621,treatment,2026-03-08,1
14622,control,2026-03-03,1
14623,treatment,2026-03-02,0
14624,control,2026-03-08,0
14625,treatment,2026-03-03,1
14626,treatment,2026-03-06,0
14627,treatment,2026-03-08,0
14628,control,2026-03-13,0
14629,control,2026-03-08,1
14630,control,2026-03-11,0
14631,control,2026-03-03,0
14632,treatment,2026-03-09,0
14633,control,2026-03-14,1
14634,control,2026-03-12,0
14635,treatment,2026-03-14,1
14636,treatment,2026-03-05,0
14637,control,2026-03-07,1
14638,control,2026-03-02,0
14639,control,2026-03-09,0
14640,control,2026-03-09,0
14641,treatment,2026-03-07,1
14642,treatment,2026-03-11,1
14643,treatment,2026-03-12,1
14644,control,2026-03-02,1
14645,control,2026-03-09,0
14646,control,2026-03-05,0
14647,control,2026-03-05,0
14648,control,2026-03-14,1
14649,control,2026-03-12,1
14650,treatment,2026-03-13,0
14651,treatment,2026-03-11,0
14652,treatment,2026-03-06,1
14653,treatment,2026-03-02,0
14654,treatment,2026-03-11,1
14655,control,2026-03-15,0
14656,control,2026-03-09,0
14657,control,2026-03-06,1
14658,treatment,2026-03-05,0
14659,control,2026-03-14,1
14660,treatment,2026-03-12,0
14661,control,2026-03-07,0
14662,control,2026-03-12,0
14663,treatment,2026-03-07,0
14664,treatment,2026-03-12,0
14665,control,2026-03-15,1
14666,treatment,2026-03-15,1
14667,control,2026-03-08,1
14668,treatment,2026-03-10,1
14669,treatment,2026-03-06,0
14670,treatment,2026-03-09,0
14671,control,2026-03-09,0
14672,control,2026-03-13,0
14673,control,2026-03-05,0
14674,treatment,2026-03-12,0
14675,control,2026-03-15,0
14676,treatment,2026-03-03,0
14677,treatment,2026-03-04,0
14678,treatment,2026-03-04,1
14679,treatment,2026-03-07,0
14680,treatment,2026-03-09,0
14681,treatment,2026-03-09,1
14682,treatment,2026-03-05,1
14683,control,2026-03-14,0
14684,treatment,2026-03-12,0
14685,treatment,2026-03-07,0
14686,control,2026-03-10,0
14687,treatment,2026-03-10,1
14688,treatment,2026-03-09,0
14689,treatment,2026-03-14,0
14690,treatment,2026-03-02,1
14691,control,2026-03-15,1
14692,treatment,2026-03-03,0
14693,treatment,2026-03-06,0
14694,treatment,2026-03-11,0
14695,treatment,2026-03-04,0
14696,treatment,2026-03-13,1
14697,control,2026-03-05,0
14698,treatment,2026-03-15,1
14699,treatment,2026-03-02,1
14700,treatment,2026-03-10,0
14701,control,2026-03-02,1
14702,control,2026-03-10,0
14703,treatment,2026-03-11,0
14704,control,2026-03-10,1
14705,control,2026-03-10,0
14706,control,2026-03-10,0
14707,treatment,2026-03-03,1
14708,treatment,2026-03-03,1
14709,treatment,2026-03-05,0
14710,treatment,2026-03-03,0
14711,control,2026-03-14,0
14712,control,2026-03-09,1
14713,control,2026-03-11,0
14714,control,2026-03-13,1
14715,control,2026-03-15,1
14716,treatment,2026-03-04,0
14717,control,2026-03-05,0
14718,treatment,2026-03-10,0
14719,control,2026-03-06,0
14720,control,2026-03-10,1
14721,treatment,2026-03-08,1
14722,treatment,2026-03-08,1
14723,treatment,2026-03-05,0
14724,control,2026-03-15,1
14725,control,2026-03-06,0
14726,treatment,2026-03-06,0
14727,treatment,2026-03-03,0
14728,treatment,2026-03-11,0
14729,control,2026-03-06,0
14730,control,2026-03-05,0
14731,control,2026-03-10,0
14732,treatment,2026-03-02,0
14733,control,2026-03-09,1
14734,control,2026-03-12,0
14735,control,2026-03-02,0
14736,control,2026-03-11,1
14737,control,2026-03-02,0
14738,control,2026-03-07,0
14739,control,2026-03-07,1
14740,control,2026-03-12,1
14741,treatment,2026-03-08,0
14742,treatment,2026-03-09,1
14743,treatment,2026-03-05,0
14744,treatment,2026-03-10,0
14745,control,2026-03-11,0
14746,treatment,2026-03-13,1
14747,treatment,2026-03-08,0
14748,control,2026-03-03,0
14749,control,2026-03-02,0
14750,treatment,2026-03-05,1
14751,treatment,2026-03-11,1
14752,control,2026-03-07,1
14753,control,2026-03-07,0
14754,control,2026-03-09,0
14755,treatment,2026-03-14,0
14756,control,2026-03-05,0
14757,treatment,2026-03-09,1
14758,treatment,2026-03-09,0
14759,control,2026-03-05,0
14760,control,2026-03-15,0
14761,control,2026-03-04,1
14762,control,2026-03-03,1
14763,control,2026-03-05,0
14764,control,2026-03-06,0
14765,treatment,2026-03-13,1
14766,control,2026-03-04,1
14767,control,2026-03-10,0
14768,treatment,2026-03-05,1
14769,control,2026-03-13,0
14770,control,2026-03-11,0
14771,control,2026-03-02,1
14772,treatment,2026-03-06,0
14773,control,2026-03-04,1
14774,control,2026-03-04,0
14775,treatment,2026-03-03,0
14776,treatment,2026-03-12,0
14777,treatment,2026-03-14,0
14778,control,2026-03-09,0
14779,control,2026-03-04,0
14780,treatment,2026-03-11,0
14781,control,2026-03-14,0
14782,control,2026-03-12,0
14783,treatment,2026-03-13,1
14784,treatment,2026-03-08,0
14785,control,2026-03-12,0
14786,control,2026-03-11,1
14787,control,2026-03-11,0
14788,treatment,2026-03-09,1
14789,treatment,2026-03-13,1
14790,treatment,2026-03-07,1
14791,treatment,2026-03-02,0
14792,control,2026-03-09,1
14793,control,2026-03-02,0
14794,treatment,2026-03-06,0
14795,treatment,2026-03-04,0
14796,treatment,2026-03-05,1
14797,treatment,2026-03-11,0
14798,treatment,2026-03-02,0
14799,control,2026-03-14,0
14800,control,2026-03-05,0
14801,treatment,2026-03-15,0
14802,control,2026-03-11,1
14803,control,2026-03-05,0
14804,control,2026-03-09,0
14805,treatment,2026-03-13,0
14806,treatment,2026-03-05,1
14807,control,2026-03-03,1
14808,control,2026-03-12,0
14809,control,2026-03-12,0
14810,control,2026-03-13,0
14811,treatment,2026-03-06,0
14812,control,2026-03-13,1
14813,treatment,2026-03-03,0
14814,treatment,2026-03-04,1
14815,control,2026-03-08,0
14816,control,2026-03-13,1
14817,control,2026-03-13,0
14818,treatment,2026-03-05,0
14819,control,2026-03-03,1
14820,control,2026-03-09,0
14821,treatment,2026-03-14,0
14822,control,2026-03-03,0
14823,control,2026-03-14,0
14824,treatment,2026-03-13,0
14825,control,2026-03-09,0
14826,control,2026-03-09,0
14827,treatment,2026-03-12,0
14828,treatment,2026-03-06,0
14829,control,2026-03-06,0
14830,control,2026-03-04,1
14831,control,2026-03-12,0
14832,control,2026-03-11,0
14833,control,2026-03-11,0
14834,treatment,2026-03-08,1
14835,treatment,2026-03-13,1
14836,treatment,2026-03-08,0
14837,control,2026-03-15,1
14838,treatment,2026-03-02,1
14839,treatment,2026-03-13,0
14840,treatment,2026-03-08,1
14841,control,2026-03-15,0
14842,treatment,2026-03-10,0
14843,control,2026-03-07,0
14844,control,2026-03-06,0
14845,treatment,2026-03-11,0
14846,control,2026-03-03,1
14847,treatment,2026-03-05,0
14848,control,2026-03-11,0
14849,treatment,2026-03-07,0
14850,control,2026-03-04,0
14851,treatment,2026-03-09,1
14852,treatment,2026-03-10,1
14853,control,2026-03-09,0
14854,control,2026-03-12,1
14855,treatment,2026-03-12,0
14856,control,2026-03-02,0
14857,treatment,2026-03-04,0
14858,treatment,2026-03-05,1
14859,treatment,2026-03-04,0
14860,control,2026-03-05,0
14861,treatment,2026-03-05,1
14862,treatment,2026-03-04,1
14863,treatment,2026-03-12,0
14864,control,2026-03-12,0
14865,control,2026-03-10,0
14866,control,2026-03-06,0
14867,treatment,2026-03-07,0
14868,control,2026-03-09,0
14869,treatment,2026-03-04,0
14870,control,2026-03-03,0
14871,control,2026-03-14,1
14872,control,2026-03-06,0
14873,treatment,2026-03-12,0
14874,control,2026-03-03,1
14875,treatment,2026-03-10,1
14876,treatment,2026-03-02,1
14877,control,2026-03-04,0
14878,treatment,2026-03-08,0
14879,control,2026-03-10,0
14880,treatment,2026-03-15,1
14881,treatment,2026-03-05,1
14882,treatment,2026-03-13,0
14883,treatment,2026-03-10,0
14884,control,2026-03-02,0
14885,treatment,2026-03-04,0
14886,control,2026-03-06,1
14887,control,2026-03-03,0
14888,control,2026-03-05,0
14889,treatment,2026-03-05,0
14890,treatment,2026-03-05,0
14891,treatment,2026-03-15,0
14892,control,2026-03-10,1
14893,treatment,2026-03-03,0
14894,control,2026-03-07,1
14895,treatment,2026-03-09,0
14896,control,2026-03-08,1
14897,control,2026-03-11,0
14898,treatment,2026-03-07,0
14899,treatment,2026-03-02,0
14900,treatment,2026-03-15,1
14901,treatment,2026-03-10,1
14902,treatment,2026-03-02,0
14903,control,2026-03-05,0
14904,treatment,2026-03-15,1
14905,treatment,2026-03-04,0
14906,treatment,2026-03-12,1
14907,control,2026-03-07,0
14908,treatment,2026-03-06,0
14909,treatment,2026-03-02,0
14910,treatment,2026-03-09,1
14911,treatment,2026-03-04,0
14912,treatment,2026-03-04,0
14913,control,2026-03-11,1
14914,treatment,2026-03-03,0
14915,control,2026-03-05,0
14916,control,2026-03-04,0
14917,control,2026-03-09,1
14918,treatment,2026-03-14,1
14919,treatment,2026-03-12,0
14920,control,2026-03-09,0
14921,treatment,2026-03-06,1
14922,treatment,2026-03-14,1
14923,treatment,2026-03-07,0
14924,treatment,2026-03-04,1
14925,control,2026-03-10,0
14926,treatment,2026-03-04,0
14927,treatment,2026-03-04,1
14928,treatment,2026-03-07,0
14929,treatment,2026-03-08,0
14930,control,2026-03-12,1
14931,treatment,2026-03-12,1
14932,treatment,2026-03-13,0
14933,control,2026-03-04,0
14934,control,2026-03-09,0
14935,control,2026-03-13,0
14936,treatment,2026-03-09,0
14937,control,2026-03-05,0
14938,control,2026-03-05,0
14939,treatment,2026-03-06,0
14940,control,2026-03-04,0
14941,control,2026-03-04,0
14942,treatment,2026-03-08,0
14943,treatment,2026-03-11,0
14944,treatment,2026-03-02,1
14945,treatment,2026-03-15,1
14946,control,2026-03-11,0
14947,treatment,2026-03-05,1
14948,treatment,2026-03-04,0
14949,treatment,2026-03-07,0
14950,treatment,2026-03-09,0
14951,treatment,2026-03-03,0
14952,control,2026-03-09,0
14953,control,2026-03-03,0
14954,control,2026-03-09,0
14955,control,2026-03-15,1
14956,control,2026-03-04,0
14957,treatment,2026-03-02,0
14958,control,2026-03-12,0
14959,treatment,2026-03-11,0
14960,treatment,2026-03-11,1
14961,treatment,2026-03-07,0
14962,treatment,2026-03-12,1
14963,control,2026-03-10,0
14964,treatment,2026-03-15,1
14965,treatment,2026-03-02,1
14966,treatment,2026-03-05,0
14967,treatment,2026-03-04,0
14968,control,2026-03-10,0
14969,control,2026-03-09,0
14970,treatment,2026-03-13,1
14971,treatment,2026-03-05,1
14972,control,2026-03-02,1
14973,control,2026-03-03,1
14974,control,2026-03-02,0
14975,treatment,2026-03-07,1
14976,control,2026-03-07,0
14977,treatment,2026-03-14,0
14978,treatment,2026-03-11,1
14979,control,2026-03-13,1
14980,treatment,2026-03-11,1
14981,control,2026-03-03,0
14982,treatment,2026-03-06,0
14983,control,2026-03-07,0
14984,treatment,2026-03-09,1
14985,control,2026-03-04,1
14986,treatment,2026-03-04,1
14987,control,2026-03-15,1
14988,control,2026-03-12,0
14989,treatment,2026-03-10,0
14990,control,2026-03-12,0
14991,control,2026-03-14,0
14992,control,2026-03-10,0
14993,treatment,2026-03-06,0
14994,control,2026-03-13,0
14995,treatment,2026-03-11,1
14996,treatment,2026-03-08,1
14997,treatment,2026-03-14,1
14998,control,2026-03-06,0
14999,treatment,2026-03-09,1
15000,treatment,2026-03-07,0
15001,treatment,2026-03-13,1
15002,control,2026-03-07,1
15003,control,2026-03-04,0
15004,control,2026-03-12,1
15005,control,2026-03-15,1
15006,treatment,2026-03-03,0
15007,treatment,2026-03-14,0
15008,treatment,2026-03-11,0
15009,control,2026-03-06,1
15010,control,2026-03-12,1
15011,control,2026-03-09,0
15012,treatment,2026-03-11,0
15013,treatment,2026-03-02,0
15014,treatment,2026-03-07,1
15015,control,2026-03-11,0
15016,control,2026-03-11,0
15017,treatment,2026-03-06,0
15018,treatment,2026-03-06,0
15019,control,2026-03-15,0
15020,control,2026-03-06,1
15021,treatment,2026-03-15,0
15022,treatment,2026-03-15,1
15023,control,2026-03-06,0
15024,control,2026-03-09,1
15025,control,2026-03-07,1
15026,treatment,2026-03-09,1
15027,control,2026-03-12,0
15028,control,2026-03-11,0
15029,control,2026-03-13,0
15030,control,2026-03-12,0
15031,treatment,2026-03-11,1
15032,control,2026-03-03,0
15033,control,2026-03-08,0
15034,treatment,2026-03-07,0
15035,treatment,2026-03-09,1
15036,control,2026-03-05,0
15037,control,2026-03-02,0
15038,control,2026-03-08,1
15039,treatment,2026-03-09,1
15040,control,2026-03-03,1
15041,treatment,2026-03-02,0
15042,control,2026-03-05,0
15043,treatment,2026-03-09,0
15044,treatment,2026-03-09,1
15045,control,2026-03-07,1
15046,treatment,2026-03-05,1
15047,control,2026-03-15,1
15048,control,2026-03-07,0
15049,treatment,2026-03-03,0
15050,control,2026-03-11,0
15051,treatment,2026-03-03,0
15052,treatment,2026-03-08,0
15053,control,2026-03-09,0
15054,control,2026-03-05,1
15055,control,2026-03-09,0
15056,treatment,2026-03-11,0
15057,treatment,2026-03-02,0
15058,treatment,2026-03-05,0
15059,control,2026-03-09,1
15060,control,2026-03-05,0
15061,control,2026-03-03,1
15062,treatment,2026-03-08,0
15063,treatment,2026-03-08,1
15064,control,2026-03-10,0
15065,control,2026-03-05,1
15066,control,2026-03-09,1
15067,treatment,2026-03-06,0
15068,control,2026-03-10,1
15069,treatment,2026-03-06,0
15070,treatment,2026-03-14,0
15071,treatment,2026-03-10,0
15072,control,2026-03-11,0
15073,treatment,2026-03-08,0
15074,control,2026-03-14,0
15075,treatment,2026-03-14,0
15076,treatment,2026-03-08,0
15077,control,2026-03-03,1
15078,treatment,2026-03-10,0
15079,treatment,2026-03-03,0
15080,treatment,2026-03-15,0
15081,control,2026-03-04,1
15082,treatment,2026-03-12,0
15083,treatment,2026-03-07,1
15084,treatment,2026-03-15,1
15085,treatment,2026-03-04,0
15086,treatment,2026-03-04,0
15087,treatment,2026-03-10,1
15088,treatment,2026-03-03,0
15089,treatment,2026-03-14,0
15090,control,2026-03-07,1
15091,control,2026-03-10,0
15092,control,2026-03-08,1
15093,control,2026-03-04,1
15094,control,2026-03-12,1
15095,treatment,2026-03-11,0
15096,treatment,2026-03-11,1
15097,control,2026-03-09,1
15098,treatment,2026-03-08,0
15099,treatment,2026-03-08,0
15100,treatment,2026-03-06,0
15101,treatment,2026-03-09,0
15102,treatment,2026-03-11,0
15103,control,2026-03-14,0
15104,treatment,2026-03-11,0
15105,control,2026-03-14,0
15106,treatment,2026-03-15,0
15107,treatment,2026-03-03,0
15108,control,2026-03-03,1
15109,control,2026-03-11,0
15110,control,2026-03-06,1
15111,treatment,2026-03-02,0
15112,treatment,2026-03-09,1
15113,treatment,2026-03-12,0
15114,treatment,2026-03-08,0
15115,treatment,2026-03-14,1
15116,treatment,2026-03-07,1
15117,treatment,2026-03-10,1
15118,treatment,2026-03-14,0
15119,control,2026-03-14,0
15120,control,2026-03-12,0
15121,control,2026-03-13,1
15122,control,2026-03-03,0
15123,control,2026-03-10,1
15124,treatment,2026-03-13,1
15125,control,2026-03-03,0
15126,control,2026-03-14,0
15127,control,2026-03-13,0
15128,treatment,2026-03-05,0
15129,treatment,2026-03-15,0
15130,treatment,2026-03-07,1
15131,treatment,2026-03-14,1
15132,control,2026-03-09,0
15133,control,2026-03-03,0
15134,treatment,2026-03-04,1
15135,treatment,2026-03-04,1
15136,treatment,2026-03-14,0
15137,control,2026-03-12,0
15138,treatment,2026-03-12,0
15139,control,2026-03-04,1
15140,control,2026-03-14,1
15141,control,2026-03-12,1
15142,treatment,2026-03-13,0
15143,treatment,2026-03-09,0
15144,control,2026-03-15,1
15145,control,2026-03-07,0
15146,treatment,2026-03-06,0
15147,control,2026-03-09,0
15148,control,2026-03-03,0
15149,control,2026-03-15,0
15150,treatment,2026-03-06,0
15151,control,2026-03-12,0
15152,control,2026-03-08,0
15153,treatment,2026-03-02,1
15154,treatment,2026-03-13,1
15155,control,2026-03-08,0
15156,treatment,2026-03-06,0
15157,treatment,2026-03-14,0
15158,control,2026-03-12,0
15159,control,2026-03-11,0
15160,control,2026-03-06,0
15161,control,2026-03-09,1
15162,treatment,2026-03-06,0
15163,treatment,2026-03-02,0
15164,treatment,2026-03-04,1
15165,control,2026-03-07,0
15166,control,2026-03-09,0
15167,treatment,2026-03-02,1
15168,control,2026-03-05,1
15169,control,2026-03-06,0
15170,control,2026-03-02,0
15171,treatment,2026-03-11,0
15172,treatment,2026-03-05,1
15173,treatment,2026-03-05,0
15174,control,2026-03-08,0
15175,treatment,2026-03-10,0
15176,treatment,2026-03-04,1
15177,treatment,2026-03-07,0
15178,control,2026-03-02,0
15179,control,2026-03-02,0
15180,control,2026-03-04,0
15181,control,2026-03-03,1
15182,treatment,2026-03-06,0
15183,treatment,2026-03-07,0
15184,treatment,2026-03-15,1
15185,treatment,2026-03-08,1
15186,treatment,2026-03-12,0
15187,treatment,2026-03-04,0
15188,treatment,2026-03-07,1
15189,treatment,2026-03-11,1
15190,treatment,2026-03-15,0
15191,treatment,2026-03-12,0
15192,control,2026-03-03,0
15193,control,2026-03-05,1
15194,treatment,2026-03-10,0
15195,control,2026-03-10,1
15196,control,2026-03-02,1
15197,treatment,2026-03-10,0
15198,control,2026-03-02,1
15199,control,2026-03-09,0
15200,control,2026-03-06,0
15201,control,2026-03-08,0
15202,control,2026-03-10,1
15203,treatment,2026-03-11,0
15204,treatment,2026-03-06,0
15205,treatment,2026-03-08,0
15206,treatment,2026-03-10,0
15207,control,2026-03-11,0
15208,treatment,2026-03-05,0
15209,treatment,2026-03-11,0
15210,treatment,2026-03-08,0
15211,control,2026-03-08,0
15212,treatment,2026-03-11,1
15213,treatment,2026-03-12,1
15214,treatment,2026-03-03,0
15215,control,2026-03-02,0
15216,control,2026-03-04,0
15217,control,2026-03-15,1
15218,control,2026-03-13,0
15219,treatment,2026-03-11,0
15220,treatment,2026-03-10,0
15221,treatment,2026-03-02,0
15222,control,2026-03-10,0
15223,control,2026-03-03,1
15224,control,2026-03-13,0
15225,treatment,2026-03-13,0
15226,control,2026-03-03,0
15227,treatment,2026-03-15,0
15228,treatment,2026-03-05,0
15229,control,2026-03-14,0
15230,treatment,2026-03-10,0
15231,control,2026-03-03,1
15232,control,2026-03-15,0
15233,treatment,2026-03-06,0
15234,treatment,2026-03-10,0
15235,treatment,2026-03-11,1
15236,treatment,2026-03-04,0
15237,control,2026-03-03,0
15238,treatment,2026-03-12,0
15239,control,2026-03-15,0
15240,treatment,2026-03-08,1
15241,control,2026-03-09,1
15242,treatment,2026-03-05,1
15243,treatment,2026-03-15,0
15244,control,2026-03-15,0
15245,control,2026-03-12,0
15246,treatment,2026-03-06,0
15247,control,2026-03-03,0
15248,control,2026-03-05,1
15249,control,2026-03-02,0
15250,control,2026-03-09,1
15251,treatment,2026-03-04,0
15252,treatment,2026-03-05,0
15253,treatment,2026-03-04,1
15254,treatment,2026-03-11,0
15255,control,2026-03-10,0
15256,control,2026-03-10,1
15257,treatment,2026-03-10,0
15258,treatment,2026-03-15,0
15259,treatment,2026-03-13,0
15260,control,2026-03-03,0
15261,treatment,2026-03-11,0
15262,control,2026-03-10,0
15263,treatment,2026-03-09,1
15264,control,2026-03-09,1
15265,control,2026-03-07,0
15266,control,2026-03-04,1
15267,treatment,2026-03-06,1
15268,control,2026-03-14,1
15269,treatment,2026-03-04,0
15270,control,2026-03-08,0
15271,treatment,2026-03-04,0
15272,control,2026-03-13,0
15273,control,2026-03-14,1
15274,treatment,2026-03-15,1
15275,treatment,2026-03-12,0
15276,control,2026-03-07,0
15277,control,2026-03-10,0
15278,treatment,2026-03-03,0
15279,treatment,2026-03-10,0
15280,treatment,2026-03-15,1
15281,treatment,2026-03-07,0
15282,treatment,2026-03-13,1
15283,treatment,2026-03-08,0
15284,control,2026-03-12,0
15285,treatment,2026-03-15,1
15286,control,2026-03-11,0
15287,treatment,2026-03-05,0
15288,treatment,2026-03-02,1
15289,treatment,2026-03-06,1
15290,control,2026-03-12,1
15291,control,2026-03-14,0
15292,control,2026-03-13,0
15293,treatment,2026-03-11,1
15294,treatment,2026-03-05,1
15295,control,2026-03-08,0
15296,control,2026-03-02,0
15297,treatment,2026-03-12,1
15298,control,2026-03-05,1
15299,control,2026-03-07,0
15300,control,2026-03-09,0
15301,control,2026-03-08,0
15302,control,2026-03-03,1
15303,treatment,2026-03-10,0
15304,treatment,2026-03-04,1
15305,treatment,2026-03-03,0
15306,treatment,2026-03-06,0
15307,treatment,2026-03-14,1
15308,treatment,2026-03-12,0
15309,control,2026-03-08,0
15310,treatment,2026-03-08,0
15311,treatment,2026-03-04,0
15312,control,2026-03-03,1
15313,treatment,2026-03-07,0
15314,control,2026-03-06,0
15315,treatment,2026-03-06,1
15316,control,2026-03-15,0
15317,control,2026-03-09,0
15318,control,2026-03-14,1
15319,treatment,2026-03-02,0
15320,treatment,2026-03-08,0
15321,control,2026-03-10,0
15322,treatment,2026-03-06,0
15323,control,2026-03-08,1
15324,treatment,2026-03-03,0
15325,treatment,2026-03-04,1
15326,control,2026-03-05,0
15327,treatment,2026-03-12,0
15328,control,2026-03-10,0
15329,control,2026-03-03,0
15330,treatment,2026-03-12,1
15331,control,2026-03-08,0
15332,control,2026-03-11,0
15333,control,2026-03-14,0
15334,control,2026-03-14,0
15335,treatment,2026-03-04,0
15336,control,2026-03-02,1
15337,treatment,2026-03-03,1
15338,control,2026-03-10,0
15339,treatment,2026-03-05,0
15340,treatment,2026-03-02,0
15341,treatment,2026-03-11,0
15342,control,2026-03-02,1
15343,control,2026-03-12,1
15344,treatment,2026-03-03,1
15345,control,2026-03-08,1
15346,treatment,2026-03-06,0
15347,treatment,2026-03-04,0
15348,control,2026-03-15,1
15349,control,2026-03-10,0
15350,control,2026-03-06,0
15351,control,2026-03-12,1
15352,treatment,2026-03-10,0
15353,control,2026-03-06,0
15354,control,2026-03-07,0
15355,control,2026-03-09,0
15356,treatment,2026-03-13,0
15357,treatment,2026-03-08,0
15358,control,2026-03-06,1
15359,treatment,2026-03-08,1
15360,treatment,2026-03-13,1
15361,treatment,2026-03-04,1
15362,treatment,2026-03-14,1
15363,treatment,2026-03-09,0
15364,control,2026-03-14,0
15365,treatment,2026-03-02,1
15366,control,2026-03-08,1
15367,treatment,2026-03-02,0
15368,treatment,2026-03-07,0
15369,control,2026-03-13,0
15370,control,2026-03-05,1
15371,control,2026-03-08,0
15372,treatment,2026-03-08,0
15373,control,2026-03-14,1
15374,treatment,2026-03-08,0
15375,control,2026-03-12,1
15376,treatment,2026-03-12,0
15377,treatment,2026-03-07,0
15378,treatment,2026-03-06,0
15379,control,2026-03-11,1
15380,control,2026-03-05,0
15381,control,2026-03-11,0
15382,control,2026-03-11,0
15383,control,2026-03-08,0
15384,control,2026-03-14,0
15385,treatment,2026-03-12,0
15386,control,2026-03-05,1
15387,treatment,2026-03-02,0
15388,treatment,2026-03-13,0
15389,control,2026-03-14,0
15390,control,2026-03-04,0
15391,treatment,2026-03-15,0
15392,control,2026-03-07,0
15393,control,2026-03-08,0
15394,control,2026-03-15,0
15395,control,2026-03-09,0
15396,treatment,2026-03-08,1
15397,control,2026-03-15,0
15398,control,2026-03-03,0
15399,control,2026-03-06,0
15400,control,2026-03-13,0
15401,control,2026-03-03,0
15402,treatment,2026-03-14,1
15403,treatment,2026-03-14,1
15404,treatment,2026-03-09,0
15405,treatment,2026-03-15,1
15406,control,2026-03-12,1
15407,treatment,2026-03-06,0
15408,treatment,2026-03-04,0
15409,treatment,2026-03-04,0
15410,treatment,2026-03-07,0
15411,treatment,2026-03-15,1
15412,control,2026-03-04,0
15413,treatment,2026-03-13,0
15414,control,2026-03-07,0
15415,control,2026-03-06,0
15416,treatment,2026-03-05,0
15417,treatment,2026-03-08,1
15418,treatment,2026-03-08,1
15419,control,2026-03-14,1
15420,treatment,2026-03-13,0
15421,treatment,2026-03-15,1
15422,treatment,2026-03-02,1
15423,control,2026-03-06,0
15424,treatment,2026-03-13,1
15425,control,2026-03-07,1
15426,control,2026-03-03,1
15427,control,2026-03-09,0
15428,control,2026-03-05,1
15429,control,2026-03-03,0
15430,treatment,2026-03-05,0
15431,treatment,2026-03-13,0
15432,treatment,2026-03-02,0
15433,control,2026-03-03,1
15434,treatment,2026-03-13,0
15435,control,2026-03-06,0
15436,control,2026-03-09,0
15437,control,2026-03-14,0
15438,treatment,2026-03-03,1
15439,treatment,2026-03-10,0
15440,treatment,2026-03-09,1
15441,control,2026-03-03,1
15442,treatment,2026-03-06,0
15443,treatment,2026-03-12,1
15444,treatment,2026-03-10,1
15445,control,2026-03-14,1
15446,control,2026-03-04,0
15447,control,2026-03-15,0
15448,treatment,2026-03-10,1
15449,treatment,2026-03-09,1
15450,control,2026-03-12,0
15451,treatment,2026-03-07,0
15452,control,2026-03-14,0
15453,treatment,2026-03-14,0
15454,control,2026-03-03,0
15455,control,2026-03-05,0
15456,control,2026-03-12,0
15457,control,2026-03-15,0
15458,treatment,2026-03-08,1
15459,treatment,2026-03-09,1
15460,treatment,2026-03-04,0
15461,control,2026-03-14,0
15462,control,2026-03-13,1
15463,control,2026-03-14,0
15464,control,2026-03-05,0
15465,control,2026-03-09,0
15466,control,2026-03-03,0
15467,control,2026-03-03,0
15468,control,2026-03-08,0
15469,control,2026-03-05,0
15470,treatment,2026-03-07,1
15471,treatment,2026-03-05,1
15472,control,2026-03-05,0
15473,treatment,2026-03-04,1
15474,control,2026-03-02,0
15475,treatment,2026-03-08,0
15476,treatment,2026-03-15,1
15477,treatment,2026-03-07,1
15478,treatment,2026-03-13,0
15479,treatment,2026-03-04,0
15480,control,2026-03-08,0
15481,control,2026-03-07,0
15482,treatment,2026-03-11,0
15483,treatment,2026-03-09,0
15484,control,2026-03-03,1
15485,treatment,2026-03-06,1
15486,control,2026-03-09,1
15487,treatment,2026-03-07,0
15488,control,2026-03-10,0
15489,treatment,2026-03-15,1
15490,treatment,2026-03-02,0
15491,treatment,2026-03-14,0
15492,treatment,2026-03-12,0
15493,control,2026-03-13,1
15494,treatment,2026-03-05,1
15495,treatment,2026-03-12,1
15496,treatment,2026-03-04,1
15497,control,2026-03-14,0
15498,treatment,2026-03-02,0
15499,control,2026-03-15,0
15500,control,2026-03-12,0
15501,control,2026-03-02,0
15502,control,2026-03-07,0
15503,treatment,2026-03-08,1
15504,treatment,2026-03-11,1
15505,treatment,2026-03-03,0
15506,control,2026-03-12,0
15507,treatment,2026-03-02,0
15508,control,2026-03-12,1
15509,control,2026-03-14,0
15510,control,2026-03-07,0
15511,treatment,2026-03-02,1
15512,treatment,2026-03-05,1
15513,treatment,2026-03-02,0
15514,control,2026-03-08,1
15515,treatment,2026-03-04,0
15516,control,2026-03-15,0
15517,control,2026-03-04,0
15518,treatment,2026-03-09,0
15519,treatment,2026-03-15,1
15520,treatment,2026-03-06,0
15521,treatment,2026-03-04,1
15522,treatment,2026-03-02,1
15523,control,2026-03-15,1
15524,treatment,2026-03-13,0
15525,control,2026-03-02,1
15526,treatment,2026-03-14,0
15527,control,2026-03-02,0
15528,treatment,2026-03-15,0
15529,control,2026-03-04,0
15530,control,2026-03-06,0
15531,control,2026-03-03,0
15532,control,2026-03-03,0
15533,treatment,2026-03-02,1
15534,treatment,2026-03-02,0
15535,treatment,2026-03-13,0
15536,treatment,2026-03-12,0
15537,control,2026-03-14,0
15538,treatment,2026-03-15,1
15539,treatment,2026-03-14,0
15540,control,2026-03-06,1
15541,control,2026-03-15,1
15542,control,2026-03-15,0
15543,treatment,2026-03-12,1
15544,control,2026-03-14,0
15545,control,2026-03-11,1
15546,control,2026-03-14,0
15547,treatment,2026-03-04,0
15548,control,2026-03-14,0
15549,control,2026-03-08,0
15550,treatment,2026-03-08,1
15551,control,2026-03-06,0
15552,treatment,2026-03-13,1
15553,treatment,2026-03-09,1
15554,treatment,2026-03-02,0
15555,treatment,2026-03-09,0
15556,treatment,2026-03-04,1
15557,treatment,2026-03-03,0
15558,control,2026-03-15,1
15559,treatment,2026-03-09,0
15560,control,2026-03-07,0
15561,control,2026-03-03,0
15562,control,2026-03-09,0
15563,control,2026-03-10,0
15564,treatment,2026-03-07,0
15565,treatment,2026-03-09,1
15566,control,2026-03-08,1
15567,treatment,2026-03-14,0
15568,control,2026-03-15,1
15569,control,2026-03-10,0
15570,treatment,2026-03-11,0
15571,treatment,2026-03-14,1
15572,treatment,2026-03-04,0
15573,control,2026-03-08,0
15574,control,2026-03-11,0
15575,control,2026-03-10,0
15576,control,2026-03-02,0
15577,treatment,2026-03-12,0
15578,treatment,2026-03-15,0
15579,control,2026-03-10,0
15580,control,2026-03-02,1
15581,treatment,2026-03-06,1
15582,treatment,2026-03-03,0
15583,control,2026-03-12,0
15584,control,2026-03-13,0
15585,treatment,2026-03-06,0
15586,control,2026-03-10,1
15587,control,2026-03-02,0
15588,treatment,2026-03-05,1
15589,treatment,2026-03-06,1
15590,control,2026-03-04,0
15591,treatment,2026-03-10,0
15592,treatment,2026-03-13,0
15593,treatment,2026-03-03,1
15594,control,2026-03-11,0
15595,control,2026-03-12,1
15596,treatment,2026-03-06,1
15597,treatment,2026-03-02,0
15598,treatment,2026-03-02,0
15599,control,2026-03-04,1
15600,treatment,2026-03-02,0
15601,control,2026-03-13,1
15602,treatment,2026-03-02,0
15603,control,2026-03-05,1
15604,treatment,2026-03-06,0
15605,control,2026-03-12,0
15606,control,2026-03-14,0
15607,control,2026-03-08,0
15608,control,2026-03-10,0
15609,control,2026-03-04,0
15610,control,2026-03-11,0
15611,treatment,2026-03-15,1
15612,treatment,2026-03-08,0
15613,control,2026-03-08,0
15614,control,2026-03-02,0
15615,control,2026-03-15,1
15616,treatment,2026-03-15,0
15617,treatment,2026-03-05,1
15618,treatment,2026-03-06,1
15619,treatment,2026-03-14,0
15620,control,2026-03-15,0
15621,treatment,2026-03-14,0
15622,control,2026-03-12,1
15623,control,2026-03-04,0
15624,control,2026-03-05,1
15625,treatment,2026-03-15,0
15626,treatment,2026-03-09,0
15627,control,2026-03-13,1
15628,treatment,2026-03-15,1
15629,control,2026-03-02,1
15630,control,2026-03-04,0
15631,control,2026-03-04,0
15632,control,2026-03-06,1
15633,treatment,2026-03-06,1
15634,control,2026-03-11,1
15635,treatment,2026-03-09,0
15636,treatment,2026-03-10,0
15637,control,2026-03-12,0
15638,control,2026-03-03,0
15639,control,2026-03-06,1
15640,treatment,2026-03-02,0
15641,treatment,2026-03-03,0
15642,treatment,2026-03-05,1
15643,control,2026-03-08,1
15644,treatment,2026-03-12,1
15645,control,2026-03-09,0
15646,treatment,2026-03-15,0
15647,control,2026-03-04,1
15648,control,2026-03-09,0
15649,control,2026-03-11,0
15650,control,2026-03-02,1
15651,control,2026-03-04,0
15652,treatment,2026-03-08,0
15653,control,2026-03-11,0
15654,control,2026-03-04,0
15655,treatment,2026-03-13,0
15656,control,2026-03-10,1
15657,control,2026-03-04,0
15658,control,2026-03-07,0
15659,treatment,2026-03-15,1
15660,treatment,2026-03-13,0
15661,control,2026-03-14,0
15662,treatment,2026-03-08,1
15663,control,2026-03-10,1
15664,treatment,2026-03-08,0
15665,control,2026-03-08,0
15666,treatment,2026-03-09,0
15667,treatment,2026-03-15,1
15668,control,2026-03-04,1
15669,treatment,2026-03-15,0
15670,treatment,2026-03-13,0
15671,treatment,2026-03-08,1
15672,control,2026-03-11,0
15673,control,2026-03-13,1
15674,control,2026-03-03,1
15675,treatment,2026-03-14,0
15676,treatment,2026-03-14,0
15677,control,2026-03-09,0
15678,control,2026-03-13,0
15679,control,2026-03-11,0
15680,control,2026-03-07,1
15681,treatment,2026-03-15,0
15682,control,2026-03-03,0
15683,control,2026-03-02,0
15684,treatment,2026-03-09,0
15685,treatment,2026-03-03,0
15686,treatment,2026-03-11,1
15687,control,2026-03-11,0
15688,treatment,2026-03-15,0
15689,treatment,2026-03-02,0
15690,treatment,2026-03-12,1
15691,control,2026-03-02,1
15692,control,2026-03-11,1
15693,treatment,2026-03-06,1
15694,treatment,2026-03-12,1
15695,control,2026-03-02,0
15696,control,2026-03-11,0
15697,control,2026-03-06,0
15698,control,2026-03-12,0
15699,control,2026-03-07,0
15700,treatment,2026-03-14,0
15701,control,2026-03-04,0
15702,treatment,2026-03-08,1
15703,control,2026-03-12,1
15704,treatment,2026-03-09,0
15705,control,2026-03-06,0
15706,treatment,2026-03-11,1
15707,control,2026-03-11,1
15708,treatment,2026-03-11,1
15709,control,2026-03-09,0
15710,treatment,2026-03-10,0
15711,treatment,2026-03-05,0
15712,treatment,2026-03-03,0
15713,treatment,2026-03-03,1
15714,treatment,2026-03-05,0
15715,control,2026-03-12,0
15716,control,2026-03-02,1
15717,control,2026-03-11,0
15718,control,2026-03-05,0
15719,treatment,2026-03-08,0
15720,control,2026-03-03,0
15721,treatment,2026-03-06,0
15722,treatment,2026-03-04,0
15723,treatment,2026-03-08,1
15724,treatment,2026-03-11,1
15725,treatment,2026-03-11,0
15726,control,2026-03-08,1
15727,treatment,2026-03-10,1
15728,control,2026-03-04,1
15729,control,2026-03-05,0
15730,treatment,2026-03-04,0
15731,treatment,2026-03-15,0
15732,treatment,2026-03-12,0
15733,treatment,2026-03-08,0
15734,treatment,2026-03-14,0
15735,treatment,2026-03-13,0
15736,control,2026-03-04,1
15737,treatment,2026-03-15,1
15738,treatment,2026-03-14,0
15739,control,2026-03-13,1
15740,treatment,2026-03-10,0
15741,treatment,2026-03-15,1
15742,treatment,2026-03-11,1
15743,treatment,2026-03-10,0
15744,control,2026-03-07,1
15745,control,2026-03-11,1
15746,treatment,2026-03-08,1
15747,treatment,2026-03-09,0
15748,treatment,2026-03-02,0
15749,control,2026-03-02,0
15750,control,2026-03-09,1
15751,control,2026-03-08,0
15752,control,2026-03-02,1
15753,treatment,2026-03-03,0
15754,treatment,2026-03-05,1
15755,treatment,2026-03-11,0
15756,treatment,2026-03-02,0
15757,treatment,2026-03-08,0
15758,treatment,2026-03-13,0
15759,control,2026-03-10,0
15760,treatment,2026-03-14,0
15761,treatment,2026-03-06,1
15762,treatment,2026-03-07,0
15763,control,2026-03-03,0
15764,control,2026-03-11,0
15765,control,2026-03-10,0
15766,control,2026-03-11,1
15767,control,2026-03-09,1
15768,control,2026-03-09,0
15769,control,2026-03-13,1
15770,treatment,2026-03-07,0
15771,treatment,2026-03-03,0
15772,control,2026-03-04,0
15773,control,2026-03-14,0
15774,treatment,2026-03-07,1
15775,control,2026-03-02,1
15776,control,2026-03-02,0
15777,control,2026-03-09,0
15778,control,2026-03-06,1
15779,treatment,2026-03-04,1
15780,control,2026-03-09,1
15781,treatment,2026-03-05,1
15782,treatment,2026-03-06,1
15783,treatment,2026-03-03,1
15784,control,2026-03-07,1
15785,treatment,2026-03-05,1
15786,treatment,2026-03-13,0
15787,treatment,2026-03-06,0
15788,control,2026-03-03,0
15789,control,2026-03-07,0
15790,treatment,2026-03-03,0
15791,treatment,2026-03-09,0
15792,control,2026-03-03,1
15793,treatment,2026-03-14,0
15794,treatment,2026-03-03,0
15795,control,2026-03-10,1
15796,control,2026-03-06,0
15797,control,2026-03-03,0
15798,treatment,2026-03-03,1
15799,treatment,2026-03-12,0
15800,control,2026-03-12,1
15801,treatment,2026-03-11,1
15802,treatment,2026-03-13,0
15803,treatment,2026-03-13,0
15804,treatment,2026-03-07,0
15805,treatment,2026-03-10,0
15806,control,2026-03-04,0
15807,control,2026-03-15,1
15808,control,2026-03-12,0
15809,treatment,2026-03-07,1
15810,control,2026-03-15,0
15811,treatment,2026-03-11,0
15812,control,2026-03-13,0
15813,treatment,2026-03-13,0
15814,treatment,2026-03-10,0
15815,treatment,2026-03-02,1
15816,control,2026-03-06,0
15817,control,2026-03-10,1
15818,control,2026-03-04,0
15819,control,2026-03-13,1
15820,treatment,2026-03-13,0
15821,control,2026-03-03,1
15822,control,2026-03-13,0
15823,treatment,2026-03-02,1
15824,control,2026-03-08,0
15825,control,2026-03-14,0
15826,control,2026-03-05,0
15827,control,2026-03-07,1
15828,treatment,2026-03-08,0
15829,treatment,2026-03-04,1
15830,treatment,2026-03-10,0
15831,treatment,2026-03-08,0
15832,treatment,2026-03-02,0
15833,treatment,2026-03-09,0
15834,control,2026-03-02,0
15835,treatment,2026-03-11,0
15836,treatment,2026-03-06,1
15837,control,2026-03-02,1
15838,treatment,2026-03-03,0
15839,control,2026-03-05,0
15840,control,2026-03-15,0
15841,treatment,2026-03-15,1
15842,control,2026-03-10,0
15843,treatment,2026-03-11,0
15844,treatment,2026-03-03,0
15845,treatment,2026-03-03,1
15846,treatment,2026-03-10,1
15847,control,2026-03-11,1
15848,control,2026-03-03,0
15849,control,2026-03-04,0
15850,treatment,2026-03-06,0
15851,control,2026-03-15,1
15852,treatment,2026-03-07,0
15853,treatment,2026-03-09,0
15854,control,2026-03-04,1
15855,treatment,2026-03-04,0
15856,control,2026-03-13,1
15857,treatment,2026-03-12,0
15858,control,2026-03-14,1
15859,control,2026-03-09,1
15860,treatment,2026-03-14,0
15861,control,2026-03-11,1
15862,control,2026-03-03,0
15863,treatment,2026-03-15,0
15864,control,2026-03-08,0
15865,control,2026-03-09,0
15866,treatment,2026-03-06,0
15867,treatment,2026-03-07,0
15868,control,2026-03-03,0
15869,treatment,2026-03-08,1
15870,control,2026-03-10,1
15871,control,2026-03-11,0
15872,control,2026-03-15,0
15873,treatment,2026-03-11,0
15874,treatment,2026-03-13,0
15875,treatment,2026-03-04,0
15876,control,2026-03-12,1
15877,control,2026-03-11,1
15878,treatment,2026-03-09,0
15879,control,2026-03-14,0
15880,control,2026-03-05,0
15881,treatment,2026-03-04,0
15882,control,2026-03-02,0
15883,treatment,2026-03-06,0
15884,control,2026-03-02,0
15885,control,2026-03-03,0
15886,treatment,2026-03-10,1
15887,control,2026-03-12,0
15888,control,2026-03-08,0
15889,treatment,2026-03-13,1
15890,control,2026-03-12,0
15891,treatment,2026-03-04,0
15892,treatment,2026-03-12,0
15893,treatment,2026-03-12,1
15894,treatment,2026-03-06,1
15895,treatment,2026-03-08,0
15896,treatment,2026-03-05,1
15897,control,2026-03-08,1
15898,control,2026-03-14,0
15899,control,2026-03-06,1
15900,control,2026-03-11,0
15901,control,2026-03-09,0
15902,control,2026-03-14,1
15903,treatment,2026-03-10,1
15904,treatment,2026-03-02,1
15905,control,2026-03-04,1
15906,treatment,2026-03-13,0
15907,control,2026-03-02,1
15908,treatment,2026-03-08,0
15909,treatment,2026-03-04,1
15910,control,2026-03-10,0
15911,treatment,2026-03-15,0
15912,treatment,2026-03-15,0
15913,control,2026-03-06,1
15914,treatment,2026-03-04,1
15915,control,2026-03-03,0
15916,control,2026-03-15,0
15917,control,2026-03-08,0
15918,treatment,2026-03-08,0
15919,treatment,2026-03-05,1
15920,control,2026-03-08,1
15921,control,2026-03-13,0
15922,treatment,2026-03-12,1
15923,control,2026-03-11,0
15924,control,2026-03-04,0
15925,treatment,2026-03-08,0
15926,treatment,2026-03-03,0
15927,treatment,2026-03-03,1
15928,treatment,2026-03-02,1
15929,control,2026-03-04,0
15930,treatment,2026-03-05,1
15931,treatment,2026-03-02,1
15932,treatment,2026-03-02,1
15933,treatment,2026-03-07,0
15934,control,2026-03-03,0
15935,control,2026-03-03,1
15936,treatment,2026-03-02,0
15937,treatment,2026-03-06,0
15938,control,2026-03-02,0
15939,treatment,2026-03-15,0
15940,treatment,2026-03-15,0
15941,control,2026-03-07,1
15942,treatment,2026-03-09,1
15943,control,2026-03-13,1
15944,treatment,2026-03-13,1
15945,control,2026-03-13,0
15946,control,2026-03-14,1
15947,treatment,2026-03-15,0
15948,treatment,2026-03-06,0
15949,treatment,2026-03-02,0
15950,control,2026-03-11,0
15951,control,2026-03-15,0
15952,treatment,2026-03-15,0
15953,treatment,2026-03-13,0
15954,treatment,2026-03-10,0
15955,treatment,2026-03-05,0
15956,treatment,2026-03-06,1
15957,treatment,2026-03-14,0
15958,control,2026-03-15,0
15959,control,2026-03-04,0
15960,control,2026-03-09,0
15961,treatment,2026-03-14,0
15962,treatment,2026-03-05,1
15963,treatment,2026-03-14,0
15964,treatment,2026-03-12,1
15965,control,2026-03-05,1
15966,treatment,2026-03-07,1
15967,control,2026-03-06,0
15968,control,2026-03-03,0
15969,control,2026-03-04,0
15970,treatment,2026-03-09,1
15971,treatment,2026-03-09,1
15972,treatment,2026-03-13,0
15973,control,2026-03-10,0
15974,treatment,2026-03-12,0
15975,control,2026-03-13,0
15976,treatment,2026-03-11,1
15977,treatment,2026-03-15,0
15978,control,2026-03-02,0
15979,control,2026-03-11,0
15980,treatment,2026-03-12,0
15981,treatment,2026-03-04,0
15982,control,2026-03-08,1
15983,control,2026-03-05,0
15984,treatment,2026-03-13,0
15985,control,2026-03-10,1
15986,treatment,2026-03-04,0
15987,treatment,2026-03-07,0
15988,control,2026-03-10,0
15989,treatment,2026-03-11,1
15990,control,2026-03-06,0
15991,treatment,2026-03-15,0
15992,treatment,2026-03-15,0
15993,control,2026-03-05,0
15994,treatment,2026-03-10,1
15995,control,2026-03-11,0
15996,control,2026-03-12,0
15997,control,2026-03-12,0
15998,control,2026-03-14,0
15999,control,2026-03-04,0
16000,control,2026-03-06,1
16001,treatment,2026-03-09,0
16002,control,2026-03-04,0
16003,control,2026-03-14,0
16004,control,2026-03-11,0
16005,treatment,2026-03-10,0
16006,control,2026-03-07,0
16007,treatment,2026-03-05,0
16008,treatment,2026-03-02,0
16009,treatment,2026-03-03,1
16010,treatment,2026-03-04,1
16011,control,2026-03-12,1
16012,control,2026-03-07,0
16013,treatment,2026-03-09,0
16014,control,2026-03-14,0
16015,control,2026-03-08,0
16016,treatment,2026-03-04,0
16017,treatment,2026-03-12,0
16018,treatment,2026-03-08,1
16019,control,2026-03-02,0
16020,treatment,2026-03-14,0
16021,treatment,2026-03-04,0
16022,treatment,2026-03-06,0
16023,treatment,2026-03-12,0
16024,treatment,2026-03-13,0
16025,treatment,2026-03-08,1
16026,control,2026-03-03,0
16027,control,2026-03-10,1
16028,treatment,2026-03-14,0
16029,treatment,2026-03-09,0
16030,treatment,2026-03-14,1
16031,treatment,2026-03-05,0
16032,treatment,2026-03-13,0
16033,treatment,2026-03-08,1
16034,treatment,2026-03-08,1
16035,control,2026-03-12,0
16036,treatment,2026-03-15,0
16037,treatment,2026-03-14,0
16038,control,2026-03-08,0
16039,control,2026-03-15,1
16040,control,2026-03-07,0
16041,treatment,2026-03-02,1
16042,control,2026-03-13,0
16043,treatment,2026-03-07,0
16044,treatment,2026-03-03,1
16045,treatment,2026-03-10,0
16046,control,2026-03-07,0
16047,treatment,2026-03-07,0
16048,control,2026-03-04,0
16049,control,2026-03-12,0
16050,treatment,2026-03-15,0
16051,control,2026-03-10,0
16052,treatment,2026-03-14,0
16053,control,2026-03-07,1
16054,control,2026-03-06,1
16055,control,2026-03-14,1
16056,treatment,2026-03-11,0
16057,control,2026-03-13,0
16058,treatment,2026-03-14,1
16059,control,2026-03-04,0
16060,control,2026-03-07,1
16061,treatment,2026-03-13,0
16062,control,2026-03-12,0
16063,treatment,2026-03-03,0
16064,control,2026-03-08,0
16065,control,2026-03-02,0
16066,control,2026-03-06,1
16067,treatment,2026-03-03,0
16068,control,2026-03-09,0
16069,treatment,2026-03-09,0
16070,treatment,2026-03-08,1
16071,treatment,2026-03-13,0
16072,treatment,2026-03-15,1
16073,treatment,2026-03-11,1
16074,treatment,2026-03-14,1
16075,control,2026-03-15,0
16076,treatment,2026-03-14,1
16077,treatment,2026-03-09,0
16078,treatment,2026-03-13,1
16079,control,2026-03-10,0
16080,control,2026-03-12,1
16081,control,2026-03-13,0
16082,control,2026-03-10,0
16083,control,2026-03-10,0
16084,control,2026-03-07,0
16085,control,2026-03-11,1
16086,control,2026-03-11,0
16087,treatment,2026-03-07,1
16088,treatment,2026-03-02,0
16089,control,2026-03-14,0
16090,treatment,2026-03-06,0
16091,control,2026-03-11,0
16092,treatment,2026-03-15,0
16093,treatment,2026-03-09,1
16094,treatment,2026-03-04,0
16095,treatment,2026-03-08,0
16096,control,2026-03-06,0
16097,treatment,2026-03-06,0
16098,treatment,2026-03-04,0
16099,treatment,2026-03-12,1
16100,treatment,2026-03-10,0
16101,treatment,2026-03-03,1
16102,treatment,2026-03-10,0
16103,treatment,2026-03-02,1
16104,control,2026-03-14,0
16105,control,2026-03-11,0
16106,control,2026-03-09,0
16107,treatment,2026-03-07,1
16108,control,2026-03-14,0
16109,control,2026-03-06,0
16110,control,2026-03-09,0
16111,control,2026-03-08,1
16112,treatment,2026-03-03,0
16113,control,2026-03-12,1
16114,treatment,2026-03-04,0
16115,treatment,2026-03-14,0
16116,control,2026-03-06,0
16117,control,2026-03-07,1
16118,control,2026-03-05,0
16119,treatment,2026-03-11,0
16120,treatment,2026-03-10,1
16121,treatment,2026-03-12,0
16122,control,2026-03-05,0
16123,treatment,2026-03-03,1
16124,control,2026-03-14,0
16125,treatment,2026-03-02,0
16126,treatment,2026-03-10,1
16127,control,2026-03-02,0
16128,treatment,2026-03-11,0
16129,control,2026-03-13,1
16130,treatment,2026-03-10,1
16131,treatment,2026-03-10,0
16132,treatment,2026-03-15,1
16133,treatment,2026-03-11,1
16134,treatment,2026-03-09,0
16135,control,2026-03-04,1
16136,treatment,2026-03-10,0
16137,treatment,2026-03-04,1
16138,treatment,2026-03-12,1
16139,control,2026-03-14,0
16140,control,2026-03-09,0
16141,control,2026-03-12,0
16142,treatment,2026-03-10,1
16143,control,2026-03-04,1
16144,control,2026-03-02,0
16145,control,2026-03-08,0
16146,treatment,2026-03-15,1
16147,treatment,2026-03-08,0
16148,treatment,2026-03-07,0
16149,control,2026-03-04,0
16150,treatment,2026-03-05,0
16151,control,2026-03-11,1
16152,treatment,2026-03-10,0
16153,control,2026-03-02,0
16154,control,2026-03-10,0
16155,treatment,2026-03-13,1
16156,control,2026-03-12,1
16157,treatment,2026-03-09,0
16158,treatment,2026-03-12,1
16159,control,2026-03-08,0
16160,treatment,2026-03-09,1
16161,control,2026-03-07,0
16162,control,2026-03-14,0
16163,treatment,2026-03-05,0
16164,treatment,2026-03-07,1
16165,treatment,2026-03-15,1
16166,control,2026-03-07,1
16167,treatment,2026-03-15,1
16168,control,2026-03-05,1
16169,treatment,2026-03-11,0
16170,treatment,2026-03-10,0
16171,control,2026-03-07,0
16172,treatment,2026-03-15,0
16173,control,2026-03-05,1
16174,treatment,2026-03-10,1
16175,treatment,2026-03-05,0
16176,control,2026-03-13,0
16177,control,2026-03-04,0
16178,treatment,2026-03-04,0
16179,control,2026-03-08,1
16180,control,2026-03-05,0
16181,control,2026-03-08,0
16182,control,2026-03-14,1
16183,treatment,2026-03-08,1
16184,control,2026-03-11,1
16185,control,2026-03-02,1
16186,treatment,2026-03-11,1
16187,treatment,2026-03-07,1
16188,treatment,2026-03-03,0
16189,treatment,2026-03-02,0
16190,treatment,2026-03-07,0
16191,control,2026-03-03,0
16192,treatment,2026-03-06,0
16193,treatment,2026-03-10,0
16194,control,2026-03-10,0
16195,control,2026-03-02,1
16196,control,2026-03-07,0
16197,control,2026-03-05,0
16198,treatment,2026-03-07,0
16199,control,2026-03-13,1
16200,control,2026-03-05,1
16201,control,2026-03-09,0
16202,treatment,2026-03-11,0
16203,treatment,2026-03-15,1
16204,treatment,2026-03-10,1
16205,control,2026-03-02,1
16206,treatment,2026-03-02,0
16207,control,2026-03-09,0
16208,control,2026-03-12,1
16209,control,2026-03-11,1
16210,treatment,2026-03-12,1
16211,treatment,2026-03-08,1
16212,control,2026-03-04,1
16213,control,2026-03-14,1
16214,treatment,2026-03-08,1
16215,treatment,2026-03-06,1
16216,treatment,2026-03-02,1
16217,treatment,2026-03-08,0
16218,control,2026-03-08,0
16219,control,2026-03-08,0
16220,control,2026-03-14,0
16221,control,2026-03-09,0
16222,treatment,2026-03-03,0
16223,treatment,2026-03-04,1
16224,treatment,2026-03-14,0
16225,control,2026-03-12,1
16226,treatment,2026-03-12,1
16227,treatment,2026-03-07,0
16228,treatment,2026-03-09,1
16229,control,2026-03-09,0
16230,treatment,2026-03-13,0
16231,treatment,2026-03-10,1
16232,control,2026-03-08,0
16233,control,2026-03-13,1
16234,control,2026-03-04,0
16235,treatment,2026-03-10,0
16236,treatment,2026-03-04,0
16237,control,2026-03-10,0
16238,control,2026-03-06,0
16239,control,2026-03-07,1
16240,treatment,2026-03-11,0
16241,control,2026-03-14,1
16242,treatment,2026-03-13,0
16243,treatment,2026-03-14,0
16244,treatment,2026-03-12,1
16245,control,2026-03-06,1
16246,treatment,2026-03-15,0
16247,control,2026-03-13,0
16248,treatment,2026-03-13,0
16249,control,2026-03-08,0
16250,control,2026-03-06,0
16251,treatment,2026-03-14,1
16252,control,2026-03-03,1
16253,control,2026-03-15,0
16254,treatment,2026-03-08,1
16255,treatment,2026-03-14,1
16256,control,2026-03-04,0
16257,treatment,2026-03-05,1
16258,treatment,2026-03-15,0
16259,control,2026-03-10,0
16260,treatment,2026-03-05,0
16261,treatment,2026-03-06,0
16262,treatment,2026-03-08,1
16263,treatment,2026-03-04,0
16264,treatment,2026-03-03,0
16265,control,2026-03-04,1
16266,control,2026-03-06,0
16267,control,2026-03-02,0
16268,control,2026-03-02,0
16269,treatment,2026-03-15,1
16270,control,2026-03-07,0
16271,treatment,2026-03-11,0
16272,treatment,2026-03-10,0
16273,treatment,2026-03-08,0
16274,treatment,2026-03-03,1
16275,treatment,2026-03-14,0
16276,treatment,2026-03-10,0
16277,treatment,2026-03-14,1
16278,control,2026-03-10,0
16279,control,2026-03-13,0
16280,treatment,2026-03-14,1
16281,treatment,2026-03-02,0
16282,treatment,2026-03-04,0
16283,treatment,2026-03-02,0
16284,control,2026-03-04,0
16285,treatment,2026-03-06,0
16286,treatment,2026-03-05,0
16287,treatment,2026-03-03,0
16288,treatment,2026-03-04,0
16289,treatment,2026-03-10,0
16290,control,2026-03-14,0
16291,control,2026-03-06,1
16292,treatment,2026-03-05,1
16293,control,2026-03-13,0
16294,control,2026-03-05,0
16295,treatment,2026-03-12,0
16296,control,2026-03-12,0
16297,treatment,2026-03-13,0
16298,treatment,2026-03-03,0
16299,control,2026-03-02,0
16300,treatment,2026-03-10,1
16301,control,2026-03-05,0
16302,treatment,2026-03-15,0
16303,treatment,2026-03-12,0
16304,control,2026-03-03,1
16305,treatment,2026-03-12,0
16306,control,2026-03-14,1
16307,control,2026-03-12,0
16308,control,2026-03-03,0
16309,control,2026-03-08,0
16310,control,2026-03-03,1
16311,treatment,2026-03-14,0
16312,control,2026-03-09,0
16313,treatment,2026-03-07,1
16314,control,2026-03-14,0
16315,treatment,2026-03-13,0
16316,control,2026-03-07,1
16317,control,2026-03-10,0
16318,treatment,2026-03-09,0
16319,control,2026-03-10,1
16320,control,2026-03-04,1
16321,treatment,2026-03-04,1
16322,control,2026-03-14,0
16323,treatment,2026-03-08,1
16324,treatment,2026-03-04,0
16325,control,2026-03-02,0
16326,treatment,2026-03-04,0
16327,treatment,2026-03-05,0
16328,control,2026-03-05,0
16329,control,2026-03-11,1
16330,treatment,2026-03-08,0
16331,treatment,2026-03-13,1
16332,treatment,2026-03-04,0
16333,treatment,2026-03-11,1
16334,treatment,2026-03-15,0
16335,control,2026-03-15,1
16336,control,2026-03-07,1
16337,control,2026-03-12,0
16338,control,2026-03-12,0
16339,treatment,2026-03-12,0
16340,control,2026-03-12,0
16341,treatment,2026-03-11,0
16342,treatment,2026-03-09,1
16343,control,2026-03-14,1
16344,control,2026-03-08,0
16345,treatment,2026-03-14,1
16346,control,2026-03-15,1
16347,control,2026-03-04,0
16348,treatment,2026-03-08,0
16349,control,2026-03-09,1
16350,treatment,2026-03-08,0
16351,control,2026-03-13,1
16352,treatment,2026-03-05,0
16353,control,2026-03-02,1
16354,treatment,2026-03-15,1
16355,control,2026-03-10,0
16356,control,2026-03-10,0
16357,treatment,2026-03-02,0
16358,control,2026-03-03,0
16359,control,2026-03-08,1
16360,control,2026-03-07,1
16361,treatment,2026-03-13,0
16362,control,2026-03-03,1
16363,treatment,2026-03-06,1
16364,control,2026-03-06,0
16365,control,2026-03-06,0
16366,control,2026-03-13,1
16367,control,2026-03-07,0
16368,treatment,2026-03-08,0
16369,control,2026-03-11,0
16370,control,2026-03-10,0
16371,control,2026-03-06,0
16372,treatment,2026-03-11,1
16373,treatment,2026-03-05,0
16374,treatment,2026-03-06,0
16375,treatment,2026-03-03,0
16376,treatment,2026-03-15,0
16377,treatment,2026-03-12,1
16378,control,2026-03-14,0
16379,treatment,2026-03-13,0
16380,control,2026-03-02,0
16381,control,2026-03-10,0
16382,treatment,2026-03-15,1
16383,treatment,2026-03-12,1
16384,control,2026-03-06,0
16385,treatment,2026-03-02,0
16386,control,2026-03-07,1
16387,control,2026-03-03,0
16388,treatment,2026-03-04,1
16389,treatment,2026-03-11,0
16390,control,2026-03-04,0
16391,control,2026-03-11,1
16392,control,2026-03-04,0
16393,control,2026-03-02,1
16394,treatment,2026-03-06,0
16395,control,2026-03-07,0
16396,treatment,2026-03-10,0
16397,control,2026-03-13,0
16398,treatment,2026-03-13,1
16399,treatment,2026-03-15,0
16400,treatment,2026-03-14,0
16401,treatment,2026-03-02,0
16402,control,2026-03-10,0
16403,control,2026-03-12,0
16404,control,2026-03-03,1
16405,treatment,2026-03-05,1
16406,control,2026-03-10,0
16407,control,2026-03-05,0
16408,control,2026-03-09,0
16409,treatment,2026-03-12,0
16410,treatment,2026-03-06,0
16411,control,2026-03-12,0
16412,treatment,2026-03-07,1
16413,control,2026-03-10,0
16414,treatment,2026-03-10,0
16415,treatment,2026-03-11,0
16416,control,2026-03-05,0
16417,control,2026-03-15,0
16418,control,2026-03-14,0
16419,control,2026-03-13,1
16420,control,2026-03-02,0
16421,treatment,2026-03-11,1
16422,treatment,2026-03-07,0
16423,control,2026-03-03,1
16424,control,2026-03-14,0
16425,control,2026-03-14,1
16426,control,2026-03-07,1
16427,control,2026-03-03,0
16428,treatment,2026-03-13,1
16429,control,2026-03-09,0
16430,treatment,2026-03-13,1
16431,treatment,2026-03-06,0
16432,treatment,2026-03-08,0
16433,treatment,2026-03-07,0
16434,treatment,2026-03-03,0
16435,treatment,2026-03-09,0
16436,control,2026-03-04,0
16437,treatment,2026-03-02,0
16438,control,2026-03-15,1
16439,treatment,2026-03-02,0
16440,treatment,2026-03-12,0
16441,treatment,2026-03-03,0
16442,control,2026-03-09,1
16443,control,2026-03-15,0
16444,control,2026-03-03,0
16445,control,2026-03-03,1
16446,control,2026-03-04,0
16447,control,2026-03-05,1
16448,treatment,2026-03-12,1
16449,control,2026-03-02,1
16450,control,2026-03-04,0
16451,control,2026-03-15,0
16452,treatment,2026-03-09,0
16453,control,2026-03-11,1
16454,treatment,2026-03-04,0
16455,treatment,2026-03-15,0
16456,treatment,2026-03-02,1
16457,control,2026-03-04,0
16458,treatment,2026-03-05,0
16459,treatment,2026-03-14,1
16460,treatment,2026-03-09,0
16461,control,2026-03-02,1
16462,treatment,2026-03-12,1
16463,treatment,2026-03-12,0
16464,control,2026-03-11,0
16465,treatment,2026-03-15,1
16466,control,2026-03-15,0
16467,treatment,2026-03-06,0
16468,treatment,2026-03-05,1
16469,treatment,2026-03-11,0
16470,treatment,2026-03-02,0
16471,treatment,2026-03-06,1
16472,control,2026-03-03,1
16473,treatment,2026-03-13,1
16474,control,2026-03-06,0
16475,treatment,2026-03-07,1
16476,control,2026-03-11,0
16477,control,2026-03-15,0
16478,treatment,2026-03-14,1
16479,treatment,2026-03-02,0
16480,control,2026-03-08,0
16481,control,2026-03-05,0
16482,control,2026-03-06,0
16483,treatment,2026-03-14,1
16484,treatment,2026-03-13,1
16485,control,2026-03-15,1
16486,control,2026-03-05,0
16487,treatment,2026-03-02,1
16488,treatment,2026-03-14,0
16489,control,2026-03-06,0
16490,control,2026-03-12,0
16491,treatment,2026-03-15,1
16492,control,2026-03-05,1
16493,treatment,2026-03-12,1
16494,treatment,2026-03-11,0
16495,control,2026-03-09,0
16496,treatment,2026-03-07,0
16497,treatment,2026-03-07,0
16498,treatment,2026-03-09,1
16499,control,2026-03-12,0
16500,treatment,2026-03-07,1
16501,treatment,2026-03-10,0
16502,treatment,2026-03-02,0
16503,treatment,2026-03-05,0
16504,treatment,2026-03-07,0
16505,treatment,2026-03-08,0
16506,control,2026-03-09,0
16507,treatment,2026-03-03,1
16508,treatment,2026-03-13,0
16509,treatment,2026-03-10,1
16510,control,2026-03-10,1
16511,control,2026-03-06,0
16512,treatment,2026-03-10,1
16513,control,2026-03-06,0
16514,treatment,2026-03-15,0
16515,treatment,2026-03-11,0
16516,treatment,2026-03-06,1
16517,control,2026-03-02,1
16518,treatment,2026-03-10,0
16519,control,2026-03-13,0
16520,control,2026-03-10,0
16521,control,2026-03-08,0
16522,control,2026-03-15,0
16523,control,2026-03-09,1
16524,treatment,2026-03-11,0
16525,control,2026-03-06,0
16526,control,2026-03-13,0
16527,control,2026-03-03,0
16528,control,2026-03-06,0
16529,control,2026-03-06,1
16530,control,2026-03-10,1
16531,treatment,2026-03-14,1
16532,control,2026-03-07,1
16533,treatment,2026-03-04,0
16534,treatment,2026-03-12,0
16535,treatment,2026-03-07,0
16536,control,2026-03-08,1
16537,treatment,2026-03-10,1
16538,treatment,2026-03-13,1
16539,treatment,2026-03-11,1
16540,treatment,2026-03-05,0
16541,treatment,2026-03-09,1
16542,treatment,2026-03-15,1
16543,control,2026-03-05,1
16544,control,2026-03-13,0
16545,control,2026-03-06,1
16546,treatment,2026-03-05,0
16547,control,2026-03-13,0
16548,treatment,2026-03-04,1
16549,treatment,2026-03-08,1
16550,treatment,2026-03-03,0
16551,treatment,2026-03-15,1
16552,treatment,2026-03-14,1
16553,control,2026-03-03,0
16554,treatment,2026-03-04,0
16555,control,2026-03-08,0
16556,treatment,2026-03-09,0
16557,control,2026-03-07,1
16558,control,2026-03-13,1
16559,control,2026-03-08,0
16560,control,2026-03-14,0
16561,treatment,2026-03-14,0
16562,treatment,2026-03-13,0
16563,treatment,2026-03-05,1
16564,treatment,2026-03-07,0
16565,control,2026-03-07,0
16566,control,2026-03-03,1
16567,treatment,2026-03-03,0
16568,treatment,2026-03-03,0
16569,treatment,2026-03-03,0
16570,treatment,2026-03-03,0
16571,treatment,2026-03-06,0
16572,treatment,2026-03-13,1
16573,control,2026-03-10,1
16574,control,2026-03-11,1
16575,control,2026-03-05,0
16576,control,2026-03-11,1
16577,control,2026-03-03,0
16578,control,2026-03-12,0
16579,control,2026-03-09,1
16580,treatment,2026-03-10,1
16581,control,2026-03-14,0
16582,control,2026-03-15,0
16583,treatment,2026-03-10,0
16584,treatment,2026-03-14,0
16585,control,2026-03-12,0
16586,treatment,2026-03-06,1
16587,treatment,2026-03-03,0
16588,control,2026-03-11,0
16589,control,2026-03-11,0
16590,control,2026-03-08,0
16591,control,2026-03-15,1
16592,treatment,2026-03-10,1
16593,treatment,2026-03-10,0
16594,control,2026-03-09,0
16595,control,2026-03-07,1
16596,control,2026-03-08,0
16597,treatment,2026-03-14,0
16598,treatment,2026-03-12,0
16599,control,2026-03-13,0
16600,control,2026-03-07,0
16601,treatment,2026-03-14,0
16602,treatment,2026-03-10,1
16603,treatment,2026-03-06,1
16604,control,2026-03-04,1
16605,treatment,2026-03-07,0
16606,control,2026-03-14,0
16607,treatment,2026-03-06,0
16608,control,2026-03-14,1
16609,control,2026-03-15,1
16610,treatment,2026-03-12,0
16611,control,2026-03-15,0
16612,treatment,2026-03-14,0
16613,control,2026-03-11,0
16614,control,2026-03-14,1
16615,control,2026-03-12,0
16616,treatment,2026-03-12,0
16617,control,2026-03-07,0
16618,treatment,2026-03-05,0
16619,control,2026-03-13,0
16620,control,2026-03-08,0
16621,control,2026-03-14,0
16622,treatment,2026-03-15,0
16623,control,2026-03-06,1
16624,treatment,2026-03-04,0
16625,control,2026-03-08,0
16626,treatment,2026-03-09,0
16627,treatment,2026-03-06,1
16628,control,2026-03-04,0
16629,treatment,2026-03-09,0
16630,treatment,2026-03-13,0
16631,control,2026-03-07,0
16632,treatment,2026-03-14,0
16633,treatment,2026-03-06,1
16634,treatment,2026-03-07,1
16635,treatment,2026-03-12,1
16636,control,2026-03-04,0
16637,treatment,2026-03-11,1
16638,control,2026-03-12,1
16639,treatment,2026-03-14,0
16640,treatment,2026-03-13,0
16641,control,2026-03-07,0
16642,treatment,2026-03-05,0
16643,treatment,2026-03-11,0
16644,treatment,2026-03-05,1
16645,treatment,2026-03-07,0
16646,control,2026-03-11,0
16647,treatment,2026-03-10,0
16648,control,2026-03-03,1
16649,treatment,2026-03-15,1
16650,treatment,2026-03-02,0
16651,treatment,2026-03-03,0
16652,control,2026-03-04,0
16653,control,2026-03-02,0
16654,treatment,2026-03-07,1
16655,treatment,2026-03-10,0
16656,control,2026-03-15,0
16657,control,2026-03-12,1
16658,control,2026-03-07,0
16659,control,2026-03-09,0
16660,treatment,2026-03-14,1
16661,control,2026-03-09,0
16662,treatment,2026-03-05,0
16663,treatment,2026-03-09,0
16664,treatment,2026-03-11,1
16665,treatment,2026-03-06,0
16666,treatment,2026-03-10,0
16667,control,2026-03-08,1
16668,control,2026-03-02,0
16669,control,2026-03-09,0
16670,control,2026-03-03,1
16671,control,2026-03-07,0
16672,control,2026-03-12,1
16673,control,2026-03-04,1
16674,treatment,2026-03-10,0
16675,treatment,2026-03-02,0
16676,treatment,2026-03-11,0
16677,treatment,2026-03-12,0
16678,treatment,2026-03-08,0
16679,control,2026-03-14,0
16680,treatment,2026-03-12,0
16681,treatment,2026-03-05,0
16682,control,2026-03-03,0
16683,control,2026-03-05,0
16684,control,2026-03-14,1
16685,treatment,2026-03-03,0
16686,treatment,2026-03-13,0
16687,treatment,2026-03-07,0
16688,control,2026-03-11,1
16689,treatment,2026-03-10,0
16690,treatment,2026-03-02,0
16691,control,2026-03-13,1
16692,control,2026-03-15,0
16693,treatment,2026-03-13,1
16694,treatment,2026-03-11,0
16695,treatment,2026-03-02,0
16696,treatment,2026-03-06,0
16697,treatment,2026-03-05,0
16698,control,2026-03-03,0
16699,treatment,2026-03-14,0
16700,treatment,2026-03-06,0
16701,control,2026-03-03,0
16702,treatment,2026-03-04,0
16703,treatment,2026-03-11,1
16704,control,2026-03-09,0
16705,control,2026-03-04,1
16706,treatment,2026-03-07,0
16707,control,2026-03-10,1
16708,treatment,2026-03-12,0
16709,control,2026-03-14,1
16710,treatment,2026-03-12,0
16711,control,2026-03-03,1
16712,control,2026-03-07,1
16713,control,2026-03-03,1
16714,treatment,2026-03-06,0
16715,control,2026-03-11,1
16716,control,2026-03-15,1
16717,control,2026-03-04,0
16718,treatment,2026-03-08,0
16719,control,2026-03-12,1
16720,treatment,2026-03-10,1
16721,control,2026-03-04,1
16722,control,2026-03-08,0
16723,treatment,2026-03-10,0
16724,treatment,2026-03-11,0
16725,treatment,2026-03-08,0
16726,treatment,2026-03-12,1
16727,treatment,2026-03-05,0
16728,treatment,2026-03-14,0
16729,treatment,2026-03-09,1
16730,control,2026-03-07,0
16731,treatment,2026-03-04,1
16732,treatment,2026-03-09,0
16733,treatment,2026-03-13,1
16734,control,2026-03-03,0
16735,treatment,2026-03-06,0
16736,control,2026-03-02,0
16737,control,2026-03-05,1
16738,control,2026-03-12,0
16739,control,2026-03-11,1
16740,treatment,2026-03-10,0
16741,treatment,2026-03-15,0
16742,treatment,2026-03-12,1
16743,treatment,2026-03-07,0
16744,control,2026-03-03,0
16745,treatment,2026-03-06,0
16746,treatment,2026-03-06,1
16747,treatment,2026-03-04,1
16748,control,2026-03-05,0
16749,control,2026-03-05,0
16750,control,2026-03-13,0
16751,treatment,2026-03-15,1
16752,control,2026-03-07,1
16753,treatment,2026-03-12,0
16754,control,2026-03-06,0
16755,control,2026-03-09,1
16756,treatment,2026-03-05,0
16757,treatment,2026-03-03,0
16758,treatment,2026-03-11,0
16759,treatment,2026-03-11,0
16760,control,2026-03-08,1
16761,control,2026-03-07,0
16762,treatment,2026-03-08,1
16763,control,2026-03-10,0
16764,control,2026-03-13,0
16765,treatment,2026-03-06,0
16766,treatment,2026-03-14,0
16767,treatment,2026-03-14,0
16768,control,2026-03-06,0
16769,treatment,2026-03-11,0
16770,treatment,2026-03-11,1
16771,treatment,2026-03-06,1
16772,control,2026-03-05,1
16773,treatment,2026-03-04,0
16774,treatment,2026-03-04,0
16775,treatment,2026-03-11,1
16776,control,2026-03-10,1
16777,treatment,2026-03-13,0
16778,control,2026-03-04,1
16779,control,2026-03-06,1
16780,treatment,2026-03-02,1
16781,control,2026-03-13,0
16782,treatment,2026-03-10,0
16783,treatment,2026-03-03,0
16784,treatment,2026-03-15,0
16785,control,2026-03-14,0
16786,treatment,2026-03-03,0
16787,control,2026-03-06,0
16788,treatment,2026-03-04,1
16789,treatment,2026-03-07,0
16790,treatment,2026-03-03,1
16791,control,2026-03-02,0
16792,control,2026-03-15,0
16793,control,2026-03-09,0
16794,treatment,2026-03-09,1
16795,treatment,2026-03-03,0
16796,control,2026-03-04,1
16797,treatment,2026-03-12,1
16798,treatment,2026-03-13,0
16799,control,2026-03-12,0
16800,treatment,2026-03-11,1
16801,control,2026-03-05,1
16802,control,2026-03-08,0
16803,treatment,2026-03-05,0
16804,control,2026-03-06,0
16805,treatment,2026-03-11,0
16806,control,2026-03-10,0
16807,treatment,2026-03-09,0
16808,treatment,2026-03-02,0
16809,treatment,2026-03-08,0
16810,control,2026-03-07,1
16811,control,2026-03-08,1
16812,control,2026-03-14,1
16813,treatment,2026-03-10,1
16814,treatment,2026-03-05,0
16815,control,2026-03-14,1
16816,treatment,2026-03-07,0
16817,treatment,2026-03-10,1
16818,control,2026-03-07,0
16819,treatment,2026-03-10,1
16820,treatment,2026-03-02,1
16821,treatment,2026-03-03,0
16822,control,2026-03-12,1
16823,control,2026-03-13,0
16824,treatment,2026-03-05,0
16825,control,2026-03-09,0
16826,control,2026-03-10,0
16827,treatment,2026-03-14,0
16828,treatment,2026-03-11,0
16829,control,2026-03-08,1
16830,control,2026-03-09,0
16831,control,2026-03-11,0
16832,control,2026-03-15,0
16833,treatment,2026-03-09,0
16834,treatment,2026-03-05,0
16835,control,2026-03-13,0
16836,treatment,2026-03-06,0
16837,control,2026-03-06,1
16838,treatment,2026-03-12,0
16839,control,2026-03-03,0
16840,treatment,2026-03-08,0
16841,treatment,2026-03-09,0
16842,control,2026-03-07,0
16843,treatment,2026-03-09,0
16844,treatment,2026-03-06,0
16845,control,2026-03-08,0
16846,control,2026-03-06,1
16847,treatment,2026-03-03,0
16848,control,2026-03-11,0
16849,control,2026-03-02,0
16850,treatment,2026-03-02,0
16851,treatment,2026-03-08,1
16852,treatment,2026-03-11,1
16853,treatment,2026-03-07,0
16854,treatment,2026-03-08,0
16855,control,2026-03-08,0
16856,treatment,2026-03-10,0
16857,treatment,2026-03-15,0
16858,control,2026-03-14,0
16859,control,2026-03-07,1
16860,treatment,2026-03-10,0
16861,control,2026-03-04,0
16862,treatment,2026-03-11,0
16863,treatment,2026-03-03,1
16864,treatment,2026-03-14,1
16865,treatment,2026-03-06,0
16866,control,2026-03-06,0
16867,treatment,2026-03-03,0
16868,control,2026-03-10,1
16869,treatment,2026-03-15,1
16870,treatment,2026-03-03,0
16871,treatment,2026-03-04,0
16872,treatment,2026-03-04,0
16873,control,2026-03-04,0
16874,treatment,2026-03-06,0
16875,treatment,2026-03-05,0
16876,treatment,2026-03-14,1
16877,treatment,2026-03-04,0
16878,control,2026-03-08,1
16879,control,2026-03-03,0
16880,control,2026-03-11,0
16881,control,2026-03-12,0
16882,control,2026-03-02,1
16883,control,2026-03-06,1
16884,control,2026-03-06,1
16885,control,2026-03-15,1
16886,treatment,2026-03-05,0
16887,treatment,2026-03-03,1
16888,control,2026-03-07,0
16889,control,2026-03-09,1
16890,control,2026-03-09,1
16891,control,2026-03-14,0
16892,control,2026-03-04,0
16893,treatment,2026-03-10,0
16894,control,2026-03-05,1
16895,treatment,2026-03-15,0
16896,control,2026-03-12,0
16897,treatment,2026-03-04,1
16898,control,2026-03-08,0
16899,treatment,2026-03-04,1
16900,treatment,2026-03-03,1
16901,treatment,2026-03-07,1
16902,control,2026-03-08,0
16903,treatment,2026-03-11,0
16904,control,2026-03-08,0
16905,treatment,2026-03-08,0
16906,treatment,2026-03-13,0
16907,control,2026-03-11,1
16908,control,2026-03-15,1
16909,treatment,2026-03-12,0
16910,treatment,2026-03-05,0
16911,treatment,2026-03-05,0
16912,control,2026-03-14,0
16913,control,2026-03-10,1
16914,control,2026-03-04,0
16915,control,2026-03-10,0
16916,treatment,2026-03-03,1
16917,treatment,2026-03-15,1
16918,treatment,2026-03-11,0
16919,treatment,2026-03-15,0
16920,control,2026-03-12,0
16921,treatment,2026-03-12,1
16922,treatment,2026-03-04,0
16923,treatment,2026-03-07,0
16924,treatment,2026-03-15,1
16925,control,2026-03-02,0
16926,treatment,2026-03-03,0
16927,control,2026-03-14,0
16928,control,2026-03-09,0
16929,treatment,2026-03-09,0
16930,treatment,2026-03-04,0
16931,control,2026-03-12,0
16932,treatment,2026-03-05,0
16933,treatment,2026-03-15,1
16934,control,2026-03-11,0
16935,control,2026-03-06,0
16936,control,2026-03-02,0
16937,treatment,2026-03-09,0
16938,treatment,2026-03-03,0
16939,control,2026-03-14,0
16940,treatment,2026-03-10,0
16941,control,2026-03-03,0
16942,treatment,2026-03-03,0
16943,treatment,2026-03-04,1
16944,control,2026-03-05,0
16945,treatment,2026-03-03,1
16946,control,2026-03-08,0
16947,treatment,2026-03-03,0
16948,treatment,2026-03-05,1
16949,control,2026-03-13,0
16950,treatment,2026-03-14,0
16951,treatment,2026-03-11,0
16952,treatment,2026-03-05,0
16953,control,2026-03-05,0
16954,treatment,2026-03-13,0
16955,control,2026-03-08,0
16956,control,2026-03-15,0
16957,treatment,2026-03-07,0
16958,treatment,2026-03-04,0
16959,control,2026-03-02,1
16960,treatment,2026-03-05,0
16961,control,2026-03-06,0
16962,control,2026-03-11,0
16963,treatment,2026-03-13,0
16964,treatment,2026-03-11,0
16965,control,2026-03-02,0
16966,control,2026-03-12,0
16967,treatment,2026-03-07,0
16968,treatment,2026-03-14,1
16969,treatment,2026-03-14,0
16970,control,2026-03-13,0
16971,treatment,2026-03-07,1
16972,treatment,2026-03-11,0
16973,control,2026-03-15,0
16974,treatment,2026-03-14,0
16975,treatment,2026-03-11,0
16976,control,2026-03-09,0
16977,treatment,2026-03-13,0
16978,control,2026-03-03,0
16979,control,2026-03-12,0
16980,treatment,2026-03-11,1
16981,treatment,2026-03-03,1
16982,treatment,2026-03-05,0
16983,control,2026-03-06,0
16984,control,2026-03-13,0
16985,treatment,2026-03-15,0
16986,control,2026-03-14,0
16987,treatment,2026-03-14,1
16988,treatment,2026-03-10,1
16989,control,2026-03-06,0
16990,control,2026-03-05,0
16991,treatment,2026-03-14,0
16992,control,2026-03-07,1
16993,control,2026-03-03,0
16994,control,2026-03-03,1
16995,treatment,2026-03-14,0
16996,control,2026-03-13,0
16997,treatment,2026-03-14,1
16998,control,2026-03-11,0
16999,control,2026-03-09,1
17000,treatment,2026-03-14,1
17001,control,2026-03-06,1
17002,control,2026-03-07,0
17003,treatment,2026-03-08,0
17004,control,2026-03-13,0
17005,treatment,2026-03-14,0
17006,control,2026-03-12,0
17007,treatment,2026-03-13,1
17008,control,2026-03-11,1
17009,control,2026-03-10,0
17010,treatment,2026-03-11,0
17011,treatment,2026-03-03,1
17012,treatment,2026-03-03,0
17013,treatment,2026-03-02,0
17014,control,2026-03-12,0
17015,treatment,2026-03-15,0
17016,control,2026-03-04,0
17017,control,2026-03-14,0
17018,treatment,2026-03-06,1
17019,control,2026-03-02,0
17020,control,2026-03-03,1
17021,control,2026-03-06,0
17022,control,2026-03-12,0
17023,treatment,2026-03-02,0
17024,treatment,2026-03-15,1
17025,control,2026-03-14,0
17026,treatment,2026-03-02,1
17027,control,2026-03-07,0
17028,treatment,2026-03-02,0
17029,control,2026-03-10,0
17030,treatment,2026-03-04,1
17031,control,2026-03-02,0
17032,treatment,2026-03-14,1
17033,treatment,2026-03-08,0
17034,control,2026-03-13,0
17035,control,2026-03-13,1
17036,control,2026-03-11,0
17037,treatment,2026-03-09,1
17038,control,2026-03-14,1
17039,control,2026-03-11,0
17040,treatment,2026-03-11,0
17041,control,2026-03-15,0
17042,treatment,2026-03-03,0
17043,control,2026-03-06,1
17044,treatment,2026-03-07,0
17045,treatment,2026-03-13,0
17046,control,2026-03-04,0
17047,treatment,2026-03-11,0
17048,control,2026-03-02,1
17049,control,2026-03-15,0
17050,treatment,2026-03-10,1
17051,control,2026-03-05,0
17052,treatment,2026-03-12,0
17053,treatment,2026-03-08,1
17054,control,2026-03-05,0
17055,treatment,2026-03-03,0
17056,treatment,2026-03-02,0
17057,control,2026-03-12,0
17058,control,2026-03-15,0
17059,treatment,2026-03-09,1
17060,control,2026-03-06,0
17061,control,2026-03-10,1
17062,treatment,2026-03-14,0
17063,treatment,2026-03-03,1
17064,treatment,2026-03-09,0
17065,control,2026-03-03,0
17066,treatment,2026-03-05,0
17067,control,2026-03-08,1
17068,control,2026-03-09,0
17069,control,2026-03-11,0
17070,treatment,2026-03-15,1
17071,control,2026-03-14,1
17072,treatment,2026-03-15,0
17073,treatment,2026-03-04,1
17074,treatment,2026-03-07,0
17075,treatment,2026-03-07,0
17076,treatment,2026-03-12,0
17077,control,2026-03-14,0
17078,control,2026-03-14,0
17079,treatment,2026-03-02,0
17080,treatment,2026-03-11,0
17081,treatment,2026-03-08,0
17082,treatment,2026-03-06,1
17083,control,2026-03-04,1
17084,treatment,2026-03-08,0
17085,control,2026-03-05,0
17086,control,2026-03-08,1
17087,control,2026-03-07,0
17088,treatment,2026-03-03,1
17089,treatment,2026-03-05,1
17090,treatment,2026-03-06,0
17091,treatment,2026-03-10,0
17092,treatment,2026-03-10,1
17093,control,2026-03-10,0
17094,control,2026-03-05,0
17095,control,2026-03-10,0
17096,treatment,2026-03-07,0
17097,control,2026-03-13,1
17098,control,2026-03-09,0
17099,control,2026-03-12,0
17100,treatment,2026-03-06,0
17101,treatment,2026-03-14,1
17102,treatment,2026-03-12,1
17103,treatment,2026-03-15,0
17104,treatment,2026-03-15,1
17105,treatment,2026-03-14,0
17106,treatment,2026-03-09,0
17107,treatment,2026-03-03,1
17108,control,2026-03-15,0
17109,control,2026-03-14,1
17110,control,2026-03-03,0
17111,treatment,2026-03-15,0
17112,treatment,2026-03-07,1
17113,control,2026-03-10,1
17114,control,2026-03-05,0
17115,control,2026-03-03,0
17116,treatment,2026-03-13,1
17117,treatment,2026-03-10,1
17118,control,2026-03-05,0
17119,control,2026-03-12,1
17120,control,2026-03-04,0
17121,treatment,2026-03-08,0
17122,control,2026-03-11,0
17123,control,2026-03-11,0
17124,control,2026-03-06,0
17125,control,2026-03-09,0
17126,control,2026-03-03,1
17127,treatment,2026-03-05,0
17128,treatment,2026-03-06,0
17129,treatment,2026-03-15,1
17130,control,2026-03-11,1
17131,control,2026-03-10,1
17132,treatment,2026-03-06,0
17133,treatment,2026-03-12,0
17134,treatment,2026-03-14,0
17135,treatment,2026-03-13,0
17136,control,2026-03-11,0
17137,treatment,2026-03-06,0
17138,control,2026-03-05,0
17139,treatment,2026-03-02,1
17140,control,2026-03-09,1
17141,control,2026-03-07,0
17142,treatment,2026-03-10,1
17143,treatment,2026-03-02,1
17144,treatment,2026-03-05,0
17145,treatment,2026-03-02,1
17146,treatment,2026-03-04,1
17147,treatment,2026-03-11,0
17148,control,2026-03-03,0
17149,treatment,2026-03-02,1
17150,control,2026-03-02,0
17151,control,2026-03-14,1
17152,control,2026-03-15,1
17153,treatment,2026-03-06,0
17154,treatment,2026-03-15,1
17155,control,2026-03-02,0
17156,control,2026-03-08,1
17157,control,2026-03-09,1
17158,treatment,2026-03-14,0
17159,control,2026-03-09,0
17160,control,2026-03-12,0
17161,treatment,2026-03-13,0
17162,control,2026-03-10,0
17163,treatment,2026-03-07,1
17164,treatment,2026-03-12,1
17165,treatment,2026-03-03,0
17166,treatment,2026-03-11,1
17167,treatment,2026-03-07,0
17168,control,2026-03-03,0
17169,control,2026-03-14,1
17170,treatment,2026-03-06,1
17171,control,2026-03-10,0
17172,treatment,2026-03-04,1
17173,treatment,2026-03-02,1
17174,control,2026-03-06,1
17175,control,2026-03-05,0
17176,treatment,2026-03-07,0
17177,control,2026-03-04,1
17178,control,2026-03-10,0
17179,treatment,2026-03-13,0
17180,treatment,2026-03-09,1
17181,control,2026-03-11,0
17182,treatment,2026-03-09,0
17183,control,2026-03-15,0
17184,control,2026-03-08,0
17185,control,2026-03-09,0
17186,control,2026-03-03,0
17187,treatment,2026-03-03,0
17188,treatment,2026-03-12,0
17189,control,2026-03-10,0
17190,control,2026-03-09,0
17191,control,2026-03-14,0
17192,control,2026-03-11,0
17193,treatment,2026-03-03,0
17194,treatment,2026-03-13,1
17195,control,2026-03-06,0
17196,treatment,2026-03-08,0
17197,treatment,2026-03-02,1
17198,treatment,2026-03-07,0
17199,control,2026-03-08,0
17200,control,2026-03-10,1
17201,treatment,2026-03-08,0
17202,treatment,2026-03-13,1
17203,treatment,2026-03-10,0
17204,treatment,2026-03-10,0
17205,control,2026-03-05,1
17206,treatment,2026-03-14,0
17207,control,2026-03-05,0
17208,control,2026-03-13,0
17209,control,2026-03-03,0
17210,control,2026-03-04,0
17211,control,2026-03-03,0
17212,treatment,2026-03-09,0
17213,treatment,2026-03-13,0
17214,control,2026-03-15,1
17215,treatment,2026-03-08,0
17216,control,2026-03-06,0
17217,control,2026-03-09,0
17218,control,2026-03-03,0
17219,control,2026-03-06,0
17220,treatment,2026-03-06,1
17221,treatment,2026-03-13,1
17222,control,2026-03-02,0
17223,control,2026-03-05,1
17224,control,2026-03-05,1
17225,treatment,2026-03-15,1
17226,control,2026-03-11,0
17227,treatment,2026-03-03,0
17228,control,2026-03-08,0
17229,control,2026-03-09,1
17230,control,2026-03-13,1
17231,treatment,2026-03-04,1
17232,control,2026-03-04,0
17233,control,2026-03-10,0
17234,control,2026-03-13,1
17235,treatment,2026-03-05,1
17236,treatment,2026-03-10,0
17237,control,2026-03-09,0
17238,control,2026-03-14,0
17239,control,2026-03-05,1
17240,treatment,2026-03-09,0
17241,control,2026-03-05,0
17242,control,2026-03-06,1
17243,control,2026-03-10,0
17244,treatment,2026-03-05,0
17245,control,2026-03-05,1
17246,control,2026-03-15,0
17247,control,2026-03-10,0
17248,control,2026-03-12,0
17249,treatment,2026-03-04,1
17250,control,2026-03-14,0
17251,control,2026-03-12,0
17252,treatment,2026-03-08,0
17253,treatment,2026-03-03,0
17254,treatment,2026-03-02,0
17255,treatment,2026-03-06,1
17256,treatment,2026-03-02,0
17257,control,2026-03-07,0
17258,treatment,2026-03-09,1
17259,treatment,2026-03-08,1
17260,control,2026-03-15,1
17261,treatment,2026-03-07,1
17262,control,2026-03-06,0
17263,treatment,2026-03-05,0
17264,control,2026-03-09,1
17265,control,2026-03-05,0
17266,treatment,2026-03-05,1
17267,control,2026-03-06,0
17268,control,2026-03-07,0
17269,control,2026-03-05,0
17270,treatment,2026-03-11,0
17271,treatment,2026-03-08,0
17272,treatment,2026-03-05,1
17273,control,2026-03-02,1
17274,control,2026-03-02,0
17275,control,2026-03-13,0
17276,treatment,2026-03-07,1
17277,control,2026-03-07,1
17278,control,2026-03-14,0
17279,treatment,2026-03-06,0
17280,treatment,2026-03-06,0
17281,control,2026-03-10,1
17282,control,2026-03-03,0
17283,treatment,2026-03-05,1
17284,control,2026-03-12,0
17285,treatment,2026-03-02,0
17286,control,2026-03-03,1
17287,treatment,2026-03-02,0
17288,treatment,2026-03-07,1
17289,treatment,2026-03-08,1
17290,treatment,2026-03-08,0
17291,treatment,2026-03-04,1
17292,control,2026-03-03,0
17293,control,2026-03-13,0
17294,treatment,2026-03-06,1
17295,treatment,2026-03-11,0
17296,treatment,2026-03-07,0
17297,treatment,2026-03-05,1
17298,control,2026-03-07,1
17299,control,2026-03-06,1
17300,treatment,2026-03-06,0
17301,control,2026-03-09,0
17302,control,2026-03-14,1
17303,control,2026-03-11,1
17304,treatment,2026-03-02,0
17305,control,2026-03-14,0
17306,control,2026-03-10,0
17307,control,2026-03-11,0
17308,treatment,2026-03-15,1
17309,treatment,2026-03-12,0
17310,control,2026-03-14,1
17311,control,2026-03-06,0
17312,treatment,2026-03-10,1
17313,treatment,2026-03-14,1
17314,treatment,2026-03-07,0
17315,control,2026-03-14,1
17316,treatment,2026-03-07,1
17317,treatment,2026-03-06,0
17318,treatment,2026-03-15,0
17319,control,2026-03-12,0
17320,control,2026-03-07,0
17321,treatment,2026-03-07,0
17322,control,2026-03-10,0
17323,control,2026-03-15,1
17324,control,2026-03-10,1
17325,control,2026-03-06,0
17326,control,2026-03-14,1
17327,control,2026-03-06,0
17328,treatment,2026-03-07,0
17329,control,2026-03-12,0
17330,treatment,2026-03-12,0
17331,treatment,2026-03-09,1
17332,control,2026-03-08,0
17333,control,2026-03-02,0
17334,treatment,2026-03-04,0
17335,treatment,2026-03-07,1
17336,control,2026-03-05,0
17337,treatment,2026-03-02,0
17338,treatment,2026-03-03,1
17339,control,2026-03-06,1
17340,treatment,2026-03-15,0
17341,control,2026-03-14,0
17342,control,2026-03-07,0
17343,treatment,2026-03-03,1
17344,control,2026-03-10,1
17345,control,2026-03-15,0
17346,control,2026-03-09,0
17347,control,2026-03-04,1
17348,treatment,2026-03-14,0
17349,control,2026-03-12,0
17350,treatment,2026-03-05,0
17351,control,2026-03-10,0
17352,treatment,2026-03-10,0
17353,treatment,2026-03-04,0
17354,control,2026-03-02,0
17355,control,2026-03-05,0
17356,control,2026-03-10,0
17357,treatment,2026-03-02,1
17358,treatment,2026-03-02,1
17359,control,2026-03-08,0
17360,control,2026-03-15,0
17361,control,2026-03-07,0
17362,treatment,2026-03-15,1
17363,treatment,2026-03-11,0
17364,treatment,2026-03-10,0
17365,treatment,2026-03-09,1
17366,control,2026-03-06,0
17367,treatment,2026-03-11,1
17368,treatment,2026-03-14,1
17369,treatment,2026-03-13,0
17370,control,2026-03-15,0
17371,control,2026-03-09,0
17372,treatment,2026-03-04,1
17373,control,2026-03-07,1
17374,treatment,2026-03-02,0
17375,treatment,2026-03-06,0
17376,treatment,2026-03-03,0
17377,treatment,2026-03-13,0
17378,treatment,2026-03-14,1
17379,control,2026-03-03,1
17380,control,2026-03-11,1
17381,control,2026-03-13,1
17382,control,2026-03-09,0
17383,control,2026-03-15,0
17384,control,2026-03-11,0
17385,control,2026-03-08,0
17386,treatment,2026-03-15,1
17387,control,2026-03-12,0
17388,treatment,2026-03-09,1
17389,treatment,2026-03-08,1
17390,control,2026-03-05,0
17391,control,2026-03-02,0
17392,treatment,2026-03-05,0
17393,treatment,2026-03-14,1
17394,control,2026-03-05,1
17395,treatment,2026-03-13,1
17396,treatment,2026-03-15,0
17397,control,2026-03-05,0
17398,control,2026-03-14,0
17399,control,2026-03-12,0
17400,treatment,2026-03-09,0
17401,control,2026-03-03,1
17402,treatment,2026-03-15,1
17403,treatment,2026-03-10,1
17404,control,2026-03-10,1
17405,treatment,2026-03-14,1
17406,treatment,2026-03-07,0
17407,control,2026-03-14,0
17408,treatment,2026-03-03,0
17409,treatment,2026-03-07,0
17410,control,2026-03-11,0
17411,treatment,2026-03-02,1
17412,control,2026-03-15,0
17413,treatment,2026-03-05,0
17414,control,2026-03-08,1
17415,control,2026-03-13,0
17416,treatment,2026-03-10,1
17417,control,2026-03-05,1
17418,control,2026-03-09,0
17419,treatment,2026-03-03,1
17420,treatment,2026-03-15,0
17421,control,2026-03-03,1
17422,control,2026-03-11,1
17423,treatment,2026-03-14,0
17424,treatment,2026-03-05,1
17425,control,2026-03-03,1
17426,control,2026-03-05,0
17427,treatment,2026-03-06,0
17428,treatment,2026-03-06,1
17429,control,2026-03-04,1
17430,control,2026-03-12,0
17431,treatment,2026-03-02,0
17432,treatment,2026-03-08,0
17433,treatment,2026-03-05,0
17434,control,2026-03-15,1
17435,treatment,2026-03-14,0
17436,treatment,2026-03-03,1
17437,treatment,2026-03-04,0
17438,treatment,2026-03-02,0
17439,control,2026-03-05,1
17440,control,2026-03-04,0
17441,control,2026-03-05,0
17442,treatment,2026-03-04,0
17443,treatment,2026-03-11,0
17444,control,2026-03-10,0
17445,control,2026-03-07,0
17446,treatment,2026-03-05,1
17447,treatment,2026-03-14,1
17448,treatment,2026-03-07,0
17449,treatment,2026-03-10,0
17450,treatment,2026-03-13,1
17451,treatment,2026-03-08,0
17452,control,2026-03-14,0
17453,treatment,2026-03-04,1
17454,control,2026-03-11,1
17455,treatment,2026-03-09,1
17456,control,2026-03-05,0
17457,control,2026-03-07,0
17458,control,2026-03-05,1
17459,control,2026-03-03,1
17460,treatment,2026-03-05,0
17461,treatment,2026-03-10,1
17462,control,2026-03-11,1
17463,control,2026-03-03,0
17464,treatment,2026-03-13,0
17465,control,2026-03-09,1
17466,control,2026-03-11,0
17467,control,2026-03-12,0
17468,treatment,2026-03-05,0
17469,treatment,2026-03-04,0
17470,control,2026-03-05,0
17471,control,2026-03-11,0
17472,control,2026-03-14,0
17473,treatment,2026-03-09,0
17474,treatment,2026-03-12,0
17475,treatment,2026-03-10,0
17476,treatment,2026-03-04,0
17477,control,2026-03-10,0
17478,treatment,2026-03-08,0
17479,control,2026-03-11,1
17480,treatment,2026-03-05,0
17481,control,2026-03-15,0
17482,control,2026-03-03,0
17483,control,2026-03-09,1
17484,treatment,2026-03-09,0
17485,treatment,2026-03-06,0
17486,treatment,2026-03-02,0
17487,treatment,2026-03-04,1
17488,treatment,2026-03-15,0
17489,control,2026-03-03,0
17490,treatment,2026-03-13,0
17491,treatment,2026-03-09,0
17492,treatment,2026-03-12,0
17493,treatment,2026-03-14,0
17494,treatment,2026-03-12,0
17495,treatment,2026-03-06,1
17496,treatment,2026-03-09,1
17497,control,2026-03-03,1
17498,control,2026-03-12,1
17499,treatment,2026-03-09,0
17500,control,2026-03-10,0
17501,control,2026-03-13,1
17502,control,2026-03-05,0
17503,treatment,2026-03-14,0
17504,treatment,2026-03-14,0
17505,control,2026-03-05,1
17506,control,2026-03-05,0
17507,control,2026-03-06,0
17508,treatment,2026-03-05,1
17509,treatment,2026-03-07,0
17510,treatment,2026-03-05,1
17511,control,2026-03-04,0
17512,treatment,2026-03-08,1
17513,treatment,2026-03-09,0
17514,control,2026-03-03,1
17515,treatment,2026-03-12,1
17516,treatment,2026-03-06,0
17517,treatment,2026-03-07,0
17518,control,2026-03-08,0
17519,control,2026-03-09,0
17520,control,2026-03-06,1
17521,treatment,2026-03-10,0
17522,treatment,2026-03-02,0
17523,treatment,2026-03-08,1
17524,control,2026-03-09,0
17525,treatment,2026-03-03,0
17526,control,2026-03-08,0
17527,treatment,2026-03-06,0
17528,control,2026-03-10,0
17529,control,2026-03-07,0
17530,control,2026-03-13,0
17531,treatment,2026-03-03,0
17532,treatment,2026-03-09,1
17533,control,2026-03-11,0
17534,control,2026-03-04,1
17535,control,2026-03-08,0
17536,treatment,2026-03-12,0
17537,control,2026-03-06,1
17538,control,2026-03-06,0
17539,treatment,2026-03-15,1
17540,control,2026-03-12,1
17541,control,2026-03-15,1
17542,control,2026-03-02,1
17543,control,2026-03-08,1
17544,control,2026-03-10,0
17545,control,2026-03-13,0
17546,control,2026-03-07,1
17547,treatment,2026-03-04,0
17548,control,2026-03-06,0
17549,treatment,2026-03-08,0
17550,control,2026-03-12,0
17551,treatment,2026-03-13,0
17552,control,2026-03-07,0
17553,treatment,2026-03-07,1
17554,treatment,2026-03-11,0
17555,control,2026-03-04,1
17556,control,2026-03-03,0
17557,control,2026-03-05,0
17558,treatment,2026-03-04,1
17559,control,2026-03-07,1
17560,control,2026-03-06,0
17561,control,2026-03-10,0
17562,control,2026-03-06,1
17563,control,2026-03-09,1
17564,treatment,2026-03-12,0
17565,control,2026-03-12,0
17566,treatment,2026-03-04,0
17567,treatment,2026-03-04,0
17568,treatment,2026-03-03,0
17569,treatment,2026-03-14,0
17570,treatment,2026-03-14,0
17571,control,2026-03-10,0
17572,control,2026-03-15,1
17573,control,2026-03-14,0
17574,control,2026-03-12,0
17575,treatment,2026-03-04,1
17576,control,2026-03-04,0
17577,treatment,2026-03-07,0
17578,control,2026-03-15,0
17579,control,2026-03-13,0
17580,treatment,2026-03-02,1
17581,control,2026-03-10,1
17582,control,2026-03-03,0
17583,control,2026-03-14,0
17584,treatment,2026-03-10,1
17585,control,2026-03-15,1
17586,control,2026-03-12,0
17587,treatment,2026-03-12,0
17588,control,2026-03-03,1
17589,control,2026-03-11,0
17590,control,2026-03-14,0
17591,control,2026-03-10,0
17592,treatment,2026-03-04,1
17593,control,2026-03-08,1
17594,treatment,2026-03-07,1
17595,treatment,2026-03-03,0
17596,control,2026-03-05,1
17597,control,2026-03-07,0
17598,treatment,2026-03-06,0
17599,treatment,2026-03-02,0
17600,control,2026-03-07,0
17601,treatment,2026-03-05,0
17602,treatment,2026-03-04,1
17603,control,2026-03-12,0
17604,treatment,2026-03-07,0
17605,control,2026-03-12,0
17606,control,2026-03-15,0
17607,treatment,2026-03-06,0
17608,treatment,2026-03-11,0
17609,treatment,2026-03-06,1
17610,treatment,2026-03-15,1
17611,control,2026-03-02,0
17612,control,2026-03-10,0
17613,control,2026-03-09,0
17614,treatment,2026-03-15,1
17615,treatment,2026-03-02,1
17616,control,2026-03-11,0
17617,treatment,2026-03-09,0
17618,treatment,2026-03-08,0
17619,control,2026-03-10,0
17620,control,2026-03-02,1
17621,control,2026-03-10,1
17622,control,2026-03-07,0
17623,treatment,2026-03-08,0
17624,control,2026-03-07,1
17625,control,2026-03-14,0
17626,treatment,2026-03-11,0
17627,treatment,2026-03-15,0
17628,control,2026-03-14,0
17629,treatment,2026-03-06,0
17630,control,2026-03-14,0
17631,treatment,2026-03-05,0
17632,treatment,2026-03-13,1
17633,control,2026-03-04,0
17634,control,2026-03-15,0
17635,control,2026-03-13,1
17636,treatment,2026-03-15,1
17637,control,2026-03-08,0
17638,control,2026-03-06,0
17639,control,2026-03-12,0
17640,control,2026-03-11,0
17641,treatment,2026-03-05,0
17642,control,2026-03-04,1
17643,treatment,2026-03-13,0
17644,control,2026-03-07,1
17645,treatment,2026-03-09,0
17646,control,2026-03-11,0
17647,control,2026-03-10,0
17648,treatment,2026-03-08,0
17649,control,2026-03-06,1
17650,treatment,2026-03-05,1
17651,treatment,2026-03-12,0
17652,control,2026-03-09,1
17653,control,2026-03-06,0
17654,control,2026-03-08,1
17655,control,2026-03-15,1
17656,control,2026-03-09,0
17657,treatment,2026-03-09,1
17658,control,2026-03-05,1
17659,control,2026-03-11,0
17660,control,2026-03-04,0
17661,control,2026-03-10,1
17662,treatment,2026-03-02,0
17663,treatment,2026-03-04,1
17664,treatment,2026-03-11,0
17665,treatment,2026-03-08,0
17666,treatment,2026-03-11,0
17667,treatment,2026-03-05,0
17668,control,2026-03-06,0
17669,control,2026-03-06,0
17670,treatment,2026-03-07,0
17671,treatment,2026-03-14,0
17672,treatment,2026-03-05,1
17673,control,2026-03-11,0
17674,control,2026-03-12,1
17675,treatment,2026-03-04,0
17676,treatment,2026-03-10,0
17677,treatment,2026-03-05,1
17678,treatment,2026-03-14,0
17679,treatment,2026-03-06,0
17680,control,2026-03-15,0
17681,control,2026-03-10,1
17682,control,2026-03-11,0
17683,treatment,2026-03-10,0
17684,control,2026-03-05,0
17685,control,2026-03-02,0
17686,control,2026-03-10,0
17687,control,2026-03-13,1
17688,treatment,2026-03-14,0
17689,control,2026-03-11,1
17690,treatment,2026-03-14,1
17691,treatment,2026-03-02,1
17692,treatment,2026-03-08,0
17693,treatment,2026-03-09,1
17694,treatment,2026-03-08,0
17695,control,2026-03-12,0
17696,control,2026-03-03,0
17697,treatment,2026-03-02,1
17698,control,2026-03-04,0
17699,control,2026-03-13,0
17700,treatment,2026-03-15,1
17701,treatment,2026-03-05,1
17702,control,2026-03-03,0
17703,control,2026-03-08,0
17704,control,2026-03-06,0
17705,treatment,2026-03-09,0
17706,control,2026-03-11,1
17707,control,2026-03-15,1
17708,control,2026-03-09,0
17709,treatment,2026-03-08,0
17710,control,2026-03-10,1
17711,control,2026-03-05,0
17712,control,2026-03-05,1
17713,control,2026-03-13,1
17714,control,2026-03-13,0
17715,control,2026-03-04,0
17716,control,2026-03-10,0
17717,treatment,2026-03-13,1
17718,treatment,2026-03-05,0
17719,control,2026-03-05,0
17720,treatment,2026-03-12,0
17721,treatment,2026-03-02,1
17722,control,2026-03-06,1
17723,treatment,2026-03-06,0
17724,control,2026-03-02,1
17725,control,2026-03-08,1
17726,control,2026-03-05,1
17727,treatment,2026-03-02,0
17728,control,2026-03-13,0
17729,treatment,2026-03-05,0
17730,control,2026-03-10,0
17731,treatment,2026-03-02,0
17732,control,2026-03-07,0
17733,treatment,2026-03-06,0
17734,treatment,2026-03-14,1
17735,control,2026-03-15,0
17736,treatment,2026-03-05,1
17737,treatment,2026-03-12,0
17738,treatment,2026-03-13,0
17739,control,2026-03-02,0
17740,control,2026-03-13,0
17741,treatment,2026-03-08,0
17742,treatment,2026-03-11,0
17743,treatment,2026-03-10,1
17744,control,2026-03-15,1
17745,control,2026-03-07,1
17746,treatment,2026-03-13,1
17747,treatment,2026-03-08,0
17748,control,2026-03-03,1
17749,control,2026-03-07,1
17750,control,2026-03-11,0
17751,treatment,2026-03-09,1
17752,treatment,2026-03-07,0
17753,control,2026-03-10,0
17754,treatment,2026-03-11,0
17755,treatment,2026-03-05,0
17756,control,2026-03-06,0
17757,control,2026-03-09,0
17758,treatment,2026-03-08,0
17759,control,2026-03-02,1
17760,treatment,2026-03-12,0
17761,control,2026-03-06,0
17762,treatment,2026-03-02,0
17763,treatment,2026-03-11,0
17764,treatment,2026-03-09,0
17765,treatment,2026-03-10,0
17766,treatment,2026-03-14,0
17767,treatment,2026-03-07,0
17768,control,2026-03-08,0
17769,treatment,2026-03-13,0
17770,control,2026-03-03,1
17771,treatment,2026-03-08,1
17772,control,2026-03-13,1
17773,treatment,2026-03-06,0
17774,control,2026-03-13,0
17775,treatment,2026-03-09,0
17776,treatment,2026-03-08,0
17777,treatment,2026-03-10,0
17778,treatment,2026-03-02,0
17779,control,2026-03-08,0
17780,treatment,2026-03-07,0
17781,treatment,2026-03-12,0
17782,control,2026-03-10,0
17783,treatment,2026-03-06,1
17784,control,2026-03-08,0
17785,control,2026-03-12,0
17786,treatment,2026-03-09,0
17787,treatment,2026-03-02,1
17788,control,2026-03-06,0
17789,treatment,2026-03-13,0
17790,treatment,2026-03-07,1
17791,control,2026-03-14,1
17792,treatment,2026-03-10,0
17793,treatment,2026-03-09,0
17794,control,2026-03-09,1
17795,treatment,2026-03-03,0
17796,treatment,2026-03-10,0
17797,control,2026-03-02,1
17798,control,2026-03-05,0
17799,treatment,2026-03-08,0
17800,control,2026-03-14,0
17801,control,2026-03-06,0
17802,treatment,2026-03-03,0
17803,control,2026-03-06,0
17804,control,2026-03-10,1
17805,treatment,2026-03-07,1
17806,treatment,2026-03-08,0
17807,treatment,2026-03-11,1
17808,treatment,2026-03-02,0
17809,control,2026-03-04,0
17810,control,2026-03-05,0
17811,treatment,2026-03-09,0
17812,control,2026-03-05,0
17813,control,2026-03-09,0
17814,treatment,2026-03-09,1
17815,control,2026-03-08,1
17816,control,2026-03-08,0
17817,control,2026-03-05,1
17818,treatment,2026-03-05,0
17819,control,2026-03-04,1
17820,treatment,2026-03-03,0
17821,control,2026-03-04,0
17822,treatment,2026-03-05,0
17823,control,2026-03-12,1
17824,treatment,2026-03-13,1
17825,treatment,2026-03-15,0
17826,treatment,2026-03-06,1
17827,treatment,2026-03-13,1
17828,control,2026-03-03,1
17829,control,2026-03-03,0
17830,control,2026-03-02,1
17831,treatment,2026-03-10,0
17832,control,2026-03-15,0
17833,treatment,2026-03-15,1
17834,control,2026-03-15,0
17835,treatment,2026-03-06,0
17836,control,2026-03-09,0
17837,treatment,2026-03-15,0
17838,treatment,2026-03-06,1
17839,treatment,2026-03-06,1
17840,control,2026-03-08,1
17841,control,2026-03-13,1
17842,control,2026-03-04,1
17843,control,2026-03-15,0
17844,treatment,2026-03-09,0
17845,treatment,2026-03-05,0
17846,treatment,2026-03-06,0
17847,control,2026-03-05,0
17848,control,2026-03-03,0
17849,treatment,2026-03-07,1
17850,treatment,2026-03-05,0
17851,treatment,2026-03-09,0
17852,treatment,2026-03-07,0
17853,treatment,2026-03-12,1
17854,control,2026-03-11,1
17855,control,2026-03-08,0
17856,treatment,2026-03-05,1
17857,treatment,2026-03-10,0
17858,control,2026-03-02,0
17859,control,2026-03-12,1
17860,treatment,2026-03-10,0
17861,treatment,2026-03-13,0
17862,control,2026-03-05,0
17863,treatment,2026-03-09,1
17864,treatment,2026-03-11,0
17865,control,2026-03-06,0
17866,control,2026-03-03,0
17867,control,2026-03-07,0
17868,treatment,2026-03-05,0
17869,control,2026-03-09,1
17870,treatment,2026-03-15,1
17871,control,2026-03-10,1
17872,treatment,2026-03-13,0
17873,treatment,2026-03-07,0
17874,control,2026-03-03,1
17875,treatment,2026-03-06,0
17876,control,2026-03-12,0
17877,treatment,2026-03-05,1
17878,control,2026-03-07,0
17879,control,2026-03-06,0
17880,control,2026-03-08,1
17881,treatment,2026-03-11,0
17882,control,2026-03-06,0
17883,treatment,2026-03-12,0
17884,treatment,2026-03-06,0
17885,treatment,2026-03-04,1
17886,treatment,2026-03-12,0
17887,treatment,2026-03-07,0
17888,treatment,2026-03-15,0
17889,control,2026-03-10,0
17890,treatment,2026-03-08,0
17891,treatment,2026-03-10,0
17892,control,2026-03-08,0
17893,treatment,2026-03-04,0
17894,treatment,2026-03-08,1
17895,treatment,2026-03-14,0
17896,treatment,2026-03-12,1
17897,treatment,2026-03-15,0
17898,control,2026-03-12,0
17899,treatment,2026-03-06,0
17900,control,2026-03-06,0
17901,control,2026-03-12,0
17902,treatment,2026-03-14,0
17903,control,2026-03-06,0
17904,treatment,2026-03-03,0
17905,control,2026-03-13,1
17906,control,2026-03-11,1
17907,treatment,2026-03-04,0
17908,treatment,2026-03-15,0
17909,control,2026-03-02,1
17910,control,2026-03-08,0
17911,control,2026-03-03,1
17912,control,2026-03-04,0
17913,treatment,2026-03-04,1
17914,treatment,2026-03-13,0
17915,treatment,2026-03-09,0
17916,treatment,2026-03-03,0
17917,control,2026-03-06,0
17918,control,2026-03-05,1
17919,treatment,2026-03-04,0
17920,treatment,2026-03-05,0
17921,control,2026-03-08,0
17922,treatment,2026-03-10,0
17923,control,2026-03-08,1
17924,treatment,2026-03-11,1
17925,treatment,2026-03-02,0
17926,treatment,2026-03-12,0
17927,control,2026-03-04,1
17928,control,2026-03-14,0
17929,control,2026-03-04,0
17930,treatment,2026-03-13,0
17931,control,2026-03-03,1
17932,treatment,2026-03-10,1
17933,treatment,2026-03-03,1
17934,control,2026-03-09,0
17935,control,2026-03-09,1
17936,treatment,2026-03-06,0
17937,treatment,2026-03-11,0
17938,control,2026-03-04,0
17939,control,2026-03-13,1
17940,control,2026-03-08,0
17941,treatment,2026-03-07,0
17942,control,2026-03-05,0
17943,control,2026-03-08,0
17944,control,2026-03-06,0
17945,control,2026-03-09,0
17946,control,2026-03-07,1
17947,treatment,2026-03-13,0
17948,control,2026-03-12,0
17949,control,2026-03-03,0
17950,treatment,2026-03-02,0
17951,control,2026-03-14,0
17952,treatment,2026-03-13,0
17953,control,2026-03-07,1
17954,treatment,2026-03-15,1
17955,control,2026-03-03,0
17956,control,2026-03-13,0
17957,treatment,2026-03-02,0
17958,treatment,2026-03-11,1
17959,treatment,2026-03-11,1
17960,treatment,2026-03-15,0
17961,treatment,2026-03-14,0
17962,treatment,2026-03-02,0
17963,control,2026-03-07,0
17964,treatment,2026-03-13,0
17965,control,2026-03-13,1
17966,treatment,2026-03-04,0
17967,treatment,2026-03-15,0
17968,treatment,2026-03-10,0
17969,control,2026-03-02,1
17970,control,2026-03-03,1
17971,control,2026-03-10,0
17972,treatment,2026-03-13,1
17973,control,2026-03-10,0
17974,treatment,2026-03-15,0
17975,treatment,2026-03-13,0
17976,treatment,2026-03-15,1
17977,treatment,2026-03-10,1
17978,control,2026-03-12,0
17979,control,2026-03-09,0
17980,control,2026-03-04,1
17981,treatment,2026-03-10,1
17982,treatment,2026-03-13,0
17983,treatment,2026-03-14,0
17984,treatment,2026-03-05,0
17985,control,2026-03-03,0
17986,treatment,2026-03-07,0
17987,control,2026-03-14,1
17988,control,2026-03-09,1
17989,treatment,2026-03-11,0
17990,control,2026-03-04,0
17991,control,2026-03-05,1
17992,treatment,2026-03-09,0
17993,treatment,2026-03-04,0
17994,control,2026-03-09,1
17995,control,2026-03-14,0
17996,treatment,2026-03-12,1
17997,control,2026-03-02,0
17998,control,2026-03-06,0
17999,control,2026-03-06,0
18000,control,2026-03-04,0
18001,treatment,2026-03-05,0
18002,control,2026-03-08,1
18003,treatment,2026-03-07,0
18004,treatment,2026-03-15,0
18005,treatment,2026-03-15,0
18006,control,2026-03-06,1
18007,treatment,2026-03-14,1
18008,control,2026-03-10,0
18009,treatment,2026-03-07,0
18010,treatment,2026-03-15,0
18011,treatment,2026-03-09,0
18012,control,2026-03-14,1
18013,control,2026-03-08,1
18014,control,2026-03-06,0
18015,treatment,2026-03-14,1
18016,treatment,2026-03-09,1
18017,treatment,2026-03-06,0
18018,treatment,2026-03-02,0
18019,control,2026-03-14,0
18020,treatment,2026-03-08,0
18021,control,2026-03-05,0
18022,treatment,2026-03-12,0
18023,treatment,2026-03-11,0
18024,control,2026-03-04,0
18025,control,2026-03-06,0
18026,control,2026-03-06,1
18027,control,2026-03-03,0
18028,control,2026-03-15,0
18029,treatment,2026-03-10,0
18030,treatment,2026-03-13,0
18031,treatment,2026-03-02,1
18032,treatment,2026-03-07,0
18033,treatment,2026-03-08,1
18034,treatment,2026-03-11,0
18035,control,2026-03-04,1
18036,treatment,2026-03-09,0
18037,control,2026-03-14,0
18038,control,2026-03-02,0
18039,treatment,2026-03-03,1
18040,control,2026-03-02,1
18041,control,2026-03-07,0
18042,control,2026-03-11,0
18043,control,2026-03-14,0
18044,control,2026-03-15,0
18045,control,2026-03-02,0
18046,treatment,2026-03-10,0
18047,control,2026-03-10,0
18048,treatment,2026-03-07,0
18049,control,2026-03-10,0
18050,treatment,2026-03-11,1
18051,control,2026-03-10,0
18052,treatment,2026-03-07,0
18053,control,2026-03-08,0
18054,control,2026-03-08,0
18055,control,2026-03-06,1
18056,treatment,2026-03-07,1
18057,treatment,2026-03-10,1
18058,control,2026-03-14,0
18059,treatment,2026-03-15,1
18060,control,2026-03-12,1
18061,control,2026-03-11,0
18062,treatment,2026-03-03,0
18063,treatment,2026-03-09,1
18064,control,2026-03-13,1
18065,control,2026-03-13,0
18066,treatment,2026-03-07,1
18067,treatment,2026-03-08,0
18068,treatment,2026-03-06,0
18069,control,2026-03-04,0
18070,control,2026-03-08,0
18071,treatment,2026-03-11,0
18072,treatment,2026-03-04,1
18073,control,2026-03-02,0
18074,treatment,2026-03-07,0
18075,control,2026-03-06,1
18076,control,2026-03-02,0
18077,control,2026-03-09,1
18078,control,2026-03-05,0
18079,control,2026-03-15,1
18080,control,2026-03-09,0
18081,treatment,2026-03-15,1
18082,control,2026-03-12,1
18083,treatment,2026-03-13,0
18084,treatment,2026-03-02,1
18085,control,2026-03-05,1
18086,treatment,2026-03-13,0
18087,control,2026-03-09,0
18088,control,2026-03-08,0
18089,control,2026-03-08,1
18090,control,2026-03-13,0
18091,treatment,2026-03-08,0
18092,treatment,2026-03-02,1
18093,treatment,2026-03-08,0
18094,control,2026-03-03,0
18095,control,2026-03-10,1
18096,control,2026-03-12,1
18097,control,2026-03-11,0
18098,control,2026-03-10,0
18099,treatment,2026-03-13,0
18100,treatment,2026-03-07,1
18101,control,2026-03-06,1
18102,control,2026-03-07,1
18103,control,2026-03-06,0
18104,control,2026-03-05,0
18105,treatment,2026-03-07,0
18106,control,2026-03-12,1
18107,control,2026-03-04,0
18108,control,2026-03-02,1
18109,control,2026-03-14,1
18110,control,2026-03-02,0
18111,treatment,2026-03-08,0
18112,treatment,2026-03-02,0
18113,control,2026-03-12,0
18114,control,2026-03-15,1
18115,control,2026-03-05,0
18116,treatment,2026-03-08,1
18117,control,2026-03-15,0
18118,treatment,2026-03-13,1
18119,treatment,2026-03-07,0
18120,treatment,2026-03-06,0
18121,control,2026-03-14,0
18122,treatment,2026-03-05,1
18123,control,2026-03-10,0
18124,control,2026-03-13,1
18125,treatment,2026-03-05,0
18126,treatment,2026-03-05,0
18127,treatment,2026-03-14,1
18128,control,2026-03-03,1
18129,treatment,2026-03-06,1
18130,control,2026-03-12,0
18131,treatment,2026-03-10,0
18132,control,2026-03-12,1
18133,control,2026-03-15,0
18134,control,2026-03-02,0
18135,control,2026-03-03,0
18136,control,2026-03-11,1
18137,control,2026-03-09,0
18138,control,2026-03-05,0
18139,control,2026-03-06,1
18140,control,2026-03-09,0
18141,control,2026-03-08,0
18142,treatment,2026-03-10,1
18143,control,2026-03-13,0
18144,control,2026-03-04,1
18145,treatment,2026-03-02,0
18146,treatment,2026-03-11,0
18147,treatment,2026-03-08,1
18148,control,2026-03-15,0
18149,control,2026-03-13,0
18150,treatment,2026-03-13,1
18151,control,2026-03-03,0
18152,treatment,2026-03-09,1
18153,control,2026-03-10,0
18154,treatment,2026-03-14,0
18155,treatment,2026-03-07,0
18156,treatment,2026-03-10,1
18157,treatment,2026-03-08,1
18158,control,2026-03-03,1
18159,control,2026-03-05,1
18160,treatment,2026-03-10,1
18161,control,2026-03-02,1
18162,treatment,2026-03-10,0
18163,control,2026-03-13,0
18164,control,2026-03-02,0
18165,treatment,2026-03-09,0
18166,treatment,2026-03-02,1
18167,treatment,2026-03-03,1
18168,control,2026-03-09,1
18169,treatment,2026-03-05,1
18170,treatment,2026-03-15,1
18171,control,2026-03-11,0
18172,control,2026-03-14,0
18173,treatment,2026-03-05,1
18174,treatment,2026-03-05,1
18175,treatment,2026-03-11,0
18176,treatment,2026-03-05,1
18177,treatment,2026-03-06,0
18178,control,2026-03-14,0
18179,treatment,2026-03-06,1
18180,treatment,2026-03-15,1
18181,control,2026-03-06,1
18182,control,2026-03-14,0
18183,treatment,2026-03-06,1
18184,treatment,2026-03-14,1
18185,control,2026-03-12,1
18186,treatment,2026-03-12,0
18187,treatment,2026-03-14,1
18188,treatment,2026-03-08,1
18189,control,2026-03-08,1
18190,treatment,2026-03-13,0
18191,treatment,2026-03-02,0
18192,control,2026-03-04,0
18193,control,2026-03-09,1
18194,control,2026-03-07,1
18195,treatment,2026-03-09,0
18196,control,2026-03-03,0
18197,treatment,2026-03-14,1
18198,control,2026-03-14,0
18199,control,2026-03-06,1
18200,treatment,2026-03-05,0
18201,treatment,2026-03-14,1
18202,control,2026-03-06,0
18203,treatment,2026-03-08,0
18204,control,2026-03-07,0
18205,control,2026-03-13,0
18206,control,2026-03-09,0
18207,treatment,2026-03-06,0
18208,control,2026-03-02,0
18209,treatment,2026-03-05,0
18210,treatment,2026-03-04,1
18211,control,2026-03-15,1
18212,control,2026-03-06,1
18213,treatment,2026-03-15,0
18214,treatment,2026-03-09,1
18215,control,2026-03-10,0
18216,control,2026-03-10,1
18217,treatment,2026-03-06,1
18218,control,2026-03-10,0
18219,control,2026-03-05,1
18220,treatment,2026-03-13,0
18221,control,2026-03-03,0
18222,control,2026-03-02,0
18223,treatment,2026-03-06,0
18224,control,2026-03-14,0
18225,treatment,2026-03-07,0
18226,control,2026-03-02,0
18227,treatment,2026-03-08,0
18228,treatment,2026-03-15,0
18229,control,2026-03-14,1
18230,control,2026-03-08,0
18231,treatment,2026-03-09,0
18232,control,2026-03-13,0
18233,control,2026-03-02,0
18234,control,2026-03-09,0
18235,control,2026-03-09,1
18236,treatment,2026-03-12,1
18237,treatment,2026-03-03,0
18238,control,2026-03-10,0
18239,treatment,2026-03-05,0
18240,control,2026-03-05,0
18241,control,2026-03-06,0
18242,control,2026-03-02,0
18243,treatment,2026-03-09,0
18244,treatment,2026-03-15,1
18245,treatment,2026-03-14,0
18246,control,2026-03-03,0
18247,treatment,2026-03-05,0
18248,control,2026-03-03,0
18249,treatment,2026-03-14,1
18250,control,2026-03-11,1
18251,control,2026-03-06,1
18252,control,2026-03-11,1
18253,treatment,2026-03-07,0
18254,control,2026-03-13,0
18255,treatment,2026-03-06,1
18256,treatment,2026-03-02,0
18257,control,2026-03-12,1
18258,control,2026-03-02,1
18259,control,2026-03-12,0
18260,treatment,2026-03-06,0
18261,treatment,2026-03-10,1
18262,control,2026-03-15,1
18263,control,2026-03-11,0
18264,treatment,2026-03-06,0
18265,control,2026-03-06,0
18266,treatment,2026-03-13,0
18267,control,2026-03-06,0
18268,treatment,2026-03-08,0
18269,treatment,2026-03-11,1
18270,control,2026-03-11,0
18271,treatment,2026-03-12,0
18272,treatment,2026-03-15,1
18273,treatment,2026-03-11,0
18274,treatment,2026-03-03,1
18275,treatment,2026-03-14,1
18276,control,2026-03-10,1
18277,treatment,2026-03-14,0
18278,treatment,2026-03-13,1
18279,control,2026-03-06,0
18280,control,2026-03-13,0
18281,treatment,2026-03-12,0
18282,treatment,2026-03-07,0
18283,treatment,2026-03-05,0
18284,treatment,2026-03-13,0
18285,treatment,2026-03-04,1
18286,control,2026-03-12,0
18287,treatment,2026-03-05,1
18288,treatment,2026-03-04,1
18289,treatment,2026-03-06,0
18290,control,2026-03-05,1
18291,treatment,2026-03-05,1
18292,treatment,2026-03-03,1
18293,control,2026-03-03,1
18294,treatment,2026-03-10,1
18295,treatment,2026-03-10,1
18296,control,2026-03-06,1
18297,control,2026-03-07,1
18298,treatment,2026-03-02,0
18299,control,2026-03-10,0
18300,treatment,2026-03-14,0
18301,treatment,2026-03-13,0
18302,treatment,2026-03-15,0
18303,treatment,2026-03-06,0
18304,treatment,2026-03-13,0
18305,control,2026-03-13,0
18306,control,2026-03-09,0
18307,control,2026-03-15,1
18308,control,2026-03-10,1
18309,treatment,2026-03-13,1
18310,treatment,2026-03-08,0
18311,control,2026-03-06,0
18312,treatment,2026-03-04,1
18313,control,2026-03-15,0
18314,treatment,2026-03-07,0
18315,control,2026-03-11,0
18316,treatment,2026-03-06,0
18317,treatment,2026-03-09,0
18318,control,2026-03-02,0
18319,control,2026-03-09,0
18320,treatment,2026-03-05,0
18321,treatment,2026-03-05,1
18322,treatment,2026-03-06,0
18323,control,2026-03-10,0
18324,treatment,2026-03-11,0
18325,treatment,2026-03-13,1
18326,treatment,2026-03-09,0
18327,treatment,2026-03-03,0
18328,control,2026-03-13,1
18329,control,2026-03-07,0
18330,control,2026-03-04,0
18331,treatment,2026-03-07,0
18332,control,2026-03-08,0
18333,control,2026-03-13,0
18334,treatment,2026-03-15,0
18335,control,2026-03-15,0
18336,treatment,2026-03-09,0
18337,treatment,2026-03-02,1
18338,treatment,2026-03-04,0
18339,control,2026-03-06,1
18340,control,2026-03-06,0
18341,treatment,2026-03-15,0
18342,treatment,2026-03-14,0
18343,treatment,2026-03-13,1
18344,control,2026-03-06,0
18345,control,2026-03-10,1
18346,control,2026-03-14,0
18347,control,2026-03-09,0
18348,treatment,2026-03-07,0
18349,control,2026-03-07,1
18350,control,2026-03-05,0
18351,treatment,2026-03-15,0
18352,treatment,2026-03-04,0
18353,treatment,2026-03-07,0
18354,control,2026-03-15,0
18355,control,2026-03-11,0
18356,treatment,2026-03-14,0
18357,control,2026-03-11,0
18358,treatment,2026-03-04,1
18359,treatment,2026-03-12,1
18360,control,2026-03-02,0
18361,treatment,2026-03-02,0
18362,control,2026-03-13,1
18363,control,2026-03-03,0
18364,control,2026-03-14,0
18365,treatment,2026-03-05,1
18366,control,2026-03-10,0
18367,treatment,2026-03-10,0
18368,control,2026-03-15,1
18369,control,2026-03-04,0
18370,control,2026-03-05,0
18371,control,2026-03-10,0
18372,treatment,2026-03-03,0
18373,control,2026-03-03,0
18374,treatment,2026-03-14,0
18375,control,2026-03-14,1
18376,treatment,2026-03-02,0
18377,control,2026-03-09,1
18378,treatment,2026-03-05,0
18379,control,2026-03-13,0
18380,control,2026-03-10,0
18381,control,2026-03-15,1
18382,control,2026-03-04,0
18383,treatment,2026-03-06,0
18384,control,2026-03-04,0
18385,treatment,2026-03-09,0
18386,control,2026-03-15,0
18387,control,2026-03-10,0
18388,treatment,2026-03-10,0
18389,treatment,2026-03-14,1
18390,treatment,2026-03-13,0
18391,treatment,2026-03-11,0
18392,treatment,2026-03-05,1
18393,treatment,2026-03-12,0
18394,control,2026-03-11,1
18395,treatment,2026-03-10,0
18396,control,2026-03-07,1
18397,treatment,2026-03-02,1
18398,control,2026-03-11,0
18399,treatment,2026-03-02,0
18400,control,2026-03-11,1
18401,control,2026-03-13,1
18402,treatment,2026-03-06,0
18403,treatment,2026-03-03,0
18404,treatment,2026-03-06,0
18405,control,2026-03-15,1
18406,control,2026-03-06,0
18407,treatment,2026-03-04,0
18408,control,2026-03-14,0
18409,control,2026-03-03,0
18410,treatment,2026-03-13,0
18411,treatment,2026-03-12,0
18412,control,2026-03-09,1
18413,control,2026-03-04,0
18414,treatment,2026-03-12,1
18415,treatment,2026-03-12,0
18416,control,2026-03-11,1
18417,treatment,2026-03-10,0
18418,treatment,2026-03-12,0
18419,treatment,2026-03-14,0
18420,control,2026-03-14,1
18421,control,2026-03-13,0
18422,treatment,2026-03-04,0
18423,control,2026-03-07,0
18424,control,2026-03-02,0
18425,treatment,2026-03-04,1
18426,treatment,2026-03-09,1
18427,control,2026-03-10,1
18428,treatment,2026-03-11,1
18429,treatment,2026-03-12,0
18430,control,2026-03-13,0
18431,control,2026-03-06,0
18432,control,2026-03-09,1
18433,control,2026-03-08,1
18434,treatment,2026-03-13,0
18435,treatment,2026-03-12,1
18436,treatment,2026-03-12,0
18437,treatment,2026-03-15,0
18438,treatment,2026-03-03,1
18439,control,2026-03-02,0
18440,control,2026-03-08,1
18441,control,2026-03-03,0
18442,control,2026-03-15,0
18443,control,2026-03-15,0
18444,treatment,2026-03-10,1
18445,treatment,2026-03-05,0
18446,control,2026-03-07,0
18447,treatment,2026-03-14,1
18448,treatment,2026-03-10,0
18449,control,2026-03-05,0
18450,control,2026-03-11,0
18451,control,2026-03-14,0
18452,treatment,2026-03-06,0
18453,control,2026-03-07,1
18454,treatment,2026-03-07,0
18455,control,2026-03-11,1
18456,treatment,2026-03-15,0
18457,control,2026-03-12,1
18458,treatment,2026-03-14,0
18459,treatment,2026-03-13,0
18460,control,2026-03-02,1
18461,control,2026-03-09,1
18462,control,2026-03-14,1
18463,treatment,2026-03-12,0
18464,treatment,2026-03-10,0
18465,treatment,2026-03-07,0
18466,treatment,2026-03-09,1
18467,treatment,2026-03-15,0
18468,control,2026-03-10,1
18469,treatment,2026-03-12,0
18470,control,2026-03-08,0
18471,control,2026-03-04,0
18472,control,2026-03-11,0
18473,treatment,2026-03-11,1
18474,treatment,2026-03-14,0
18475,control,2026-03-10,0
18476,control,2026-03-15,0
18477,control,2026-03-15,0
18478,treatment,2026-03-06,0
18479,treatment,2026-03-15,0
18480,control,2026-03-09,0
18481,control,2026-03-12,0
18482,treatment,2026-03-03,1
18483,control,2026-03-09,1
18484,treatment,2026-03-07,0
18485,control,2026-03-08,0
18486,treatment,2026-03-02,1
18487,treatment,2026-03-07,0
18488,treatment,2026-03-09,0
18489,control,2026-03-05,1
18490,treatment,2026-03-12,1
18491,treatment,2026-03-13,0
18492,control,2026-03-03,1
18493,treatment,2026-03-06,0
18494,treatment,2026-03-14,0
18495,control,2026-03-05,1
18496,treatment,2026-03-06,0
18497,control,2026-03-06,0
18498,control,2026-03-13,1
18499,control,2026-03-13,1
18500,control,2026-03-11,0
18501,treatment,2026-03-06,1
18502,treatment,2026-03-04,1
18503,treatment,2026-03-04,0
18504,treatment,2026-03-06,1
18505,control,2026-03-06,0
18506,treatment,2026-03-02,0
18507,treatment,2026-03-11,1
18508,control,2026-03-07,0
18509,control,2026-03-13,1
18510,treatment,2026-03-07,1
18511,control,2026-03-07,1
18512,control,2026-03-02,1
18513,control,2026-03-04,0
18514,treatment,2026-03-12,1
18515,control,2026-03-08,0
18516,treatment,2026-03-11,1
18517,treatment,2026-03-02,0
18518,control,2026-03-15,0
18519,control,2026-03-11,1
18520,control,2026-03-15,0
18521,treatment,2026-03-15,0
18522,treatment,2026-03-14,1
18523,treatment,2026-03-08,0
18524,control,2026-03-14,1
18525,treatment,2026-03-15,0
18526,treatment,2026-03-07,1
18527,treatment,2026-03-08,1
18528,control,2026-03-10,1
18529,treatment,2026-03-03,1
18530,control,2026-03-04,0
18531,treatment,2026-03-10,0
18532,treatment,2026-03-03,1
18533,treatment,2026-03-06,0
18534,treatment,2026-03-15,0
18535,treatment,2026-03-10,1
18536,treatment,2026-03-14,1
18537,control,2026-03-05,0
18538,treatment,2026-03-13,0
18539,control,2026-03-08,1
18540,control,2026-03-10,0
18541,treatment,2026-03-09,0
18542,control,2026-03-14,0
18543,treatment,2026-03-14,1
18544,control,2026-03-13,0
18545,treatment,2026-03-02,1
18546,control,2026-03-07,0
18547,control,2026-03-14,0
18548,treatment,2026-03-07,0
18549,treatment,2026-03-04,0
18550,treatment,2026-03-03,1
18551,treatment,2026-03-03,0
18552,treatment,2026-03-05,1
18553,treatment,2026-03-11,1
18554,control,2026-03-13,1
18555,control,2026-03-11,0
18556,treatment,2026-03-11,0
18557,treatment,2026-03-02,0
18558,treatment,2026-03-06,1
18559,control,2026-03-14,0
18560,control,2026-03-07,0
18561,control,2026-03-12,0
18562,treatment,2026-03-13,0
18563,treatment,2026-03-09,1
18564,control,2026-03-10,0
18565,control,2026-03-02,0
18566,treatment,2026-03-15,0
18567,control,2026-03-08,0
18568,control,2026-03-10,0
18569,control,2026-03-13,0
18570,treatment,2026-03-15,1
18571,treatment,2026-03-11,0
18572,treatment,2026-03-14,1
18573,treatment,2026-03-11,1
18574,control,2026-03-05,0
18575,treatment,2026-03-03,0
18576,treatment,2026-03-06,1
18577,treatment,2026-03-12,0
18578,control,2026-03-14,0
18579,treatment,2026-03-09,0
18580,treatment,2026-03-08,0
18581,control,2026-03-05,0
18582,treatment,2026-03-13,1
18583,control,2026-03-11,0
18584,treatment,2026-03-12,0
18585,treatment,2026-03-11,0
18586,control,2026-03-11,1
18587,treatment,2026-03-03,1
18588,treatment,2026-03-06,0
18589,control,2026-03-03,0
18590,treatment,2026-03-02,0
18591,treatment,2026-03-07,1
18592,control,2026-03-03,1
18593,control,2026-03-03,1
18594,treatment,2026-03-12,1
18595,treatment,2026-03-08,1
18596,treatment,2026-03-09,0
18597,treatment,2026-03-14,1
18598,treatment,2026-03-15,0
18599,control,2026-03-08,0
18600,treatment,2026-03-02,0
18601,control,2026-03-15,0
18602,control,2026-03-10,0
18603,control,2026-03-03,0
18604,control,2026-03-13,1
18605,treatment,2026-03-08,1
18606,control,2026-03-11,1
18607,treatment,2026-03-13,0
18608,control,2026-03-10,1
18609,control,2026-03-08,0
18610,treatment,2026-03-04,0
18611,treatment,2026-03-08,0
18612,treatment,2026-03-04,0
18613,control,2026-03-06,0
18614,treatment,2026-03-06,0
18615,control,2026-03-06,0
18616,control,2026-03-14,1
18617,treatment,2026-03-04,0
18618,treatment,2026-03-06,0
18619,control,2026-03-06,1
18620,control,2026-03-09,0
18621,treatment,2026-03-09,0
18622,treatment,2026-03-15,0
18623,treatment,2026-03-09,1
18624,control,2026-03-04,0
18625,treatment,2026-03-09,0
18626,treatment,2026-03-02,0
18627,control,2026-03-12,0
18628,control,2026-03-11,0
18629,control,2026-03-11,0
18630,treatment,2026-03-09,0
18631,control,2026-03-06,0
18632,treatment,2026-03-05,0
18633,treatment,2026-03-02,1
18634,control,2026-03-09,0
18635,treatment,2026-03-06,1
18636,treatment,2026-03-12,0
18637,treatment,2026-03-09,1
18638,treatment,2026-03-11,0
18639,control,2026-03-05,0
18640,treatment,2026-03-10,1
18641,control,2026-03-09,0
18642,treatment,2026-03-09,1
18643,treatment,2026-03-08,0
18644,treatment,2026-03-12,1
18645,treatment,2026-03-08,1
18646,treatment,2026-03-06,0
18647,treatment,2026-03-08,0
18648,treatment,2026-03-15,0
18649,treatment,2026-03-12,0
18650,control,2026-03-10,1
18651,treatment,2026-03-11,0
18652,treatment,2026-03-03,1
18653,treatment,2026-03-15,1
18654,treatment,2026-03-06,0
18655,treatment,2026-03-10,0
18656,treatment,2026-03-13,1
18657,treatment,2026-03-10,1
18658,control,2026-03-03,0
18659,control,2026-03-03,0
18660,control,2026-03-04,0
18661,treatment,2026-03-03,0
18662,control,2026-03-08,0
18663,treatment,2026-03-05,1
18664,control,2026-03-03,0
18665,treatment,2026-03-08,1
18666,control,2026-03-10,1
18667,control,2026-03-11,0
18668,control,2026-03-11,0
18669,treatment,2026-03-10,1
18670,treatment,2026-03-13,0
18671,control,2026-03-06,0
18672,control,2026-03-09,0
18673,treatment,2026-03-07,1
18674,control,2026-03-03,0
18675,control,2026-03-10,0
18676,control,2026-03-10,1
18677,control,2026-03-15,0
18678,treatment,2026-03-07,0
18679,control,2026-03-07,0
18680,treatment,2026-03-12,0
18681,treatment,2026-03-04,1
18682,control,2026-03-13,0
18683,control,2026-03-05,0
18684,treatment,2026-03-14,0
18685,treatment,2026-03-02,0
18686,control,2026-03-10,1
18687,treatment,2026-03-15,0
18688,control,2026-03-07,1
18689,treatment,2026-03-12,0
18690,control,2026-03-02,0
18691,control,2026-03-15,0
18692,treatment,2026-03-08,0
18693,treatment,2026-03-12,1
18694,treatment,2026-03-14,0
18695,control,2026-03-10,0
18696,control,2026-03-10,0
18697,control,2026-03-12,0
18698,control,2026-03-03,0
18699,control,2026-03-14,0
18700,control,2026-03-08,1
18701,treatment,2026-03-13,1
18702,treatment,2026-03-09,0
18703,treatment,2026-03-11,1
18704,treatment,2026-03-13,0
18705,treatment,2026-03-02,1
18706,control,2026-03-13,0
18707,control,2026-03-09,0
18708,control,2026-03-03,0
18709,treatment,2026-03-04,0
18710,treatment,2026-03-04,0
18711,treatment,2026-03-11,0
18712,control,2026-03-07,0
18713,control,2026-03-12,0
18714,control,2026-03-08,0
18715,control,2026-03-14,0
18716,control,2026-03-14,0
18717,control,2026-03-07,0
18718,treatment,2026-03-09,0
18719,control,2026-03-06,0
18720,treatment,2026-03-08,0
18721,treatment,2026-03-06,1
18722,control,2026-03-07,0
18723,treatment,2026-03-04,1
18724,control,2026-03-04,0
18725,control,2026-03-10,0
18726,control,2026-03-07,0
18727,treatment,2026-03-05,0
18728,control,2026-03-02,1
18729,control,2026-03-05,0
18730,treatment,2026-03-15,0
18731,control,2026-03-05,1
18732,treatment,2026-03-11,0
18733,treatment,2026-03-04,0
18734,control,2026-03-10,0
18735,treatment,2026-03-12,0
18736,control,2026-03-12,0
18737,treatment,2026-03-09,0
18738,treatment,2026-03-06,0
18739,control,2026-03-12,1
18740,treatment,2026-03-15,0
18741,control,2026-03-12,1
18742,control,2026-03-14,0
18743,treatment,2026-03-11,1
18744,control,2026-03-13,0
18745,control,2026-03-06,0
18746,treatment,2026-03-14,0
18747,control,2026-03-05,0
18748,control,2026-03-14,0
18749,control,2026-03-06,1
18750,treatment,2026-03-15,0
18751,control,2026-03-07,0
18752,control,2026-03-12,1
18753,control,2026-03-12,0
18754,control,2026-03-12,0
18755,treatment,2026-03-07,0
18756,treatment,2026-03-06,0
18757,control,2026-03-04,0
18758,treatment,2026-03-15,1
18759,control,2026-03-08,0
18760,control,2026-03-12,0
18761,treatment,2026-03-12,1
18762,control,2026-03-10,1
18763,control,2026-03-11,0
18764,control,2026-03-05,0
18765,treatment,2026-03-07,0
18766,treatment,2026-03-15,0
18767,control,2026-03-10,0
18768,treatment,2026-03-04,1
18769,treatment,2026-03-05,0
18770,control,2026-03-09,1
18771,treatment,2026-03-12,0
18772,control,2026-03-07,0
18773,control,2026-03-05,1
18774,control,2026-03-08,0
18775,control,2026-03-12,1
18776,treatment,2026-03-13,1
18777,treatment,2026-03-11,1
18778,control,2026-03-06,0
18779,treatment,2026-03-09,0
18780,treatment,2026-03-07,0
18781,control,2026-03-11,0
18782,treatment,2026-03-08,1
18783,control,2026-03-11,0
18784,control,2026-03-04,1
18785,treatment,2026-03-03,0
18786,control,2026-03-07,0
18787,treatment,2026-03-03,0
18788,treatment,2026-03-03,0
18789,control,2026-03-12,0
18790,control,2026-03-12,0
18791,treatment,2026-03-03,0
18792,control,2026-03-12,1
18793,treatment,2026-03-06,1
18794,control,2026-03-04,0
18795,treatment,2026-03-15,1
18796,treatment,2026-03-14,0
18797,control,2026-03-03,0
18798,treatment,2026-03-11,0
18799,control,2026-03-12,0
18800,control,2026-03-07,0
18801,control,2026-03-11,0
18802,control,2026-03-15,1
18803,control,2026-03-11,0
18804,treatment,2026-03-02,0
18805,treatment,2026-03-07,0
18806,control,2026-03-14,1
18807,treatment,2026-03-10,1
18808,control,2026-03-02,0
18809,treatment,2026-03-09,0
18810,control,2026-03-06,0
18811,control,2026-03-09,1
18812,treatment,2026-03-09,0
18813,control,2026-03-03,0
18814,treatment,2026-03-14,0
18815,treatment,2026-03-09,0
18816,treatment,2026-03-06,0
18817,control,2026-03-14,0
18818,control,2026-03-04,1
18819,treatment,2026-03-14,1
18820,treatment,2026-03-13,1
18821,control,2026-03-10,0
18822,control,2026-03-05,0
18823,control,2026-03-13,0
18824,control,2026-03-13,0
18825,treatment,2026-03-05,0
18826,control,2026-03-04,0
18827,treatment,2026-03-15,0
18828,control,2026-03-08,1
18829,treatment,2026-03-11,0
18830,treatment,2026-03-06,1
18831,treatment,2026-03-04,1
18832,control,2026-03-14,0
18833,control,2026-03-09,0
18834,treatment,2026-03-12,0
18835,treatment,2026-03-05,1
18836,control,2026-03-06,0
18837,control,2026-03-06,1
18838,control,2026-03-09,0
18839,treatment,2026-03-14,0
18840,control,2026-03-06,0
18841,control,2026-03-07,0
18842,treatment,2026-03-13,0
18843,treatment,2026-03-02,0
18844,treatment,2026-03-11,0
18845,treatment,2026-03-13,1
18846,treatment,2026-03-06,0
18847,control,2026-03-04,0
18848,treatment,2026-03-15,0
18849,control,2026-03-09,0
18850,treatment,2026-03-06,1
18851,control,2026-03-05,0
18852,treatment,2026-03-15,1
18853,control,2026-03-03,0
18854,control,2026-03-11,1
18855,treatment,2026-03-13,1
18856,treatment,2026-03-07,0
18857,control,2026-03-03,0
18858,treatment,2026-03-04,0
18859,treatment,2026-03-10,0
18860,treatment,2026-03-04,1
18861,control,2026-03-09,0
18862,control,2026-03-15,1
18863,treatment,2026-03-06,0
18864,control,2026-03-10,0
18865,control,2026-03-03,0
18866,treatment,2026-03-10,1
18867,control,2026-03-04,0
18868,control,2026-03-06,0
18869,treatment,2026-03-13,0
18870,control,2026-03-07,1
18871,treatment,2026-03-04,0
18872,treatment,2026-03-04,0
18873,control,2026-03-09,1
18874,control,2026-03-14,1
18875,control,2026-03-07,1
18876,treatment,2026-03-06,0
18877,control,2026-03-04,0
18878,treatment,2026-03-10,0
18879,treatment,2026-03-11,0
18880,control,2026-03-10,0
18881,treatment,2026-03-09,0
18882,control,2026-03-08,1
18883,control,2026-03-14,1
18884,treatment,2026-03-03,0
18885,control,2026-03-05,0
18886,control,2026-03-04,0
18887,control,2026-03-11,1
18888,treatment,2026-03-14,1
18889,treatment,2026-03-13,1
18890,control,2026-03-14,1
18891,treatment,2026-03-13,1
18892,treatment,2026-03-10,1
18893,treatment,2026-03-04,0
18894,treatment,2026-03-04,0
18895,control,2026-03-07,0
18896,treatment,2026-03-15,0
18897,treatment,2026-03-05,0
18898,control,2026-03-05,1
18899,control,2026-03-12,1
18900,treatment,2026-03-13,0
18901,treatment,2026-03-10,0
18902,control,2026-03-09,1
18903,treatment,2026-03-08,1
18904,treatment,2026-03-15,0
18905,control,2026-03-05,0
18906,treatment,2026-03-13,0
18907,control,2026-03-02,1
18908,control,2026-03-11,0
18909,control,2026-03-07,0
18910,control,2026-03-06,0
18911,treatment,2026-03-02,0
18912,control,2026-03-13,0
18913,control,2026-03-09,1
18914,treatment,2026-03-09,0
18915,control,2026-03-06,1
18916,treatment,2026-03-02,0
18917,control,2026-03-12,1
18918,treatment,2026-03-03,1
18919,treatment,2026-03-15,0
18920,control,2026-03-13,0
18921,control,2026-03-13,1
18922,control,2026-03-04,0
18923,treatment,2026-03-11,0
18924,treatment,2026-03-07,1
18925,treatment,2026-03-08,0
18926,treatment,2026-03-11,0
18927,treatment,2026-03-11,1
18928,treatment,2026-03-05,0
18929,treatment,2026-03-14,1
18930,control,2026-03-02,0
18931,treatment,2026-03-04,0
18932,control,2026-03-05,0
18933,treatment,2026-03-15,0
18934,treatment,2026-03-14,0
18935,treatment,2026-03-07,0
18936,control,2026-03-08,1
18937,control,2026-03-12,1
18938,control,2026-03-07,0
18939,treatment,2026-03-06,1
18940,control,2026-03-08,1
18941,control,2026-03-14,1
18942,treatment,2026-03-02,1
18943,control,2026-03-02,1
18944,treatment,2026-03-04,0
18945,control,2026-03-10,0
18946,treatment,2026-03-12,0
18947,treatment,2026-03-12,0
18948,control,2026-03-02,1
18949,treatment,2026-03-12,0
18950,control,2026-03-02,0
18951,treatment,2026-03-12,0
18952,treatment,2026-03-09,1
18953,treatment,2026-03-10,0
18954,treatment,2026-03-02,1
18955,control,2026-03-09,0
18956,control,2026-03-12,1
18957,control,2026-03-12,0
18958,control,2026-03-14,0
18959,control,2026-03-04,1
18960,control,2026-03-05,0
18961,treatment,2026-03-08,1
18962,control,2026-03-14,1
18963,treatment,2026-03-07,0
18964,treatment,2026-03-13,0
18965,treatment,2026-03-10,0
18966,treatment,2026-03-15,1
18967,treatment,2026-03-12,0
18968,control,2026-03-08,1
18969,control,2026-03-15,0
18970,control,2026-03-13,0
18971,control,2026-03-04,0
18972,control,2026-03-04,0
18973,control,2026-03-10,1
18974,control,2026-03-09,0
18975,treatment,2026-03-07,0
18976,treatment,2026-03-13,0
18977,treatment,2026-03-05,1
18978,control,2026-03-13,1
18979,treatment,2026-03-07,0
18980,control,2026-03-14,1
18981,treatment,2026-03-02,1
18982,control,2026-03-08,1
18983,control,2026-03-02,0
18984,control,2026-03-07,0
18985,treatment,2026-03-03,0
18986,control,2026-03-08,1
18987,treatment,2026-03-03,1
18988,control,2026-03-02,0
18989,treatment,2026-03-13,0
18990,control,2026-03-04,0
18991,control,2026-03-14,0
18992,treatment,2026-03-05,0
18993,control,2026-03-15,1
18994,control,2026-03-14,0
18995,treatment,2026-03-06,0
18996,control,2026-03-10,1
18997,control,2026-03-05,0
18998,control,2026-03-10,0
18999,control,2026-03-08,1
19000,treatment,2026-03-11,0
19001,control,2026-03-04,0
19002,control,2026-03-15,1
19003,control,2026-03-09,1
19004,control,2026-03-05,1
19005,treatment,2026-03-05,0
19006,treatment,2026-03-09,0
19007,treatment,2026-03-08,0
19008,treatment,2026-03-07,1
19009,control,2026-03-10,0
19010,treatment,2026-03-05,0
19011,treatment,2026-03-06,0
19012,treatment,2026-03-02,1
19013,treatment,2026-03-05,0
19014,treatment,2026-03-05,1
19015,control,2026-03-14,1
19016,control,2026-03-08,1
19017,treatment,2026-03-07,1
19018,treatment,2026-03-02,1
19019,treatment,2026-03-11,0
19020,control,2026-03-05,0
19021,control,2026-03-07,0
19022,treatment,2026-03-04,1
19023,control,2026-03-02,0
19024,control,2026-03-07,1
19025,control,2026-03-13,0
19026,control,2026-03-15,1
19027,control,2026-03-05,0
19028,control,2026-03-05,0
19029,treatment,2026-03-08,0
19030,treatment,2026-03-10,0
19031,treatment,2026-03-14,0
19032,control,2026-03-15,0
19033,control,2026-03-13,1
19034,treatment,2026-03-15,1
19035,treatment,2026-03-15,1
19036,treatment,2026-03-03,1
19037,control,2026-03-10,1
19038,control,2026-03-12,0
19039,control,2026-03-12,0
19040,treatment,2026-03-14,0
19041,treatment,2026-03-14,1
19042,control,2026-03-02,0
19043,treatment,2026-03-09,0
19044,control,2026-03-15,0
19045,treatment,2026-03-08,1
19046,control,2026-03-07,0
19047,treatment,2026-03-08,0
19048,control,2026-03-11,1
19049,treatment,2026-03-03,0
19050,control,2026-03-02,0
19051,control,2026-03-05,0
19052,control,2026-03-14,0
19053,control,2026-03-07,1
19054,treatment,2026-03-08,1
19055,treatment,2026-03-02,1
19056,control,2026-03-03,1
19057,control,2026-03-13,0
19058,treatment,2026-03-12,1
19059,control,2026-03-10,1
19060,treatment,2026-03-08,1
19061,treatment,2026-03-02,0
19062,treatment,2026-03-09,0
19063,control,2026-03-09,1
19064,treatment,2026-03-07,1
19065,control,2026-03-15,1
19066,treatment,2026-03-03,0
19067,control,2026-03-12,1
19068,treatment,2026-03-08,0
19069,control,2026-03-15,0
19070,control,2026-03-05,0
19071,treatment,2026-03-03,0
19072,treatment,2026-03-10,0
19073,treatment,2026-03-03,1
19074,control,2026-03-04,0
19075,treatment,2026-03-09,1
19076,control,2026-03-02,0
19077,treatment,2026-03-07,0
19078,treatment,2026-03-05,0
19079,control,2026-03-08,0
19080,treatment,2026-03-13,0
19081,treatment,2026-03-09,1
19082,treatment,2026-03-05,0
19083,treatment,2026-03-03,1
19084,control,2026-03-11,1
19085,control,2026-03-09,1
19086,control,2026-03-02,1
19087,control,2026-03-04,0
19088,treatment,2026-03-12,0
19089,control,2026-03-07,0
19090,treatment,2026-03-12,1
19091,control,2026-03-06,0
19092,treatment,2026-03-06,0
19093,control,2026-03-03,0
19094,control,2026-03-07,1
19095,treatment,2026-03-14,1
19096,treatment,2026-03-03,1
19097,control,2026-03-14,1
19098,control,2026-03-05,1
19099,treatment,2026-03-05,1
19100,control,2026-03-13,0
19101,control,2026-03-05,0
19102,control,2026-03-07,0
19103,control,2026-03-12,0
19104,treatment,2026-03-08,0
19105,control,2026-03-07,0
19106,control,2026-03-02,0
19107,treatment,2026-03-15,0
19108,treatment,2026-03-15,0
19109,control,2026-03-15,0
19110,treatment,2026-03-08,1
19111,control,2026-03-15,0
19112,control,2026-03-05,1
19113,control,2026-03-11,1
19114,control,2026-03-11,1
19115,treatment,2026-03-09,0
19116,treatment,2026-03-04,0
19117,control,2026-03-10,0
19118,control,2026-03-15,1
19119,control,2026-03-11,1
19120,control,2026-03-05,0
19121,treatment,2026-03-14,1
19122,treatment,2026-03-10,0
19123,control,2026-03-12,0
19124,control,2026-03-06,0
19125,treatment,2026-03-04,0
19126,control,2026-03-15,1
19127,treatment,2026-03-10,0
19128,treatment,2026-03-09,0
19129,treatment,2026-03-10,1
19130,control,2026-03-04,1
19131,control,2026-03-05,0
19132,treatment,2026-03-13,0
19133,treatment,2026-03-02,1
19134,treatment,2026-03-09,0
19135,control,2026-03-14,0
19136,control,2026-03-02,0
19137,control,2026-03-08,0
19138,treatment,2026-03-02,0
19139,treatment,2026-03-07,0
19140,control,2026-03-05,0
19141,treatment,2026-03-07,0
19142,control,2026-03-12,0
19143,control,2026-03-04,0
19144,control,2026-03-02,1
19145,control,2026-03-10,0
19146,treatment,2026-03-04,1
19147,control,2026-03-09,0
19148,control,2026-03-05,0
19149,control,2026-03-10,0
19150,control,2026-03-10,1
19151,treatment,2026-03-10,0
19152,control,2026-03-14,0
19153,treatment,2026-03-02,0
19154,control,2026-03-14,0
19155,control,2026-03-15,0
19156,treatment,2026-03-11,0
19157,treatment,2026-03-10,0
19158,treatment,2026-03-12,0
19159,treatment,2026-03-07,1
19160,control,2026-03-04,1
19161,treatment,2026-03-14,0
19162,control,2026-03-13,0
19163,treatment,2026-03-03,0
19164,treatment,2026-03-10,0
19165,treatment,2026-03-04,0
19166,control,2026-03-10,0
19167,treatment,2026-03-10,1
19168,treatment,2026-03-09,0
19169,control,2026-03-04,0
19170,control,2026-03-14,0
19171,treatment,2026-03-09,1
19172,control,2026-03-03,0
19173,treatment,2026-03-11,0
19174,treatment,2026-03-12,0
19175,treatment,2026-03-13,0
19176,treatment,2026-03-04,0
19177,control,2026-03-15,0
19178,control,2026-03-11,0
19179,treatment,2026-03-14,0
19180,treatment,2026-03-05,1
19181,treatment,2026-03-06,0
19182,treatment,2026-03-03,0
19183,treatment,2026-03-09,1
19184,control,2026-03-10,0
19185,control,2026-03-08,1
19186,control,2026-03-02,0
19187,control,2026-03-06,1
19188,control,2026-03-10,1
19189,treatment,2026-03-15,0
19190,control,2026-03-07,1
19191,control,2026-03-08,1
19192,control,2026-03-15,1
19193,treatment,2026-03-02,0
19194,control,2026-03-04,1
19195,control,2026-03-03,1
19196,treatment,2026-03-12,0
19197,control,2026-03-12,1
19198,control,2026-03-12,1
19199,control,2026-03-10,1
19200,treatment,2026-03-11,0
19201,treatment,2026-03-03,0
19202,control,2026-03-04,0
19203,treatment,2026-03-13,1
19204,control,2026-03-14,1
19205,control,2026-03-02,1
19206,treatment,2026-03-05,1
19207,control,2026-03-11,0
19208,control,2026-03-14,0
19209,control,2026-03-09,1
19210,control,2026-03-12,0
19211,control,2026-03-08,0
19212,control,2026-03-07,0
19213,control,2026-03-03,0
19214,control,2026-03-10,1
19215,treatment,2026-03-07,0
19216,treatment,2026-03-04,0
19217,control,2026-03-13,1
19218,control,2026-03-14,0
19219,control,2026-03-11,1
19220,control,2026-03-05,0
19221,treatment,2026-03-03,1
19222,control,2026-03-13,0
19223,control,2026-03-12,0
19224,treatment,2026-03-10,0
19225,control,2026-03-15,0
19226,control,2026-03-09,1
19227,control,2026-03-13,0
19228,control,2026-03-12,0
19229,treatment,2026-03-11,1
19230,control,2026-03-15,1
19231,treatment,2026-03-05,1
19232,treatment,2026-03-03,1
19233,control,2026-03-08,1
19234,control,2026-03-11,0
19235,control,2026-03-07,0
19236,control,2026-03-05,1
19237,treatment,2026-03-07,1
19238,treatment,2026-03-11,1
19239,treatment,2026-03-05,0
19240,treatment,2026-03-14,0
19241,treatment,2026-03-08,0
19242,control,2026-03-04,0
19243,treatment,2026-03-05,1
19244,treatment,2026-03-10,0
19245,treatment,2026-03-02,1
19246,treatment,2026-03-10,0
19247,treatment,2026-03-07,0
19248,treatment,2026-03-07,1
19249,control,2026-03-07,0
19250,treatment,2026-03-03,0
19251,treatment,2026-03-06,0
19252,control,2026-03-12,0
19253,control,2026-03-06,1
19254,control,2026-03-04,0
19255,control,2026-03-07,0
19256,treatment,2026-03-09,1
19257,control,2026-03-13,0
19258,treatment,2026-03-08,0
19259,treatment,2026-03-10,0
19260,treatment,2026-03-02,0
19261,treatment,2026-03-07,1
19262,treatment,2026-03-14,0
19263,treatment,2026-03-15,0
19264,control,2026-03-11,0
19265,treatment,2026-03-14,1
19266,control,2026-03-13,1
19267,treatment,2026-03-08,0
19268,treatment,2026-03-11,1
19269,treatment,2026-03-06,1
19270,control,2026-03-14,0
19271,control,2026-03-14,0
19272,control,2026-03-03,1
19273,treatment,2026-03-10,0
19274,treatment,2026-03-08,1
19275,treatment,2026-03-10,0
19276,control,2026-03-11,1
19277,treatment,2026-03-08,1
19278,treatment,2026-03-04,1
19279,control,2026-03-11,0
19280,treatment,2026-03-09,0
19281,control,2026-03-11,0
19282,control,2026-03-06,0
19283,control,2026-03-04,1
19284,control,2026-03-13,1
19285,control,2026-03-12,0
19286,control,2026-03-11,1
19287,control,2026-03-09,0
19288,control,2026-03-13,0
19289,control,2026-03-03,0
19290,control,2026-03-14,0
19291,control,2026-03-04,1
19292,control,2026-03-02,1
19293,control,2026-03-10,0
19294,treatment,2026-03-14,0
19295,treatment,2026-03-12,0
19296,control,2026-03-12,0
19297,treatment,2026-03-10,1
19298,treatment,2026-03-08,1
19299,treatment,2026-03-02,0
19300,control,2026-03-11,1
19301,control,2026-03-15,1
19302,treatment,2026-03-03,0
19303,treatment,2026-03-15,0
19304,treatment,2026-03-11,0
19305,control,2026-03-10,1
19306,treatment,2026-03-03,0
19307,treatment,2026-03-05,0
19308,treatment,2026-03-04,0
19309,treatment,2026-03-12,0
19310,treatment,2026-03-13,1
19311,treatment,2026-03-06,0
19312,control,2026-03-15,1
19313,treatment,2026-03-15,0
19314,treatment,2026-03-12,0
19315,control,2026-03-07,1
19316,control,2026-03-09,0
19317,control,2026-03-15,0
19318,control,2026-03-15,0
19319,treatment,2026-03-11,1
19320,treatment,2026-03-03,1
19321,treatment,2026-03-06,0
19322,control,2026-03-06,0
19323,control,2026-03-07,0
19324,control,2026-03-15,0
19325,treatment,2026-03-15,0
19326,treatment,2026-03-07,0
19327,treatment,2026-03-09,0
19328,treatment,2026-03-14,1
19329,treatment,2026-03-04,0
19330,control,2026-03-04,0
19331,control,2026-03-04,0
19332,control,2026-03-10,1
19333,control,2026-03-13,0
19334,control,2026-03-08,1
19335,treatment,2026-03-08,0
19336,control,2026-03-04,0
19337,treatment,2026-03-11,1
19338,treatment,2026-03-08,0
19339,treatment,2026-03-07,0
19340,control,2026-03-06,0
19341,control,2026-03-11,1
19342,treatment,2026-03-11,0
19343,control,2026-03-02,1
19344,treatment,2026-03-14,1
19345,treatment,2026-03-13,1
19346,treatment,2026-03-12,1
19347,treatment,2026-03-03,0
19348,treatment,2026-03-04,0
19349,control,2026-03-14,0
19350,treatment,2026-03-14,0
19351,control,2026-03-14,1
19352,treatment,2026-03-10,0
19353,control,2026-03-15,0
19354,treatment,2026-03-12,1
19355,control,2026-03-13,1
19356,treatment,2026-03-07,0
19357,treatment,2026-03-04,1
19358,treatment,2026-03-06,1
19359,control,2026-03-02,1
19360,treatment,2026-03-07,0
19361,control,2026-03-05,0
19362,treatment,2026-03-04,1
19363,control,2026-03-15,1
19364,control,2026-03-08,0
19365,treatment,2026-03-02,0
19366,treatment,2026-03-07,0
19367,control,2026-03-10,0
19368,control,2026-03-13,0
19369,treatment,2026-03-05,0
19370,treatment,2026-03-04,0
19371,control,2026-03-07,1
19372,control,2026-03-03,1
19373,treatment,2026-03-10,1
19374,treatment,2026-03-03,1
19375,control,2026-03-08,0
19376,control,2026-03-08,0
19377,treatment,2026-03-06,0
19378,treatment,2026-03-10,0
19379,treatment,2026-03-10,1
19380,control,2026-03-05,1
19381,treatment,2026-03-04,0
19382,treatment,2026-03-11,1
19383,treatment,2026-03-15,0
19384,treatment,2026-03-08,1
19385,control,2026-03-10,1
19386,treatment,2026-03-10,0
19387,treatment,2026-03-13,0
19388,control,2026-03-15,1
19389,control,2026-03-03,0
19390,treatment,2026-03-05,0
19391,control,2026-03-10,1
19392,control,2026-03-15,0
19393,control,2026-03-14,0
19394,control,2026-03-13,0
19395,control,2026-03-11,0
19396,control,2026-03-12,1
19397,control,2026-03-03,0
19398,treatment,2026-03-11,1
19399,control,2026-03-03,1
19400,control,2026-03-07,0
19401,control,2026-03-08,1
19402,treatment,2026-03-11,0
19403,treatment,2026-03-08,0
19404,treatment,2026-03-13,1
19405,treatment,2026-03-13,1
19406,control,2026-03-15,0
19407,treatment,2026-03-09,0
19408,control,2026-03-12,1
19409,control,2026-03-04,0
19410,treatment,2026-03-12,0
19411,control,2026-03-03,1
19412,treatment,2026-03-05,1
19413,control,2026-03-14,1
19414,control,2026-03-13,0
19415,treatment,2026-03-14,1
19416,treatment,2026-03-12,1
19417,control,2026-03-15,1
19418,control,2026-03-06,1
19419,treatment,2026-03-14,0
19420,treatment,2026-03-02,1
19421,treatment,2026-03-08,1
19422,treatment,2026-03-11,0
19423,control,2026-03-04,1
19424,treatment,2026-03-03,0
19425,treatment,2026-03-06,1
19426,treatment,2026-03-02,1
19427,control,2026-03-07,0
19428,treatment,2026-03-03,0
19429,control,2026-03-12,0
19430,treatment,2026-03-13,0
19431,treatment,2026-03-11,1
19432,treatment,2026-03-15,0
19433,control,2026-03-07,0
19434,control,2026-03-05,0
19435,treatment,2026-03-09,0
19436,treatment,2026-03-06,0
19437,control,2026-03-02,0
19438,control,2026-03-03,0
19439,treatment,2026-03-13,1
19440,control,2026-03-09,0
19441,control,2026-03-08,0
19442,treatment,2026-03-12,1
19443,control,2026-03-05,0
19444,control,2026-03-13,0
19445,treatment,2026-03-13,1
19446,control,2026-03-07,0
19447,control,2026-03-13,0
19448,control,2026-03-03,0
19449,treatment,2026-03-12,0
19450,control,2026-03-07,1
19451,control,2026-03-14,0
19452,control,2026-03-05,1
19453,control,2026-03-14,0
19454,treatment,2026-03-03,1
19455,treatment,2026-03-02,0
19456,control,2026-03-15,0
19457,control,2026-03-03,0
19458,treatment,2026-03-11,0
19459,control,2026-03-05,1
19460,control,2026-03-07,0
19461,control,2026-03-05,0
19462,control,2026-03-12,1
19463,treatment,2026-03-07,1
19464,control,2026-03-14,1
19465,control,2026-03-07,0
19466,control,2026-03-05,0
19467,treatment,2026-03-09,0
19468,treatment,2026-03-08,0
19469,control,2026-03-10,0
19470,treatment,2026-03-13,0
19471,control,2026-03-03,1
19472,treatment,2026-03-15,0
19473,treatment,2026-03-11,1
19474,treatment,2026-03-13,1
19475,control,2026-03-10,0
19476,treatment,2026-03-14,1
19477,control,2026-03-13,0
19478,treatment,2026-03-10,1
19479,control,2026-03-14,0
19480,control,2026-03-13,0
19481,control,2026-03-12,0
19482,treatment,2026-03-14,0
19483,treatment,2026-03-09,0
19484,control,2026-03-07,1
19485,control,2026-03-11,0
19486,control,2026-03-13,1
19487,treatment,2026-03-02,1
19488,control,2026-03-02,0
19489,treatment,2026-03-13,0
19490,treatment,2026-03-11,0
19491,control,2026-03-08,0
19492,treatment,2026-03-04,0
19493,treatment,2026-03-04,1
19494,control,2026-03-12,1
19495,control,2026-03-08,0
19496,treatment,2026-03-03,0
19497,control,2026-03-08,0
19498,treatment,2026-03-07,0
19499,control,2026-03-12,0
19500,control,2026-03-02,1
19501,control,2026-03-04,0
19502,control,2026-03-15,0
19503,treatment,2026-03-08,1
19504,treatment,2026-03-10,0
19505,control,2026-03-03,1
19506,control,2026-03-05,0
19507,control,2026-03-09,1
19508,treatment,2026-03-14,1
19509,treatment,2026-03-09,1
19510,control,2026-03-10,0
19511,treatment,2026-03-14,0
19512,control,2026-03-06,1
19513,control,2026-03-15,0
19514,control,2026-03-10,0
19515,treatment,2026-03-03,1
19516,control,2026-03-10,0
19517,treatment,2026-03-14,0
19518,treatment,2026-03-07,0
19519,treatment,2026-03-15,0
19520,treatment,2026-03-04,1
19521,treatment,2026-03-03,0
19522,treatment,2026-03-06,0
19523,control,2026-03-04,1
19524,control,2026-03-09,0
19525,treatment,2026-03-03,0
19526,control,2026-03-06,0
19527,treatment,2026-03-03,0
19528,control,2026-03-02,0
19529,control,2026-03-06,0
19530,treatment,2026-03-12,0
19531,treatment,2026-03-11,0
19532,control,2026-03-10,1
19533,control,2026-03-13,0
19534,control,2026-03-05,0
19535,control,2026-03-12,1
19536,treatment,2026-03-06,0
19537,control,2026-03-08,0
19538,control,2026-03-06,1
19539,treatment,2026-03-08,1
19540,control,2026-03-12,0
19541,control,2026-03-04,0
19542,control,2026-03-06,0
19543,treatment,2026-03-05,1
19544,treatment,2026-03-13,0
19545,treatment,2026-03-05,1
19546,control,2026-03-12,0
19547,treatment,2026-03-11,1
19548,control,2026-03-06,1
19549,control,2026-03-13,0
19550,control,2026-03-03,0
19551,treatment,2026-03-09,0
19552,treatment,2026-03-11,0
19553,treatment,2026-03-06,0
19554,control,2026-03-05,0
19555,control,2026-03-02,0
19556,treatment,2026-03-09,0
19557,treatment,2026-03-08,0
19558,treatment,2026-03-11,1
19559,treatment,2026-03-11,1
19560,treatment,2026-03-12,1
19561,control,2026-03-07,1
19562,treatment,2026-03-15,1
19563,control,2026-03-06,0
19564,control,2026-03-09,0
19565,treatment,2026-03-08,0
19566,treatment,2026-03-08,1
19567,control,2026-03-14,1
19568,control,2026-03-11,1
19569,treatment,2026-03-09,1
19570,control,2026-03-13,0
19571,control,2026-03-08,0
19572,treatment,2026-03-06,0
19573,treatment,2026-03-11,0
19574,control,2026-03-11,1
19575,treatment,2026-03-15,0
19576,treatment,2026-03-03,1
19577,control,2026-03-02,0
19578,treatment,2026-03-05,0
19579,control,2026-03-09,0
19580,treatment,2026-03-12,0
19581,treatment,2026-03-09,1
19582,treatment,2026-03-14,0
19583,control,2026-03-15,1
19584,treatment,2026-03-03,1
19585,treatment,2026-03-07,0
19586,control,2026-03-12,0
19587,treatment,2026-03-13,0
19588,control,2026-03-11,0
19589,control,2026-03-12,0
19590,control,2026-03-15,0
19591,treatment,2026-03-02,0
19592,control,2026-03-15,0
19593,control,2026-03-06,0
19594,treatment,2026-03-03,0
19595,treatment,2026-03-11,0
19596,treatment,2026-03-02,0
19597,control,2026-03-07,1
19598,treatment,2026-03-05,1
19599,treatment,2026-03-08,0
19600,control,2026-03-02,1
19601,treatment,2026-03-04,1
19602,control,2026-03-05,1
19603,control,2026-03-15,0
19604,control,2026-03-08,0
19605,control,2026-03-12,0
19606,control,2026-03-09,0
19607,control,2026-03-09,1
19608,treatment,2026-03-05,1
19609,control,2026-03-06,0
19610,control,2026-03-03,1
19611,treatment,2026-03-13,0
19612,control,2026-03-04,0
19613,treatment,2026-03-12,1
19614,treatment,2026-03-13,0
19615,treatment,2026-03-06,0
19616,control,2026-03-06,0
19617,treatment,2026-03-10,1
19618,control,2026-03-04,0
19619,treatment,2026-03-10,0
19620,control,2026-03-07,0
19621,control,2026-03-12,1
19622,control,2026-03-04,0
19623,treatment,2026-03-11,1
19624,treatment,2026-03-15,0
19625,treatment,2026-03-03,1
19626,treatment,2026-03-08,0
19627,treatment,2026-03-14,1
19628,control,2026-03-06,0
19629,treatment,2026-03-06,0
19630,control,2026-03-13,1
19631,treatment,2026-03-03,0
19632,control,2026-03-12,1
19633,control,2026-03-03,0
19634,treatment,2026-03-14,1
19635,treatment,2026-03-13,0
19636,treatment,2026-03-06,0
19637,treatment,2026-03-02,1
19638,treatment,2026-03-08,1
19639,control,2026-03-03,0
19640,treatment,2026-03-07,0
19641,treatment,2026-03-10,0
19642,control,2026-03-12,0
19643,treatment,2026-03-15,0
19644,treatment,2026-03-15,0
19645,control,2026-03-12,0
19646,control,2026-03-13,1
19647,treatment,2026-03-08,1
19648,control,2026-03-06,1
19649,treatment,2026-03-08,1
19650,treatment,2026-03-05,1
19651,treatment,2026-03-04,0
19652,treatment,2026-03-07,0
19653,control,2026-03-12,0
19654,treatment,2026-03-15,1
19655,control,2026-03-14,0
19656,treatment,2026-03-09,1
19657,treatment,2026-03-13,1
19658,control,2026-03-14,0
19659,control,2026-03-14,0
19660,control,2026-03-07,1
19661,control,2026-03-10,1
19662,control,2026-03-15,1
19663,control,2026-03-03,0
19664,control,2026-03-09,0
19665,control,2026-03-02,0
19666,control,2026-03-10,1
19667,control,2026-03-15,0
19668,treatment,2026-03-14,1
19669,treatment,2026-03-08,1
19670,control,2026-03-14,1
19671,treatment,2026-03-11,1
19672,treatment,2026-03-13,0
19673,treatment,2026-03-06,1
19674,treatment,2026-03-05,1
19675,control,2026-03-10,0
19676,control,2026-03-12,0
19677,treatment,2026-03-09,1
19678,treatment,2026-03-10,0
19679,treatment,2026-03-04,0
19680,control,2026-03-11,0
19681,control,2026-03-06,0
19682,control,2026-03-09,0
19683,control,2026-03-12,0
19684,control,2026-03-14,0
19685,treatment,2026-03-05,1
19686,treatment,2026-03-03,0
19687,control,2026-03-15,1
19688,control,2026-03-08,1
19689,treatment,2026-03-03,0
19690,control,2026-03-10,1
19691,treatment,2026-03-04,1
19692,treatment,2026-03-12,0
19693,treatment,2026-03-08,1
19694,treatment,2026-03-08,1
19695,control,2026-03-11,0
19696,control,2026-03-06,0
19697,control,2026-03-09,1
19698,treatment,2026-03-02,0
19699,treatment,2026-03-07,0
19700,control,2026-03-02,1
19701,control,2026-03-11,0
19702,treatment,2026-03-05,1
19703,treatment,2026-03-13,1
19704,treatment,2026-03-03,1
19705,treatment,2026-03-03,1
19706,treatment,2026-03-05,0
19707,control,2026-03-12,0
19708,treatment,2026-03-04,1
19709,treatment,2026-03-07,1
19710,control,2026-03-10,0
19711,control,2026-03-10,0
19712,control,2026-03-14,1
19713,treatment,2026-03-08,0
19714,control,2026-03-14,0
19715,control,2026-03-15,1
19716,control,2026-03-13,0
19717,control,2026-03-04,0
19718,treatment,2026-03-11,0
19719,treatment,2026-03-13,0
19720,treatment,2026-03-08,0
19721,control,2026-03-14,1
19722,treatment,2026-03-10,1
19723,control,2026-03-12,0
19724,control,2026-03-09,1
19725,control,2026-03-05,1
19726,control,2026-03-11,1
19727,control,2026-03-07,1
19728,control,2026-03-11,0
19729,control,2026-03-02,0
19730,treatment,2026-03-05,0
19731,control,2026-03-05,1
19732,treatment,2026-03-11,0
19733,control,2026-03-10,1
19734,treatment,2026-03-03,0
19735,control,2026-03-02,0
19736,treatment,2026-03-07,1
19737,control,2026-03-06,0
19738,control,2026-03-02,0
19739,control,2026-03-12,1
19740,control,2026-03-03,1
19741,control,2026-03-11,1
19742,treatment,2026-03-02,1
19743,treatment,2026-03-07,1
19744,control,2026-03-02,1
19745,treatment,2026-03-07,1
19746,treatment,2026-03-10,0
19747,control,2026-03-07,1
19748,treatment,2026-03-05,0
19749,treatment,2026-03-05,1
19750,control,2026-03-14,0
19751,control,2026-03-13,1
19752,control,2026-03-07,1
19753,treatment,2026-03-04,1
19754,control,2026-03-10,0
19755,control,2026-03-09,0
19756,treatment,2026-03-14,0
19757,treatment,2026-03-07,1
19758,control,2026-03-14,0
19759,control,2026-03-11,0
19760,control,2026-03-10,1
19761,control,2026-03-05,0
19762,treatment,2026-03-11,0
19763,treatment,2026-03-14,0
19764,control,2026-03-08,1
19765,control,2026-03-13,1
19766,control,2026-03-10,0
19767,control,2026-03-15,0
19768,treatment,2026-03-11,0
19769,control,2026-03-06,1
19770,treatment,2026-03-12,1
19771,control,2026-03-09,0
19772,treatment,2026-03-15,0
19773,treatment,2026-03-11,1
19774,treatment,2026-03-04,0
19775,control,2026-03-02,1
19776,treatment,2026-03-10,0
19777,control,2026-03-06,0
19778,control,2026-03-08,0
19779,control,2026-03-09,1
19780,control,2026-03-06,0
19781,control,2026-03-07,0
19782,control,2026-03-15,1
19783,control,2026-03-06,0
19784,treatment,2026-03-02,0
19785,treatment,2026-03-07,0
19786,control,2026-03-05,0
19787,control,2026-03-15,0
19788,control,2026-03-07,1
19789,treatment,2026-03-08,0
19790,treatment,2026-03-13,0
19791,control,2026-03-15,0
19792,treatment,2026-03-09,0
19793,control,2026-03-10,0
19794,control,2026-03-08,0
19795,control,2026-03-03,0
19796,control,2026-03-09,0
19797,treatment,2026-03-03,0
19798,treatment,2026-03-15,1
19799,treatment,2026-03-03,1
19800,control,2026-03-08,0
19801,control,2026-03-12,1
19802,treatment,2026-03-02,0
19803,control,2026-03-04,0
19804,control,2026-03-09,0
19805,treatment,2026-03-03,1
19806,control,2026-03-13,0
19807,treatment,2026-03-08,0
19808,control,2026-03-06,0
19809,control,2026-03-11,0
19810,treatment,2026-03-04,0
19811,control,2026-03-15,0
19812,control,2026-03-02,0
19813,treatment,2026-03-09,1
19814,treatment,2026-03-03,1
19815,control,2026-03-08,0
19816,control,2026-03-10,0
19817,control,2026-03-15,1
19818,control,2026-03-15,0
19819,treatment,2026-03-12,0
19820,treatment,2026-03-10,1
19821,control,2026-03-05,1
19822,treatment,2026-03-03,0
19823,control,2026-03-15,0
19824,treatment,2026-03-12,0
19825,control,2026-03-04,1
19826,control,2026-03-02,0
19827,treatment,2026-03-11,1
19828,control,2026-03-12,0
19829,control,2026-03-05,1
19830,treatment,2026-03-07,0
19831,treatment,2026-03-04,0
19832,treatment,2026-03-13,0
19833,treatment,2026-03-07,0
19834,control,2026-03-06,0
19835,control,2026-03-07,0
19836,control,2026-03-12,1
19837,treatment,2026-03-08,0
19838,treatment,2026-03-15,0
19839,control,2026-03-13,0
19840,control,2026-03-13,1
19841,control,2026-03-11,0
19842,control,2026-03-02,0
19843,treatment,2026-03-15,1
19844,control,2026-03-02,0
19845,treatment,2026-03-13,0
19846,control,2026-03-05,0
19847,treatment,2026-03-15,1
19848,treatment,2026-03-03,1
19849,treatment,2026-03-14,0
19850,treatment,2026-03-11,1
19851,treatment,2026-03-02,0
19852,control,2026-03-04,1
19853,control,2026-03-11,0
19854,treatment,2026-03-10,1
19855,treatment,2026-03-07,0
19856,control,2026-03-11,1
19857,treatment,2026-03-10,0
19858,treatment,2026-03-15,0
19859,treatment,2026-03-15,0
19860,treatment,2026-03-07,1
19861,control,2026-03-03,1
19862,treatment,2026-03-11,0
19863,treatment,2026-03-02,0
19864,control,2026-03-08,1
19865,treatment,2026-03-14,1
19866,treatment,2026-03-11,0
19867,treatment,2026-03-09,0
19868,control,2026-03-05,1
19869,treatment,2026-03-07,1
19870,treatment,2026-03-11,0
19871,control,2026-03-07,0
19872,control,2026-03-15,0
19873,control,2026-03-03,0
19874,control,2026-03-04,0
19875,control,2026-03-12,0
19876,treatment,2026-03-11,0
19877,control,2026-03-10,0
19878,treatment,2026-03-13,1
19879,control,2026-03-06,1
19880,control,2026-03-13,1
19881,treatment,2026-03-13,0
19882,treatment,2026-03-05,0
19883,treatment,2026-03-13,1
19884,control,2026-03-13,0
19885,control,2026-03-08,1
19886,control,2026-03-04,1
19887,treatment,2026-03-15,0
19888,control,2026-03-07,0
19889,control,2026-03-11,0
19890,treatment,2026-03-08,1
19891,control,2026-03-12,0
19892,treatment,2026-03-15,1
19893,control,2026-03-09,0
19894,treatment,2026-03-08,0
19895,control,2026-03-14,0
19896,treatment,2026-03-04,0
19897,control,2026-03-09,0
19898,treatment,2026-03-11,0
19899,treatment,2026-03-08,0
19900,control,2026-03-14,0
19901,treatment,2026-03-05,0
19902,control,2026-03-13,1
19903,treatment,2026-03-09,0
19904,control,2026-03-06,0
19905,control,2026-03-07,1
19906,treatment,2026-03-02,1
19907,control,2026-03-02,0
19908,control,2026-03-15,0
19909,treatment,2026-03-03,0
19910,treatment,2026-03-11,0
19911,control,2026-03-05,0
19912,treatment,2026-03-02,0
19913,control,2026-03-11,1
19914,control,2026-03-14,1
19915,control,2026-03-02,0
19916,control,2026-03-05,0
19917,control,2026-03-02,1
19918,control,2026-03-15,0
19919,treatment,2026-03-08,1
19920,treatment,2026-03-15,0
19921,treatment,2026-03-04,0
19922,control,2026-03-15,1
19923,control,2026-03-08,0
19924,control,2026-03-04,1
19925,treatment,2026-03-03,1
19926,control,2026-03-03,0
19927,control,2026-03-09,0
19928,treatment,2026-03-14,1
19929,control,2026-03-07,0
19930,treatment,2026-03-05,0
19931,control,2026-03-12,0
19932,control,2026-03-10,0
19933,treatment,2026-03-14,1
19934,treatment,2026-03-05,0
19935,control,2026-03-05,1
19936,treatment,2026-03-10,0
19937,treatment,2026-03-05,0
19938,treatment,2026-03-04,0
19939,treatment,2026-03-02,0
19940,treatment,2026-03-06,1
19941,treatment,2026-03-12,0
19942,treatment,2026-03-09,0
19943,control,2026-03-06,1
19944,treatment,2026-03-06,0
19945,treatment,2026-03-03,1
19946,treatment,2026-03-11,1
19947,control,2026-03-05,1
19948,control,2026-03-13,0
19949,treatment,2026-03-04,0
19950,treatment,2026-03-04,0
19951,treatment,2026-03-14,0
19952,control,2026-03-11,0
19953,control,2026-03-03,0
19954,treatment,2026-03-10,0
19955,treatment,2026-03-04,0
19956,control,2026-03-09,0
19957,control,2026-03-08,1
19958,control,2026-03-11,1
19959,treatment,2026-03-09,1
19960,treatment,2026-03-04,1
19961,control,2026-03-09,1
19962,control,2026-03-08,1
19963,control,2026-03-04,0
19964,treatment,2026-03-13,0
19965,control,2026-03-07,0
19966,control,2026-03-12,0
19967,treatment,2026-03-09,1
19968,control,2026-03-09,0
19969,treatment,2026-03-10,1
19970,control,2026-03-15,0
19971,control,2026-03-09,0
19972,control,2026-03-04,0
19973,control,2026-03-12,0
19974,control,2026-03-11,1
19975,control,2026-03-06,0
19976,control,2026-03-07,0
19977,control,2026-03-08,0
19978,treatment,2026-03-11,1
19979,treatment,2026-03-13,0
19980,control,2026-03-02,0
19981,treatment,2026-03-13,0
19982,treatment,2026-03-11,1
19983,treatment,2026-03-07,0
19984,control,2026-03-14,0
19985,control,2026-03-10,1
19986,treatment,2026-03-13,0
19987,control,2026-03-10,0
19988,control,2026-03-11,0
19989,treatment,2026-03-06,1
19990,control,2026-03-05,0
19991,treatment,2026-03-02,0
19992,treatment,2026-03-03,0
19993,treatment,2026-03-08,1
19994,treatment,2026-03-02,0
19995,control,2026-03-11,1
19996,control,2026-03-12,0
19997,treatment,2026-03-04,1
19998,control,2026-03-05,0
19999,treatment,2026-03-12,1
20000,control,2026-03-15,0
20001,control,2026-03-13,0
20002,treatment,2026-03-03,0
20003,treatment,2026-03-08,1
20004,treatment,2026-03-14,0
20005,treatment,2026-03-05,0
20006,control,2026-03-11,1
20007,treatment,2026-03-04,0
20008,treatment,2026-03-06,1
20009,treatment,2026-03-12,1
20010,treatment,2026-03-02,0
20011,control,2026-03-05,1
20012,control,2026-03-09,0
20013,control,2026-03-03,1
20014,treatment,2026-03-11,1
20015,control,2026-03-09,0
20016,control,2026-03-05,0
20017,treatment,2026-03-10,0
20018,treatment,2026-03-02,0
20019,treatment,2026-03-07,1
20020,treatment,2026-03-06,0
20021,control,2026-03-14,1
20022,control,2026-03-14,0
20023,treatment,2026-03-10,0
20024,control,2026-03-02,0
20025,control,2026-03-14,1
20026,treatment,2026-03-14,1
20027,treatment,2026-03-12,0
20028,treatment,2026-03-07,0
20029,treatment,2026-03-15,0
20030,control,2026-03-03,1
20031,control,2026-03-02,0
20032,treatment,2026-03-12,1
20033,treatment,2026-03-09,0
20034,treatment,2026-03-11,0
20035,treatment,2026-03-05,0
20036,treatment,2026-03-09,0
20037,treatment,2026-03-11,0
20038,control,2026-03-05,1
20039,treatment,2026-03-07,1
20040,treatment,2026-03-05,1
20041,control,2026-03-13,1
20042,control,2026-03-08,1
20043,treatment,2026-03-12,1
20044,treatment,2026-03-02,0
20045,control,2026-03-11,0
20046,control,2026-03-05,0
20047,treatment,2026-03-15,0
20048,control,2026-03-09,0
20049,treatment,2026-03-10,0
20050,treatment,2026-03-06,0
20051,treatment,2026-03-14,0
20052,control,2026-03-08,0
20053,control,2026-03-10,0
20054,control,2026-03-03,1
20055,treatment,2026-03-12,0
20056,control,2026-03-13,1
20057,control,2026-03-13,0
20058,control,2026-03-04,0
20059,control,2026-03-15,0
20060,treatment,2026-03-15,1
20061,control,2026-03-10,0
20062,control,2026-03-09,0
20063,control,2026-03-15,0
20064,control,2026-03-13,0
20065,control,2026-03-06,0
20066,control,2026-03-03,0
20067,control,2026-03-08,0
20068,treatment,2026-03-11,0
20069,control,2026-03-02,1
20070,treatment,2026-03-15,1
20071,treatment,2026-03-13,1
20072,control,2026-03-06,0
20073,treatment,2026-03-11,0
20074,treatment,2026-03-09,0
20075,treatment,2026-03-15,1
20076,control,2026-03-13,1
20077,control,2026-03-07,1
20078,treatment,2026-03-03,1
20079,control,2026-03-09,0
20080,treatment,2026-03-07,0
20081,control,2026-03-13,0
20082,control,2026-03-15,0
20083,treatment,2026-03-12,0
20084,control,2026-03-09,0
20085,treatment,2026-03-05,1
20086,control,2026-03-02,0
20087,control,2026-03-03,0
20088,control,2026-03-05,0
20089,control,2026-03-07,0
20090,treatment,2026-03-07,0
20091,control,2026-03-09,1
20092,treatment,2026-03-10,0
20093,treatment,2026-03-08,1
20094,treatment,2026-03-04,0
20095,control,2026-03-15,0
20096,treatment,2026-03-02,1
20097,treatment,2026-03-04,1
20098,control,2026-03-02,0
20099,treatment,2026-03-11,0
20100,control,2026-03-03,1
20101,control,2026-03-12,0
20102,control,2026-03-09,1
20103,control,2026-03-06,0
20104,control,2026-03-12,0
20105,control,2026-03-09,0
20106,treatment,2026-03-08,0
20107,treatment,2026-03-14,1
20108,control,2026-03-11,1
20109,control,2026-03-15,1
20110,treatment,2026-03-07,0
20111,treatment,2026-03-10,1
20112,treatment,2026-03-13,0
20113,control,2026-03-09,0
20114,treatment,2026-03-14,0
20115,control,2026-03-05,0
20116,control,2026-03-11,0
20117,treatment,2026-03-09,0
20118,control,2026-03-04,0
20119,control,2026-03-10,0
20120,control,2026-03-15,0
20121,treatment,2026-03-10,1
20122,treatment,2026-03-12,0
20123,treatment,2026-03-07,1
20124,treatment,2026-03-03,1
20125,control,2026-03-13,0
20126,control,2026-03-03,0
20127,control,2026-03-11,0
20128,control,2026-03-03,0
20129,treatment,2026-03-02,0
20130,control,2026-03-07,0
20131,treatment,2026-03-08,0
20132,treatment,2026-03-12,0
20133,control,2026-03-08,1
20134,control,2026-03-08,0
20135,control,2026-03-03,0
20136,control,2026-03-02,0
20137,control,2026-03-04,0
20138,control,2026-03-11,1
20139,treatment,2026-03-05,1
20140,control,2026-03-13,0
20141,control,2026-03-10,1
20142,control,2026-03-05,1
20143,treatment,2026-03-14,0
20144,treatment,2026-03-12,0
20145,control,2026-03-13,0
20146,control,2026-03-02,0
20147,treatment,2026-03-02,0
20148,control,2026-03-06,0
20149,control,2026-03-08,0
20150,control,2026-03-06,0
20151,treatment,2026-03-04,0
20152,treatment,2026-03-09,1
20153,treatment,2026-03-10,0
20154,treatment,2026-03-12,1
20155,treatment,2026-03-03,1
20156,treatment,2026-03-08,0
20157,treatment,2026-03-15,0
20158,treatment,2026-03-13,1
20159,treatment,2026-03-07,0
20160,control,2026-03-12,0
20161,treatment,2026-03-10,1
20162,treatment,2026-03-06,0
20163,treatment,2026-03-15,1
20164,control,2026-03-11,1
20165,control,2026-03-08,0
20166,control,2026-03-08,0
20167,control,2026-03-13,1
20168,control,2026-03-04,0
20169,control,2026-03-08,0
20170,treatment,2026-03-12,0
20171,treatment,2026-03-04,0
20172,treatment,2026-03-05,1
20173,control,2026-03-12,0
20174,control,2026-03-04,0
20175,treatment,2026-03-10,0
20176,control,2026-03-11,1
20177,control,2026-03-07,1
20178,control,2026-03-14,1
20179,treatment,2026-03-13,0
20180,control,2026-03-08,0
20181,treatment,2026-03-14,0
20182,control,2026-03-14,0
20183,treatment,2026-03-13,0
20184,treatment,2026-03-08,1
20185,treatment,2026-03-06,1
20186,treatment,2026-03-04,1
20187,control,2026-03-10,1
20188,treatment,2026-03-08,0
20189,control,2026-03-15,0
20190,treatment,2026-03-05,0
20191,control,2026-03-12,1
20192,control,2026-03-08,1
20193,control,2026-03-08,0
20194,treatment,2026-03-03,0
20195,treatment,2026-03-02,1
20196,control,2026-03-09,0
20197,treatment,2026-03-06,0
20198,treatment,2026-03-02,0
20199,control,2026-03-02,1
20200,treatment,2026-03-04,1
20201,control,2026-03-11,0
20202,control,2026-03-13,1
20203,treatment,2026-03-14,1
20204,control,2026-03-13,0
20205,control,2026-03-07,0
20206,treatment,2026-03-04,0
20207,treatment,2026-03-02,0
20208,treatment,2026-03-03,1
20209,control,2026-03-11,1
20210,control,2026-03-07,0
20211,treatment,2026-03-05,1
20212,control,2026-03-12,0
20213,treatment,2026-03-06,1
20214,control,2026-03-11,1
20215,treatment,2026-03-15,1
20216,treatment,2026-03-15,1
20217,control,2026-03-06,1
20218,treatment,2026-03-04,1
20219,control,2026-03-10,1
20220,treatment,2026-03-02,1
20221,treatment,2026-03-11,0
20222,control,2026-03-02,0
20223,control,2026-03-07,0
20224,control,2026-03-02,1
20225,treatment,2026-03-11,1
20226,control,2026-03-13,0
20227,control,2026-03-14,0
20228,control,2026-03-11,0
20229,control,2026-03-04,0
20230,treatment,2026-03-06,1
20231,control,2026-03-06,1
20232,control,2026-03-03,0
20233,treatment,2026-03-07,0
20234,control,2026-03-12,0
20235,treatment,2026-03-11,1
20236,control,2026-03-08,0
20237,control,2026-03-07,0
20238,treatment,2026-03-09,0
20239,treatment,2026-03-15,1
20240,control,2026-03-09,0
20241,treatment,2026-03-09,1
20242,control,2026-03-03,1
20243,treatment,2026-03-10,0
20244,control,2026-03-05,0
20245,control,2026-03-10,1
20246,control,2026-03-03,0
20247,control,2026-03-13,0
20248,control,2026-03-04,1
20249,control,2026-03-11,0
20250,treatment,2026-03-08,0
20251,control,2026-03-09,0
20252,control,2026-03-14,0
20253,treatment,2026-03-11,1
20254,treatment,2026-03-15,1
20255,treatment,2026-03-08,0
20256,treatment,2026-03-15,0
20257,control,2026-03-09,1
20258,control,2026-03-07,0
20259,treatment,2026-03-11,0
20260,control,2026-03-04,0
20261,treatment,2026-03-13,0
20262,control,2026-03-05,0
20263,control,2026-03-03,0
20264,control,2026-03-02,1
20265,control,2026-03-07,0
20266,control,2026-03-08,0
20267,treatment,2026-03-10,1
20268,treatment,2026-03-02,1
20269,control,2026-03-05,0
20270,treatment,2026-03-08,0
20271,treatment,2026-03-02,1
20272,control,2026-03-15,0
20273,treatment,2026-03-15,0
20274,control,2026-03-07,0
20275,treatment,2026-03-11,1
20276,treatment,2026-03-14,1
20277,control,2026-03-11,1
20278,treatment,2026-03-14,0
20279,treatment,2026-03-08,1
20280,control,2026-03-12,0
20281,treatment,2026-03-12,1
20282,control,2026-03-10,0
20283,treatment,2026-03-04,0
20284,control,2026-03-11,1
20285,treatment,2026-03-08,0
20286,control,2026-03-15,0
20287,treatment,2026-03-07,1
20288,control,2026-03-06,0
20289,treatment,2026-03-14,1
20290,treatment,2026-03-08,0
20291,control,2026-03-03,0
20292,treatment,2026-03-03,0
20293,control,2026-03-08,0
20294,control,2026-03-05,0
20295,treatment,2026-03-13,0
20296,control,2026-03-04,1
20297,control,2026-03-11,0
20298,control,2026-03-03,0
20299,treatment,2026-03-05,0
20300,control,2026-03-12,1
20301,control,2026-03-06,0
20302,treatment,2026-03-02,1
20303,control,2026-03-11,1
20304,control,2026-03-03,0
20305,treatment,2026-03-05,0
20306,control,2026-03-02,0
20307,control,2026-03-03,0
20308,control,2026-03-09,1
20309,control,2026-03-12,0
20310,treatment,2026-03-03,0
20311,treatment,2026-03-14,0
20312,control,2026-03-15,0
20313,treatment,2026-03-02,1
20314,treatment,2026-03-11,1
20315,control,2026-03-07,1
20316,treatment,2026-03-02,1
20317,treatment,2026-03-05,0
20318,treatment,2026-03-02,0
20319,control,2026-03-10,0
20320,control,2026-03-12,1
20321,control,2026-03-15,0
20322,treatment,2026-03-07,1
20323,treatment,2026-03-02,0
20324,treatment,2026-03-03,1
20325,control,2026-03-04,1
20326,control,2026-03-06,1
20327,control,2026-03-06,0
20328,control,2026-03-12,0
20329,control,2026-03-05,0
20330,control,2026-03-02,0
20331,treatment,2026-03-15,1
20332,control,2026-03-09,1
20333,control,2026-03-12,0
20334,treatment,2026-03-03,0
20335,control,2026-03-13,1
20336,treatment,2026-03-14,0
20337,treatment,2026-03-03,0
20338,treatment,2026-03-11,0
20339,treatment,2026-03-03,0
20340,treatment,2026-03-15,0
20341,treatment,2026-03-05,1
20342,treatment,2026-03-06,0
20343,control,2026-03-11,0
20344,control,2026-03-13,0
20345,treatment,2026-03-04,1
20346,treatment,2026-03-05,0
20347,treatment,2026-03-12,0
20348,control,2026-03-04,0
20349,treatment,2026-03-05,1
20350,control,2026-03-02,0
20351,control,2026-03-03,0
20352,treatment,2026-03-03,1
20353,treatment,2026-03-08,0
20354,control,2026-03-03,0
20355,control,2026-03-12,0
20356,treatment,2026-03-11,1
20357,treatment,2026-03-09,0
20358,control,2026-03-12,1
20359,treatment,2026-03-09,0
20360,treatment,2026-03-08,0
20361,treatment,2026-03-08,0
20362,treatment,2026-03-12,1
20363,control,2026-03-02,1
20364,treatment,2026-03-05,1
20365,control,2026-03-13,1
20366,treatment,2026-03-09,0
20367,control,2026-03-14,1
20368,control,2026-03-11,1
20369,control,2026-03-07,1
20370,treatment,2026-03-14,1
20371,treatment,2026-03-14,1
20372,treatment,2026-03-06,0
20373,control,2026-03-06,0
20374,treatment,2026-03-12,1
20375,control,2026-03-15,0
20376,control,2026-03-09,1
20377,treatment,2026-03-06,1
20378,treatment,2026-03-08,0
20379,treatment,2026-03-02,0
20380,treatment,2026-03-08,0
20381,treatment,2026-03-12,0
20382,treatment,2026-03-08,1
20383,control,2026-03-09,1
20384,control,2026-03-11,0
20385,control,2026-03-07,0
20386,treatment,2026-03-15,0
20387,control,2026-03-15,1
20388,treatment,2026-03-05,1
20389,treatment,2026-03-05,1
20390,control,2026-03-14,0
20391,control,2026-03-07,1
20392,treatment,2026-03-15,0
20393,control,2026-03-13,0
20394,control,2026-03-09,1
20395,control,2026-03-05,0
20396,control,2026-03-12,1
20397,control,2026-03-12,1
20398,treatment,2026-03-11,0
20399,treatment,2026-03-14,1
20400,control,2026-03-02,0
20401,treatment,2026-03-15,0
20402,control,2026-03-10,0
20403,control,2026-03-12,0
20404,treatment,2026-03-08,0
20405,treatment,2026-03-07,1
20406,control,2026-03-09,1
20407,treatment,2026-03-06,0
20408,control,2026-03-06,0
20409,control,2026-03-14,0
20410,control,2026-03-11,0
20411,treatment,2026-03-07,0
20412,control,2026-03-06,1
20413,control,2026-03-13,1
20414,treatment,2026-03-14,1
20415,control,2026-03-08,0
20416,treatment,2026-03-02,0
20417,treatment,2026-03-04,1
20418,treatment,2026-03-03,1
20419,control,2026-03-13,0
20420,control,2026-03-15,0
20421,control,2026-03-02,0
20422,control,2026-03-07,1
20423,treatment,2026-03-11,1
20424,treatment,2026-03-15,0
20425,treatment,2026-03-11,1
20426,control,2026-03-13,0
20427,control,2026-03-06,0
20428,treatment,2026-03-07,0
20429,treatment,2026-03-02,1
20430,control,2026-03-04,1
20431,treatment,2026-03-15,1
20432,control,2026-03-11,0
20433,treatment,2026-03-03,0
20434,treatment,2026-03-03,0
20435,treatment,2026-03-12,0
20436,control,2026-03-11,1
20437,control,2026-03-13,0
20438,control,2026-03-11,1
20439,treatment,2026-03-08,0
20440,control,2026-03-05,0
20441,control,2026-03-04,0
20442,treatment,2026-03-06,0
20443,treatment,2026-03-03,1
20444,treatment,2026-03-04,0
20445,control,2026-03-06,0
20446,control,2026-03-09,1
20447,treatment,2026-03-11,0
20448,control,2026-03-06,0
20449,treatment,2026-03-08,1
20450,treatment,2026-03-04,0
20451,treatment,2026-03-03,0
20452,treatment,2026-03-03,1
20453,control,2026-03-06,0
20454,control,2026-03-09,1
20455,treatment,2026-03-02,0
20456,control,2026-03-15,1
20457,control,2026-03-02,0
20458,control,2026-03-10,1
20459,control,2026-03-05,1
20460,treatment,2026-03-08,1
20461,treatment,2026-03-14,0
20462,treatment,2026-03-02,0
20463,control,2026-03-06,1
20464,treatment,2026-03-06,1
20465,control,2026-03-06,1
20466,control,2026-03-15,1
20467,treatment,2026-03-09,0
20468,treatment,2026-03-02,1
20469,treatment,2026-03-05,1
20470,control,2026-03-13,1
20471,control,2026-03-13,1
20472,control,2026-03-07,0
20473,control,2026-03-14,0
20474,control,2026-03-09,0
20475,treatment,2026-03-05,0
20476,treatment,2026-03-08,0
20477,control,2026-03-03,0
20478,treatment,2026-03-14,1
20479,treatment,2026-03-05,0
20480,control,2026-03-04,1
20481,control,2026-03-09,1
20482,control,2026-03-04,0
20483,treatment,2026-03-14,1
20484,treatment,2026-03-06,0
20485,control,2026-03-04,0
20486,control,2026-03-08,0
20487,control,2026-03-04,0
20488,treatment,2026-03-13,1
20489,treatment,2026-03-07,0
20490,control,2026-03-13,0
20491,treatment,2026-03-02,0
20492,treatment,2026-03-05,1
20493,control,2026-03-13,0
20494,control,2026-03-15,0
20495,treatment,2026-03-11,0
20496,control,2026-03-04,0
20497,treatment,2026-03-14,0
20498,control,2026-03-12,0
20499,treatment,2026-03-04,0
20500,treatment,2026-03-02,1
20501,treatment,2026-03-05,1
20502,control,2026-03-10,0
20503,treatment,2026-03-04,1
20504,treatment,2026-03-07,0
20505,treatment,2026-03-07,0
20506,treatment,2026-03-04,0
20507,treatment,2026-03-11,0
20508,treatment,2026-03-07,1
20509,treatment,2026-03-02,1
20510,treatment,2026-03-07,0
20511,control,2026-03-15,1
20512,control,2026-03-10,1
20513,treatment,2026-03-13,0
20514,treatment,2026-03-10,1
20515,treatment,2026-03-03,1
20516,treatment,2026-03-09,1
20517,treatment,2026-03-15,0
20518,control,2026-03-03,0
20519,control,2026-03-13,0
20520,treatment,2026-03-02,0
20521,treatment,2026-03-12,0
20522,treatment,2026-03-03,0
20523,control,2026-03-09,1
20524,treatment,2026-03-05,1
20525,treatment,2026-03-05,1
20526,treatment,2026-03-07,1
20527,treatment,2026-03-02,1
20528,control,2026-03-11,1
20529,control,2026-03-03,0
20530,treatment,2026-03-10,0
20531,treatment,2026-03-02,0
20532,treatment,2026-03-15,0
20533,treatment,2026-03-02,1
20534,treatment,2026-03-03,0
20535,control,2026-03-10,1
20536,treatment,2026-03-09,0
20537,treatment,2026-03-08,0
20538,treatment,2026-03-10,0
20539,treatment,2026-03-09,1
20540,treatment,2026-03-10,0
20541,treatment,2026-03-08,1
20542,control,2026-03-11,1
20543,control,2026-03-10,1
20544,treatment,2026-03-09,1
20545,control,2026-03-10,1
20546,treatment,2026-03-14,0
20547,treatment,2026-03-14,1
20548,treatment,2026-03-10,0
20549,treatment,2026-03-02,1
20550,control,2026-03-06,0
20551,treatment,2026-03-08,0
20552,control,2026-03-12,0
20553,control,2026-03-11,1
20554,control,2026-03-15,0
20555,control,2026-03-06,1
20556,control,2026-03-08,1
20557,treatment,2026-03-02,1
20558,treatment,2026-03-07,1
20559,control,2026-03-08,0
20560,treatment,2026-03-11,0
20561,control,2026-03-02,0
20562,control,2026-03-10,0
20563,treatment,2026-03-08,1
20564,control,2026-03-11,0
20565,treatment,2026-03-04,1
20566,treatment,2026-03-07,0
20567,treatment,2026-03-06,0
20568,control,2026-03-08,1
20569,control,2026-03-06,1
20570,treatment,2026-03-06,1
20571,treatment,2026-03-04,0
20572,control,2026-03-13,0
20573,treatment,2026-03-05,1
20574,control,2026-03-04,0
20575,control,2026-03-12,0
20576,treatment,2026-03-11,1
20577,treatment,2026-03-09,0
20578,treatment,2026-03-09,0
20579,treatment,2026-03-15,0
20580,control,2026-03-13,0
20581,treatment,2026-03-07,0
20582,treatment,2026-03-11,0
20583,control,2026-03-02,0
20584,treatment,2026-03-03,0
20585,control,2026-03-03,0
20586,treatment,2026-03-09,0
20587,control,2026-03-14,0
20588,treatment,2026-03-09,0
20589,control,2026-03-08,0
20590,control,2026-03-05,0
20591,control,2026-03-15,0
20592,control,2026-03-11,1
20593,control,2026-03-03,1
20594,treatment,2026-03-03,0
20595,control,2026-03-07,0
20596,control,2026-03-13,1
20597,treatment,2026-03-11,0
20598,control,2026-03-11,1
20599,control,2026-03-11,1
20600,treatment,2026-03-13,1
20601,treatment,2026-03-11,1
20602,control,2026-03-02,0
20603,control,2026-03-11,0
20604,control,2026-03-15,0
20605,treatment,2026-03-14,0
20606,treatment,2026-03-07,0
20607,control,2026-03-03,1
20608,control,2026-03-09,1
20609,treatment,2026-03-14,0
20610,control,2026-03-07,0
20611,control,2026-03-02,0
20612,treatment,2026-03-09,0
20613,control,2026-03-02,1
20614,treatment,2026-03-11,0
20615,treatment,2026-03-15,1
20616,treatment,2026-03-15,1
20617,treatment,2026-03-09,0
20618,treatment,2026-03-14,0
20619,treatment,2026-03-09,0
20620,treatment,2026-03-14,1
20621,treatment,2026-03-03,1
20622,control,2026-03-15,0
20623,control,2026-03-07,1
20624,treatment,2026-03-09,0
20625,treatment,2026-03-12,0
20626,treatment,2026-03-03,0
20627,control,2026-03-15,0
20628,treatment,2026-03-11,0
20629,treatment,2026-03-03,0
20630,treatment,2026-03-08,0
20631,control,2026-03-13,1
20632,treatment,2026-03-14,1
20633,treatment,2026-03-04,0
20634,control,2026-03-06,1
20635,treatment,2026-03-06,0
20636,treatment,2026-03-07,0
20637,control,2026-03-04,0
20638,control,2026-03-06,0
20639,treatment,2026-03-04,1
20640,treatment,2026-03-06,1
20641,treatment,2026-03-11,0
20642,treatment,2026-03-14,0
20643,control,2026-03-05,0
20644,control,2026-03-10,0
20645,control,2026-03-07,1
20646,control,2026-03-08,1
20647,control,2026-03-14,0
20648,treatment,2026-03-08,1
20649,treatment,2026-03-15,1
20650,control,2026-03-06,0
20651,treatment,2026-03-14,0
20652,treatment,2026-03-03,1
20653,control,2026-03-09,0
20654,treatment,2026-03-08,1
20655,control,2026-03-12,0
20656,control,2026-03-11,1
20657,treatment,2026-03-10,0
20658,control,2026-03-10,0
20659,treatment,2026-03-02,0
20660,treatment,2026-03-08,1
20661,control,2026-03-08,1
20662,control,2026-03-10,0
20663,control,2026-03-07,0
20664,control,2026-03-13,1
20665,control,2026-03-10,0
20666,control,2026-03-11,0
20667,treatment,2026-03-02,0
20668,control,2026-03-11,1
20669,treatment,2026-03-15,0
20670,treatment,2026-03-07,0
20671,control,2026-03-02,0
20672,control,2026-03-09,1
20673,control,2026-03-15,0
20674,control,2026-03-04,0
20675,treatment,2026-03-03,0
20676,control,2026-03-11,0
20677,treatment,2026-03-14,0
20678,control,2026-03-02,0
20679,control,2026-03-11,0
20680,treatment,2026-03-03,1
20681,control,2026-03-15,0
20682,treatment,2026-03-06,1
20683,treatment,2026-03-05,0
20684,treatment,2026-03-09,0
20685,treatment,2026-03-14,1
20686,control,2026-03-15,0
20687,control,2026-03-06,1
20688,control,2026-03-14,1
20689,treatment,2026-03-04,1
20690,treatment,2026-03-02,0
20691,control,2026-03-13,1
20692,control,2026-03-12,0
20693,treatment,2026-03-13,0
20694,treatment,2026-03-05,0
20695,treatment,2026-03-12,1
20696,control,2026-03-06,1
20697,treatment,2026-03-15,0
20698,control,2026-03-06,1
20699,treatment,2026-03-11,0
20700,control,2026-03-13,1
20701,treatment,2026-03-05,0
20702,control,2026-03-10,1
20703,control,2026-03-15,1
20704,control,2026-03-15,0
20705,control,2026-03-08,0
20706,treatment,2026-03-13,1
20707,treatment,2026-03-15,0
20708,treatment,2026-03-08,0
20709,control,2026-03-10,1
20710,control,2026-03-10,1
20711,treatment,2026-03-03,1
20712,control,2026-03-15,0
20713,treatment,2026-03-06,1
20714,treatment,2026-03-12,0
20715,treatment,2026-03-04,0
20716,treatment,2026-03-15,1
20717,control,2026-03-11,1
20718,control,2026-03-08,0
20719,control,2026-03-12,1
20720,control,2026-03-08,0
20721,control,2026-03-13,0
20722,treatment,2026-03-04,1
20723,control,2026-03-15,0
20724,control,2026-03-04,0
20725,control,2026-03-12,0
20726,treatment,2026-03-11,1
20727,treatment,2026-03-02,0
20728,treatment,2026-03-12,0
20729,control,2026-03-15,1
20730,control,2026-03-12,1
20731,treatment,2026-03-08,1
20732,treatment,2026-03-08,0
20733,treatment,2026-03-13,0
20734,control,2026-03-11,0
20735,treatment,2026-03-09,0
20736,control,2026-03-10,0
20737,control,2026-03-14,0
20738,treatment,2026-03-04,1
20739,control,2026-03-08,1
20740,control,2026-03-02,1
20741,control,2026-03-12,0
20742,treatment,2026-03-09,0
20743,treatment,2026-03-12,0
20744,treatment,2026-03-12,1
20745,treatment,2026-03-07,0
20746,control,2026-03-06,0
20747,control,2026-03-07,0
20748,control,2026-03-10,1
20749,treatment,2026-03-15,0
20750,control,2026-03-13,1
20751,treatment,2026-03-05,0
20752,treatment,2026-03-05,0
20753,treatment,2026-03-13,1
20754,treatment,2026-03-06,0
20755,control,2026-03-08,1
20756,control,2026-03-05,0
20757,treatment,2026-03-05,0
20758,control,2026-03-09,1
20759,treatment,2026-03-14,0
20760,control,2026-03-08,0
20761,control,2026-03-13,1
20762,treatment,2026-03-04,1
20763,control,2026-03-03,0
20764,control,2026-03-12,0
20765,control,2026-03-08,1
20766,treatment,2026-03-13,1
20767,treatment,2026-03-02,0
20768,treatment,2026-03-03,0
20769,treatment,2026-03-03,0
20770,control,2026-03-10,0
20771,control,2026-03-02,1
20772,treatment,2026-03-08,0
20773,control,2026-03-03,0
20774,control,2026-03-15,0
20775,control,2026-03-15,1
20776,treatment,2026-03-06,0
20777,treatment,2026-03-03,0
20778,control,2026-03-05,1
20779,treatment,2026-03-11,0
20780,treatment,2026-03-13,0
20781,treatment,2026-03-10,1
20782,treatment,2026-03-15,0
20783,control,2026-03-07,1
20784,treatment,2026-03-04,1
20785,control,2026-03-09,0
20786,treatment,2026-03-11,0
20787,treatment,2026-03-08,0
20788,control,2026-03-14,1
20789,control,2026-03-14,0
20790,control,2026-03-09,0
20791,control,2026-03-12,0
20792,control,2026-03-07,1
20793,treatment,2026-03-06,1
20794,treatment,2026-03-04,0
20795,control,2026-03-06,0
20796,control,2026-03-11,0
20797,treatment,2026-03-05,0
20798,treatment,2026-03-11,0
20799,treatment,2026-03-02,0
20800,treatment,2026-03-07,0
20801,control,2026-03-12,0
20802,control,2026-03-04,0
20803,treatment,2026-03-02,1
20804,treatment,2026-03-10,0
20805,control,2026-03-02,1
20806,treatment,2026-03-11,1
20807,control,2026-03-15,0
20808,control,2026-03-09,0
20809,control,2026-03-10,1
20810,control,2026-03-06,1
20811,treatment,2026-03-11,1
20812,treatment,2026-03-08,0
20813,treatment,2026-03-06,0
20814,treatment,2026-03-03,1
20815,treatment,2026-03-15,0
20816,treatment,2026-03-03,0
20817,treatment,2026-03-08,0
20818,treatment,2026-03-08,0
20819,control,2026-03-15,0
20820,treatment,2026-03-12,0
20821,treatment,2026-03-08,1
20822,control,2026-03-05,0
20823,control,2026-03-15,0
20824,treatment,2026-03-04,0
20825,treatment,2026-03-15,0
20826,control,2026-03-13,0
20827,treatment,2026-03-08,0
20828,control,2026-03-11,0
20829,control,2026-03-09,0
20830,control,2026-03-14,0
20831,control,2026-03-05,0
20832,control,2026-03-04,0
20833,control,2026-03-13,0
20834,treatment,2026-03-03,1
20835,treatment,2026-03-10,0
20836,control,2026-03-09,1
20837,control,2026-03-14,0
20838,control,2026-03-03,1
20839,treatment,2026-03-12,1
20840,control,2026-03-08,0
20841,treatment,2026-03-07,0
20842,treatment,2026-03-12,0
20843,treatment,2026-03-14,0
20844,control,2026-03-08,1
20845,treatment,2026-03-15,0
20846,treatment,2026-03-02,0
20847,treatment,2026-03-14,0
20848,treatment,2026-03-12,0
20849,control,2026-03-12,1
20850,treatment,2026-03-14,0
20851,control,2026-03-14,1
20852,control,2026-03-09,1
20853,treatment,2026-03-12,0
20854,control,2026-03-10,0
20855,treatment,2026-03-07,0
20856,control,2026-03-08,1
20857,control,2026-03-10,1
20858,treatment,2026-03-14,1
20859,control,2026-03-14,0
20860,control,2026-03-15,0
20861,treatment,2026-03-08,0
20862,treatment,2026-03-11,0
20863,control,2026-03-14,0
20864,treatment,2026-03-07,1
20865,treatment,2026-03-09,1
20866,control,2026-03-13,1
20867,treatment,2026-03-12,0
20868,treatment,2026-03-07,0
20869,control,2026-03-02,0
20870,treatment,2026-03-07,0
20871,treatment,2026-03-13,1
20872,treatment,2026-03-08,0
20873,treatment,2026-03-14,0
20874,control,2026-03-11,0
20875,treatment,2026-03-02,0
20876,treatment,2026-03-04,0
20877,control,2026-03-12,0
20878,control,2026-03-04,0
20879,treatment,2026-03-10,0
20880,control,2026-03-15,1
20881,control,2026-03-15,0
20882,control,2026-03-15,1
20883,control,2026-03-14,0
20884,control,2026-03-12,0
20885,control,2026-03-13,1
20886,treatment,2026-03-03,0
20887,control,2026-03-14,0
20888,treatment,2026-03-12,0
20889,treatment,2026-03-04,0
20890,treatment,2026-03-14,0
20891,treatment,2026-03-02,0
20892,control,2026-03-13,1
20893,control,2026-03-10,0
20894,control,2026-03-11,0
20895,treatment,2026-03-02,0
20896,control,2026-03-08,1
20897,treatment,2026-03-04,1
20898,treatment,2026-03-14,0
20899,control,2026-03-06,0
20900,control,2026-03-12,0
20901,control,2026-03-14,0
20902,treatment,2026-03-08,0
20903,treatment,2026-03-13,1
20904,treatment,2026-03-06,0
20905,control,2026-03-10,0
20906,control,2026-03-07,0
20907,control,2026-03-13,0
20908,control,2026-03-14,0
20909,treatment,2026-03-10,1
20910,treatment,2026-03-12,1
20911,treatment,2026-03-02,0
20912,control,2026-03-02,0
20913,treatment,2026-03-14,0
20914,treatment,2026-03-13,1
20915,control,2026-03-05,0
20916,treatment,2026-03-14,0
20917,treatment,2026-03-05,0
20918,control,2026-03-13,0
20919,treatment,2026-03-07,0
20920,control,2026-03-13,0
20921,control,2026-03-10,0
20922,control,2026-03-13,1
20923,control,2026-03-08,0
20924,control,2026-03-03,1
20925,control,2026-03-13,1
20926,control,2026-03-12,1
20927,treatment,2026-03-12,0
20928,control,2026-03-11,0
20929,control,2026-03-15,1
20930,control,2026-03-11,1
20931,control,2026-03-09,0
20932,control,2026-03-13,0
20933,treatment,2026-03-04,0
20934,control,2026-03-05,1
20935,treatment,2026-03-03,1
20936,treatment,2026-03-15,1
20937,treatment,2026-03-12,1
20938,treatment,2026-03-14,0
20939,treatment,2026-03-11,1
20940,control,2026-03-08,1
20941,control,2026-03-15,0
20942,control,2026-03-11,0
20943,control,2026-03-07,1
20944,treatment,2026-03-11,0
20945,treatment,2026-03-06,1
20946,control,2026-03-04,0
20947,control,2026-03-12,0
20948,treatment,2026-03-03,1
20949,control,2026-03-11,1
20950,treatment,2026-03-06,1
20951,control,2026-03-13,0
20952,control,2026-03-09,0
20953,treatment,2026-03-06,0
20954,control,2026-03-03,1
20955,treatment,2026-03-07,0
20956,treatment,2026-03-04,0
20957,control,2026-03-02,0
20958,treatment,2026-03-14,1
20959,treatment,2026-03-02,0
20960,treatment,2026-03-12,1
20961,treatment,2026-03-13,0
20962,treatment,2026-03-08,1
20963,treatment,2026-03-03,1
20964,treatment,2026-03-14,0
20965,treatment,2026-03-03,0
20966,control,2026-03-08,0
20967,treatment,2026-03-13,0
20968,control,2026-03-05,0
20969,control,2026-03-13,0
20970,control,2026-03-12,0
20971,treatment,2026-03-11,1
20972,control,2026-03-08,0
20973,treatment,2026-03-15,0
20974,treatment,2026-03-13,0
20975,control,2026-03-13,0
20976,control,2026-03-03,1
20977,control,2026-03-11,1
20978,control,2026-03-07,1
20979,treatment,2026-03-07,0
20980,control,2026-03-12,1
20981,control,2026-03-03,0
20982,control,2026-03-03,0
20983,control,2026-03-09,0
20984,treatment,2026-03-15,0
20985,treatment,2026-03-03,1
20986,control,2026-03-09,0
20987,treatment,2026-03-14,0
20988,control,2026-03-05,1
20989,control,2026-03-07,1
20990,control,2026-03-08,0
20991,control,2026-03-12,0
20992,control,2026-03-15,1
20993,control,2026-03-15,1
20994,control,2026-03-05,0
20995,control,2026-03-06,0
20996,treatment,2026-03-07,0
20997,treatment,2026-03-07,0
20998,treatment,2026-03-05,1
20999,treatment,2026-03-05,0
21000,treatment,2026-03-14,0
21001,control,2026-03-12,0
21002,control,2026-03-15,1
21003,treatment,2026-03-05,0
21004,treatment,2026-03-02,0
21005,treatment,2026-03-14,1
21006,control,2026-03-07,0
21007,treatment,2026-03-08,0
21008,control,2026-03-11,0
21009,treatment,2026-03-15,0
21010,treatment,2026-03-10,1
21011,treatment,2026-03-15,0
21012,treatment,2026-03-12,0
21013,treatment,2026-03-03,1
21014,treatment,2026-03-11,1
21015,treatment,2026-03-10,1
21016,treatment,2026-03-08,1
21017,control,2026-03-07,1
21018,control,2026-03-05,1
21019,control,2026-03-11,0
21020,treatment,2026-03-11,1
21021,treatment,2026-03-12,0
21022,treatment,2026-03-14,0
21023,treatment,2026-03-07,0
21024,treatment,2026-03-09,0
21025,treatment,2026-03-05,0
21026,treatment,2026-03-12,1
21027,control,2026-03-10,1
21028,control,2026-03-12,0
21029,treatment,2026-03-02,1
21030,control,2026-03-04,0
21031,control,2026-03-13,0
21032,treatment,2026-03-15,0
21033,control,2026-03-08,0
21034,control,2026-03-11,0
21035,control,2026-03-08,1
21036,control,2026-03-12,0
21037,control,2026-03-06,0
21038,control,2026-03-08,0
21039,control,2026-03-06,1
21040,control,2026-03-06,0
21041,control,2026-03-14,1
21042,control,2026-03-06,0
21043,control,2026-03-10,0
21044,treatment,2026-03-14,1
21045,control,2026-03-03,1
21046,treatment,2026-03-03,0
21047,control,2026-03-15,0
21048,treatment,2026-03-12,1
21049,control,2026-03-05,0
21050,treatment,2026-03-10,0
21051,control,2026-03-07,0
21052,control,2026-03-15,0
21053,control,2026-03-08,0
21054,treatment,2026-03-11,0
21055,treatment,2026-03-08,0
21056,treatment,2026-03-12,0
21057,control,2026-03-11,0
21058,control,2026-03-06,0
21059,control,2026-03-02,0
21060,control,2026-03-03,0
21061,treatment,2026-03-12,1
21062,treatment,2026-03-02,1
21063,treatment,2026-03-10,0
21064,control,2026-03-14,0
21065,control,2026-03-04,1
21066,control,2026-03-05,0
21067,control,2026-03-02,1
21068,treatment,2026-03-07,1
21069,treatment,2026-03-13,0
21070,control,2026-03-09,1
21071,control,2026-03-14,0
21072,control,2026-03-06,1
21073,control,2026-03-02,1
21074,treatment,2026-03-05,0
21075,treatment,2026-03-15,0
21076,treatment,2026-03-08,0
21077,control,2026-03-11,0
21078,control,2026-03-02,0
21079,treatment,2026-03-15,0
21080,control,2026-03-11,0
21081,treatment,2026-03-12,0
21082,control,2026-03-03,1
21083,treatment,2026-03-11,0
21084,control,2026-03-12,0
21085,control,2026-03-04,0
21086,control,2026-03-06,1
21087,treatment,2026-03-07,1
21088,treatment,2026-03-08,1
21089,treatment,2026-03-13,0
21090,control,2026-03-10,1
21091,treatment,2026-03-15,1
21092,treatment,2026-03-03,0
21093,treatment,2026-03-07,0
21094,control,2026-03-13,0
21095,treatment,2026-03-13,1
21096,control,2026-03-13,0
21097,treatment,2026-03-10,1
21098,treatment,2026-03-10,0
21099,treatment,2026-03-08,0
21100,treatment,2026-03-06,0
21101,treatment,2026-03-12,0
21102,control,2026-03-06,1
21103,treatment,2026-03-04,0
21104,control,2026-03-14,1
21105,treatment,2026-03-06,0
21106,treatment,2026-03-14,1
21107,control,2026-03-04,0
21108,treatment,2026-03-07,1
21109,control,2026-03-02,0
21110,control,2026-03-06,0
21111,treatment,2026-03-09,0
21112,control,2026-03-03,0
21113,control,2026-03-12,1
21114,treatment,2026-03-07,0
21115,treatment,2026-03-05,1
21116,treatment,2026-03-12,0
21117,treatment,2026-03-02,1
21118,control,2026-03-11,0
21119,control,2026-03-10,0
21120,treatment,2026-03-11,0
21121,control,2026-03-04,0
21122,treatment,2026-03-14,1
21123,treatment,2026-03-03,0
21124,control,2026-03-07,0
21125,control,2026-03-07,0
21126,treatment,2026-03-14,0
21127,control,2026-03-11,0
21128,control,2026-03-05,0
21129,control,2026-03-03,0
21130,treatment,2026-03-04,0
21131,treatment,2026-03-03,1
21132,treatment,2026-03-08,0
21133,control,2026-03-08,0
21134,treatment,2026-03-11,0
21135,treatment,2026-03-15,0
21136,control,2026-03-13,0
21137,treatment,2026-03-08,0
21138,treatment,2026-03-08,1
21139,control,2026-03-10,0
21140,control,2026-03-10,0
21141,control,2026-03-09,1
21142,treatment,2026-03-08,1
21143,treatment,2026-03-10,1
21144,control,2026-03-12,0
21145,treatment,2026-03-13,0
21146,treatment,2026-03-13,1
21147,control,2026-03-13,1
21148,control,2026-03-07,0
21149,treatment,2026-03-04,1
21150,treatment,2026-03-10,0
21151,treatment,2026-03-03,1
21152,treatment,2026-03-10,0
21153,control,2026-03-05,0
21154,control,2026-03-07,0
21155,treatment,2026-03-10,0
21156,treatment,2026-03-02,0
21157,control,2026-03-12,0
21158,treatment,2026-03-05,1
21159,treatment,2026-03-15,0
21160,treatment,2026-03-14,1
21161,control,2026-03-07,0
21162,treatment,2026-03-14,0
21163,treatment,2026-03-09,0
21164,control,2026-03-11,0
21165,treatment,2026-03-15,0
21166,control,2026-03-12,0
21167,treatment,2026-03-12,0
21168,treatment,2026-03-11,1
21169,treatment,2026-03-15,1
21170,treatment,2026-03-15,1
21171,treatment,2026-03-07,0
21172,treatment,2026-03-11,1
21173,control,2026-03-06,0
21174,control,2026-03-07,1
21175,treatment,2026-03-02,1
21176,control,2026-03-12,0
21177,control,2026-03-04,0
21178,control,2026-03-05,0
21179,control,2026-03-09,0
21180,control,2026-03-02,0
21181,control,2026-03-06,0
21182,treatment,2026-03-14,0
21183,treatment,2026-03-03,1
21184,control,2026-03-07,1
21185,control,2026-03-14,0
21186,control,2026-03-10,0
21187,treatment,2026-03-15,0
21188,control,2026-03-07,0
21189,treatment,2026-03-05,0
21190,treatment,2026-03-15,1
21191,control,2026-03-10,0
21192,treatment,2026-03-07,1
21193,control,2026-03-03,0
21194,treatment,2026-03-14,0
21195,control,2026-03-02,0
21196,treatment,2026-03-08,0
21197,treatment,2026-03-11,0
21198,treatment,2026-03-10,0
21199,treatment,2026-03-13,1
21200,treatment,2026-03-06,1
21201,control,2026-03-07,0
21202,treatment,2026-03-03,0
21203,treatment,2026-03-12,1
21204,control,2026-03-03,0
21205,control,2026-03-11,0
21206,treatment,2026-03-03,1
21207,treatment,2026-03-15,0
21208,control,2026-03-11,0
21209,control,2026-03-05,0
21210,control,2026-03-09,0
21211,control,2026-03-09,0
21212,control,2026-03-10,0
21213,treatment,2026-03-13,0
21214,control,2026-03-06,1
21215,treatment,2026-03-04,0
21216,treatment,2026-03-09,0
21217,control,2026-03-15,0
21218,control,2026-03-09,0
21219,treatment,2026-03-11,0
21220,treatment,2026-03-05,0
21221,control,2026-03-09,0
21222,treatment,2026-03-06,0
21223,treatment,2026-03-06,0
21224,treatment,2026-03-12,0
21225,treatment,2026-03-09,0
21226,control,2026-03-03,0
21227,control,2026-03-02,1
21228,treatment,2026-03-02,1
21229,treatment,2026-03-13,0
21230,control,2026-03-14,0
21231,control,2026-03-05,0
21232,control,2026-03-06,1
21233,treatment,2026-03-12,0
21234,control,2026-03-06,0
21235,treatment,2026-03-03,0
21236,control,2026-03-09,0
21237,control,2026-03-12,1
21238,control,2026-03-12,1
21239,control,2026-03-10,0
21240,treatment,2026-03-13,0
21241,treatment,2026-03-07,1
21242,treatment,2026-03-03,1
21243,control,2026-03-05,0
21244,control,2026-03-06,0
21245,control,2026-03-10,0
21246,treatment,2026-03-02,0
21247,treatment,2026-03-11,0
21248,control,2026-03-04,1
21249,control,2026-03-13,1
21250,control,2026-03-11,0
21251,control,2026-03-12,0
21252,treatment,2026-03-12,0
21253,control,2026-03-02,0
21254,control,2026-03-07,1
21255,treatment,2026-03-05,1
21256,treatment,2026-03-04,0
21257,treatment,2026-03-08,0
21258,control,2026-03-04,0
21259,treatment,2026-03-07,0
21260,treatment,2026-03-10,0
21261,treatment,2026-03-13,1
21262,treatment,2026-03-07,1
21263,treatment,2026-03-03,1
21264,treatment,2026-03-05,1
21265,control,2026-03-06,1
21266,treatment,2026-03-10,0
21267,control,2026-03-10,0
21268,treatment,2026-03-13,1
21269,control,2026-03-14,1
21270,treatment,2026-03-05,0
21271,control,2026-03-09,0
21272,treatment,2026-03-07,1
21273,control,2026-03-10,0
21274,treatment,2026-03-12,1
21275,treatment,2026-03-04,0
21276,treatment,2026-03-14,0
21277,treatment,2026-03-15,0
21278,control,2026-03-02,1
21279,control,2026-03-04,1
21280,treatment,2026-03-15,0
21281,treatment,2026-03-07,1
21282,control,2026-03-07,1
21283,control,2026-03-09,0
21284,control,2026-03-09,0
21285,control,2026-03-03,0
21286,control,2026-03-03,0
21287,treatment,2026-03-04,0
21288,treatment,2026-03-14,0
21289,treatment,2026-03-09,0
21290,treatment,2026-03-15,1
21291,treatment,2026-03-11,0
21292,treatment,2026-03-07,0
21293,control,2026-03-04,0
21294,treatment,2026-03-04,0
21295,treatment,2026-03-03,1
21296,control,2026-03-04,0
21297,treatment,2026-03-13,1
21298,control,2026-03-04,0
21299,treatment,2026-03-05,0
21300,control,2026-03-06,1
21301,treatment,2026-03-06,1
21302,treatment,2026-03-02,0
21303,treatment,2026-03-09,0
21304,treatment,2026-03-08,0
21305,treatment,2026-03-11,0
21306,control,2026-03-09,1
21307,treatment,2026-03-09,1
21308,control,2026-03-08,1
21309,treatment,2026-03-13,0
21310,control,2026-03-08,1
21311,control,2026-03-05,0
21312,control,2026-03-14,0
21313,control,2026-03-04,0
21314,treatment,2026-03-04,1
21315,control,2026-03-05,0
21316,control,2026-03-05,0
21317,treatment,2026-03-09,1
21318,treatment,2026-03-03,1
21319,control,2026-03-10,0
21320,control,2026-03-12,0
21321,control,2026-03-14,1
21322,treatment,2026-03-08,0
21323,treatment,2026-03-04,1
21324,control,2026-03-06,0
21325,treatment,2026-03-14,1
21326,treatment,2026-03-07,0
21327,treatment,2026-03-10,1
21328,control,2026-03-11,0
21329,control,2026-03-07,0
21330,treatment,2026-03-15,0
21331,treatment,2026-03-08,0
21332,treatment,2026-03-13,0
21333,treatment,2026-03-03,1
21334,control,2026-03-15,0
21335,control,2026-03-08,1
21336,treatment,2026-03-08,0
21337,control,2026-03-12,0
21338,control,2026-03-12,0
21339,control,2026-03-04,0
21340,treatment,2026-03-10,1
21341,treatment,2026-03-09,1
21342,treatment,2026-03-11,0
21343,treatment,2026-03-12,0
21344,control,2026-03-06,1
21345,treatment,2026-03-03,0
21346,treatment,2026-03-09,0
21347,treatment,2026-03-10,0
21348,control,2026-03-09,1
21349,treatment,2026-03-14,1
21350,control,2026-03-03,1
21351,control,2026-03-08,0
21352,treatment,2026-03-14,0
21353,control,2026-03-10,1
21354,control,2026-03-10,0
21355,control,2026-03-05,1
21356,treatment,2026-03-08,1
21357,treatment,2026-03-11,1
21358,control,2026-03-10,0
21359,control,2026-03-08,1
21360,treatment,2026-03-10,1
21361,control,2026-03-07,1
21362,treatment,2026-03-12,1
21363,treatment,2026-03-03,0
21364,control,2026-03-10,0
21365,treatment,2026-03-09,0
21366,control,2026-03-11,1
21367,control,2026-03-05,0
21368,control,2026-03-08,0
21369,treatment,2026-03-15,0
21370,control,2026-03-11,1
21371,treatment,2026-03-13,0
21372,control,2026-03-12,1
21373,treatment,2026-03-12,0
21374,control,2026-03-07,0
21375,treatment,2026-03-11,0
21376,control,2026-03-04,0
21377,treatment,2026-03-11,1
21378,treatment,2026-03-13,0
21379,treatment,2026-03-14,1
21380,treatment,2026-03-05,0
21381,treatment,2026-03-10,1
21382,treatment,2026-03-10,0
21383,control,2026-03-05,1
21384,treatment,2026-03-03,1
21385,treatment,2026-03-06,0
21386,treatment,2026-03-11,0
21387,treatment,2026-03-05,0
21388,treatment,2026-03-07,0
21389,control,2026-03-14,0
21390,control,2026-03-14,1
21391,control,2026-03-09,0
21392,treatment,2026-03-06,1
21393,control,2026-03-14,0
21394,treatment,2026-03-06,0
21395,treatment,2026-03-07,1
21396,control,2026-03-11,0
21397,treatment,2026-03-12,0
21398,treatment,2026-03-14,1
21399,treatment,2026-03-14,0
21400,treatment,2026-03-10,0
21401,treatment,2026-03-08,0
21402,treatment,2026-03-04,1
21403,control,2026-03-14,0
21404,treatment,2026-03-07,1
21405,control,2026-03-10,0
21406,control,2026-03-15,1
21407,treatment,2026-03-05,1
21408,control,2026-03-08,0
21409,control,2026-03-10,1
21410,treatment,2026-03-08,0
21411,control,2026-03-04,0
21412,control,2026-03-09,0
21413,control,2026-03-10,0
21414,treatment,2026-03-12,0
21415,treatment,2026-03-11,0
21416,control,2026-03-04,0
21417,treatment,2026-03-03,0
21418,treatment,2026-03-06,0
21419,treatment,2026-03-05,0
21420,control,2026-03-07,0
21421,control,2026-03-11,1
21422,treatment,2026-03-14,1
21423,treatment,2026-03-13,1
21424,treatment,2026-03-03,0
21425,control,2026-03-09,0
21426,treatment,2026-03-03,1
21427,control,2026-03-14,1
21428,treatment,2026-03-13,0
21429,control,2026-03-09,0
21430,control,2026-03-02,1
21431,treatment,2026-03-14,1
21432,control,2026-03-06,0
21433,treatment,2026-03-11,0
21434,treatment,2026-03-05,0
21435,control,2026-03-10,1
21436,control,2026-03-15,1
21437,control,2026-03-13,0
21438,control,2026-03-07,1
21439,control,2026-03-02,0
21440,treatment,2026-03-04,0
21441,control,2026-03-07,1
21442,control,2026-03-15,1
21443,treatment,2026-03-05,0
21444,treatment,2026-03-10,0
21445,treatment,2026-03-05,0
21446,control,2026-03-10,0
21447,control,2026-03-10,0
21448,control,2026-03-04,0
21449,treatment,2026-03-09,0
21450,treatment,2026-03-10,0
21451,treatment,2026-03-07,1
21452,control,2026-03-10,0
21453,treatment,2026-03-12,0
21454,treatment,2026-03-13,0
21455,treatment,2026-03-15,0
21456,treatment,2026-03-05,1
21457,treatment,2026-03-12,0
21458,control,2026-03-06,0
21459,control,2026-03-10,0
21460,treatment,2026-03-03,0
21461,control,2026-03-05,1
21462,treatment,2026-03-11,0
21463,treatment,2026-03-05,1
21464,treatment,2026-03-08,0
21465,treatment,2026-03-05,0
21466,treatment,2026-03-09,1
21467,control,2026-03-05,1
21468,treatment,2026-03-05,1
21469,control,2026-03-09,1
21470,treatment,2026-03-09,0
21471,treatment,2026-03-06,0
21472,control,2026-03-08,0
21473,treatment,2026-03-10,0
21474,control,2026-03-07,1
21475,control,2026-03-15,0
21476,treatment,2026-03-06,0
21477,treatment,2026-03-12,0
21478,control,2026-03-07,0
21479,treatment,2026-03-13,1
21480,treatment,2026-03-14,0
21481,treatment,2026-03-03,0
21482,treatment,2026-03-07,0
21483,control,2026-03-13,0
21484,control,2026-03-07,0
21485,control,2026-03-09,0
21486,control,2026-03-03,0
21487,control,2026-03-05,0
21488,control,2026-03-08,1
21489,control,2026-03-13,0
21490,control,2026-03-09,0
21491,control,2026-03-13,1
21492,control,2026-03-05,0
21493,treatment,2026-03-02,0
21494,treatment,2026-03-03,0
21495,control,2026-03-11,1
21496,control,2026-03-03,0
21497,control,2026-03-06,1
21498,control,2026-03-08,0
21499,treatment,2026-03-10,1
21500,control,2026-03-14,0
21501,treatment,2026-03-14,0
21502,treatment,2026-03-11,1
21503,control,2026-03-10,1
21504,control,2026-03-13,0
21505,treatment,2026-03-10,0
21506,control,2026-03-04,0
21507,treatment,2026-03-11,0
21508,control,2026-03-04,0
21509,control,2026-03-11,0
21510,treatment,2026-03-02,0
21511,treatment,2026-03-09,1
21512,control,2026-03-03,1
21513,treatment,2026-03-15,1
21514,control,2026-03-15,1
21515,treatment,2026-03-07,1
21516,treatment,2026-03-14,1
21517,control,2026-03-08,0
21518,treatment,2026-03-13,0
21519,treatment,2026-03-09,0
21520,control,2026-03-15,1
21521,control,2026-03-04,0
21522,treatment,2026-03-03,0
21523,treatment,2026-03-03,0
21524,treatment,2026-03-09,1
21525,treatment,2026-03-12,0
21526,control,2026-03-05,0
21527,treatment,2026-03-14,1
21528,control,2026-03-05,1
21529,control,2026-03-06,0
21530,control,2026-03-09,0
21531,treatment,2026-03-10,0
21532,control,2026-03-13,0
21533,control,2026-03-15,1
21534,treatment,2026-03-07,0
21535,control,2026-03-09,0
21536,treatment,2026-03-13,0
21537,treatment,2026-03-14,0
21538,control,2026-03-10,0
21539,control,2026-03-09,0
21540,treatment,2026-03-09,1
21541,treatment,2026-03-05,1
21542,treatment,2026-03-06,0
21543,treatment,2026-03-02,0
21544,treatment,2026-03-04,1
21545,treatment,2026-03-13,1
21546,control,2026-03-10,0
21547,treatment,2026-03-09,0
21548,control,2026-03-06,1
21549,control,2026-03-13,0
21550,treatment,2026-03-03,0
21551,treatment,2026-03-13,1
21552,treatment,2026-03-08,0
21553,control,2026-03-09,0
21554,control,2026-03-03,0
21555,control,2026-03-08,0
21556,control,2026-03-09,0
21557,treatment,2026-03-07,0
21558,control,2026-03-02,0
21559,control,2026-03-15,0
21560,treatment,2026-03-03,0
21561,treatment,2026-03-10,0
21562,treatment,2026-03-03,1
21563,treatment,2026-03-15,0
21564,control,2026-03-03,1
21565,control,2026-03-14,0
21566,control,2026-03-02,1
21567,control,2026-03-14,0
21568,control,2026-03-08,1
21569,treatment,2026-03-05,1
21570,control,2026-03-13,0
21571,treatment,2026-03-06,1
21572,control,2026-03-10,0
21573,control,2026-03-05,0
21574,treatment,2026-03-10,0
21575,treatment,2026-03-05,0
21576,control,2026-03-08,0
21577,treatment,2026-03-14,0
21578,treatment,2026-03-14,1
21579,control,2026-03-14,1
21580,control,2026-03-09,1
21581,treatment,2026-03-03,0
21582,treatment,2026-03-12,0
21583,control,2026-03-03,1
21584,treatment,2026-03-14,1
21585,control,2026-03-11,1
21586,control,2026-03-09,0
21587,treatment,2026-03-06,1
21588,treatment,2026-03-14,0
21589,control,2026-03-03,0
21590,treatment,2026-03-08,0
21591,control,2026-03-14,0
21592,treatment,2026-03-13,0
21593,treatment,2026-03-02,1
21594,treatment,2026-03-13,0
21595,control,2026-03-15,1
21596,treatment,2026-03-09,1
21597,treatment,2026-03-06,0
21598,treatment,2026-03-04,0
21599,control,2026-03-04,0
21600,control,2026-03-07,0
21601,control,2026-03-08,0
21602,control,2026-03-05,0
21603,treatment,2026-03-15,1
21604,control,2026-03-11,1
21605,control,2026-03-07,0
21606,control,2026-03-13,1
21607,control,2026-03-04,0
21608,treatment,2026-03-07,1
21609,treatment,2026-03-13,0
21610,control,2026-03-08,0
21611,treatment,2026-03-07,1
21612,control,2026-03-14,0
21613,control,2026-03-10,1
21614,control,2026-03-09,0
21615,treatment,2026-03-08,1
21616,treatment,2026-03-13,0
21617,treatment,2026-03-10,0
21618,treatment,2026-03-05,0
21619,control,2026-03-10,0
21620,control,2026-03-13,1
21621,treatment,2026-03-11,0
21622,control,2026-03-08,0
21623,treatment,2026-03-09,0
21624,control,2026-03-13,0
21625,control,2026-03-12,0
21626,control,2026-03-04,0
21627,treatment,2026-03-02,0
21628,control,2026-03-13,0
21629,treatment,2026-03-06,0
21630,control,2026-03-12,0
21631,control,2026-03-03,0
21632,treatment,2026-03-08,0
21633,control,2026-03-13,1
21634,treatment,2026-03-13,0
21635,control,2026-03-15,1
21636,treatment,2026-03-05,0
21637,control,2026-03-03,0
21638,control,2026-03-07,0
21639,control,2026-03-03,0
21640,control,2026-03-02,0
21641,control,2026-03-07,1
21642,treatment,2026-03-02,0
21643,treatment,2026-03-05,1
21644,control,2026-03-06,0
21645,control,2026-03-07,0
21646,treatment,2026-03-07,1
21647,treatment,2026-03-07,0
21648,control,2026-03-13,1
21649,treatment,2026-03-10,1
21650,treatment,2026-03-12,0
21651,control,2026-03-08,0
21652,control,2026-03-12,0
21653,treatment,2026-03-14,0
21654,treatment,2026-03-05,1
21655,treatment,2026-03-12,1
21656,control,2026-03-08,0
21657,treatment,2026-03-06,0
21658,treatment,2026-03-12,1
21659,control,2026-03-04,0
21660,treatment,2026-03-12,1
21661,control,2026-03-11,0
21662,treatment,2026-03-11,1
21663,treatment,2026-03-12,0
21664,treatment,2026-03-11,0
21665,treatment,2026-03-08,1
21666,control,2026-03-08,1
21667,treatment,2026-03-07,0
21668,treatment,2026-03-03,0
21669,treatment,2026-03-06,0
21670,treatment,2026-03-09,0
21671,control,2026-03-15,0
21672,treatment,2026-03-03,0
21673,control,2026-03-08,1
21674,treatment,2026-03-12,0
21675,control,2026-03-06,1
21676,treatment,2026-03-11,0
21677,treatment,2026-03-10,0
21678,control,2026-03-02,1
21679,treatment,2026-03-12,0
21680,control,2026-03-08,0
21681,control,2026-03-09,0
21682,treatment,2026-03-09,0
21683,treatment,2026-03-07,1
21684,treatment,2026-03-11,0
21685,treatment,2026-03-08,1
21686,treatment,2026-03-12,1
21687,control,2026-03-07,0
21688,control,2026-03-09,0
21689,control,2026-03-05,0
21690,treatment,2026-03-02,0
21691,control,2026-03-05,0
21692,treatment,2026-03-02,0
21693,treatment,2026-03-05,0
21694,control,2026-03-14,0
21695,control,2026-03-14,0
21696,control,2026-03-11,0
21697,control,2026-03-03,0
21698,control,2026-03-12,1
21699,control,2026-03-10,0
21700,control,2026-03-02,0
21701,control,2026-03-13,0
21702,treatment,2026-03-09,0
21703,treatment,2026-03-13,0
21704,treatment,2026-03-11,0
21705,control,2026-03-08,1
21706,control,2026-03-07,0
21707,control,2026-03-15,0
21708,control,2026-03-09,0
21709,control,2026-03-04,0
21710,control,2026-03-15,0
21711,treatment,2026-03-09,0
21712,control,2026-03-15,0
21713,control,2026-03-10,0
21714,treatment,2026-03-03,0
21715,treatment,2026-03-04,0
21716,control,2026-03-06,0
21717,control,2026-03-03,0
21718,control,2026-03-11,1
21719,control,2026-03-04,0
21720,treatment,2026-03-15,1
21721,control,2026-03-09,0
21722,control,2026-03-08,0
21723,control,2026-03-10,0
21724,treatment,2026-03-05,0
21725,control,2026-03-07,0
21726,treatment,2026-03-13,0
21727,treatment,2026-03-05,0
21728,treatment,2026-03-08,0
21729,control,2026-03-03,1
21730,treatment,2026-03-06,0
21731,treatment,2026-03-04,0
21732,treatment,2026-03-05,1
21733,control,2026-03-09,1
21734,treatment,2026-03-05,0
21735,treatment,2026-03-12,1
21736,treatment,2026-03-06,1
21737,treatment,2026-03-09,0
21738,control,2026-03-02,0
21739,treatment,2026-03-03,0
21740,treatment,2026-03-07,1
21741,treatment,2026-03-07,0
21742,control,2026-03-15,0
21743,control,2026-03-03,1
21744,treatment,2026-03-11,1
21745,control,2026-03-04,0
21746,treatment,2026-03-15,1
21747,control,2026-03-11,0
21748,control,2026-03-02,1
21749,treatment,2026-03-15,0
21750,treatment,2026-03-02,0
21751,control,2026-03-05,1
21752,control,2026-03-15,0
21753,control,2026-03-13,1
21754,control,2026-03-07,1
21755,control,2026-03-03,0
21756,treatment,2026-03-05,1
21757,control,2026-03-11,0
21758,treatment,2026-03-08,1
21759,treatment,2026-03-07,1
21760,treatment,2026-03-05,1
21761,control,2026-03-07,1
21762,control,2026-03-09,1
21763,control,2026-03-13,1
21764,treatment,2026-03-08,0
21765,treatment,2026-03-04,0
21766,control,2026-03-12,0
21767,treatment,2026-03-03,0
21768,control,2026-03-12,1
21769,treatment,2026-03-02,0
21770,control,2026-03-02,0
21771,control,2026-03-07,1
21772,control,2026-03-03,0
21773,treatment,2026-03-06,0
21774,control,2026-03-02,0
21775,treatment,2026-03-07,0
21776,treatment,2026-03-11,0
21777,treatment,2026-03-08,0
21778,treatment,2026-03-12,0
21779,control,2026-03-05,1
21780,control,2026-03-13,0
21781,control,2026-03-07,0
21782,treatment,2026-03-04,1
21783,control,2026-03-14,0
21784,treatment,2026-03-05,1
21785,treatment,2026-03-15,0
21786,treatment,2026-03-08,1
21787,treatment,2026-03-10,1
21788,control,2026-03-11,0
21789,control,2026-03-07,1
21790,treatment,2026-03-04,0
21791,treatment,2026-03-13,1
21792,treatment,2026-03-10,0
21793,treatment,2026-03-15,0
21794,treatment,2026-03-10,0
21795,control,2026-03-07,0
21796,control,2026-03-13,0
21797,treatment,2026-03-10,0
21798,control,2026-03-11,0
21799,control,2026-03-06,0
21800,treatment,2026-03-10,1
21801,treatment,2026-03-11,1
21802,control,2026-03-06,0
21803,control,2026-03-04,0
21804,treatment,2026-03-13,0
21805,treatment,2026-03-08,1
21806,control,2026-03-02,0
21807,control,2026-03-10,0
21808,control,2026-03-15,0
21809,control,2026-03-10,0
21810,control,2026-03-12,1
21811,treatment,2026-03-15,1
21812,treatment,2026-03-05,0
21813,treatment,2026-03-13,0
21814,control,2026-03-02,0
21815,treatment,2026-03-12,0
21816,treatment,2026-03-06,1
21817,treatment,2026-03-12,0
21818,treatment,2026-03-10,0
21819,treatment,2026-03-09,0
21820,control,2026-03-15,0
21821,treatment,2026-03-14,1
21822,treatment,2026-03-03,0
21823,treatment,2026-03-03,0
21824,control,2026-03-05,0
21825,treatment,2026-03-11,0
21826,treatment,2026-03-13,1
21827,treatment,2026-03-11,0
21828,control,2026-03-05,0
21829,treatment,2026-03-02,0
21830,control,2026-03-13,0
21831,treatment,2026-03-14,1
21832,control,2026-03-02,0
21833,control,2026-03-11,0
21834,control,2026-03-06,0
21835,treatment,2026-03-13,1
21836,control,2026-03-06,0
21837,control,2026-03-04,1
21838,treatment,2026-03-08,0
21839,control,2026-03-08,1
21840,treatment,2026-03-06,1
21841,treatment,2026-03-04,0
21842,control,2026-03-04,0
21843,control,2026-03-13,0
21844,treatment,2026-03-04,1
21845,treatment,2026-03-15,0
21846,control,2026-03-13,0
21847,control,2026-03-15,0
21848,control,2026-03-15,1
21849,treatment,2026-03-10,1
21850,control,2026-03-02,0
21851,treatment,2026-03-10,0
21852,treatment,2026-03-06,0
21853,control,2026-03-03,0
21854,control,2026-03-11,0
21855,control,2026-03-03,1
21856,control,2026-03-14,0
21857,control,2026-03-12,0
21858,control,2026-03-11,1
21859,control,2026-03-10,1
21860,treatment,2026-03-15,0
21861,control,2026-03-02,1
21862,control,2026-03-05,1
21863,treatment,2026-03-04,0
21864,treatment,2026-03-04,0
21865,control,2026-03-13,0
21866,control,2026-03-14,0
21867,treatment,2026-03-02,0
21868,control,2026-03-05,0
21869,control,2026-03-11,1
21870,control,2026-03-07,0
21871,treatment,2026-03-14,0
21872,treatment,2026-03-02,0
21873,treatment,2026-03-15,1
21874,treatment,2026-03-10,0
21875,treatment,2026-03-08,0
21876,treatment,2026-03-03,0
21877,treatment,2026-03-09,1
21878,treatment,2026-03-14,0
21879,treatment,2026-03-08,0
21880,treatment,2026-03-11,0
21881,treatment,2026-03-06,0
21882,treatment,2026-03-04,0
21883,treatment,2026-03-02,0
21884,control,2026-03-08,1
21885,treatment,2026-03-15,0
21886,control,2026-03-14,0
21887,control,2026-03-09,0
21888,treatment,2026-03-07,0
21889,control,2026-03-13,1
21890,treatment,2026-03-13,1
21891,control,2026-03-02,0
21892,treatment,2026-03-09,0
21893,control,2026-03-03,1
21894,control,2026-03-06,0
21895,control,2026-03-15,1
21896,treatment,2026-03-15,0
21897,treatment,2026-03-13,0
21898,control,2026-03-07,0
21899,control,2026-03-04,1
21900,treatment,2026-03-12,0
21901,treatment,2026-03-03,0
21902,treatment,2026-03-06,0
21903,control,2026-03-04,0
21904,treatment,2026-03-03,0
21905,treatment,2026-03-12,0
21906,control,2026-03-06,0
21907,control,2026-03-04,0
21908,control,2026-03-02,1
21909,control,2026-03-07,0
21910,treatment,2026-03-13,0
21911,treatment,2026-03-05,0
21912,control,2026-03-14,1
21913,control,2026-03-08,0
21914,treatment,2026-03-07,0
21915,control,2026-03-11,0
21916,control,2026-03-11,0
21917,control,2026-03-09,0
21918,control,2026-03-03,1
21919,treatment,2026-03-07,0
21920,treatment,2026-03-12,0
21921,control,2026-03-07,0
21922,treatment,2026-03-13,0
21923,treatment,2026-03-04,0
21924,treatment,2026-03-10,1
21925,control,2026-03-11,0
21926,control,2026-03-07,0
21927,treatment,2026-03-08,1
21928,treatment,2026-03-11,0
21929,control,2026-03-06,0
21930,control,2026-03-11,0
21931,control,2026-03-06,0
21932,control,2026-03-09,0
21933,control,2026-03-10,1
21934,control,2026-03-10,0
21935,control,2026-03-03,0
21936,treatment,2026-03-04,0
21937,treatment,2026-03-04,0
21938,control,2026-03-05,0
21939,treatment,2026-03-03,0
21940,treatment,2026-03-08,1
21941,control,2026-03-13,1
21942,treatment,2026-03-09,1
21943,treatment,2026-03-02,1
21944,treatment,2026-03-04,1
21945,treatment,2026-03-12,0
21946,treatment,2026-03-08,0
21947,treatment,2026-03-08,0
21948,control,2026-03-13,0
21949,control,2026-03-11,0
21950,control,2026-03-09,1
21951,treatment,2026-03-03,0
21952,control,2026-03-14,0
21953,treatment,2026-03-15,0
21954,control,2026-03-08,0
21955,treatment,2026-03-13,1
21956,treatment,2026-03-05,0
21957,treatment,2026-03-04,0
21958,treatment,2026-03-15,1
21959,treatment,2026-03-03,1
21960,treatment,2026-03-12,0
21961,treatment,2026-03-06,0
21962,control,2026-03-09,0
21963,control,2026-03-15,1
21964,control,2026-03-03,0
21965,control,2026-03-06,0
21966,control,2026-03-09,0
21967,treatment,2026-03-08,0
21968,control,2026-03-04,0
21969,treatment,2026-03-03,0
21970,control,2026-03-12,0
21971,treatment,2026-03-02,0
21972,control,2026-03-14,1
21973,control,2026-03-13,0
21974,control,2026-03-13,0
21975,control,2026-03-14,0
21976,control,2026-03-05,1
21977,treatment,2026-03-10,0
21978,control,2026-03-03,0
21979,treatment,2026-03-07,1
21980,control,2026-03-07,0
21981,treatment,2026-03-05,0
21982,treatment,2026-03-09,0
21983,control,2026-03-08,0
21984,treatment,2026-03-15,1
21985,control,2026-03-07,0
21986,control,2026-03-15,1
21987,treatment,2026-03-02,1
21988,treatment,2026-03-11,1
21989,treatment,2026-03-10,0
21990,control,2026-03-08,1
21991,treatment,2026-03-09,0
21992,treatment,2026-03-10,0
21993,control,2026-03-13,0
21994,treatment,2026-03-02,1
21995,control,2026-03-14,1
21996,treatment,2026-03-09,0
21997,control,2026-03-12,0
21998,control,2026-03-08,1
21999,control,2026-03-08,0
22000,control,2026-03-12,0
22001,treatment,2026-03-13,0
22002,treatment,2026-03-09,1
22003,control,2026-03-14,1
22004,control,2026-03-10,1
22005,treatment,2026-03-05,0
22006,treatment,2026-03-15,0
22007,control,2026-03-10,0
22008,treatment,2026-03-10,1
22009,control,2026-03-13,0
22010,control,2026-03-14,1
22011,control,2026-03-08,1
22012,control,2026-03-08,1
22013,control,2026-03-07,1
22014,control,2026-03-09,0
22015,treatment,2026-03-09,0
22016,treatment,2026-03-05,0
22017,treatment,2026-03-14,0
22018,control,2026-03-15,0
22019,control,2026-03-04,1
22020,control,2026-03-03,0
22021,treatment,2026-03-11,0
22022,treatment,2026-03-09,0
22023,control,2026-03-02,0
22024,treatment,2026-03-06,1
22025,control,2026-03-14,0
22026,treatment,2026-03-08,0
22027,treatment,2026-03-14,0
22028,control,2026-03-08,0
22029,control,2026-03-10,1
22030,control,2026-03-03,0
22031,treatment,2026-03-05,0
22032,treatment,2026-03-04,0
22033,control,2026-03-12,1
22034,control,2026-03-06,1
22035,control,2026-03-05,0
22036,treatment,2026-03-02,1
22037,treatment,2026-03-05,0
22038,control,2026-03-14,1
22039,treatment,2026-03-15,1
22040,treatment,2026-03-13,1
22041,treatment,2026-03-08,0
22042,control,2026-03-06,1
22043,treatment,2026-03-06,1
22044,treatment,2026-03-10,0
22045,treatment,2026-03-13,1
22046,treatment,2026-03-11,0
22047,control,2026-03-03,0
22048,control,2026-03-03,0
22049,treatment,2026-03-05,1
22050,treatment,2026-03-07,0
22051,control,2026-03-11,1
22052,control,2026-03-03,0
22053,treatment,2026-03-10,0
22054,treatment,2026-03-07,0
22055,treatment,2026-03-10,0
22056,treatment,2026-03-06,0
22057,control,2026-03-09,1
22058,control,2026-03-10,1
22059,treatment,2026-03-08,0
22060,control,2026-03-13,0
22061,treatment,2026-03-10,0
22062,control,2026-03-08,0
22063,control,2026-03-08,1
22064,treatment,2026-03-02,1
22065,control,2026-03-11,0
22066,treatment,2026-03-06,0
22067,treatment,2026-03-11,1
22068,control,2026-03-07,1
22069,treatment,2026-03-11,0
22070,control,2026-03-04,0
22071,control,2026-03-03,0
22072,control,2026-03-07,1
22073,control,2026-03-15,1
22074,treatment,2026-03-14,1
22075,treatment,2026-03-10,0
22076,treatment,2026-03-04,1
22077,control,2026-03-09,0
22078,treatment,2026-03-10,0
22079,control,2026-03-09,0
22080,control,2026-03-03,0
22081,treatment,2026-03-12,0
22082,control,2026-03-06,0
22083,control,2026-03-11,1
22084,treatment,2026-03-08,1
22085,treatment,2026-03-13,1
22086,treatment,2026-03-02,0
22087,control,2026-03-06,1
22088,treatment,2026-03-15,1
22089,treatment,2026-03-08,0
22090,treatment,2026-03-08,0
22091,treatment,2026-03-03,0
22092,control,2026-03-02,1
22093,control,2026-03-15,0
22094,control,2026-03-10,1
22095,treatment,2026-03-13,1
22096,control,2026-03-04,0
22097,control,2026-03-14,0
22098,treatment,2026-03-03,0
22099,control,2026-03-12,1
22100,treatment,2026-03-09,0
22101,control,2026-03-07,0
22102,control,2026-03-13,0
22103,control,2026-03-11,1
22104,treatment,2026-03-12,1
22105,treatment,2026-03-12,1
22106,control,2026-03-05,1
22107,treatment,2026-03-08,0
22108,treatment,2026-03-03,1
22109,treatment,2026-03-03,0
22110,control,2026-03-07,0
22111,control,2026-03-13,1
22112,control,2026-03-04,0
22113,control,2026-03-13,0
22114,treatment,2026-03-08,0
22115,treatment,2026-03-04,0
22116,treatment,2026-03-09,1
22117,control,2026-03-12,0
22118,control,2026-03-03,0
22119,control,2026-03-05,1
22120,control,2026-03-08,1
22121,treatment,2026-03-11,0
22122,control,2026-03-10,0
22123,treatment,2026-03-10,1
22124,control,2026-03-03,1
22125,treatment,2026-03-09,0
22126,control,2026-03-09,0
22127,treatment,2026-03-11,0
22128,control,2026-03-14,1
22129,control,2026-03-15,1
22130,treatment,2026-03-14,0
22131,treatment,2026-03-03,1
22132,treatment,2026-03-09,1
22133,treatment,2026-03-15,0
22134,treatment,2026-03-11,0
22135,control,2026-03-03,0
22136,control,2026-03-05,1
22137,control,2026-03-08,0
22138,treatment,2026-03-03,1
22139,control,2026-03-11,0
22140,control,2026-03-07,1
22141,treatment,2026-03-12,0
22142,control,2026-03-10,0
22143,control,2026-03-08,0
22144,control,2026-03-06,1
22145,control,2026-03-15,0
22146,control,2026-03-06,0
22147,treatment,2026-03-11,0
22148,treatment,2026-03-12,0
22149,control,2026-03-03,1
22150,treatment,2026-03-11,0
22151,treatment,2026-03-13,1
22152,treatment,2026-03-10,0
22153,control,2026-03-12,1
22154,control,2026-03-14,0
22155,control,2026-03-15,0
22156,control,2026-03-11,0
22157,treatment,2026-03-06,0
22158,treatment,2026-03-06,0
22159,treatment,2026-03-10,0
22160,treatment,2026-03-11,0
22161,treatment,2026-03-14,1
22162,control,2026-03-07,1
22163,control,2026-03-04,1
22164,treatment,2026-03-03,0
22165,treatment,2026-03-02,0
22166,treatment,2026-03-03,0
22167,control,2026-03-03,0
22168,treatment,2026-03-09,0
22169,control,2026-03-09,0
22170,control,2026-03-08,0
22171,treatment,2026-03-10,1
22172,treatment,2026-03-04,0
22173,treatment,2026-03-14,0
22174,control,2026-03-15,0
22175,treatment,2026-03-14,1
22176,control,2026-03-09,0
22177,control,2026-03-10,0
22178,treatment,2026-03-04,1
22179,control,2026-03-12,0
22180,control,2026-03-05,0
22181,control,2026-03-03,1
22182,control,2026-03-04,0
22183,treatment,2026-03-10,0
22184,control,2026-03-06,0
22185,control,2026-03-11,1
22186,treatment,2026-03-12,1
22187,control,2026-03-07,0
22188,treatment,2026-03-07,0
22189,treatment,2026-03-15,1
22190,control,2026-03-02,1
22191,control,2026-03-08,0
22192,treatment,2026-03-07,1
22193,control,2026-03-12,0
22194,control,2026-03-07,1
22195,treatment,2026-03-04,0
22196,control,2026-03-14,0
22197,control,2026-03-15,0
22198,treatment,2026-03-06,1
22199,control,2026-03-12,0
22200,control,2026-03-05,1
22201,treatment,2026-03-08,0
22202,control,2026-03-10,0
22203,control,2026-03-13,1
22204,control,2026-03-15,1
22205,control,2026-03-04,1
22206,treatment,2026-03-03,0
22207,treatment,2026-03-09,1
22208,control,2026-03-15,1
22209,control,2026-03-02,0
22210,treatment,2026-03-08,0
22211,control,2026-03-06,0
22212,control,2026-03-03,1
22213,treatment,2026-03-04,0
22214,treatment,2026-03-11,0
22215,control,2026-03-07,1
22216,control,2026-03-06,0
22217,control,2026-03-11,0
22218,treatment,2026-03-14,0
22219,control,2026-03-07,1
22220,treatment,2026-03-10,1
22221,control,2026-03-10,0
22222,control,2026-03-14,0
22223,control,2026-03-09,0
22224,control,2026-03-02,1
22225,control,2026-03-06,0
22226,control,2026-03-03,1
22227,treatment,2026-03-14,0
22228,treatment,2026-03-12,0
22229,treatment,2026-03-07,0
22230,treatment,2026-03-02,0
22231,control,2026-03-02,1
22232,control,2026-03-15,0
22233,control,2026-03-06,0
22234,control,2026-03-07,0
22235,control,2026-03-02,1
22236,treatment,2026-03-02,0
22237,treatment,2026-03-06,0
22238,treatment,2026-03-05,1
22239,treatment,2026-03-03,1
22240,control,2026-03-08,0
22241,treatment,2026-03-07,0
22242,control,2026-03-05,0
22243,control,2026-03-10,0
22244,treatment,2026-03-05,1
22245,control,2026-03-10,0
22246,treatment,2026-03-11,0
22247,treatment,2026-03-13,1
22248,control,2026-03-04,1
22249,treatment,2026-03-09,0
22250,treatment,2026-03-15,0
22251,control,2026-03-03,0
22252,treatment,2026-03-10,1
22253,control,2026-03-11,0
22254,control,2026-03-13,0
22255,treatment,2026-03-13,1
22256,control,2026-03-08,0
22257,treatment,2026-03-09,0
22258,control,2026-03-04,0
22259,treatment,2026-03-05,1
22260,control,2026-03-09,0
22261,control,2026-03-10,1
22262,treatment,2026-03-14,0
22263,treatment,2026-03-15,0
22264,treatment,2026-03-09,1
22265,control,2026-03-06,0
22266,treatment,2026-03-10,0
22267,control,2026-03-03,1
22268,treatment,2026-03-12,0
22269,control,2026-03-03,1
22270,control,2026-03-08,1
22271,control,2026-03-11,0
22272,control,2026-03-13,1
22273,control,2026-03-06,0
22274,treatment,2026-03-09,0
22275,treatment,2026-03-09,1
22276,control,2026-03-04,0
22277,control,2026-03-08,0
22278,treatment,2026-03-07,0
22279,control,2026-03-09,0
22280,treatment,2026-03-06,0
22281,control,2026-03-10,1
22282,treatment,2026-03-12,0
22283,control,2026-03-09,0
22284,treatment,2026-03-03,0
22285,control,2026-03-04,1
22286,control,2026-03-03,0
22287,treatment,2026-03-14,1
22288,control,2026-03-03,1
22289,control,2026-03-15,0
22290,treatment,2026-03-14,1
22291,control,2026-03-08,1
22292,control,2026-03-15,0
22293,treatment,2026-03-15,1
22294,treatment,2026-03-12,1
22295,treatment,2026-03-08,1
22296,treatment,2026-03-06,1
22297,control,2026-03-03,0
22298,control,2026-03-15,1
22299,control,2026-03-02,1
22300,treatment,2026-03-04,0
22301,control,2026-03-06,0
22302,treatment,2026-03-06,1
22303,control,2026-03-10,0
22304,treatment,2026-03-09,1
22305,control,2026-03-10,1
22306,control,2026-03-05,1
22307,treatment,2026-03-06,0
22308,control,2026-03-08,0
22309,treatment,2026-03-04,0
22310,control,2026-03-13,1
22311,control,2026-03-04,1
22312,treatment,2026-03-13,0
22313,control,2026-03-08,0
22314,control,2026-03-05,1
22315,control,2026-03-09,0
22316,control,2026-03-11,0
22317,control,2026-03-05,0
22318,control,2026-03-06,1
22319,control,2026-03-10,0
22320,control,2026-03-10,0
22321,treatment,2026-03-12,0
22322,control,2026-03-06,0
22323,control,2026-03-06,1
22324,treatment,2026-03-09,0
22325,control,2026-03-08,0
22326,treatment,2026-03-13,1
22327,treatment,2026-03-13,0
22328,control,2026-03-09,1
22329,treatment,2026-03-11,0
22330,control,2026-03-05,1
22331,control,2026-03-04,0
22332,control,2026-03-06,0
22333,control,2026-03-05,0
22334,control,2026-03-09,0
22335,treatment,2026-03-13,1
22336,treatment,2026-03-07,0
22337,treatment,2026-03-15,1
22338,treatment,2026-03-06,1
22339,control,2026-03-04,0
22340,control,2026-03-11,0
22341,treatment,2026-03-07,0
22342,control,2026-03-03,1
22343,treatment,2026-03-13,1
22344,treatment,2026-03-03,1
22345,treatment,2026-03-07,0
22346,control,2026-03-04,0
22347,treatment,2026-03-12,0
22348,control,2026-03-10,1
22349,control,2026-03-02,0
22350,treatment,2026-03-04,0
22351,treatment,2026-03-09,0
22352,control,2026-03-05,0
22353,treatment,2026-03-07,0
22354,treatment,2026-03-09,0
22355,control,2026-03-03,1
22356,treatment,2026-03-13,1
22357,treatment,2026-03-13,1
22358,treatment,2026-03-14,0
22359,treatment,2026-03-02,0
22360,control,2026-03-02,0
22361,treatment,2026-03-09,1
22362,treatment,2026-03-05,0
22363,treatment,2026-03-06,1
22364,control,2026-03-07,0
22365,treatment,2026-03-10,0
22366,treatment,2026-03-15,0
22367,control,2026-03-10,1
22368,control,2026-03-02,0
22369,control,2026-03-05,1
22370,treatment,2026-03-03,0
22371,treatment,2026-03-12,0
22372,treatment,2026-03-15,0
22373,treatment,2026-03-02,0
22374,treatment,2026-03-02,1
22375,treatment,2026-03-11,0
22376,treatment,2026-03-12,0
22377,control,2026-03-12,0
22378,control,2026-03-06,0
22379,treatment,2026-03-12,1
22380,treatment,2026-03-06,1
22381,treatment,2026-03-09,0
22382,control,2026-03-04,1
22383,treatment,2026-03-03,0
22384,treatment,2026-03-03,0
22385,treatment,2026-03-12,1
22386,control,2026-03-13,0
22387,control,2026-03-06,0
22388,control,2026-03-11,1
22389,treatment,2026-03-04,0
22390,control,2026-03-02,1
22391,control,2026-03-13,1
22392,treatment,2026-03-15,1
22393,treatment,2026-03-08,0
22394,control,2026-03-09,1
22395,treatment,2026-03-10,0
22396,control,2026-03-10,0
22397,treatment,2026-03-03,1
22398,treatment,2026-03-05,1
22399,control,2026-03-09,0
22400,treatment,2026-03-05,1
22401,treatment,2026-03-10,0
22402,control,2026-03-10,0
22403,control,2026-03-06,0
22404,treatment,2026-03-03,1
22405,treatment,2026-03-07,0
22406,control,2026-03-02,1
22407,control,2026-03-02,0
22408,control,2026-03-14,0
22409,treatment,2026-03-03,0
22410,control,2026-03-10,0
22411,control,2026-03-08,0
22412,treatment,2026-03-15,0
22413,treatment,2026-03-15,0
22414,control,2026-03-11,1
22415,treatment,2026-03-07,0
22416,control,2026-03-15,1
22417,control,2026-03-02,1
22418,control,2026-03-07,1
22419,treatment,2026-03-04,0
22420,treatment,2026-03-14,0
22421,control,2026-03-10,0
22422,control,2026-03-14,1
22423,control,2026-03-05,0
22424,treatment,2026-03-04,0
22425,control,2026-03-09,1
22426,treatment,2026-03-15,1
22427,treatment,2026-03-03,0
22428,treatment,2026-03-04,1
22429,control,2026-03-11,0
22430,control,2026-03-03,0
22431,control,2026-03-06,1
22432,control,2026-03-15,1
22433,treatment,2026-03-14,1
22434,treatment,2026-03-04,1
22435,control,2026-03-07,1
22436,control,2026-03-06,1
22437,treatment,2026-03-13,0
22438,treatment,2026-03-05,0
22439,treatment,2026-03-02,1
22440,treatment,2026-03-05,1
22441,treatment,2026-03-15,0
22442,control,2026-03-07,0
22443,treatment,2026-03-04,1
22444,treatment,2026-03-13,1
22445,treatment,2026-03-06,0
22446,treatment,2026-03-14,0
22447,control,2026-03-15,0
22448,control,2026-03-12,1
22449,treatment,2026-03-12,1
22450,control,2026-03-10,0
22451,treatment,2026-03-07,1
22452,control,2026-03-11,1
22453,treatment,2026-03-13,0
22454,treatment,2026-03-08,0
22455,treatment,2026-03-06,0
22456,treatment,2026-03-07,0
22457,treatment,2026-03-08,0
22458,control,2026-03-13,0
22459,control,2026-03-03,0
22460,treatment,2026-03-07,0
22461,control,2026-03-07,1
22462,treatment,2026-03-02,0
22463,treatment,2026-03-07,1
22464,treatment,2026-03-11,0
22465,control,2026-03-07,0
22466,control,2026-03-10,0
22467,control,2026-03-10,0
22468,control,2026-03-05,1
22469,treatment,2026-03-06,0
22470,control,2026-03-03,1
22471,control,2026-03-08,1
22472,treatment,2026-03-14,1
22473,control,2026-03-05,0
22474,treatment,2026-03-13,1
22475,treatment,2026-03-07,0
22476,treatment,2026-03-03,1
22477,treatment,2026-03-14,0
22478,control,2026-03-03,0
22479,treatment,2026-03-08,0
22480,treatment,2026-03-14,1
22481,control,2026-03-07,1
22482,control,2026-03-02,0
22483,control,2026-03-02,1
22484,control,2026-03-02,0
22485,control,2026-03-03,1
22486,treatment,2026-03-05,0
22487,control,2026-03-12,1
22488,control,2026-03-02,0
22489,control,2026-03-05,0
22490,control,2026-03-12,0
22491,control,2026-03-03,0
22492,control,2026-03-06,0
22493,control,2026-03-02,0
22494,treatment,2026-03-12,0
22495,control,2026-03-07,0
22496,control,2026-03-06,1
22497,control,2026-03-04,0
22498,control,2026-03-05,0
22499,control,2026-03-13,0
22500,control,2026-03-02,1
22501,treatment,2026-03-08,0
22502,control,2026-03-11,0
22503,treatment,2026-03-06,1
22504,treatment,2026-03-13,1
22505,treatment,2026-03-13,1
22506,control,2026-03-10,0
22507,treatment,2026-03-11,0
22508,treatment,2026-03-09,0
22509,control,2026-03-10,0
22510,control,2026-03-14,1
22511,treatment,2026-03-06,0
22512,treatment,2026-03-11,1
22513,treatment,2026-03-13,1
22514,treatment,2026-03-15,0
22515,control,2026-03-13,0
22516,treatment,2026-03-13,0
22517,control,2026-03-02,1
22518,control,2026-03-04,0
22519,treatment,2026-03-09,1
22520,treatment,2026-03-15,1
22521,treatment,2026-03-02,1
22522,control,2026-03-04,0
22523,treatment,2026-03-13,0
22524,control,2026-03-02,0
22525,control,2026-03-02,1
22526,control,2026-03-03,0
22527,treatment,2026-03-15,0
22528,treatment,2026-03-14,0
22529,control,2026-03-02,0
22530,control,2026-03-15,1
22531,control,2026-03-10,0
22532,control,2026-03-09,1
22533,treatment,2026-03-03,0
22534,control,2026-03-09,1
22535,control,2026-03-08,1
22536,treatment,2026-03-13,0
22537,treatment,2026-03-14,0
22538,treatment,2026-03-09,0
22539,control,2026-03-09,0
22540,treatment,2026-03-15,0
22541,control,2026-03-03,1
22542,control,2026-03-04,0
22543,control,2026-03-06,0
22544,control,2026-03-03,1
22545,control,2026-03-12,1
22546,control,2026-03-13,0
22547,control,2026-03-05,0
22548,treatment,2026-03-13,1
22549,control,2026-03-05,0
22550,treatment,2026-03-14,0
22551,control,2026-03-08,0
22552,treatment,2026-03-07,1
22553,control,2026-03-04,0
22554,control,2026-03-14,0
22555,treatment,2026-03-12,1
22556,control,2026-03-09,1
22557,treatment,2026-03-02,0
22558,treatment,2026-03-05,0
22559,control,2026-03-05,0
22560,treatment,2026-03-06,0
22561,control,2026-03-10,1
22562,control,2026-03-05,1
22563,treatment,2026-03-10,1
22564,treatment,2026-03-14,0
22565,treatment,2026-03-02,0
22566,treatment,2026-03-02,0
22567,control,2026-03-07,1
22568,control,2026-03-15,0
22569,treatment,2026-03-02,0
22570,treatment,2026-03-14,1
22571,control,2026-03-04,1
22572,control,2026-03-12,0
22573,treatment,2026-03-14,0
22574,treatment,2026-03-13,0
22575,treatment,2026-03-14,0
22576,control,2026-03-08,0
22577,control,2026-03-14,0
22578,treatment,2026-03-03,0
22579,treatment,2026-03-08,1
22580,treatment,2026-03-07,1
22581,control,2026-03-15,1
22582,treatment,2026-03-04,0
22583,control,2026-03-15,0
22584,treatment,2026-03-15,0
22585,control,2026-03-13,0
22586,control,2026-03-11,0
22587,treatment,2026-03-12,0
22588,control,2026-03-02,0
22589,control,2026-03-15,0
22590,treatment,2026-03-10,1
22591,treatment,2026-03-10,1
22592,control,2026-03-15,1
22593,control,2026-03-04,1
22594,control,2026-03-03,0
22595,control,2026-03-03,0
22596,treatment,2026-03-11,0
22597,treatment,2026-03-12,0
22598,treatment,2026-03-02,0
22599,control,2026-03-15,1
22600,treatment,2026-03-04,0
22601,treatment,2026-03-12,0
22602,control,2026-03-07,0
22603,control,2026-03-04,0
22604,control,2026-03-06,1
22605,control,2026-03-04,0
22606,control,2026-03-13,0
22607,control,2026-03-10,1
22608,control,2026-03-10,1
22609,control,2026-03-07,1
22610,treatment,2026-03-12,0
22611,control,2026-03-06,0
22612,control,2026-03-10,0
22613,treatment,2026-03-11,0
22614,control,2026-03-08,1
22615,control,2026-03-06,0
22616,control,2026-03-08,1
22617,control,2026-03-08,0
22618,treatment,2026-03-06,1
22619,treatment,2026-03-14,1
22620,treatment,2026-03-07,0
22621,treatment,2026-03-05,1
22622,control,2026-03-03,0
22623,treatment,2026-03-03,0
22624,control,2026-03-12,0
22625,treatment,2026-03-03,0
22626,treatment,2026-03-09,1
22627,treatment,2026-03-02,1
22628,control,2026-03-08,0
22629,control,2026-03-11,0
22630,treatment,2026-03-08,0
22631,treatment,2026-03-15,0
22632,treatment,2026-03-14,0
22633,treatment,2026-03-10,0
22634,control,2026-03-03,0
22635,control,2026-03-07,0
22636,control,2026-03-06,0
22637,treatment,2026-03-07,0
22638,treatment,2026-03-11,1
22639,treatment,2026-03-14,1
22640,control,2026-03-11,0
22641,treatment,2026-03-06,0
22642,treatment,2026-03-06,0
22643,treatment,2026-03-10,1
22644,treatment,2026-03-15,0
22645,control,2026-03-13,0
22646,treatment,2026-03-05,0
22647,treatment,2026-03-14,0
22648,treatment,2026-03-08,1
22649,control,2026-03-02,0
22650,control,2026-03-03,1
22651,treatment,2026-03-10,0
22652,control,2026-03-04,0
22653,treatment,2026-03-11,0
22654,control,2026-03-05,1
22655,control,2026-03-04,1
22656,control,2026-03-06,0
22657,treatment,2026-03-11,0
22658,control,2026-03-02,0
22659,control,2026-03-09,0
22660,treatment,2026-03-06,0
22661,treatment,2026-03-06,0
22662,treatment,2026-03-06,0
22663,control,2026-03-14,1
22664,control,2026-03-06,0
22665,control,2026-03-03,1
22666,treatment,2026-03-05,1
22667,control,2026-03-10,0
22668,treatment,2026-03-14,0
22669,treatment,2026-03-04,1
22670,treatment,2026-03-02,1
22671,control,2026-03-04,0
22672,treatment,2026-03-12,0
22673,control,2026-03-04,1
22674,control,2026-03-11,0
22675,control,2026-03-13,1
22676,treatment,2026-03-11,0
22677,treatment,2026-03-04,1
22678,control,2026-03-10,0
22679,treatment,2026-03-04,0
22680,treatment,2026-03-08,1
22681,treatment,2026-03-15,0
22682,control,2026-03-05,0
22683,control,2026-03-11,0
22684,treatment,2026-03-14,1
22685,control,2026-03-05,1
22686,control,2026-03-03,0
22687,control,2026-03-04,0
22688,control,2026-03-12,1
22689,control,2026-03-15,1
22690,treatment,2026-03-09,0
22691,treatment,2026-03-09,1
22692,treatment,2026-03-09,0
22693,treatment,2026-03-13,0
22694,treatment,2026-03-07,0
22695,control,2026-03-03,0
22696,treatment,2026-03-10,1
22697,control,2026-03-10,0
22698,treatment,2026-03-07,0
22699,control,2026-03-11,1
22700,treatment,2026-03-08,1
22701,treatment,2026-03-04,1
22702,treatment,2026-03-11,0
22703,control,2026-03-13,0
22704,control,2026-03-04,0
22705,treatment,2026-03-14,0
22706,control,2026-03-11,0
22707,treatment,2026-03-05,0
22708,control,2026-03-12,1
22709,treatment,2026-03-05,1
22710,control,2026-03-12,0
22711,treatment,2026-03-07,0
22712,treatment,2026-03-09,1
22713,control,2026-03-07,0
22714,control,2026-03-07,0
22715,treatment,2026-03-03,1
22716,control,2026-03-07,0
22717,control,2026-03-14,0
22718,treatment,2026-03-11,0
22719,control,2026-03-12,0
22720,control,2026-03-07,0
22721,treatment,2026-03-06,0
22722,treatment,2026-03-15,0
22723,treatment,2026-03-05,0
22724,control,2026-03-14,0
22725,treatment,2026-03-15,0
22726,treatment,2026-03-13,0
22727,control,2026-03-11,0
22728,treatment,2026-03-09,0
22729,control,2026-03-09,0
22730,treatment,2026-03-10,0
22731,treatment,2026-03-06,0
22732,control,2026-03-15,1
22733,treatment,2026-03-11,1
22734,control,2026-03-02,0
22735,treatment,2026-03-06,0
22736,control,2026-03-05,0
22737,treatment,2026-03-14,0
22738,treatment,2026-03-10,1
22739,treatment,2026-03-05,1
22740,treatment,2026-03-03,1
22741,control,2026-03-10,1
22742,control,2026-03-14,0
22743,treatment,2026-03-07,0
22744,treatment,2026-03-08,1
22745,treatment,2026-03-15,0
22746,treatment,2026-03-15,1
22747,treatment,2026-03-10,0
22748,treatment,2026-03-10,1
22749,control,2026-03-11,1
22750,control,2026-03-10,1
22751,control,2026-03-02,1
22752,control,2026-03-14,0
22753,treatment,2026-03-10,1
22754,treatment,2026-03-14,0
22755,control,2026-03-14,0
22756,treatment,2026-03-10,0
22757,treatment,2026-03-11,0
22758,control,2026-03-05,0
22759,control,2026-03-06,0
22760,treatment,2026-03-09,1
22761,control,2026-03-07,0
22762,treatment,2026-03-03,1
22763,control,2026-03-14,1
22764,control,2026-03-09,0
22765,control,2026-03-10,0
22766,treatment,2026-03-09,0
22767,treatment,2026-03-02,1
22768,treatment,2026-03-08,1
22769,treatment,2026-03-15,1
22770,treatment,2026-03-02,0
22771,treatment,2026-03-07,0
22772,control,2026-03-09,1
22773,control,2026-03-11,0
22774,control,2026-03-12,1
22775,control,2026-03-07,0
22776,control,2026-03-06,0
22777,control,2026-03-15,1
22778,treatment,2026-03-07,0
22779,control,2026-03-10,1
22780,control,2026-03-14,1
22781,control,2026-03-05,0
22782,treatment,2026-03-07,1
22783,control,2026-03-14,0
22784,treatment,2026-03-12,1
22785,control,2026-03-05,0
22786,treatment,2026-03-08,1
22787,treatment,2026-03-04,1
22788,treatment,2026-03-13,0
22789,treatment,2026-03-09,1
22790,control,2026-03-14,1
22791,control,2026-03-13,1
22792,treatment,2026-03-02,1
22793,treatment,2026-03-05,0
22794,control,2026-03-15,0
22795,control,2026-03-03,0
22796,control,2026-03-03,0
22797,treatment,2026-03-14,1
22798,treatment,2026-03-14,0
22799,control,2026-03-02,0
22800,control,2026-03-04,1
22801,treatment,2026-03-10,0
22802,treatment,2026-03-09,0
22803,control,2026-03-03,1
22804,control,2026-03-13,0
22805,treatment,2026-03-04,1
22806,treatment,2026-03-03,0
22807,control,2026-03-10,0
22808,treatment,2026-03-11,0
22809,treatment,2026-03-13,1
22810,control,2026-03-12,1
22811,control,2026-03-12,0
22812,control,2026-03-12,0
22813,treatment,2026-03-11,1
22814,control,2026-03-02,0
22815,control,2026-03-10,0
22816,control,2026-03-14,1
22817,control,2026-03-11,1
22818,control,2026-03-03,1
22819,treatment,2026-03-13,0
22820,treatment,2026-03-12,0
22821,treatment,2026-03-06,0
22822,treatment,2026-03-03,0
22823,treatment,2026-03-09,0
22824,control,2026-03-13,0
22825,treatment,2026-03-13,1
22826,control,2026-03-05,0
22827,control,2026-03-05,1
22828,control,2026-03-11,0
22829,control,2026-03-02,0
22830,treatment,2026-03-04,1
22831,treatment,2026-03-13,1
22832,control,2026-03-15,0
22833,control,2026-03-07,0
22834,control,2026-03-13,0
22835,control,2026-03-05,1
22836,control,2026-03-10,1
22837,control,2026-03-15,0
22838,control,2026-03-06,0
22839,control,2026-03-07,1
22840,treatment,2026-03-07,0
22841,control,2026-03-10,0
22842,treatment,2026-03-15,0
22843,treatment,2026-03-05,1
22844,treatment,2026-03-02,1
22845,treatment,2026-03-09,0
22846,treatment,2026-03-10,0
22847,control,2026-03-08,0
22848,treatment,2026-03-14,1
22849,control,2026-03-02,1
22850,treatment,2026-03-04,0
22851,control,2026-03-04,0
22852,treatment,2026-03-13,1
22853,control,2026-03-02,0
22854,control,2026-03-09,1
22855,treatment,2026-03-11,0
22856,treatment,2026-03-10,1
22857,control,2026-03-14,1
22858,treatment,2026-03-12,0
22859,control,2026-03-07,0
22860,treatment,2026-03-07,1
22861,treatment,2026-03-12,0
22862,control,2026-03-13,1
22863,treatment,2026-03-03,1
22864,control,2026-03-12,1
22865,treatment,2026-03-13,1
22866,treatment,2026-03-05,0
22867,treatment,2026-03-14,0
22868,treatment,2026-03-03,1
22869,control,2026-03-07,0
22870,control,2026-03-10,0
22871,treatment,2026-03-09,0
22872,treatment,2026-03-11,0
22873,control,2026-03-14,0
22874,treatment,2026-03-15,1
22875,control,2026-03-13,0
22876,control,2026-03-12,0
22877,treatment,2026-03-03,1
22878,treatment,2026-03-14,0
22879,control,2026-03-06,0
22880,treatment,2026-03-14,0
22881,control,2026-03-12,0
22882,treatment,2026-03-02,0
22883,control,2026-03-15,0
22884,control,2026-03-12,1
22885,control,2026-03-06,1
22886,treatment,2026-03-15,1
22887,treatment,2026-03-04,0
22888,treatment,2026-03-06,0
22889,treatment,2026-03-03,0
22890,treatment,2026-03-09,0
22891,treatment,2026-03-07,0
22892,control,2026-03-15,0
22893,treatment,2026-03-06,0
22894,treatment,2026-03-05,0
22895,treatment,2026-03-03,1
22896,treatment,2026-03-07,0
22897,control,2026-03-03,1
22898,treatment,2026-03-04,1
22899,control,2026-03-06,0
22900,control,2026-03-06,0
22901,treatment,2026-03-02,0
22902,control,2026-03-09,0
22903,treatment,2026-03-10,1
22904,control,2026-03-12,0
22905,control,2026-03-15,0
22906,treatment,2026-03-06,1
22907,treatment,2026-03-06,1
22908,treatment,2026-03-11,0
22909,control,2026-03-13,0
22910,treatment,2026-03-15,0
22911,treatment,2026-03-10,0
22912,treatment,2026-03-08,1
22913,treatment,2026-03-12,1
22914,treatment,2026-03-14,0
22915,control,2026-03-15,0
22916,control,2026-03-03,0
22917,control,2026-03-13,0
22918,control,2026-03-12,0
22919,treatment,2026-03-10,0
22920,control,2026-03-04,0
22921,control,2026-03-13,0
22922,control,2026-03-05,0
22923,control,2026-03-10,0
22924,treatment,2026-03-15,0
22925,treatment,2026-03-11,1
22926,control,2026-03-07,0
22927,control,2026-03-15,1
22928,treatment,2026-03-10,0
22929,treatment,2026-03-11,1
22930,treatment,2026-03-10,1
22931,control,2026-03-12,0
22932,control,2026-03-11,0
22933,control,2026-03-02,0
22934,treatment,2026-03-03,1
22935,treatment,2026-03-13,1
22936,control,2026-03-05,0
22937,treatment,2026-03-07,0
22938,treatment,2026-03-11,0
22939,control,2026-03-07,1
22940,control,2026-03-09,0
22941,treatment,2026-03-13,0
22942,control,2026-03-14,1
22943,control,2026-03-07,0
22944,control,2026-03-04,1
22945,control,2026-03-11,1
22946,control,2026-03-08,0
22947,treatment,2026-03-10,1
22948,treatment,2026-03-10,0
22949,control,2026-03-08,1
22950,treatment,2026-03-14,0
22951,control,2026-03-15,0
22952,treatment,2026-03-04,0
22953,control,2026-03-09,0
22954,treatment,2026-03-06,1
22955,treatment,2026-03-11,0
22956,control,2026-03-02,0
22957,control,2026-03-09,1
22958,control,2026-03-05,0
22959,control,2026-03-07,0
22960,control,2026-03-14,0
22961,control,2026-03-15,0
22962,treatment,2026-03-06,0
22963,treatment,2026-03-04,1
22964,control,2026-03-13,1
22965,treatment,2026-03-04,1
22966,treatment,2026-03-09,0
22967,control,2026-03-05,0
22968,control,2026-03-14,0
22969,treatment,2026-03-14,0
22970,control,2026-03-06,0
22971,treatment,2026-03-14,0
22972,control,2026-03-10,1
22973,treatment,2026-03-03,0
22974,treatment,2026-03-15,0
22975,control,2026-03-05,0
22976,treatment,2026-03-06,1
22977,control,2026-03-14,0
22978,treatment,2026-03-06,0
22979,treatment,2026-03-10,1
22980,control,2026-03-12,0
22981,treatment,2026-03-02,0
22982,control,2026-03-14,1
22983,treatment,2026-03-15,0
22984,control,2026-03-09,1
22985,control,2026-03-08,1
22986,control,2026-03-09,0
22987,treatment,2026-03-13,1
22988,control,2026-03-06,0
22989,treatment,2026-03-09,0
22990,control,2026-03-07,1
22991,control,2026-03-03,0
22992,treatment,2026-03-15,1
22993,control,2026-03-04,0
22994,control,2026-03-12,0
22995,treatment,2026-03-12,0
22996,treatment,2026-03-04,0
22997,treatment,2026-03-05,0
22998,treatment,2026-03-09,0
22999,control,2026-03-08,0
23000,control,2026-03-02,1
23001,control,2026-03-10,0
23002,treatment,2026-03-04,0
23003,control,2026-03-02,1
23004,treatment,2026-03-05,0
23005,control,2026-03-06,0
23006,treatment,2026-03-09,0
23007,treatment,2026-03-02,1
23008,treatment,2026-03-10,1
23009,treatment,2026-03-12,0
23010,treatment,2026-03-02,0
23011,treatment,2026-03-02,1
23012,treatment,2026-03-09,1
23013,treatment,2026-03-07,0
23014,treatment,2026-03-08,1
23015,treatment,2026-03-12,0
23016,control,2026-03-15,1
23017,treatment,2026-03-13,0
23018,treatment,2026-03-02,1
23019,control,2026-03-05,0
23020,control,2026-03-09,1
23021,treatment,2026-03-10,1
23022,control,2026-03-08,0
23023,treatment,2026-03-06,0
23024,treatment,2026-03-15,0
23025,control,2026-03-06,0
23026,treatment,2026-03-04,1
23027,control,2026-03-02,0
23028,treatment,2026-03-14,1
23029,control,2026-03-10,0
23030,control,2026-03-14,0
23031,treatment,2026-03-10,1
23032,control,2026-03-04,0
23033,treatment,2026-03-03,1
23034,treatment,2026-03-09,0
23035,treatment,2026-03-05,1
23036,control,2026-03-05,0
23037,control,2026-03-13,1
23038,treatment,2026-03-03,0
23039,treatment,2026-03-14,0
23040,treatment,2026-03-12,0
23041,control,2026-03-10,0
23042,treatment,2026-03-07,1
23043,control,2026-03-06,1
23044,treatment,2026-03-11,1
23045,control,2026-03-08,1
23046,control,2026-03-11,0
23047,treatment,2026-03-03,0
23048,treatment,2026-03-03,1
23049,treatment,2026-03-08,0
23050,treatment,2026-03-13,1
23051,treatment,2026-03-07,0
23052,treatment,2026-03-13,0
23053,control,2026-03-11,0
23054,control,2026-03-11,0
23055,control,2026-03-11,1
23056,treatment,2026-03-05,1
23057,treatment,2026-03-07,0
23058,treatment,2026-03-05,1
23059,control,2026-03-04,0
23060,treatment,2026-03-12,0
23061,control,2026-03-05,0
23062,control,2026-03-15,0
23063,treatment,2026-03-11,0
23064,treatment,2026-03-12,0
23065,control,2026-03-05,1
23066,control,2026-03-04,1
23067,treatment,2026-03-10,0
23068,control,2026-03-13,0
23069,treatment,2026-03-11,0
23070,treatment,2026-03-14,1
23071,treatment,2026-03-03,1
23072,treatment,2026-03-15,1
23073,treatment,2026-03-14,0
23074,treatment,2026-03-09,0
23075,treatment,2026-03-13,0
23076,control,2026-03-05,0
23077,control,2026-03-02,0
23078,treatment,2026-03-06,0
23079,treatment,2026-03-08,0
23080,control,2026-03-14,1
23081,treatment,2026-03-11,1
23082,treatment,2026-03-05,0
23083,control,2026-03-09,0
23084,treatment,2026-03-14,1
23085,control,2026-03-14,0
23086,control,2026-03-12,1
23087,treatment,2026-03-08,0
23088,treatment,2026-03-10,0
23089,control,2026-03-13,0
23090,control,2026-03-11,0
23091,treatment,2026-03-12,0
23092,treatment,2026-03-11,0
23093,control,2026-03-04,0
23094,control,2026-03-12,0
23095,treatment,2026-03-14,1
23096,control,2026-03-06,0
23097,treatment,2026-03-10,1
23098,control,2026-03-08,1
23099,treatment,2026-03-07,1
23100,treatment,2026-03-07,1
23101,control,2026-03-02,0
23102,control,2026-03-07,0
23103,control,2026-03-05,1
23104,control,2026-03-11,0
23105,treatment,2026-03-07,1
23106,treatment,2026-03-09,1
23107,control,2026-03-11,0
23108,control,2026-03-15,0
23109,control,2026-03-05,1
23110,control,2026-03-15,0
23111,treatment,2026-03-04,1
23112,treatment,2026-03-02,1
23113,control,2026-03-13,1
23114,control,2026-03-11,0
23115,treatment,2026-03-07,0
23116,treatment,2026-03-06,0
23117,treatment,2026-03-10,1
23118,treatment,2026-03-15,1
23119,control,2026-03-09,0
23120,treatment,2026-03-12,1
23121,control,2026-03-12,0
23122,treatment,2026-03-08,0
23123,treatment,2026-03-03,1
23124,treatment,2026-03-11,1
23125,control,2026-03-11,1
23126,treatment,2026-03-11,1
23127,treatment,2026-03-09,0
23128,control,2026-03-13,0
23129,treatment,2026-03-05,0
23130,control,2026-03-11,0
23131,treatment,2026-03-03,0
23132,treatment,2026-03-09,0
23133,control,2026-03-04,1
23134,treatment,2026-03-09,0
23135,control,2026-03-07,1
23136,control,2026-03-14,1
23137,treatment,2026-03-12,0
23138,control,2026-03-09,0
23139,treatment,2026-03-04,1
23140,treatment,2026-03-02,0
23141,treatment,2026-03-08,0
23142,control,2026-03-08,0
23143,control,2026-03-08,0
23144,treatment,2026-03-07,1
23145,treatment,2026-03-04,0
23146,control,2026-03-04,0
23147,treatment,2026-03-02,1
23148,treatment,2026-03-02,0
23149,treatment,2026-03-13,0
23150,control,2026-03-03,0
23151,treatment,2026-03-11,0
23152,control,2026-03-15,0
23153,control,2026-03-15,0
23154,treatment,2026-03-13,1
23155,control,2026-03-07,0
23156,control,2026-03-13,1
23157,control,2026-03-13,1
23158,treatment,2026-03-06,0
23159,control,2026-03-04,0
23160,control,2026-03-15,0
23161,treatment,2026-03-11,1
23162,treatment,2026-03-11,0
23163,control,2026-03-03,0
23164,control,2026-03-03,0
23165,treatment,2026-03-15,1
23166,control,2026-03-03,0
23167,treatment,2026-03-03,0
23168,treatment,2026-03-12,0
23169,control,2026-03-10,1
23170,control,2026-03-06,0
23171,treatment,2026-03-13,0
23172,control,2026-03-02,1
23173,treatment,2026-03-02,0
23174,control,2026-03-14,0
23175,control,2026-03-14,0
23176,control,2026-03-12,0
23177,control,2026-03-07,0
23178,control,2026-03-15,0
23179,control,2026-03-05,0
23180,control,2026-03-14,1
23181,control,2026-03-08,1
23182,treatment,2026-03-13,0
23183,treatment,2026-03-13,0
23184,treatment,2026-03-05,1
23185,control,2026-03-04,1
23186,treatment,2026-03-11,0
23187,control,2026-03-06,0
23188,treatment,2026-03-02,0
23189,control,2026-03-07,1
23190,treatment,2026-03-11,0
23191,treatment,2026-03-10,0
23192,control,2026-03-08,0
23193,treatment,2026-03-14,0
23194,control,2026-03-10,0
23195,control,2026-03-13,1
23196,treatment,2026-03-13,1
23197,treatment,2026-03-02,0
23198,control,2026-03-06,0
23199,treatment,2026-03-05,0
23200,treatment,2026-03-03,0
23201,control,2026-03-12,1
23202,control,2026-03-14,0
23203,treatment,2026-03-06,0
23204,treatment,2026-03-04,1
23205,treatment,2026-03-14,0
23206,control,2026-03-08,0
23207,control,2026-03-05,0
23208,treatment,2026-03-15,0
23209,control,2026-03-05,0
23210,control,2026-03-05,1
23211,treatment,2026-03-07,1
23212,control,2026-03-03,1
23213,treatment,2026-03-06,0
23214,control,2026-03-07,0
23215,control,2026-03-02,1
23216,control,2026-03-08,0
23217,control,2026-03-12,1
23218,control,2026-03-13,0
23219,treatment,2026-03-05,0
23220,treatment,2026-03-03,1
23221,control,2026-03-15,0
23222,treatment,2026-03-13,0
23223,treatment,2026-03-10,1
23224,treatment,2026-03-09,0
23225,treatment,2026-03-02,1
23226,control,2026-03-05,1
23227,control,2026-03-07,0
23228,treatment,2026-03-03,1
23229,control,2026-03-10,1
23230,control,2026-03-15,0
23231,treatment,2026-03-02,0
23232,control,2026-03-15,1
23233,control,2026-03-09,0
23234,control,2026-03-12,0
23235,treatment,2026-03-03,0
23236,treatment,2026-03-14,0
23237,treatment,2026-03-10,0
23238,control,2026-03-03,0
23239,control,2026-03-11,1
23240,control,2026-03-10,0
23241,control,2026-03-14,1
23242,treatment,2026-03-03,0
23243,control,2026-03-14,0
23244,control,2026-03-12,1
23245,treatment,2026-03-04,1
23246,control,2026-03-04,0
23247,treatment,2026-03-03,0
23248,control,2026-03-15,0
23249,treatment,2026-03-04,1
23250,control,2026-03-04,1
23251,treatment,2026-03-14,0
23252,treatment,2026-03-07,1
23253,control,2026-03-09,1
23254,treatment,2026-03-06,1
23255,treatment,2026-03-10,1
23256,control,2026-03-14,0
23257,control,2026-03-10,1
23258,treatment,2026-03-02,1
23259,control,2026-03-12,1
23260,control,2026-03-02,1
23261,control,2026-03-13,0
23262,control,2026-03-03,0
23263,treatment,2026-03-05,0
23264,control,2026-03-06,1
23265,treatment,2026-03-11,1
23266,treatment,2026-03-10,0
23267,treatment,2026-03-07,0
23268,treatment,2026-03-11,0
23269,treatment,2026-03-12,0
23270,control,2026-03-04,1
23271,treatment,2026-03-06,0
23272,treatment,2026-03-11,1
23273,treatment,2026-03-02,0
23274,treatment,2026-03-05,1
23275,treatment,2026-03-05,1
23276,treatment,2026-03-02,0
23277,control,2026-03-11,0
23278,treatment,2026-03-04,0
23279,treatment,2026-03-15,1
23280,control,2026-03-15,0
23281,treatment,2026-03-14,0
23282,control,2026-03-12,0
23283,treatment,2026-03-02,1
23284,treatment,2026-03-09,0
23285,control,2026-03-13,0
23286,treatment,2026-03-11,0
23287,treatment,2026-03-11,0
23288,control,2026-03-06,0
23289,control,2026-03-11,1
23290,control,2026-03-06,0
23291,treatment,2026-03-07,0
23292,treatment,2026-03-04,1
23293,control,2026-03-11,1
23294,treatment,2026-03-03,0
23295,treatment,2026-03-12,0
23296,treatment,2026-03-08,0
23297,treatment,2026-03-02,0
23298,control,2026-03-02,0
23299,control,2026-03-04,0
23300,treatment,2026-03-09,0
23301,control,2026-03-08,0
23302,treatment,2026-03-12,1
23303,control,2026-03-10,0
23304,treatment,2026-03-02,0
23305,treatment,2026-03-02,0
23306,treatment,2026-03-09,1
23307,control,2026-03-12,1
23308,control,2026-03-03,0
23309,treatment,2026-03-14,0
23310,treatment,2026-03-10,0
23311,treatment,2026-03-09,1
23312,control,2026-03-12,1
23313,control,2026-03-03,0
23314,control,2026-03-06,0
23315,treatment,2026-03-14,0
23316,control,2026-03-12,0
23317,control,2026-03-12,1
23318,treatment,2026-03-10,1
23319,treatment,2026-03-09,0
23320,control,2026-03-08,1
23321,control,2026-03-15,1
23322,control,2026-03-05,1
23323,control,2026-03-13,1
23324,treatment,2026-03-04,1
23325,treatment,2026-03-11,1
23326,control,2026-03-05,0
23327,treatment,2026-03-14,1
23328,control,2026-03-04,0
23329,control,2026-03-11,0
23330,control,2026-03-11,1
23331,treatment,2026-03-13,0
23332,control,2026-03-13,0
23333,treatment,2026-03-03,0
23334,control,2026-03-08,0
23335,treatment,2026-03-14,0
23336,treatment,2026-03-07,0
23337,control,2026-03-14,0
23338,treatment,2026-03-08,1
23339,control,2026-03-07,1
23340,treatment,2026-03-02,1
23341,treatment,2026-03-04,0
23342,control,2026-03-06,0
23343,treatment,2026-03-15,0
23344,control,2026-03-07,0
23345,treatment,2026-03-12,1
23346,control,2026-03-02,1
23347,treatment,2026-03-04,0
23348,treatment,2026-03-11,1
23349,treatment,2026-03-08,0
23350,treatment,2026-03-13,1
23351,control,2026-03-06,0
23352,treatment,2026-03-15,0
23353,treatment,2026-03-11,0
23354,treatment,2026-03-11,1
23355,treatment,2026-03-10,0
23356,control,2026-03-05,1
23357,control,2026-03-08,0
23358,treatment,2026-03-14,0
23359,control,2026-03-03,1
23360,treatment,2026-03-12,0
23361,control,2026-03-03,1
23362,control,2026-03-03,0
23363,control,2026-03-07,1
23364,control,2026-03-06,0
23365,treatment,2026-03-06,0
23366,treatment,2026-03-10,1
23367,treatment,2026-03-09,1
23368,control,2026-03-02,1
23369,control,2026-03-11,0
23370,treatment,2026-03-15,0
23371,treatment,2026-03-08,0
23372,treatment,2026-03-13,0
23373,control,2026-03-04,0
23374,treatment,2026-03-13,0
23375,treatment,2026-03-05,1
23376,treatment,2026-03-14,0
23377,control,2026-03-05,0
23378,control,2026-03-04,1
23379,treatment,2026-03-02,0
23380,control,2026-03-12,0
23381,treatment,2026-03-14,0
23382,control,2026-03-08,0
23383,treatment,2026-03-02,1
23384,control,2026-03-04,0
23385,treatment,2026-03-07,0
23386,control,2026-03-05,1
23387,control,2026-03-13,0
23388,control,2026-03-10,0
23389,treatment,2026-03-04,0
23390,control,2026-03-12,0
23391,treatment,2026-03-10,0
23392,treatment,2026-03-11,0
23393,treatment,2026-03-10,0
23394,treatment,2026-03-08,0
23395,treatment,2026-03-15,0
23396,treatment,2026-03-05,0
23397,treatment,2026-03-04,1
23398,control,2026-03-10,0
23399,treatment,2026-03-12,1
23400,treatment,2026-03-06,0
23401,treatment,2026-03-07,0
23402,treatment,2026-03-05,1
23403,treatment,2026-03-03,0
23404,control,2026-03-13,1
23405,control,2026-03-09,1
23406,treatment,2026-03-06,0
23407,control,2026-03-12,0
23408,treatment,2026-03-14,1
23409,control,2026-03-05,0
23410,treatment,2026-03-12,0
23411,control,2026-03-06,0
23412,treatment,2026-03-13,1
23413,treatment,2026-03-02,1
23414,control,2026-03-12,1
23415,control,2026-03-08,0
23416,control,2026-03-02,1
23417,treatment,2026-03-12,0
23418,treatment,2026-03-06,0
23419,control,2026-03-10,1
23420,treatment,2026-03-15,0
23421,treatment,2026-03-10,0
23422,treatment,2026-03-08,0
23423,control,2026-03-07,0
23424,treatment,2026-03-04,0
23425,control,2026-03-04,0
23426,treatment,2026-03-05,0
23427,treatment,2026-03-03,0
23428,treatment,2026-03-11,0
23429,control,2026-03-06,0
23430,treatment,2026-03-02,1
23431,treatment,2026-03-07,1
23432,control,2026-03-14,1
23433,control,2026-03-04,1
23434,control,2026-03-04,0
23435,treatment,2026-03-11,1
23436,treatment,2026-03-03,0
23437,treatment,2026-03-03,1
23438,control,2026-03-06,1
23439,control,2026-03-07,0
23440,treatment,2026-03-10,0
23441,treatment,2026-03-13,0
23442,control,2026-03-08,0
23443,treatment,2026-03-10,0
23444,treatment,2026-03-08,0
23445,treatment,2026-03-09,0
23446,control,2026-03-02,1
23447,control,2026-03-06,0
23448,control,2026-03-12,0
23449,treatment,2026-03-03,1
23450,control,2026-03-14,0
23451,treatment,2026-03-09,0
23452,treatment,2026-03-08,0
23453,control,2026-03-04,1
23454,treatment,2026-03-15,0
23455,treatment,2026-03-03,1
23456,control,2026-03-07,0
23457,control,2026-03-14,1
23458,control,2026-03-05,0
23459,treatment,2026-03-04,1
23460,control,2026-03-07,0
23461,control,2026-03-10,1
23462,treatment,2026-03-02,1
23463,treatment,2026-03-05,0
23464,treatment,2026-03-08,0
23465,treatment,2026-03-05,1
23466,control,2026-03-05,0
23467,treatment,2026-03-15,0
23468,treatment,2026-03-11,1
23469,control,2026-03-14,0
23470,control,2026-03-06,0
23471,control,2026-03-11,1
23472,treatment,2026-03-14,1
23473,control,2026-03-12,0
23474,treatment,2026-03-06,0
23475,treatment,2026-03-04,0
23476,control,2026-03-09,0
23477,control,2026-03-05,0
23478,control,2026-03-12,0
23479,treatment,2026-03-12,1
23480,treatment,2026-03-08,0
23481,control,2026-03-12,0
23482,control,2026-03-05,0
23483,treatment,2026-03-02,0
23484,treatment,2026-03-06,0
23485,control,2026-03-08,0
23486,treatment,2026-03-09,0
23487,control,2026-03-13,1
23488,control,2026-03-15,0
23489,control,2026-03-14,0
23490,treatment,2026-03-03,1
23491,control,2026-03-03,0
23492,treatment,2026-03-12,1
23493,control,2026-03-11,0
23494,control,2026-03-06,1
23495,control,2026-03-11,1
23496,treatment,2026-03-07,1
23497,control,2026-03-15,1
23498,control,2026-03-04,1
23499,treatment,2026-03-10,0
23500,control,2026-03-15,1
23501,treatment,2026-03-04,1
23502,control,2026-03-04,1
23503,control,2026-03-11,0
23504,control,2026-03-14,1
23505,control,2026-03-02,0
23506,treatment,2026-03-02,0
23507,treatment,2026-03-07,0
23508,treatment,2026-03-07,0
23509,control,2026-03-03,1
23510,control,2026-03-05,1
23511,control,2026-03-13,1
23512,treatment,2026-03-03,1
23513,control,2026-03-06,0
23514,control,2026-03-15,1
23515,control,2026-03-07,0
23516,control,2026-03-08,1
23517,treatment,2026-03-02,0
23518,control,2026-03-13,0
23519,treatment,2026-03-06,0
23520,treatment,2026-03-04,0
23521,treatment,2026-03-13,1
23522,treatment,2026-03-02,0
23523,treatment,2026-03-12,1
23524,control,2026-03-15,1
23525,treatment,2026-03-07,0
23526,control,2026-03-10,1
23527,treatment,2026-03-07,0
23528,control,2026-03-08,0
23529,treatment,2026-03-14,1
23530,treatment,2026-03-09,0
23531,treatment,2026-03-12,1
23532,treatment,2026-03-11,0
23533,control,2026-03-15,0
23534,treatment,2026-03-13,0
23535,treatment,2026-03-14,0
23536,control,2026-03-04,0
23537,control,2026-03-13,1
23538,control,2026-03-11,0
23539,treatment,2026-03-03,0
23540,treatment,2026-03-11,1
23541,treatment,2026-03-12,1
23542,treatment,2026-03-05,0
23543,treatment,2026-03-03,0
23544,treatment,2026-03-15,1
23545,control,2026-03-12,0
23546,treatment,2026-03-15,1
23547,control,2026-03-11,0
23548,treatment,2026-03-05,0
23549,treatment,2026-03-13,0
23550,treatment,2026-03-09,1
23551,treatment,2026-03-06,1
23552,control,2026-03-02,0
23553,control,2026-03-07,0
23554,treatment,2026-03-08,0
23555,treatment,2026-03-13,0
23556,treatment,2026-03-08,1
23557,control,2026-03-06,1
23558,treatment,2026-03-09,0
23559,control,2026-03-06,0
23560,control,2026-03-07,0
23561,control,2026-03-06,1
23562,control,2026-03-04,0
23563,control,2026-03-09,1
23564,control,2026-03-04,0
23565,treatment,2026-03-13,1
23566,control,2026-03-07,0
23567,treatment,2026-03-15,0
23568,control,2026-03-14,0
23569,control,2026-03-12,0
23570,control,2026-03-14,0
23571,control,2026-03-15,0
23572,treatment,2026-03-15,1
23573,treatment,2026-03-10,1
23574,control,2026-03-11,0
23575,treatment,2026-03-05,1
23576,control,2026-03-13,0
23577,control,2026-03-11,0
23578,treatment,2026-03-02,0
23579,control,2026-03-12,0
23580,control,2026-03-04,1
23581,treatment,2026-03-06,1
23582,treatment,2026-03-07,0
23583,control,2026-03-09,1
23584,control,2026-03-15,0
23585,treatment,2026-03-09,0
23586,control,2026-03-12,0
23587,treatment,2026-03-11,1
23588,control,2026-03-09,0
23589,control,2026-03-14,0
23590,control,2026-03-06,0
23591,control,2026-03-03,0
23592,treatment,2026-03-13,0
23593,control,2026-03-11,0
23594,control,2026-03-06,0
23595,treatment,2026-03-10,0
23596,treatment,2026-03-09,0
23597,control,2026-03-04,1
23598,treatment,2026-03-02,0
23599,control,2026-03-12,1
23600,control,2026-03-09,1
23601,control,2026-03-06,0
23602,control,2026-03-09,0
23603,control,2026-03-07,1
23604,control,2026-03-03,0
23605,control,2026-03-07,1
23606,control,2026-03-07,1
23607,treatment,2026-03-06,1
23608,control,2026-03-06,0
23609,control,2026-03-12,0
23610,treatment,2026-03-07,0
23611,treatment,2026-03-15,1
23612,control,2026-03-12,0
23613,treatment,2026-03-02,0
23614,control,2026-03-07,1
23615,control,2026-03-09,1
23616,treatment,2026-03-12,1
23617,treatment,2026-03-12,0
23618,control,2026-03-02,0
23619,treatment,2026-03-13,0
23620,treatment,2026-03-11,1
23621,control,2026-03-05,0
23622,control,2026-03-13,0
23623,control,2026-03-08,0
23624,control,2026-03-03,1
23625,treatment,2026-03-07,0
23626,control,2026-03-09,0
23627,treatment,2026-03-15,0
23628,control,2026-03-11,1
23629,control,2026-03-03,1
23630,control,2026-03-11,0
23631,treatment,2026-03-02,1
23632,control,2026-03-13,1
23633,control,2026-03-15,0
23634,control,2026-03-09,1
23635,treatment,2026-03-10,0
23636,control,2026-03-14,0
23637,treatment,2026-03-03,1
23638,treatment,2026-03-15,0
23639,control,2026-03-09,1
23640,control,2026-03-11,0
23641,control,2026-03-14,0
23642,control,2026-03-06,1
23643,control,2026-03-03,0
23644,control,2026-03-09,1
23645,control,2026-03-07,0
23646,treatment,2026-03-15,1
23647,treatment,2026-03-15,0
23648,control,2026-03-09,1
23649,treatment,2026-03-05,1
23650,control,2026-03-09,1
23651,control,2026-03-15,0
23652,treatment,2026-03-11,0
23653,treatment,2026-03-13,0
23654,treatment,2026-03-08,1
23655,treatment,2026-03-04,1
23656,control,2026-03-10,1
23657,treatment,2026-03-12,1
23658,control,2026-03-05,0
23659,treatment,2026-03-08,1
23660,control,2026-03-04,0
23661,treatment,2026-03-02,0
23662,control,2026-03-08,0
23663,control,2026-03-02,1
23664,treatment,2026-03-07,0
23665,treatment,2026-03-11,0
23666,treatment,2026-03-12,1
23667,control,2026-03-14,0
23668,control,2026-03-05,0
23669,treatment,2026-03-05,1
23670,control,2026-03-15,1
23671,treatment,2026-03-03,0
23672,treatment,2026-03-12,0
23673,control,2026-03-04,1
23674,treatment,2026-03-15,1
23675,control,2026-03-15,0
23676,control,2026-03-11,0
23677,treatment,2026-03-03,1
23678,control,2026-03-10,0
23679,control,2026-03-06,1
23680,treatment,2026-03-08,0
23681,treatment,2026-03-05,0
23682,treatment,2026-03-06,0
23683,control,2026-03-15,1
23684,treatment,2026-03-11,1
23685,treatment,2026-03-12,1
23686,treatment,2026-03-15,1
23687,control,2026-03-15,1
23688,control,2026-03-03,0
23689,treatment,2026-03-15,0
23690,treatment,2026-03-15,1
23691,treatment,2026-03-15,0
23692,treatment,2026-03-15,0
23693,treatment,2026-03-06,0
23694,control,2026-03-07,1
23695,control,2026-03-02,1
23696,control,2026-03-09,1
23697,treatment,2026-03-12,0
23698,treatment,2026-03-10,1
23699,control,2026-03-06,1
23700,treatment,2026-03-06,0
23701,treatment,2026-03-07,0
23702,control,2026-03-08,0
23703,control,2026-03-05,1
23704,treatment,2026-03-06,0
23705,control,2026-03-03,0
23706,treatment,2026-03-04,1
23707,control,2026-03-12,0
23708,control,2026-03-11,0
23709,control,2026-03-06,0
23710,treatment,2026-03-04,0
23711,control,2026-03-04,1
23712,control,2026-03-12,1
23713,control,2026-03-07,0
23714,control,2026-03-06,1
23715,treatment,2026-03-05,1
23716,control,2026-03-02,0
23717,treatment,2026-03-11,0
23718,treatment,2026-03-13,0
23719,treatment,2026-03-11,1
23720,treatment,2026-03-02,0
23721,control,2026-03-06,0
23722,treatment,2026-03-04,0
23723,treatment,2026-03-14,1
23724,treatment,2026-03-15,1
23725,treatment,2026-03-04,1
23726,treatment,2026-03-04,1
23727,control,2026-03-06,0
23728,control,2026-03-15,0
23729,treatment,2026-03-12,1
23730,control,2026-03-14,1
23731,treatment,2026-03-08,0
23732,treatment,2026-03-03,0
23733,control,2026-03-03,0
23734,treatment,2026-03-09,0
23735,treatment,2026-03-12,1
23736,treatment,2026-03-09,0
23737,control,2026-03-02,0
23738,treatment,2026-03-15,1
23739,control,2026-03-04,1
23740,control,2026-03-06,0
23741,control,2026-03-10,0
23742,control,2026-03-03,1
23743,control,2026-03-14,0
23744,treatment,2026-03-14,0
23745,treatment,2026-03-08,0
23746,control,2026-03-03,1
23747,treatment,2026-03-07,0
23748,control,2026-03-10,0
23749,control,2026-03-11,0
23750,control,2026-03-12,1
23751,treatment,2026-03-13,0
23752,treatment,2026-03-02,0
23753,control,2026-03-10,0
23754,control,2026-03-15,0
23755,treatment,2026-03-10,1
23756,control,2026-03-02,0
23757,control,2026-03-07,1
23758,treatment,2026-03-08,1
23759,control,2026-03-14,0
23760,control,2026-03-08,0
23761,control,2026-03-04,1
23762,control,2026-03-06,0
23763,control,2026-03-14,0
23764,control,2026-03-07,0
23765,control,2026-03-11,1
23766,treatment,2026-03-10,0
23767,treatment,2026-03-11,1
23768,treatment,2026-03-03,1
23769,treatment,2026-03-04,1
23770,control,2026-03-11,0
23771,control,2026-03-14,0
23772,control,2026-03-09,1
23773,treatment,2026-03-04,0
23774,control,2026-03-12,0
23775,treatment,2026-03-12,1
23776,treatment,2026-03-06,0
23777,treatment,2026-03-11,0
23778,control,2026-03-15,1
23779,control,2026-03-14,0
23780,control,2026-03-05,0
23781,treatment,2026-03-07,0
23782,control,2026-03-08,0
23783,control,2026-03-09,0
23784,control,2026-03-03,0
23785,treatment,2026-03-11,0
23786,treatment,2026-03-10,1
23787,treatment,2026-03-02,1
23788,treatment,2026-03-15,0
23789,treatment,2026-03-03,0
23790,control,2026-03-14,0
23791,treatment,2026-03-09,1
23792,treatment,2026-03-06,1
23793,treatment,2026-03-08,0
23794,control,2026-03-04,1
23795,control,2026-03-09,0
23796,control,2026-03-02,0
23797,treatment,2026-03-13,0
23798,treatment,2026-03-08,0
23799,control,2026-03-03,0
23800,control,2026-03-08,0
23801,treatment,2026-03-05,0
23802,control,2026-03-08,1
23803,treatment,2026-03-06,0
23804,treatment,2026-03-04,1
23805,treatment,2026-03-06,1
23806,control,2026-03-04,0
23807,treatment,2026-03-14,1
23808,treatment,2026-03-04,0
23809,treatment,2026-03-08,1
23810,control,2026-03-10,0
23811,treatment,2026-03-15,0
23812,control,2026-03-13,0
23813,control,2026-03-10,0
23814,treatment,2026-03-10,0
23815,treatment,2026-03-12,0
23816,treatment,2026-03-05,1
23817,control,2026-03-08,1
23818,treatment,2026-03-08,1
23819,control,2026-03-15,0
23820,treatment,2026-03-02,0
23821,control,2026-03-03,0
23822,control,2026-03-13,0
23823,control,2026-03-07,1
23824,treatment,2026-03-06,0
23825,treatment,2026-03-04,1
23826,treatment,2026-03-04,0
23827,control,2026-03-02,1
23828,control,2026-03-12,0
23829,treatment,2026-03-05,0
23830,control,2026-03-15,0
23831,control,2026-03-03,1
23832,control,2026-03-08,0
23833,treatment,2026-03-08,0
23834,treatment,2026-03-08,0
23835,treatment,2026-03-05,0
23836,treatment,2026-03-07,1
23837,treatment,2026-03-10,0
23838,control,2026-03-02,1
23839,treatment,2026-03-10,1
23840,control,2026-03-08,1
23841,control,2026-03-04,0
23842,control,2026-03-13,0
23843,treatment,2026-03-02,1
23844,treatment,2026-03-05,0
23845,treatment,2026-03-11,0
23846,treatment,2026-03-03,0
23847,control,2026-03-02,1
23848,control,2026-03-02,0
23849,control,2026-03-08,0
23850,control,2026-03-05,1
23851,treatment,2026-03-02,0
23852,treatment,2026-03-07,0
23853,treatment,2026-03-12,0
23854,treatment,2026-03-15,1
23855,treatment,2026-03-11,1
23856,control,2026-03-02,0
23857,control,2026-03-05,0
23858,treatment,2026-03-10,0
23859,control,2026-03-06,0
23860,control,2026-03-03,1
23861,control,2026-03-13,1
23862,treatment,2026-03-03,0
23863,treatment,2026-03-13,0
23864,treatment,2026-03-04,1
23865,treatment,2026-03-10,1
23866,treatment,2026-03-03,1
23867,control,2026-03-13,0
23868,treatment,2026-03-12,0
23869,treatment,2026-03-13,1
23870,treatment,2026-03-07,1
23871,treatment,2026-03-10,1
23872,treatment,2026-03-14,0
23873,control,2026-03-08,0
23874,control,2026-03-15,1
23875,treatment,2026-03-10,1
23876,control,2026-03-04,1
23877,treatment,2026-03-07,0
23878,treatment,2026-03-12,1
23879,control,2026-03-14,0
23880,control,2026-03-12,0
23881,control,2026-03-07,0
23882,control,2026-03-09,1
23883,control,2026-03-07,1
23884,control,2026-03-13,0
23885,treatment,2026-03-14,0
23886,treatment,2026-03-08,0
23887,control,2026-03-05,0
23888,treatment,2026-03-14,0
23889,treatment,2026-03-03,0
23890,control,2026-03-04,0
23891,control,2026-03-14,0
23892,treatment,2026-03-03,0
23893,treatment,2026-03-02,0
23894,control,2026-03-05,0
23895,treatment,2026-03-06,0
23896,treatment,2026-03-12,1
23897,control,2026-03-14,0
23898,control,2026-03-10,0
23899,treatment,2026-03-04,0
23900,control,2026-03-05,0
23901,treatment,2026-03-13,1
23902,treatment,2026-03-12,1
23903,treatment,2026-03-10,0
23904,control,2026-03-05,1
23905,treatment,2026-03-14,0
23906,treatment,2026-03-10,1
23907,control,2026-03-09,1
23908,treatment,2026-03-05,0
23909,control,2026-03-15,0
23910,control,2026-03-14,1
23911,control,2026-03-02,1
23912,control,2026-03-08,1
23913,control,2026-03-03,0
23914,treatment,2026-03-05,1
23915,treatment,2026-03-12,0
23916,control,2026-03-12,0
23917,treatment,2026-03-09,1
23918,control,2026-03-14,0
23919,control,2026-03-10,0
23920,treatment,2026-03-08,0
23921,control,2026-03-12,0
23922,treatment,2026-03-14,0
23923,control,2026-03-15,0
23924,control,2026-03-11,1
23925,treatment,2026-03-14,0
23926,treatment,2026-03-09,0
23927,treatment,2026-03-10,1
23928,control,2026-03-11,0
23929,treatment,2026-03-05,0
23930,control,2026-03-11,0
23931,treatment,2026-03-02,0
23932,control,2026-03-02,0
23933,control,2026-03-06,1
23934,treatment,2026-03-04,0
23935,treatment,2026-03-06,0
23936,control,2026-03-07,0
23937,treatment,2026-03-05,1
23938,control,2026-03-15,0
23939,control,2026-03-12,1
23940,control,2026-03-08,0
23941,control,2026-03-08,0
23942,control,2026-03-02,0
23943,control,2026-03-09,0
23944,control,2026-03-11,1
23945,treatment,2026-03-08,1
23946,control,2026-03-07,0
23947,treatment,2026-03-08,0
23948,control,2026-03-13,0
23949,treatment,2026-03-13,0
23950,control,2026-03-10,0
23951,control,2026-03-02,1
23952,control,2026-03-07,1
23953,treatment,2026-03-10,0
23954,treatment,2026-03-06,0
23955,control,2026-03-10,0
23956,treatment,2026-03-12,1
23957,treatment,2026-03-11,0
23958,treatment,2026-03-08,0
23959,control,2026-03-12,1
23960,control,2026-03-11,1
23961,control,2026-03-02,0
23962,treatment,2026-03-06,0
23963,control,2026-03-03,1
23964,treatment,2026-03-14,0
23965,treatment,2026-03-10,1
23966,treatment,2026-03-03,0
23967,treatment,2026-03-05,0
23968,control,2026-03-08,1
23969,control,2026-03-11,0
23970,treatment,2026-03-10,1
23971,treatment,2026-03-11,1
23972,treatment,2026-03-02,0
23973,control,2026-03-14,0
23974,control,2026-03-10,1
23975,treatment,2026-03-12,0
23976,treatment,2026-03-10,0
23977,control,2026-03-13,1
23978,control,2026-03-04,0
23979,control,2026-03-05,1
23980,treatment,2026-03-06,1
23981,treatment,2026-03-12,0
23982,control,2026-03-02,1
23983,control,2026-03-10,0
23984,control,2026-03-10,1
23985,control,2026-03-05,0
23986,control,2026-03-11,1
23987,control,2026-03-10,0
23988,treatment,2026-03-02,1
23989,control,2026-03-07,0
23990,control,2026-03-08,1
23991,control,2026-03-04,0
23992,treatment,2026-03-14,1
23993,control,2026-03-05,1
23994,treatment,2026-03-04,0
23995,treatment,2026-03-08,1
23996,treatment,2026-03-07,0
23997,treatment,2026-03-10,0
23998,treatment,2026-03-14,0
23999,treatment,2026-03-09,0
24000,treatment,2026-03-04,0
24001,control,2026-03-04,0
24002,control,2026-03-12,0
24003,treatment,2026-03-03,1
24004,treatment,2026-03-08,1
24005,control,2026-03-10,0
24006,treatment,2026-03-14,0
24007,control,2026-03-13,0
24008,control,2026-03-07,0
24009,treatment,2026-03-05,0
24010,treatment,2026-03-03,1
24011,control,2026-03-08,0
24012,treatment,2026-03-15,1
24013,treatment,2026-03-06,1
24014,treatment,2026-03-13,1
24015,treatment,2026-03-06,0
24016,control,2026-03-08,1
24017,control,2026-03-11,0
24018,treatment,2026-03-11,0
24019,treatment,2026-03-13,1
24020,treatment,2026-03-15,0
24021,treatment,2026-03-10,0
24022,control,2026-03-10,0
24023,control,2026-03-09,0
24024,treatment,2026-03-03,0
24025,treatment,2026-03-13,0
24026,treatment,2026-03-10,0
24027,treatment,2026-03-10,0
24028,treatment,2026-03-14,1
24029,control,2026-03-02,1
24030,treatment,2026-03-08,1
24031,control,2026-03-14,0
24032,treatment,2026-03-09,0
24033,treatment,2026-03-10,0
24034,treatment,2026-03-06,0
24035,control,2026-03-12,0
24036,control,2026-03-02,1
24037,control,2026-03-06,1
24038,control,2026-03-12,0
24039,treatment,2026-03-02,1
24040,control,2026-03-03,0
24041,control,2026-03-09,0
24042,control,2026-03-03,0
24043,treatment,2026-03-13,1
24044,treatment,2026-03-03,1
24045,control,2026-03-07,1
24046,control,2026-03-14,0
24047,control,2026-03-13,0
24048,control,2026-03-13,0
24049,control,2026-03-08,0
24050,control,2026-03-08,1
24051,control,2026-03-15,0
24052,control,2026-03-04,0
24053,treatment,2026-03-02,0
24054,control,2026-03-08,1
24055,treatment,2026-03-11,0
24056,treatment,2026-03-05,0
24057,treatment,2026-03-03,0
24058,control,2026-03-15,1
24059,control,2026-03-13,0
24060,treatment,2026-03-06,0
24061,control,2026-03-03,0
24062,treatment,2026-03-04,0
24063,control,2026-03-09,1
24064,treatment,2026-03-04,0
24065,control,2026-03-06,0
24066,treatment,2026-03-05,1
24067,control,2026-03-06,0
24068,control,2026-03-05,1
24069,control,2026-03-14,1
24070,control,2026-03-04,0
24071,control,2026-03-15,0
24072,treatment,2026-03-14,0
24073,control,2026-03-09,0
24074,treatment,2026-03-07,0
24075,treatment,2026-03-08,0
24076,control,2026-03-02,0
24077,treatment,2026-03-11,0
24078,control,2026-03-05,0
24079,treatment,2026-03-12,0
24080,treatment,2026-03-07,1
24081,control,2026-03-05,0
24082,treatment,2026-03-08,0
24083,treatment,2026-03-03,1
24084,treatment,2026-03-02,0
24085,treatment,2026-03-11,0
24086,treatment,2026-03-04,1
24087,treatment,2026-03-10,0
24088,treatment,2026-03-09,1
24089,treatment,2026-03-13,1
24090,control,2026-03-02,0
24091,control,2026-03-06,1
24092,treatment,2026-03-11,0
24093,control,2026-03-14,1
24094,treatment,2026-03-13,1
24095,treatment,2026-03-08,0
24096,control,2026-03-09,0
24097,treatment,2026-03-07,1
24098,treatment,2026-03-04,0
24099,control,2026-03-02,0
24100,control,2026-03-13,0
24101,treatment,2026-03-12,1
24102,treatment,2026-03-13,0
24103,treatment,2026-03-11,1
24104,treatment,2026-03-04,0
24105,control,2026-03-03,0
24106,treatment,2026-03-06,0
24107,treatment,2026-03-03,0
24108,control,2026-03-06,0
24109,control,2026-03-13,1
24110,treatment,2026-03-15,1
24111,treatment,2026-03-10,0
24112,control,2026-03-04,1
24113,control,2026-03-08,1
24114,control,2026-03-07,1
24115,treatment,2026-03-02,0
24116,control,2026-03-02,0
24117,control,2026-03-13,1
24118,treatment,2026-03-05,1
24119,treatment,2026-03-02,1
24120,treatment,2026-03-13,1
24121,treatment,2026-03-13,1
24122,treatment,2026-03-05,0
24123,control,2026-03-13,0
24124,treatment,2026-03-14,1
24125,control,2026-03-05,0
24126,control,2026-03-10,1
24127,control,2026-03-09,0
24128,treatment,2026-03-12,0
24129,treatment,2026-03-11,0
24130,control,2026-03-08,0
24131,control,2026-03-11,0
24132,control,2026-03-10,0
24133,control,2026-03-12,0
24134,control,2026-03-14,0
24135,control,2026-03-03,1
24136,treatment,2026-03-14,0
24137,treatment,2026-03-03,0
24138,treatment,2026-03-04,1
24139,control,2026-03-05,0
24140,control,2026-03-10,0
24141,control,2026-03-08,0
24142,treatment,2026-03-12,1
24143,control,2026-03-07,1
24144,treatment,2026-03-03,0
24145,treatment,2026-03-10,0
24146,treatment,2026-03-09,0
24147,treatment,2026-03-07,0
24148,control,2026-03-04,0
24149,control,2026-03-10,1
24150,treatment,2026-03-10,1
24151,treatment,2026-03-03,0
24152,treatment,2026-03-14,0
24153,control,2026-03-02,0
24154,treatment,2026-03-09,0
24155,control,2026-03-06,0
24156,treatment,2026-03-10,1
24157,treatment,2026-03-09,0
24158,treatment,2026-03-06,1
24159,treatment,2026-03-08,1
24160,control,2026-03-10,0
24161,treatment,2026-03-14,0
24162,control,2026-03-08,0
24163,treatment,2026-03-03,0
24164,control,2026-03-10,0
24165,control,2026-03-06,0
24166,treatment,2026-03-02,1
24167,treatment,2026-03-09,1
24168,treatment,2026-03-02,0
24169,control,2026-03-09,1
24170,control,2026-03-09,0
24171,control,2026-03-05,0
24172,control,2026-03-10,1
24173,treatment,2026-03-05,1
24174,treatment,2026-03-09,0
24175,treatment,2026-03-02,0
24176,treatment,2026-03-14,1
24177,control,2026-03-09,1
24178,control,2026-03-12,1
24179,control,2026-03-13,0
24180,control,2026-03-13,0
24181,control,2026-03-07,0
24182,treatment,2026-03-10,1
24183,treatment,2026-03-15,1
24184,control,2026-03-13,1
24185,treatment,2026-03-06,0
24186,control,2026-03-06,0
24187,control,2026-03-04,0
24188,treatment,2026-03-09,0
24189,treatment,2026-03-07,1
24190,treatment,2026-03-05,1
24191,treatment,2026-03-08,1
24192,control,2026-03-04,0
24193,control,2026-03-11,1
24194,control,2026-03-10,0
24195,treatment,2026-03-09,1
24196,treatment,2026-03-02,0
24197,control,2026-03-14,0
24198,control,2026-03-08,0
24199,treatment,2026-03-14,0
24200,control,2026-03-12,0
24201,control,2026-03-08,0
24202,treatment,2026-03-13,0
24203,treatment,2026-03-09,1
24204,treatment,2026-03-14,1
24205,control,2026-03-15,1
24206,treatment,2026-03-13,0
24207,treatment,2026-03-10,0
24208,control,2026-03-04,1
24209,treatment,2026-03-14,0
24210,control,2026-03-10,0
24211,treatment,2026-03-15,0
24212,treatment,2026-03-10,0
24213,treatment,2026-03-03,1
24214,treatment,2026-03-05,0
24215,control,2026-03-06,0
24216,treatment,2026-03-08,0
24217,control,2026-03-14,0
24218,treatment,2026-03-11,0
24219,treatment,2026-03-15,0
24220,treatment,2026-03-11,1
24221,treatment,2026-03-04,1
24222,treatment,2026-03-06,0
24223,control,2026-03-11,1
24224,control,2026-03-06,0
24225,control,2026-03-10,0
24226,treatment,2026-03-07,0
24227,control,2026-03-02,0
24228,control,2026-03-05,0
24229,treatment,2026-03-09,1
24230,control,2026-03-12,1
24231,control,2026-03-05,0
24232,control,2026-03-15,0
24233,treatment,2026-03-13,1
24234,control,2026-03-04,0
24235,control,2026-03-13,1
24236,control,2026-03-12,1
24237,control,2026-03-15,1
24238,control,2026-03-09,1
24239,control,2026-03-07,0
24240,treatment,2026-03-08,1
24241,control,2026-03-04,0
24242,treatment,2026-03-06,0
24243,control,2026-03-14,0
24244,control,2026-03-05,0
24245,control,2026-03-09,0
24246,control,2026-03-02,0
24247,control,2026-03-02,0
24248,treatment,2026-03-13,0
24249,control,2026-03-06,0
24250,control,2026-03-11,1
24251,treatment,2026-03-09,1
24252,treatment,2026-03-03,1
24253,control,2026-03-03,1
24254,control,2026-03-06,0
24255,control,2026-03-03,0
24256,treatment,2026-03-03,0
24257,treatment,2026-03-13,0
24258,control,2026-03-10,1
24259,treatment,2026-03-02,1
24260,treatment,2026-03-08,1
24261,treatment,2026-03-07,1
24262,treatment,2026-03-03,0
24263,control,2026-03-11,0
24264,control,2026-03-05,1
24265,control,2026-03-13,0
24266,control,2026-03-10,1
24267,treatment,2026-03-07,0
24268,control,2026-03-10,0
24269,treatment,2026-03-05,1
24270,treatment,2026-03-15,1
24271,control,2026-03-10,1
24272,treatment,2026-03-09,0
24273,treatment,2026-03-15,0
24274,control,2026-03-02,0
24275,treatment,2026-03-05,0
24276,control,2026-03-02,1
24277,treatment,2026-03-06,1
24278,treatment,2026-03-06,1
24279,control,2026-03-13,0
24280,treatment,2026-03-14,0
24281,control,2026-03-03,1
24282,treatment,2026-03-05,1
24283,treatment,2026-03-10,0
24284,treatment,2026-03-10,0
24285,treatment,2026-03-07,0
24286,control,2026-03-03,0
24287,control,2026-03-04,1
24288,treatment,2026-03-05,0
24289,control,2026-03-06,0
24290,control,2026-03-03,0
24291,treatment,2026-03-07,0
24292,control,2026-03-06,0
24293,control,2026-03-11,0
24294,treatment,2026-03-09,1
24295,treatment,2026-03-04,1
24296,treatment,2026-03-14,0
24297,treatment,2026-03-08,1
24298,control,2026-03-13,0
24299,control,2026-03-10,0
24300,treatment,2026-03-03,0
24301,control,2026-03-07,0
24302,control,2026-03-05,1
24303,treatment,2026-03-02,0
24304,control,2026-03-06,1
24305,treatment,2026-03-09,1
24306,control,2026-03-03,0
24307,treatment,2026-03-03,1
24308,treatment,2026-03-02,0
24309,treatment,2026-03-02,0
24310,treatment,2026-03-11,1
24311,control,2026-03-07,0
24312,control,2026-03-02,1
24313,control,2026-03-11,0
24314,control,2026-03-02,0
24315,treatment,2026-03-02,1
24316,treatment,2026-03-02,0
24317,control,2026-03-03,0
24318,control,2026-03-09,1
24319,control,2026-03-15,1
24320,treatment,2026-03-06,0
24321,control,2026-03-13,0
24322,treatment,2026-03-10,1
24323,treatment,2026-03-08,1
24324,treatment,2026-03-12,0
24325,control,2026-03-06,0
24326,treatment,2026-03-07,0
24327,treatment,2026-03-12,1
24328,treatment,2026-03-11,0
24329,control,2026-03-09,1
24330,treatment,2026-03-06,0
24331,treatment,2026-03-02,1
24332,treatment,2026-03-11,1
24333,control,2026-03-11,1
24334,treatment,2026-03-15,1
24335,control,2026-03-06,0
24336,treatment,2026-03-09,1
24337,control,2026-03-09,0
24338,control,2026-03-15,1
24339,treatment,2026-03-09,1
24340,treatment,2026-03-04,0
24341,control,2026-03-06,0
24342,treatment,2026-03-12,1
24343,control,2026-03-15,0
24344,treatment,2026-03-02,1
24345,treatment,2026-03-07,1
24346,control,2026-03-11,0
24347,control,2026-03-07,1
24348,control,2026-03-05,0
24349,treatment,2026-03-10,1
24350,treatment,2026-03-09,0
24351,control,2026-03-03,0
24352,treatment,2026-03-07,0
24353,treatment,2026-03-08,0
24354,treatment,2026-03-11,1
24355,control,2026-03-02,1
24356,treatment,2026-03-12,0
24357,treatment,2026-03-08,1
24358,treatment,2026-03-12,0
24359,treatment,2026-03-10,0
24360,control,2026-03-07,0
24361,treatment,2026-03-10,1
24362,treatment,2026-03-08,1
24363,control,2026-03-09,0
24364,treatment,2026-03-09,1
24365,control,2026-03-05,0
24366,control,2026-03-12,0
24367,treatment,2026-03-03,0
24368,control,2026-03-03,1
24369,control,2026-03-03,1
24370,treatment,2026-03-02,1
24371,control,2026-03-08,0
24372,treatment,2026-03-07,1
24373,control,2026-03-07,0
24374,control,2026-03-09,0
24375,control,2026-03-05,1
24376,control,2026-03-13,1
24377,control,2026-03-07,1
24378,control,2026-03-03,0
24379,treatment,2026-03-04,0
24380,control,2026-03-02,0
24381,control,2026-03-14,0
24382,control,2026-03-07,0
24383,treatment,2026-03-13,0
24384,control,2026-03-12,0
24385,treatment,2026-03-13,0
24386,treatment,2026-03-15,0
24387,treatment,2026-03-15,0
24388,control,2026-03-07,0
24389,control,2026-03-07,0
24390,treatment,2026-03-05,1
24391,control,2026-03-05,0
24392,treatment,2026-03-04,0
24393,treatment,2026-03-05,1
24394,treatment,2026-03-11,1
24395,control,2026-03-11,1
24396,treatment,2026-03-11,0
24397,treatment,2026-03-12,0
24398,control,2026-03-10,0
24399,treatment,2026-03-06,0
24400,treatment,2026-03-05,0
24401,treatment,2026-03-10,0
24402,treatment,2026-03-12,1
24403,treatment,2026-03-13,1
24404,control,2026-03-08,0
24405,control,2026-03-12,0
24406,treatment,2026-03-10,1
24407,control,2026-03-03,1
24408,control,2026-03-12,1
24409,treatment,2026-03-13,0
24410,treatment,2026-03-05,0
24411,treatment,2026-03-05,0
24412,treatment,2026-03-15,0
24413,control,2026-03-15,0
24414,control,2026-03-14,0
24415,treatment,2026-03-04,0
24416,control,2026-03-08,1
24417,treatment,2026-03-13,1
24418,control,2026-03-10,1
24419,treatment,2026-03-02,0
24420,control,2026-03-04,1
24421,treatment,2026-03-05,0
24422,treatment,2026-03-08,0
24423,treatment,2026-03-03,0
24424,treatment,2026-03-11,1
24425,treatment,2026-03-13,0
24426,treatment,2026-03-04,0
24427,control,2026-03-13,1
24428,treatment,2026-03-08,1
24429,treatment,2026-03-02,0
24430,control,2026-03-06,0
24431,control,2026-03-14,0
24432,control,2026-03-03,1
24433,treatment,2026-03-09,0
24434,control,2026-03-15,1
24435,treatment,2026-03-15,0
24436,control,2026-03-12,0
24437,control,2026-03-05,0
24438,treatment,2026-03-06,0
24439,control,2026-03-03,0
24440,treatment,2026-03-06,1
24441,treatment,2026-03-13,0
24442,control,2026-03-04,0
24443,treatment,2026-03-02,0
24444,treatment,2026-03-10,1
24445,treatment,2026-03-03,0
24446,treatment,2026-03-09,0
24447,control,2026-03-04,0
24448,control,2026-03-11,0
24449,treatment,2026-03-03,0
24450,control,2026-03-15,1
24451,control,2026-03-04,0
24452,control,2026-03-03,0
24453,treatment,2026-03-13,0
24454,control,2026-03-15,0
24455,treatment,2026-03-13,0
24456,control,2026-03-05,0
24457,treatment,2026-03-08,1
24458,treatment,2026-03-11,1
24459,control,2026-03-14,0
24460,control,2026-03-09,0
24461,control,2026-03-14,0
24462,control,2026-03-13,0
24463,control,2026-03-02,1
24464,treatment,2026-03-02,0
24465,treatment,2026-03-03,1
24466,treatment,2026-03-04,0
24467,control,2026-03-08,1
24468,treatment,2026-03-08,0
24469,control,2026-03-02,1
24470,treatment,2026-03-14,0
24471,control,2026-03-07,0
24472,treatment,2026-03-06,0
24473,treatment,2026-03-06,0
24474,control,2026-03-05,0
24475,treatment,2026-03-03,1
24476,control,2026-03-07,1
24477,control,2026-03-02,0
24478,treatment,2026-03-13,0
24479,control,2026-03-08,0
24480,treatment,2026-03-09,1
24481,treatment,2026-03-05,0
24482,control,2026-03-13,1
24483,control,2026-03-04,0
24484,control,2026-03-02,0
24485,control,2026-03-14,1
24486,treatment,2026-03-11,0
24487,treatment,2026-03-06,0
24488,control,2026-03-02,0
24489,control,2026-03-14,1
24490,control,2026-03-03,1
24491,treatment,2026-03-03,0
24492,control,2026-03-06,1
24493,treatment,2026-03-04,0
24494,treatment,2026-03-11,0
24495,treatment,2026-03-03,0
24496,treatment,2026-03-02,0
24497,control,2026-03-02,1
24498,control,2026-03-13,0
24499,control,2026-03-14,0
24500,treatment,2026-03-04,0
24501,treatment,2026-03-07,0
24502,control,2026-03-14,0
24503,treatment,2026-03-04,0
24504,control,2026-03-12,0
24505,control,2026-03-11,1
24506,control,2026-03-03,1
24507,control,2026-03-07,1
24508,control,2026-03-11,0
24509,treatment,2026-03-15,0
24510,treatment,2026-03-06,0
24511,treatment,2026-03-09,1
24512,treatment,2026-03-11,1
24513,treatment,2026-03-09,0
24514,treatment,2026-03-06,0
24515,control,2026-03-04,1
24516,treatment,2026-03-11,0
24517,treatment,2026-03-12,0
24518,treatment,2026-03-07,0
24519,treatment,2026-03-12,0
24520,treatment,2026-03-07,1
24521,control,2026-03-15,0
24522,control,2026-03-05,0
24523,treatment,2026-03-03,1
24524,treatment,2026-03-06,1
24525,treatment,2026-03-08,1
24526,treatment,2026-03-14,1
24527,control,2026-03-05,0
24528,control,2026-03-05,0
24529,treatment,2026-03-04,1
24530,control,2026-03-12,1
24531,control,2026-03-04,0
24532,treatment,2026-03-05,1
24533,control,2026-03-07,0
24534,control,2026-03-10,0
24535,treatment,2026-03-09,1
24536,treatment,2026-03-08,0
24537,treatment,2026-03-04,1
24538,control,2026-03-12,0
24539,control,2026-03-15,0
24540,control,2026-03-10,0
24541,treatment,2026-03-04,1
24542,control,2026-03-08,0
24543,control,2026-03-08,1
24544,treatment,2026-03-07,0
24545,control,2026-03-09,1
24546,treatment,2026-03-12,0
24547,treatment,2026-03-13,1
24548,treatment,2026-03-07,0
24549,treatment,2026-03-11,0
24550,treatment,2026-03-10,1
24551,control,2026-03-10,1
24552,treatment,2026-03-14,0
24553,control,2026-03-07,1
24554,control,2026-03-02,1
24555,treatment,2026-03-03,0
24556,control,2026-03-02,0
24557,control,2026-03-02,1
24558,control,2026-03-07,0
24559,treatment,2026-03-09,0
24560,control,2026-03-04,0
24561,control,2026-03-09,0
24562,control,2026-03-03,1
24563,treatment,2026-03-05,1
24564,control,2026-03-03,0
24565,treatment,2026-03-14,0
24566,treatment,2026-03-15,0
24567,treatment,2026-03-10,0
24568,control,2026-03-03,0
24569,treatment,2026-03-06,0
24570,control,2026-03-03,0
24571,treatment,2026-03-06,0
24572,treatment,2026-03-07,1
24573,treatment,2026-03-10,0
24574,control,2026-03-03,0
24575,treatment,2026-03-10,0
24576,control,2026-03-03,1
24577,control,2026-03-08,1
24578,treatment,2026-03-11,1
24579,control,2026-03-03,0
24580,treatment,2026-03-05,1
24581,treatment,2026-03-06,0
24582,treatment,2026-03-04,0
24583,control,2026-03-13,0
24584,control,2026-03-06,0
24585,control,2026-03-11,0
24586,treatment,2026-03-03,1
24587,treatment,2026-03-13,1
24588,control,2026-03-06,1
24589,control,2026-03-06,1
24590,control,2026-03-11,1
24591,control,2026-03-14,0
24592,control,2026-03-04,0
24593,treatment,2026-03-14,1
24594,treatment,2026-03-07,0
24595,control,2026-03-03,0
24596,treatment,2026-03-07,0
24597,control,2026-03-03,1
24598,treatment,2026-03-14,1
24599,control,2026-03-08,0
24600,control,2026-03-09,0
24601,treatment,2026-03-09,1
24602,treatment,2026-03-15,0
24603,control,2026-03-08,1
24604,treatment,2026-03-02,0
24605,control,2026-03-14,0
24606,control,2026-03-12,0
24607,treatment,2026-03-06,0
24608,treatment,2026-03-15,0
24609,control,2026-03-02,0
24610,treatment,2026-03-08,0
24611,control,2026-03-04,0
24612,treatment,2026-03-14,1
24613,control,2026-03-08,0
24614,control,2026-03-11,0
24615,control,2026-03-06,1
24616,treatment,2026-03-05,1
24617,treatment,2026-03-07,0
24618,treatment,2026-03-05,1
24619,treatment,2026-03-10,1
24620,control,2026-03-05,0
24621,treatment,2026-03-14,0
24622,treatment,2026-03-15,0
24623,treatment,2026-03-03,1
24624,control,2026-03-10,0
24625,control,2026-03-11,1
24626,treatment,2026-03-13,0
24627,treatment,2026-03-07,1
24628,treatment,2026-03-08,0
24629,control,2026-03-12,1
24630,control,2026-03-13,1
24631,treatment,2026-03-11,1
24632,treatment,2026-03-13,1
24633,treatment,2026-03-06,0
24634,control,2026-03-06,0
24635,control,2026-03-07,0
24636,treatment,2026-03-06,1
24637,treatment,2026-03-14,0
24638,treatment,2026-03-05,1
24639,control,2026-03-10,0
24640,treatment,2026-03-10,0
24641,control,2026-03-13,1
24642,treatment,2026-03-13,0
24643,treatment,2026-03-13,0
24644,treatment,2026-03-09,0
24645,control,2026-03-07,1
24646,control,2026-03-03,0
24647,treatment,2026-03-07,0
24648,control,2026-03-12,0
24649,treatment,2026-03-08,1
24650,control,2026-03-09,1
24651,treatment,2026-03-10,0
24652,treatment,2026-03-11,0
24653,control,2026-03-11,0
24654,control,2026-03-08,0
24655,control,2026-03-08,1
24656,treatment,2026-03-02,0
24657,treatment,2026-03-08,1
24658,control,2026-03-02,0
24659,treatment,2026-03-08,0
24660,treatment,2026-03-05,0
24661,treatment,2026-03-09,0
24662,treatment,2026-03-03,0
24663,control,2026-03-09,0
24664,treatment,2026-03-11,0
24665,control,2026-03-08,0
24666,treatment,2026-03-04,0
24667,treatment,2026-03-07,0
24668,treatment,2026-03-11,1
24669,treatment,2026-03-10,1
24670,treatment,2026-03-13,1
24671,treatment,2026-03-03,1
24672,control,2026-03-15,1
24673,treatment,2026-03-14,1
24674,control,2026-03-07,1
24675,control,2026-03-10,0
24676,control,2026-03-14,0
24677,control,2026-03-05,1
24678,treatment,2026-03-14,0
24679,treatment,2026-03-14,0
24680,treatment,2026-03-02,0
24681,treatment,2026-03-03,0
24682,control,2026-03-08,0
24683,control,2026-03-11,1
24684,control,2026-03-12,0
24685,treatment,2026-03-07,0
24686,treatment,2026-03-12,0
24687,treatment,2026-03-04,1
24688,treatment,2026-03-02,0
24689,treatment,2026-03-07,1
24690,treatment,2026-03-02,1
24691,control,2026-03-05,0
24692,treatment,2026-03-05,1
24693,treatment,2026-03-15,0
24694,treatment,2026-03-09,0
24695,control,2026-03-14,0
24696,control,2026-03-12,1
24697,treatment,2026-03-11,0
24698,control,2026-03-13,1
24699,treatment,2026-03-07,0
24700,control,2026-03-02,0
24701,treatment,2026-03-03,0
24702,treatment,2026-03-03,1
24703,treatment,2026-03-13,0
24704,treatment,2026-03-11,0
24705,control,2026-03-13,0
24706,treatment,2026-03-07,1
24707,control,2026-03-02,0
24708,control,2026-03-02,1
24709,treatment,2026-03-13,0
24710,control,2026-03-06,0
24711,control,2026-03-15,1
24712,control,2026-03-08,1
24713,treatment,2026-03-02,1
24714,control,2026-03-14,1
24715,treatment,2026-03-03,0
24716,control,2026-03-15,0
24717,treatment,2026-03-03,1
24718,treatment,2026-03-09,1
24719,treatment,2026-03-14,0
24720,control,2026-03-08,1
24721,control,2026-03-09,1
24722,control,2026-03-14,1
24723,treatment,2026-03-02,0
24724,control,2026-03-12,0
24725,treatment,2026-03-07,0
24726,treatment,2026-03-15,1
24727,control,2026-03-12,0
24728,treatment,2026-03-05,1
24729,treatment,2026-03-10,1
24730,treatment,2026-03-13,0
24731,control,2026-03-09,0
24732,control,2026-03-02,0
24733,control,2026-03-15,0
24734,treatment,2026-03-14,1
24735,control,2026-03-11,1
24736,control,2026-03-11,1
24737,treatment,2026-03-15,0
24738,treatment,2026-03-15,0
24739,control,2026-03-13,1
24740,treatment,2026-03-04,1
24741,treatment,2026-03-05,0
24742,control,2026-03-09,0
24743,treatment,2026-03-15,0
24744,control,2026-03-13,1
24745,treatment,2026-03-04,0
24746,treatment,2026-03-07,0
24747,control,2026-03-10,1
24748,treatment,2026-03-13,1
24749,control,2026-03-03,0
24750,control,2026-03-11,1
24751,control,2026-03-07,0
24752,control,2026-03-11,0
24753,control,2026-03-04,0
24754,control,2026-03-11,1
24755,treatment,2026-03-11,0
24756,control,2026-03-09,1
24757,treatment,2026-03-08,1
24758,control,2026-03-11,0
24759,control,2026-03-02,0
24760,treatment,2026-03-07,0
24761,treatment,2026-03-12,1
24762,control,2026-03-07,1
24763,control,2026-03-13,0
24764,treatment,2026-03-07,0
24765,treatment,2026-03-04,0
24766,control,2026-03-06,0
24767,control,2026-03-08,0
24768,treatment,2026-03-13,0
24769,control,2026-03-10,0
24770,treatment,2026-03-14,1
24771,control,2026-03-06,0
24772,control,2026-03-06,0
24773,control,2026-03-14,0
24774,control,2026-03-02,0
24775,control,2026-03-02,0
24776,treatment,2026-03-03,0
24777,treatment,2026-03-15,0
24778,treatment,2026-03-12,0
24779,control,2026-03-13,0
24780,treatment,2026-03-11,1
24781,treatment,2026-03-06,1
24782,control,2026-03-14,1
24783,treatment,2026-03-15,0
24784,control,2026-03-05,0
24785,control,2026-03-14,0
24786,control,2026-03-03,0
24787,control,2026-03-09,0
24788,treatment,2026-03-04,0
24789,treatment,2026-03-09,0
24790,control,2026-03-12,0
24791,treatment,2026-03-08,1
24792,treatment,2026-03-04,1
24793,control,2026-03-02,0
24794,control,2026-03-04,0
24795,treatment,2026-03-09,1
24796,control,2026-03-10,0
24797,control,2026-03-02,1
24798,control,2026-03-05,0
24799,control,2026-03-09,0
24800,control,2026-03-12,0
24801,treatment,2026-03-09,1
24802,control,2026-03-09,1
24803,treatment,2026-03-05,1
24804,treatment,2026-03-11,0
24805,treatment,2026-03-05,1
24806,treatment,2026-03-10,0
24807,treatment,2026-03-13,1
24808,control,2026-03-02,0
24809,treatment,2026-03-05,0
24810,control,2026-03-15,1
24811,treatment,2026-03-13,1
24812,control,2026-03-10,0
24813,treatment,2026-03-02,0
24814,control,2026-03-11,0
24815,control,2026-03-03,0
24816,control,2026-03-13,0
24817,treatment,2026-03-02,0
24818,control,2026-03-06,1
24819,control,2026-03-11,1
24820,control,2026-03-04,0
24821,control,2026-03-02,0
24822,control,2026-03-06,0
24823,control,2026-03-05,0
24824,control,2026-03-14,0
24825,treatment,2026-03-09,1
24826,treatment,2026-03-08,0
24827,control,2026-03-15,0
24828,control,2026-03-13,0
24829,treatment,2026-03-09,0
24830,treatment,2026-03-05,0
24831,control,2026-03-05,1
24832,treatment,2026-03-05,0
24833,control,2026-03-05,1
24834,treatment,2026-03-13,0
24835,treatment,2026-03-04,0
24836,treatment,2026-03-02,0
24837,treatment,2026-03-11,1
24838,control,2026-03-15,1
24839,treatment,2026-03-02,0
24840,control,2026-03-11,0
24841,control,2026-03-03,0
24842,control,2026-03-09,0
24843,control,2026-03-14,0
24844,control,2026-03-12,0
24845,treatment,2026-03-04,0
24846,control,2026-03-04,0
24847,control,2026-03-06,0
24848,treatment,2026-03-08,0
24849,treatment,2026-03-09,0
24850,control,2026-03-15,1
24851,treatment,2026-03-10,0
24852,treatment,2026-03-11,0
24853,control,2026-03-08,0
24854,treatment,2026-03-15,1
24855,treatment,2026-03-14,1
24856,treatment,2026-03-15,1
24857,control,2026-03-08,1
24858,control,2026-03-06,1
24859,control,2026-03-06,0
24860,control,2026-03-15,1
24861,control,2026-03-05,0
24862,treatment,2026-03-04,0
24863,control,2026-03-14,0
24864,control,2026-03-15,0
24865,control,2026-03-12,1
24866,treatment,2026-03-09,1
24867,treatment,2026-03-03,1
24868,control,2026-03-14,1
24869,treatment,2026-03-09,1
24870,treatment,2026-03-09,0
24871,treatment,2026-03-14,0
24872,control,2026-03-15,0
24873,control,2026-03-02,0
24874,treatment,2026-03-03,0
24875,treatment,2026-03-10,1
24876,control,2026-03-10,1
24877,control,2026-03-08,0
24878,treatment,2026-03-14,0
24879,control,2026-03-05,0
24880,treatment,2026-03-05,0
24881,treatment,2026-03-02,0
24882,treatment,2026-03-09,1
24883,control,2026-03-12,0
24884,control,2026-03-04,1
24885,treatment,2026-03-13,0
24886,control,2026-03-15,1
24887,treatment,2026-03-03,1
24888,control,2026-03-11,0
24889,control,2026-03-09,1
24890,treatment,2026-03-15,0
24891,treatment,2026-03-03,0
24892,treatment,2026-03-14,1
24893,control,2026-03-08,1
24894,control,2026-03-11,0
24895,control,2026-03-10,0
24896,control,2026-03-12,0
24897,control,2026-03-11,0
24898,control,2026-03-07,0
24899,control,2026-03-10,1
24900,control,2026-03-08,0
24901,control,2026-03-06,0
24902,control,2026-03-02,1
24903,treatment,2026-03-12,0
24904,control,2026-03-04,0
24905,treatment,2026-03-05,1
24906,treatment,2026-03-08,0
24907,control,2026-03-04,0
24908,control,2026-03-03,1
24909,treatment,2026-03-10,1
24910,control,2026-03-14,0
24911,control,2026-03-13,0
24912,treatment,2026-03-15,1
24913,control,2026-03-09,0
24914,control,2026-03-11,0
24915,control,2026-03-04,1
24916,treatment,2026-03-11,0
24917,treatment,2026-03-03,0
24918,control,2026-03-04,0
24919,control,2026-03-12,0
24920,treatment,2026-03-02,0
24921,treatment,2026-03-07,0
24922,control,2026-03-05,0
24923,treatment,2026-03-12,0
24924,control,2026-03-06,0
24925,treatment,2026-03-06,0
24926,control,2026-03-09,0
24927,treatment,2026-03-09,0
24928,control,2026-03-07,0
24929,treatment,2026-03-09,0
24930,treatment,2026-03-15,0
24931,control,2026-03-05,0
24932,control,2026-03-02,1
24933,treatment,2026-03-02,1
24934,control,2026-03-11,1
24935,treatment,2026-03-03,0
24936,control,2026-03-03,0
24937,treatment,2026-03-07,0
24938,control,2026-03-12,0
24939,treatment,2026-03-10,1
24940,control,2026-03-13,0
24941,control,2026-03-14,1
24942,treatment,2026-03-14,0
24943,control,2026-03-12,1
24944,treatment,2026-03-08,0
24945,treatment,2026-03-13,0
24946,treatment,2026-03-04,0
24947,treatment,2026-03-06,1
24948,treatment,2026-03-15,0
24949,treatment,2026-03-10,0
24950,control,2026-03-15,0
24951,treatment,2026-03-15,1
24952,control,2026-03-04,0
24953,control,2026-03-13,0
24954,control,2026-03-02,0
24955,control,2026-03-06,0
24956,treatment,2026-03-10,1
24957,treatment,2026-03-07,0
24958,control,2026-03-05,0
24959,treatment,2026-03-03,1
24960,treatment,2026-03-05,1
24961,treatment,2026-03-04,0
24962,control,2026-03-03,0
24963,control,2026-03-07,0
24964,control,2026-03-10,0
24965,treatment,2026-03-14,1
24966,treatment,2026-03-09,0
24967,control,2026-03-14,0
24968,treatment,2026-03-02,0
24969,treatment,2026-03-10,0
24970,treatment,2026-03-08,0
24971,treatment,2026-03-08,1
24972,control,2026-03-15,1
24973,control,2026-03-07,0
24974,treatment,2026-03-08,0
24975,treatment,2026-03-02,0
24976,control,2026-03-08,0
24977,control,2026-03-02,1
24978,treatment,2026-03-02,0
24979,treatment,2026-03-14,1
24980,control,2026-03-02,0
24981,control,2026-03-12,0
24982,treatment,2026-03-10,1
24983,treatment,2026-03-07,0
24984,control,2026-03-03,1
24985,treatment,2026-03-08,1
24986,treatment,2026-03-05,1
24987,control,2026-03-07,0
24988,treatment,2026-03-12,0
24989,control,2026-03-06,1
24990,control,2026-03-09,1
24991,control,2026-03-08,1
24992,control,2026-03-09,1
24993,treatment,2026-03-08,0
24994,treatment,2026-03-09,0
24995,treatment,2026-03-03,0
24996,treatment,2026-03-11,1
24997,control,2026-03-09,0
24998,control,2026-03-08,1
24999,control,2026-03-15,1
25000,control,2026-03-14,0
25001,control,2026-03-05,0
25002,control,2026-03-07,0
25003,control,2026-03-11,1
25004,control,2026-03-03,1
25005,treatment,2026-03-14,1
25006,control,2026-03-09,1
25007,treatment,2026-03-13,0
25008,control,2026-03-13,0
25009,control,2026-03-14,0
25010,control,2026-03-10,1
25011,treatment,2026-03-06,1
25012,treatment,2026-03-09,0
25013,control,2026-03-05,0
25014,control,2026-03-10,1
25015,treatment,2026-03-04,0
25016,treatment,2026-03-10,0
25017,treatment,2026-03-09,1
25018,control,2026-03-09,1
25019,control,2026-03-06,0
25020,treatment,2026-03-02,1
25021,control,2026-03-11,1
25022,control,2026-03-10,0
25023,control,2026-03-14,0
25024,treatment,2026-03-03,0
25025,control,2026-03-08,0
25026,control,2026-03-07,0
25027,treatment,2026-03-05,1
25028,treatment,2026-03-10,1
25029,treatment,2026-03-05,0
25030,treatment,2026-03-08,0
25031,treatment,2026-03-15,0
25032,control,2026-03-04,0
25033,control,2026-03-14,0
25034,control,2026-03-04,1
25035,control,2026-03-15,0
25036,control,2026-03-11,1
25037,treatment,2026-03-06,1
25038,control,2026-03-13,0
25039,control,2026-03-04,0
25040,control,2026-03-13,1
25041,control,2026-03-10,0
25042,control,2026-03-10,0
25043,control,2026-03-06,1
25044,control,2026-03-07,0
25045,control,2026-03-14,0
25046,treatment,2026-03-04,1
25047,control,2026-03-14,0
25048,control,2026-03-05,0
25049,control,2026-03-06,1
25050,treatment,2026-03-11,0
25051,control,2026-03-02,0
25052,treatment,2026-03-15,0
25053,control,2026-03-12,1
25054,treatment,2026-03-15,1
25055,control,2026-03-07,0
25056,treatment,2026-03-11,0
25057,control,2026-03-09,1
25058,control,2026-03-06,0
25059,control,2026-03-05,1
25060,control,2026-03-12,1
25061,control,2026-03-12,0
25062,control,2026-03-08,0
25063,control,2026-03-07,1
25064,control,2026-03-04,0
25065,control,2026-03-10,0
25066,treatment,2026-03-04,0
25067,treatment,2026-03-07,1
25068,control,2026-03-14,0
25069,control,2026-03-07,0
25070,control,2026-03-09,0
25071,control,2026-03-05,1
25072,control,2026-03-07,0
25073,treatment,2026-03-02,1
25074,treatment,2026-03-03,0
25075,control,2026-03-09,0
25076,control,2026-03-05,0
25077,control,2026-03-10,0
25078,treatment,2026-03-02,1
25079,treatment,2026-03-08,0
25080,treatment,2026-03-05,0
25081,treatment,2026-03-09,1
25082,treatment,2026-03-08,0
25083,control,2026-03-14,0
25084,treatment,2026-03-03,1
25085,control,2026-03-12,1
25086,treatment,2026-03-11,0
25087,control,2026-03-11,1
25088,control,2026-03-05,1
25089,treatment,2026-03-10,0
25090,treatment,2026-03-05,0
25091,control,2026-03-02,0
25092,treatment,2026-03-04,1
25093,control,2026-03-07,0
25094,treatment,2026-03-09,0
25095,control,2026-03-10,0
25096,control,2026-03-08,1
25097,control,2026-03-11,0
25098,control,2026-03-04,0
25099,control,2026-03-11,1
25100,treatment,2026-03-06,0
25101,control,2026-03-14,0
25102,treatment,2026-03-15,1
25103,treatment,2026-03-02,0
25104,control,2026-03-12,1
25105,treatment,2026-03-07,0
25106,treatment,2026-03-05,1
25107,treatment,2026-03-09,1
25108,treatment,2026-03-10,0
25109,treatment,2026-03-03,1
25110,treatment,2026-03-07,1
25111,control,2026-03-02,0
25112,control,2026-03-09,0
25113,treatment,2026-03-08,0
25114,treatment,2026-03-05,0
25115,control,2026-03-13,1
25116,control,2026-03-04,0
25117,control,2026-03-13,0
25118,treatment,2026-03-10,0
25119,control,2026-03-05,0
25120,control,2026-03-13,0
25121,treatment,2026-03-10,0
25122,treatment,2026-03-06,0
25123,treatment,2026-03-11,0
25124,control,2026-03-02,0
25125,treatment,2026-03-09,1
25126,treatment,2026-03-12,0
25127,treatment,2026-03-02,1
25128,control,2026-03-02,1
25129,treatment,2026-03-05,0
25130,treatment,2026-03-02,1
25131,treatment,2026-03-12,0
25132,control,2026-03-08,0
25133,treatment,2026-03-07,0
25134,control,2026-03-08,1
25135,treatment,2026-03-08,1
25136,control,2026-03-03,0
25137,control,2026-03-05,0
25138,control,2026-03-05,0
25139,treatment,2026-03-09,1
25140,treatment,2026-03-15,0
25141,treatment,2026-03-07,0
25142,control,2026-03-07,1
25143,control,2026-03-10,0
25144,control,2026-03-12,1
25145,control,2026-03-06,0
25146,treatment,2026-03-15,0
25147,treatment,2026-03-15,1
25148,treatment,2026-03-11,1
25149,treatment,2026-03-05,1
25150,control,2026-03-05,0
25151,treatment,2026-03-13,1
25152,treatment,2026-03-09,1
25153,control,2026-03-13,0
25154,treatment,2026-03-10,0
25155,control,2026-03-03,0
25156,treatment,2026-03-10,1
25157,control,2026-03-04,1
25158,control,2026-03-09,0
25159,treatment,2026-03-03,1
25160,control,2026-03-15,0
25161,control,2026-03-15,0
25162,treatment,2026-03-13,0
25163,treatment,2026-03-08,0
25164,control,2026-03-10,0
25165,control,2026-03-10,0
25166,control,2026-03-10,0
25167,control,2026-03-02,0
25168,control,2026-03-10,1
25169,control,2026-03-10,1
25170,control,2026-03-02,1
25171,control,2026-03-03,0
25172,control,2026-03-06,0
25173,control,2026-03-13,1
25174,treatment,2026-03-10,1
25175,treatment,2026-03-03,1
25176,control,2026-03-12,0
25177,treatment,2026-03-13,0
25178,treatment,2026-03-12,0
25179,control,2026-03-15,0
25180,control,2026-03-15,0
25181,treatment,2026-03-11,0
25182,treatment,2026-03-14,0
25183,treatment,2026-03-09,0
25184,treatment,2026-03-02,0
25185,control,2026-03-15,0
25186,treatment,2026-03-13,0
25187,control,2026-03-14,0
25188,control,2026-03-08,0
25189,control,2026-03-08,0
25190,control,2026-03-12,0
25191,treatment,2026-03-13,0
25192,control,2026-03-13,1
25193,treatment,2026-03-13,1
25194,treatment,2026-03-07,0
25195,control,2026-03-08,1
25196,control,2026-03-09,0
25197,control,2026-03-14,0
25198,treatment,2026-03-09,0
25199,control,2026-03-12,0
25200,treatment,2026-03-02,0
25201,treatment,2026-03-11,0
25202,control,2026-03-11,0
25203,treatment,2026-03-06,0
25204,treatment,2026-03-09,1
25205,treatment,2026-03-03,1
25206,control,2026-03-02,1
25207,treatment,2026-03-06,0
25208,treatment,2026-03-09,0
25209,control,2026-03-13,0
25210,treatment,2026-03-12,0
25211,treatment,2026-03-02,0
25212,control,2026-03-03,0
25213,control,2026-03-11,1
25214,control,2026-03-08,1
25215,control,2026-03-08,0
25216,control,2026-03-03,0
25217,treatment,2026-03-12,0
25218,treatment,2026-03-15,0
25219,treatment,2026-03-10,0
25220,control,2026-03-05,1
25221,treatment,2026-03-10,1
25222,treatment,2026-03-03,1
25223,control,2026-03-12,0
25224,treatment,2026-03-06,0
25225,treatment,2026-03-15,0
25226,treatment,2026-03-02,1
25227,treatment,2026-03-07,1
25228,control,2026-03-12,0
25229,treatment,2026-03-15,0
25230,treatment,2026-03-08,0
25231,control,2026-03-09,1
25232,control,2026-03-05,0
25233,treatment,2026-03-15,0
25234,control,2026-03-05,1
25235,control,2026-03-08,0
25236,treatment,2026-03-10,0
25237,treatment,2026-03-15,1
25238,control,2026-03-03,0
25239,control,2026-03-02,0
25240,treatment,2026-03-10,1
25241,control,2026-03-09,0
25242,treatment,2026-03-06,0
25243,control,2026-03-15,1
25244,treatment,2026-03-03,1
25245,control,2026-03-04,1
25246,treatment,2026-03-11,1
25247,treatment,2026-03-06,0
25248,treatment,2026-03-03,0
25249,control,2026-03-07,0
25250,control,2026-03-04,0
25251,treatment,2026-03-05,0
25252,control,2026-03-13,1
25253,treatment,2026-03-03,0
25254,control,2026-03-02,1
25255,treatment,2026-03-04,1
25256,control,2026-03-02,0
25257,treatment,2026-03-06,1
25258,treatment,2026-03-04,0
25259,treatment,2026-03-03,0
25260,treatment,2026-03-07,0
25261,treatment,2026-03-10,1
25262,treatment,2026-03-02,0
25263,control,2026-03-13,0
25264,treatment,2026-03-12,0
25265,control,2026-03-14,1
25266,treatment,2026-03-06,0
25267,treatment,2026-03-12,0
25268,treatment,2026-03-14,1
25269,treatment,2026-03-05,1
25270,treatment,2026-03-08,1
25271,control,2026-03-02,1
25272,control,2026-03-12,0
25273,treatment,2026-03-10,1
25274,control,2026-03-06,0
25275,treatment,2026-03-09,0
25276,treatment,2026-03-07,0
25277,control,2026-03-04,0
25278,treatment,2026-03-04,0
25279,control,2026-03-03,1
25280,treatment,2026-03-09,0
25281,treatment,2026-03-15,1
25282,treatment,2026-03-02,1
25283,control,2026-03-10,0
25284,treatment,2026-03-09,0
25285,treatment,2026-03-06,1
25286,treatment,2026-03-09,0
25287,control,2026-03-15,0
25288,control,2026-03-13,0
25289,control,2026-03-14,0
25290,treatment,2026-03-10,1
25291,control,2026-03-15,1
25292,treatment,2026-03-06,0
25293,control,2026-03-02,0
25294,treatment,2026-03-02,0
25295,treatment,2026-03-04,1
25296,control,2026-03-14,0
25297,control,2026-03-09,0
25298,control,2026-03-06,1
25299,treatment,2026-03-05,1
25300,treatment,2026-03-09,0
25301,treatment,2026-03-14,0
25302,treatment,2026-03-05,1
25303,treatment,2026-03-07,1
25304,treatment,2026-03-04,1
25305,control,2026-03-07,0
25306,treatment,2026-03-03,1
25307,treatment,2026-03-14,0
25308,treatment,2026-03-03,0
25309,treatment,2026-03-09,1
25310,treatment,2026-03-13,0
25311,treatment,2026-03-10,0
25312,treatment,2026-03-04,1
25313,control,2026-03-03,1
25314,control,2026-03-11,0
25315,treatment,2026-03-04,0
25316,treatment,2026-03-03,0
25317,treatment,2026-03-05,0
25318,control,2026-03-04,1
25319,treatment,2026-03-08,1
25320,treatment,2026-03-06,0
25321,control,2026-03-15,0
25322,control,2026-03-14,0
25323,control,2026-03-05,1
25324,control,2026-03-04,0
25325,control,2026-03-04,1
25326,control,2026-03-06,1
25327,treatment,2026-03-10,1
25328,control,2026-03-04,1
25329,control,2026-03-15,0
25330,treatment,2026-03-15,0
25331,treatment,2026-03-15,0
25332,treatment,2026-03-03,0
25333,control,2026-03-06,1
25334,control,2026-03-09,0
25335,control,2026-03-08,0
25336,control,2026-03-09,0
25337,treatment,2026-03-06,1
25338,treatment,2026-03-13,0
25339,treatment,2026-03-05,0
25340,treatment,2026-03-14,1
25341,control,2026-03-03,1
25342,control,2026-03-03,1
25343,control,2026-03-09,0
25344,control,2026-03-08,1
25345,treatment,2026-03-10,0
25346,control,2026-03-05,1
25347,treatment,2026-03-03,1
25348,treatment,2026-03-09,0
25349,control,2026-03-12,1
25350,treatment,2026-03-03,0
25351,control,2026-03-04,0
25352,control,2026-03-02,0
25353,control,2026-03-12,1
25354,control,2026-03-13,0
25355,control,2026-03-14,0
25356,control,2026-03-04,1
25357,control,2026-03-04,0
25358,control,2026-03-11,1
25359,control,2026-03-12,1
25360,treatment,2026-03-08,0
25361,control,2026-03-13,0
25362,treatment,2026-03-14,0
25363,treatment,2026-03-06,0
25364,treatment,2026-03-06,0
25365,control,2026-03-08,1
25366,control,2026-03-10,1
25367,control,2026-03-09,1
25368,control,2026-03-02,0
25369,treatment,2026-03-03,1
25370,treatment,2026-03-15,0
25371,control,2026-03-11,1
25372,control,2026-03-04,1
25373,control,2026-03-14,0
25374,control,2026-03-04,1
25375,control,2026-03-12,0
25376,control,2026-03-04,1
25377,control,2026-03-11,1
25378,control,2026-03-09,1
25379,treatment,2026-03-04,1
25380,treatment,2026-03-09,0
25381,control,2026-03-15,0
25382,treatment,2026-03-09,0
25383,control,2026-03-10,0
25384,treatment,2026-03-08,0
25385,control,2026-03-07,0
25386,treatment,2026-03-06,0
25387,treatment,2026-03-05,0
25388,control,2026-03-12,1
25389,treatment,2026-03-02,1
25390,treatment,2026-03-10,0
25391,control,2026-03-04,0
25392,control,2026-03-07,0
25393,control,2026-03-15,1
25394,control,2026-03-05,1
25395,control,2026-03-14,0
25396,treatment,2026-03-14,0
25397,treatment,2026-03-04,1
25398,treatment,2026-03-03,0
25399,control,2026-03-07,1
25400,control,2026-03-02,0
25401,control,2026-03-11,1
25402,control,2026-03-04,1
25403,control,2026-03-13,0
25404,treatment,2026-03-10,0
25405,treatment,2026-03-06,1
25406,treatment,2026-03-03,1
25407,control,2026-03-02,0
25408,control,2026-03-03,0
25409,control,2026-03-03,0
25410,control,2026-03-10,0
25411,treatment,2026-03-04,0
25412,control,2026-03-15,0
25413,control,2026-03-15,1
25414,treatment,2026-03-10,0
25415,control,2026-03-08,0
25416,treatment,2026-03-13,0
25417,treatment,2026-03-05,0
25418,control,2026-03-02,0
25419,control,2026-03-12,0
25420,treatment,2026-03-03,1
25421,treatment,2026-03-06,1
25422,treatment,2026-03-09,0
25423,treatment,2026-03-12,0
25424,control,2026-03-07,0
25425,control,2026-03-14,0
25426,control,2026-03-03,0
25427,treatment,2026-03-12,0
25428,treatment,2026-03-12,1
25429,control,2026-03-09,0
25430,treatment,2026-03-12,1
25431,treatment,2026-03-12,0
25432,control,2026-03-03,0
25433,control,2026-03-08,0
25434,control,2026-03-15,1
25435,treatment,2026-03-13,0
25436,control,2026-03-15,0
25437,control,2026-03-09,0
25438,treatment,2026-03-11,1
25439,treatment,2026-03-15,0
25440,treatment,2026-03-11,0
25441,control,2026-03-14,0
25442,control,2026-03-11,0
25443,treatment,2026-03-03,1
25444,treatment,2026-03-12,1
25445,control,2026-03-15,0
25446,control,2026-03-12,1
25447,control,2026-03-07,0
25448,control,2026-03-11,1
25449,control,2026-03-14,0
25450,treatment,2026-03-03,1
25451,treatment,2026-03-09,0
25452,treatment,2026-03-04,0
25453,treatment,2026-03-15,1
25454,control,2026-03-09,0
25455,treatment,2026-03-12,1
25456,control,2026-03-05,0
25457,treatment,2026-03-07,0
25458,treatment,2026-03-02,0
25459,control,2026-03-11,0
25460,control,2026-03-02,0
25461,control,2026-03-15,0
25462,treatment,2026-03-09,1
25463,control,2026-03-02,0
25464,treatment,2026-03-12,1
25465,treatment,2026-03-11,1
25466,control,2026-03-05,1
25467,treatment,2026-03-04,0
25468,treatment,2026-03-13,0
25469,treatment,2026-03-10,1
25470,treatment,2026-03-13,0
25471,treatment,2026-03-07,0
25472,treatment,2026-03-08,0
25473,control,2026-03-04,1
25474,treatment,2026-03-08,1
25475,control,2026-03-12,0
25476,control,2026-03-15,0
25477,control,2026-03-06,0
25478,treatment,2026-03-10,0
25479,treatment,2026-03-02,1
25480,treatment,2026-03-03,0
25481,treatment,2026-03-03,0
25482,control,2026-03-11,0
25483,treatment,2026-03-15,0
25484,treatment,2026-03-09,0
25485,treatment,2026-03-06,1
25486,control,2026-03-15,1
25487,treatment,2026-03-02,0
25488,treatment,2026-03-15,0
25489,control,2026-03-04,0
25490,control,2026-03-11,0
25491,control,2026-03-10,0
25492,control,2026-03-15,1
25493,control,2026-03-13,0
25494,treatment,2026-03-06,0
25495,treatment,2026-03-10,1
25496,treatment,2026-03-14,0
25497,treatment,2026-03-06,0
25498,treatment,2026-03-11,1
25499,treatment,2026-03-15,0
25500,control,2026-03-07,0
25501,treatment,2026-03-07,1
25502,control,2026-03-10,0
25503,treatment,2026-03-04,0
25504,treatment,2026-03-08,0
25505,control,2026-03-12,0
25506,control,2026-03-06,0
25507,control,2026-03-12,0
25508,treatment,2026-03-07,1
25509,treatment,2026-03-05,0
25510,treatment,2026-03-04,0
25511,treatment,2026-03-10,0
25512,control,2026-03-09,0
25513,control,2026-03-12,0
25514,treatment,2026-03-13,0
25515,treatment,2026-03-02,0
25516,control,2026-03-12,0
25517,control,2026-03-10,0
25518,control,2026-03-05,0
25519,treatment,2026-03-15,0
25520,control,2026-03-09,1
25521,control,2026-03-14,1
25522,control,2026-03-14,0
25523,treatment,2026-03-04,0
25524,control,2026-03-07,1
25525,treatment,2026-03-02,0
25526,control,2026-03-04,0
25527,treatment,2026-03-02,0
25528,treatment,2026-03-12,1
25529,treatment,2026-03-10,1
25530,treatment,2026-03-11,0
25531,control,2026-03-05,1
25532,treatment,2026-03-15,1
25533,treatment,2026-03-12,0
25534,control,2026-03-08,0
25535,control,2026-03-06,0
25536,control,2026-03-05,0
25537,control,2026-03-06,0
25538,control,2026-03-14,1
25539,control,2026-03-02,0
25540,control,2026-03-04,0
25541,control,2026-03-02,1
25542,treatment,2026-03-06,0
25543,control,2026-03-14,1
25544,control,2026-03-08,0
25545,control,2026-03-07,0
25546,control,2026-03-02,0
25547,treatment,2026-03-11,0
25548,control,2026-03-15,1
25549,control,2026-03-12,0
25550,control,2026-03-13,0
25551,treatment,2026-03-05,1
25552,treatment,2026-03-11,1
25553,treatment,2026-03-14,0
25554,control,2026-03-08,1
25555,treatment,2026-03-02,1
25556,treatment,2026-03-11,0
25557,treatment,2026-03-13,0
25558,control,2026-03-14,0
25559,treatment,2026-03-02,1
25560,treatment,2026-03-12,0
25561,control,2026-03-08,1
25562,control,2026-03-12,1
25563,control,2026-03-14,0
25564,control,2026-03-11,0
25565,control,2026-03-13,0
25566,control,2026-03-09,0
25567,control,2026-03-07,0
25568,control,2026-03-07,1
25569,control,2026-03-03,0
25570,control,2026-03-08,0
25571,treatment,2026-03-10,1
25572,treatment,2026-03-12,0
25573,control,2026-03-09,0
25574,control,2026-03-02,0
25575,treatment,2026-03-10,0
25576,control,2026-03-09,1
25577,control,2026-03-08,1
25578,control,2026-03-08,0
25579,treatment,2026-03-07,0
25580,treatment,2026-03-06,1
25581,control,2026-03-10,0
25582,control,2026-03-08,0
25583,control,2026-03-02,0
25584,control,2026-03-07,0
25585,treatment,2026-03-13,1
25586,control,2026-03-11,0
25587,treatment,2026-03-06,0
25588,treatment,2026-03-13,1
25589,treatment,2026-03-09,0
25590,control,2026-03-05,0
25591,treatment,2026-03-11,1
25592,control,2026-03-12,0
25593,control,2026-03-07,0
25594,treatment,2026-03-08,1
25595,control,2026-03-03,0
25596,treatment,2026-03-09,1
25597,treatment,2026-03-14,1
25598,control,2026-03-12,1
25599,control,2026-03-04,0
25600,treatment,2026-03-03,0
25601,treatment,2026-03-15,0
25602,control,2026-03-03,0
25603,control,2026-03-12,0
25604,control,2026-03-02,1
25605,control,2026-03-07,0
25606,treatment,2026-03-14,0
25607,control,2026-03-04,1
25608,control,2026-03-11,1
25609,control,2026-03-03,0
25610,treatment,2026-03-08,0
25611,control,2026-03-09,0
25612,treatment,2026-03-08,1
25613,treatment,2026-03-12,1
25614,treatment,2026-03-15,1
25615,treatment,2026-03-07,1
25616,control,2026-03-07,1
25617,treatment,2026-03-11,0
25618,treatment,2026-03-06,0
25619,control,2026-03-15,0
25620,control,2026-03-02,0
25621,control,2026-03-12,1
25622,treatment,2026-03-02,0
25623,treatment,2026-03-08,1
25624,control,2026-03-12,0
25625,treatment,2026-03-10,1
25626,treatment,2026-03-10,0
25627,treatment,2026-03-08,0
25628,control,2026-03-06,1
25629,treatment,2026-03-15,0
25630,control,2026-03-04,0
25631,treatment,2026-03-13,0
25632,treatment,2026-03-02,0
25633,control,2026-03-06,0
25634,control,2026-03-12,1
25635,control,2026-03-12,1
25636,control,2026-03-02,0
25637,treatment,2026-03-13,0
25638,control,2026-03-06,0
25639,treatment,2026-03-13,1
25640,control,2026-03-10,1
25641,treatment,2026-03-06,1
25642,treatment,2026-03-09,0
25643,control,2026-03-03,0
25644,control,2026-03-13,0
25645,control,2026-03-12,0
25646,treatment,2026-03-06,1
25647,control,2026-03-09,1
25648,control,2026-03-10,1
25649,control,2026-03-12,1
25650,treatment,2026-03-11,0
25651,control,2026-03-15,1
25652,treatment,2026-03-14,0
25653,treatment,2026-03-07,0
25654,treatment,2026-03-06,1
25655,control,2026-03-08,0
25656,treatment,2026-03-08,0
25657,control,2026-03-04,1
25658,control,2026-03-07,0
25659,control,2026-03-08,0
25660,control,2026-03-11,1
25661,treatment,2026-03-06,0
25662,treatment,2026-03-05,0
25663,treatment,2026-03-06,1
25664,control,2026-03-15,0
25665,control,2026-03-12,1
25666,treatment,2026-03-13,0
25667,treatment,2026-03-15,1
25668,treatment,2026-03-10,0
25669,control,2026-03-09,0
25670,control,2026-03-02,1
25671,treatment,2026-03-12,0
25672,control,2026-03-09,0
25673,control,2026-03-09,0
25674,treatment,2026-03-13,0
25675,control,2026-03-07,0
25676,treatment,2026-03-13,0
25677,treatment,2026-03-10,1
25678,control,2026-03-10,1
25679,control,2026-03-08,1
25680,control,2026-03-11,1
25681,control,2026-03-05,1
25682,treatment,2026-03-14,0
25683,control,2026-03-05,0
25684,treatment,2026-03-08,0
25685,control,2026-03-12,1
25686,treatment,2026-03-09,0
25687,treatment,2026-03-08,0
25688,treatment,2026-03-11,0
25689,treatment,2026-03-09,1
25690,treatment,2026-03-04,1
25691,control,2026-03-13,1
25692,control,2026-03-02,0
25693,treatment,2026-03-10,0
25694,control,2026-03-10,0
25695,treatment,2026-03-05,0
25696,treatment,2026-03-07,1
25697,treatment,2026-03-12,1
25698,treatment,2026-03-09,0
25699,control,2026-03-05,0
25700,treatment,2026-03-09,1
25701,treatment,2026-03-15,1
25702,control,2026-03-08,0
25703,treatment,2026-03-02,1
25704,control,2026-03-04,0
25705,treatment,2026-03-15,1
25706,control,2026-03-04,1
25707,treatment,2026-03-10,0
25708,control,2026-03-05,0
25709,treatment,2026-03-15,0
25710,treatment,2026-03-06,0
25711,control,2026-03-12,0
25712,control,2026-03-03,0
25713,treatment,2026-03-15,0
25714,treatment,2026-03-14,0
25715,control,2026-03-04,0
25716,treatment,2026-03-07,1
25717,treatment,2026-03-12,1
25718,control,2026-03-08,1
25719,treatment,2026-03-10,1
25720,treatment,2026-03-03,0
25721,treatment,2026-03-07,1
25722,control,2026-03-06,0
25723,control,2026-03-05,0
25724,control,2026-03-06,0
25725,treatment,2026-03-10,0
25726,control,2026-03-08,0
25727,control,2026-03-07,0
25728,control,2026-03-14,0
25729,control,2026-03-04,0
25730,control,2026-03-02,0
25731,control,2026-03-15,1
25732,treatment,2026-03-09,1
25733,control,2026-03-05,0
25734,treatment,2026-03-15,1
25735,control,2026-03-05,0
25736,control,2026-03-02,0
25737,control,2026-03-02,0
25738,control,2026-03-03,0
25739,treatment,2026-03-09,1
25740,control,2026-03-14,1
25741,control,2026-03-14,1
25742,control,2026-03-12,1
25743,treatment,2026-03-06,0
25744,treatment,2026-03-14,0
25745,treatment,2026-03-14,0
25746,treatment,2026-03-14,0
25747,treatment,2026-03-05,0
25748,control,2026-03-10,1
25749,treatment,2026-03-03,1
25750,control,2026-03-14,0
25751,treatment,2026-03-04,1
25752,control,2026-03-14,0
25753,treatment,2026-03-07,1
25754,treatment,2026-03-15,1
25755,treatment,2026-03-10,1
25756,control,2026-03-13,1
25757,control,2026-03-14,0
25758,treatment,2026-03-04,0
25759,control,2026-03-09,0
25760,treatment,2026-03-07,1
25761,control,2026-03-05,0
25762,control,2026-03-13,1
25763,control,2026-03-08,0
25764,control,2026-03-14,0
25765,control,2026-03-14,0
25766,control,2026-03-14,0
25767,control,2026-03-08,0
25768,control,2026-03-10,0
25769,control,2026-03-11,0
25770,control,2026-03-03,0
25771,control,2026-03-07,0
25772,control,2026-03-07,0
25773,control,2026-03-06,0
25774,control,2026-03-10,0
25775,control,2026-03-14,1
25776,control,2026-03-07,0
25777,control,2026-03-11,0
25778,control,2026-03-10,0
25779,control,2026-03-11,0
25780,treatment,2026-03-04,0
25781,treatment,2026-03-02,1
25782,treatment,2026-03-04,1
25783,control,2026-03-11,0
25784,control,2026-03-02,0
25785,treatment,2026-03-07,1
25786,treatment,2026-03-11,0
25787,treatment,2026-03-05,0
25788,control,2026-03-03,0
25789,treatment,2026-03-09,1
25790,control,2026-03-13,0
25791,control,2026-03-09,0
25792,control,2026-03-13,0
25793,treatment,2026-03-08,0
25794,treatment,2026-03-05,1
25795,treatment,2026-03-09,1
25796,treatment,2026-03-13,0
25797,control,2026-03-14,0
25798,treatment,2026-03-05,1
25799,treatment,2026-03-07,0
25800,treatment,2026-03-06,0
25801,treatment,2026-03-13,1
25802,control,2026-03-13,0
25803,control,2026-03-12,0
25804,treatment,2026-03-10,0
25805,control,2026-03-09,0
25806,control,2026-03-09,0
25807,treatment,2026-03-03,0
25808,control,2026-03-13,0
25809,treatment,2026-03-12,1
25810,control,2026-03-02,0
25811,treatment,2026-03-10,0
25812,treatment,2026-03-07,0
25813,treatment,2026-03-02,0
25814,treatment,2026-03-02,1
25815,treatment,2026-03-06,1
25816,control,2026-03-02,0
25817,treatment,2026-03-09,1
25818,treatment,2026-03-02,0
25819,control,2026-03-09,1
25820,treatment,2026-03-06,1
25821,control,2026-03-11,0
25822,control,2026-03-07,0
25823,control,2026-03-14,0
25824,treatment,2026-03-15,1
25825,control,2026-03-13,1
25826,treatment,2026-03-06,1
25827,treatment,2026-03-05,1
25828,treatment,2026-03-05,0
25829,treatment,2026-03-09,1
25830,treatment,2026-03-15,0
25831,treatment,2026-03-05,0
25832,treatment,2026-03-06,0
25833,treatment,2026-03-06,0
25834,treatment,2026-03-08,0
25835,treatment,2026-03-13,1
25836,treatment,2026-03-02,0
25837,treatment,2026-03-12,0
25838,treatment,2026-03-04,0
25839,control,2026-03-13,0
25840,control,2026-03-08,0
25841,control,2026-03-12,0
25842,treatment,2026-03-15,0
25843,control,2026-03-02,0
25844,treatment,2026-03-13,0
25845,control,2026-03-07,0
25846,control,2026-03-15,1
25847,treatment,2026-03-04,0
25848,treatment,2026-03-10,0
25849,control,2026-03-05,1
25850,treatment,2026-03-14,0
25851,control,2026-03-08,0
25852,control,2026-03-08,0
25853,control,2026-03-07,0
25854,treatment,2026-03-08,0
25855,treatment,2026-03-03,0
25856,control,2026-03-13,1
25857,control,2026-03-02,0
25858,treatment,2026-03-09,1
25859,control,2026-03-05,0
25860,control,2026-03-09,0
25861,treatment,2026-03-07,0
25862,control,2026-03-04,0
25863,treatment,2026-03-08,1
25864,treatment,2026-03-15,0
25865,control,2026-03-03,1
25866,treatment,2026-03-03,0
25867,treatment,2026-03-14,1
25868,control,2026-03-14,1
25869,control,2026-03-03,1
25870,control,2026-03-07,0
25871,treatment,2026-03-07,0
25872,control,2026-03-05,0
25873,treatment,2026-03-09,1
25874,control,2026-03-07,1
25875,control,2026-03-03,0
25876,control,2026-03-02,0
25877,treatment,2026-03-07,0
25878,treatment,2026-03-14,0
25879,treatment,2026-03-10,0
25880,treatment,2026-03-03,0
25881,control,2026-03-06,1
25882,treatment,2026-03-11,0
25883,treatment,2026-03-10,0
25884,control,2026-03-06,0
25885,treatment,2026-03-09,0
25886,treatment,2026-03-12,0
25887,treatment,2026-03-09,1
25888,control,2026-03-06,0
25889,treatment,2026-03-13,0
25890,control,2026-03-10,1
25891,treatment,2026-03-05,1
25892,treatment,2026-03-04,1
25893,control,2026-03-07,0
25894,treatment,2026-03-04,0
25895,control,2026-03-04,0
25896,control,2026-03-03,0
25897,control,2026-03-13,1
25898,control,2026-03-03,1
25899,treatment,2026-03-14,0
25900,treatment,2026-03-10,0
25901,control,2026-03-06,0
25902,control,2026-03-02,0
25903,treatment,2026-03-08,0
25904,control,2026-03-10,1
25905,control,2026-03-04,0
25906,control,2026-03-11,1
25907,control,2026-03-06,0
25908,control,2026-03-03,1
25909,control,2026-03-02,0
25910,control,2026-03-09,0
25911,control,2026-03-05,1
25912,treatment,2026-03-09,0
25913,control,2026-03-03,1
25914,treatment,2026-03-15,0
25915,treatment,2026-03-13,1
25916,control,2026-03-09,0
25917,treatment,2026-03-04,0
25918,treatment,2026-03-05,1
25919,control,2026-03-08,0
25920,control,2026-03-04,0
25921,control,2026-03-03,1
25922,control,2026-03-10,0
25923,treatment,2026-03-12,0
25924,control,2026-03-04,0
25925,treatment,2026-03-11,0
25926,treatment,2026-03-06,0
25927,control,2026-03-11,0
25928,control,2026-03-14,0
25929,treatment,2026-03-10,0
25930,treatment,2026-03-15,0
25931,treatment,2026-03-13,0
25932,control,2026-03-05,0
25933,treatment,2026-03-15,0
25934,treatment,2026-03-07,0
25935,control,2026-03-03,1
25936,treatment,2026-03-06,0
25937,treatment,2026-03-02,0
25938,treatment,2026-03-12,1
25939,treatment,2026-03-02,1
25940,control,2026-03-09,0
25941,control,2026-03-12,0
25942,control,2026-03-12,0
25943,control,2026-03-09,1
25944,treatment,2026-03-11,1
25945,control,2026-03-13,0
25946,treatment,2026-03-05,0
25947,control,2026-03-02,1
25948,treatment,2026-03-04,0
25949,control,2026-03-07,0
25950,treatment,2026-03-14,0
25951,control,2026-03-08,0
25952,control,2026-03-03,0
25953,control,2026-03-15,1
25954,treatment,2026-03-14,0
25955,treatment,2026-03-07,0
25956,control,2026-03-07,1
25957,control,2026-03-05,0
25958,treatment,2026-03-09,1
25959,treatment,2026-03-14,1
25960,treatment,2026-03-15,0
25961,control,2026-03-04,0
25962,treatment,2026-03-11,0
25963,treatment,2026-03-14,0
25964,treatment,2026-03-08,0
25965,control,2026-03-02,0
25966,treatment,2026-03-08,1
25967,treatment,2026-03-05,1
25968,treatment,2026-03-10,1
25969,treatment,2026-03-08,1
25970,control,2026-03-04,1
25971,control,2026-03-03,1
25972,treatment,2026-03-14,0
25973,control,2026-03-07,0
25974,treatment,2026-03-13,0
25975,treatment,2026-03-06,1
25976,treatment,2026-03-06,0
25977,treatment,2026-03-02,1
25978,control,2026-03-14,0
25979,control,2026-03-11,0
25980,control,2026-03-12,0
25981,control,2026-03-06,0
25982,control,2026-03-02,0
25983,treatment,2026-03-02,1
25984,control,2026-03-07,0
25985,control,2026-03-03,1
25986,treatment,2026-03-08,1
25987,treatment,2026-03-06,1
25988,treatment,2026-03-12,0
25989,treatment,2026-03-05,1
25990,control,2026-03-03,0
25991,control,2026-03-04,0
25992,control,2026-03-15,0
25993,treatment,2026-03-15,0
25994,treatment,2026-03-08,0
25995,treatment,2026-03-03,1
25996,control,2026-03-10,1
25997,control,2026-03-05,0
25998,treatment,2026-03-11,1
25999,control,2026-03-14,0
26000,treatment,2026-03-02,0
26001,control,2026-03-08,1
26002,control,2026-03-13,1
26003,control,2026-03-09,0
26004,treatment,2026-03-06,0
26005,control,2026-03-08,1
26006,treatment,2026-03-09,0
26007,treatment,2026-03-05,0
26008,treatment,2026-03-03,0
26009,control,2026-03-02,0
26010,control,2026-03-04,1
26011,control,2026-03-09,1
26012,treatment,2026-03-03,0
26013,control,2026-03-15,0
26014,control,2026-03-12,0
26015,treatment,2026-03-15,1
26016,control,2026-03-15,0
26017,treatment,2026-03-10,0
26018,treatment,2026-03-04,0
26019,control,2026-03-07,0
26020,treatment,2026-03-12,0
26021,control,2026-03-05,0
26022,treatment,2026-03-05,1
26023,treatment,2026-03-14,0
26024,control,2026-03-13,0
26025,control,2026-03-12,0
26026,treatment,2026-03-04,0
26027,control,2026-03-04,0
26028,control,2026-03-07,0
26029,treatment,2026-03-04,0
26030,treatment,2026-03-09,0
26031,treatment,2026-03-08,0
26032,control,2026-03-11,0
26033,control,2026-03-11,0
26034,treatment,2026-03-11,1
26035,control,2026-03-13,1
26036,treatment,2026-03-14,0
26037,control,2026-03-12,0
26038,control,2026-03-09,0
26039,treatment,2026-03-04,1
26040,control,2026-03-06,1
26041,control,2026-03-11,1
26042,control,2026-03-07,1
26043,control,2026-03-07,0
26044,treatment,2026-03-06,1
26045,treatment,2026-03-11,1
26046,treatment,2026-03-06,1
26047,treatment,2026-03-09,0
26048,treatment,2026-03-14,1
26049,treatment,2026-03-02,0
26050,control,2026-03-12,0
26051,treatment,2026-03-10,0
26052,control,2026-03-03,0
26053,treatment,2026-03-07,1
26054,control,2026-03-02,0
26055,control,2026-03-12,0
26056,control,2026-03-02,1
26057,control,2026-03-08,0
26058,treatment,2026-03-05,0
26059,control,2026-03-04,0
26060,control,2026-03-07,0
26061,treatment,2026-03-05,0
26062,control,2026-03-03,0
26063,treatment,2026-03-14,0
26064,control,2026-03-15,1
26065,treatment,2026-03-10,0
26066,control,2026-03-03,0
26067,treatment,2026-03-07,1
26068,treatment,2026-03-06,1
26069,treatment,2026-03-10,1
26070,treatment,2026-03-04,0
26071,treatment,2026-03-14,1
26072,control,2026-03-12,0
26073,treatment,2026-03-05,1
26074,control,2026-03-07,0
26075,control,2026-03-13,1
26076,control,2026-03-13,0
26077,treatment,2026-03-02,0
26078,treatment,2026-03-05,1
26079,control,2026-03-07,0
26080,control,2026-03-12,1
26081,treatment,2026-03-06,0
26082,treatment,2026-03-02,0
26083,control,2026-03-15,0
26084,control,2026-03-09,1
26085,treatment,2026-03-12,0
26086,treatment,2026-03-09,0
26087,control,2026-03-10,1
26088,control,2026-03-09,1
26089,control,2026-03-04,1
26090,treatment,2026-03-15,0
26091,treatment,2026-03-09,0
26092,treatment,2026-03-11,1
26093,treatment,2026-03-07,0
26094,control,2026-03-10,0
26095,control,2026-03-06,0
26096,treatment,2026-03-11,1
26097,control,2026-03-06,0
26098,treatment,2026-03-11,1
26099,control,2026-03-05,1
26100,control,2026-03-08,0
26101,control,2026-03-15,0
26102,control,2026-03-10,1
26103,control,2026-03-06,1
26104,treatment,2026-03-04,0
26105,treatment,2026-03-02,0
26106,treatment,2026-03-08,0
26107,treatment,2026-03-13,0
26108,treatment,2026-03-15,1
26109,control,2026-03-03,1
26110,treatment,2026-03-04,1
26111,treatment,2026-03-03,1
26112,control,2026-03-08,0
26113,control,2026-03-06,1
26114,treatment,2026-03-09,0
26115,treatment,2026-03-02,0
26116,treatment,2026-03-05,0
26117,treatment,2026-03-09,0
26118,control,2026-03-04,0
26119,control,2026-03-11,0
26120,control,2026-03-04,0
26121,treatment,2026-03-11,0
26122,control,2026-03-02,1
26123,treatment,2026-03-12,0
26124,control,2026-03-12,0
26125,treatment,2026-03-07,0
26126,control,2026-03-03,0
26127,control,2026-03-02,0
26128,control,2026-03-03,1
26129,control,2026-03-13,0
26130,control,2026-03-11,1
26131,control,2026-03-03,0
26132,treatment,2026-03-06,0
26133,control,2026-03-13,1
26134,control,2026-03-07,0
26135,treatment,2026-03-11,1
26136,control,2026-03-04,0
26137,control,2026-03-14,0
26138,control,2026-03-05,0
26139,control,2026-03-13,1
26140,control,2026-03-02,0
26141,treatment,2026-03-13,1
26142,treatment,2026-03-15,1
26143,treatment,2026-03-07,1
26144,control,2026-03-05,1
26145,treatment,2026-03-09,0
26146,control,2026-03-12,1
26147,treatment,2026-03-12,0
26148,control,2026-03-03,0
26149,treatment,2026-03-04,0
26150,treatment,2026-03-02,0
26151,treatment,2026-03-03,1
26152,treatment,2026-03-15,0
26153,treatment,2026-03-12,0
26154,treatment,2026-03-12,1
26155,treatment,2026-03-02,1
26156,control,2026-03-03,1
26157,control,2026-03-03,1
26158,control,2026-03-11,0
26159,control,2026-03-09,0
26160,control,2026-03-09,0
26161,control,2026-03-10,0
26162,treatment,2026-03-10,0
26163,treatment,2026-03-04,0
26164,control,2026-03-03,1
26165,control,2026-03-11,0
26166,control,2026-03-06,1
26167,control,2026-03-10,0
26168,control,2026-03-08,1
26169,treatment,2026-03-02,0
26170,control,2026-03-03,0
26171,control,2026-03-04,1
26172,control,2026-03-12,0
26173,control,2026-03-09,0
26174,treatment,2026-03-07,0
26175,control,2026-03-05,0
26176,treatment,2026-03-04,1
26177,treatment,2026-03-04,0
26178,treatment,2026-03-15,1
26179,control,2026-03-02,0
26180,treatment,2026-03-06,0
26181,treatment,2026-03-05,1
26182,control,2026-03-12,0
26183,treatment,2026-03-10,1
26184,control,2026-03-08,0
26185,control,2026-03-06,0
26186,treatment,2026-03-15,1
26187,treatment,2026-03-13,1
26188,control,2026-03-13,0
26189,control,2026-03-15,0
26190,control,2026-03-13,1
26191,control,2026-03-07,0
26192,treatment,2026-03-02,0
26193,control,2026-03-08,0
26194,control,2026-03-08,1
26195,control,2026-03-06,0
26196,treatment,2026-03-07,0
26197,control,2026-03-11,0
26198,treatment,2026-03-14,1
26199,treatment,2026-03-02,0
26200,treatment,2026-03-08,1
26201,control,2026-03-12,0
26202,control,2026-03-13,1
26203,control,2026-03-05,1
26204,treatment,2026-03-15,1
26205,control,2026-03-06,0
26206,control,2026-03-15,1
26207,control,2026-03-12,0
26208,control,2026-03-13,1
26209,control,2026-03-09,0
26210,control,2026-03-03,0
26211,treatment,2026-03-04,0
26212,treatment,2026-03-02,0
26213,control,2026-03-08,1
26214,treatment,2026-03-08,0
26215,treatment,2026-03-06,1
26216,treatment,2026-03-06,0
26217,control,2026-03-11,0
26218,control,2026-03-10,1
26219,control,2026-03-06,1
26220,control,2026-03-11,0
26221,control,2026-03-15,0
26222,control,2026-03-08,0
26223,treatment,2026-03-11,1
26224,control,2026-03-04,1
26225,treatment,2026-03-03,0
26226,treatment,2026-03-15,1
26227,control,2026-03-06,0
26228,treatment,2026-03-02,1
26229,control,2026-03-05,1
26230,treatment,2026-03-14,1
26231,treatment,2026-03-10,0
26232,control,2026-03-07,0
26233,control,2026-03-13,0
26234,control,2026-03-11,1
26235,treatment,2026-03-12,1
26236,treatment,2026-03-13,1
26237,control,2026-03-04,0
26238,control,2026-03-08,0
26239,control,2026-03-04,1
26240,control,2026-03-02,1
26241,control,2026-03-12,0
26242,treatment,2026-03-08,0
26243,control,2026-03-08,1
26244,treatment,2026-03-06,0
26245,control,2026-03-02,1
26246,treatment,2026-03-15,1
26247,control,2026-03-10,0
26248,treatment,2026-03-02,1
26249,treatment,2026-03-14,1
26250,treatment,2026-03-06,0
26251,treatment,2026-03-09,0
26252,control,2026-03-12,0
26253,control,2026-03-08,0
26254,treatment,2026-03-02,0
26255,treatment,2026-03-05,0
26256,control,2026-03-04,1
26257,control,2026-03-06,0
26258,control,2026-03-03,1
26259,treatment,2026-03-12,0
26260,treatment,2026-03-08,0
26261,treatment,2026-03-15,0
26262,control,2026-03-09,0
26263,control,2026-03-13,0
26264,treatment,2026-03-14,0
26265,treatment,2026-03-06,0
26266,control,2026-03-08,0
26267,control,2026-03-03,1
26268,control,2026-03-05,0
26269,control,2026-03-15,1
26270,treatment,2026-03-08,1
26271,control,2026-03-05,0
26272,treatment,2026-03-03,0
26273,control,2026-03-03,1
26274,treatment,2026-03-03,1
26275,treatment,2026-03-03,1
26276,treatment,2026-03-07,0
26277,treatment,2026-03-04,1
26278,control,2026-03-11,0
26279,control,2026-03-03,0
26280,control,2026-03-08,1
26281,control,2026-03-09,0
26282,treatment,2026-03-03,1
26283,treatment,2026-03-12,1
26284,treatment,2026-03-07,0
26285,control,2026-03-14,0
26286,control,2026-03-02,0
26287,treatment,2026-03-03,0
26288,treatment,2026-03-06,0
26289,control,2026-03-06,0
26290,control,2026-03-15,0
26291,control,2026-03-10,0
26292,treatment,2026-03-11,1
26293,treatment,2026-03-11,1
26294,control,2026-03-07,0
26295,control,2026-03-03,0
26296,control,2026-03-06,0
26297,control,2026-03-08,1
26298,control,2026-03-02,1
26299,control,2026-03-03,0
26300,control,2026-03-15,0
26301,treatment,2026-03-14,1
26302,treatment,2026-03-13,0
26303,treatment,2026-03-14,0
26304,control,2026-03-02,1
26305,control,2026-03-10,1
26306,treatment,2026-03-13,0
26307,treatment,2026-03-11,1
26308,control,2026-03-03,1
26309,treatment,2026-03-06,0
26310,control,2026-03-07,0
26311,treatment,2026-03-13,0
26312,treatment,2026-03-02,0
26313,treatment,2026-03-04,1
26314,control,2026-03-05,1
26315,control,2026-03-08,0
26316,control,2026-03-03,0
26317,control,2026-03-09,1
26318,treatment,2026-03-09,1
26319,treatment,2026-03-09,1
26320,treatment,2026-03-09,0
26321,control,2026-03-03,0
26322,treatment,2026-03-05,0
26323,control,2026-03-03,0
26324,control,2026-03-04,1
26325,treatment,2026-03-15,0
26326,treatment,2026-03-05,0
26327,control,2026-03-12,0
26328,control,2026-03-05,0
26329,control,2026-03-09,0
26330,treatment,2026-03-14,1
26331,treatment,2026-03-03,0
26332,control,2026-03-05,1
26333,control,2026-03-08,0
26334,control,2026-03-11,0
26335,control,2026-03-07,0
26336,treatment,2026-03-08,1
26337,treatment,2026-03-08,1
26338,treatment,2026-03-10,1
26339,treatment,2026-03-05,0
26340,treatment,2026-03-02,0
26341,treatment,2026-03-04,0
26342,treatment,2026-03-03,1
26343,control,2026-03-03,1
26344,control,2026-03-04,0
26345,control,2026-03-03,1
26346,treatment,2026-03-08,0
26347,control,2026-03-03,0
26348,treatment,2026-03-10,0
26349,control,2026-03-05,0
26350,control,2026-03-13,1
26351,treatment,2026-03-10,0
26352,treatment,2026-03-02,1
26353,control,2026-03-09,1
26354,treatment,2026-03-06,1
26355,treatment,2026-03-02,0
26356,treatment,2026-03-04,1
26357,treatment,2026-03-12,1
26358,control,2026-03-07,1
26359,treatment,2026-03-13,0
26360,control,2026-03-03,0
26361,treatment,2026-03-02,0
26362,treatment,2026-03-15,0
26363,control,2026-03-04,0
26364,treatment,2026-03-12,0
26365,treatment,2026-03-05,0
26366,treatment,2026-03-08,0
26367,control,2026-03-02,1
26368,control,2026-03-10,0
26369,control,2026-03-05,0
26370,treatment,2026-03-15,0
26371,treatment,2026-03-08,1
26372,treatment,2026-03-07,0
26373,treatment,2026-03-14,1
26374,control,2026-03-13,1
26375,control,2026-03-08,1
26376,treatment,2026-03-07,1
26377,treatment,2026-03-03,1
26378,control,2026-03-15,0
26379,treatment,2026-03-02,0
26380,control,2026-03-09,1
26381,control,2026-03-11,1
26382,control,2026-03-03,0
26383,treatment,2026-03-10,1
26384,treatment,2026-03-10,1
26385,treatment,2026-03-11,1
26386,treatment,2026-03-12,1
26387,control,2026-03-05,0
26388,control,2026-03-04,0
26389,control,2026-03-06,0
26390,treatment,2026-03-13,1
26391,treatment,2026-03-06,0
26392,control,2026-03-10,0
26393,treatment,2026-03-12,1
26394,treatment,2026-03-10,0
26395,treatment,2026-03-06,1
26396,control,2026-03-07,0
26397,control,2026-03-14,1
26398,treatment,2026-03-13,0
26399,control,2026-03-02,1
26400,control,2026-03-08,1
26401,control,2026-03-12,1
26402,treatment,2026-03-12,1
26403,treatment,2026-03-14,0
26404,treatment,2026-03-11,0
26405,control,2026-03-08,0
26406,control,2026-03-10,1
26407,control,2026-03-14,1
26408,treatment,2026-03-14,1
26409,treatment,2026-03-05,0
26410,treatment,2026-03-06,0
26411,treatment,2026-03-10,0
26412,treatment,2026-03-10,0
26413,treatment,2026-03-09,0
26414,treatment,2026-03-05,1
26415,control,2026-03-08,0
26416,control,2026-03-12,0
26417,control,2026-03-06,0
26418,treatment,2026-03-15,1
26419,control,2026-03-10,0
26420,treatment,2026-03-13,1
26421,control,2026-03-12,0
26422,control,2026-03-13,1
26423,control,2026-03-15,1
26424,control,2026-03-03,1
26425,control,2026-03-07,1
26426,treatment,2026-03-12,0
26427,treatment,2026-03-13,0
26428,treatment,2026-03-06,1
26429,treatment,2026-03-04,0
26430,treatment,2026-03-15,0
26431,treatment,2026-03-11,0
26432,treatment,2026-03-06,1
26433,control,2026-03-09,0
26434,control,2026-03-04,0
26435,control,2026-03-03,1
26436,control,2026-03-02,1
26437,control,2026-03-05,0
26438,treatment,2026-03-04,1
26439,control,2026-03-14,1
26440,control,2026-03-12,0
26441,treatment,2026-03-03,1
26442,control,2026-03-03,1
26443,treatment,2026-03-14,0
26444,control,2026-03-09,0
26445,treatment,2026-03-10,0
26446,treatment,2026-03-13,0
26447,control,2026-03-02,0
26448,control,2026-03-11,0
26449,treatment,2026-03-12,1
26450,treatment,2026-03-13,1
26451,control,2026-03-15,0
26452,control,2026-03-11,1
26453,control,2026-03-06,0
26454,control,2026-03-04,0
26455,control,2026-03-15,0
26456,control,2026-03-10,1
26457,treatment,2026-03-14,1
26458,control,2026-03-12,0
26459,control,2026-03-03,1
26460,control,2026-03-08,0
26461,treatment,2026-03-12,0
26462,treatment,2026-03-09,0
26463,control,2026-03-13,0
26464,treatment,2026-03-12,0
26465,treatment,2026-03-05,1
26466,control,2026-03-03,0
26467,treatment,2026-03-15,1
26468,control,2026-03-05,0
26469,treatment,2026-03-14,1
26470,control,2026-03-09,1
26471,treatment,2026-03-15,0
26472,control,2026-03-12,0
26473,treatment,2026-03-09,0
26474,treatment,2026-03-10,0
26475,control,2026-03-12,0
26476,treatment,2026-03-08,1
26477,treatment,2026-03-11,0
26478,treatment,2026-03-09,1
26479,control,2026-03-07,1
26480,treatment,2026-03-08,1
26481,treatment,2026-03-07,0
26482,control,2026-03-03,0
26483,treatment,2026-03-09,0
26484,control,2026-03-08,0
26485,control,2026-03-06,0
26486,control,2026-03-07,1
26487,control,2026-03-08,1
26488,control,2026-03-06,0
26489,treatment,2026-03-02,0
26490,control,2026-03-15,1
26491,treatment,2026-03-11,0
26492,treatment,2026-03-09,1
26493,control,2026-03-12,1
26494,control,2026-03-12,0
26495,control,2026-03-05,0
26496,treatment,2026-03-03,0
26497,treatment,2026-03-08,0
26498,control,2026-03-04,0
26499,treatment,2026-03-11,1
26500,control,2026-03-13,0
26501,control,2026-03-10,0
26502,control,2026-03-11,0
26503,control,2026-03-09,0
26504,treatment,2026-03-12,0
26505,treatment,2026-03-13,0
26506,treatment,2026-03-14,0
26507,control,2026-03-15,1
26508,control,2026-03-11,1
26509,treatment,2026-03-09,1
26510,control,2026-03-14,0
26511,control,2026-03-14,0
26512,control,2026-03-05,1
26513,treatment,2026-03-08,0
26514,treatment,2026-03-03,0
26515,control,2026-03-11,1
26516,treatment,2026-03-13,0
26517,control,2026-03-12,1
26518,treatment,2026-03-04,0
26519,control,2026-03-10,0
26520,treatment,2026-03-06,1
26521,control,2026-03-04,0
26522,treatment,2026-03-07,0
26523,treatment,2026-03-04,1
26524,treatment,2026-03-05,0
26525,treatment,2026-03-11,0
26526,control,2026-03-04,1
26527,control,2026-03-02,0
26528,control,2026-03-07,0
26529,treatment,2026-03-02,0
26530,control,2026-03-07,0
26531,treatment,2026-03-09,0
26532,control,2026-03-07,0
26533,control,2026-03-02,1
26534,treatment,2026-03-12,0
26535,treatment,2026-03-05,0
26536,treatment,2026-03-10,1
26537,control,2026-03-02,0
26538,treatment,2026-03-14,1
26539,treatment,2026-03-02,0
26540,control,2026-03-15,0
26541,treatment,2026-03-14,0
26542,treatment,2026-03-11,0
26543,control,2026-03-08,0
26544,control,2026-03-05,0
26545,control,2026-03-11,0
26546,treatment,2026-03-10,0
26547,control,2026-03-04,1
26548,treatment,2026-03-15,0
26549,control,2026-03-04,0
26550,treatment,2026-03-05,0
26551,control,2026-03-04,0
26552,control,2026-03-03,0
26553,treatment,2026-03-08,0
26554,treatment,2026-03-10,0
26555,control,2026-03-13,0
26556,treatment,2026-03-02,0
26557,control,2026-03-14,0
26558,control,2026-03-15,0
26559,control,2026-03-11,1
26560,treatment,2026-03-10,0
26561,control,2026-03-06,0
26562,control,2026-03-02,0
26563,control,2026-03-02,1
26564,control,2026-03-12,0
26565,control,2026-03-15,0
26566,treatment,2026-03-11,1
26567,control,2026-03-05,0
26568,treatment,2026-03-03,0
26569,treatment,2026-03-04,1
26570,treatment,2026-03-15,1
26571,treatment,2026-03-12,0
26572,treatment,2026-03-06,1
26573,control,2026-03-04,0
26574,treatment,2026-03-15,1
26575,control,2026-03-02,1
26576,treatment,2026-03-15,0
26577,control,2026-03-07,1
26578,control,2026-03-06,0
26579,treatment,2026-03-06,0
26580,control,2026-03-09,1
26581,treatment,2026-03-15,1
26582,treatment,2026-03-10,0
26583,control,2026-03-04,0
26584,control,2026-03-12,0
26585,control,2026-03-08,0
26586,control,2026-03-10,0
26587,treatment,2026-03-10,1
26588,treatment,2026-03-14,0
26589,control,2026-03-02,1
26590,control,2026-03-11,1
26591,control,2026-03-03,1
26592,control,2026-03-05,1
26593,treatment,2026-03-12,0
26594,control,2026-03-15,0
26595,treatment,2026-03-13,0
26596,control,2026-03-07,0
26597,control,2026-03-13,0
26598,treatment,2026-03-15,0
26599,control,2026-03-05,1
26600,control,2026-03-12,0
26601,treatment,2026-03-05,0
26602,control,2026-03-12,0
26603,control,2026-03-10,0
26604,treatment,2026-03-09,1
26605,treatment,2026-03-03,0
26606,treatment,2026-03-09,0
26607,control,2026-03-15,1
26608,control,2026-03-14,0
26609,treatment,2026-03-09,0
26610,treatment,2026-03-05,0
26611,treatment,2026-03-05,1
26612,control,2026-03-04,0
26613,treatment,2026-03-11,1
26614,control,2026-03-10,0
26615,control,2026-03-06,0
26616,treatment,2026-03-02,1
26617,treatment,2026-03-07,0
26618,control,2026-03-12,0
26619,treatment,2026-03-04,0
26620,control,2026-03-04,1
26621,treatment,2026-03-10,1
26622,treatment,2026-03-15,1
26623,treatment,2026-03-02,1
26624,treatment,2026-03-06,1
26625,treatment,2026-03-15,1
26626,control,2026-03-14,1
26627,control,2026-03-03,1
26628,control,2026-03-08,1
26629,control,2026-03-07,0
26630,control,2026-03-05,1
26631,control,2026-03-02,1
26632,treatment,2026-03-03,0
26633,treatment,2026-03-06,0
26634,treatment,2026-03-11,0
26635,control,2026-03-09,0
26636,control,2026-03-11,0
26637,control,2026-03-05,0
26638,treatment,2026-03-05,0
26639,control,2026-03-05,1
26640,control,2026-03-03,1
26641,control,2026-03-02,0
26642,control,2026-03-15,0
26643,control,2026-03-09,0
26644,treatment,2026-03-10,0
26645,treatment,2026-03-04,0
26646,treatment,2026-03-12,0
26647,control,2026-03-03,1
26648,treatment,2026-03-07,0
26649,treatment,2026-03-02,0
26650,treatment,2026-03-04,1
26651,control,2026-03-15,0
26652,control,2026-03-09,1
26653,treatment,2026-03-02,0
26654,treatment,2026-03-05,0
26655,treatment,2026-03-05,0
26656,treatment,2026-03-04,0
26657,control,2026-03-06,0
26658,control,2026-03-13,0
26659,treatment,2026-03-13,0
26660,control,2026-03-05,1
26661,treatment,2026-03-04,0
26662,control,2026-03-06,0
26663,treatment,2026-03-05,1
26664,treatment,2026-03-09,0
26665,treatment,2026-03-05,0
26666,control,2026-03-09,1
26667,treatment,2026-03-07,0
26668,treatment,2026-03-14,0
26669,control,2026-03-14,0
26670,control,2026-03-07,1
26671,control,2026-03-11,0
26672,treatment,2026-03-14,1
26673,treatment,2026-03-02,1
26674,control,2026-03-05,1
26675,treatment,2026-03-02,1
26676,treatment,2026-03-03,0
26677,control,2026-03-11,1
26678,treatment,2026-03-10,0
26679,control,2026-03-05,0
26680,control,2026-03-05,0
26681,control,2026-03-07,0
26682,treatment,2026-03-10,0
26683,treatment,2026-03-15,0
26684,treatment,2026-03-09,0
26685,control,2026-03-12,1
26686,treatment,2026-03-06,0
26687,control,2026-03-02,0
26688,treatment,2026-03-04,0
26689,control,2026-03-09,0
26690,treatment,2026-03-07,0
26691,treatment,2026-03-06,1
26692,control,2026-03-05,1
26693,control,2026-03-08,1
26694,control,2026-03-07,1
26695,treatment,2026-03-11,1
26696,treatment,2026-03-05,0
26697,treatment,2026-03-05,0
26698,control,2026-03-02,1
26699,treatment,2026-03-05,1
26700,treatment,2026-03-15,0
26701,control,2026-03-14,1
26702,control,2026-03-11,0
26703,treatment,2026-03-12,1
26704,treatment,2026-03-07,1
26705,control,2026-03-08,1
26706,treatment,2026-03-05,1
26707,control,2026-03-13,0
26708,treatment,2026-03-13,0
26709,control,2026-03-08,0
26710,control,2026-03-09,0
26711,control,2026-03-06,0
26712,treatment,2026-03-12,1
26713,treatment,2026-03-07,1
26714,treatment,2026-03-09,1
26715,treatment,2026-03-15,1
26716,control,2026-03-03,1
26717,treatment,2026-03-14,1
26718,treatment,2026-03-06,1
26719,treatment,2026-03-11,0
26720,control,2026-03-09,0
26721,treatment,2026-03-05,1
26722,control,2026-03-09,1
26723,control,2026-03-05,0
26724,treatment,2026-03-14,0
26725,treatment,2026-03-05,0
26726,control,2026-03-02,1
26727,control,2026-03-08,1
26728,treatment,2026-03-10,1
26729,treatment,2026-03-15,1
26730,treatment,2026-03-06,0
26731,treatment,2026-03-09,0
26732,treatment,2026-03-09,1
26733,control,2026-03-14,0
26734,control,2026-03-11,1
26735,treatment,2026-03-07,0
26736,control,2026-03-14,1
26737,treatment,2026-03-06,1
26738,control,2026-03-08,0
26739,control,2026-03-05,0
26740,treatment,2026-03-09,0
26741,treatment,2026-03-04,0
26742,control,2026-03-06,1
26743,treatment,2026-03-04,1
26744,treatment,2026-03-15,0
26745,control,2026-03-14,0
26746,treatment,2026-03-12,0
26747,control,2026-03-06,1
26748,control,2026-03-04,0
26749,treatment,2026-03-13,1
26750,treatment,2026-03-15,0
26751,control,2026-03-15,1
26752,treatment,2026-03-02,0
26753,treatment,2026-03-04,1
26754,treatment,2026-03-04,0
26755,control,2026-03-05,1
26756,control,2026-03-11,1
26757,treatment,2026-03-06,0
26758,treatment,2026-03-05,1
26759,treatment,2026-03-08,0
26760,treatment,2026-03-07,0
26761,control,2026-03-11,0
26762,treatment,2026-03-10,0
26763,control,2026-03-12,1
26764,treatment,2026-03-10,1
26765,treatment,2026-03-07,1
26766,treatment,2026-03-15,0
26767,treatment,2026-03-11,1
26768,control,2026-03-13,0
26769,control,2026-03-07,0
26770,control,2026-03-03,1
26771,treatment,2026-03-15,1
26772,control,2026-03-03,1
26773,control,2026-03-05,0
26774,treatment,2026-03-05,1
26775,control,2026-03-14,0
26776,control,2026-03-04,0
26777,treatment,2026-03-02,1
26778,treatment,2026-03-02,0
26779,treatment,2026-03-13,0
26780,treatment,2026-03-13,0
26781,treatment,2026-03-15,1
26782,treatment,2026-03-06,0
26783,treatment,2026-03-15,0
26784,treatment,2026-03-02,1
26785,control,2026-03-15,1
26786,treatment,2026-03-14,0
26787,treatment,2026-03-15,0
26788,treatment,2026-03-04,0
26789,control,2026-03-13,0
26790,treatment,2026-03-07,1
26791,treatment,2026-03-12,0
26792,treatment,2026-03-02,0
26793,control,2026-03-05,1
26794,treatment,2026-03-15,0
26795,treatment,2026-03-08,1
26796,treatment,2026-03-05,0
26797,treatment,2026-03-09,0
26798,treatment,2026-03-03,0
26799,control,2026-03-05,0
26800,control,2026-03-04,1
26801,control,2026-03-04,0
26802,control,2026-03-12,0
26803,control,2026-03-10,0
26804,treatment,2026-03-12,0
26805,treatment,2026-03-13,1
26806,treatment,2026-03-07,0
26807,control,2026-03-07,0
26808,control,2026-03-05,0
26809,control,2026-03-06,1
26810,treatment,2026-03-06,0
26811,treatment,2026-03-08,1
26812,control,2026-03-07,0
26813,treatment,2026-03-07,0
26814,treatment,2026-03-04,0
26815,control,2026-03-03,1
26816,treatment,2026-03-15,1
26817,treatment,2026-03-08,1
26818,control,2026-03-15,1
26819,treatment,2026-03-14,0
26820,control,2026-03-07,0
26821,control,2026-03-08,1
26822,treatment,2026-03-03,0
26823,control,2026-03-15,0
26824,control,2026-03-13,0
26825,control,2026-03-03,0
26826,control,2026-03-15,1
26827,control,2026-03-12,1
26828,control,2026-03-06,1
26829,control,2026-03-12,0
26830,control,2026-03-07,0
26831,control,2026-03-08,0
26832,treatment,2026-03-04,0
26833,control,2026-03-14,0
26834,control,2026-03-02,0
26835,control,2026-03-08,0
26836,treatment,2026-03-02,0
26837,control,2026-03-08,0
26838,control,2026-03-10,0
26839,control,2026-03-11,0
26840,treatment,2026-03-09,0
26841,treatment,2026-03-12,1
26842,control,2026-03-14,0
26843,treatment,2026-03-04,1
26844,treatment,2026-03-14,0
26845,control,2026-03-07,0
26846,control,2026-03-12,1
26847,treatment,2026-03-04,0
26848,control,2026-03-14,1
26849,control,2026-03-13,0
26850,treatment,2026-03-15,0
26851,control,2026-03-10,0
26852,treatment,2026-03-06,0
26853,control,2026-03-14,0
26854,treatment,2026-03-04,0
26855,control,2026-03-15,0
26856,treatment,2026-03-08,0
26857,control,2026-03-06,0
26858,control,2026-03-15,0
26859,control,2026-03-13,0
26860,control,2026-03-12,0
26861,treatment,2026-03-07,1
26862,control,2026-03-08,0
26863,control,2026-03-03,1
26864,control,2026-03-02,1
26865,control,2026-03-15,0
26866,control,2026-03-11,1
26867,treatment,2026-03-08,1
26868,treatment,2026-03-03,1
26869,control,2026-03-07,1
26870,treatment,2026-03-13,0
26871,control,2026-03-05,0
26872,control,2026-03-07,1
26873,treatment,2026-03-05,0
26874,control,2026-03-12,0
26875,treatment,2026-03-11,0
26876,treatment,2026-03-06,0
26877,control,2026-03-10,1
26878,control,2026-03-13,0
26879,control,2026-03-12,0
26880,treatment,2026-03-09,1
26881,control,2026-03-12,0
26882,control,2026-03-15,0
26883,treatment,2026-03-06,1
26884,treatment,2026-03-09,0
26885,treatment,2026-03-08,0
26886,treatment,2026-03-05,1
26887,treatment,2026-03-03,0
26888,treatment,2026-03-09,1
26889,treatment,2026-03-09,0
26890,treatment,2026-03-10,1
26891,control,2026-03-02,0
26892,control,2026-03-15,0
26893,treatment,2026-03-11,0
26894,control,2026-03-05,0
26895,treatment,2026-03-12,0
26896,treatment,2026-03-11,1
26897,control,2026-03-15,0
26898,treatment,2026-03-04,0
26899,treatment,2026-03-06,1
26900,control,2026-03-08,0
26901,treatment,2026-03-03,0
26902,control,2026-03-15,0
26903,treatment,2026-03-15,0
26904,treatment,2026-03-12,0
26905,control,2026-03-08,1
26906,control,2026-03-09,1
26907,control,2026-03-05,1
26908,control,2026-03-14,1
26909,treatment,2026-03-13,0
26910,control,2026-03-02,0
26911,control,2026-03-13,0
26912,control,2026-03-03,1
26913,treatment,2026-03-15,0
26914,control,2026-03-07,0
26915,control,2026-03-13,0
26916,control,2026-03-12,1
26917,treatment,2026-03-11,0
26918,control,2026-03-04,1
26919,control,2026-03-08,1
26920,treatment,2026-03-11,1
26921,control,2026-03-03,0
26922,control,2026-03-09,0
26923,control,2026-03-15,0
26924,control,2026-03-07,1
26925,treatment,2026-03-03,0
26926,control,2026-03-03,0
26927,control,2026-03-05,0
26928,control,2026-03-07,0
26929,treatment,2026-03-11,0
26930,treatment,2026-03-11,0
26931,control,2026-03-05,1
26932,control,2026-03-02,1
26933,control,2026-03-03,0
26934,control,2026-03-02,1
26935,control,2026-03-11,1
26936,treatment,2026-03-04,1
26937,treatment,2026-03-06,1
26938,treatment,2026-03-10,0
26939,treatment,2026-03-10,0
26940,control,2026-03-02,0
26941,control,2026-03-09,1
26942,treatment,2026-03-05,1
26943,treatment,2026-03-04,1
26944,control,2026-03-06,0
26945,treatment,2026-03-09,0
26946,treatment,2026-03-07,1
26947,treatment,2026-03-04,0
26948,control,2026-03-14,1
26949,control,2026-03-13,1
26950,treatment,2026-03-07,0
26951,control,2026-03-10,0
26952,treatment,2026-03-06,1
26953,treatment,2026-03-05,0
26954,treatment,2026-03-12,1
26955,treatment,2026-03-10,0
26956,control,2026-03-12,1
26957,treatment,2026-03-03,1
26958,control,2026-03-07,1
26959,control,2026-03-07,0
26960,control,2026-03-07,1
26961,treatment,2026-03-03,0
26962,treatment,2026-03-06,0
26963,control,2026-03-10,0
26964,control,2026-03-06,0
26965,control,2026-03-05,0
26966,treatment,2026-03-04,0
26967,treatment,2026-03-14,1
26968,control,2026-03-11,0
26969,treatment,2026-03-05,1
26970,treatment,2026-03-05,0
26971,treatment,2026-03-02,0
26972,control,2026-03-02,0
26973,control,2026-03-02,0
26974,treatment,2026-03-10,1
26975,treatment,2026-03-13,0
26976,treatment,2026-03-04,0
26977,treatment,2026-03-12,0
26978,control,2026-03-12,1
26979,control,2026-03-12,0
26980,treatment,2026-03-14,0
26981,treatment,2026-03-13,0
26982,control,2026-03-06,1
26983,control,2026-03-11,0
26984,treatment,2026-03-05,0
26985,treatment,2026-03-09,0
26986,treatment,2026-03-07,1
26987,treatment,2026-03-08,1
26988,control,2026-03-08,1
26989,control,2026-03-14,0
26990,treatment,2026-03-14,0
26991,treatment,2026-03-06,0
26992,treatment,2026-03-13,0
26993,control,2026-03-11,0
26994,treatment,2026-03-10,0
26995,treatment,2026-03-06,0
26996,treatment,2026-03-04,1
26997,control,2026-03-06,0
26998,control,2026-03-03,0
26999,control,2026-03-10,0
27000,control,2026-03-08,0
27001,control,2026-03-09,0
27002,treatment,2026-03-06,1
27003,control,2026-03-12,1
27004,control,2026-03-04,0
27005,control,2026-03-07,0
27006,control,2026-03-12,1
27007,control,2026-03-10,0
27008,control,2026-03-08,0
27009,control,2026-03-04,1
27010,control,2026-03-02,0
27011,treatment,2026-03-12,0
27012,control,2026-03-15,0
27013,treatment,2026-03-07,0
27014,control,2026-03-15,0
27015,treatment,2026-03-10,0
27016,treatment,2026-03-14,1
27017,treatment,2026-03-12,0
27018,treatment,2026-03-12,0
27019,control,2026-03-06,0
27020,control,2026-03-02,0
27021,control,2026-03-02,1
27022,control,2026-03-13,1
27023,control,2026-03-10,1
27024,control,2026-03-12,0
27025,control,2026-03-13,1
27026,control,2026-03-04,0
27027,treatment,2026-03-02,0
27028,treatment,2026-03-15,0
27029,control,2026-03-04,0
27030,treatment,2026-03-08,0
27031,treatment,2026-03-13,0
27032,control,2026-03-05,1
27033,treatment,2026-03-07,0
27034,treatment,2026-03-05,0
27035,treatment,2026-03-09,1
27036,treatment,2026-03-03,0
27037,control,2026-03-15,0
27038,control,2026-03-03,1
27039,treatment,2026-03-06,1
27040,treatment,2026-03-13,0
27041,treatment,2026-03-09,1
27042,control,2026-03-10,0
27043,treatment,2026-03-06,0
27044,treatment,2026-03-08,1
27045,control,2026-03-12,1
27046,treatment,2026-03-12,1
27047,control,2026-03-11,0
27048,treatment,2026-03-03,1
27049,control,2026-03-11,0
27050,treatment,2026-03-14,0
27051,treatment,2026-03-07,0
27052,control,2026-03-14,0
27053,treatment,2026-03-14,0
27054,control,2026-03-14,0
27055,control,2026-03-04,0
27056,treatment,2026-03-05,0
27057,control,2026-03-13,1
27058,control,2026-03-07,0
27059,control,2026-03-13,0
27060,treatment,2026-03-04,0
27061,treatment,2026-03-15,0
27062,control,2026-03-09,1
27063,treatment,2026-03-04,0
27064,treatment,2026-03-10,0
27065,treatment,2026-03-05,0
27066,control,2026-03-15,0
27067,control,2026-03-07,0
27068,control,2026-03-09,0
27069,treatment,2026-03-03,1
27070,treatment,2026-03-05,1
27071,treatment,2026-03-02,0
27072,treatment,2026-03-13,1
27073,control,2026-03-03,0
27074,control,2026-03-06,1
27075,control,2026-03-11,0
27076,treatment,2026-03-11,0
27077,treatment,2026-03-07,0
27078,treatment,2026-03-07,1
27079,treatment,2026-03-07,0
27080,treatment,2026-03-13,0
27081,control,2026-03-13,0
27082,control,2026-03-02,0
27083,treatment,2026-03-11,0
27084,treatment,2026-03-13,0
27085,control,2026-03-06,1
27086,control,2026-03-06,1
27087,treatment,2026-03-11,0
27088,control,2026-03-07,1
27089,control,2026-03-14,0
27090,treatment,2026-03-02,0
27091,control,2026-03-15,0
27092,control,2026-03-08,0
27093,treatment,2026-03-03,1
27094,control,2026-03-02,0
27095,treatment,2026-03-06,1
27096,treatment,2026-03-03,1
27097,treatment,2026-03-14,0
27098,treatment,2026-03-10,1
27099,treatment,2026-03-11,0
27100,control,2026-03-10,0
27101,treatment,2026-03-15,0
27102,treatment,2026-03-02,1
27103,treatment,2026-03-05,0
27104,treatment,2026-03-05,1
27105,treatment,2026-03-09,0
27106,treatment,2026-03-02,1
27107,treatment,2026-03-10,1
27108,treatment,2026-03-08,0
27109,control,2026-03-07,1
27110,treatment,2026-03-03,0
27111,control,2026-03-03,0
27112,treatment,2026-03-13,1
27113,treatment,2026-03-11,0
27114,treatment,2026-03-03,1
27115,control,2026-03-03,1
27116,control,2026-03-15,0
27117,treatment,2026-03-02,0
27118,control,2026-03-10,1
27119,treatment,2026-03-04,1
27120,treatment,2026-03-11,0
27121,control,2026-03-09,0
27122,control,2026-03-04,0
27123,control,2026-03-05,1
27124,control,2026-03-14,0
27125,control,2026-03-11,0
27126,treatment,2026-03-06,1
27127,treatment,2026-03-09,0
27128,control,2026-03-12,0
27129,treatment,2026-03-02,1
27130,treatment,2026-03-02,0
27131,treatment,2026-03-04,0
27132,control,2026-03-14,0
27133,treatment,2026-03-09,0
27134,control,2026-03-12,0
27135,control,2026-03-06,1
27136,treatment,2026-03-03,1
27137,control,2026-03-02,1
27138,control,2026-03-05,0
27139,treatment,2026-03-05,0
27140,treatment,2026-03-05,0
27141,control,2026-03-10,1
27142,treatment,2026-03-07,1
27143,control,2026-03-11,0
27144,treatment,2026-03-11,1
27145,treatment,2026-03-08,0
27146,control,2026-03-15,1
27147,control,2026-03-05,0
27148,treatment,2026-03-02,1
27149,control,2026-03-15,0
27150,treatment,2026-03-07,0
27151,control,2026-03-03,0
27152,treatment,2026-03-09,0
27153,control,2026-03-15,1
27154,control,2026-03-13,1
27155,treatment,2026-03-07,1
27156,treatment,2026-03-08,0
27157,control,2026-03-04,1
27158,treatment,2026-03-15,0
27159,control,2026-03-13,1
27160,control,2026-03-09,0
27161,control,2026-03-13,0
27162,control,2026-03-14,1
27163,control,2026-03-06,0
27164,control,2026-03-06,1
27165,treatment,2026-03-11,0
27166,treatment,2026-03-04,0
27167,treatment,2026-03-15,1
27168,treatment,2026-03-15,1
27169,control,2026-03-15,1
27170,control,2026-03-02,0
27171,treatment,2026-03-13,0
27172,control,2026-03-12,0
27173,control,2026-03-08,1
27174,treatment,2026-03-03,0
27175,control,2026-03-14,0
27176,treatment,2026-03-06,0
27177,treatment,2026-03-06,1
27178,treatment,2026-03-07,1
27179,control,2026-03-15,1
27180,control,2026-03-08,0
27181,control,2026-03-11,0
27182,treatment,2026-03-12,0
27183,treatment,2026-03-08,0
27184,control,2026-03-10,0
27185,treatment,2026-03-08,0
27186,control,2026-03-14,1
27187,treatment,2026-03-05,0
27188,control,2026-03-10,0
27189,control,2026-03-04,0
27190,treatment,2026-03-03,1
27191,control,2026-03-09,1
27192,treatment,2026-03-02,1
27193,treatment,2026-03-14,1
27194,treatment,2026-03-14,0
27195,control,2026-03-02,0
27196,treatment,2026-03-09,1
27197,control,2026-03-14,0
27198,control,2026-03-06,1
27199,control,2026-03-08,0
27200,control,2026-03-02,0
27201,treatment,2026-03-13,0
27202,control,2026-03-11,1
27203,control,2026-03-08,0
27204,control,2026-03-09,1
27205,treatment,2026-03-09,1
27206,treatment,2026-03-10,1
27207,control,2026-03-02,0
27208,treatment,2026-03-06,1
27209,control,2026-03-04,0
27210,treatment,2026-03-06,1
27211,treatment,2026-03-09,0
27212,control,2026-03-14,0
27213,treatment,2026-03-07,1
27214,control,2026-03-11,0
27215,control,2026-03-05,0
27216,treatment,2026-03-11,1
27217,treatment,2026-03-10,0
27218,control,2026-03-02,0
27219,treatment,2026-03-14,0
27220,treatment,2026-03-11,0
27221,control,2026-03-05,0
27222,treatment,2026-03-03,0
27223,control,2026-03-13,0
27224,treatment,2026-03-15,0
27225,control,2026-03-11,0
27226,treatment,2026-03-02,1
27227,treatment,2026-03-15,0
27228,control,2026-03-09,0
27229,control,2026-03-02,0
27230,control,2026-03-12,1
27231,control,2026-03-11,0
27232,treatment,2026-03-04,0
27233,control,2026-03-02,0
27234,treatment,2026-03-08,0
27235,treatment,2026-03-07,0
27236,treatment,2026-03-15,0
27237,treatment,2026-03-14,0
27238,treatment,2026-03-11,0
27239,control,2026-03-13,0
27240,control,2026-03-09,0
27241,treatment,2026-03-15,1
27242,treatment,2026-03-05,1
27243,treatment,2026-03-15,0
27244,treatment,2026-03-07,0
27245,control,2026-03-14,0
27246,control,2026-03-06,0
27247,control,2026-03-13,0
27248,treatment,2026-03-05,0
27249,treatment,2026-03-15,0
27250,treatment,2026-03-02,0
27251,control,2026-03-03,0
27252,control,2026-03-06,0
27253,control,2026-03-10,0
27254,treatment,2026-03-10,0
27255,treatment,2026-03-11,0
27256,control,2026-03-04,0
27257,control,2026-03-13,0
27258,treatment,2026-03-14,0
27259,control,2026-03-09,0
27260,control,2026-03-15,0
27261,control,2026-03-10,0
27262,treatment,2026-03-02,0
27263,treatment,2026-03-11,0
27264,control,2026-03-04,0
27265,treatment,2026-03-08,1
27266,control,2026-03-09,0
27267,control,2026-03-02,0
27268,control,2026-03-08,0
27269,control,2026-03-04,0
27270,control,2026-03-05,0
27271,treatment,2026-03-14,0
27272,control,2026-03-15,0
27273,control,2026-03-09,0
27274,treatment,2026-03-08,0
27275,control,2026-03-06,0
27276,treatment,2026-03-06,0
27277,treatment,2026-03-06,0
27278,treatment,2026-03-13,1
27279,treatment,2026-03-10,0
27280,control,2026-03-04,1
27281,treatment,2026-03-15,1
27282,control,2026-03-13,0
27283,treatment,2026-03-15,1
27284,treatment,2026-03-07,0
27285,control,2026-03-04,1
27286,control,2026-03-09,1
27287,control,2026-03-02,0
27288,control,2026-03-10,1
27289,treatment,2026-03-14,0
27290,control,2026-03-06,1
27291,treatment,2026-03-13,0
27292,treatment,2026-03-03,0
27293,control,2026-03-10,0
27294,treatment,2026-03-13,0
27295,control,2026-03-08,0
27296,treatment,2026-03-03,0
27297,treatment,2026-03-14,1
27298,treatment,2026-03-04,0
27299,control,2026-03-09,0
27300,control,2026-03-06,1
27301,treatment,2026-03-02,1
27302,control,2026-03-11,0
27303,treatment,2026-03-08,0
27304,control,2026-03-02,0
27305,control,2026-03-07,0
27306,treatment,2026-03-06,1
27307,treatment,2026-03-05,0
27308,treatment,2026-03-04,1
27309,treatment,2026-03-10,1
27310,control,2026-03-03,0
27311,control,2026-03-02,0
27312,treatment,2026-03-04,0
27313,control,2026-03-11,0
27314,treatment,2026-03-10,0
27315,treatment,2026-03-05,1
27316,treatment,2026-03-07,0
27317,control,2026-03-09,0
27318,control,2026-03-11,0
27319,treatment,2026-03-06,1
27320,treatment,2026-03-12,0
27321,treatment,2026-03-02,0
27322,control,2026-03-15,0
27323,treatment,2026-03-07,1
27324,treatment,2026-03-09,0
27325,control,2026-03-15,0
27326,treatment,2026-03-08,1
27327,control,2026-03-09,1
27328,treatment,2026-03-02,0
27329,control,2026-03-10,0
27330,control,2026-03-06,0
27331,treatment,2026-03-03,0
27332,control,2026-03-10,0
27333,control,2026-03-08,1
27334,treatment,2026-03-02,1
27335,treatment,2026-03-02,0
27336,control,2026-03-07,1
27337,control,2026-03-15,0
27338,treatment,2026-03-10,1
27339,control,2026-03-11,0
27340,control,2026-03-04,0
27341,control,2026-03-03,0
27342,treatment,2026-03-08,0
27343,control,2026-03-09,0
27344,control,2026-03-06,0
27345,control,2026-03-04,0
27346,treatment,2026-03-06,0
27347,treatment,2026-03-15,0
27348,control,2026-03-11,0
27349,treatment,2026-03-04,0
27350,treatment,2026-03-06,0
27351,treatment,2026-03-04,1
27352,treatment,2026-03-09,0
27353,treatment,2026-03-03,0
27354,control,2026-03-06,1
27355,control,2026-03-12,0
27356,control,2026-03-04,1
27357,treatment,2026-03-08,1
27358,control,2026-03-06,1
27359,control,2026-03-08,0
27360,control,2026-03-05,1
27361,control,2026-03-06,0
27362,treatment,2026-03-12,1
27363,treatment,2026-03-07,0
27364,treatment,2026-03-11,0
27365,control,2026-03-14,0
27366,treatment,2026-03-02,0
27367,control,2026-03-04,0
27368,control,2026-03-09,1
27369,treatment,2026-03-11,0
27370,control,2026-03-07,0
27371,control,2026-03-08,0
27372,treatment,2026-03-14,1
27373,control,2026-03-12,1
27374,control,2026-03-09,1
27375,treatment,2026-03-02,0
27376,control,2026-03-02,1
27377,treatment,2026-03-10,0
27378,treatment,2026-03-15,1
27379,control,2026-03-10,0
27380,control,2026-03-13,1
27381,treatment,2026-03-10,0
27382,control,2026-03-06,1
27383,treatment,2026-03-13,1
27384,control,2026-03-12,0
27385,treatment,2026-03-02,0
27386,treatment,2026-03-12,1
27387,treatment,2026-03-10,0
27388,control,2026-03-04,1
27389,control,2026-03-03,0
27390,control,2026-03-08,0
27391,control,2026-03-05,0
27392,control,2026-03-14,1
27393,treatment,2026-03-06,1
27394,treatment,2026-03-11,1
27395,treatment,2026-03-14,0
27396,control,2026-03-11,1
27397,control,2026-03-11,0
27398,treatment,2026-03-02,1
27399,control,2026-03-06,0
27400,control,2026-03-05,1
27401,treatment,2026-03-08,1
27402,control,2026-03-12,0
27403,control,2026-03-09,0
27404,control,2026-03-11,0
27405,treatment,2026-03-08,0
27406,treatment,2026-03-14,0
27407,treatment,2026-03-11,1
27408,control,2026-03-03,1
27409,control,2026-03-02,0
27410,control,2026-03-09,1
27411,treatment,2026-03-15,1
27412,control,2026-03-06,0
27413,treatment,2026-03-08,1
27414,control,2026-03-07,0
27415,control,2026-03-07,0
27416,treatment,2026-03-04,0
27417,control,2026-03-06,0
27418,treatment,2026-03-08,0
27419,control,2026-03-12,0
27420,control,2026-03-10,0
27421,treatment,2026-03-10,1
27422,control,2026-03-02,1
27423,control,2026-03-08,0
27424,treatment,2026-03-04,0
27425,treatment,2026-03-13,0
27426,treatment,2026-03-11,0
27427,treatment,2026-03-02,1
27428,treatment,2026-03-14,1
27429,control,2026-03-12,0
27430,control,2026-03-02,0
27431,control,2026-03-13,0
27432,control,2026-03-08,1
27433,treatment,2026-03-11,0
27434,treatment,2026-03-03,0
27435,treatment,2026-03-05,1
27436,control,2026-03-07,0
27437,control,2026-03-02,0
27438,treatment,2026-03-06,1
27439,control,2026-03-04,0
27440,treatment,2026-03-15,0
27441,treatment,2026-03-09,0
27442,control,2026-03-11,0
27443,treatment,2026-03-03,1
27444,control,2026-03-05,1
27445,control,2026-03-10,1
27446,treatment,2026-03-03,1
27447,control,2026-03-15,0
27448,treatment,2026-03-12,0
27449,control,2026-03-13,1
27450,control,2026-03-03,0
27451,control,2026-03-03,0
27452,control,2026-03-04,1
27453,control,2026-03-09,0
27454,control,2026-03-11,1
27455,treatment,2026-03-02,0
27456,treatment,2026-03-15,0
27457,treatment,2026-03-03,0
27458,control,2026-03-13,1
27459,treatment,2026-03-14,0
27460,treatment,2026-03-02,0
27461,control,2026-03-10,0
27462,treatment,2026-03-14,0
27463,treatment,2026-03-12,1
27464,control,2026-03-07,0
27465,control,2026-03-09,1
27466,treatment,2026-03-09,1
27467,treatment,2026-03-03,1
27468,treatment,2026-03-05,1
27469,control,2026-03-11,0
27470,control,2026-03-12,1
27471,control,2026-03-05,0
27472,treatment,2026-03-05,1
27473,treatment,2026-03-03,1
27474,control,2026-03-07,0
27475,control,2026-03-10,1
27476,control,2026-03-13,1
27477,treatment,2026-03-04,1
27478,treatment,2026-03-15,1
27479,control,2026-03-08,0
27480,treatment,2026-03-06,1
27481,control,2026-03-10,0
27482,treatment,2026-03-15,0
27483,control,2026-03-13,1
27484,control,2026-03-03,0
27485,treatment,2026-03-09,0
27486,treatment,2026-03-05,1
27487,treatment,2026-03-12,0
27488,control,2026-03-11,1
27489,control,2026-03-05,0
27490,control,2026-03-07,0
27491,control,2026-03-13,0
27492,treatment,2026-03-15,0
27493,treatment,2026-03-11,0
27494,treatment,2026-03-15,0
27495,control,2026-03-07,0
27496,treatment,2026-03-10,0
27497,treatment,2026-03-12,0
27498,treatment,2026-03-09,1
27499,control,2026-03-14,0
27500,control,2026-03-13,0
27501,treatment,2026-03-14,0
27502,control,2026-03-05,0
27503,control,2026-03-13,0
27504,treatment,2026-03-03,1
27505,control,2026-03-13,1
27506,treatment,2026-03-12,0
27507,treatment,2026-03-14,0
27508,control,2026-03-07,1
27509,control,2026-03-10,1
27510,control,2026-03-09,0
27511,treatment,2026-03-05,1
27512,control,2026-03-07,1
27513,treatment,2026-03-09,0
27514,control,2026-03-05,0
27515,treatment,2026-03-13,0
27516,treatment,2026-03-02,1
27517,treatment,2026-03-12,1
27518,treatment,2026-03-03,0
27519,treatment,2026-03-13,0
27520,treatment,2026-03-15,0
27521,treatment,2026-03-06,1
27522,control,2026-03-02,1
27523,treatment,2026-03-10,1
27524,control,2026-03-09,1
27525,treatment,2026-03-15,0
27526,control,2026-03-04,1
27527,treatment,2026-03-15,1
27528,treatment,2026-03-12,0
27529,treatment,2026-03-11,0
27530,treatment,2026-03-10,0
27531,treatment,2026-03-06,0
27532,treatment,2026-03-06,1
27533,treatment,2026-03-13,0
27534,control,2026-03-15,0
27535,treatment,2026-03-13,0
27536,control,2026-03-13,1
27537,control,2026-03-03,0
27538,control,2026-03-07,0
27539,treatment,2026-03-03,0
27540,treatment,2026-03-11,0
27541,treatment,2026-03-08,0
27542,treatment,2026-03-14,0
27543,treatment,2026-03-08,0
27544,treatment,2026-03-13,0
27545,treatment,2026-03-05,0
27546,treatment,2026-03-09,1
27547,control,2026-03-05,0
27548,treatment,2026-03-13,0
27549,treatment,2026-03-14,0
27550,control,2026-03-13,1
27551,control,2026-03-12,0
27552,treatment,2026-03-09,0
27553,treatment,2026-03-13,1
27554,control,2026-03-12,1
27555,treatment,2026-03-05,0
27556,control,2026-03-11,0
27557,treatment,2026-03-10,0
27558,control,2026-03-05,0
27559,treatment,2026-03-13,0
27560,treatment,2026-03-02,0
27561,control,2026-03-03,0
27562,treatment,2026-03-02,1
27563,treatment,2026-03-10,0
27564,control,2026-03-04,0
27565,control,2026-03-14,0
27566,treatment,2026-03-06,0
27567,treatment,2026-03-07,1
27568,control,2026-03-08,0
27569,control,2026-03-03,0
27570,control,2026-03-15,0
27571,control,2026-03-12,0
27572,control,2026-03-15,0
27573,control,2026-03-07,0
27574,treatment,2026-03-06,1
27575,treatment,2026-03-14,0
27576,control,2026-03-04,0
27577,control,2026-03-06,0
27578,control,2026-03-15,1
27579,control,2026-03-12,1
27580,control,2026-03-12,0
27581,control,2026-03-02,0
27582,treatment,2026-03-13,0
27583,treatment,2026-03-13,0
27584,treatment,2026-03-05,0
27585,control,2026-03-02,1
27586,treatment,2026-03-13,0
27587,treatment,2026-03-14,0
27588,control,2026-03-13,0
27589,treatment,2026-03-14,0
27590,treatment,2026-03-06,0
27591,treatment,2026-03-04,1
27592,treatment,2026-03-09,1
27593,treatment,2026-03-08,1
27594,treatment,2026-03-10,0
27595,control,2026-03-09,0
27596,control,2026-03-12,0
27597,treatment,2026-03-13,0
27598,treatment,2026-03-07,0
27599,control,2026-03-12,0
27600,control,2026-03-02,1
27601,treatment,2026-03-08,1
27602,treatment,2026-03-09,0
27603,control,2026-03-09,1
27604,treatment,2026-03-09,0
27605,control,2026-03-06,0
27606,control,2026-03-09,1
27607,treatment,2026-03-11,0
27608,control,2026-03-12,0
27609,treatment,2026-03-06,0
27610,treatment,2026-03-14,0
27611,treatment,2026-03-12,0
27612,treatment,2026-03-11,0
27613,treatment,2026-03-09,0
27614,treatment,2026-03-08,0
27615,control,2026-03-05,0
27616,treatment,2026-03-10,1
27617,control,2026-03-15,0
27618,treatment,2026-03-12,1
27619,treatment,2026-03-10,0
27620,treatment,2026-03-14,1
27621,treatment,2026-03-05,0
27622,control,2026-03-11,0
27623,treatment,2026-03-14,0
27624,treatment,2026-03-05,1
27625,control,2026-03-04,1
27626,control,2026-03-02,0
27627,treatment,2026-03-02,1
27628,treatment,2026-03-04,1
27629,treatment,2026-03-04,1
27630,treatment,2026-03-06,0
27631,treatment,2026-03-10,0
27632,treatment,2026-03-10,0
27633,control,2026-03-07,0
27634,treatment,2026-03-03,1
27635,control,2026-03-13,1
27636,control,2026-03-10,0
27637,control,2026-03-13,0
27638,control,2026-03-07,1
27639,control,2026-03-02,0
27640,treatment,2026-03-09,0
27641,treatment,2026-03-03,0
27642,control,2026-03-02,0
27643,treatment,2026-03-04,0
27644,control,2026-03-10,0
27645,control,2026-03-12,0
27646,treatment,2026-03-10,0
27647,control,2026-03-07,0
27648,control,2026-03-14,1
27649,treatment,2026-03-12,1
27650,control,2026-03-15,0
27651,control,2026-03-10,0
27652,control,2026-03-13,0
27653,control,2026-03-09,0
27654,treatment,2026-03-03,0
27655,treatment,2026-03-03,1
27656,control,2026-03-11,1
27657,control,2026-03-08,0
27658,control,2026-03-04,0
27659,treatment,2026-03-06,0
27660,control,2026-03-08,0
27661,control,2026-03-05,0
27662,control,2026-03-12,0
27663,control,2026-03-13,1
27664,treatment,2026-03-07,0
27665,treatment,2026-03-07,0
27666,control,2026-03-15,1
27667,treatment,2026-03-11,1
27668,control,2026-03-14,1
27669,control,2026-03-07,0
27670,control,2026-03-02,0
27671,treatment,2026-03-03,1
27672,treatment,2026-03-15,1
27673,control,2026-03-03,1
27674,control,2026-03-13,0
27675,control,2026-03-04,0
27676,control,2026-03-11,1
27677,control,2026-03-12,1
27678,treatment,2026-03-04,1
27679,control,2026-03-02,1
27680,control,2026-03-12,1
27681,treatment,2026-03-14,1
27682,treatment,2026-03-14,1
27683,control,2026-03-13,1
27684,treatment,2026-03-12,1
27685,treatment,2026-03-05,0
27686,control,2026-03-12,1
27687,treatment,2026-03-04,0
27688,treatment,2026-03-04,0
27689,treatment,2026-03-10,0
27690,treatment,2026-03-07,0
27691,control,2026-03-10,0
27692,treatment,2026-03-06,1
27693,control,2026-03-05,0
27694,treatment,2026-03-12,0
27695,control,2026-03-13,1
27696,control,2026-03-02,1
27697,control,2026-03-05,0
27698,control,2026-03-10,0
27699,treatment,2026-03-02,0
27700,control,2026-03-14,0
27701,control,2026-03-11,0
27702,control,2026-03-15,1
27703,treatment,2026-03-11,0
27704,treatment,2026-03-14,0
27705,treatment,2026-03-13,0
27706,control,2026-03-04,0
27707,control,2026-03-05,0
27708,control,2026-03-04,0
27709,treatment,2026-03-13,1
27710,control,2026-03-06,1
27711,treatment,2026-03-15,0
27712,treatment,2026-03-15,1
27713,treatment,2026-03-05,1
27714,control,2026-03-14,0
27715,control,2026-03-10,1
27716,control,2026-03-12,0
27717,treatment,2026-03-12,1
27718,control,2026-03-15,0
27719,treatment,2026-03-09,1
27720,treatment,2026-03-02,0
27721,treatment,2026-03-05,1
27722,treatment,2026-03-02,0
27723,control,2026-03-12,0
27724,control,2026-03-04,0
27725,treatment,2026-03-04,1
27726,control,2026-03-13,0
27727,control,2026-03-14,0
27728,treatment,2026-03-06,0
27729,control,2026-03-13,1
27730,treatment,2026-03-15,1
27731,control,2026-03-07,0
27732,treatment,2026-03-12,0
27733,control,2026-03-04,1
27734,control,2026-03-08,1
27735,treatment,2026-03-06,0
27736,treatment,2026-03-07,0
27737,treatment,2026-03-12,1
27738,control,2026-03-04,0
27739,control,2026-03-05,0
27740,control,2026-03-03,1
27741,treatment,2026-03-10,1
27742,treatment,2026-03-03,0
27743,control,2026-03-04,0
27744,treatment,2026-03-10,1
27745,treatment,2026-03-02,1
27746,treatment,2026-03-15,0
27747,treatment,2026-03-12,0
27748,treatment,2026-03-13,1
27749,control,2026-03-08,1
27750,control,2026-03-09,1
27751,control,2026-03-14,1
27752,control,2026-03-10,1
27753,treatment,2026-03-06,0
27754,treatment,2026-03-04,0
27755,control,2026-03-12,0
27756,control,2026-03-03,0
27757,treatment,2026-03-04,1
27758,treatment,2026-03-06,0
27759,treatment,2026-03-07,0
27760,control,2026-03-13,0
27761,treatment,2026-03-13,1
27762,treatment,2026-03-13,0
27763,control,2026-03-04,0
27764,control,2026-03-13,0
27765,control,2026-03-08,1
27766,control,2026-03-09,0
27767,control,2026-03-07,0
27768,control,2026-03-09,1
27769,treatment,2026-03-05,1
27770,treatment,2026-03-12,1
27771,treatment,2026-03-07,0
27772,control,2026-03-04,1
27773,treatment,2026-03-12,0
27774,control,2026-03-09,0
27775,treatment,2026-03-15,1
27776,control,2026-03-07,0
27777,control,2026-03-14,0
27778,treatment,2026-03-14,0
27779,treatment,2026-03-15,0
27780,control,2026-03-04,0
27781,treatment,2026-03-06,1
27782,treatment,2026-03-12,0
27783,treatment,2026-03-15,0
27784,treatment,2026-03-14,0
27785,control,2026-03-06,1
27786,treatment,2026-03-03,1
27787,control,2026-03-12,0
27788,control,2026-03-05,1
27789,treatment,2026-03-09,1
27790,control,2026-03-10,1
27791,control,2026-03-03,1
27792,treatment,2026-03-04,1
27793,control,2026-03-08,0
27794,control,2026-03-14,0
27795,control,2026-03-13,0
27796,treatment,2026-03-11,1
27797,control,2026-03-04,0
27798,treatment,2026-03-11,0
27799,treatment,2026-03-12,1
27800,treatment,2026-03-12,0
27801,control,2026-03-15,0
27802,treatment,2026-03-05,0
27803,control,2026-03-03,0
27804,control,2026-03-11,0
27805,treatment,2026-03-07,0
27806,treatment,2026-03-08,0
27807,treatment,2026-03-06,1
27808,control,2026-03-02,0
27809,control,2026-03-12,1
27810,control,2026-03-05,1
27811,treatment,2026-03-10,0
27812,control,2026-03-08,1
27813,control,2026-03-14,0
27814,control,2026-03-14,1
27815,control,2026-03-14,1
27816,control,2026-03-15,0
27817,control,2026-03-14,0
27818,control,2026-03-07,0
27819,control,2026-03-04,0
27820,treatment,2026-03-10,0
27821,control,2026-03-08,1
27822,treatment,2026-03-08,0
27823,control,2026-03-14,0
27824,treatment,2026-03-02,0
27825,control,2026-03-13,1
27826,control,2026-03-10,0
27827,control,2026-03-06,0
27828,treatment,2026-03-04,0
27829,control,2026-03-13,1
27830,control,2026-03-14,0
27831,treatment,2026-03-14,0
27832,treatment,2026-03-13,1
27833,treatment,2026-03-14,0
27834,control,2026-03-02,0
27835,treatment,2026-03-13,0
27836,control,2026-03-06,1
27837,control,2026-03-14,1
27838,treatment,2026-03-11,0
27839,control,2026-03-06,1
27840,control,2026-03-06,1
27841,control,2026-03-04,0
27842,control,2026-03-07,1
27843,control,2026-03-14,0
27844,treatment,2026-03-05,0
27845,treatment,2026-03-06,1
27846,treatment,2026-03-08,0
27847,control,2026-03-08,0
27848,treatment,2026-03-02,0
27849,treatment,2026-03-05,1
27850,treatment,2026-03-04,1
27851,treatment,2026-03-04,1
27852,treatment,2026-03-12,1
27853,treatment,2026-03-06,0
27854,treatment,2026-03-14,1
27855,control,2026-03-10,1
27856,treatment,2026-03-15,0
27857,treatment,2026-03-03,0
27858,treatment,2026-03-11,1
27859,treatment,2026-03-07,1
27860,treatment,2026-03-05,0
27861,control,2026-03-08,0
27862,control,2026-03-07,0
27863,treatment,2026-03-13,0
27864,control,2026-03-12,1
27865,treatment,2026-03-08,0
27866,treatment,2026-03-10,0
27867,control,2026-03-05,0
27868,control,2026-03-12,1
27869,treatment,2026-03-14,0
27870,treatment,2026-03-10,0
27871,treatment,2026-03-07,0
27872,treatment,2026-03-08,1
27873,control,2026-03-08,1
27874,control,2026-03-12,0
27875,treatment,2026-03-06,0
27876,treatment,2026-03-04,0
27877,treatment,2026-03-04,0
27878,control,2026-03-03,0
27879,control,2026-03-05,0
27880,treatment,2026-03-12,0
27881,treatment,2026-03-13,0
27882,treatment,2026-03-03,1
27883,treatment,2026-03-08,0
27884,control,2026-03-15,0
27885,control,2026-03-06,0
27886,control,2026-03-06,0
27887,control,2026-03-14,0
27888,control,2026-03-07,0
27889,treatment,2026-03-10,1
27890,treatment,2026-03-09,1
27891,treatment,2026-03-05,1
27892,control,2026-03-03,0
27893,treatment,2026-03-12,1
27894,control,2026-03-07,0
27895,treatment,2026-03-13,0
27896,control,2026-03-09,0
27897,treatment,2026-03-12,1
27898,control,2026-03-07,1
27899,control,2026-03-02,0
27900,control,2026-03-04,0
27901,treatment,2026-03-09,1
27902,control,2026-03-14,0
27903,control,2026-03-10,0
27904,treatment,2026-03-07,1
27905,control,2026-03-05,0
27906,treatment,2026-03-10,1
27907,control,2026-03-15,0
27908,treatment,2026-03-09,0
27909,control,2026-03-13,0
27910,control,2026-03-02,0
27911,control,2026-03-05,0
27912,treatment,2026-03-08,1
27913,treatment,2026-03-11,0
27914,control,2026-03-02,0
27915,treatment,2026-03-12,1
27916,treatment,2026-03-03,0
27917,treatment,2026-03-03,0
27918,control,2026-03-04,0
27919,control,2026-03-02,0
27920,control,2026-03-04,1
27921,control,2026-03-04,1
27922,control,2026-03-08,0
27923,treatment,2026-03-15,0
27924,treatment,2026-03-10,0
27925,treatment,2026-03-04,0
27926,control,2026-03-10,1
27927,control,2026-03-08,1
27928,treatment,2026-03-04,0
27929,treatment,2026-03-11,1
27930,control,2026-03-12,0
27931,treatment,2026-03-08,1
27932,control,2026-03-14,0
27933,treatment,2026-03-13,0
27934,treatment,2026-03-11,0
27935,control,2026-03-03,0
27936,treatment,2026-03-10,0
27937,treatment,2026-03-15,1
27938,treatment,2026-03-11,0
27939,treatment,2026-03-09,0
27940,control,2026-03-08,0
27941,control,2026-03-02,0
27942,control,2026-03-14,0
27943,treatment,2026-03-14,0
27944,treatment,2026-03-11,1
27945,control,2026-03-05,0
27946,control,2026-03-06,0
27947,treatment,2026-03-03,1
27948,control,2026-03-05,1
27949,control,2026-03-09,1
27950,treatment,2026-03-04,1
27951,treatment,2026-03-07,1
27952,treatment,2026-03-14,1
27953,treatment,2026-03-05,1
27954,treatment,2026-03-04,0
27955,control,2026-03-07,1
27956,treatment,2026-03-15,1
27957,treatment,2026-03-11,1
27958,control,2026-03-04,1
27959,control,2026-03-08,1
27960,treatment,2026-03-15,0
27961,treatment,2026-03-03,0
27962,control,2026-03-12,1
27963,control,2026-03-06,0
27964,control,2026-03-14,1
27965,treatment,2026-03-13,0
27966,treatment,2026-03-10,0
27967,control,2026-03-05,0
27968,control,2026-03-09,1
27969,treatment,2026-03-03,0
27970,control,2026-03-13,0
27971,control,2026-03-08,0
27972,treatment,2026-03-15,0
27973,control,2026-03-10,1
27974,treatment,2026-03-06,0
27975,control,2026-03-10,0
27976,treatment,2026-03-10,1
27977,control,2026-03-09,1
27978,control,2026-03-13,0
27979,treatment,2026-03-08,0
27980,control,2026-03-04,0
27981,treatment,2026-03-06,0
27982,control,2026-03-11,1
27983,treatment,2026-03-04,0
27984,control,2026-03-11,1
27985,control,2026-03-12,1
27986,control,2026-03-10,0
27987,treatment,2026-03-03,0
27988,treatment,2026-03-03,0
27989,control,2026-03-06,1
27990,control,2026-03-02,1
27991,treatment,2026-03-06,0
27992,treatment,2026-03-14,0
27993,control,2026-03-11,1
27994,treatment,2026-03-04,0
27995,treatment,2026-03-14,0
27996,control,2026-03-09,0
27997,control,2026-03-13,1
27998,treatment,2026-03-08,0
27999,treatment,2026-03-05,0
28000,control,2026-03-06,0
28001,treatment,2026-03-02,0
28002,treatment,2026-03-03,0
28003,treatment,2026-03-06,0
28004,control,2026-03-02,1
28005,treatment,2026-03-09,0
28006,treatment,2026-03-13,1
28007,treatment,2026-03-03,0
28008,control,2026-03-05,0
28009,treatment,2026-03-15,1
28010,control,2026-03-12,0
28011,control,2026-03-15,0
28012,treatment,2026-03-04,1
28013,control,2026-03-13,1
28014,control,2026-03-05,1
28015,treatment,2026-03-11,1
28016,control,2026-03-08,0
28017,treatment,2026-03-15,1
28018,control,2026-03-03,0
28019,treatment,2026-03-08,0
28020,treatment,2026-03-13,0
28021,control,2026-03-06,1
28022,control,2026-03-12,0
28023,treatment,2026-03-05,0
28024,control,2026-03-03,1
28025,treatment,2026-03-05,1
28026,treatment,2026-03-03,0
28027,control,2026-03-07,0
28028,control,2026-03-04,0
28029,control,2026-03-03,0
28030,treatment,2026-03-06,0
28031,control,2026-03-09,1
28032,control,2026-03-06,0
28033,treatment,2026-03-08,0
28034,treatment,2026-03-05,1
28035,treatment,2026-03-13,0
28036,treatment,2026-03-09,0
28037,control,2026-03-10,1
28038,control,2026-03-03,1
28039,control,2026-03-09,0
28040,treatment,2026-03-14,1
28041,treatment,2026-03-04,0
28042,control,2026-03-09,1
28043,treatment,2026-03-08,0
28044,control,2026-03-07,0
28045,control,2026-03-08,0
28046,treatment,2026-03-06,0
28047,control,2026-03-07,1
28048,treatment,2026-03-12,0
28049,treatment,2026-03-06,0
28050,treatment,2026-03-13,1
28051,treatment,2026-03-04,1
28052,control,2026-03-09,0
28053,control,2026-03-04,1
28054,treatment,2026-03-04,1
28055,control,2026-03-10,0
28056,control,2026-03-10,0
28057,control,2026-03-03,1
28058,control,2026-03-08,0
28059,control,2026-03-02,0
28060,treatment,2026-03-03,0
28061,treatment,2026-03-06,1
28062,treatment,2026-03-10,0
28063,control,2026-03-04,0
28064,treatment,2026-03-07,0
28065,treatment,2026-03-06,0
28066,control,2026-03-15,0
28067,treatment,2026-03-12,1
28068,control,2026-03-03,1
28069,treatment,2026-03-07,0
28070,control,2026-03-13,0
28071,control,2026-03-10,0
28072,treatment,2026-03-07,0
28073,control,2026-03-02,0
28074,control,2026-03-07,0
28075,treatment,2026-03-02,1
28076,treatment,2026-03-15,0
28077,control,2026-03-07,1
28078,treatment,2026-03-05,0
28079,treatment,2026-03-09,0
28080,treatment,2026-03-07,1
28081,treatment,2026-03-08,0
28082,control,2026-03-12,1
28083,control,2026-03-02,0
28084,control,2026-03-15,1
28085,treatment,2026-03-02,1
28086,treatment,2026-03-12,0
28087,treatment,2026-03-02,0
28088,treatment,2026-03-13,0
28089,treatment,2026-03-12,1
28090,control,2026-03-12,1
28091,treatment,2026-03-02,1
28092,control,2026-03-13,0
28093,control,2026-03-11,0
28094,control,2026-03-15,1
28095,control,2026-03-09,0
28096,control,2026-03-05,0
28097,treatment,2026-03-08,1
28098,treatment,2026-03-02,1
28099,treatment,2026-03-14,1
28100,control,2026-03-12,1
28101,control,2026-03-10,0
28102,control,2026-03-05,0
28103,control,2026-03-14,0
28104,treatment,2026-03-11,0
28105,treatment,2026-03-15,0
28106,treatment,2026-03-06,0
28107,control,2026-03-12,0
28108,treatment,2026-03-02,0
28109,control,2026-03-12,0
28110,treatment,2026-03-03,0
28111,control,2026-03-11,0
28112,control,2026-03-02,1
28113,control,2026-03-12,0
28114,treatment,2026-03-06,0
28115,treatment,2026-03-03,1
28116,treatment,2026-03-14,1
28117,treatment,2026-03-08,0
28118,control,2026-03-14,0
28119,treatment,2026-03-04,0
28120,treatment,2026-03-12,0
28121,treatment,2026-03-09,1
28122,treatment,2026-03-03,0
28123,control,2026-03-04,1
28124,control,2026-03-10,1
28125,control,2026-03-10,0
28126,control,2026-03-08,0
28127,control,2026-03-03,0
28128,treatment,2026-03-02,0
28129,treatment,2026-03-12,0
28130,control,2026-03-05,1
28131,control,2026-03-12,1
28132,control,2026-03-14,0
28133,treatment,2026-03-05,1
28134,control,2026-03-11,0
28135,treatment,2026-03-07,1
28136,treatment,2026-03-12,1
28137,treatment,2026-03-09,1
28138,treatment,2026-03-12,0
28139,treatment,2026-03-09,0
28140,treatment,2026-03-03,0
28141,treatment,2026-03-06,1
28142,treatment,2026-03-09,0
28143,treatment,2026-03-05,0
28144,control,2026-03-12,1
28145,treatment,2026-03-14,0
28146,control,2026-03-12,0
28147,control,2026-03-06,0
28148,treatment,2026-03-06,0
28149,control,2026-03-15,1
28150,control,2026-03-08,1
28151,treatment,2026-03-15,1
28152,treatment,2026-03-14,1
28153,control,2026-03-02,0
28154,treatment,2026-03-06,0
28155,treatment,2026-03-14,1
28156,treatment,2026-03-06,0
28157,control,2026-03-02,1
28158,control,2026-03-15,0
28159,treatment,2026-03-09,0
28160,treatment,2026-03-06,1
28161,treatment,2026-03-13,1
28162,treatment,2026-03-09,1
28163,control,2026-03-15,0
28164,treatment,2026-03-02,0
28165,treatment,2026-03-06,0
28166,control,2026-03-14,0
28167,control,2026-03-02,1
28168,control,2026-03-12,1
28169,treatment,2026-03-12,1
28170,treatment,2026-03-13,0
28171,control,2026-03-03,0
28172,control,2026-03-11,0
28173,control,2026-03-14,0
28174,control,2026-03-05,1
28175,control,2026-03-11,1
28176,control,2026-03-10,0
28177,treatment,2026-03-11,0
28178,control,2026-03-02,0
28179,treatment,2026-03-12,0
28180,treatment,2026-03-11,0
28181,treatment,2026-03-04,1
28182,treatment,2026-03-11,1
28183,control,2026-03-12,0
28184,control,2026-03-12,0
28185,control,2026-03-08,0
28186,treatment,2026-03-06,0
28187,control,2026-03-05,0
28188,treatment,2026-03-10,0
28189,treatment,2026-03-10,0
28190,control,2026-03-13,0
28191,control,2026-03-11,0
28192,treatment,2026-03-12,1
28193,control,2026-03-07,0
28194,treatment,2026-03-05,0
28195,treatment,2026-03-13,0
28196,control,2026-03-09,1
28197,treatment,2026-03-12,1
28198,control,2026-03-14,1
28199,control,2026-03-03,0
28200,control,2026-03-15,1
28201,treatment,2026-03-09,0
28202,control,2026-03-05,0
28203,treatment,2026-03-09,1
28204,treatment,2026-03-04,0
28205,treatment,2026-03-09,0
28206,treatment,2026-03-12,0
28207,control,2026-03-07,0
28208,treatment,2026-03-05,1
28209,control,2026-03-12,0
28210,control,2026-03-07,1
28211,control,2026-03-03,0
28212,control,2026-03-08,0
28213,treatment,2026-03-11,0
28214,treatment,2026-03-06,1
28215,treatment,2026-03-02,0
28216,control,2026-03-02,0
28217,treatment,2026-03-10,0
28218,treatment,2026-03-06,1
28219,control,2026-03-13,1
28220,treatment,2026-03-10,1
28221,treatment,2026-03-13,1
28222,treatment,2026-03-02,1
28223,treatment,2026-03-02,0
28224,treatment,2026-03-08,0
28225,control,2026-03-04,0
28226,treatment,2026-03-11,0
28227,treatment,2026-03-04,1
28228,treatment,2026-03-08,0
28229,control,2026-03-06,1
28230,treatment,2026-03-02,1
28231,control,2026-03-07,1
28232,treatment,2026-03-06,0
28233,treatment,2026-03-10,0
28234,treatment,2026-03-15,0
28235,control,2026-03-09,1
28236,control,2026-03-13,1
28237,treatment,2026-03-08,0
28238,treatment,2026-03-14,1
28239,control,2026-03-15,1
28240,treatment,2026-03-04,1
28241,control,2026-03-12,0
28242,control,2026-03-02,0
28243,control,2026-03-04,0
28244,treatment,2026-03-12,1
28245,control,2026-03-06,0
28246,treatment,2026-03-07,0
28247,control,2026-03-09,0
28248,control,2026-03-13,0
28249,treatment,2026-03-09,1
28250,control,2026-03-10,0
28251,treatment,2026-03-10,0
28252,control,2026-03-13,1
28253,treatment,2026-03-10,1
28254,control,2026-03-15,0
28255,control,2026-03-08,0
28256,treatment,2026-03-15,1
28257,treatment,2026-03-14,1
28258,treatment,2026-03-07,0
28259,control,2026-03-02,1
28260,control,2026-03-03,0
28261,treatment,2026-03-10,1
28262,treatment,2026-03-05,0
28263,treatment,2026-03-12,0
28264,treatment,2026-03-08,1
28265,control,2026-03-12,0
28266,treatment,2026-03-09,0
28267,control,2026-03-15,0
28268,control,2026-03-10,0
28269,control,2026-03-10,1
28270,treatment,2026-03-09,0
28271,control,2026-03-14,0
28272,control,2026-03-08,1
28273,treatment,2026-03-13,1
28274,treatment,2026-03-13,0
28275,treatment,2026-03-08,0
28276,treatment,2026-03-08,1
28277,treatment,2026-03-12,1
28278,control,2026-03-02,1
28279,control,2026-03-11,1
28280,treatment,2026-03-09,0
28281,control,2026-03-06,1
28282,treatment,2026-03-04,1
28283,treatment,2026-03-07,0
28284,control,2026-03-09,1
28285,treatment,2026-03-07,0
28286,treatment,2026-03-15,0
28287,treatment,2026-03-08,1
28288,treatment,2026-03-08,1
28289,control,2026-03-13,1
28290,treatment,2026-03-14,0
28291,control,2026-03-07,0
28292,control,2026-03-14,0
28293,control,2026-03-04,0
28294,control,2026-03-09,1
28295,treatment,2026-03-05,0
28296,control,2026-03-02,0
28297,control,2026-03-09,1
28298,treatment,2026-03-06,0
28299,treatment,2026-03-06,0
28300,control,2026-03-05,0
28301,treatment,2026-03-13,0
28302,treatment,2026-03-09,1
28303,control,2026-03-05,0
28304,control,2026-03-12,0
28305,control,2026-03-05,1
28306,control,2026-03-06,0
28307,control,2026-03-06,1
28308,control,2026-03-10,1
28309,treatment,2026-03-10,0
28310,treatment,2026-03-13,1
28311,treatment,2026-03-06,0
28312,treatment,2026-03-11,0
28313,control,2026-03-03,0
28314,treatment,2026-03-13,1
28315,control,2026-03-04,0
28316,control,2026-03-03,0
28317,control,2026-03-15,0
28318,treatment,2026-03-12,1
28319,control,2026-03-14,0
28320,control,2026-03-07,0
28321,control,2026-03-06,0
28322,control,2026-03-03,0
28323,control,2026-03-13,0
28324,treatment,2026-03-09,0
28325,control,2026-03-04,0
28326,control,2026-03-13,1
28327,treatment,2026-03-02,0
28328,treatment,2026-03-11,0
28329,control,2026-03-04,0
28330,treatment,2026-03-11,0
28331,control,2026-03-07,0
28332,treatment,2026-03-15,1
28333,control,2026-03-04,1
28334,control,2026-03-09,0
28335,treatment,2026-03-13,1
28336,treatment,2026-03-11,1
28337,control,2026-03-08,1
28338,control,2026-03-07,0
28339,treatment,2026-03-03,1
28340,treatment,2026-03-08,0
28341,treatment,2026-03-08,1
28342,control,2026-03-13,0
28343,control,2026-03-07,1
28344,control,2026-03-02,1
28345,treatment,2026-03-03,0
28346,control,2026-03-14,1
28347,control,2026-03-10,0
28348,control,2026-03-02,1
28349,treatment,2026-03-04,0
28350,treatment,2026-03-07,0
28351,treatment,2026-03-08,1
28352,treatment,2026-03-05,0
28353,control,2026-03-03,0
28354,control,2026-03-08,1
28355,treatment,2026-03-11,1
28356,control,2026-03-06,0
28357,treatment,2026-03-11,0
28358,treatment,2026-03-04,1
28359,treatment,2026-03-07,1
28360,control,2026-03-03,0
28361,treatment,2026-03-06,1
28362,control,2026-03-02,0
28363,treatment,2026-03-08,0
28364,treatment,2026-03-15,1
28365,treatment,2026-03-10,0
28366,control,2026-03-03,1
28367,treatment,2026-03-05,0
28368,treatment,2026-03-03,0
28369,control,2026-03-04,0
28370,control,2026-03-12,0
28371,treatment,2026-03-13,0
28372,treatment,2026-03-06,0
28373,treatment,2026-03-13,1
28374,treatment,2026-03-10,1
28375,treatment,2026-03-04,0
28376,control,2026-03-05,0
28377,control,2026-03-13,0
28378,treatment,2026-03-02,0
28379,treatment,2026-03-14,0
28380,treatment,2026-03-10,1
28381,control,2026-03-13,0
28382,control,2026-03-12,0
28383,control,2026-03-04,0
28384,treatment,2026-03-14,0
28385,treatment,2026-03-15,1
28386,control,2026-03-06,1
28387,treatment,2026-03-15,1
28388,control,2026-03-11,0
28389,treatment,2026-03-08,0
28390,control,2026-03-11,0
28391,treatment,2026-03-13,0
28392,treatment,2026-03-09,0
28393,treatment,2026-03-14,1
28394,control,2026-03-03,0
28395,control,2026-03-13,0
28396,treatment,2026-03-15,1
28397,treatment,2026-03-03,0
28398,control,2026-03-03,0
28399,control,2026-03-15,0
28400,control,2026-03-06,0
28401,treatment,2026-03-12,0
28402,control,2026-03-09,0
28403,treatment,2026-03-14,0
28404,treatment,2026-03-14,0
28405,control,2026-03-03,0
28406,treatment,2026-03-13,0
28407,control,2026-03-14,0
28408,treatment,2026-03-02,0
28409,control,2026-03-14,0
28410,control,2026-03-04,0
28411,treatment,2026-03-11,1
28412,control,2026-03-13,0
28413,control,2026-03-09,1
28414,control,2026-03-06,0
28415,control,2026-03-03,1
28416,treatment,2026-03-11,1
28417,treatment,2026-03-06,1
28418,control,2026-03-04,0
28419,treatment,2026-03-09,1
28420,treatment,2026-03-04,0
28421,treatment,2026-03-14,0
28422,control,2026-03-14,0
28423,control,2026-03-02,0
28424,treatment,2026-03-02,1
28425,treatment,2026-03-09,1
28426,treatment,2026-03-02,0
28427,treatment,2026-03-10,0
28428,control,2026-03-03,0
28429,treatment,2026-03-09,0
28430,treatment,2026-03-04,1
28431,treatment,2026-03-10,1
28432,control,2026-03-13,0
28433,control,2026-03-10,1
28434,control,2026-03-02,0
28435,treatment,2026-03-13,0
28436,treatment,2026-03-15,1
28437,treatment,2026-03-15,1
28438,treatment,2026-03-03,1
28439,control,2026-03-13,0
28440,control,2026-03-06,1
28441,treatment,2026-03-02,0
28442,treatment,2026-03-08,0
28443,control,2026-03-14,1
28444,treatment,2026-03-10,1
28445,treatment,2026-03-13,0
28446,treatment,2026-03-11,0
28447,treatment,2026-03-03,0
28448,control,2026-03-03,0
28449,control,2026-03-15,1
28450,treatment,2026-03-08,0
28451,treatment,2026-03-07,0
28452,treatment,2026-03-02,0
28453,treatment,2026-03-11,1
28454,control,2026-03-12,0
28455,control,2026-03-06,0
28456,control,2026-03-14,1
28457,treatment,2026-03-07,0
28458,control,2026-03-08,1
28459,control,2026-03-05,1
28460,control,2026-03-07,0
28461,control,2026-03-11,0
28462,treatment,2026-03-14,0
28463,treatment,2026-03-09,0
28464,control,2026-03-13,1
28465,control,2026-03-11,1
28466,control,2026-03-06,1
28467,treatment,2026-03-02,0
28468,control,2026-03-08,1
28469,control,2026-03-06,0
28470,treatment,2026-03-02,0
28471,control,2026-03-05,0
28472,treatment,2026-03-10,0
28473,treatment,2026-03-05,0
28474,control,2026-03-14,1
28475,control,2026-03-10,0
28476,control,2026-03-13,0
28477,treatment,2026-03-13,0
28478,treatment,2026-03-12,1
28479,treatment,2026-03-05,0
28480,control,2026-03-03,0
28481,control,2026-03-14,0
28482,control,2026-03-15,1
28483,control,2026-03-12,0
28484,control,2026-03-15,0
28485,treatment,2026-03-08,1
28486,treatment,2026-03-15,1
28487,control,2026-03-07,0
28488,treatment,2026-03-04,0
28489,control,2026-03-09,0
28490,treatment,2026-03-04,0
28491,control,2026-03-08,0
28492,control,2026-03-11,1
28493,treatment,2026-03-12,0
28494,control,2026-03-09,1
28495,treatment,2026-03-11,1
28496,control,2026-03-10,1
28497,control,2026-03-12,0
28498,control,2026-03-05,0
28499,control,2026-03-04,0
28500,treatment,2026-03-09,0
28501,treatment,2026-03-09,0
28502,control,2026-03-04,1
28503,control,2026-03-04,1
28504,treatment,2026-03-13,1
28505,treatment,2026-03-09,1
28506,control,2026-03-09,1
28507,treatment,2026-03-08,1
28508,treatment,2026-03-15,0
28509,control,2026-03-13,0
28510,treatment,2026-03-09,1
28511,treatment,2026-03-04,1
28512,treatment,2026-03-05,1
28513,treatment,2026-03-13,0
28514,treatment,2026-03-10,0
28515,control,2026-03-05,0
28516,control,2026-03-12,0
28517,treatment,2026-03-15,0
28518,control,2026-03-03,0
28519,treatment,2026-03-10,0
28520,treatment,2026-03-03,0
28521,treatment,2026-03-05,0
28522,control,2026-03-11,0
28523,control,2026-03-03,0
28524,treatment,2026-03-09,1
28525,control,2026-03-05,1
28526,treatment,2026-03-13,1
28527,treatment,2026-03-14,0
28528,treatment,2026-03-13,0
28529,control,2026-03-06,0
28530,control,2026-03-02,1
28531,treatment,2026-03-15,0
28532,control,2026-03-07,0
28533,control,2026-03-11,0
28534,treatment,2026-03-07,0
28535,treatment,2026-03-14,1
28536,treatment,2026-03-12,1
28537,control,2026-03-14,0
28538,treatment,2026-03-03,0
28539,control,2026-03-15,0
28540,treatment,2026-03-12,1
28541,control,2026-03-06,0
28542,treatment,2026-03-10,0
28543,control,2026-03-08,1
28544,treatment,2026-03-08,0
28545,treatment,2026-03-09,1
28546,treatment,2026-03-13,1
28547,treatment,2026-03-03,0
28548,treatment,2026-03-14,1
28549,treatment,2026-03-07,0
28550,control,2026-03-06,0
28551,treatment,2026-03-04,1
28552,treatment,2026-03-14,0
28553,treatment,2026-03-09,1
28554,control,2026-03-11,0
28555,treatment,2026-03-09,0
28556,control,2026-03-09,0
28557,treatment,2026-03-15,1
28558,treatment,2026-03-08,0
28559,control,2026-03-03,0
28560,control,2026-03-10,1
28561,treatment,2026-03-06,0
28562,treatment,2026-03-12,1
28563,control,2026-03-15,0
28564,control,2026-03-15,0
28565,control,2026-03-04,1
28566,control,2026-03-10,0
28567,treatment,2026-03-13,1
28568,treatment,2026-03-04,1
28569,treatment,2026-03-04,1
28570,treatment,2026-03-14,1
28571,control,2026-03-09,0
28572,treatment,2026-03-06,0
28573,control,2026-03-03,0
28574,treatment,2026-03-07,0
28575,treatment,2026-03-03,1
28576,treatment,2026-03-10,0
28577,treatment,2026-03-07,0
28578,control,2026-03-11,0
28579,treatment,2026-03-15,1
28580,treatment,2026-03-09,0
28581,control,2026-03-14,1
28582,treatment,2026-03-15,0
28583,treatment,2026-03-15,0
28584,control,2026-03-15,0
28585,control,2026-03-12,0
28586,control,2026-03-04,0
28587,control,2026-03-06,0
28588,treatment,2026-03-08,0
28589,control,2026-03-09,1
28590,treatment,2026-03-15,1
28591,control,2026-03-02,1
28592,control,2026-03-02,0
28593,treatment,2026-03-05,1
28594,treatment,2026-03-11,0
28595,treatment,2026-03-15,0
28596,control,2026-03-04,0
28597,treatment,2026-03-13,0
28598,treatment,2026-03-04,0
28599,treatment,2026-03-10,0
28600,control,2026-03-14,0
28601,treatment,2026-03-05,0
28602,treatment,2026-03-02,0
28603,treatment,2026-03-06,0
28604,control,2026-03-13,1
28605,treatment,2026-03-10,1
28606,control,2026-03-08,1
28607,treatment,2026-03-11,1
28608,treatment,2026-03-14,1
28609,control,2026-03-05,0
28610,treatment,2026-03-06,0
28611,control,2026-03-07,1
28612,control,2026-03-06,1
28613,treatment,2026-03-10,1
28614,treatment,2026-03-07,1
28615,treatment,2026-03-15,0
28616,control,2026-03-06,1
28617,control,2026-03-06,0
28618,treatment,2026-03-06,1
28619,treatment,2026-03-07,0
28620,control,2026-03-05,1
28621,control,2026-03-06,1
28622,treatment,2026-03-05,1
28623,control,2026-03-13,0
28624,control,2026-03-02,0
28625,control,2026-03-11,0
28626,control,2026-03-15,0
28627,control,2026-03-08,0
28628,control,2026-03-15,1
28629,control,2026-03-07,1
28630,treatment,2026-03-05,1
28631,treatment,2026-03-04,0
28632,control,2026-03-07,0
28633,control,2026-03-03,0
28634,treatment,2026-03-04,0
28635,control,2026-03-03,0
28636,treatment,2026-03-06,0
28637,treatment,2026-03-02,1
28638,control,2026-03-02,0
28639,control,2026-03-13,1
28640,control,2026-03-09,0
28641,treatment,2026-03-09,0
28642,control,2026-03-15,0
28643,control,2026-03-08,1
28644,treatment,2026-03-03,0
28645,control,2026-03-11,0
28646,treatment,2026-03-13,0
28647,treatment,2026-03-10,0
28648,control,2026-03-08,0
28649,treatment,2026-03-15,0
28650,treatment,2026-03-05,0
28651,control,2026-03-14,0
28652,control,2026-03-12,0
28653,treatment,2026-03-03,1
28654,treatment,2026-03-03,0
28655,treatment,2026-03-07,0
28656,treatment,2026-03-07,0
28657,control,2026-03-08,0
28658,control,2026-03-14,1
28659,treatment,2026-03-08,1
28660,treatment,2026-03-08,0
28661,treatment,2026-03-10,0
28662,control,2026-03-02,0
28663,control,2026-03-11,0
28664,treatment,2026-03-11,1
28665,control,2026-03-09,0
28666,treatment,2026-03-03,0
28667,control,2026-03-09,0
28668,control,2026-03-07,0
28669,control,2026-03-13,0
28670,control,2026-03-13,0
28671,treatment,2026-03-07,0
28672,treatment,2026-03-12,1
28673,control,2026-03-06,0
28674,treatment,2026-03-11,0
28675,control,2026-03-03,1
28676,treatment,2026-03-05,1
28677,control,2026-03-07,1
28678,control,2026-03-06,0
28679,treatment,2026-03-11,0
28680,control,2026-03-03,0
28681,treatment,2026-03-06,0
28682,treatment,2026-03-14,0
28683,treatment,2026-03-03,0
28684,treatment,2026-03-11,0
28685,treatment,2026-03-08,0
28686,treatment,2026-03-14,0
28687,treatment,2026-03-10,0
28688,control,2026-03-06,0
28689,control,2026-03-08,1
28690,treatment,2026-03-05,1
28691,treatment,2026-03-09,1
28692,treatment,2026-03-03,0
28693,treatment,2026-03-14,0
28694,treatment,2026-03-03,0
28695,treatment,2026-03-08,1
28696,control,2026-03-13,0
28697,control,2026-03-04,0
28698,treatment,2026-03-05,0
28699,control,2026-03-11,0
28700,control,2026-03-09,1
28701,treatment,2026-03-09,1
28702,treatment,2026-03-04,1
28703,treatment,2026-03-08,1
28704,treatment,2026-03-03,0
28705,control,2026-03-02,0
28706,treatment,2026-03-15,0
28707,treatment,2026-03-10,1
28708,treatment,2026-03-15,1
28709,treatment,2026-03-15,0
28710,control,2026-03-13,0
28711,treatment,2026-03-03,1
28712,treatment,2026-03-02,0
28713,control,2026-03-09,1
28714,control,2026-03-05,0
28715,control,2026-03-10,0
28716,treatment,2026-03-05,0
28717,control,2026-03-07,1
28718,treatment,2026-03-08,0
28719,control,2026-03-15,1
28720,control,2026-03-03,0
28721,control,2026-03-03,0
28722,control,2026-03-07,0
28723,control,2026-03-05,1
28724,treatment,2026-03-06,0
28725,treatment,2026-03-02,1
28726,control,2026-03-11,1
28727,control,2026-03-06,0
28728,control,2026-03-05,1
28729,control,2026-03-08,0
28730,treatment,2026-03-02,0
28731,control,2026-03-15,0
28732,control,2026-03-05,0
28733,control,2026-03-03,0
28734,control,2026-03-06,0
28735,control,2026-03-08,0
28736,control,2026-03-08,0
28737,control,2026-03-03,1
28738,control,2026-03-15,1
28739,control,2026-03-14,0
28740,control,2026-03-09,1
28741,control,2026-03-14,0
28742,control,2026-03-02,0
28743,treatment,2026-03-06,0
28744,control,2026-03-09,1
28745,treatment,2026-03-07,0
28746,treatment,2026-03-14,0
28747,treatment,2026-03-08,1
28748,treatment,2026-03-13,1
28749,control,2026-03-14,0
28750,treatment,2026-03-12,0
28751,control,2026-03-13,0
28752,treatment,2026-03-10,1
28753,treatment,2026-03-14,0
28754,control,2026-03-09,0
28755,control,2026-03-12,0
28756,control,2026-03-09,0
28757,control,2026-03-02,1
28758,treatment,2026-03-12,1
28759,treatment,2026-03-08,0
28760,treatment,2026-03-14,1
28761,treatment,2026-03-03,0
28762,treatment,2026-03-10,0
28763,control,2026-03-08,0
28764,control,2026-03-07,0
28765,treatment,2026-03-06,0
28766,control,2026-03-06,1
28767,treatment,2026-03-07,0
28768,treatment,2026-03-02,0
28769,treatment,2026-03-09,0
28770,control,2026-03-10,1
28771,control,2026-03-11,0
28772,treatment,2026-03-08,0
28773,control,2026-03-03,1
28774,treatment,2026-03-13,1
28775,control,2026-03-11,0
28776,treatment,2026-03-03,0
28777,treatment,2026-03-04,0
28778,control,2026-03-10,1
28779,control,2026-03-10,1
28780,treatment,2026-03-12,0
28781,treatment,2026-03-02,1
28782,control,2026-03-07,0
28783,control,2026-03-08,0
28784,treatment,2026-03-02,0
28785,control,2026-03-07,0
28786,control,2026-03-03,1
28787,control,2026-03-06,0
28788,treatment,2026-03-13,0
28789,control,2026-03-11,0
28790,control,2026-03-14,0
28791,control,2026-03-12,1
28792,control,2026-03-13,0
28793,control,2026-03-15,1
28794,control,2026-03-12,0
28795,control,2026-03-07,1
28796,treatment,2026-03-04,0
28797,control,2026-03-07,0
28798,control,2026-03-09,1
28799,control,2026-03-07,1
28800,control,2026-03-03,0
28801,control,2026-03-11,1
28802,control,2026-03-15,1
28803,treatment,2026-03-13,1
28804,control,2026-03-09,0
28805,treatment,2026-03-14,0
28806,control,2026-03-08,0
28807,treatment,2026-03-15,1
28808,control,2026-03-06,0
28809,treatment,2026-03-04,0
28810,control,2026-03-04,1
28811,control,2026-03-15,0
28812,control,2026-03-02,0
28813,control,2026-03-02,0
28814,treatment,2026-03-07,0
28815,control,2026-03-07,1
28816,treatment,2026-03-03,1
28817,treatment,2026-03-02,1
28818,control,2026-03-05,0
28819,treatment,2026-03-05,1
28820,control,2026-03-07,0
28821,treatment,2026-03-14,0
28822,treatment,2026-03-02,1
28823,control,2026-03-14,0
28824,control,2026-03-14,0
28825,treatment,2026-03-08,0
28826,control,2026-03-02,0
28827,control,2026-03-02,1
28828,control,2026-03-15,1
28829,control,2026-03-12,0
28830,control,2026-03-14,1
28831,treatment,2026-03-09,1
28832,control,2026-03-03,0
28833,treatment,2026-03-02,0
28834,treatment,2026-03-03,1
28835,treatment,2026-03-06,0
28836,control,2026-03-08,1
28837,control,2026-03-15,0
28838,treatment,2026-03-03,1
28839,treatment,2026-03-04,0
28840,control,2026-03-13,0
28841,control,2026-03-05,0
28842,treatment,2026-03-14,0
28843,treatment,2026-03-13,1
28844,treatment,2026-03-11,0
28845,control,2026-03-05,0
28846,treatment,2026-03-10,1
28847,control,2026-03-14,1
28848,control,2026-03-12,1
28849,control,2026-03-07,0
28850,treatment,2026-03-09,1
28851,control,2026-03-06,1
28852,treatment,2026-03-02,1
28853,treatment,2026-03-03,0
28854,control,2026-03-08,1
28855,treatment,2026-03-15,1
28856,treatment,2026-03-13,1
28857,treatment,2026-03-05,0
28858,treatment,2026-03-14,0
28859,treatment,2026-03-02,0
28860,treatment,2026-03-13,0
28861,treatment,2026-03-05,0
28862,treatment,2026-03-10,0
28863,treatment,2026-03-10,1
28864,control,2026-03-06,1
28865,treatment,2026-03-03,0
28866,treatment,2026-03-04,0
28867,control,2026-03-15,0
28868,treatment,2026-03-05,0
28869,treatment,2026-03-14,0
28870,control,2026-03-13,1
28871,treatment,2026-03-09,0
28872,control,2026-03-04,1
28873,treatment,2026-03-05,1
28874,treatment,2026-03-12,1
28875,control,2026-03-14,1
28876,treatment,2026-03-08,0
28877,treatment,2026-03-12,1
28878,treatment,2026-03-06,0
28879,control,2026-03-13,0
28880,treatment,2026-03-06,1
28881,treatment,2026-03-14,1
28882,treatment,2026-03-05,0
28883,treatment,2026-03-15,0
28884,control,2026-03-10,1
28885,control,2026-03-12,1
28886,treatment,2026-03-09,1
28887,treatment,2026-03-03,0
28888,treatment,2026-03-05,1
28889,control,2026-03-15,1
28890,treatment,2026-03-07,1
28891,control,2026-03-14,1
28892,treatment,2026-03-09,1
28893,treatment,2026-03-09,0
28894,control,2026-03-05,0
28895,control,2026-03-08,0
28896,treatment,2026-03-09,0
28897,treatment,2026-03-13,0
28898,control,2026-03-02,0
28899,control,2026-03-07,0
28900,control,2026-03-07,0
28901,treatment,2026-03-09,0
28902,treatment,2026-03-11,0
28903,control,2026-03-04,0
28904,control,2026-03-02,0
28905,treatment,2026-03-11,1
28906,treatment,2026-03-03,0
28907,treatment,2026-03-03,0
28908,control,2026-03-04,0
28909,treatment,2026-03-12,1
28910,control,2026-03-03,0
28911,control,2026-03-08,0
28912,treatment,2026-03-10,0
28913,treatment,2026-03-12,0
28914,treatment,2026-03-12,1
28915,treatment,2026-03-04,1
28916,treatment,2026-03-12,1
28917,treatment,2026-03-15,0
28918,treatment,2026-03-05,0
28919,control,2026-03-13,1
28920,control,2026-03-08,1
28921,treatment,2026-03-10,0
28922,treatment,2026-03-07,0
28923,control,2026-03-11,0
28924,treatment,2026-03-12,0
28925,control,2026-03-13,0
28926,control,2026-03-10,0
28927,treatment,2026-03-07,0
28928,control,2026-03-07,0
28929,treatment,2026-03-02,1
28930,control,2026-03-04,1
28931,treatment,2026-03-04,0
28932,control,2026-03-10,0
28933,treatment,2026-03-08,1
28934,treatment,2026-03-06,1
28935,control,2026-03-14,0
28936,treatment,2026-03-03,1
28937,treatment,2026-03-08,0
28938,treatment,2026-03-06,0
28939,control,2026-03-04,1
28940,treatment,2026-03-12,0
28941,treatment,2026-03-11,0
28942,treatment,2026-03-08,0
28943,treatment,2026-03-03,0
28944,treatment,2026-03-07,0
28945,treatment,2026-03-15,0
28946,treatment,2026-03-11,0
28947,control,2026-03-08,1
28948,control,2026-03-14,0
28949,control,2026-03-12,0
28950,control,2026-03-09,0
28951,treatment,2026-03-07,0
28952,control,2026-03-10,1
28953,control,2026-03-03,0
28954,treatment,2026-03-08,0
28955,control,2026-03-10,0
28956,treatment,2026-03-06,1
28957,treatment,2026-03-07,0
28958,control,2026-03-15,1
28959,treatment,2026-03-14,0
28960,control,2026-03-15,0
28961,treatment,2026-03-12,0
28962,control,2026-03-11,1
28963,control,2026-03-13,0
28964,control,2026-03-11,0
28965,treatment,2026-03-04,0
28966,control,2026-03-11,1
28967,treatment,2026-03-14,0
28968,control,2026-03-07,1
28969,treatment,2026-03-07,0
28970,treatment,2026-03-07,0
28971,control,2026-03-05,1
28972,control,2026-03-12,0
28973,treatment,2026-03-14,0
28974,control,2026-03-02,0
28975,treatment,2026-03-09,0
28976,treatment,2026-03-12,1
28977,control,2026-03-05,1
28978,treatment,2026-03-04,0
28979,control,2026-03-14,0
28980,control,2026-03-04,0
28981,control,2026-03-12,0
28982,treatment,2026-03-03,0
28983,control,2026-03-04,0
28984,treatment,2026-03-10,0
28985,treatment,2026-03-03,0
28986,control,2026-03-08,1
28987,control,2026-03-10,1
28988,treatment,2026-03-03,1
28989,treatment,2026-03-06,1
28990,treatment,2026-03-09,1
28991,control,2026-03-08,1
28992,treatment,2026-03-12,1
28993,treatment,2026-03-02,0
28994,treatment,2026-03-12,0
28995,treatment,2026-03-06,1
28996,treatment,2026-03-15,0
28997,control,2026-03-15,0
28998,control,2026-03-03,0
28999,control,2026-03-14,1
29000,control,2026-03-14,0
29001,control,2026-03-12,1
29002,control,2026-03-07,1
29003,treatment,2026-03-13,0
29004,control,2026-03-06,0
29005,treatment,2026-03-15,0
29006,treatment,2026-03-10,0
29007,treatment,2026-03-12,0
29008,control,2026-03-14,1
29009,control,2026-03-03,0
29010,control,2026-03-14,1
29011,treatment,2026-03-04,0
29012,treatment,2026-03-06,0
29013,treatment,2026-03-08,0
29014,control,2026-03-06,0
29015,treatment,2026-03-06,0
29016,control,2026-03-13,1
29017,treatment,2026-03-03,1
29018,treatment,2026-03-10,0
29019,control,2026-03-06,0
29020,treatment,2026-03-09,0
29021,control,2026-03-09,0
29022,treatment,2026-03-08,0
29023,control,2026-03-11,0
29024,treatment,2026-03-08,0
29025,treatment,2026-03-12,1
29026,control,2026-03-08,0
29027,treatment,2026-03-05,1
29028,control,2026-03-04,0
29029,control,2026-03-02,0
29030,control,2026-03-13,1
29031,control,2026-03-11,1
29032,treatment,2026-03-09,0
29033,control,2026-03-05,1
29034,control,2026-03-12,0
29035,control,2026-03-06,1
29036,treatment,2026-03-13,0
29037,treatment,2026-03-06,1
29038,control,2026-03-06,0
29039,treatment,2026-03-06,0
29040,control,2026-03-12,1
29041,treatment,2026-03-14,0
29042,treatment,2026-03-10,1
29043,treatment,2026-03-04,0
29044,control,2026-03-10,0
29045,control,2026-03-04,0
29046,treatment,2026-03-12,0
29047,control,2026-03-02,0
29048,treatment,2026-03-07,0
29049,treatment,2026-03-10,0
29050,treatment,2026-03-04,0
29051,control,2026-03-06,1
29052,control,2026-03-03,1
29053,control,2026-03-10,0
29054,treatment,2026-03-14,1
29055,treatment,2026-03-14,0
29056,treatment,2026-03-12,0
29057,treatment,2026-03-11,1
29058,treatment,2026-03-09,0
29059,treatment,2026-03-05,0
29060,control,2026-03-03,1
29061,control,2026-03-04,1
29062,treatment,2026-03-05,1
29063,treatment,2026-03-02,1
29064,treatment,2026-03-07,0
29065,control,2026-03-15,1
29066,treatment,2026-03-09,0
29067,control,2026-03-11,0
29068,treatment,2026-03-08,1
29069,control,2026-03-10,1
29070,treatment,2026-03-05,0
29071,treatment,2026-03-09,0
29072,treatment,2026-03-04,0
29073,control,2026-03-11,0
29074,control,2026-03-11,0
29075,treatment,2026-03-13,0
29076,treatment,2026-03-15,0
29077,treatment,2026-03-14,0
29078,treatment,2026-03-06,0
29079,control,2026-03-04,0
29080,control,2026-03-04,0
29081,treatment,2026-03-11,0
29082,control,2026-03-14,1
29083,treatment,2026-03-02,0
29084,treatment,2026-03-11,0
29085,treatment,2026-03-05,0
29086,control,2026-03-12,1
29087,control,2026-03-04,1
29088,treatment,2026-03-04,1
29089,treatment,2026-03-10,1
29090,treatment,2026-03-05,1
29091,treatment,2026-03-07,0
29092,treatment,2026-03-15,0
29093,treatment,2026-03-14,0
29094,control,2026-03-03,1
29095,control,2026-03-03,0
29096,treatment,2026-03-14,0
29097,treatment,2026-03-10,0
29098,control,2026-03-08,1
29099,control,2026-03-11,0
29100,control,2026-03-06,0
29101,control,2026-03-05,0
29102,control,2026-03-06,0
29103,treatment,2026-03-06,1
29104,control,2026-03-07,1
29105,treatment,2026-03-14,1
29106,control,2026-03-06,1
29107,control,2026-03-15,0
29108,control,2026-03-03,1
29109,treatment,2026-03-11,0
29110,control,2026-03-12,0
29111,treatment,2026-03-06,0
29112,treatment,2026-03-13,1
29113,treatment,2026-03-06,1
29114,control,2026-03-02,1
29115,treatment,2026-03-09,1
29116,treatment,2026-03-12,0
29117,treatment,2026-03-05,1
29118,treatment,2026-03-13,1
29119,treatment,2026-03-10,0
29120,treatment,2026-03-03,0
29121,treatment,2026-03-02,1
29122,treatment,2026-03-09,1
29123,treatment,2026-03-02,1
29124,treatment,2026-03-15,1
29125,treatment,2026-03-04,1
29126,control,2026-03-11,0
29127,control,2026-03-13,0
29128,control,2026-03-06,1
29129,treatment,2026-03-12,0
29130,treatment,2026-03-08,0
29131,control,2026-03-09,1
29132,control,2026-03-06,0
29133,treatment,2026-03-03,0
29134,treatment,2026-03-12,0
29135,treatment,2026-03-09,1
29136,control,2026-03-08,1
29137,control,2026-03-14,0
29138,treatment,2026-03-14,1
29139,treatment,2026-03-15,1
29140,treatment,2026-03-06,0
29141,control,2026-03-12,0
29142,control,2026-03-15,1
29143,control,2026-03-08,1
29144,control,2026-03-06,0
29145,treatment,2026-03-03,0
29146,treatment,2026-03-04,0
29147,control,2026-03-13,0
29148,treatment,2026-03-11,0
29149,control,2026-03-13,1
29150,treatment,2026-03-14,0
29151,control,2026-03-08,0
29152,control,2026-03-02,1
29153,control,2026-03-07,1
29154,control,2026-03-05,0
29155,control,2026-03-13,1
29156,treatment,2026-03-09,0
29157,treatment,2026-03-12,0
29158,control,2026-03-08,0
29159,control,2026-03-12,1
29160,control,2026-03-11,0
29161,control,2026-03-08,1
29162,treatment,2026-03-09,0
29163,control,2026-03-05,0
29164,treatment,2026-03-08,1
29165,control,2026-03-05,0
29166,treatment,2026-03-14,1
29167,treatment,2026-03-11,1
29168,treatment,2026-03-05,1
29169,control,2026-03-08,0
29170,control,2026-03-03,0
29171,treatment,2026-03-14,0
29172,treatment,2026-03-14,1
29173,control,2026-03-07,0
29174,control,2026-03-15,0
29175,control,2026-03-06,0
29176,control,2026-03-14,0
29177,treatment,2026-03-07,0
29178,control,2026-03-03,0
29179,control,2026-03-03,0
29180,treatment,2026-03-11,0
29181,control,2026-03-07,1
29182,treatment,2026-03-10,0
29183,control,2026-03-04,1
29184,treatment,2026-03-09,1
29185,treatment,2026-03-15,0
29186,treatment,2026-03-08,1
29187,control,2026-03-15,0
29188,treatment,2026-03-11,0
29189,control,2026-03-12,0
29190,control,2026-03-08,0
29191,treatment,2026-03-08,1
29192,control,2026-03-03,1
29193,control,2026-03-13,0
29194,control,2026-03-04,0
29195,treatment,2026-03-06,0
29196,treatment,2026-03-05,0
29197,treatment,2026-03-13,1
29198,treatment,2026-03-12,0
29199,control,2026-03-15,1
29200,control,2026-03-04,0
29201,control,2026-03-14,0
29202,treatment,2026-03-14,0
29203,control,2026-03-13,1
29204,treatment,2026-03-14,0
29205,control,2026-03-13,0
29206,control,2026-03-12,0
29207,control,2026-03-13,1
29208,treatment,2026-03-11,0
29209,treatment,2026-03-04,1
29210,control,2026-03-15,0
29211,control,2026-03-07,0
29212,control,2026-03-09,1
29213,control,2026-03-11,1
29214,control,2026-03-10,1
29215,control,2026-03-15,1
29216,treatment,2026-03-14,1
29217,treatment,2026-03-14,1
29218,treatment,2026-03-03,0
29219,control,2026-03-09,0
29220,treatment,2026-03-08,0
29221,control,2026-03-05,0
29222,treatment,2026-03-06,1
29223,treatment,2026-03-06,0
29224,treatment,2026-03-09,0
29225,control,2026-03-10,0
29226,control,2026-03-05,0
29227,control,2026-03-08,0
29228,control,2026-03-06,1
29229,control,2026-03-09,0
29230,treatment,2026-03-11,0
29231,control,2026-03-09,0
29232,treatment,2026-03-12,0
29233,control,2026-03-11,0
29234,treatment,2026-03-04,0
29235,treatment,2026-03-03,1
29236,treatment,2026-03-03,1
29237,treatment,2026-03-02,1
29238,treatment,2026-03-05,0
29239,control,2026-03-03,0
29240,treatment,2026-03-09,1
29241,control,2026-03-15,0
29242,control,2026-03-04,0
29243,treatment,2026-03-08,0
29244,treatment,2026-03-08,1
29245,treatment,2026-03-10,0
29246,treatment,2026-03-05,0
29247,treatment,2026-03-10,0
29248,control,2026-03-13,1
29249,control,2026-03-09,1
29250,control,2026-03-08,1
29251,control,2026-03-05,1
29252,control,2026-03-15,0
29253,control,2026-03-03,0
29254,control,2026-03-07,0
29255,control,2026-03-04,1
29256,treatment,2026-03-12,0
29257,treatment,2026-03-08,1
29258,control,2026-03-10,0
29259,treatment,2026-03-08,0
29260,control,2026-03-06,0
29261,control,2026-03-13,1
29262,treatment,2026-03-03,0
29263,control,2026-03-11,0
29264,control,2026-03-10,1
29265,control,2026-03-13,1
29266,treatment,2026-03-02,0
29267,control,2026-03-05,1
29268,control,2026-03-15,0
29269,treatment,2026-03-07,0
29270,control,2026-03-09,0
29271,treatment,2026-03-11,0
29272,control,2026-03-04,0
29273,control,2026-03-10,0
29274,treatment,2026-03-09,0
29275,treatment,2026-03-12,1
29276,treatment,2026-03-14,0
29277,treatment,2026-03-14,0
29278,control,2026-03-12,1
29279,control,2026-03-13,1
29280,control,2026-03-14,1
29281,control,2026-03-13,1
29282,control,2026-03-14,1
29283,treatment,2026-03-13,0
29284,control,2026-03-08,0
29285,control,2026-03-05,0
29286,control,2026-03-15,1
29287,treatment,2026-03-11,0
29288,control,2026-03-09,0
29289,treatment,2026-03-14,1
29290,treatment,2026-03-14,0
29291,treatment,2026-03-03,1
29292,treatment,2026-03-08,0
29293,control,2026-03-02,1
29294,treatment,2026-03-14,1
29295,control,2026-03-02,0
29296,treatment,2026-03-07,0
29297,control,2026-03-12,1
29298,control,2026-03-11,0
29299,treatment,2026-03-03,0
29300,treatment,2026-03-03,0
29301,control,2026-03-08,1
29302,treatment,2026-03-03,0
29303,control,2026-03-13,0
29304,control,2026-03-11,0
29305,treatment,2026-03-12,0
29306,treatment,2026-03-12,1
29307,treatment,2026-03-02,0
29308,treatment,2026-03-02,1
29309,treatment,2026-03-02,0
29310,treatment,2026-03-07,1
29311,control,2026-03-13,0
29312,treatment,2026-03-11,1
29313,treatment,2026-03-13,0
29314,treatment,2026-03-10,0
29315,control,2026-03-06,1
29316,control,2026-03-03,1
29317,control,2026-03-12,1
29318,treatment,2026-03-12,1
29319,control,2026-03-14,0
29320,treatment,2026-03-10,0
29321,treatment,2026-03-06,1
29322,treatment,2026-03-10,0
29323,control,2026-03-07,0
29324,treatment,2026-03-10,0
29325,control,2026-03-07,0
29326,control,2026-03-08,1
29327,treatment,2026-03-12,0
29328,treatment,2026-03-11,0
29329,control,2026-03-10,0
29330,control,2026-03-06,0
29331,treatment,2026-03-08,0
29332,treatment,2026-03-02,1
29333,control,2026-03-04,1
29334,control,2026-03-07,0
29335,treatment,2026-03-11,0
29336,treatment,2026-03-08,1
29337,treatment,2026-03-10,1
29338,treatment,2026-03-02,0
29339,treatment,2026-03-05,0
29340,treatment,2026-03-05,0
29341,control,2026-03-04,1
29342,control,2026-03-15,0
29343,treatment,2026-03-09,1
29344,treatment,2026-03-13,0
29345,treatment,2026-03-11,0
29346,treatment,2026-03-07,0
29347,control,2026-03-13,1
29348,treatment,2026-03-02,1
29349,control,2026-03-15,1
29350,treatment,2026-03-02,0
29351,treatment,2026-03-07,0
29352,treatment,2026-03-08,0
29353,treatment,2026-03-13,0
29354,treatment,2026-03-07,1
29355,control,2026-03-12,0
29356,treatment,2026-03-13,0
29357,control,2026-03-06,0
29358,treatment,2026-03-08,0
29359,control,2026-03-07,0
29360,treatment,2026-03-08,0
29361,treatment,2026-03-03,0
29362,treatment,2026-03-06,0
29363,treatment,2026-03-10,1
29364,treatment,2026-03-15,1
29365,control,2026-03-02,0
29366,treatment,2026-03-13,1
29367,treatment,2026-03-12,0
29368,treatment,2026-03-12,1
29369,treatment,2026-03-11,0
29370,control,2026-03-13,1
29371,treatment,2026-03-09,0
29372,control,2026-03-04,1
29373,control,2026-03-07,1
29374,control,2026-03-11,1
29375,treatment,2026-03-04,0
29376,treatment,2026-03-15,1
29377,control,2026-03-14,0
29378,treatment,2026-03-10,0
29379,treatment,2026-03-14,0
29380,treatment,2026-03-06,0
29381,control,2026-03-02,0
29382,treatment,2026-03-09,1
29383,treatment,2026-03-09,1
29384,treatment,2026-03-10,1
29385,control,2026-03-14,0
29386,treatment,2026-03-02,1
29387,control,2026-03-08,0
29388,control,2026-03-12,0
29389,control,2026-03-07,1
29390,treatment,2026-03-14,0
29391,control,2026-03-07,0
29392,control,2026-03-05,1
29393,treatment,2026-03-08,1
29394,control,2026-03-11,0
29395,control,2026-03-08,0
29396,control,2026-03-09,1
29397,control,2026-03-08,0
29398,treatment,2026-03-12,1
29399,treatment,2026-03-09,0
29400,treatment,2026-03-12,0
29401,treatment,2026-03-15,0
29402,control,2026-03-15,0
29403,control,2026-03-07,1
29404,treatment,2026-03-14,0
29405,treatment,2026-03-10,0
29406,treatment,2026-03-07,1
29407,treatment,2026-03-12,0
29408,control,2026-03-05,1
29409,control,2026-03-06,0
29410,treatment,2026-03-08,1
29411,control,2026-03-06,0
29412,treatment,2026-03-07,0
29413,treatment,2026-03-14,0
29414,control,2026-03-15,0
29415,control,2026-03-04,0
29416,control,2026-03-03,0
29417,control,2026-03-11,1
29418,control,2026-03-06,0
29419,control,2026-03-13,1
29420,treatment,2026-03-08,0
29421,treatment,2026-03-08,1
29422,control,2026-03-13,1
29423,control,2026-03-10,0
29424,control,2026-03-06,0
29425,control,2026-03-10,0
29426,control,2026-03-07,0
29427,control,2026-03-14,0
29428,control,2026-03-04,0
29429,control,2026-03-09,1
29430,control,2026-03-12,0
29431,control,2026-03-09,0
29432,treatment,2026-03-13,0
29433,control,2026-03-04,1
29434,treatment,2026-03-06,0
29435,treatment,2026-03-03,1
29436,control,2026-03-04,1
29437,control,2026-03-05,0
29438,control,2026-03-02,1
29439,treatment,2026-03-12,0
29440,control,2026-03-03,0
29441,control,2026-03-11,0
29442,treatment,2026-03-10,0
29443,control,2026-03-07,1
29444,treatment,2026-03-13,1
29445,control,2026-03-06,0
29446,control,2026-03-14,0
29447,treatment,2026-03-13,0
29448,control,2026-03-15,0
29449,control,2026-03-06,0
29450,treatment,2026-03-15,0
29451,treatment,2026-03-10,0
29452,control,2026-03-10,0
29453,control,2026-03-15,0
29454,treatment,2026-03-13,1
29455,control,2026-03-05,0
29456,control,2026-03-08,0
29457,control,2026-03-04,0
29458,control,2026-03-13,1
29459,treatment,2026-03-12,0
29460,treatment,2026-03-15,0
29461,control,2026-03-15,0
29462,control,2026-03-13,1
29463,treatment,2026-03-11,0
29464,treatment,2026-03-10,1
29465,control,2026-03-03,1
29466,treatment,2026-03-14,1
29467,treatment,2026-03-11,1
29468,treatment,2026-03-11,1
29469,control,2026-03-10,1
29470,treatment,2026-03-03,1
29471,treatment,2026-03-14,0
29472,control,2026-03-11,0
29473,treatment,2026-03-15,0
29474,treatment,2026-03-04,1
29475,treatment,2026-03-02,0
29476,treatment,2026-03-04,1
29477,treatment,2026-03-06,0
29478,control,2026-03-03,1
29479,control,2026-03-11,0
29480,treatment,2026-03-03,1
29481,control,2026-03-08,1
29482,treatment,2026-03-13,0
29483,control,2026-03-03,0
29484,treatment,2026-03-10,0
29485,treatment,2026-03-05,1
29486,control,2026-03-05,0
29487,treatment,2026-03-13,0
29488,treatment,2026-03-14,1
29489,treatment,2026-03-10,0
29490,control,2026-03-06,0
29491,control,2026-03-12,1
29492,control,2026-03-04,1
29493,treatment,2026-03-04,1
29494,control,2026-03-14,0
29495,control,2026-03-03,1
29496,treatment,2026-03-02,0
29497,treatment,2026-03-15,0
29498,control,2026-03-12,1
29499,control,2026-03-10,0
29500,control,2026-03-05,0
29501,control,2026-03-14,1
29502,treatment,2026-03-03,1
29503,treatment,2026-03-10,0
29504,control,2026-03-14,0
29505,control,2026-03-08,0
29506,control,2026-03-04,0
29507,control,2026-03-10,1
29508,control,2026-03-13,0
29509,treatment,2026-03-08,0
29510,treatment,2026-03-08,1
29511,treatment,2026-03-12,1
29512,control,2026-03-11,0
29513,treatment,2026-03-04,0
29514,treatment,2026-03-15,0
29515,treatment,2026-03-02,0
29516,treatment,2026-03-08,0
29517,treatment,2026-03-08,0
29518,control,2026-03-10,0
29519,treatment,2026-03-02,1
29520,control,2026-03-04,1
29521,treatment,2026-03-05,0
29522,treatment,2026-03-02,0
29523,control,2026-03-02,0
29524,treatment,2026-03-11,1
29525,treatment,2026-03-13,0
29526,treatment,2026-03-10,0
29527,treatment,2026-03-06,0
29528,treatment,2026-03-04,0
29529,treatment,2026-03-15,0
29530,treatment,2026-03-09,0
29531,treatment,2026-03-10,0
29532,control,2026-03-12,0
29533,treatment,2026-03-07,1
29534,treatment,2026-03-12,0
29535,control,2026-03-06,0
29536,control,2026-03-02,0
29537,control,2026-03-04,0
29538,control,2026-03-07,0
29539,treatment,2026-03-06,0
29540,control,2026-03-05,0
29541,control,2026-03-12,0
29542,control,2026-03-04,0
29543,control,2026-03-04,0
29544,treatment,2026-03-11,1
29545,treatment,2026-03-05,1
29546,treatment,2026-03-14,1
29547,treatment,2026-03-09,0
29548,control,2026-03-15,0
29549,control,2026-03-09,1
29550,control,2026-03-10,1
29551,treatment,2026-03-10,1
29552,treatment,2026-03-11,0
29553,control,2026-03-02,0
29554,treatment,2026-03-09,1
29555,treatment,2026-03-10,0
29556,control,2026-03-09,0
29557,control,2026-03-02,0
29558,treatment,2026-03-02,0
29559,control,2026-03-04,0
29560,control,2026-03-14,1
29561,treatment,2026-03-10,0
29562,control,2026-03-06,0
29563,treatment,2026-03-08,1
29564,control,2026-03-11,1
29565,treatment,2026-03-09,0
29566,treatment,2026-03-02,0
29567,treatment,2026-03-12,1
29568,treatment,2026-03-04,1
29569,control,2026-03-04,0
29570,control,2026-03-12,0
29571,control,2026-03-06,0
29572,control,2026-03-10,0
29573,treatment,2026-03-09,0
29574,control,2026-03-08,0
29575,control,2026-03-04,0
29576,control,2026-03-07,1
29577,control,2026-03-06,0
29578,control,2026-03-07,0
29579,control,2026-03-14,0
29580,treatment,2026-03-08,0
29581,treatment,2026-03-10,0
29582,treatment,2026-03-05,1
29583,control,2026-03-09,0
29584,control,2026-03-02,0
29585,treatment,2026-03-10,0
29586,treatment,2026-03-02,0
29587,control,2026-03-10,0
29588,treatment,2026-03-15,0
29589,treatment,2026-03-04,0
29590,control,2026-03-11,1
29591,control,2026-03-09,0
29592,control,2026-03-03,1
29593,treatment,2026-03-08,1
29594,control,2026-03-14,0
29595,treatment,2026-03-13,0
29596,control,2026-03-07,1
29597,control,2026-03-02,0
29598,treatment,2026-03-03,0
29599,treatment,2026-03-02,1
29600,treatment,2026-03-13,1
29601,treatment,2026-03-13,0
29602,treatment,2026-03-12,0
29603,treatment,2026-03-05,0
29604,control,2026-03-08,0
29605,treatment,2026-03-14,0
29606,treatment,2026-03-07,1
29607,treatment,2026-03-09,0
29608,treatment,2026-03-15,0
29609,control,2026-03-08,1
29610,treatment,2026-03-03,0
29611,control,2026-03-02,0
29612,control,2026-03-04,0
29613,treatment,2026-03-13,0
29614,control,2026-03-09,0
29615,control,2026-03-06,0
29616,treatment,2026-03-03,0
29617,treatment,2026-03-10,0
29618,control,2026-03-11,0
29619,treatment,2026-03-05,1
29620,treatment,2026-03-11,0
29621,treatment,2026-03-05,1
29622,control,2026-03-11,0
29623,treatment,2026-03-15,0
29624,control,2026-03-12,0
29625,control,2026-03-06,1
29626,control,2026-03-09,1
29627,treatment,2026-03-12,0
29628,treatment,2026-03-02,0
29629,control,2026-03-12,0
29630,control,2026-03-09,0
29631,control,2026-03-15,0
29632,treatment,2026-03-08,0
29633,control,2026-03-02,1
29634,control,2026-03-08,0
29635,control,2026-03-15,1
29636,treatment,2026-03-11,0
29637,control,2026-03-07,1
29638,control,2026-03-02,0
29639,control,2026-03-06,0
29640,treatment,2026-03-04,0
29641,control,2026-03-02,0
29642,control,2026-03-05,0
29643,treatment,2026-03-13,0
29644,control,2026-03-05,0
29645,treatment,2026-03-02,0
29646,control,2026-03-11,1
29647,control,2026-03-02,0
29648,treatment,2026-03-10,0
29649,control,2026-03-04,0
29650,control,2026-03-14,1
29651,treatment,2026-03-10,0
29652,control,2026-03-15,0
29653,control,2026-03-10,0
29654,treatment,2026-03-14,1
29655,treatment,2026-03-04,1
29656,treatment,2026-03-11,0
29657,treatment,2026-03-13,1
29658,treatment,2026-03-04,0
29659,treatment,2026-03-15,0
29660,control,2026-03-09,1
29661,control,2026-03-15,0
29662,treatment,2026-03-15,1
29663,treatment,2026-03-07,0
29664,control,2026-03-12,0
29665,treatment,2026-03-04,0
29666,treatment,2026-03-11,0
29667,treatment,2026-03-04,1
29668,treatment,2026-03-07,0
29669,control,2026-03-10,0
29670,treatment,2026-03-03,0
29671,treatment,2026-03-07,0
29672,treatment,2026-03-10,1
29673,control,2026-03-08,0
29674,control,2026-03-03,1
29675,treatment,2026-03-04,0
29676,treatment,2026-03-11,0
29677,treatment,2026-03-08,0
29678,control,2026-03-02,1
29679,treatment,2026-03-09,1
29680,control,2026-03-14,0
29681,treatment,2026-03-02,0
29682,control,2026-03-12,0
29683,control,2026-03-04,0
29684,treatment,2026-03-15,1
29685,treatment,2026-03-03,0
29686,control,2026-03-14,0
29687,treatment,2026-03-11,0
29688,treatment,2026-03-03,0
29689,control,2026-03-07,1
29690,treatment,2026-03-07,1
29691,control,2026-03-05,0
29692,control,2026-03-07,0
29693,treatment,2026-03-14,1
29694,treatment,2026-03-12,0
29695,treatment,2026-03-07,1
29696,treatment,2026-03-11,1
29697,control,2026-03-06,1
29698,control,2026-03-08,0
29699,control,2026-03-10,0
29700,treatment,2026-03-06,0
29701,control,2026-03-08,0
29702,treatment,2026-03-14,1
29703,treatment,2026-03-12,1
29704,control,2026-03-04,1
29705,treatment,2026-03-08,1
29706,control,2026-03-07,0
29707,control,2026-03-03,0
29708,treatment,2026-03-11,1
29709,control,2026-03-11,0
29710,control,2026-03-10,1
29711,treatment,2026-03-09,0
29712,treatment,2026-03-08,1
29713,control,2026-03-08,0
29714,control,2026-03-09,1
29715,control,2026-03-08,0
29716,control,2026-03-14,0
29717,control,2026-03-15,0
29718,treatment,2026-03-12,1
29719,treatment,2026-03-08,0
29720,control,2026-03-04,0
29721,treatment,2026-03-03,1
29722,treatment,2026-03-05,0
29723,treatment,2026-03-11,1
29724,treatment,2026-03-08,0
29725,treatment,2026-03-13,0
29726,treatment,2026-03-11,0
29727,treatment,2026-03-05,0
29728,control,2026-03-11,0
29729,control,2026-03-14,0
29730,treatment,2026-03-08,0
29731,treatment,2026-03-08,0
29732,control,2026-03-12,1
29733,control,2026-03-07,0
29734,treatment,2026-03-10,1
29735,treatment,2026-03-06,0
29736,control,2026-03-14,1
29737,control,2026-03-02,1
29738,control,2026-03-03,0
29739,control,2026-03-04,1
29740,treatment,2026-03-02,0
29741,control,2026-03-09,0
29742,treatment,2026-03-06,1
29743,treatment,2026-03-04,1
29744,control,2026-03-08,0
29745,treatment,2026-03-08,0
29746,treatment,2026-03-08,0
29747,treatment,2026-03-05,0
29748,treatment,2026-03-15,1
29749,control,2026-03-13,0
29750,treatment,2026-03-07,1
29751,control,2026-03-04,1
29752,treatment,2026-03-07,0
29753,control,2026-03-13,1
29754,treatment,2026-03-08,0
29755,control,2026-03-04,0
29756,control,2026-03-12,0
29757,control,2026-03-11,0
29758,control,2026-03-04,0
29759,control,2026-03-02,0
29760,control,2026-03-06,1
29761,treatment,2026-03-11,0
29762,treatment,2026-03-12,0
29763,treatment,2026-03-11,1
29764,treatment,2026-03-05,0
29765,control,2026-03-05,0
29766,control,2026-03-14,0
29767,control,2026-03-09,0
29768,treatment,2026-03-07,0
29769,control,2026-03-13,1
29770,treatment,2026-03-12,0
29771,treatment,2026-03-14,1
29772,treatment,2026-03-09,0
29773,control,2026-03-09,1
29774,control,2026-03-04,1
29775,treatment,2026-03-04,0
29776,treatment,2026-03-04,0
29777,control,2026-03-03,1
29778,treatment,2026-03-02,0
29779,treatment,2026-03-10,1
29780,treatment,2026-03-12,0
29781,control,2026-03-09,0
29782,treatment,2026-03-12,1
29783,control,2026-03-12,0
29784,treatment,2026-03-06,0
29785,treatment,2026-03-06,1
29786,control,2026-03-04,0
29787,control,2026-03-11,1
29788,treatment,2026-03-09,0
29789,treatment,2026-03-08,1
29790,control,2026-03-10,1
29791,treatment,2026-03-10,1
29792,control,2026-03-11,0
29793,control,2026-03-10,0
29794,treatment,2026-03-04,1
29795,control,2026-03-15,0
29796,treatment,2026-03-05,0
29797,control,2026-03-05,0
29798,treatment,2026-03-05,0
29799,control,2026-03-06,0
29800,control,2026-03-10,0
29801,treatment,2026-03-12,0
29802,treatment,2026-03-09,1
29803,treatment,2026-03-09,0
29804,treatment,2026-03-06,0
29805,treatment,2026-03-08,0
29806,treatment,2026-03-04,1
29807,control,2026-03-04,1
29808,control,2026-03-03,0
29809,treatment,2026-03-12,0
29810,control,2026-03-15,1
29811,control,2026-03-13,0
29812,control,2026-03-13,1
29813,control,2026-03-03,0
29814,treatment,2026-03-06,1
29815,treatment,2026-03-11,0
29816,control,2026-03-08,1
29817,treatment,2026-03-09,1
29818,treatment,2026-03-15,0
29819,control,2026-03-06,0
29820,treatment,2026-03-09,0
29821,treatment,2026-03-15,0
29822,treatment,2026-03-08,0
29823,treatment,2026-03-11,1
29824,control,2026-03-09,1
29825,control,2026-03-12,0
29826,treatment,2026-03-07,1
29827,treatment,2026-03-10,0
29828,control,2026-03-15,0
29829,control,2026-03-03,0
29830,treatment,2026-03-12,1
29831,control,2026-03-03,0
29832,control,2026-03-05,1
29833,treatment,2026-03-04,1
29834,control,2026-03-02,0
29835,treatment,2026-03-14,1
29836,treatment,2026-03-03,0
29837,control,2026-03-06,0
29838,treatment,2026-03-12,0
29839,control,2026-03-08,0
29840,treatment,2026-03-15,1
29841,treatment,2026-03-05,0
29842,treatment,2026-03-09,1
29843,control,2026-03-06,1
29844,treatment,2026-03-03,1
29845,control,2026-03-15,0
29846,treatment,2026-03-06,1
29847,treatment,2026-03-03,0
29848,control,2026-03-05,0
29849,treatment,2026-03-11,1
29850,control,2026-03-05,0
29851,treatment,2026-03-15,0
29852,treatment,2026-03-06,0
29853,treatment,2026-03-11,0
29854,control,2026-03-05,1
29855,treatment,2026-03-10,1
29856,control,2026-03-06,1
29857,control,2026-03-07,0
29858,control,2026-03-05,0
29859,control,2026-03-07,0
29860,treatment,2026-03-06,0
29861,control,2026-03-04,1
29862,control,2026-03-11,0
29863,treatment,2026-03-08,0
29864,treatment,2026-03-03,0
29865,control,2026-03-09,0
29866,control,2026-03-14,1
29867,control,2026-03-03,0
29868,control,2026-03-10,0
29869,control,2026-03-02,1
29870,treatment,2026-03-06,0
29871,control,2026-03-14,0
29872,control,2026-03-12,0
29873,treatment,2026-03-05,1
29874,treatment,2026-03-05,0
29875,treatment,2026-03-09,1
29876,treatment,2026-03-08,1
29877,control,2026-03-14,0
29878,control,2026-03-04,0
29879,control,2026-03-14,1
29880,control,2026-03-15,1
29881,control,2026-03-07,0
29882,control,2026-03-10,0
29883,control,2026-03-09,0
29884,control,2026-03-14,0
29885,control,2026-03-07,0
29886,treatment,2026-03-10,0
29887,control,2026-03-04,0
29888,control,2026-03-13,0
29889,treatment,2026-03-13,1
29890,treatment,2026-03-03,0
29891,treatment,2026-03-04,1
29892,treatment,2026-03-12,0
29893,treatment,2026-03-12,0
29894,treatment,2026-03-13,0
29895,treatment,2026-03-13,0
29896,treatment,2026-03-15,0
29897,control,2026-03-13,0
29898,control,2026-03-13,0
29899,treatment,2026-03-09,1
29900,control,2026-03-15,0
29901,treatment,2026-03-14,1
29902,control,2026-03-08,0
29903,treatment,2026-03-10,0
29904,control,2026-03-12,0
29905,control,2026-03-14,0
29906,treatment,2026-03-10,0
29907,control,2026-03-06,0
29908,treatment,2026-03-10,0
29909,treatment,2026-03-11,1
29910,treatment,2026-03-09,1
29911,control,2026-03-04,0
29912,treatment,2026-03-10,1
29913,treatment,2026-03-09,1
29914,treatment,2026-03-07,0
29915,treatment,2026-03-08,0
29916,treatment,2026-03-07,0
29917,treatment,2026-03-06,0
29918,control,2026-03-08,0
29919,treatment,2026-03-03,1
29920,control,2026-03-07,0
29921,control,2026-03-07,1
29922,control,2026-03-11,1
29923,control,2026-03-12,1
29924,treatment,2026-03-10,0
29925,treatment,2026-03-02,1
29926,control,2026-03-15,0
29927,treatment,2026-03-14,0
29928,control,2026-03-11,1
29929,control,2026-03-11,1
29930,control,2026-03-04,1
29931,treatment,2026-03-09,1
29932,treatment,2026-03-09,0
29933,control,2026-03-06,0
29934,control,2026-03-06,0
29935,control,2026-03-04,0
29936,treatment,2026-03-12,0
29937,control,2026-03-08,1
29938,control,2026-03-11,1
29939,treatment,2026-03-05,1
29940,treatment,2026-03-13,1
29941,control,2026-03-03,1
29942,treatment,2026-03-14,0
29943,control,2026-03-10,1
29944,control,2026-03-11,1
29945,control,2026-03-10,1
29946,treatment,2026-03-05,1
29947,control,2026-03-12,0
29948,treatment,2026-03-04,0
29949,control,2026-03-03,0
29950,treatment,2026-03-03,1
29951,treatment,2026-03-13,0
29952,treatment,2026-03-09,1
29953,control,2026-03-05,0
29954,control,2026-03-14,0
29955,treatment,2026-03-13,1
29956,treatment,2026-03-08,0
29957,treatment,2026-03-11,0
29958,control,2026-03-06,1
29959,control,2026-03-09,1
29960,treatment,2026-03-10,0
29961,treatment,2026-03-06,0
29962,control,2026-03-05,0
29963,treatment,2026-03-15,0
29964,control,2026-03-11,0
29965,control,2026-03-09,1
29966,treatment,2026-03-02,0
29967,control,2026-03-08,0
29968,control,2026-03-05,0
29969,control,2026-03-06,1
29970,treatment,2026-03-13,0
29971,control,2026-03-12,0
29972,control,2026-03-11,1
29973,treatment,2026-03-07,0
29974,control,2026-03-13,1
29975,treatment,2026-03-14,1
29976,treatment,2026-03-08,1
29977,treatment,2026-03-04,1
29978,treatment,2026-03-15,1
29979,control,2026-03-14,0
29980,treatment,2026-03-11,0
29981,treatment,2026-03-15,1
29982,treatment,2026-03-07,0
29983,control,2026-03-15,0
29984,treatment,2026-03-05,1
29985,treatment,2026-03-02,0
29986,treatment,2026-03-15,0
29987,control,2026-03-15,0
29988,control,2026-03-13,0
29989,control,2026-03-09,0
29990,treatment,2026-03-03,1
29991,treatment,2026-03-10,1
29992,control,2026-03-10,0
29993,control,2026-03-07,0
29994,control,2026-03-06,0
29995,control,2026-03-03,0
29996,control,2026-03-09,0
29997,control,2026-03-02,0
29998,control,2026-03-08,0
29999,treatment,2026-03-14,1
30000,control,2026-03-04,0
