unit_id,platform,week,period,treated,outcome
1,ios,1,pre,1,6.05
2,ios,1,pre,1,5.36
3,ios,1,pre,1,5.44
4,ios,1,pre,1,6.18
5,ios,1,pre,1,6.12
6,ios,1,pre,1,5.03
7,ios,1,pre,1,4.25
8,ios,1,pre,1,4.66
9,ios,1,pre,1,4.43
10,ios,1,pre,1,3.58
11,ios,1,pre,1,4.4
12,ios,1,pre,1,6.08
13,ios,1,pre,1,5.83
14,ios,1,pre,1,5.87
15,ios,1,pre,1,4.78
16,ios,1,pre,1,4.3
17,ios,1,pre,1,4.69
18,ios,1,pre,1,6.72
19,ios,1,pre,1,4.8
20,ios,1,pre,1,4.81
21,ios,1,pre,1,5.82
22,ios,1,pre,1,5.76
23,ios,1,pre,1,5.36
24,ios,1,pre,1,5.49
25,ios,1,pre,1,7.44
26,ios,1,pre,1,5.33
27,ios,1,pre,1,4.56
28,ios,1,pre,1,5.95
29,ios,1,pre,1,4.27
30,ios,1,pre,1,5.01
31,ios,1,pre,1,4.21
32,ios,1,pre,1,4.08
33,ios,1,pre,1,4.42
34,ios,1,pre,1,5.97
35,ios,1,pre,1,5.86
36,ios,1,pre,1,5.12
37,ios,1,pre,1,2.87
38,ios,1,pre,1,3.59
39,ios,1,pre,1,6.16
40,ios,1,pre,1,5.19
41,ios,1,pre,1,4.27
42,ios,1,pre,1,2.61
43,ios,1,pre,1,4.33
44,ios,1,pre,1,6.97
45,ios,1,pre,1,4.39
46,ios,1,pre,1,4.83
47,ios,1,pre,1,4.44
48,ios,1,pre,1,4.09
49,ios,1,pre,1,6.16
50,ios,1,pre,1,5.98
51,ios,1,pre,1,5.39
52,ios,1,pre,1,5.36
53,ios,1,pre,1,5.39
54,ios,1,pre,1,5.26
55,ios,1,pre,1,4.36
56,ios,1,pre,1,5.09
57,ios,1,pre,1,6.07
58,ios,1,pre,1,4.56
59,ios,1,pre,1,4.41
60,ios,1,pre,1,5.59
61,ios,1,pre,1,6.31
62,ios,1,pre,1,6.84
63,ios,1,pre,1,5.84
64,ios,1,pre,1,6.89
65,ios,1,pre,1,5.56
66,ios,1,pre,1,7.86
67,ios,1,pre,1,3.18
68,ios,1,pre,1,6.54
69,ios,1,pre,1,4.07
70,ios,1,pre,1,6.67
71,ios,1,pre,1,6.81
72,ios,1,pre,1,6.38
73,ios,1,pre,1,6.34
74,ios,1,pre,1,5.16
75,ios,1,pre,1,5.81
76,ios,1,pre,1,4.92
77,ios,1,pre,1,4.94
78,ios,1,pre,1,5.9
79,ios,1,pre,1,6.06
80,ios,1,pre,1,6.79
81,ios,1,pre,1,3.74
82,ios,1,pre,1,5.98
83,ios,1,pre,1,6.29
84,ios,1,pre,1,4.76
85,ios,1,pre,1,6.06
86,ios,1,pre,1,5.4
87,ios,1,pre,1,6.68
88,ios,1,pre,1,3.05
89,ios,1,pre,1,5.32
90,ios,1,pre,1,5.43
91,ios,1,pre,1,5.94
92,ios,1,pre,1,5.6
93,ios,1,pre,1,5.45
94,ios,1,pre,1,5.73
95,ios,1,pre,1,5.99
96,ios,1,pre,1,5.82
97,ios,1,pre,1,4.17
98,ios,1,pre,1,4.9
99,ios,1,pre,1,5.41
100,ios,1,pre,1,3.83
101,ios,1,pre,1,4.43
102,ios,1,pre,1,5.56
103,ios,1,pre,1,5.45
104,ios,1,pre,1,7.51
105,ios,1,pre,1,4.98
106,ios,1,pre,1,2.59
107,ios,1,pre,1,3.41
108,ios,1,pre,1,5.43
109,ios,1,pre,1,4.05
110,ios,1,pre,1,4.46
111,ios,1,pre,1,4.88
112,ios,1,pre,1,3.94
113,ios,1,pre,1,5.69
114,ios,1,pre,1,5.72
115,ios,1,pre,1,5.89
116,ios,1,pre,1,4.71
117,ios,1,pre,1,5.84
118,ios,1,pre,1,6.74
119,ios,1,pre,1,5.46
120,ios,1,pre,1,5.01
121,ios,1,pre,1,3.99
122,ios,1,pre,1,4.66
123,ios,1,pre,1,4.61
124,ios,1,pre,1,6.52
125,ios,1,pre,1,5.77
126,ios,1,pre,1,5.85
127,ios,1,pre,1,5.21
128,ios,1,pre,1,4.48
129,ios,1,pre,1,6.1
130,ios,1,pre,1,6.77
131,ios,1,pre,1,4.86
132,ios,1,pre,1,5.7
133,ios,1,pre,1,4.22
134,ios,1,pre,1,5.49
135,ios,1,pre,1,5.88
136,ios,1,pre,1,3.63
137,ios,1,pre,1,3.84
138,ios,1,pre,1,5.48
139,ios,1,pre,1,5.82
140,ios,1,pre,1,6.58
141,ios,1,pre,1,6.08
142,ios,1,pre,1,4.77
143,ios,1,pre,1,5.1
144,ios,1,pre,1,4.45
145,ios,1,pre,1,5.95
146,ios,1,pre,1,5.4
147,ios,1,pre,1,3.97
148,ios,1,pre,1,5.31
149,ios,1,pre,1,5.38
150,ios,1,pre,1,5.89
151,ios,1,pre,1,5.9
152,ios,1,pre,1,3.86
153,ios,1,pre,1,7.21
154,ios,1,pre,1,4.72
155,ios,1,pre,1,5.16
156,ios,1,pre,1,4.23
157,ios,1,pre,1,5.2
158,ios,1,pre,1,6.66
159,ios,1,pre,1,6.86
160,ios,1,pre,1,6.13
161,ios,1,pre,1,3.8
162,ios,1,pre,1,3.59
163,ios,1,pre,1,5.1
164,ios,1,pre,1,4.11
165,ios,1,pre,1,4.37
166,ios,1,pre,1,5.65
167,ios,1,pre,1,4.25
168,ios,1,pre,1,4.69
169,ios,1,pre,1,5.85
170,ios,1,pre,1,4.61
171,ios,1,pre,1,5.19
172,ios,1,pre,1,5.81
173,ios,1,pre,1,5.3
174,ios,1,pre,1,5.59
175,ios,1,pre,1,3.45
176,ios,1,pre,1,5.77
177,ios,1,pre,1,4.28
178,ios,1,pre,1,6.48
179,ios,1,pre,1,4.71
180,ios,1,pre,1,3.79
181,ios,1,pre,1,3.23
182,ios,1,pre,1,5.91
183,ios,1,pre,1,4.27
184,ios,1,pre,1,3.31
185,ios,1,pre,1,7.71
186,ios,1,pre,1,4.92
187,ios,1,pre,1,4.43
188,ios,1,pre,1,5.16
189,ios,1,pre,1,5.51
190,ios,1,pre,1,4.02
191,ios,1,pre,1,3.12
192,ios,1,pre,1,5.22
193,ios,1,pre,1,6.33
194,ios,1,pre,1,3.5
195,ios,1,pre,1,8.12
196,ios,1,pre,1,6.02
197,ios,1,pre,1,4.84
198,ios,1,pre,1,5.18
199,ios,1,pre,1,5.9
200,ios,1,pre,1,4.48
201,ios,1,pre,1,4.24
202,ios,1,pre,1,3.93
203,ios,1,pre,1,4.35
204,ios,1,pre,1,5.2
205,ios,1,pre,1,5.01
206,ios,1,pre,1,6.53
207,ios,1,pre,1,4.03
208,ios,1,pre,1,5.44
209,ios,1,pre,1,7.87
210,ios,1,pre,1,4.67
211,ios,1,pre,1,5.83
212,ios,1,pre,1,5.82
213,ios,1,pre,1,4.74
214,ios,1,pre,1,4.6
215,ios,1,pre,1,2.48
216,ios,1,pre,1,4.6
217,ios,1,pre,1,7.22
218,ios,1,pre,1,3.47
219,ios,1,pre,1,6.32
220,ios,1,pre,1,6.66
221,ios,1,pre,1,5.75
222,ios,1,pre,1,5.99
223,ios,1,pre,1,5.34
224,ios,1,pre,1,4.48
225,ios,1,pre,1,4.45
226,ios,1,pre,1,5.17
227,ios,1,pre,1,3.22
228,ios,1,pre,1,5.36
229,ios,1,pre,1,4.44
230,ios,1,pre,1,7.59
231,ios,1,pre,1,5.01
232,ios,1,pre,1,3.13
233,ios,1,pre,1,2.97
234,ios,1,pre,1,3.95
235,ios,1,pre,1,3.65
236,ios,1,pre,1,5.84
237,ios,1,pre,1,5.29
238,ios,1,pre,1,4.54
239,ios,1,pre,1,4.05
240,ios,1,pre,1,7.64
241,ios,1,pre,1,7.23
242,ios,1,pre,1,4.12
243,ios,1,pre,1,5.58
244,ios,1,pre,1,4.84
245,ios,1,pre,1,7.5
246,ios,1,pre,1,3.82
247,ios,1,pre,1,5.26
248,ios,1,pre,1,4.19
249,ios,1,pre,1,4.3
250,ios,1,pre,1,5.59
251,ios,1,pre,1,4.16
252,ios,1,pre,1,5.89
253,ios,1,pre,1,5.48
254,ios,1,pre,1,5.81
255,ios,1,pre,1,2.48
256,ios,1,pre,1,6.08
257,ios,1,pre,1,4.05
258,ios,1,pre,1,4.67
259,ios,1,pre,1,5.81
260,ios,1,pre,1,6.57
261,ios,1,pre,1,5.06
262,ios,1,pre,1,6.55
263,ios,1,pre,1,4.33
264,ios,1,pre,1,4.72
265,ios,1,pre,1,5.73
266,ios,1,pre,1,5.16
267,ios,1,pre,1,4.58
268,ios,1,pre,1,5.16
269,ios,1,pre,1,4.19
270,ios,1,pre,1,7.39
271,ios,1,pre,1,4.51
272,ios,1,pre,1,6.72
273,ios,1,pre,1,5.92
274,ios,1,pre,1,3.4
275,ios,1,pre,1,6.64
276,ios,1,pre,1,5.43
277,ios,1,pre,1,4.64
278,ios,1,pre,1,5.76
279,ios,1,pre,1,5.63
280,ios,1,pre,1,6.61
281,ios,1,pre,1,6.35
282,ios,1,pre,1,5.85
283,ios,1,pre,1,4.7
284,ios,1,pre,1,2.09
285,ios,1,pre,1,4.79
286,ios,1,pre,1,3.85
287,ios,1,pre,1,4.72
288,ios,1,pre,1,5.35
289,ios,1,pre,1,6.11
290,ios,1,pre,1,5.64
291,ios,1,pre,1,3.97
292,ios,1,pre,1,4.79
293,ios,1,pre,1,4.49
294,ios,1,pre,1,5.66
295,ios,1,pre,1,6.18
296,ios,1,pre,1,1.48
297,ios,1,pre,1,4.62
298,ios,1,pre,1,4.43
299,ios,1,pre,1,5.68
300,ios,1,pre,1,5.81
301,ios,1,pre,1,4.85
302,ios,1,pre,1,4.47
303,ios,1,pre,1,4.33
304,ios,1,pre,1,4.38
305,ios,1,pre,1,3.71
306,ios,1,pre,1,4.52
307,ios,1,pre,1,5.87
308,ios,1,pre,1,4.46
309,ios,1,pre,1,4.78
310,ios,1,pre,1,4.92
311,ios,1,pre,1,5.82
312,ios,1,pre,1,5.67
313,ios,1,pre,1,5.54
314,ios,1,pre,1,5.29
315,ios,1,pre,1,2.56
316,ios,1,pre,1,4.4
317,ios,1,pre,1,5.6
318,ios,1,pre,1,4.31
319,ios,1,pre,1,6.37
320,ios,1,pre,1,5.38
321,ios,1,pre,1,6.6
322,ios,1,pre,1,6.21
323,ios,1,pre,1,4.73
324,ios,1,pre,1,6.41
325,ios,1,pre,1,7.55
326,ios,1,pre,1,6.45
327,ios,1,pre,1,3.29
328,ios,1,pre,1,6.23
329,ios,1,pre,1,5.93
330,ios,1,pre,1,5.94
331,ios,1,pre,1,5.68
332,ios,1,pre,1,4.4
333,ios,1,pre,1,3.19
334,ios,1,pre,1,5.27
335,ios,1,pre,1,2.68
336,ios,1,pre,1,4.92
337,ios,1,pre,1,4.86
338,ios,1,pre,1,5.77
339,ios,1,pre,1,4.86
340,ios,1,pre,1,4.78
341,ios,1,pre,1,5.69
342,ios,1,pre,1,6.73
343,ios,1,pre,1,3.77
344,ios,1,pre,1,6.59
345,ios,1,pre,1,3.13
346,ios,1,pre,1,4.88
347,ios,1,pre,1,5.26
348,ios,1,pre,1,6.87
349,ios,1,pre,1,4.51
350,ios,1,pre,1,5.31
351,ios,1,pre,1,6.76
352,ios,1,pre,1,4.16
353,ios,1,pre,1,5.73
354,ios,1,pre,1,5.53
355,ios,1,pre,1,6.02
356,ios,1,pre,1,4.64
357,ios,1,pre,1,4.74
358,ios,1,pre,1,5.19
359,ios,1,pre,1,6.03
360,ios,1,pre,1,3.47
361,ios,1,pre,1,4.17
362,ios,1,pre,1,6.94
363,ios,1,pre,1,4.31
364,ios,1,pre,1,5.76
365,ios,1,pre,1,5.13
366,ios,1,pre,1,3.4
367,ios,1,pre,1,6.07
368,ios,1,pre,1,3.54
369,ios,1,pre,1,5.13
370,ios,1,pre,1,6.73
371,ios,1,pre,1,4.56
372,ios,1,pre,1,5.91
373,ios,1,pre,1,4.73
374,ios,1,pre,1,5.34
375,ios,1,pre,1,6.59
376,ios,1,pre,1,5.95
377,ios,1,pre,1,7.8
378,ios,1,pre,1,6.15
379,ios,1,pre,1,4.2
380,ios,1,pre,1,5.91
381,ios,1,pre,1,5.64
382,ios,1,pre,1,4.54
383,ios,1,pre,1,4.82
384,ios,1,pre,1,6.26
385,ios,1,pre,1,4.87
386,ios,1,pre,1,6.12
387,ios,1,pre,1,6.43
388,ios,1,pre,1,6.25
389,ios,1,pre,1,5.47
390,ios,1,pre,1,7.77
391,ios,1,pre,1,4.55
392,ios,1,pre,1,5.18
393,ios,1,pre,1,5.84
394,ios,1,pre,1,3.98
395,ios,1,pre,1,5.69
396,ios,1,pre,1,4.97
397,ios,1,pre,1,5.92
398,ios,1,pre,1,3.08
399,ios,1,pre,1,5.22
400,ios,1,pre,1,4.66
401,ios,1,pre,1,5.1
402,ios,1,pre,1,4.85
403,ios,1,pre,1,5.52
404,ios,1,pre,1,6.36
405,ios,1,pre,1,6.06
406,ios,1,pre,1,3.83
407,ios,1,pre,1,4.74
408,ios,1,pre,1,6.17
409,ios,1,pre,1,5.33
410,ios,1,pre,1,5.32
411,ios,1,pre,1,6.85
412,ios,1,pre,1,5.38
413,ios,1,pre,1,5.24
414,ios,1,pre,1,4.25
415,ios,1,pre,1,5.02
416,ios,1,pre,1,4.01
417,ios,1,pre,1,4.22
418,ios,1,pre,1,4.99
419,ios,1,pre,1,7.5
420,ios,1,pre,1,5.85
421,ios,1,pre,1,4.44
422,ios,1,pre,1,4.49
423,ios,1,pre,1,7.62
424,ios,1,pre,1,6.61
425,ios,1,pre,1,3.98
426,ios,1,pre,1,4.12
427,ios,1,pre,1,5.82
428,ios,1,pre,1,3.55
429,ios,1,pre,1,4.14
430,ios,1,pre,1,5.31
431,ios,1,pre,1,7.48
432,ios,1,pre,1,5.53
433,ios,1,pre,1,4.07
434,ios,1,pre,1,4.55
435,ios,1,pre,1,5.35
436,ios,1,pre,1,5.7
437,ios,1,pre,1,3.35
438,ios,1,pre,1,6.87
439,ios,1,pre,1,4.71
440,ios,1,pre,1,4.16
441,ios,1,pre,1,5.04
442,ios,1,pre,1,4.48
443,ios,1,pre,1,4.24
444,ios,1,pre,1,6.61
445,ios,1,pre,1,5.54
446,ios,1,pre,1,3.27
447,ios,1,pre,1,7.44
448,ios,1,pre,1,4.07
449,ios,1,pre,1,6.38
450,ios,1,pre,1,4.45
451,ios,1,pre,1,4.88
452,ios,1,pre,1,7.14
453,ios,1,pre,1,6.56
454,ios,1,pre,1,5.06
455,ios,1,pre,1,5.08
456,ios,1,pre,1,5.15
457,ios,1,pre,1,4.98
458,ios,1,pre,1,5.19
459,ios,1,pre,1,4.57
460,ios,1,pre,1,3.58
461,ios,1,pre,1,7.88
462,ios,1,pre,1,3.55
463,ios,1,pre,1,5.66
464,ios,1,pre,1,2.0
465,ios,1,pre,1,5.2
466,ios,1,pre,1,5.21
467,ios,1,pre,1,6.01
468,ios,1,pre,1,4.91
469,ios,1,pre,1,3.28
470,ios,1,pre,1,5.24
471,ios,1,pre,1,4.71
472,ios,1,pre,1,4.99
473,ios,1,pre,1,5.93
474,ios,1,pre,1,4.51
475,ios,1,pre,1,5.88
476,ios,1,pre,1,7.25
477,ios,1,pre,1,4.05
478,ios,1,pre,1,4.92
479,ios,1,pre,1,6.06
480,ios,1,pre,1,5.01
481,ios,1,pre,1,5.11
482,ios,1,pre,1,4.54
483,ios,1,pre,1,5.05
484,ios,1,pre,1,4.99
485,ios,1,pre,1,5.42
486,ios,1,pre,1,4.74
487,ios,1,pre,1,4.13
488,ios,1,pre,1,6.25
489,ios,1,pre,1,6.41
490,ios,1,pre,1,6.93
491,ios,1,pre,1,3.66
492,ios,1,pre,1,4.82
493,ios,1,pre,1,3.59
494,ios,1,pre,1,6.09
495,ios,1,pre,1,5.94
496,ios,1,pre,1,5.44
497,ios,1,pre,1,5.3
498,ios,1,pre,1,4.5
499,ios,1,pre,1,4.45
500,ios,1,pre,1,6.48
1,ios,2,pre,1,5.7
2,ios,2,pre,1,6.28
3,ios,2,pre,1,5.62
4,ios,2,pre,1,7.26
5,ios,2,pre,1,7.1
6,ios,2,pre,1,6.26
7,ios,2,pre,1,6.33
8,ios,2,pre,1,4.69
9,ios,2,pre,1,6.65
10,ios,2,pre,1,6.2
11,ios,2,pre,1,5.86
12,ios,2,pre,1,7.73
13,ios,2,pre,1,5.87
14,ios,2,pre,1,6.37
15,ios,2,pre,1,8.62
16,ios,2,pre,1,4.79
17,ios,2,pre,1,6.58
18,ios,2,pre,1,5.25
19,ios,2,pre,1,6.74
20,ios,2,pre,1,6.24
21,ios,2,pre,1,7.3
22,ios,2,pre,1,5.47
23,ios,2,pre,1,5.77
24,ios,2,pre,1,4.72
25,ios,2,pre,1,5.97
26,ios,2,pre,1,6.1
27,ios,2,pre,1,6.47
28,ios,2,pre,1,7.23
29,ios,2,pre,1,6.16
30,ios,2,pre,1,7.19
31,ios,2,pre,1,6.21
32,ios,2,pre,1,7.08
33,ios,2,pre,1,6.75
34,ios,2,pre,1,7.39
35,ios,2,pre,1,7.5
36,ios,2,pre,1,6.93
37,ios,2,pre,1,5.14
38,ios,2,pre,1,7.39
39,ios,2,pre,1,5.85
40,ios,2,pre,1,6.97
41,ios,2,pre,1,7.52
42,ios,2,pre,1,5.71
43,ios,2,pre,1,6.4
44,ios,2,pre,1,5.39
45,ios,2,pre,1,7.63
46,ios,2,pre,1,8.81
47,ios,2,pre,1,6.61
48,ios,2,pre,1,6.07
49,ios,2,pre,1,6.46
50,ios,2,pre,1,5.24
51,ios,2,pre,1,8.17
52,ios,2,pre,1,5.29
53,ios,2,pre,1,6.25
54,ios,2,pre,1,7.74
55,ios,2,pre,1,4.97
56,ios,2,pre,1,5.83
57,ios,2,pre,1,7.33
58,ios,2,pre,1,3.89
59,ios,2,pre,1,7.55
60,ios,2,pre,1,7.74
61,ios,2,pre,1,5.8
62,ios,2,pre,1,8.26
63,ios,2,pre,1,5.49
64,ios,2,pre,1,6.73
65,ios,2,pre,1,5.94
66,ios,2,pre,1,8.36
67,ios,2,pre,1,6.86
68,ios,2,pre,1,5.29
69,ios,2,pre,1,4.53
70,ios,2,pre,1,8.61
71,ios,2,pre,1,4.97
72,ios,2,pre,1,7.34
73,ios,2,pre,1,7.7
74,ios,2,pre,1,5.54
75,ios,2,pre,1,6.8
76,ios,2,pre,1,8.19
77,ios,2,pre,1,7.17
78,ios,2,pre,1,6.63
79,ios,2,pre,1,5.91
80,ios,2,pre,1,8.01
81,ios,2,pre,1,5.74
82,ios,2,pre,1,8.33
83,ios,2,pre,1,6.48
84,ios,2,pre,1,6.94
85,ios,2,pre,1,8.28
86,ios,2,pre,1,6.43
87,ios,2,pre,1,8.43
88,ios,2,pre,1,5.08
89,ios,2,pre,1,5.65
90,ios,2,pre,1,8.27
91,ios,2,pre,1,6.07
92,ios,2,pre,1,7.57
93,ios,2,pre,1,9.06
94,ios,2,pre,1,6.2
95,ios,2,pre,1,7.43
96,ios,2,pre,1,8.53
97,ios,2,pre,1,6.26
98,ios,2,pre,1,7.12
99,ios,2,pre,1,6.61
100,ios,2,pre,1,8.15
101,ios,2,pre,1,5.15
102,ios,2,pre,1,7.33
103,ios,2,pre,1,7.58
104,ios,2,pre,1,6.46
105,ios,2,pre,1,4.94
106,ios,2,pre,1,4.74
107,ios,2,pre,1,3.77
108,ios,2,pre,1,7.95
109,ios,2,pre,1,7.22
110,ios,2,pre,1,6.89
111,ios,2,pre,1,5.37
112,ios,2,pre,1,4.97
113,ios,2,pre,1,6.3
114,ios,2,pre,1,7.21
115,ios,2,pre,1,5.12
116,ios,2,pre,1,4.59
117,ios,2,pre,1,6.24
118,ios,2,pre,1,5.36
119,ios,2,pre,1,6.75
120,ios,2,pre,1,7.68
121,ios,2,pre,1,6.01
122,ios,2,pre,1,5.47
123,ios,2,pre,1,6.72
124,ios,2,pre,1,6.88
125,ios,2,pre,1,6.27
126,ios,2,pre,1,5.64
127,ios,2,pre,1,7.15
128,ios,2,pre,1,5.73
129,ios,2,pre,1,7.0
130,ios,2,pre,1,3.77
131,ios,2,pre,1,5.15
132,ios,2,pre,1,6.81
133,ios,2,pre,1,6.09
134,ios,2,pre,1,5.51
135,ios,2,pre,1,9.18
136,ios,2,pre,1,7.38
137,ios,2,pre,1,3.88
138,ios,2,pre,1,6.09
139,ios,2,pre,1,8.08
140,ios,2,pre,1,7.41
141,ios,2,pre,1,5.29
142,ios,2,pre,1,6.9
143,ios,2,pre,1,4.98
144,ios,2,pre,1,7.25
145,ios,2,pre,1,7.23
146,ios,2,pre,1,6.71
147,ios,2,pre,1,6.35
148,ios,2,pre,1,5.87
149,ios,2,pre,1,7.61
150,ios,2,pre,1,8.64
151,ios,2,pre,1,7.06
152,ios,2,pre,1,8.17
153,ios,2,pre,1,6.45
154,ios,2,pre,1,7.36
155,ios,2,pre,1,6.41
156,ios,2,pre,1,6.31
157,ios,2,pre,1,4.21
158,ios,2,pre,1,9.13
159,ios,2,pre,1,9.38
160,ios,2,pre,1,7.61
161,ios,2,pre,1,7.27
162,ios,2,pre,1,5.21
163,ios,2,pre,1,5.61
164,ios,2,pre,1,4.73
165,ios,2,pre,1,8.44
166,ios,2,pre,1,8.01
167,ios,2,pre,1,6.72
168,ios,2,pre,1,5.21
169,ios,2,pre,1,5.11
170,ios,2,pre,1,5.89
171,ios,2,pre,1,6.06
172,ios,2,pre,1,6.31
173,ios,2,pre,1,6.85
174,ios,2,pre,1,7.07
175,ios,2,pre,1,6.34
176,ios,2,pre,1,5.08
177,ios,2,pre,1,9.01
178,ios,2,pre,1,5.44
179,ios,2,pre,1,4.73
180,ios,2,pre,1,5.86
181,ios,2,pre,1,5.54
182,ios,2,pre,1,8.75
183,ios,2,pre,1,6.38
184,ios,2,pre,1,6.86
185,ios,2,pre,1,6.37
186,ios,2,pre,1,5.14
187,ios,2,pre,1,6.43
188,ios,2,pre,1,7.86
189,ios,2,pre,1,7.07
190,ios,2,pre,1,6.42
191,ios,2,pre,1,5.53
192,ios,2,pre,1,6.72
193,ios,2,pre,1,7.71
194,ios,2,pre,1,6.76
195,ios,2,pre,1,5.28
196,ios,2,pre,1,5.23
197,ios,2,pre,1,8.43
198,ios,2,pre,1,6.42
199,ios,2,pre,1,5.61
200,ios,2,pre,1,4.68
201,ios,2,pre,1,7.18
202,ios,2,pre,1,6.73
203,ios,2,pre,1,6.4
204,ios,2,pre,1,8.63
205,ios,2,pre,1,6.69
206,ios,2,pre,1,5.61
207,ios,2,pre,1,5.86
208,ios,2,pre,1,7.32
209,ios,2,pre,1,8.72
210,ios,2,pre,1,6.16
211,ios,2,pre,1,7.47
212,ios,2,pre,1,6.83
213,ios,2,pre,1,5.68
214,ios,2,pre,1,7.79
215,ios,2,pre,1,4.95
216,ios,2,pre,1,7.26
217,ios,2,pre,1,4.97
218,ios,2,pre,1,5.4
219,ios,2,pre,1,5.31
220,ios,2,pre,1,5.68
221,ios,2,pre,1,7.39
222,ios,2,pre,1,6.41
223,ios,2,pre,1,6.01
224,ios,2,pre,1,6.75
225,ios,2,pre,1,4.55
226,ios,2,pre,1,3.88
227,ios,2,pre,1,5.97
228,ios,2,pre,1,5.75
229,ios,2,pre,1,7.53
230,ios,2,pre,1,7.03
231,ios,2,pre,1,7.73
232,ios,2,pre,1,5.45
233,ios,2,pre,1,4.71
234,ios,2,pre,1,4.22
235,ios,2,pre,1,5.16
236,ios,2,pre,1,5.79
237,ios,2,pre,1,8.15
238,ios,2,pre,1,4.87
239,ios,2,pre,1,6.58
240,ios,2,pre,1,5.35
241,ios,2,pre,1,8.32
242,ios,2,pre,1,7.02
243,ios,2,pre,1,6.82
244,ios,2,pre,1,7.16
245,ios,2,pre,1,5.79
246,ios,2,pre,1,5.74
247,ios,2,pre,1,6.56
248,ios,2,pre,1,7.87
249,ios,2,pre,1,4.0
250,ios,2,pre,1,10.18
251,ios,2,pre,1,6.57
252,ios,2,pre,1,5.86
253,ios,2,pre,1,6.11
254,ios,2,pre,1,8.26
255,ios,2,pre,1,6.3
256,ios,2,pre,1,6.24
257,ios,2,pre,1,8.23
258,ios,2,pre,1,8.87
259,ios,2,pre,1,7.18
260,ios,2,pre,1,4.84
261,ios,2,pre,1,4.53
262,ios,2,pre,1,6.4
263,ios,2,pre,1,6.21
264,ios,2,pre,1,6.34
265,ios,2,pre,1,6.52
266,ios,2,pre,1,5.37
267,ios,2,pre,1,4.26
268,ios,2,pre,1,6.4
269,ios,2,pre,1,8.05
270,ios,2,pre,1,7.74
271,ios,2,pre,1,7.6
272,ios,2,pre,1,6.69
273,ios,2,pre,1,7.36
274,ios,2,pre,1,6.01
275,ios,2,pre,1,5.96
276,ios,2,pre,1,4.2
277,ios,2,pre,1,6.3
278,ios,2,pre,1,7.13
279,ios,2,pre,1,5.89
280,ios,2,pre,1,6.3
281,ios,2,pre,1,6.32
282,ios,2,pre,1,3.68
283,ios,2,pre,1,5.78
284,ios,2,pre,1,5.26
285,ios,2,pre,1,5.71
286,ios,2,pre,1,5.01
287,ios,2,pre,1,5.74
288,ios,2,pre,1,6.79
289,ios,2,pre,1,4.92
290,ios,2,pre,1,7.78
291,ios,2,pre,1,6.29
292,ios,2,pre,1,5.9
293,ios,2,pre,1,4.65
294,ios,2,pre,1,6.06
295,ios,2,pre,1,8.14
296,ios,2,pre,1,6.53
297,ios,2,pre,1,7.02
298,ios,2,pre,1,4.97
299,ios,2,pre,1,5.58
300,ios,2,pre,1,6.21
301,ios,2,pre,1,7.8
302,ios,2,pre,1,10.52
303,ios,2,pre,1,6.47
304,ios,2,pre,1,6.08
305,ios,2,pre,1,5.15
306,ios,2,pre,1,6.9
307,ios,2,pre,1,7.53
308,ios,2,pre,1,7.27
309,ios,2,pre,1,7.08
310,ios,2,pre,1,7.89
311,ios,2,pre,1,7.35
312,ios,2,pre,1,7.15
313,ios,2,pre,1,6.29
314,ios,2,pre,1,8.38
315,ios,2,pre,1,5.93
316,ios,2,pre,1,6.63
317,ios,2,pre,1,5.03
318,ios,2,pre,1,6.42
319,ios,2,pre,1,5.16
320,ios,2,pre,1,6.01
321,ios,2,pre,1,6.91
322,ios,2,pre,1,5.42
323,ios,2,pre,1,7.33
324,ios,2,pre,1,7.81
325,ios,2,pre,1,7.14
326,ios,2,pre,1,8.34
327,ios,2,pre,1,5.44
328,ios,2,pre,1,7.44
329,ios,2,pre,1,5.77
330,ios,2,pre,1,5.32
331,ios,2,pre,1,5.9
332,ios,2,pre,1,5.13
333,ios,2,pre,1,6.75
334,ios,2,pre,1,5.45
335,ios,2,pre,1,5.78
336,ios,2,pre,1,5.99
337,ios,2,pre,1,5.32
338,ios,2,pre,1,6.92
339,ios,2,pre,1,8.52
340,ios,2,pre,1,7.01
341,ios,2,pre,1,7.37
342,ios,2,pre,1,6.57
343,ios,2,pre,1,4.6
344,ios,2,pre,1,5.57
345,ios,2,pre,1,6.59
346,ios,2,pre,1,5.29
347,ios,2,pre,1,4.7
348,ios,2,pre,1,6.81
349,ios,2,pre,1,7.06
350,ios,2,pre,1,5.9
351,ios,2,pre,1,6.49
352,ios,2,pre,1,6.24
353,ios,2,pre,1,8.55
354,ios,2,pre,1,6.46
355,ios,2,pre,1,5.82
356,ios,2,pre,1,5.48
357,ios,2,pre,1,6.95
358,ios,2,pre,1,6.25
359,ios,2,pre,1,6.2
360,ios,2,pre,1,5.05
361,ios,2,pre,1,5.44
362,ios,2,pre,1,7.75
363,ios,2,pre,1,4.97
364,ios,2,pre,1,6.93
365,ios,2,pre,1,7.24
366,ios,2,pre,1,8.03
367,ios,2,pre,1,6.49
368,ios,2,pre,1,5.69
369,ios,2,pre,1,5.95
370,ios,2,pre,1,4.78
371,ios,2,pre,1,6.52
372,ios,2,pre,1,5.72
373,ios,2,pre,1,6.45
374,ios,2,pre,1,6.55
375,ios,2,pre,1,6.69
376,ios,2,pre,1,7.48
377,ios,2,pre,1,7.3
378,ios,2,pre,1,6.06
379,ios,2,pre,1,7.95
380,ios,2,pre,1,6.99
381,ios,2,pre,1,7.46
382,ios,2,pre,1,7.91
383,ios,2,pre,1,6.53
384,ios,2,pre,1,5.68
385,ios,2,pre,1,7.28
386,ios,2,pre,1,5.9
387,ios,2,pre,1,6.47
388,ios,2,pre,1,7.71
389,ios,2,pre,1,4.6
390,ios,2,pre,1,6.02
391,ios,2,pre,1,7.56
392,ios,2,pre,1,7.61
393,ios,2,pre,1,6.74
394,ios,2,pre,1,6.73
395,ios,2,pre,1,5.81
396,ios,2,pre,1,7.04
397,ios,2,pre,1,6.75
398,ios,2,pre,1,4.89
399,ios,2,pre,1,6.85
400,ios,2,pre,1,5.3
401,ios,2,pre,1,6.97
402,ios,2,pre,1,4.5
403,ios,2,pre,1,6.13
404,ios,2,pre,1,5.91
405,ios,2,pre,1,6.64
406,ios,2,pre,1,5.46
407,ios,2,pre,1,5.53
408,ios,2,pre,1,6.13
409,ios,2,pre,1,4.31
410,ios,2,pre,1,5.77
411,ios,2,pre,1,7.75
412,ios,2,pre,1,8.96
413,ios,2,pre,1,6.68
414,ios,2,pre,1,7.02
415,ios,2,pre,1,7.33
416,ios,2,pre,1,7.17
417,ios,2,pre,1,7.85
418,ios,2,pre,1,7.19
419,ios,2,pre,1,6.18
420,ios,2,pre,1,5.43
421,ios,2,pre,1,7.19
422,ios,2,pre,1,5.38
423,ios,2,pre,1,8.61
424,ios,2,pre,1,6.14
425,ios,2,pre,1,6.29
426,ios,2,pre,1,7.04
427,ios,2,pre,1,5.24
428,ios,2,pre,1,4.59
429,ios,2,pre,1,5.28
430,ios,2,pre,1,7.35
431,ios,2,pre,1,6.04
432,ios,2,pre,1,5.26
433,ios,2,pre,1,7.33
434,ios,2,pre,1,7.33
435,ios,2,pre,1,6.06
436,ios,2,pre,1,8.14
437,ios,2,pre,1,6.82
438,ios,2,pre,1,7.71
439,ios,2,pre,1,6.47
440,ios,2,pre,1,6.68
441,ios,2,pre,1,5.24
442,ios,2,pre,1,7.38
443,ios,2,pre,1,5.83
444,ios,2,pre,1,7.94
445,ios,2,pre,1,7.99
446,ios,2,pre,1,7.05
447,ios,2,pre,1,5.74
448,ios,2,pre,1,5.91
449,ios,2,pre,1,6.77
450,ios,2,pre,1,6.14
451,ios,2,pre,1,6.7
452,ios,2,pre,1,5.18
453,ios,2,pre,1,6.07
454,ios,2,pre,1,5.03
455,ios,2,pre,1,7.25
456,ios,2,pre,1,7.04
457,ios,2,pre,1,6.51
458,ios,2,pre,1,7.33
459,ios,2,pre,1,6.89
460,ios,2,pre,1,5.07
461,ios,2,pre,1,6.48
462,ios,2,pre,1,5.9
463,ios,2,pre,1,5.62
464,ios,2,pre,1,6.03
465,ios,2,pre,1,5.6
466,ios,2,pre,1,6.82
467,ios,2,pre,1,6.69
468,ios,2,pre,1,7.11
469,ios,2,pre,1,7.18
470,ios,2,pre,1,5.28
471,ios,2,pre,1,5.32
472,ios,2,pre,1,6.6
473,ios,2,pre,1,6.38
474,ios,2,pre,1,6.67
475,ios,2,pre,1,7.35
476,ios,2,pre,1,7.63
477,ios,2,pre,1,6.65
478,ios,2,pre,1,5.7
479,ios,2,pre,1,8.14
480,ios,2,pre,1,6.19
481,ios,2,pre,1,5.39
482,ios,2,pre,1,6.09
483,ios,2,pre,1,6.51
484,ios,2,pre,1,7.34
485,ios,2,pre,1,7.76
486,ios,2,pre,1,4.69
487,ios,2,pre,1,6.96
488,ios,2,pre,1,7.43
489,ios,2,pre,1,6.33
490,ios,2,pre,1,5.86
491,ios,2,pre,1,5.71
492,ios,2,pre,1,5.69
493,ios,2,pre,1,7.82
494,ios,2,pre,1,6.98
495,ios,2,pre,1,4.82
496,ios,2,pre,1,5.75
497,ios,2,pre,1,5.87
498,ios,2,pre,1,4.9
499,ios,2,pre,1,7.76
500,ios,2,pre,1,7.19
1,ios,3,pre,1,5.68
2,ios,3,pre,1,8.97
3,ios,3,pre,1,7.7
4,ios,3,pre,1,8.65
5,ios,3,pre,1,8.23
6,ios,3,pre,1,8.33
7,ios,3,pre,1,7.45
8,ios,3,pre,1,8.21
9,ios,3,pre,1,9.3
10,ios,3,pre,1,9.01
11,ios,3,pre,1,7.21
12,ios,3,pre,1,7.63
13,ios,3,pre,1,8.1
14,ios,3,pre,1,8.05
15,ios,3,pre,1,7.19
16,ios,3,pre,1,7.91
17,ios,3,pre,1,5.69
18,ios,3,pre,1,6.6
19,ios,3,pre,1,9.67
20,ios,3,pre,1,7.55
21,ios,3,pre,1,7.63
22,ios,3,pre,1,8.15
23,ios,3,pre,1,7.42
24,ios,3,pre,1,8.12
25,ios,3,pre,1,10.49
26,ios,3,pre,1,8.33
27,ios,3,pre,1,7.7
28,ios,3,pre,1,7.56
29,ios,3,pre,1,7.85
30,ios,3,pre,1,5.39
31,ios,3,pre,1,6.55
32,ios,3,pre,1,6.89
33,ios,3,pre,1,8.55
34,ios,3,pre,1,10.51
35,ios,3,pre,1,8.15
36,ios,3,pre,1,7.29
37,ios,3,pre,1,7.27
38,ios,3,pre,1,6.91
39,ios,3,pre,1,6.19
40,ios,3,pre,1,8.51
41,ios,3,pre,1,7.66
42,ios,3,pre,1,6.9
43,ios,3,pre,1,8.55
44,ios,3,pre,1,7.08
45,ios,3,pre,1,7.07
46,ios,3,pre,1,9.17
47,ios,3,pre,1,6.45
48,ios,3,pre,1,8.49
49,ios,3,pre,1,7.95
50,ios,3,pre,1,6.72
51,ios,3,pre,1,7.87
52,ios,3,pre,1,7.32
53,ios,3,pre,1,6.5
54,ios,3,pre,1,8.26
55,ios,3,pre,1,9.36
56,ios,3,pre,1,8.24
57,ios,3,pre,1,8.94
58,ios,3,pre,1,6.78
59,ios,3,pre,1,9.13
60,ios,3,pre,1,4.88
61,ios,3,pre,1,7.71
62,ios,3,pre,1,9.13
63,ios,3,pre,1,8.18
64,ios,3,pre,1,7.63
65,ios,3,pre,1,7.66
66,ios,3,pre,1,8.92
67,ios,3,pre,1,7.91
68,ios,3,pre,1,8.05
69,ios,3,pre,1,7.74
70,ios,3,pre,1,8.44
71,ios,3,pre,1,8.47
72,ios,3,pre,1,8.07
73,ios,3,pre,1,6.95
74,ios,3,pre,1,8.29
75,ios,3,pre,1,7.71
76,ios,3,pre,1,8.7
77,ios,3,pre,1,6.64
78,ios,3,pre,1,8.32
79,ios,3,pre,1,10.46
80,ios,3,pre,1,7.77
81,ios,3,pre,1,7.09
82,ios,3,pre,1,8.71
83,ios,3,pre,1,7.51
84,ios,3,pre,1,6.73
85,ios,3,pre,1,6.04
86,ios,3,pre,1,8.01
87,ios,3,pre,1,8.57
88,ios,3,pre,1,7.53
89,ios,3,pre,1,6.98
90,ios,3,pre,1,8.23
91,ios,3,pre,1,8.35
92,ios,3,pre,1,8.07
93,ios,3,pre,1,6.27
94,ios,3,pre,1,7.38
95,ios,3,pre,1,8.46
96,ios,3,pre,1,9.65
97,ios,3,pre,1,7.08
98,ios,3,pre,1,7.24
99,ios,3,pre,1,6.66
100,ios,3,pre,1,6.22
101,ios,3,pre,1,7.03
102,ios,3,pre,1,6.0
103,ios,3,pre,1,8.03
104,ios,3,pre,1,6.62
105,ios,3,pre,1,7.8
106,ios,3,pre,1,7.4
107,ios,3,pre,1,7.5
108,ios,3,pre,1,9.58
109,ios,3,pre,1,8.37
110,ios,3,pre,1,9.14
111,ios,3,pre,1,7.69
112,ios,3,pre,1,7.25
113,ios,3,pre,1,7.41
114,ios,3,pre,1,8.16
115,ios,3,pre,1,8.26
116,ios,3,pre,1,7.84
117,ios,3,pre,1,8.03
118,ios,3,pre,1,7.07
119,ios,3,pre,1,5.33
120,ios,3,pre,1,8.6
121,ios,3,pre,1,8.01
122,ios,3,pre,1,6.16
123,ios,3,pre,1,6.75
124,ios,3,pre,1,8.34
125,ios,3,pre,1,5.56
126,ios,3,pre,1,6.22
127,ios,3,pre,1,7.33
128,ios,3,pre,1,9.53
129,ios,3,pre,1,6.79
130,ios,3,pre,1,6.58
131,ios,3,pre,1,6.84
132,ios,3,pre,1,7.13
133,ios,3,pre,1,7.75
134,ios,3,pre,1,7.04
135,ios,3,pre,1,6.93
136,ios,3,pre,1,7.88
137,ios,3,pre,1,6.36
138,ios,3,pre,1,7.96
139,ios,3,pre,1,8.49
140,ios,3,pre,1,7.35
141,ios,3,pre,1,7.32
142,ios,3,pre,1,8.72
143,ios,3,pre,1,8.01
144,ios,3,pre,1,6.98
145,ios,3,pre,1,6.37
146,ios,3,pre,1,7.08
147,ios,3,pre,1,6.74
148,ios,3,pre,1,7.94
149,ios,3,pre,1,5.72
150,ios,3,pre,1,8.41
151,ios,3,pre,1,6.84
152,ios,3,pre,1,7.99
153,ios,3,pre,1,7.13
154,ios,3,pre,1,7.0
155,ios,3,pre,1,7.4
156,ios,3,pre,1,8.17
157,ios,3,pre,1,6.67
158,ios,3,pre,1,8.74
159,ios,3,pre,1,8.68
160,ios,3,pre,1,8.93
161,ios,3,pre,1,5.51
162,ios,3,pre,1,4.7
163,ios,3,pre,1,8.28
164,ios,3,pre,1,7.71
165,ios,3,pre,1,7.0
166,ios,3,pre,1,8.62
167,ios,3,pre,1,5.66
168,ios,3,pre,1,8.14
169,ios,3,pre,1,8.77
170,ios,3,pre,1,9.24
171,ios,3,pre,1,8.64
172,ios,3,pre,1,8.02
173,ios,3,pre,1,7.97
174,ios,3,pre,1,9.11
175,ios,3,pre,1,8.07
176,ios,3,pre,1,7.4
177,ios,3,pre,1,7.0
178,ios,3,pre,1,7.8
179,ios,3,pre,1,7.79
180,ios,3,pre,1,7.79
181,ios,3,pre,1,5.67
182,ios,3,pre,1,8.77
183,ios,3,pre,1,5.94
184,ios,3,pre,1,6.49
185,ios,3,pre,1,8.25
186,ios,3,pre,1,7.93
187,ios,3,pre,1,6.27
188,ios,3,pre,1,9.64
189,ios,3,pre,1,7.86
190,ios,3,pre,1,8.41
191,ios,3,pre,1,4.75
192,ios,3,pre,1,6.94
193,ios,3,pre,1,7.49
194,ios,3,pre,1,6.69
195,ios,3,pre,1,7.95
196,ios,3,pre,1,6.62
197,ios,3,pre,1,7.18
198,ios,3,pre,1,9.01
199,ios,3,pre,1,6.64
200,ios,3,pre,1,6.56
201,ios,3,pre,1,8.5
202,ios,3,pre,1,5.21
203,ios,3,pre,1,6.92
204,ios,3,pre,1,8.02
205,ios,3,pre,1,8.48
206,ios,3,pre,1,6.92
207,ios,3,pre,1,5.81
208,ios,3,pre,1,8.39
209,ios,3,pre,1,7.02
210,ios,3,pre,1,8.62
211,ios,3,pre,1,9.36
212,ios,3,pre,1,7.35
213,ios,3,pre,1,6.68
214,ios,3,pre,1,6.54
215,ios,3,pre,1,5.67
216,ios,3,pre,1,8.25
217,ios,3,pre,1,8.64
218,ios,3,pre,1,4.05
219,ios,3,pre,1,7.22
220,ios,3,pre,1,7.78
221,ios,3,pre,1,7.36
222,ios,3,pre,1,7.06
223,ios,3,pre,1,8.38
224,ios,3,pre,1,7.08
225,ios,3,pre,1,8.64
226,ios,3,pre,1,5.89
227,ios,3,pre,1,5.13
228,ios,3,pre,1,6.42
229,ios,3,pre,1,6.4
230,ios,3,pre,1,6.61
231,ios,3,pre,1,7.58
232,ios,3,pre,1,8.53
233,ios,3,pre,1,7.82
234,ios,3,pre,1,8.61
235,ios,3,pre,1,5.9
236,ios,3,pre,1,8.31
237,ios,3,pre,1,7.04
238,ios,3,pre,1,6.47
239,ios,3,pre,1,8.53
240,ios,3,pre,1,6.63
241,ios,3,pre,1,7.71
242,ios,3,pre,1,9.51
243,ios,3,pre,1,7.17
244,ios,3,pre,1,9.57
245,ios,3,pre,1,8.14
246,ios,3,pre,1,6.21
247,ios,3,pre,1,8.77
248,ios,3,pre,1,7.49
249,ios,3,pre,1,6.95
250,ios,3,pre,1,8.48
251,ios,3,pre,1,6.21
252,ios,3,pre,1,6.61
253,ios,3,pre,1,7.85
254,ios,3,pre,1,8.72
255,ios,3,pre,1,6.28
256,ios,3,pre,1,8.85
257,ios,3,pre,1,7.07
258,ios,3,pre,1,5.97
259,ios,3,pre,1,8.5
260,ios,3,pre,1,6.16
261,ios,3,pre,1,7.03
262,ios,3,pre,1,6.45
263,ios,3,pre,1,7.71
264,ios,3,pre,1,5.94
265,ios,3,pre,1,9.3
266,ios,3,pre,1,6.31
267,ios,3,pre,1,7.06
268,ios,3,pre,1,8.11
269,ios,3,pre,1,7.74
270,ios,3,pre,1,9.66
271,ios,3,pre,1,7.38
272,ios,3,pre,1,9.79
273,ios,3,pre,1,7.26
274,ios,3,pre,1,6.69
275,ios,3,pre,1,7.38
276,ios,3,pre,1,7.57
277,ios,3,pre,1,6.8
278,ios,3,pre,1,8.19
279,ios,3,pre,1,7.91
280,ios,3,pre,1,6.29
281,ios,3,pre,1,8.04
282,ios,3,pre,1,6.33
283,ios,3,pre,1,7.19
284,ios,3,pre,1,6.76
285,ios,3,pre,1,9.03
286,ios,3,pre,1,8.16
287,ios,3,pre,1,6.55
288,ios,3,pre,1,6.59
289,ios,3,pre,1,7.68
290,ios,3,pre,1,8.99
291,ios,3,pre,1,6.34
292,ios,3,pre,1,7.29
293,ios,3,pre,1,9.97
294,ios,3,pre,1,7.54
295,ios,3,pre,1,8.59
296,ios,3,pre,1,5.8
297,ios,3,pre,1,8.58
298,ios,3,pre,1,7.26
299,ios,3,pre,1,5.98
300,ios,3,pre,1,7.1
301,ios,3,pre,1,7.31
302,ios,3,pre,1,8.27
303,ios,3,pre,1,6.35
304,ios,3,pre,1,7.87
305,ios,3,pre,1,8.37
306,ios,3,pre,1,7.18
307,ios,3,pre,1,9.71
308,ios,3,pre,1,6.03
309,ios,3,pre,1,8.32
310,ios,3,pre,1,8.29
311,ios,3,pre,1,6.77
312,ios,3,pre,1,7.0
313,ios,3,pre,1,8.36
314,ios,3,pre,1,7.94
315,ios,3,pre,1,7.22
316,ios,3,pre,1,9.32
317,ios,3,pre,1,6.87
318,ios,3,pre,1,6.51
319,ios,3,pre,1,6.24
320,ios,3,pre,1,8.51
321,ios,3,pre,1,9.47
322,ios,3,pre,1,6.36
323,ios,3,pre,1,8.82
324,ios,3,pre,1,7.89
325,ios,3,pre,1,9.87
326,ios,3,pre,1,9.17
327,ios,3,pre,1,6.11
328,ios,3,pre,1,9.66
329,ios,3,pre,1,8.19
330,ios,3,pre,1,8.07
331,ios,3,pre,1,8.14
332,ios,3,pre,1,7.45
333,ios,3,pre,1,6.76
334,ios,3,pre,1,7.92
335,ios,3,pre,1,6.66
336,ios,3,pre,1,7.27
337,ios,3,pre,1,7.87
338,ios,3,pre,1,9.72
339,ios,3,pre,1,8.68
340,ios,3,pre,1,9.88
341,ios,3,pre,1,7.36
342,ios,3,pre,1,7.21
343,ios,3,pre,1,7.98
344,ios,3,pre,1,7.0
345,ios,3,pre,1,7.15
346,ios,3,pre,1,7.29
347,ios,3,pre,1,6.76
348,ios,3,pre,1,6.94
349,ios,3,pre,1,7.05
350,ios,3,pre,1,9.19
351,ios,3,pre,1,6.94
352,ios,3,pre,1,6.81
353,ios,3,pre,1,7.53
354,ios,3,pre,1,10.27
355,ios,3,pre,1,8.27
356,ios,3,pre,1,6.11
357,ios,3,pre,1,6.43
358,ios,3,pre,1,9.01
359,ios,3,pre,1,8.97
360,ios,3,pre,1,7.22
361,ios,3,pre,1,9.0
362,ios,3,pre,1,8.53
363,ios,3,pre,1,8.42
364,ios,3,pre,1,8.28
365,ios,3,pre,1,7.2
366,ios,3,pre,1,7.9
367,ios,3,pre,1,8.04
368,ios,3,pre,1,7.01
369,ios,3,pre,1,5.04
370,ios,3,pre,1,6.65
371,ios,3,pre,1,8.07
372,ios,3,pre,1,6.18
373,ios,3,pre,1,6.58
374,ios,3,pre,1,9.4
375,ios,3,pre,1,7.2
376,ios,3,pre,1,7.18
377,ios,3,pre,1,7.31
378,ios,3,pre,1,8.5
379,ios,3,pre,1,8.16
380,ios,3,pre,1,7.23
381,ios,3,pre,1,8.45
382,ios,3,pre,1,5.75
383,ios,3,pre,1,7.89
384,ios,3,pre,1,8.07
385,ios,3,pre,1,6.04
386,ios,3,pre,1,5.88
387,ios,3,pre,1,8.88
388,ios,3,pre,1,6.71
389,ios,3,pre,1,8.28
390,ios,3,pre,1,7.55
391,ios,3,pre,1,6.21
392,ios,3,pre,1,8.23
393,ios,3,pre,1,8.65
394,ios,3,pre,1,7.93
395,ios,3,pre,1,7.78
396,ios,3,pre,1,7.99
397,ios,3,pre,1,6.11
398,ios,3,pre,1,8.16
399,ios,3,pre,1,9.24
400,ios,3,pre,1,7.69
401,ios,3,pre,1,7.68
402,ios,3,pre,1,8.98
403,ios,3,pre,1,6.57
404,ios,3,pre,1,9.19
405,ios,3,pre,1,7.45
406,ios,3,pre,1,6.46
407,ios,3,pre,1,7.64
408,ios,3,pre,1,9.46
409,ios,3,pre,1,7.22
410,ios,3,pre,1,5.73
411,ios,3,pre,1,8.52
412,ios,3,pre,1,7.29
413,ios,3,pre,1,7.11
414,ios,3,pre,1,5.24
415,ios,3,pre,1,8.6
416,ios,3,pre,1,7.99
417,ios,3,pre,1,6.78
418,ios,3,pre,1,8.87
419,ios,3,pre,1,6.16
420,ios,3,pre,1,6.1
421,ios,3,pre,1,7.75
422,ios,3,pre,1,8.49
423,ios,3,pre,1,7.84
424,ios,3,pre,1,6.56
425,ios,3,pre,1,7.23
426,ios,3,pre,1,5.91
427,ios,3,pre,1,7.27
428,ios,3,pre,1,7.02
429,ios,3,pre,1,8.73
430,ios,3,pre,1,7.64
431,ios,3,pre,1,5.94
432,ios,3,pre,1,5.67
433,ios,3,pre,1,7.28
434,ios,3,pre,1,7.1
435,ios,3,pre,1,7.36
436,ios,3,pre,1,6.9
437,ios,3,pre,1,7.99
438,ios,3,pre,1,8.9
439,ios,3,pre,1,5.75
440,ios,3,pre,1,5.98
441,ios,3,pre,1,8.69
442,ios,3,pre,1,6.75
443,ios,3,pre,1,6.8
444,ios,3,pre,1,5.95
445,ios,3,pre,1,8.41
446,ios,3,pre,1,7.39
447,ios,3,pre,1,8.74
448,ios,3,pre,1,8.47
449,ios,3,pre,1,7.71
450,ios,3,pre,1,8.21
451,ios,3,pre,1,5.99
452,ios,3,pre,1,7.3
453,ios,3,pre,1,9.88
454,ios,3,pre,1,6.58
455,ios,3,pre,1,7.9
456,ios,3,pre,1,6.2
457,ios,3,pre,1,7.21
458,ios,3,pre,1,6.94
459,ios,3,pre,1,6.94
460,ios,3,pre,1,7.55
461,ios,3,pre,1,7.55
462,ios,3,pre,1,6.57
463,ios,3,pre,1,8.31
464,ios,3,pre,1,9.38
465,ios,3,pre,1,5.61
466,ios,3,pre,1,7.33
467,ios,3,pre,1,8.97
468,ios,3,pre,1,8.29
469,ios,3,pre,1,7.65
470,ios,3,pre,1,6.87
471,ios,3,pre,1,6.91
472,ios,3,pre,1,7.88
473,ios,3,pre,1,6.76
474,ios,3,pre,1,6.87
475,ios,3,pre,1,5.39
476,ios,3,pre,1,7.76
477,ios,3,pre,1,6.89
478,ios,3,pre,1,5.37
479,ios,3,pre,1,7.13
480,ios,3,pre,1,7.58
481,ios,3,pre,1,7.18
482,ios,3,pre,1,8.64
483,ios,3,pre,1,6.08
484,ios,3,pre,1,8.03
485,ios,3,pre,1,5.0
486,ios,3,pre,1,7.76
487,ios,3,pre,1,6.76
488,ios,3,pre,1,7.9
489,ios,3,pre,1,7.03
490,ios,3,pre,1,6.18
491,ios,3,pre,1,5.99
492,ios,3,pre,1,8.59
493,ios,3,pre,1,9.09
494,ios,3,pre,1,9.12
495,ios,3,pre,1,7.81
496,ios,3,pre,1,7.76
497,ios,3,pre,1,6.38
498,ios,3,pre,1,6.1
499,ios,3,pre,1,8.09
500,ios,3,pre,1,7.4
1,ios,4,pre,1,7.78
2,ios,4,pre,1,8.88
3,ios,4,pre,1,8.46
4,ios,4,pre,1,8.93
5,ios,4,pre,1,8.66
6,ios,4,pre,1,9.27
7,ios,4,pre,1,7.96
8,ios,4,pre,1,8.8
9,ios,4,pre,1,9.6
10,ios,4,pre,1,9.36
11,ios,4,pre,1,9.74
12,ios,4,pre,1,9.71
13,ios,4,pre,1,11.63
14,ios,4,pre,1,9.89
15,ios,4,pre,1,8.91
16,ios,4,pre,1,9.95
17,ios,4,pre,1,8.93
18,ios,4,pre,1,9.83
19,ios,4,pre,1,7.91
20,ios,4,pre,1,8.65
21,ios,4,pre,1,8.47
22,ios,4,pre,1,8.02
23,ios,4,pre,1,7.51
24,ios,4,pre,1,8.77
25,ios,4,pre,1,8.9
26,ios,4,pre,1,6.38
27,ios,4,pre,1,7.93
28,ios,4,pre,1,10.02
29,ios,4,pre,1,7.97
30,ios,4,pre,1,10.12
31,ios,4,pre,1,7.51
32,ios,4,pre,1,6.4
33,ios,4,pre,1,8.87
34,ios,4,pre,1,9.3
35,ios,4,pre,1,10.33
36,ios,4,pre,1,9.16
37,ios,4,pre,1,9.25
38,ios,4,pre,1,8.27
39,ios,4,pre,1,8.87
40,ios,4,pre,1,9.05
41,ios,4,pre,1,8.1
42,ios,4,pre,1,7.67
43,ios,4,pre,1,8.64
44,ios,4,pre,1,10.86
45,ios,4,pre,1,6.31
46,ios,4,pre,1,9.36
47,ios,4,pre,1,8.93
48,ios,4,pre,1,9.01
49,ios,4,pre,1,7.96
50,ios,4,pre,1,7.42
51,ios,4,pre,1,7.76
52,ios,4,pre,1,7.79
53,ios,4,pre,1,9.71
54,ios,4,pre,1,10.39
55,ios,4,pre,1,9.57
56,ios,4,pre,1,8.16
57,ios,4,pre,1,9.59
58,ios,4,pre,1,8.01
59,ios,4,pre,1,9.14
60,ios,4,pre,1,10.57
61,ios,4,pre,1,8.25
62,ios,4,pre,1,9.25
63,ios,4,pre,1,8.44
64,ios,4,pre,1,9.39
65,ios,4,pre,1,7.91
66,ios,4,pre,1,9.6
67,ios,4,pre,1,10.41
68,ios,4,pre,1,9.91
69,ios,4,pre,1,4.6
70,ios,4,pre,1,9.32
71,ios,4,pre,1,8.99
72,ios,4,pre,1,8.98
73,ios,4,pre,1,10.16
74,ios,4,pre,1,7.95
75,ios,4,pre,1,8.75
76,ios,4,pre,1,7.87
77,ios,4,pre,1,9.03
78,ios,4,pre,1,8.53
79,ios,4,pre,1,9.27
80,ios,4,pre,1,9.2
81,ios,4,pre,1,8.15
82,ios,4,pre,1,9.55
83,ios,4,pre,1,8.79
84,ios,4,pre,1,11.27
85,ios,4,pre,1,10.19
86,ios,4,pre,1,7.32
87,ios,4,pre,1,10.07
88,ios,4,pre,1,8.29
89,ios,4,pre,1,10.26
90,ios,4,pre,1,10.86
91,ios,4,pre,1,9.43
92,ios,4,pre,1,9.77
93,ios,4,pre,1,9.41
94,ios,4,pre,1,7.7
95,ios,4,pre,1,11.23
96,ios,4,pre,1,8.27
97,ios,4,pre,1,8.26
98,ios,4,pre,1,6.43
99,ios,4,pre,1,8.11
100,ios,4,pre,1,8.47
101,ios,4,pre,1,7.7
102,ios,4,pre,1,8.07
103,ios,4,pre,1,8.16
104,ios,4,pre,1,9.5
105,ios,4,pre,1,8.82
106,ios,4,pre,1,7.85
107,ios,4,pre,1,8.8
108,ios,4,pre,1,10.74
109,ios,4,pre,1,7.4
110,ios,4,pre,1,7.71
111,ios,4,pre,1,9.67
112,ios,4,pre,1,7.15
113,ios,4,pre,1,8.97
114,ios,4,pre,1,10.32
115,ios,4,pre,1,8.51
116,ios,4,pre,1,7.3
117,ios,4,pre,1,7.73
118,ios,4,pre,1,9.62
119,ios,4,pre,1,7.35
120,ios,4,pre,1,8.88
121,ios,4,pre,1,9.46
122,ios,4,pre,1,8.86
123,ios,4,pre,1,9.41
124,ios,4,pre,1,8.4
125,ios,4,pre,1,9.39
126,ios,4,pre,1,9.44
127,ios,4,pre,1,9.21
128,ios,4,pre,1,8.05
129,ios,4,pre,1,8.43
130,ios,4,pre,1,7.77
131,ios,4,pre,1,9.43
132,ios,4,pre,1,9.36
133,ios,4,pre,1,8.9
134,ios,4,pre,1,9.99
135,ios,4,pre,1,10.81
136,ios,4,pre,1,7.28
137,ios,4,pre,1,7.72
138,ios,4,pre,1,11.56
139,ios,4,pre,1,8.98
140,ios,4,pre,1,8.81
141,ios,4,pre,1,5.9
142,ios,4,pre,1,10.02
143,ios,4,pre,1,10.07
144,ios,4,pre,1,9.13
145,ios,4,pre,1,8.49
146,ios,4,pre,1,8.41
147,ios,4,pre,1,7.8
148,ios,4,pre,1,9.46
149,ios,4,pre,1,8.75
150,ios,4,pre,1,9.08
151,ios,4,pre,1,6.92
152,ios,4,pre,1,8.98
153,ios,4,pre,1,9.0
154,ios,4,pre,1,9.61
155,ios,4,pre,1,10.25
156,ios,4,pre,1,6.53
157,ios,4,pre,1,7.73
158,ios,4,pre,1,9.98
159,ios,4,pre,1,9.86
160,ios,4,pre,1,8.5
161,ios,4,pre,1,7.03
162,ios,4,pre,1,8.35
163,ios,4,pre,1,10.1
164,ios,4,pre,1,8.79
165,ios,4,pre,1,8.29
166,ios,4,pre,1,9.86
167,ios,4,pre,1,9.43
168,ios,4,pre,1,9.03
169,ios,4,pre,1,8.51
170,ios,4,pre,1,9.31
171,ios,4,pre,1,9.99
172,ios,4,pre,1,10.16
173,ios,4,pre,1,8.86
174,ios,4,pre,1,7.82
175,ios,4,pre,1,8.36
176,ios,4,pre,1,9.04
177,ios,4,pre,1,10.51
178,ios,4,pre,1,8.34
179,ios,4,pre,1,7.04
180,ios,4,pre,1,8.65
181,ios,4,pre,1,6.39
182,ios,4,pre,1,11.43
183,ios,4,pre,1,6.81
184,ios,4,pre,1,9.19
185,ios,4,pre,1,8.24
186,ios,4,pre,1,7.41
187,ios,4,pre,1,8.54
188,ios,4,pre,1,8.16
189,ios,4,pre,1,8.82
190,ios,4,pre,1,10.7
191,ios,4,pre,1,8.2
192,ios,4,pre,1,9.93
193,ios,4,pre,1,8.35
194,ios,4,pre,1,6.48
195,ios,4,pre,1,8.53
196,ios,4,pre,1,9.22
197,ios,4,pre,1,10.54
198,ios,4,pre,1,8.08
199,ios,4,pre,1,7.77
200,ios,4,pre,1,8.01
201,ios,4,pre,1,8.76
202,ios,4,pre,1,7.05
203,ios,4,pre,1,8.03
204,ios,4,pre,1,10.41
205,ios,4,pre,1,11.15
206,ios,4,pre,1,9.7
207,ios,4,pre,1,8.3
208,ios,4,pre,1,10.27
209,ios,4,pre,1,8.99
210,ios,4,pre,1,9.54
211,ios,4,pre,1,8.16
212,ios,4,pre,1,8.01
213,ios,4,pre,1,7.7
214,ios,4,pre,1,8.21
215,ios,4,pre,1,5.73
216,ios,4,pre,1,9.07
217,ios,4,pre,1,11.41
218,ios,4,pre,1,7.61
219,ios,4,pre,1,7.77
220,ios,4,pre,1,10.1
221,ios,4,pre,1,9.69
222,ios,4,pre,1,8.24
223,ios,4,pre,1,8.69
224,ios,4,pre,1,8.37
225,ios,4,pre,1,9.73
226,ios,4,pre,1,8.12
227,ios,4,pre,1,5.87
228,ios,4,pre,1,9.71
229,ios,4,pre,1,8.47
230,ios,4,pre,1,9.0
231,ios,4,pre,1,9.26
232,ios,4,pre,1,8.95
233,ios,4,pre,1,8.17
234,ios,4,pre,1,8.54
235,ios,4,pre,1,6.78
236,ios,4,pre,1,10.31
237,ios,4,pre,1,7.88
238,ios,4,pre,1,7.78
239,ios,4,pre,1,6.97
240,ios,4,pre,1,8.13
241,ios,4,pre,1,9.24
242,ios,4,pre,1,9.92
243,ios,4,pre,1,8.16
244,ios,4,pre,1,9.76
245,ios,4,pre,1,9.17
246,ios,4,pre,1,7.64
247,ios,4,pre,1,10.69
248,ios,4,pre,1,9.41
249,ios,4,pre,1,8.47
250,ios,4,pre,1,10.55
251,ios,4,pre,1,5.93
252,ios,4,pre,1,8.73
253,ios,4,pre,1,9.54
254,ios,4,pre,1,9.31
255,ios,4,pre,1,6.87
256,ios,4,pre,1,10.09
257,ios,4,pre,1,10.06
258,ios,4,pre,1,9.35
259,ios,4,pre,1,8.14
260,ios,4,pre,1,9.73
261,ios,4,pre,1,8.38
262,ios,4,pre,1,8.42
263,ios,4,pre,1,9.97
264,ios,4,pre,1,8.8
265,ios,4,pre,1,9.08
266,ios,4,pre,1,7.78
267,ios,4,pre,1,9.03
268,ios,4,pre,1,10.57
269,ios,4,pre,1,6.06
270,ios,4,pre,1,8.35
271,ios,4,pre,1,9.05
272,ios,4,pre,1,10.27
273,ios,4,pre,1,8.59
274,ios,4,pre,1,7.38
275,ios,4,pre,1,10.16
276,ios,4,pre,1,8.43
277,ios,4,pre,1,8.95
278,ios,4,pre,1,6.27
279,ios,4,pre,1,9.47
280,ios,4,pre,1,9.03
281,ios,4,pre,1,9.42
282,ios,4,pre,1,8.55
283,ios,4,pre,1,8.67
284,ios,4,pre,1,7.97
285,ios,4,pre,1,10.29
286,ios,4,pre,1,7.21
287,ios,4,pre,1,7.33
288,ios,4,pre,1,7.65
289,ios,4,pre,1,9.54
290,ios,4,pre,1,8.97
291,ios,4,pre,1,6.8
292,ios,4,pre,1,9.73
293,ios,4,pre,1,8.6
294,ios,4,pre,1,6.25
295,ios,4,pre,1,9.37
296,ios,4,pre,1,10.86
297,ios,4,pre,1,9.09
298,ios,4,pre,1,10.33
299,ios,4,pre,1,7.63
300,ios,4,pre,1,8.11
301,ios,4,pre,1,9.2
302,ios,4,pre,1,10.68
303,ios,4,pre,1,10.03
304,ios,4,pre,1,8.75
305,ios,4,pre,1,9.22
306,ios,4,pre,1,7.44
307,ios,4,pre,1,8.02
308,ios,4,pre,1,10.23
309,ios,4,pre,1,8.88
310,ios,4,pre,1,8.18
311,ios,4,pre,1,9.89
312,ios,4,pre,1,8.11
313,ios,4,pre,1,7.96
314,ios,4,pre,1,10.23
315,ios,4,pre,1,9.79
316,ios,4,pre,1,9.11
317,ios,4,pre,1,8.67
318,ios,4,pre,1,8.17
319,ios,4,pre,1,7.83
320,ios,4,pre,1,7.16
321,ios,4,pre,1,9.17
322,ios,4,pre,1,10.54
323,ios,4,pre,1,10.09
324,ios,4,pre,1,9.78
325,ios,4,pre,1,9.22
326,ios,4,pre,1,7.59
327,ios,4,pre,1,9.3
328,ios,4,pre,1,7.37
329,ios,4,pre,1,9.06
330,ios,4,pre,1,9.68
331,ios,4,pre,1,9.46
332,ios,4,pre,1,11.04
333,ios,4,pre,1,8.42
334,ios,4,pre,1,7.38
335,ios,4,pre,1,8.26
336,ios,4,pre,1,9.01
337,ios,4,pre,1,7.47
338,ios,4,pre,1,9.3
339,ios,4,pre,1,9.32
340,ios,4,pre,1,10.33
341,ios,4,pre,1,8.54
342,ios,4,pre,1,9.94
343,ios,4,pre,1,7.87
344,ios,4,pre,1,6.98
345,ios,4,pre,1,10.56
346,ios,4,pre,1,9.2
347,ios,4,pre,1,8.56
348,ios,4,pre,1,7.91
349,ios,4,pre,1,9.16
350,ios,4,pre,1,8.92
351,ios,4,pre,1,9.83
352,ios,4,pre,1,9.07
353,ios,4,pre,1,9.29
354,ios,4,pre,1,10.3
355,ios,4,pre,1,7.67
356,ios,4,pre,1,9.53
357,ios,4,pre,1,7.29
358,ios,4,pre,1,9.69
359,ios,4,pre,1,10.51
360,ios,4,pre,1,6.94
361,ios,4,pre,1,9.88
362,ios,4,pre,1,10.24
363,ios,4,pre,1,9.82
364,ios,4,pre,1,9.91
365,ios,4,pre,1,8.31
366,ios,4,pre,1,8.32
367,ios,4,pre,1,9.62
368,ios,4,pre,1,9.03
369,ios,4,pre,1,6.6
370,ios,4,pre,1,7.45
371,ios,4,pre,1,8.6
372,ios,4,pre,1,9.6
373,ios,4,pre,1,9.4
374,ios,4,pre,1,11.08
375,ios,4,pre,1,8.93
376,ios,4,pre,1,8.84
377,ios,4,pre,1,10.07
378,ios,4,pre,1,8.94
379,ios,4,pre,1,8.64
380,ios,4,pre,1,8.97
381,ios,4,pre,1,8.02
382,ios,4,pre,1,8.97
383,ios,4,pre,1,9.45
384,ios,4,pre,1,8.05
385,ios,4,pre,1,8.67
386,ios,4,pre,1,9.66
387,ios,4,pre,1,9.05
388,ios,4,pre,1,10.28
389,ios,4,pre,1,7.68
390,ios,4,pre,1,8.52
391,ios,4,pre,1,8.97
392,ios,4,pre,1,9.05
393,ios,4,pre,1,9.83
394,ios,4,pre,1,8.7
395,ios,4,pre,1,9.35
396,ios,4,pre,1,10.75
397,ios,4,pre,1,8.55
398,ios,4,pre,1,7.66
399,ios,4,pre,1,9.48
400,ios,4,pre,1,7.49
401,ios,4,pre,1,9.86
402,ios,4,pre,1,7.68
403,ios,4,pre,1,11.75
404,ios,4,pre,1,8.58
405,ios,4,pre,1,8.36
406,ios,4,pre,1,8.41
407,ios,4,pre,1,7.19
408,ios,4,pre,1,7.16
409,ios,4,pre,1,10.38
410,ios,4,pre,1,8.46
411,ios,4,pre,1,8.17
412,ios,4,pre,1,9.94
413,ios,4,pre,1,6.07
414,ios,4,pre,1,8.64
415,ios,4,pre,1,8.49
416,ios,4,pre,1,9.93
417,ios,4,pre,1,8.49
418,ios,4,pre,1,8.95
419,ios,4,pre,1,7.87
420,ios,4,pre,1,9.62
421,ios,4,pre,1,10.26
422,ios,4,pre,1,8.69
423,ios,4,pre,1,8.73
424,ios,4,pre,1,7.46
425,ios,4,pre,1,7.78
426,ios,4,pre,1,8.33
427,ios,4,pre,1,8.04
428,ios,4,pre,1,7.32
429,ios,4,pre,1,8.97
430,ios,4,pre,1,10.26
431,ios,4,pre,1,7.08
432,ios,4,pre,1,9.15
433,ios,4,pre,1,8.57
434,ios,4,pre,1,7.11
435,ios,4,pre,1,7.78
436,ios,4,pre,1,8.54
437,ios,4,pre,1,8.42
438,ios,4,pre,1,9.66
439,ios,4,pre,1,10.5
440,ios,4,pre,1,8.58
441,ios,4,pre,1,9.38
442,ios,4,pre,1,10.71
443,ios,4,pre,1,8.66
444,ios,4,pre,1,10.17
445,ios,4,pre,1,9.54
446,ios,4,pre,1,6.98
447,ios,4,pre,1,9.0
448,ios,4,pre,1,6.54
449,ios,4,pre,1,9.86
450,ios,4,pre,1,11.12
451,ios,4,pre,1,9.8
452,ios,4,pre,1,7.91
453,ios,4,pre,1,9.49
454,ios,4,pre,1,9.29
455,ios,4,pre,1,8.89
456,ios,4,pre,1,9.65
457,ios,4,pre,1,10.85
458,ios,4,pre,1,10.68
459,ios,4,pre,1,8.75
460,ios,4,pre,1,6.71
461,ios,4,pre,1,9.33
462,ios,4,pre,1,8.56
463,ios,4,pre,1,9.16
464,ios,4,pre,1,6.61
465,ios,4,pre,1,9.14
466,ios,4,pre,1,7.26
467,ios,4,pre,1,9.84
468,ios,4,pre,1,8.56
469,ios,4,pre,1,8.18
470,ios,4,pre,1,8.76
471,ios,4,pre,1,9.48
472,ios,4,pre,1,8.1
473,ios,4,pre,1,9.47
474,ios,4,pre,1,8.46
475,ios,4,pre,1,6.98
476,ios,4,pre,1,9.32
477,ios,4,pre,1,9.14
478,ios,4,pre,1,10.36
479,ios,4,pre,1,7.67
480,ios,4,pre,1,9.97
481,ios,4,pre,1,7.94
482,ios,4,pre,1,10.07
483,ios,4,pre,1,8.19
484,ios,4,pre,1,9.67
485,ios,4,pre,1,6.54
486,ios,4,pre,1,8.96
487,ios,4,pre,1,8.16
488,ios,4,pre,1,7.53
489,ios,4,pre,1,8.18
490,ios,4,pre,1,9.2
491,ios,4,pre,1,9.51
492,ios,4,pre,1,9.42
493,ios,4,pre,1,10.74
494,ios,4,pre,1,7.19
495,ios,4,pre,1,8.07
496,ios,4,pre,1,9.3
497,ios,4,pre,1,9.37
498,ios,4,pre,1,7.63
499,ios,4,pre,1,9.81
500,ios,4,pre,1,11.21
1,ios,5,post,1,10.16
2,ios,5,post,1,13.45
3,ios,5,post,1,13.4
4,ios,5,post,1,13.2
5,ios,5,post,1,14.7
6,ios,5,post,1,13.13
7,ios,5,post,1,12.7
8,ios,5,post,1,12.03
9,ios,5,post,1,14.01
10,ios,5,post,1,13.01
11,ios,5,post,1,13.46
12,ios,5,post,1,15.1
13,ios,5,post,1,13.64
14,ios,5,post,1,13.75
15,ios,5,post,1,15.24
16,ios,5,post,1,13.48
17,ios,5,post,1,13.3
18,ios,5,post,1,12.27
19,ios,5,post,1,11.72
20,ios,5,post,1,12.53
21,ios,5,post,1,15.38
22,ios,5,post,1,13.7
23,ios,5,post,1,13.7
24,ios,5,post,1,12.49
25,ios,5,post,1,14.14
26,ios,5,post,1,14.73
27,ios,5,post,1,12.88
28,ios,5,post,1,12.12
29,ios,5,post,1,12.66
30,ios,5,post,1,12.03
31,ios,5,post,1,14.33
32,ios,5,post,1,11.94
33,ios,5,post,1,11.85
34,ios,5,post,1,13.42
35,ios,5,post,1,14.18
36,ios,5,post,1,13.25
37,ios,5,post,1,12.79
38,ios,5,post,1,12.08
39,ios,5,post,1,11.95
40,ios,5,post,1,13.73
41,ios,5,post,1,11.48
42,ios,5,post,1,13.52
43,ios,5,post,1,12.46
44,ios,5,post,1,12.82
45,ios,5,post,1,11.67
46,ios,5,post,1,15.23
47,ios,5,post,1,13.01
48,ios,5,post,1,12.6
49,ios,5,post,1,12.47
50,ios,5,post,1,13.81
51,ios,5,post,1,11.42
52,ios,5,post,1,11.93
53,ios,5,post,1,11.0
54,ios,5,post,1,12.47
55,ios,5,post,1,13.89
56,ios,5,post,1,13.63
57,ios,5,post,1,12.25
58,ios,5,post,1,14.85
59,ios,5,post,1,13.38
60,ios,5,post,1,14.04
61,ios,5,post,1,12.95
62,ios,5,post,1,13.51
63,ios,5,post,1,12.89
64,ios,5,post,1,15.46
65,ios,5,post,1,12.53
66,ios,5,post,1,14.26
67,ios,5,post,1,13.33
68,ios,5,post,1,12.24
69,ios,5,post,1,12.19
70,ios,5,post,1,15.42
71,ios,5,post,1,13.14
72,ios,5,post,1,12.94
73,ios,5,post,1,13.15
74,ios,5,post,1,13.34
75,ios,5,post,1,13.49
76,ios,5,post,1,13.21
77,ios,5,post,1,12.25
78,ios,5,post,1,13.63
79,ios,5,post,1,12.63
80,ios,5,post,1,14.91
81,ios,5,post,1,11.7
82,ios,5,post,1,13.46
83,ios,5,post,1,12.11
84,ios,5,post,1,13.23
85,ios,5,post,1,14.08
86,ios,5,post,1,14.05
87,ios,5,post,1,12.89
88,ios,5,post,1,13.81
89,ios,5,post,1,13.53
90,ios,5,post,1,11.71
91,ios,5,post,1,14.51
92,ios,5,post,1,14.78
93,ios,5,post,1,14.1
94,ios,5,post,1,13.13
95,ios,5,post,1,15.69
96,ios,5,post,1,14.28
97,ios,5,post,1,14.72
98,ios,5,post,1,12.8
99,ios,5,post,1,14.0
100,ios,5,post,1,12.86
101,ios,5,post,1,12.75
102,ios,5,post,1,13.37
103,ios,5,post,1,13.58
104,ios,5,post,1,12.9
105,ios,5,post,1,12.3
106,ios,5,post,1,12.02
107,ios,5,post,1,11.86
108,ios,5,post,1,15.17
109,ios,5,post,1,10.36
110,ios,5,post,1,13.23
111,ios,5,post,1,13.39
112,ios,5,post,1,11.65
113,ios,5,post,1,13.07
114,ios,5,post,1,13.25
115,ios,5,post,1,14.98
116,ios,5,post,1,11.59
117,ios,5,post,1,12.94
118,ios,5,post,1,12.15
119,ios,5,post,1,11.57
120,ios,5,post,1,12.32
121,ios,5,post,1,13.96
122,ios,5,post,1,13.13
123,ios,5,post,1,12.04
124,ios,5,post,1,11.69
125,ios,5,post,1,13.76
126,ios,5,post,1,11.79
127,ios,5,post,1,15.65
128,ios,5,post,1,14.13
129,ios,5,post,1,12.87
130,ios,5,post,1,13.84
131,ios,5,post,1,11.96
132,ios,5,post,1,13.04
133,ios,5,post,1,13.43
134,ios,5,post,1,13.31
135,ios,5,post,1,12.83
136,ios,5,post,1,12.71
137,ios,5,post,1,9.88
138,ios,5,post,1,12.32
139,ios,5,post,1,13.29
140,ios,5,post,1,11.58
141,ios,5,post,1,10.63
142,ios,5,post,1,14.1
143,ios,5,post,1,12.35
144,ios,5,post,1,13.92
145,ios,5,post,1,11.75
146,ios,5,post,1,14.69
147,ios,5,post,1,12.8
148,ios,5,post,1,11.04
149,ios,5,post,1,12.78
150,ios,5,post,1,12.3
151,ios,5,post,1,11.4
152,ios,5,post,1,14.0
153,ios,5,post,1,13.58
154,ios,5,post,1,14.26
155,ios,5,post,1,12.63
156,ios,5,post,1,12.01
157,ios,5,post,1,13.56
158,ios,5,post,1,13.28
159,ios,5,post,1,12.93
160,ios,5,post,1,14.95
161,ios,5,post,1,13.57
162,ios,5,post,1,13.61
163,ios,5,post,1,13.18
164,ios,5,post,1,12.55
165,ios,5,post,1,12.27
166,ios,5,post,1,15.08
167,ios,5,post,1,12.28
168,ios,5,post,1,13.23
169,ios,5,post,1,13.77
170,ios,5,post,1,13.75
171,ios,5,post,1,12.73
172,ios,5,post,1,13.34
173,ios,5,post,1,13.14
174,ios,5,post,1,12.17
175,ios,5,post,1,13.0
176,ios,5,post,1,13.5
177,ios,5,post,1,13.33
178,ios,5,post,1,10.24
179,ios,5,post,1,11.9
180,ios,5,post,1,14.34
181,ios,5,post,1,10.95
182,ios,5,post,1,11.04
183,ios,5,post,1,13.1
184,ios,5,post,1,11.99
185,ios,5,post,1,11.6
186,ios,5,post,1,10.65
187,ios,5,post,1,13.37
188,ios,5,post,1,14.12
189,ios,5,post,1,12.44
190,ios,5,post,1,14.52
191,ios,5,post,1,12.86
192,ios,5,post,1,13.74
193,ios,5,post,1,14.19
194,ios,5,post,1,11.84
195,ios,5,post,1,12.79
196,ios,5,post,1,15.04
197,ios,5,post,1,13.89
198,ios,5,post,1,14.0
199,ios,5,post,1,12.47
200,ios,5,post,1,13.79
201,ios,5,post,1,13.76
202,ios,5,post,1,11.52
203,ios,5,post,1,12.15
204,ios,5,post,1,14.08
205,ios,5,post,1,14.25
206,ios,5,post,1,14.56
207,ios,5,post,1,11.62
208,ios,5,post,1,13.16
209,ios,5,post,1,13.73
210,ios,5,post,1,12.98
211,ios,5,post,1,13.29
212,ios,5,post,1,14.18
213,ios,5,post,1,13.46
214,ios,5,post,1,11.2
215,ios,5,post,1,11.57
216,ios,5,post,1,12.81
217,ios,5,post,1,11.38
218,ios,5,post,1,11.06
219,ios,5,post,1,13.75
220,ios,5,post,1,13.02
221,ios,5,post,1,14.29
222,ios,5,post,1,13.8
223,ios,5,post,1,13.57
224,ios,5,post,1,13.39
225,ios,5,post,1,14.66
226,ios,5,post,1,12.77
227,ios,5,post,1,13.19
228,ios,5,post,1,13.89
229,ios,5,post,1,12.47
230,ios,5,post,1,12.27
231,ios,5,post,1,13.0
232,ios,5,post,1,11.85
233,ios,5,post,1,13.95
234,ios,5,post,1,12.02
235,ios,5,post,1,9.7
236,ios,5,post,1,13.16
237,ios,5,post,1,13.75
238,ios,5,post,1,12.98
239,ios,5,post,1,11.71
240,ios,5,post,1,13.06
241,ios,5,post,1,13.62
242,ios,5,post,1,10.54
243,ios,5,post,1,13.97
244,ios,5,post,1,11.96
245,ios,5,post,1,13.0
246,ios,5,post,1,10.74
247,ios,5,post,1,10.73
248,ios,5,post,1,12.23
249,ios,5,post,1,11.78
250,ios,5,post,1,13.73
251,ios,5,post,1,12.08
252,ios,5,post,1,12.71
253,ios,5,post,1,11.82
254,ios,5,post,1,14.26
255,ios,5,post,1,11.16
256,ios,5,post,1,12.94
257,ios,5,post,1,13.53
258,ios,5,post,1,13.72
259,ios,5,post,1,14.05
260,ios,5,post,1,12.14
261,ios,5,post,1,12.67
262,ios,5,post,1,13.44
263,ios,5,post,1,13.22
264,ios,5,post,1,11.89
265,ios,5,post,1,13.53
266,ios,5,post,1,12.7
267,ios,5,post,1,14.8
268,ios,5,post,1,12.36
269,ios,5,post,1,14.56
270,ios,5,post,1,13.69
271,ios,5,post,1,12.04
272,ios,5,post,1,12.43
273,ios,5,post,1,12.87
274,ios,5,post,1,13.13
275,ios,5,post,1,13.72
276,ios,5,post,1,12.06
277,ios,5,post,1,14.33
278,ios,5,post,1,15.25
279,ios,5,post,1,12.04
280,ios,5,post,1,11.17
281,ios,5,post,1,12.45
282,ios,5,post,1,12.49
283,ios,5,post,1,13.09
284,ios,5,post,1,11.69
285,ios,5,post,1,14.74
286,ios,5,post,1,12.69
287,ios,5,post,1,10.68
288,ios,5,post,1,13.22
289,ios,5,post,1,12.38
290,ios,5,post,1,13.38
291,ios,5,post,1,11.18
292,ios,5,post,1,13.43
293,ios,5,post,1,12.91
294,ios,5,post,1,11.93
295,ios,5,post,1,15.44
296,ios,5,post,1,12.91
297,ios,5,post,1,13.45
298,ios,5,post,1,14.47
299,ios,5,post,1,12.21
300,ios,5,post,1,12.66
301,ios,5,post,1,14.33
302,ios,5,post,1,12.39
303,ios,5,post,1,13.35
304,ios,5,post,1,16.03
305,ios,5,post,1,15.0
306,ios,5,post,1,12.24
307,ios,5,post,1,13.83
308,ios,5,post,1,14.42
309,ios,5,post,1,14.68
310,ios,5,post,1,13.94
311,ios,5,post,1,12.64
312,ios,5,post,1,11.88
313,ios,5,post,1,13.76
314,ios,5,post,1,13.2
315,ios,5,post,1,14.31
316,ios,5,post,1,11.86
317,ios,5,post,1,12.88
318,ios,5,post,1,13.06
319,ios,5,post,1,12.08
320,ios,5,post,1,12.61
321,ios,5,post,1,13.14
322,ios,5,post,1,13.47
323,ios,5,post,1,15.06
324,ios,5,post,1,14.47
325,ios,5,post,1,14.42
326,ios,5,post,1,16.01
327,ios,5,post,1,12.66
328,ios,5,post,1,11.39
329,ios,5,post,1,13.85
330,ios,5,post,1,14.48
331,ios,5,post,1,13.87
332,ios,5,post,1,11.97
333,ios,5,post,1,13.38
334,ios,5,post,1,11.89
335,ios,5,post,1,11.56
336,ios,5,post,1,10.37
337,ios,5,post,1,11.37
338,ios,5,post,1,13.88
339,ios,5,post,1,12.65
340,ios,5,post,1,12.27
341,ios,5,post,1,13.42
342,ios,5,post,1,13.27
343,ios,5,post,1,12.06
344,ios,5,post,1,13.77
345,ios,5,post,1,13.84
346,ios,5,post,1,12.94
347,ios,5,post,1,11.32
348,ios,5,post,1,15.06
349,ios,5,post,1,12.74
350,ios,5,post,1,12.13
351,ios,5,post,1,12.63
352,ios,5,post,1,11.45
353,ios,5,post,1,13.96
354,ios,5,post,1,12.9
355,ios,5,post,1,12.24
356,ios,5,post,1,10.0
357,ios,5,post,1,13.53
358,ios,5,post,1,12.5
359,ios,5,post,1,12.57
360,ios,5,post,1,13.77
361,ios,5,post,1,13.25
362,ios,5,post,1,12.14
363,ios,5,post,1,12.23
364,ios,5,post,1,11.62
365,ios,5,post,1,13.9
366,ios,5,post,1,11.93
367,ios,5,post,1,14.46
368,ios,5,post,1,12.49
369,ios,5,post,1,13.31
370,ios,5,post,1,12.51
371,ios,5,post,1,13.45
372,ios,5,post,1,14.16
373,ios,5,post,1,13.55
374,ios,5,post,1,13.96
375,ios,5,post,1,12.53
376,ios,5,post,1,12.92
377,ios,5,post,1,12.05
378,ios,5,post,1,12.46
379,ios,5,post,1,13.64
380,ios,5,post,1,11.4
381,ios,5,post,1,14.01
382,ios,5,post,1,13.38
383,ios,5,post,1,13.07
384,ios,5,post,1,13.02
385,ios,5,post,1,13.73
386,ios,5,post,1,10.83
387,ios,5,post,1,12.36
388,ios,5,post,1,13.14
389,ios,5,post,1,12.71
390,ios,5,post,1,12.99
391,ios,5,post,1,13.8
392,ios,5,post,1,12.0
393,ios,5,post,1,14.01
394,ios,5,post,1,12.89
395,ios,5,post,1,10.95
396,ios,5,post,1,12.45
397,ios,5,post,1,14.95
398,ios,5,post,1,12.07
399,ios,5,post,1,12.0
400,ios,5,post,1,11.2
401,ios,5,post,1,13.11
402,ios,5,post,1,12.82
403,ios,5,post,1,12.66
404,ios,5,post,1,14.6
405,ios,5,post,1,13.24
406,ios,5,post,1,12.46
407,ios,5,post,1,12.8
408,ios,5,post,1,11.23
409,ios,5,post,1,13.09
410,ios,5,post,1,14.11
411,ios,5,post,1,14.01
412,ios,5,post,1,12.59
413,ios,5,post,1,12.61
414,ios,5,post,1,12.52
415,ios,5,post,1,13.81
416,ios,5,post,1,12.8
417,ios,5,post,1,12.71
418,ios,5,post,1,11.22
419,ios,5,post,1,12.18
420,ios,5,post,1,13.17
421,ios,5,post,1,13.34
422,ios,5,post,1,12.44
423,ios,5,post,1,11.31
424,ios,5,post,1,11.12
425,ios,5,post,1,11.57
426,ios,5,post,1,14.04
427,ios,5,post,1,12.07
428,ios,5,post,1,10.67
429,ios,5,post,1,11.42
430,ios,5,post,1,14.0
431,ios,5,post,1,12.77
432,ios,5,post,1,10.05
433,ios,5,post,1,11.41
434,ios,5,post,1,13.11
435,ios,5,post,1,12.99
436,ios,5,post,1,14.14
437,ios,5,post,1,13.01
438,ios,5,post,1,12.78
439,ios,5,post,1,11.73
440,ios,5,post,1,11.5
441,ios,5,post,1,12.49
442,ios,5,post,1,13.52
443,ios,5,post,1,11.86
444,ios,5,post,1,13.88
445,ios,5,post,1,13.63
446,ios,5,post,1,13.65
447,ios,5,post,1,14.67
448,ios,5,post,1,13.86
449,ios,5,post,1,13.1
450,ios,5,post,1,13.3
451,ios,5,post,1,11.56
452,ios,5,post,1,13.09
453,ios,5,post,1,14.46
454,ios,5,post,1,13.11
455,ios,5,post,1,12.96
456,ios,5,post,1,11.65
457,ios,5,post,1,12.9
458,ios,5,post,1,12.34
459,ios,5,post,1,11.6
460,ios,5,post,1,13.4
461,ios,5,post,1,16.19
462,ios,5,post,1,12.76
463,ios,5,post,1,11.56
464,ios,5,post,1,13.16
465,ios,5,post,1,12.55
466,ios,5,post,1,13.22
467,ios,5,post,1,12.87
468,ios,5,post,1,12.32
469,ios,5,post,1,12.63
470,ios,5,post,1,12.05
471,ios,5,post,1,13.17
472,ios,5,post,1,13.45
473,ios,5,post,1,14.53
474,ios,5,post,1,15.65
475,ios,5,post,1,12.52
476,ios,5,post,1,13.12
477,ios,5,post,1,13.74
478,ios,5,post,1,12.66
479,ios,5,post,1,14.81
480,ios,5,post,1,13.28
481,ios,5,post,1,12.26
482,ios,5,post,1,12.64
483,ios,5,post,1,13.29
484,ios,5,post,1,12.43
485,ios,5,post,1,11.28
486,ios,5,post,1,12.13
487,ios,5,post,1,13.35
488,ios,5,post,1,13.93
489,ios,5,post,1,13.21
490,ios,5,post,1,13.4
491,ios,5,post,1,12.76
492,ios,5,post,1,12.46
493,ios,5,post,1,13.47
494,ios,5,post,1,14.83
495,ios,5,post,1,13.85
496,ios,5,post,1,13.68
497,ios,5,post,1,13.55
498,ios,5,post,1,12.5
499,ios,5,post,1,12.73
500,ios,5,post,1,15.68
1,ios,6,post,1,12.3
2,ios,6,post,1,13.88
3,ios,6,post,1,14.48
4,ios,6,post,1,12.82
5,ios,6,post,1,13.87
6,ios,6,post,1,14.73
7,ios,6,post,1,13.94
8,ios,6,post,1,14.35
9,ios,6,post,1,16.26
10,ios,6,post,1,14.53
11,ios,6,post,1,14.15
12,ios,6,post,1,14.16
13,ios,6,post,1,14.26
14,ios,6,post,1,14.66
15,ios,6,post,1,15.75
16,ios,6,post,1,14.75
17,ios,6,post,1,12.89
18,ios,6,post,1,13.65
19,ios,6,post,1,13.76
20,ios,6,post,1,14.64
21,ios,6,post,1,13.39
22,ios,6,post,1,16.05
23,ios,6,post,1,15.53
24,ios,6,post,1,13.33
25,ios,6,post,1,15.01
26,ios,6,post,1,14.75
27,ios,6,post,1,15.58
28,ios,6,post,1,14.66
29,ios,6,post,1,15.46
30,ios,6,post,1,14.61
31,ios,6,post,1,13.63
32,ios,6,post,1,13.44
33,ios,6,post,1,13.89
34,ios,6,post,1,14.39
35,ios,6,post,1,15.33
36,ios,6,post,1,13.95
37,ios,6,post,1,13.84
38,ios,6,post,1,14.6
39,ios,6,post,1,15.05
40,ios,6,post,1,12.84
41,ios,6,post,1,14.48
42,ios,6,post,1,11.71
43,ios,6,post,1,14.99
44,ios,6,post,1,15.47
45,ios,6,post,1,13.34
46,ios,6,post,1,16.21
47,ios,6,post,1,12.41
48,ios,6,post,1,13.67
49,ios,6,post,1,12.9
50,ios,6,post,1,14.15
51,ios,6,post,1,14.1
52,ios,6,post,1,14.05
53,ios,6,post,1,15.27
54,ios,6,post,1,14.4
55,ios,6,post,1,15.31
56,ios,6,post,1,14.94
57,ios,6,post,1,12.59
58,ios,6,post,1,12.95
59,ios,6,post,1,15.64
60,ios,6,post,1,13.46
61,ios,6,post,1,15.61
62,ios,6,post,1,15.49
63,ios,6,post,1,13.34
64,ios,6,post,1,13.5
65,ios,6,post,1,12.8
66,ios,6,post,1,17.8
67,ios,6,post,1,14.72
68,ios,6,post,1,13.01
69,ios,6,post,1,13.14
70,ios,6,post,1,14.4
71,ios,6,post,1,14.14
72,ios,6,post,1,14.46
73,ios,6,post,1,14.47
74,ios,6,post,1,14.58
75,ios,6,post,1,11.36
76,ios,6,post,1,14.19
77,ios,6,post,1,14.38
78,ios,6,post,1,15.39
79,ios,6,post,1,14.08
80,ios,6,post,1,15.31
81,ios,6,post,1,13.48
82,ios,6,post,1,16.54
83,ios,6,post,1,13.99
84,ios,6,post,1,13.75
85,ios,6,post,1,13.23
86,ios,6,post,1,14.96
87,ios,6,post,1,16.67
88,ios,6,post,1,14.24
89,ios,6,post,1,15.18
90,ios,6,post,1,15.14
91,ios,6,post,1,15.44
92,ios,6,post,1,15.64
93,ios,6,post,1,15.93
94,ios,6,post,1,14.22
95,ios,6,post,1,15.76
96,ios,6,post,1,14.76
97,ios,6,post,1,13.75
98,ios,6,post,1,14.72
99,ios,6,post,1,14.57
100,ios,6,post,1,12.93
101,ios,6,post,1,13.85
102,ios,6,post,1,13.69
103,ios,6,post,1,13.72
104,ios,6,post,1,14.61
105,ios,6,post,1,14.76
106,ios,6,post,1,11.6
107,ios,6,post,1,11.68
108,ios,6,post,1,16.57
109,ios,6,post,1,14.3
110,ios,6,post,1,15.35
111,ios,6,post,1,13.33
112,ios,6,post,1,14.4
113,ios,6,post,1,16.24
114,ios,6,post,1,15.31
115,ios,6,post,1,12.72
116,ios,6,post,1,13.29
117,ios,6,post,1,14.13
118,ios,6,post,1,14.97
119,ios,6,post,1,14.29
120,ios,6,post,1,16.1
121,ios,6,post,1,15.21
122,ios,6,post,1,12.61
123,ios,6,post,1,13.31
124,ios,6,post,1,14.11
125,ios,6,post,1,12.95
126,ios,6,post,1,13.61
127,ios,6,post,1,15.01
128,ios,6,post,1,12.81
129,ios,6,post,1,13.51
130,ios,6,post,1,12.81
131,ios,6,post,1,15.24
132,ios,6,post,1,15.16
133,ios,6,post,1,13.09
134,ios,6,post,1,14.69
135,ios,6,post,1,16.67
136,ios,6,post,1,13.62
137,ios,6,post,1,11.41
138,ios,6,post,1,15.18
139,ios,6,post,1,14.59
140,ios,6,post,1,15.19
141,ios,6,post,1,12.4
142,ios,6,post,1,14.16
143,ios,6,post,1,14.62
144,ios,6,post,1,13.17
145,ios,6,post,1,13.43
146,ios,6,post,1,16.28
147,ios,6,post,1,11.62
148,ios,6,post,1,13.52
149,ios,6,post,1,14.14
150,ios,6,post,1,14.56
151,ios,6,post,1,13.32
152,ios,6,post,1,15.78
153,ios,6,post,1,14.6
154,ios,6,post,1,15.03
155,ios,6,post,1,14.69
156,ios,6,post,1,14.88
157,ios,6,post,1,15.21
158,ios,6,post,1,16.55
159,ios,6,post,1,15.28
160,ios,6,post,1,14.44
161,ios,6,post,1,13.4
162,ios,6,post,1,12.12
163,ios,6,post,1,13.89
164,ios,6,post,1,11.91
165,ios,6,post,1,14.16
166,ios,6,post,1,15.52
167,ios,6,post,1,13.21
168,ios,6,post,1,14.71
169,ios,6,post,1,12.99
170,ios,6,post,1,15.3
171,ios,6,post,1,15.9
172,ios,6,post,1,14.19
173,ios,6,post,1,13.79
174,ios,6,post,1,14.16
175,ios,6,post,1,15.51
176,ios,6,post,1,15.79
177,ios,6,post,1,13.52
178,ios,6,post,1,13.89
179,ios,6,post,1,14.25
180,ios,6,post,1,16.36
181,ios,6,post,1,14.7
182,ios,6,post,1,12.5
183,ios,6,post,1,11.15
184,ios,6,post,1,14.75
185,ios,6,post,1,17.07
186,ios,6,post,1,10.89
187,ios,6,post,1,14.7
188,ios,6,post,1,15.69
189,ios,6,post,1,15.74
190,ios,6,post,1,15.5
191,ios,6,post,1,14.78
192,ios,6,post,1,13.54
193,ios,6,post,1,16.58
194,ios,6,post,1,13.83
195,ios,6,post,1,14.41
196,ios,6,post,1,13.87
197,ios,6,post,1,13.68
198,ios,6,post,1,12.73
199,ios,6,post,1,13.41
200,ios,6,post,1,11.91
201,ios,6,post,1,14.46
202,ios,6,post,1,14.17
203,ios,6,post,1,13.91
204,ios,6,post,1,13.94
205,ios,6,post,1,12.48
206,ios,6,post,1,16.61
207,ios,6,post,1,13.66
208,ios,6,post,1,14.91
209,ios,6,post,1,14.91
210,ios,6,post,1,14.01
211,ios,6,post,1,14.18
212,ios,6,post,1,14.64
213,ios,6,post,1,13.98
214,ios,6,post,1,14.65
215,ios,6,post,1,13.14
216,ios,6,post,1,15.72
217,ios,6,post,1,14.13
218,ios,6,post,1,12.42
219,ios,6,post,1,14.34
220,ios,6,post,1,16.68
221,ios,6,post,1,12.7
222,ios,6,post,1,14.51
223,ios,6,post,1,15.06
224,ios,6,post,1,12.7
225,ios,6,post,1,13.59
226,ios,6,post,1,14.95
227,ios,6,post,1,13.13
228,ios,6,post,1,13.55
229,ios,6,post,1,14.07
230,ios,6,post,1,14.57
231,ios,6,post,1,15.69
232,ios,6,post,1,15.32
233,ios,6,post,1,14.79
234,ios,6,post,1,14.95
235,ios,6,post,1,12.55
236,ios,6,post,1,14.02
237,ios,6,post,1,15.62
238,ios,6,post,1,14.66
239,ios,6,post,1,13.48
240,ios,6,post,1,14.9
241,ios,6,post,1,14.87
242,ios,6,post,1,13.97
243,ios,6,post,1,14.88
244,ios,6,post,1,14.08
245,ios,6,post,1,15.76
246,ios,6,post,1,13.89
247,ios,6,post,1,15.44
248,ios,6,post,1,13.97
249,ios,6,post,1,14.39
250,ios,6,post,1,14.38
251,ios,6,post,1,14.35
252,ios,6,post,1,15.85
253,ios,6,post,1,15.83
254,ios,6,post,1,14.39
255,ios,6,post,1,15.21
256,ios,6,post,1,14.26
257,ios,6,post,1,14.1
258,ios,6,post,1,13.72
259,ios,6,post,1,15.37
260,ios,6,post,1,14.98
261,ios,6,post,1,14.53
262,ios,6,post,1,14.12
263,ios,6,post,1,14.81
264,ios,6,post,1,12.26
265,ios,6,post,1,14.25
266,ios,6,post,1,14.91
267,ios,6,post,1,14.79
268,ios,6,post,1,12.49
269,ios,6,post,1,14.8
270,ios,6,post,1,14.77
271,ios,6,post,1,13.79
272,ios,6,post,1,14.74
273,ios,6,post,1,13.92
274,ios,6,post,1,13.2
275,ios,6,post,1,14.63
276,ios,6,post,1,14.1
277,ios,6,post,1,15.36
278,ios,6,post,1,15.63
279,ios,6,post,1,13.91
280,ios,6,post,1,13.76
281,ios,6,post,1,13.63
282,ios,6,post,1,12.26
283,ios,6,post,1,13.47
284,ios,6,post,1,11.91
285,ios,6,post,1,14.19
286,ios,6,post,1,13.55
287,ios,6,post,1,13.35
288,ios,6,post,1,12.63
289,ios,6,post,1,11.94
290,ios,6,post,1,15.16
291,ios,6,post,1,13.77
292,ios,6,post,1,14.97
293,ios,6,post,1,14.05
294,ios,6,post,1,13.82
295,ios,6,post,1,15.9
296,ios,6,post,1,11.42
297,ios,6,post,1,15.73
298,ios,6,post,1,13.9
299,ios,6,post,1,14.12
300,ios,6,post,1,14.96
301,ios,6,post,1,14.49
302,ios,6,post,1,13.81
303,ios,6,post,1,11.84
304,ios,6,post,1,13.9
305,ios,6,post,1,15.27
306,ios,6,post,1,14.73
307,ios,6,post,1,14.47
308,ios,6,post,1,16.25
309,ios,6,post,1,15.6
310,ios,6,post,1,14.51
311,ios,6,post,1,14.41
312,ios,6,post,1,12.75
313,ios,6,post,1,13.46
314,ios,6,post,1,15.36
315,ios,6,post,1,13.45
316,ios,6,post,1,13.47
317,ios,6,post,1,12.31
318,ios,6,post,1,14.1
319,ios,6,post,1,13.3
320,ios,6,post,1,15.84
321,ios,6,post,1,14.2
322,ios,6,post,1,16.86
323,ios,6,post,1,15.97
324,ios,6,post,1,13.02
325,ios,6,post,1,15.86
326,ios,6,post,1,15.67
327,ios,6,post,1,14.93
328,ios,6,post,1,15.99
329,ios,6,post,1,14.6
330,ios,6,post,1,15.26
331,ios,6,post,1,15.34
332,ios,6,post,1,14.18
333,ios,6,post,1,14.35
334,ios,6,post,1,13.66
335,ios,6,post,1,12.83
336,ios,6,post,1,14.21
337,ios,6,post,1,14.48
338,ios,6,post,1,14.04
339,ios,6,post,1,14.29
340,ios,6,post,1,13.6
341,ios,6,post,1,16.19
342,ios,6,post,1,15.11
343,ios,6,post,1,13.36
344,ios,6,post,1,13.5
345,ios,6,post,1,12.85
346,ios,6,post,1,13.35
347,ios,6,post,1,13.52
348,ios,6,post,1,15.21
349,ios,6,post,1,13.98
350,ios,6,post,1,14.47
351,ios,6,post,1,14.04
352,ios,6,post,1,13.3
353,ios,6,post,1,15.91
354,ios,6,post,1,13.65
355,ios,6,post,1,15.15
356,ios,6,post,1,13.47
357,ios,6,post,1,12.62
358,ios,6,post,1,14.76
359,ios,6,post,1,12.34
360,ios,6,post,1,13.64
361,ios,6,post,1,11.91
362,ios,6,post,1,14.16
363,ios,6,post,1,13.65
364,ios,6,post,1,12.91
365,ios,6,post,1,14.4
366,ios,6,post,1,14.41
367,ios,6,post,1,15.18
368,ios,6,post,1,14.73
369,ios,6,post,1,11.82
370,ios,6,post,1,13.72
371,ios,6,post,1,14.36
372,ios,6,post,1,15.8
373,ios,6,post,1,14.11
374,ios,6,post,1,14.1
375,ios,6,post,1,12.86
376,ios,6,post,1,13.1
377,ios,6,post,1,13.23
378,ios,6,post,1,14.2
379,ios,6,post,1,14.95
380,ios,6,post,1,13.36
381,ios,6,post,1,14.44
382,ios,6,post,1,13.62
383,ios,6,post,1,15.84
384,ios,6,post,1,13.61
385,ios,6,post,1,13.01
386,ios,6,post,1,13.41
387,ios,6,post,1,15.08
388,ios,6,post,1,14.82
389,ios,6,post,1,15.03
390,ios,6,post,1,16.54
391,ios,6,post,1,14.36
392,ios,6,post,1,12.66
393,ios,6,post,1,14.73
394,ios,6,post,1,15.13
395,ios,6,post,1,14.04
396,ios,6,post,1,15.21
397,ios,6,post,1,13.84
398,ios,6,post,1,13.84
399,ios,6,post,1,15.08
400,ios,6,post,1,12.61
401,ios,6,post,1,15.57
402,ios,6,post,1,14.91
403,ios,6,post,1,14.62
404,ios,6,post,1,15.7
405,ios,6,post,1,14.56
406,ios,6,post,1,10.78
407,ios,6,post,1,15.53
408,ios,6,post,1,14.69
409,ios,6,post,1,13.46
410,ios,6,post,1,13.63
411,ios,6,post,1,15.45
412,ios,6,post,1,16.34
413,ios,6,post,1,16.01
414,ios,6,post,1,13.34
415,ios,6,post,1,15.78
416,ios,6,post,1,13.91
417,ios,6,post,1,13.19
418,ios,6,post,1,15.25
419,ios,6,post,1,14.7
420,ios,6,post,1,15.91
421,ios,6,post,1,14.68
422,ios,6,post,1,14.59
423,ios,6,post,1,13.72
424,ios,6,post,1,13.41
425,ios,6,post,1,13.67
426,ios,6,post,1,14.58
427,ios,6,post,1,13.26
428,ios,6,post,1,12.5
429,ios,6,post,1,13.0
430,ios,6,post,1,15.82
431,ios,6,post,1,14.43
432,ios,6,post,1,13.96
433,ios,6,post,1,14.84
434,ios,6,post,1,14.33
435,ios,6,post,1,13.66
436,ios,6,post,1,13.47
437,ios,6,post,1,14.32
438,ios,6,post,1,15.62
439,ios,6,post,1,14.57
440,ios,6,post,1,12.59
441,ios,6,post,1,12.42
442,ios,6,post,1,15.2
443,ios,6,post,1,15.44
444,ios,6,post,1,14.89
445,ios,6,post,1,14.41
446,ios,6,post,1,12.78
447,ios,6,post,1,14.44
448,ios,6,post,1,14.01
449,ios,6,post,1,15.2
450,ios,6,post,1,12.25
451,ios,6,post,1,14.55
452,ios,6,post,1,13.27
453,ios,6,post,1,16.26
454,ios,6,post,1,14.72
455,ios,6,post,1,13.9
456,ios,6,post,1,13.05
457,ios,6,post,1,14.08
458,ios,6,post,1,13.21
459,ios,6,post,1,14.26
460,ios,6,post,1,12.15
461,ios,6,post,1,15.26
462,ios,6,post,1,12.93
463,ios,6,post,1,14.04
464,ios,6,post,1,14.63
465,ios,6,post,1,14.33
466,ios,6,post,1,14.52
467,ios,6,post,1,15.14
468,ios,6,post,1,16.85
469,ios,6,post,1,14.66
470,ios,6,post,1,13.92
471,ios,6,post,1,16.69
472,ios,6,post,1,13.19
473,ios,6,post,1,14.26
474,ios,6,post,1,13.55
475,ios,6,post,1,14.61
476,ios,6,post,1,15.7
477,ios,6,post,1,12.27
478,ios,6,post,1,16.05
479,ios,6,post,1,14.95
480,ios,6,post,1,14.83
481,ios,6,post,1,13.42
482,ios,6,post,1,13.61
483,ios,6,post,1,14.84
484,ios,6,post,1,13.59
485,ios,6,post,1,13.14
486,ios,6,post,1,13.16
487,ios,6,post,1,13.42
488,ios,6,post,1,12.52
489,ios,6,post,1,16.42
490,ios,6,post,1,13.9
491,ios,6,post,1,15.3
492,ios,6,post,1,13.8
493,ios,6,post,1,14.58
494,ios,6,post,1,14.83
495,ios,6,post,1,16.27
496,ios,6,post,1,14.88
497,ios,6,post,1,15.22
498,ios,6,post,1,15.45
499,ios,6,post,1,13.28
500,ios,6,post,1,14.83
1,ios,7,post,1,14.88
2,ios,7,post,1,15.36
3,ios,7,post,1,14.63
4,ios,7,post,1,16.3
5,ios,7,post,1,16.83
6,ios,7,post,1,13.24
7,ios,7,post,1,13.77
8,ios,7,post,1,16.41
9,ios,7,post,1,16.57
10,ios,7,post,1,14.35
11,ios,7,post,1,16.8
12,ios,7,post,1,15.58
13,ios,7,post,1,15.68
14,ios,7,post,1,14.65
15,ios,7,post,1,15.38
16,ios,7,post,1,16.29
17,ios,7,post,1,14.93
18,ios,7,post,1,16.62
19,ios,7,post,1,13.99
20,ios,7,post,1,15.22
21,ios,7,post,1,15.56
22,ios,7,post,1,14.69
23,ios,7,post,1,16.75
24,ios,7,post,1,14.85
25,ios,7,post,1,15.26
26,ios,7,post,1,15.27
27,ios,7,post,1,13.14
28,ios,7,post,1,15.92
29,ios,7,post,1,15.56
30,ios,7,post,1,15.54
31,ios,7,post,1,15.13
32,ios,7,post,1,15.84
33,ios,7,post,1,16.38
34,ios,7,post,1,16.27
35,ios,7,post,1,17.27
36,ios,7,post,1,14.51
37,ios,7,post,1,15.17
38,ios,7,post,1,16.27
39,ios,7,post,1,15.12
40,ios,7,post,1,16.86
41,ios,7,post,1,16.06
42,ios,7,post,1,15.85
43,ios,7,post,1,16.54
44,ios,7,post,1,13.33
45,ios,7,post,1,13.67
46,ios,7,post,1,17.54
47,ios,7,post,1,16.37
48,ios,7,post,1,16.17
49,ios,7,post,1,14.88
50,ios,7,post,1,15.08
51,ios,7,post,1,14.8
52,ios,7,post,1,14.86
53,ios,7,post,1,15.79
54,ios,7,post,1,15.84
55,ios,7,post,1,18.39
56,ios,7,post,1,16.27
57,ios,7,post,1,15.82
58,ios,7,post,1,14.85
59,ios,7,post,1,16.21
60,ios,7,post,1,17.14
61,ios,7,post,1,16.28
62,ios,7,post,1,16.62
63,ios,7,post,1,15.25
64,ios,7,post,1,18.12
65,ios,7,post,1,13.33
66,ios,7,post,1,16.83
67,ios,7,post,1,16.5
68,ios,7,post,1,15.2
69,ios,7,post,1,13.85
70,ios,7,post,1,16.96
71,ios,7,post,1,16.43
72,ios,7,post,1,15.34
73,ios,7,post,1,16.05
74,ios,7,post,1,16.5
75,ios,7,post,1,15.71
76,ios,7,post,1,15.17
77,ios,7,post,1,15.75
78,ios,7,post,1,14.86
79,ios,7,post,1,15.65
80,ios,7,post,1,16.87
81,ios,7,post,1,15.9
82,ios,7,post,1,14.43
83,ios,7,post,1,15.85
84,ios,7,post,1,15.47
85,ios,7,post,1,15.85
86,ios,7,post,1,14.26
87,ios,7,post,1,16.3
88,ios,7,post,1,15.29
89,ios,7,post,1,17.35
90,ios,7,post,1,14.84
91,ios,7,post,1,14.87
92,ios,7,post,1,15.75
93,ios,7,post,1,15.47
94,ios,7,post,1,14.85
95,ios,7,post,1,14.07
96,ios,7,post,1,17.1
97,ios,7,post,1,16.33
98,ios,7,post,1,16.28
99,ios,7,post,1,14.1
100,ios,7,post,1,14.76
101,ios,7,post,1,14.54
102,ios,7,post,1,14.52
103,ios,7,post,1,16.01
104,ios,7,post,1,15.55
105,ios,7,post,1,14.77
106,ios,7,post,1,15.13
107,ios,7,post,1,15.94
108,ios,7,post,1,17.13
109,ios,7,post,1,16.01
110,ios,7,post,1,16.41
111,ios,7,post,1,14.21
112,ios,7,post,1,16.2
113,ios,7,post,1,16.57
114,ios,7,post,1,15.49
115,ios,7,post,1,14.97
116,ios,7,post,1,15.11
117,ios,7,post,1,13.19
118,ios,7,post,1,15.64
119,ios,7,post,1,13.42
120,ios,7,post,1,15.47
121,ios,7,post,1,15.0
122,ios,7,post,1,15.67
123,ios,7,post,1,16.11
124,ios,7,post,1,15.53
125,ios,7,post,1,16.69
126,ios,7,post,1,15.85
127,ios,7,post,1,14.74
128,ios,7,post,1,14.69
129,ios,7,post,1,12.5
130,ios,7,post,1,14.76
131,ios,7,post,1,14.54
132,ios,7,post,1,15.43
133,ios,7,post,1,17.26
134,ios,7,post,1,16.04
135,ios,7,post,1,16.1
136,ios,7,post,1,14.31
137,ios,7,post,1,14.14
138,ios,7,post,1,17.64
139,ios,7,post,1,15.64
140,ios,7,post,1,15.0
141,ios,7,post,1,13.48
142,ios,7,post,1,17.65
143,ios,7,post,1,14.01
144,ios,7,post,1,15.01
145,ios,7,post,1,16.09
146,ios,7,post,1,15.31
147,ios,7,post,1,17.6
148,ios,7,post,1,16.05
149,ios,7,post,1,15.66
150,ios,7,post,1,16.89
151,ios,7,post,1,16.11
152,ios,7,post,1,16.11
153,ios,7,post,1,17.51
154,ios,7,post,1,15.61
155,ios,7,post,1,14.55
156,ios,7,post,1,14.94
157,ios,7,post,1,17.49
158,ios,7,post,1,15.8
159,ios,7,post,1,16.92
160,ios,7,post,1,15.73
161,ios,7,post,1,16.11
162,ios,7,post,1,14.21
163,ios,7,post,1,14.74
164,ios,7,post,1,14.54
165,ios,7,post,1,14.95
166,ios,7,post,1,14.8
167,ios,7,post,1,15.22
168,ios,7,post,1,15.18
169,ios,7,post,1,14.27
170,ios,7,post,1,15.62
171,ios,7,post,1,14.89
172,ios,7,post,1,16.72
173,ios,7,post,1,14.57
174,ios,7,post,1,17.27
175,ios,7,post,1,15.88
176,ios,7,post,1,16.86
177,ios,7,post,1,14.99
178,ios,7,post,1,15.44
179,ios,7,post,1,15.17
180,ios,7,post,1,16.61
181,ios,7,post,1,15.2
182,ios,7,post,1,16.54
183,ios,7,post,1,14.01
184,ios,7,post,1,13.62
185,ios,7,post,1,15.19
186,ios,7,post,1,14.43
187,ios,7,post,1,15.12
188,ios,7,post,1,17.19
189,ios,7,post,1,15.77
190,ios,7,post,1,16.02
191,ios,7,post,1,13.82
192,ios,7,post,1,13.51
193,ios,7,post,1,16.91
194,ios,7,post,1,15.81
195,ios,7,post,1,14.57
196,ios,7,post,1,14.64
197,ios,7,post,1,16.4
198,ios,7,post,1,15.56
199,ios,7,post,1,12.72
200,ios,7,post,1,14.97
201,ios,7,post,1,16.14
202,ios,7,post,1,13.59
203,ios,7,post,1,15.19
204,ios,7,post,1,16.51
205,ios,7,post,1,14.14
206,ios,7,post,1,15.82
207,ios,7,post,1,14.73
208,ios,7,post,1,18.12
209,ios,7,post,1,16.89
210,ios,7,post,1,15.11
211,ios,7,post,1,14.75
212,ios,7,post,1,14.12
213,ios,7,post,1,15.48
214,ios,7,post,1,15.96
215,ios,7,post,1,14.54
216,ios,7,post,1,16.5
217,ios,7,post,1,16.25
218,ios,7,post,1,14.21
219,ios,7,post,1,16.04
220,ios,7,post,1,15.72
221,ios,7,post,1,14.74
222,ios,7,post,1,16.68
223,ios,7,post,1,16.24
224,ios,7,post,1,15.35
225,ios,7,post,1,13.6
226,ios,7,post,1,15.31
227,ios,7,post,1,15.31
228,ios,7,post,1,14.69
229,ios,7,post,1,17.48
230,ios,7,post,1,15.17
231,ios,7,post,1,15.16
232,ios,7,post,1,15.76
233,ios,7,post,1,14.01
234,ios,7,post,1,13.88
235,ios,7,post,1,13.57
236,ios,7,post,1,15.74
237,ios,7,post,1,13.37
238,ios,7,post,1,12.64
239,ios,7,post,1,13.81
240,ios,7,post,1,14.35
241,ios,7,post,1,14.95
242,ios,7,post,1,13.86
243,ios,7,post,1,16.01
244,ios,7,post,1,15.39
245,ios,7,post,1,14.55
246,ios,7,post,1,14.6
247,ios,7,post,1,16.61
248,ios,7,post,1,13.65
249,ios,7,post,1,14.28
250,ios,7,post,1,17.1
251,ios,7,post,1,15.91
252,ios,7,post,1,15.69
253,ios,7,post,1,15.3
254,ios,7,post,1,17.9
255,ios,7,post,1,16.36
256,ios,7,post,1,15.22
257,ios,7,post,1,15.85
258,ios,7,post,1,16.69
259,ios,7,post,1,15.45
260,ios,7,post,1,13.9
261,ios,7,post,1,15.13
262,ios,7,post,1,14.95
263,ios,7,post,1,15.71
264,ios,7,post,1,14.84
265,ios,7,post,1,18.44
266,ios,7,post,1,14.14
267,ios,7,post,1,17.04
268,ios,7,post,1,17.13
269,ios,7,post,1,15.35
270,ios,7,post,1,15.41
271,ios,7,post,1,17.65
272,ios,7,post,1,17.01
273,ios,7,post,1,15.97
274,ios,7,post,1,13.81
275,ios,7,post,1,16.71
276,ios,7,post,1,15.26
277,ios,7,post,1,16.6
278,ios,7,post,1,16.15
279,ios,7,post,1,14.84
280,ios,7,post,1,15.62
281,ios,7,post,1,15.54
282,ios,7,post,1,14.79
283,ios,7,post,1,14.48
284,ios,7,post,1,14.42
285,ios,7,post,1,16.67
286,ios,7,post,1,14.96
287,ios,7,post,1,13.9
288,ios,7,post,1,15.92
289,ios,7,post,1,14.7
290,ios,7,post,1,16.6
291,ios,7,post,1,16.45
292,ios,7,post,1,16.93
293,ios,7,post,1,17.54
294,ios,7,post,1,15.17
295,ios,7,post,1,18.08
296,ios,7,post,1,15.29
297,ios,7,post,1,16.25
298,ios,7,post,1,16.01
299,ios,7,post,1,13.37
300,ios,7,post,1,14.99
301,ios,7,post,1,14.17
302,ios,7,post,1,16.18
303,ios,7,post,1,15.05
304,ios,7,post,1,14.96
305,ios,7,post,1,17.4
306,ios,7,post,1,15.36
307,ios,7,post,1,15.86
308,ios,7,post,1,15.49
309,ios,7,post,1,14.56
310,ios,7,post,1,16.08
311,ios,7,post,1,14.29
312,ios,7,post,1,15.46
313,ios,7,post,1,15.75
314,ios,7,post,1,15.34
315,ios,7,post,1,14.39
316,ios,7,post,1,16.29
317,ios,7,post,1,13.97
318,ios,7,post,1,15.66
319,ios,7,post,1,15.19
320,ios,7,post,1,16.02
321,ios,7,post,1,14.95
322,ios,7,post,1,15.87
323,ios,7,post,1,15.86
324,ios,7,post,1,16.25
325,ios,7,post,1,15.85
326,ios,7,post,1,16.26
327,ios,7,post,1,16.12
328,ios,7,post,1,15.31
329,ios,7,post,1,15.86
330,ios,7,post,1,16.02
331,ios,7,post,1,16.58
332,ios,7,post,1,15.0
333,ios,7,post,1,15.77
334,ios,7,post,1,14.06
335,ios,7,post,1,17.11
336,ios,7,post,1,16.56
337,ios,7,post,1,13.5
338,ios,7,post,1,15.0
339,ios,7,post,1,15.66
340,ios,7,post,1,15.32
341,ios,7,post,1,16.47
342,ios,7,post,1,15.83
343,ios,7,post,1,15.71
344,ios,7,post,1,14.87
345,ios,7,post,1,14.83
346,ios,7,post,1,15.5
347,ios,7,post,1,15.73
348,ios,7,post,1,14.74
349,ios,7,post,1,16.05
350,ios,7,post,1,16.0
351,ios,7,post,1,16.25
352,ios,7,post,1,15.52
353,ios,7,post,1,16.1
354,ios,7,post,1,16.33
355,ios,7,post,1,14.86
356,ios,7,post,1,15.61
357,ios,7,post,1,13.12
358,ios,7,post,1,15.6
359,ios,7,post,1,14.95
360,ios,7,post,1,15.03
361,ios,7,post,1,16.39
362,ios,7,post,1,13.13
363,ios,7,post,1,15.57
364,ios,7,post,1,15.04
365,ios,7,post,1,15.31
366,ios,7,post,1,14.81
367,ios,7,post,1,17.66
368,ios,7,post,1,17.43
369,ios,7,post,1,15.71
370,ios,7,post,1,14.72
371,ios,7,post,1,15.21
372,ios,7,post,1,17.2
373,ios,7,post,1,16.06
374,ios,7,post,1,14.03
375,ios,7,post,1,14.9
376,ios,7,post,1,14.83
377,ios,7,post,1,15.64
378,ios,7,post,1,15.03
379,ios,7,post,1,12.94
380,ios,7,post,1,13.69
381,ios,7,post,1,17.91
382,ios,7,post,1,15.7
383,ios,7,post,1,13.23
384,ios,7,post,1,14.6
385,ios,7,post,1,16.28
386,ios,7,post,1,15.23
387,ios,7,post,1,13.78
388,ios,7,post,1,16.62
389,ios,7,post,1,15.42
390,ios,7,post,1,15.32
391,ios,7,post,1,16.53
392,ios,7,post,1,13.72
393,ios,7,post,1,17.43
394,ios,7,post,1,14.9
395,ios,7,post,1,15.79
396,ios,7,post,1,16.7
397,ios,7,post,1,14.67
398,ios,7,post,1,14.37
399,ios,7,post,1,16.06
400,ios,7,post,1,16.15
401,ios,7,post,1,15.47
402,ios,7,post,1,17.18
403,ios,7,post,1,15.71
404,ios,7,post,1,14.43
405,ios,7,post,1,14.09
406,ios,7,post,1,14.14
407,ios,7,post,1,15.62
408,ios,7,post,1,15.05
409,ios,7,post,1,16.02
410,ios,7,post,1,15.87
411,ios,7,post,1,16.5
412,ios,7,post,1,17.07
413,ios,7,post,1,15.63
414,ios,7,post,1,13.73
415,ios,7,post,1,16.53
416,ios,7,post,1,15.02
417,ios,7,post,1,16.28
418,ios,7,post,1,16.44
419,ios,7,post,1,16.54
420,ios,7,post,1,15.82
421,ios,7,post,1,17.66
422,ios,7,post,1,14.67
423,ios,7,post,1,15.34
424,ios,7,post,1,13.53
425,ios,7,post,1,15.78
426,ios,7,post,1,15.57
427,ios,7,post,1,14.13
428,ios,7,post,1,15.14
429,ios,7,post,1,14.62
430,ios,7,post,1,16.39
431,ios,7,post,1,14.21
432,ios,7,post,1,15.09
433,ios,7,post,1,15.29
434,ios,7,post,1,16.07
435,ios,7,post,1,13.46
436,ios,7,post,1,15.34
437,ios,7,post,1,16.06
438,ios,7,post,1,15.77
439,ios,7,post,1,17.96
440,ios,7,post,1,14.85
441,ios,7,post,1,16.03
442,ios,7,post,1,15.06
443,ios,7,post,1,13.8
444,ios,7,post,1,15.22
445,ios,7,post,1,15.46
446,ios,7,post,1,15.55
447,ios,7,post,1,16.16
448,ios,7,post,1,15.4
449,ios,7,post,1,17.01
450,ios,7,post,1,15.97
451,ios,7,post,1,14.3
452,ios,7,post,1,14.89
453,ios,7,post,1,16.77
454,ios,7,post,1,15.04
455,ios,7,post,1,15.18
456,ios,7,post,1,15.53
457,ios,7,post,1,16.17
458,ios,7,post,1,13.18
459,ios,7,post,1,15.17
460,ios,7,post,1,14.09
461,ios,7,post,1,15.93
462,ios,7,post,1,15.81
463,ios,7,post,1,15.81
464,ios,7,post,1,13.0
465,ios,7,post,1,15.88
466,ios,7,post,1,15.83
467,ios,7,post,1,17.78
468,ios,7,post,1,16.13
469,ios,7,post,1,15.7
470,ios,7,post,1,15.85
471,ios,7,post,1,14.47
472,ios,7,post,1,15.03
473,ios,7,post,1,14.85
474,ios,7,post,1,15.47
475,ios,7,post,1,14.18
476,ios,7,post,1,16.47
477,ios,7,post,1,13.72
478,ios,7,post,1,16.1
479,ios,7,post,1,16.78
480,ios,7,post,1,12.67
481,ios,7,post,1,14.85
482,ios,7,post,1,16.34
483,ios,7,post,1,15.59
484,ios,7,post,1,15.58
485,ios,7,post,1,16.6
486,ios,7,post,1,13.01
487,ios,7,post,1,14.26
488,ios,7,post,1,15.26
489,ios,7,post,1,16.33
490,ios,7,post,1,15.52
491,ios,7,post,1,15.63
492,ios,7,post,1,16.39
493,ios,7,post,1,14.48
494,ios,7,post,1,16.27
495,ios,7,post,1,14.32
496,ios,7,post,1,15.07
497,ios,7,post,1,14.96
498,ios,7,post,1,15.2
499,ios,7,post,1,15.74
500,ios,7,post,1,16.68
1,ios,8,post,1,14.96
2,ios,8,post,1,16.71
3,ios,8,post,1,18.89
4,ios,8,post,1,15.59
5,ios,8,post,1,18.46
6,ios,8,post,1,15.97
7,ios,8,post,1,17.32
8,ios,8,post,1,15.13
9,ios,8,post,1,16.37
10,ios,8,post,1,17.93
11,ios,8,post,1,14.95
12,ios,8,post,1,18.46
13,ios,8,post,1,18.04
14,ios,8,post,1,15.46
15,ios,8,post,1,17.41
16,ios,8,post,1,15.55
17,ios,8,post,1,15.8
18,ios,8,post,1,16.29
19,ios,8,post,1,16.62
20,ios,8,post,1,16.51
21,ios,8,post,1,17.62
22,ios,8,post,1,16.51
23,ios,8,post,1,19.04
24,ios,8,post,1,17.47
25,ios,8,post,1,16.08
26,ios,8,post,1,15.43
27,ios,8,post,1,16.82
28,ios,8,post,1,15.4
29,ios,8,post,1,17.32
30,ios,8,post,1,17.02
31,ios,8,post,1,15.96
32,ios,8,post,1,15.2
33,ios,8,post,1,15.37
34,ios,8,post,1,17.41
35,ios,8,post,1,17.17
36,ios,8,post,1,15.95
37,ios,8,post,1,15.39
38,ios,8,post,1,15.07
39,ios,8,post,1,16.52
40,ios,8,post,1,16.6
41,ios,8,post,1,16.23
42,ios,8,post,1,14.79
43,ios,8,post,1,17.82
44,ios,8,post,1,17.66
45,ios,8,post,1,15.59
46,ios,8,post,1,18.03
47,ios,8,post,1,15.69
48,ios,8,post,1,16.82
49,ios,8,post,1,15.93
50,ios,8,post,1,16.57
51,ios,8,post,1,17.15
52,ios,8,post,1,18.13
53,ios,8,post,1,17.12
54,ios,8,post,1,18.19
55,ios,8,post,1,17.62
56,ios,8,post,1,15.91
57,ios,8,post,1,19.12
58,ios,8,post,1,18.28
59,ios,8,post,1,18.52
60,ios,8,post,1,18.0
61,ios,8,post,1,15.53
62,ios,8,post,1,17.44
63,ios,8,post,1,15.87
64,ios,8,post,1,15.32
65,ios,8,post,1,15.33
66,ios,8,post,1,16.97
67,ios,8,post,1,16.59
68,ios,8,post,1,17.01
69,ios,8,post,1,13.67
70,ios,8,post,1,15.89
71,ios,8,post,1,16.33
72,ios,8,post,1,17.5
73,ios,8,post,1,17.44
74,ios,8,post,1,14.12
75,ios,8,post,1,16.88
76,ios,8,post,1,16.43
77,ios,8,post,1,17.57
78,ios,8,post,1,16.55
79,ios,8,post,1,16.48
80,ios,8,post,1,16.57
81,ios,8,post,1,15.26
82,ios,8,post,1,17.25
83,ios,8,post,1,15.87
84,ios,8,post,1,16.47
85,ios,8,post,1,16.11
86,ios,8,post,1,16.42
87,ios,8,post,1,17.22
88,ios,8,post,1,15.52
89,ios,8,post,1,16.75
90,ios,8,post,1,14.98
91,ios,8,post,1,15.82
92,ios,8,post,1,17.21
93,ios,8,post,1,16.78
94,ios,8,post,1,16.8
95,ios,8,post,1,16.5
96,ios,8,post,1,15.01
97,ios,8,post,1,16.15
98,ios,8,post,1,16.52
99,ios,8,post,1,18.58
100,ios,8,post,1,15.65
101,ios,8,post,1,16.02
102,ios,8,post,1,14.8
103,ios,8,post,1,16.84
104,ios,8,post,1,15.68
105,ios,8,post,1,17.85
106,ios,8,post,1,14.65
107,ios,8,post,1,15.98
108,ios,8,post,1,16.74
109,ios,8,post,1,17.04
110,ios,8,post,1,14.85
111,ios,8,post,1,16.33
112,ios,8,post,1,16.54
113,ios,8,post,1,16.6
114,ios,8,post,1,16.4
115,ios,8,post,1,16.98
116,ios,8,post,1,15.99
117,ios,8,post,1,17.34
118,ios,8,post,1,16.4
119,ios,8,post,1,15.63
120,ios,8,post,1,16.79
121,ios,8,post,1,16.97
122,ios,8,post,1,15.26
123,ios,8,post,1,15.67
124,ios,8,post,1,16.52
125,ios,8,post,1,16.91
126,ios,8,post,1,16.25
127,ios,8,post,1,16.88
128,ios,8,post,1,16.09
129,ios,8,post,1,17.8
130,ios,8,post,1,17.33
131,ios,8,post,1,15.99
132,ios,8,post,1,18.19
133,ios,8,post,1,15.65
134,ios,8,post,1,15.31
135,ios,8,post,1,17.7
136,ios,8,post,1,17.45
137,ios,8,post,1,15.18
138,ios,8,post,1,16.04
139,ios,8,post,1,19.1
140,ios,8,post,1,15.7
141,ios,8,post,1,17.13
142,ios,8,post,1,17.43
143,ios,8,post,1,15.85
144,ios,8,post,1,15.44
145,ios,8,post,1,16.88
146,ios,8,post,1,17.87
147,ios,8,post,1,13.29
148,ios,8,post,1,15.78
149,ios,8,post,1,15.55
150,ios,8,post,1,17.53
151,ios,8,post,1,17.48
152,ios,8,post,1,18.04
153,ios,8,post,1,17.73
154,ios,8,post,1,18.31
155,ios,8,post,1,16.54
156,ios,8,post,1,18.6
157,ios,8,post,1,17.37
158,ios,8,post,1,17.32
159,ios,8,post,1,16.13
160,ios,8,post,1,16.71
161,ios,8,post,1,13.68
162,ios,8,post,1,15.16
163,ios,8,post,1,16.17
164,ios,8,post,1,16.43
165,ios,8,post,1,16.77
166,ios,8,post,1,17.06
167,ios,8,post,1,16.39
168,ios,8,post,1,16.48
169,ios,8,post,1,16.13
170,ios,8,post,1,16.7
171,ios,8,post,1,17.19
172,ios,8,post,1,18.26
173,ios,8,post,1,15.86
174,ios,8,post,1,18.9
175,ios,8,post,1,16.82
176,ios,8,post,1,16.49
177,ios,8,post,1,15.96
178,ios,8,post,1,13.63
179,ios,8,post,1,16.45
180,ios,8,post,1,15.61
181,ios,8,post,1,15.21
182,ios,8,post,1,17.87
183,ios,8,post,1,16.48
184,ios,8,post,1,13.51
185,ios,8,post,1,16.92
186,ios,8,post,1,14.8
187,ios,8,post,1,15.95
188,ios,8,post,1,18.72
189,ios,8,post,1,16.02
190,ios,8,post,1,17.13
191,ios,8,post,1,16.39
192,ios,8,post,1,16.56
193,ios,8,post,1,15.38
194,ios,8,post,1,16.62
195,ios,8,post,1,17.76
196,ios,8,post,1,17.21
197,ios,8,post,1,16.75
198,ios,8,post,1,15.86
199,ios,8,post,1,16.08
200,ios,8,post,1,17.19
201,ios,8,post,1,15.95
202,ios,8,post,1,17.36
203,ios,8,post,1,17.57
204,ios,8,post,1,18.86
205,ios,8,post,1,16.19
206,ios,8,post,1,16.46
207,ios,8,post,1,15.18
208,ios,8,post,1,16.15
209,ios,8,post,1,17.96
210,ios,8,post,1,16.82
211,ios,8,post,1,15.98
212,ios,8,post,1,17.97
213,ios,8,post,1,13.67
214,ios,8,post,1,15.24
215,ios,8,post,1,15.94
216,ios,8,post,1,16.75
217,ios,8,post,1,18.0
218,ios,8,post,1,15.27
219,ios,8,post,1,15.93
220,ios,8,post,1,15.48
221,ios,8,post,1,16.71
222,ios,8,post,1,17.24
223,ios,8,post,1,16.31
224,ios,8,post,1,16.29
225,ios,8,post,1,19.03
226,ios,8,post,1,16.01
227,ios,8,post,1,15.72
228,ios,8,post,1,16.25
229,ios,8,post,1,17.98
230,ios,8,post,1,16.05
231,ios,8,post,1,16.23
232,ios,8,post,1,15.32
233,ios,8,post,1,18.14
234,ios,8,post,1,15.95
235,ios,8,post,1,14.84
236,ios,8,post,1,17.83
237,ios,8,post,1,14.94
238,ios,8,post,1,15.55
239,ios,8,post,1,14.89
240,ios,8,post,1,16.58
241,ios,8,post,1,19.91
242,ios,8,post,1,15.75
243,ios,8,post,1,17.25
244,ios,8,post,1,15.9
245,ios,8,post,1,16.2
246,ios,8,post,1,16.8
247,ios,8,post,1,18.25
248,ios,8,post,1,17.26
249,ios,8,post,1,16.06
250,ios,8,post,1,17.22
251,ios,8,post,1,16.94
252,ios,8,post,1,17.48
253,ios,8,post,1,16.3
254,ios,8,post,1,16.63
255,ios,8,post,1,15.05
256,ios,8,post,1,17.64
257,ios,8,post,1,14.68
258,ios,8,post,1,16.91
259,ios,8,post,1,16.05
260,ios,8,post,1,14.54
261,ios,8,post,1,14.55
262,ios,8,post,1,16.61
263,ios,8,post,1,17.46
264,ios,8,post,1,15.87
265,ios,8,post,1,15.54
266,ios,8,post,1,16.41
267,ios,8,post,1,16.89
268,ios,8,post,1,17.66
269,ios,8,post,1,15.75
270,ios,8,post,1,18.09
271,ios,8,post,1,18.27
272,ios,8,post,1,17.98
273,ios,8,post,1,16.23
274,ios,8,post,1,16.59
275,ios,8,post,1,15.86
276,ios,8,post,1,15.91
277,ios,8,post,1,16.21
278,ios,8,post,1,15.26
279,ios,8,post,1,16.79
280,ios,8,post,1,15.59
281,ios,8,post,1,16.23
282,ios,8,post,1,14.58
283,ios,8,post,1,15.63
284,ios,8,post,1,15.38
285,ios,8,post,1,16.17
286,ios,8,post,1,16.34
287,ios,8,post,1,16.22
288,ios,8,post,1,16.4
289,ios,8,post,1,16.5
290,ios,8,post,1,15.6
291,ios,8,post,1,16.43
292,ios,8,post,1,17.71
293,ios,8,post,1,17.45
294,ios,8,post,1,16.94
295,ios,8,post,1,17.58
296,ios,8,post,1,15.91
297,ios,8,post,1,17.64
298,ios,8,post,1,16.46
299,ios,8,post,1,17.45
300,ios,8,post,1,15.24
301,ios,8,post,1,17.75
302,ios,8,post,1,17.75
303,ios,8,post,1,16.82
304,ios,8,post,1,17.51
305,ios,8,post,1,16.68
306,ios,8,post,1,16.23
307,ios,8,post,1,16.1
308,ios,8,post,1,17.25
309,ios,8,post,1,17.52
310,ios,8,post,1,16.89
311,ios,8,post,1,15.52
312,ios,8,post,1,18.47
313,ios,8,post,1,16.41
314,ios,8,post,1,16.88
315,ios,8,post,1,16.77
316,ios,8,post,1,14.68
317,ios,8,post,1,16.66
318,ios,8,post,1,15.41
319,ios,8,post,1,16.75
320,ios,8,post,1,15.59
321,ios,8,post,1,17.17
322,ios,8,post,1,17.3
323,ios,8,post,1,15.38
324,ios,8,post,1,16.92
325,ios,8,post,1,16.87
326,ios,8,post,1,17.91
327,ios,8,post,1,18.08
328,ios,8,post,1,17.19
329,ios,8,post,1,16.87
330,ios,8,post,1,17.74
331,ios,8,post,1,18.03
332,ios,8,post,1,16.99
333,ios,8,post,1,16.56
334,ios,8,post,1,14.21
335,ios,8,post,1,17.28
336,ios,8,post,1,17.07
337,ios,8,post,1,16.44
338,ios,8,post,1,17.04
339,ios,8,post,1,14.72
340,ios,8,post,1,17.62
341,ios,8,post,1,17.34
342,ios,8,post,1,16.69
343,ios,8,post,1,16.86
344,ios,8,post,1,17.78
345,ios,8,post,1,18.39
346,ios,8,post,1,17.11
347,ios,8,post,1,17.0
348,ios,8,post,1,16.48
349,ios,8,post,1,15.63
350,ios,8,post,1,17.2
351,ios,8,post,1,15.48
352,ios,8,post,1,16.16
353,ios,8,post,1,15.39
354,ios,8,post,1,17.78
355,ios,8,post,1,16.67
356,ios,8,post,1,16.77
357,ios,8,post,1,16.09
358,ios,8,post,1,15.63
359,ios,8,post,1,16.39
360,ios,8,post,1,14.67
361,ios,8,post,1,17.09
362,ios,8,post,1,16.9
363,ios,8,post,1,16.41
364,ios,8,post,1,16.01
365,ios,8,post,1,17.9
366,ios,8,post,1,17.47
367,ios,8,post,1,17.1
368,ios,8,post,1,17.13
369,ios,8,post,1,15.31
370,ios,8,post,1,15.53
371,ios,8,post,1,17.91
372,ios,8,post,1,16.24
373,ios,8,post,1,16.28
374,ios,8,post,1,17.11
375,ios,8,post,1,14.13
376,ios,8,post,1,15.19
377,ios,8,post,1,16.36
378,ios,8,post,1,18.37
379,ios,8,post,1,16.02
380,ios,8,post,1,14.26
381,ios,8,post,1,16.87
382,ios,8,post,1,16.61
383,ios,8,post,1,18.06
384,ios,8,post,1,16.12
385,ios,8,post,1,15.88
386,ios,8,post,1,14.95
387,ios,8,post,1,15.42
388,ios,8,post,1,17.39
389,ios,8,post,1,18.63
390,ios,8,post,1,17.44
391,ios,8,post,1,17.55
392,ios,8,post,1,16.5
393,ios,8,post,1,17.76
394,ios,8,post,1,16.3
395,ios,8,post,1,18.17
396,ios,8,post,1,18.28
397,ios,8,post,1,15.26
398,ios,8,post,1,15.36
399,ios,8,post,1,17.75
400,ios,8,post,1,14.73
401,ios,8,post,1,15.67
402,ios,8,post,1,14.95
403,ios,8,post,1,15.14
404,ios,8,post,1,17.57
405,ios,8,post,1,15.61
406,ios,8,post,1,17.79
407,ios,8,post,1,16.7
408,ios,8,post,1,17.1
409,ios,8,post,1,16.15
410,ios,8,post,1,18.42
411,ios,8,post,1,15.63
412,ios,8,post,1,17.65
413,ios,8,post,1,17.39
414,ios,8,post,1,15.74
415,ios,8,post,1,17.46
416,ios,8,post,1,15.79
417,ios,8,post,1,15.57
418,ios,8,post,1,17.81
419,ios,8,post,1,16.06
420,ios,8,post,1,17.44
421,ios,8,post,1,16.02
422,ios,8,post,1,16.89
423,ios,8,post,1,16.92
424,ios,8,post,1,17.0
425,ios,8,post,1,15.51
426,ios,8,post,1,18.62
427,ios,8,post,1,15.93
428,ios,8,post,1,16.81
429,ios,8,post,1,16.28
430,ios,8,post,1,18.07
431,ios,8,post,1,15.91
432,ios,8,post,1,14.58
433,ios,8,post,1,15.58
434,ios,8,post,1,16.81
435,ios,8,post,1,14.95
436,ios,8,post,1,15.36
437,ios,8,post,1,13.49
438,ios,8,post,1,18.47
439,ios,8,post,1,17.7
440,ios,8,post,1,16.15
441,ios,8,post,1,15.81
442,ios,8,post,1,16.58
443,ios,8,post,1,16.66
444,ios,8,post,1,17.6
445,ios,8,post,1,16.67
446,ios,8,post,1,16.75
447,ios,8,post,1,17.32
448,ios,8,post,1,17.25
449,ios,8,post,1,15.78
450,ios,8,post,1,17.34
451,ios,8,post,1,18.15
452,ios,8,post,1,16.72
453,ios,8,post,1,17.5
454,ios,8,post,1,15.94
455,ios,8,post,1,17.54
456,ios,8,post,1,16.19
457,ios,8,post,1,13.78
458,ios,8,post,1,16.85
459,ios,8,post,1,16.34
460,ios,8,post,1,14.77
461,ios,8,post,1,17.23
462,ios,8,post,1,16.38
463,ios,8,post,1,16.06
464,ios,8,post,1,16.65
465,ios,8,post,1,15.7
466,ios,8,post,1,15.62
467,ios,8,post,1,14.92
468,ios,8,post,1,17.36
469,ios,8,post,1,15.65
470,ios,8,post,1,16.77
471,ios,8,post,1,16.16
472,ios,8,post,1,16.04
473,ios,8,post,1,18.16
474,ios,8,post,1,18.37
475,ios,8,post,1,17.07
476,ios,8,post,1,17.64
477,ios,8,post,1,17.66
478,ios,8,post,1,16.82
479,ios,8,post,1,18.0
480,ios,8,post,1,18.09
481,ios,8,post,1,15.72
482,ios,8,post,1,17.56
483,ios,8,post,1,15.92
484,ios,8,post,1,14.81
485,ios,8,post,1,17.84
486,ios,8,post,1,14.84
487,ios,8,post,1,18.25
488,ios,8,post,1,16.9
489,ios,8,post,1,16.03
490,ios,8,post,1,16.25
491,ios,8,post,1,17.09
492,ios,8,post,1,18.57
493,ios,8,post,1,16.62
494,ios,8,post,1,17.71
495,ios,8,post,1,14.9
496,ios,8,post,1,16.56
497,ios,8,post,1,16.61
498,ios,8,post,1,16.14
499,ios,8,post,1,16.76
500,ios,8,post,1,18.02
501,android,1,pre,0,4.05
502,android,1,pre,0,3.88
503,android,1,pre,0,3.55
504,android,1,pre,0,3.94
505,android,1,pre,0,2.93
506,android,1,pre,0,3.72
507,android,1,pre,0,2.68
508,android,1,pre,0,1.64
509,android,1,pre,0,4.24
510,android,1,pre,0,2.94
511,android,1,pre,0,5.0
512,android,1,pre,0,3.78
513,android,1,pre,0,1.9
514,android,1,pre,0,3.5
515,android,1,pre,0,3.82
516,android,1,pre,0,3.47
517,android,1,pre,0,3.47
518,android,1,pre,0,3.56
519,android,1,pre,0,3.65
520,android,1,pre,0,3.54
521,android,1,pre,0,5.52
522,android,1,pre,0,2.29
523,android,1,pre,0,4.02
524,android,1,pre,0,2.57
525,android,1,pre,0,2.3
526,android,1,pre,0,3.62
527,android,1,pre,0,5.71
528,android,1,pre,0,3.7
529,android,1,pre,0,6.16
530,android,1,pre,0,3.26
531,android,1,pre,0,5.08
532,android,1,pre,0,1.82
533,android,1,pre,0,3.68
534,android,1,pre,0,3.72
535,android,1,pre,0,3.49
536,android,1,pre,0,5.27
537,android,1,pre,0,3.33
538,android,1,pre,0,3.33
539,android,1,pre,0,2.09
540,android,1,pre,0,3.05
541,android,1,pre,0,4.86
542,android,1,pre,0,3.56
543,android,1,pre,0,3.52
544,android,1,pre,0,2.65
545,android,1,pre,0,4.94
546,android,1,pre,0,3.37
547,android,1,pre,0,2.66
548,android,1,pre,0,2.87
549,android,1,pre,0,3.77
550,android,1,pre,0,3.28
551,android,1,pre,0,5.44
552,android,1,pre,0,4.02
553,android,1,pre,0,4.35
554,android,1,pre,0,3.5
555,android,1,pre,0,4.14
556,android,1,pre,0,1.97
557,android,1,pre,0,1.66
558,android,1,pre,0,3.98
559,android,1,pre,0,4.5
560,android,1,pre,0,4.69
561,android,1,pre,0,2.72
562,android,1,pre,0,4.97
563,android,1,pre,0,4.0
564,android,1,pre,0,3.29
565,android,1,pre,0,1.9
566,android,1,pre,0,5.56
567,android,1,pre,0,3.02
568,android,1,pre,0,2.71
569,android,1,pre,0,4.89
570,android,1,pre,0,4.77
571,android,1,pre,0,4.02
572,android,1,pre,0,2.36
573,android,1,pre,0,2.48
574,android,1,pre,0,4.94
575,android,1,pre,0,6.29
576,android,1,pre,0,3.04
577,android,1,pre,0,3.54
578,android,1,pre,0,2.89
579,android,1,pre,0,2.2
580,android,1,pre,0,4.9
581,android,1,pre,0,3.4
582,android,1,pre,0,2.2
583,android,1,pre,0,4.46
584,android,1,pre,0,3.21
585,android,1,pre,0,3.66
586,android,1,pre,0,4.19
587,android,1,pre,0,3.92
588,android,1,pre,0,3.96
589,android,1,pre,0,4.11
590,android,1,pre,0,4.81
591,android,1,pre,0,2.76
592,android,1,pre,0,2.18
593,android,1,pre,0,3.48
594,android,1,pre,0,1.39
595,android,1,pre,0,3.63
596,android,1,pre,0,3.3
597,android,1,pre,0,2.74
598,android,1,pre,0,2.79
599,android,1,pre,0,2.65
600,android,1,pre,0,3.96
601,android,1,pre,0,2.38
602,android,1,pre,0,3.86
603,android,1,pre,0,2.94
604,android,1,pre,0,0.85
605,android,1,pre,0,2.74
606,android,1,pre,0,3.55
607,android,1,pre,0,3.54
608,android,1,pre,0,3.34
609,android,1,pre,0,3.46
610,android,1,pre,0,3.44
611,android,1,pre,0,2.94
612,android,1,pre,0,5.36
613,android,1,pre,0,4.51
614,android,1,pre,0,1.96
615,android,1,pre,0,2.34
616,android,1,pre,0,3.8
617,android,1,pre,0,4.69
618,android,1,pre,0,3.25
619,android,1,pre,0,3.9
620,android,1,pre,0,2.39
621,android,1,pre,0,3.32
622,android,1,pre,0,5.09
623,android,1,pre,0,3.7
624,android,1,pre,0,4.49
625,android,1,pre,0,2.11
626,android,1,pre,0,4.72
627,android,1,pre,0,3.51
628,android,1,pre,0,4.28
629,android,1,pre,0,2.85
630,android,1,pre,0,4.59
631,android,1,pre,0,3.81
632,android,1,pre,0,4.81
633,android,1,pre,0,3.35
634,android,1,pre,0,5.49
635,android,1,pre,0,3.69
636,android,1,pre,0,2.31
637,android,1,pre,0,2.14
638,android,1,pre,0,3.48
639,android,1,pre,0,2.84
640,android,1,pre,0,3.47
641,android,1,pre,0,3.94
642,android,1,pre,0,3.37
643,android,1,pre,0,3.58
644,android,1,pre,0,0.7
645,android,1,pre,0,3.43
646,android,1,pre,0,6.33
647,android,1,pre,0,3.64
648,android,1,pre,0,1.58
649,android,1,pre,0,4.87
650,android,1,pre,0,2.85
651,android,1,pre,0,2.05
652,android,1,pre,0,2.34
653,android,1,pre,0,3.5
654,android,1,pre,0,3.96
655,android,1,pre,0,4.53
656,android,1,pre,0,3.02
657,android,1,pre,0,3.22
658,android,1,pre,0,4.71
659,android,1,pre,0,2.7
660,android,1,pre,0,2.21
661,android,1,pre,0,3.75
662,android,1,pre,0,4.32
663,android,1,pre,0,4.82
664,android,1,pre,0,5.65
665,android,1,pre,0,4.73
666,android,1,pre,0,3.24
667,android,1,pre,0,2.93
668,android,1,pre,0,3.03
669,android,1,pre,0,4.01
670,android,1,pre,0,1.39
671,android,1,pre,0,4.58
672,android,1,pre,0,3.36
673,android,1,pre,0,2.51
674,android,1,pre,0,4.32
675,android,1,pre,0,3.19
676,android,1,pre,0,4.72
677,android,1,pre,0,3.68
678,android,1,pre,0,4.08
679,android,1,pre,0,1.57
680,android,1,pre,0,3.55
681,android,1,pre,0,3.7
682,android,1,pre,0,3.74
683,android,1,pre,0,3.42
684,android,1,pre,0,1.88
685,android,1,pre,0,2.94
686,android,1,pre,0,3.94
687,android,1,pre,0,3.37
688,android,1,pre,0,3.68
689,android,1,pre,0,3.06
690,android,1,pre,0,3.75
691,android,1,pre,0,4.95
692,android,1,pre,0,3.88
693,android,1,pre,0,2.9
694,android,1,pre,0,3.89
695,android,1,pre,0,3.17
696,android,1,pre,0,3.86
697,android,1,pre,0,4.46
698,android,1,pre,0,4.62
699,android,1,pre,0,2.98
700,android,1,pre,0,3.79
701,android,1,pre,0,1.88
702,android,1,pre,0,4.42
703,android,1,pre,0,4.24
704,android,1,pre,0,2.68
705,android,1,pre,0,4.27
706,android,1,pre,0,4.78
707,android,1,pre,0,3.0
708,android,1,pre,0,4.25
709,android,1,pre,0,5.5
710,android,1,pre,0,2.55
711,android,1,pre,0,3.15
712,android,1,pre,0,4.1
713,android,1,pre,0,2.78
714,android,1,pre,0,0.99
715,android,1,pre,0,4.18
716,android,1,pre,0,4.03
717,android,1,pre,0,3.36
718,android,1,pre,0,2.45
719,android,1,pre,0,3.05
720,android,1,pre,0,4.45
721,android,1,pre,0,3.1
722,android,1,pre,0,3.47
723,android,1,pre,0,3.27
724,android,1,pre,0,4.1
725,android,1,pre,0,2.68
726,android,1,pre,0,3.79
727,android,1,pre,0,3.87
728,android,1,pre,0,2.35
729,android,1,pre,0,4.79
730,android,1,pre,0,4.15
731,android,1,pre,0,3.79
732,android,1,pre,0,2.42
733,android,1,pre,0,2.71
734,android,1,pre,0,3.84
735,android,1,pre,0,3.31
736,android,1,pre,0,4.14
737,android,1,pre,0,3.28
738,android,1,pre,0,4.64
739,android,1,pre,0,2.97
740,android,1,pre,0,3.8
741,android,1,pre,0,3.17
742,android,1,pre,0,4.22
743,android,1,pre,0,3.42
744,android,1,pre,0,3.2
745,android,1,pre,0,2.55
746,android,1,pre,0,6.05
747,android,1,pre,0,5.06
748,android,1,pre,0,4.86
749,android,1,pre,0,4.7
750,android,1,pre,0,4.32
751,android,1,pre,0,3.98
752,android,1,pre,0,1.2
753,android,1,pre,0,5.49
754,android,1,pre,0,2.86
755,android,1,pre,0,3.39
756,android,1,pre,0,1.97
757,android,1,pre,0,4.96
758,android,1,pre,0,2.7
759,android,1,pre,0,3.7
760,android,1,pre,0,3.43
761,android,1,pre,0,3.25
762,android,1,pre,0,3.42
763,android,1,pre,0,2.05
764,android,1,pre,0,4.37
765,android,1,pre,0,0.0
766,android,1,pre,0,3.38
767,android,1,pre,0,3.49
768,android,1,pre,0,4.81
769,android,1,pre,0,4.46
770,android,1,pre,0,3.99
771,android,1,pre,0,4.91
772,android,1,pre,0,3.33
773,android,1,pre,0,1.37
774,android,1,pre,0,3.31
775,android,1,pre,0,6.03
776,android,1,pre,0,1.03
777,android,1,pre,0,3.63
778,android,1,pre,0,2.57
779,android,1,pre,0,2.55
780,android,1,pre,0,3.8
781,android,1,pre,0,4.47
782,android,1,pre,0,2.24
783,android,1,pre,0,4.82
784,android,1,pre,0,4.72
785,android,1,pre,0,3.2
786,android,1,pre,0,2.29
787,android,1,pre,0,6.46
788,android,1,pre,0,4.05
789,android,1,pre,0,3.4
790,android,1,pre,0,5.38
791,android,1,pre,0,4.12
792,android,1,pre,0,3.22
793,android,1,pre,0,3.4
794,android,1,pre,0,3.64
795,android,1,pre,0,4.32
796,android,1,pre,0,3.85
797,android,1,pre,0,3.76
798,android,1,pre,0,2.2
799,android,1,pre,0,4.34
800,android,1,pre,0,1.19
801,android,1,pre,0,3.31
802,android,1,pre,0,1.61
803,android,1,pre,0,3.27
804,android,1,pre,0,4.1
805,android,1,pre,0,3.47
806,android,1,pre,0,2.83
807,android,1,pre,0,3.15
808,android,1,pre,0,2.33
809,android,1,pre,0,3.81
810,android,1,pre,0,5.83
811,android,1,pre,0,3.33
812,android,1,pre,0,2.24
813,android,1,pre,0,5.32
814,android,1,pre,0,4.52
815,android,1,pre,0,1.91
816,android,1,pre,0,2.05
817,android,1,pre,0,4.3
818,android,1,pre,0,4.72
819,android,1,pre,0,3.98
820,android,1,pre,0,3.19
821,android,1,pre,0,2.17
822,android,1,pre,0,0.57
823,android,1,pre,0,2.92
824,android,1,pre,0,2.72
825,android,1,pre,0,1.76
826,android,1,pre,0,4.35
827,android,1,pre,0,0.87
828,android,1,pre,0,4.19
829,android,1,pre,0,5.02
830,android,1,pre,0,2.46
831,android,1,pre,0,3.3
832,android,1,pre,0,2.0
833,android,1,pre,0,3.66
834,android,1,pre,0,3.64
835,android,1,pre,0,4.46
836,android,1,pre,0,5.67
837,android,1,pre,0,4.84
838,android,1,pre,0,2.72
839,android,1,pre,0,5.76
840,android,1,pre,0,3.84
841,android,1,pre,0,4.54
842,android,1,pre,0,3.41
843,android,1,pre,0,1.56
844,android,1,pre,0,3.77
845,android,1,pre,0,3.15
846,android,1,pre,0,2.65
847,android,1,pre,0,3.02
848,android,1,pre,0,3.11
849,android,1,pre,0,1.75
850,android,1,pre,0,2.22
851,android,1,pre,0,3.88
852,android,1,pre,0,3.84
853,android,1,pre,0,4.7
854,android,1,pre,0,3.25
855,android,1,pre,0,2.64
856,android,1,pre,0,2.72
857,android,1,pre,0,1.65
858,android,1,pre,0,1.57
859,android,1,pre,0,2.8
860,android,1,pre,0,2.95
861,android,1,pre,0,1.81
862,android,1,pre,0,3.51
863,android,1,pre,0,2.16
864,android,1,pre,0,3.91
865,android,1,pre,0,4.79
866,android,1,pre,0,2.1
867,android,1,pre,0,3.95
868,android,1,pre,0,2.88
869,android,1,pre,0,2.94
870,android,1,pre,0,5.57
871,android,1,pre,0,2.94
872,android,1,pre,0,5.27
873,android,1,pre,0,4.3
874,android,1,pre,0,3.98
875,android,1,pre,0,3.01
876,android,1,pre,0,1.92
877,android,1,pre,0,2.26
878,android,1,pre,0,4.12
879,android,1,pre,0,3.74
880,android,1,pre,0,3.65
881,android,1,pre,0,2.35
882,android,1,pre,0,4.95
883,android,1,pre,0,2.85
884,android,1,pre,0,2.85
885,android,1,pre,0,2.88
886,android,1,pre,0,4.45
887,android,1,pre,0,2.12
888,android,1,pre,0,4.0
889,android,1,pre,0,4.74
890,android,1,pre,0,2.86
891,android,1,pre,0,4.92
892,android,1,pre,0,3.27
893,android,1,pre,0,1.43
894,android,1,pre,0,4.32
895,android,1,pre,0,4.22
896,android,1,pre,0,4.76
897,android,1,pre,0,3.28
898,android,1,pre,0,4.04
899,android,1,pre,0,5.81
900,android,1,pre,0,2.89
901,android,1,pre,0,1.99
902,android,1,pre,0,4.7
903,android,1,pre,0,1.88
904,android,1,pre,0,3.26
905,android,1,pre,0,2.65
906,android,1,pre,0,3.3
907,android,1,pre,0,4.49
908,android,1,pre,0,3.23
909,android,1,pre,0,3.75
910,android,1,pre,0,4.0
911,android,1,pre,0,4.47
912,android,1,pre,0,4.17
913,android,1,pre,0,2.31
914,android,1,pre,0,3.26
915,android,1,pre,0,3.59
916,android,1,pre,0,3.6
917,android,1,pre,0,2.68
918,android,1,pre,0,4.5
919,android,1,pre,0,4.64
920,android,1,pre,0,2.93
921,android,1,pre,0,4.34
922,android,1,pre,0,3.64
923,android,1,pre,0,2.29
924,android,1,pre,0,2.63
925,android,1,pre,0,2.01
926,android,1,pre,0,3.02
927,android,1,pre,0,3.41
928,android,1,pre,0,3.02
929,android,1,pre,0,3.09
930,android,1,pre,0,4.83
931,android,1,pre,0,4.74
932,android,1,pre,0,5.09
933,android,1,pre,0,3.61
934,android,1,pre,0,4.23
935,android,1,pre,0,2.74
936,android,1,pre,0,3.32
937,android,1,pre,0,2.32
938,android,1,pre,0,4.77
939,android,1,pre,0,4.66
940,android,1,pre,0,4.58
941,android,1,pre,0,1.54
942,android,1,pre,0,2.76
943,android,1,pre,0,2.25
944,android,1,pre,0,4.71
945,android,1,pre,0,3.79
946,android,1,pre,0,3.1
947,android,1,pre,0,1.69
948,android,1,pre,0,2.52
949,android,1,pre,0,3.77
950,android,1,pre,0,3.99
951,android,1,pre,0,4.46
952,android,1,pre,0,3.93
953,android,1,pre,0,2.13
954,android,1,pre,0,5.23
955,android,1,pre,0,4.46
956,android,1,pre,0,3.19
957,android,1,pre,0,1.96
958,android,1,pre,0,3.93
959,android,1,pre,0,3.36
960,android,1,pre,0,4.23
961,android,1,pre,0,3.48
962,android,1,pre,0,5.19
963,android,1,pre,0,3.78
964,android,1,pre,0,4.29
965,android,1,pre,0,0.84
966,android,1,pre,0,4.14
967,android,1,pre,0,3.97
968,android,1,pre,0,2.79
969,android,1,pre,0,3.9
970,android,1,pre,0,4.03
971,android,1,pre,0,2.02
972,android,1,pre,0,3.48
973,android,1,pre,0,4.56
974,android,1,pre,0,4.22
975,android,1,pre,0,4.4
976,android,1,pre,0,4.82
977,android,1,pre,0,2.47
978,android,1,pre,0,4.2
979,android,1,pre,0,3.83
980,android,1,pre,0,3.98
981,android,1,pre,0,3.36
982,android,1,pre,0,5.03
983,android,1,pre,0,3.99
984,android,1,pre,0,2.42
985,android,1,pre,0,3.66
986,android,1,pre,0,4.5
987,android,1,pre,0,2.35
988,android,1,pre,0,4.63
989,android,1,pre,0,4.72
990,android,1,pre,0,2.9
991,android,1,pre,0,2.29
992,android,1,pre,0,4.15
993,android,1,pre,0,5.41
994,android,1,pre,0,2.32
995,android,1,pre,0,2.92
996,android,1,pre,0,3.99
997,android,1,pre,0,2.95
998,android,1,pre,0,4.48
999,android,1,pre,0,4.25
1000,android,1,pre,0,1.47
501,android,2,pre,0,1.34
502,android,2,pre,0,5.12
503,android,2,pre,0,2.97
504,android,2,pre,0,4.74
505,android,2,pre,0,4.72
506,android,2,pre,0,4.24
507,android,2,pre,0,2.98
508,android,2,pre,0,2.28
509,android,2,pre,0,4.51
510,android,2,pre,0,2.34
511,android,2,pre,0,4.93
512,android,2,pre,0,2.24
513,android,2,pre,0,2.95
514,android,2,pre,0,1.99
515,android,2,pre,0,2.86
516,android,2,pre,0,3.08
517,android,2,pre,0,4.25
518,android,2,pre,0,6.06
519,android,2,pre,0,3.97
520,android,2,pre,0,4.12
521,android,2,pre,0,4.23
522,android,2,pre,0,3.38
523,android,2,pre,0,4.53
524,android,2,pre,0,3.31
525,android,2,pre,0,5.1
526,android,2,pre,0,6.41
527,android,2,pre,0,5.9
528,android,2,pre,0,2.38
529,android,2,pre,0,3.99
530,android,2,pre,0,4.39
531,android,2,pre,0,5.15
532,android,2,pre,0,6.17
533,android,2,pre,0,5.4
534,android,2,pre,0,4.38
535,android,2,pre,0,3.78
536,android,2,pre,0,5.03
537,android,2,pre,0,4.19
538,android,2,pre,0,4.01
539,android,2,pre,0,4.42
540,android,2,pre,0,3.6
541,android,2,pre,0,4.01
542,android,2,pre,0,4.19
543,android,2,pre,0,5.72
544,android,2,pre,0,3.33
545,android,2,pre,0,4.26
546,android,2,pre,0,4.21
547,android,2,pre,0,3.68
548,android,2,pre,0,4.26
549,android,2,pre,0,4.08
550,android,2,pre,0,5.18
551,android,2,pre,0,5.19
552,android,2,pre,0,1.83
553,android,2,pre,0,4.19
554,android,2,pre,0,6.29
555,android,2,pre,0,3.42
556,android,2,pre,0,3.22
557,android,2,pre,0,2.1
558,android,2,pre,0,3.07
559,android,2,pre,0,3.62
560,android,2,pre,0,6.47
561,android,2,pre,0,4.72
562,android,2,pre,0,4.83
563,android,2,pre,0,3.52
564,android,2,pre,0,3.57
565,android,2,pre,0,4.14
566,android,2,pre,0,4.65
567,android,2,pre,0,4.74
568,android,2,pre,0,3.81
569,android,2,pre,0,5.37
570,android,2,pre,0,2.52
571,android,2,pre,0,5.01
572,android,2,pre,0,3.67
573,android,2,pre,0,4.47
574,android,2,pre,0,4.4
575,android,2,pre,0,4.58
576,android,2,pre,0,3.98
577,android,2,pre,0,4.13
578,android,2,pre,0,4.58
579,android,2,pre,0,4.39
580,android,2,pre,0,4.84
581,android,2,pre,0,4.5
582,android,2,pre,0,4.35
583,android,2,pre,0,4.0
584,android,2,pre,0,3.85
585,android,2,pre,0,3.94
586,android,2,pre,0,4.79
587,android,2,pre,0,3.86
588,android,2,pre,0,3.22
589,android,2,pre,0,5.69
590,android,2,pre,0,2.92
591,android,2,pre,0,3.87
592,android,2,pre,0,4.24
593,android,2,pre,0,4.97
594,android,2,pre,0,4.31
595,android,2,pre,0,4.9
596,android,2,pre,0,6.57
597,android,2,pre,0,4.79
598,android,2,pre,0,2.57
599,android,2,pre,0,4.69
600,android,2,pre,0,4.38
601,android,2,pre,0,1.96
602,android,2,pre,0,4.81
603,android,2,pre,0,3.84
604,android,2,pre,0,1.72
605,android,2,pre,0,5.08
606,android,2,pre,0,2.24
607,android,2,pre,0,3.77
608,android,2,pre,0,1.24
609,android,2,pre,0,4.21
610,android,2,pre,0,4.37
611,android,2,pre,0,2.81
612,android,2,pre,0,3.47
613,android,2,pre,0,2.78
614,android,2,pre,0,3.24
615,android,2,pre,0,2.61
616,android,2,pre,0,6.66
617,android,2,pre,0,2.33
618,android,2,pre,0,4.18
619,android,2,pre,0,4.88
620,android,2,pre,0,4.24
621,android,2,pre,0,4.0
622,android,2,pre,0,1.6
623,android,2,pre,0,2.93
624,android,2,pre,0,3.67
625,android,2,pre,0,3.13
626,android,2,pre,0,4.58
627,android,2,pre,0,4.4
628,android,2,pre,0,5.72
629,android,2,pre,0,2.8
630,android,2,pre,0,3.84
631,android,2,pre,0,4.16
632,android,2,pre,0,4.71
633,android,2,pre,0,3.94
634,android,2,pre,0,3.54
635,android,2,pre,0,2.84
636,android,2,pre,0,4.45
637,android,2,pre,0,4.58
638,android,2,pre,0,4.64
639,android,2,pre,0,5.1
640,android,2,pre,0,4.39
641,android,2,pre,0,5.11
642,android,2,pre,0,2.77
643,android,2,pre,0,4.17
644,android,2,pre,0,2.51
645,android,2,pre,0,3.41
646,android,2,pre,0,4.61
647,android,2,pre,0,3.57
648,android,2,pre,0,3.76
649,android,2,pre,0,3.6
650,android,2,pre,0,4.47
651,android,2,pre,0,3.76
652,android,2,pre,0,2.93
653,android,2,pre,0,2.56
654,android,2,pre,0,4.3
655,android,2,pre,0,5.38
656,android,2,pre,0,5.57
657,android,2,pre,0,3.65
658,android,2,pre,0,5.27
659,android,2,pre,0,3.26
660,android,2,pre,0,3.61
661,android,2,pre,0,3.61
662,android,2,pre,0,6.81
663,android,2,pre,0,4.46
664,android,2,pre,0,5.16
665,android,2,pre,0,3.87
666,android,2,pre,0,4.7
667,android,2,pre,0,4.75
668,android,2,pre,0,4.02
669,android,2,pre,0,2.62
670,android,2,pre,0,3.65
671,android,2,pre,0,2.54
672,android,2,pre,0,3.48
673,android,2,pre,0,5.19
674,android,2,pre,0,3.67
675,android,2,pre,0,4.32
676,android,2,pre,0,4.57
677,android,2,pre,0,3.18
678,android,2,pre,0,3.1
679,android,2,pre,0,5.92
680,android,2,pre,0,3.43
681,android,2,pre,0,3.29
682,android,2,pre,0,4.88
683,android,2,pre,0,3.73
684,android,2,pre,0,3.95
685,android,2,pre,0,3.98
686,android,2,pre,0,4.11
687,android,2,pre,0,3.34
688,android,2,pre,0,4.18
689,android,2,pre,0,3.81
690,android,2,pre,0,3.0
691,android,2,pre,0,5.31
692,android,2,pre,0,4.63
693,android,2,pre,0,2.68
694,android,2,pre,0,2.78
695,android,2,pre,0,4.46
696,android,2,pre,0,3.63
697,android,2,pre,0,5.74
698,android,2,pre,0,3.05
699,android,2,pre,0,4.03
700,android,2,pre,0,2.88
701,android,2,pre,0,3.94
702,android,2,pre,0,4.74
703,android,2,pre,0,4.08
704,android,2,pre,0,5.27
705,android,2,pre,0,4.39
706,android,2,pre,0,3.36
707,android,2,pre,0,1.9
708,android,2,pre,0,4.87
709,android,2,pre,0,5.37
710,android,2,pre,0,4.34
711,android,2,pre,0,4.27
712,android,2,pre,0,3.75
713,android,2,pre,0,3.07
714,android,2,pre,0,3.2
715,android,2,pre,0,3.97
716,android,2,pre,0,3.85
717,android,2,pre,0,3.64
718,android,2,pre,0,3.89
719,android,2,pre,0,4.36
720,android,2,pre,0,6.41
721,android,2,pre,0,5.55
722,android,2,pre,0,2.31
723,android,2,pre,0,3.48
724,android,2,pre,0,1.57
725,android,2,pre,0,3.5
726,android,2,pre,0,3.88
727,android,2,pre,0,3.75
728,android,2,pre,0,3.4
729,android,2,pre,0,2.94
730,android,2,pre,0,5.1
731,android,2,pre,0,3.36
732,android,2,pre,0,3.04
733,android,2,pre,0,2.22
734,android,2,pre,0,4.03
735,android,2,pre,0,3.74
736,android,2,pre,0,3.7
737,android,2,pre,0,5.59
738,android,2,pre,0,4.82
739,android,2,pre,0,3.88
740,android,2,pre,0,2.42
741,android,2,pre,0,5.12
742,android,2,pre,0,4.97
743,android,2,pre,0,5.67
744,android,2,pre,0,2.97
745,android,2,pre,0,4.88
746,android,2,pre,0,3.83
747,android,2,pre,0,3.23
748,android,2,pre,0,5.27
749,android,2,pre,0,4.26
750,android,2,pre,0,3.45
751,android,2,pre,0,6.45
752,android,2,pre,0,5.45
753,android,2,pre,0,4.23
754,android,2,pre,0,4.4
755,android,2,pre,0,3.17
756,android,2,pre,0,3.07
757,android,2,pre,0,4.29
758,android,2,pre,0,2.78
759,android,2,pre,0,5.02
760,android,2,pre,0,4.26
761,android,2,pre,0,4.62
762,android,2,pre,0,3.99
763,android,2,pre,0,4.13
764,android,2,pre,0,4.45
765,android,2,pre,0,3.58
766,android,2,pre,0,3.36
767,android,2,pre,0,3.98
768,android,2,pre,0,3.92
769,android,2,pre,0,4.03
770,android,2,pre,0,3.72
771,android,2,pre,0,6.28
772,android,2,pre,0,4.7
773,android,2,pre,0,4.16
774,android,2,pre,0,5.51
775,android,2,pre,0,3.82
776,android,2,pre,0,4.48
777,android,2,pre,0,3.93
778,android,2,pre,0,3.96
779,android,2,pre,0,1.95
780,android,2,pre,0,4.24
781,android,2,pre,0,4.88
782,android,2,pre,0,3.34
783,android,2,pre,0,3.43
784,android,2,pre,0,3.72
785,android,2,pre,0,2.91
786,android,2,pre,0,4.15
787,android,2,pre,0,3.45
788,android,2,pre,0,5.22
789,android,2,pre,0,4.45
790,android,2,pre,0,4.04
791,android,2,pre,0,5.23
792,android,2,pre,0,4.71
793,android,2,pre,0,4.03
794,android,2,pre,0,5.04
795,android,2,pre,0,2.59
796,android,2,pre,0,3.33
797,android,2,pre,0,2.79
798,android,2,pre,0,4.24
799,android,2,pre,0,2.15
800,android,2,pre,0,2.88
801,android,2,pre,0,3.66
802,android,2,pre,0,1.22
803,android,2,pre,0,3.3
804,android,2,pre,0,3.56
805,android,2,pre,0,1.28
806,android,2,pre,0,3.1
807,android,2,pre,0,3.65
808,android,2,pre,0,4.48
809,android,2,pre,0,3.28
810,android,2,pre,0,3.9
811,android,2,pre,0,4.11
812,android,2,pre,0,3.67
813,android,2,pre,0,4.67
814,android,2,pre,0,3.12
815,android,2,pre,0,1.54
816,android,2,pre,0,3.9
817,android,2,pre,0,4.91
818,android,2,pre,0,5.78
819,android,2,pre,0,2.7
820,android,2,pre,0,4.54
821,android,2,pre,0,4.22
822,android,2,pre,0,3.7
823,android,2,pre,0,2.6
824,android,2,pre,0,5.02
825,android,2,pre,0,4.72
826,android,2,pre,0,4.08
827,android,2,pre,0,1.65
828,android,2,pre,0,3.06
829,android,2,pre,0,2.56
830,android,2,pre,0,3.21
831,android,2,pre,0,1.48
832,android,2,pre,0,3.96
833,android,2,pre,0,3.92
834,android,2,pre,0,4.24
835,android,2,pre,0,4.2
836,android,2,pre,0,3.82
837,android,2,pre,0,4.65
838,android,2,pre,0,2.92
839,android,2,pre,0,6.18
840,android,2,pre,0,5.46
841,android,2,pre,0,2.42
842,android,2,pre,0,5.57
843,android,2,pre,0,4.57
844,android,2,pre,0,3.07
845,android,2,pre,0,3.25
846,android,2,pre,0,3.57
847,android,2,pre,0,4.47
848,android,2,pre,0,5.95
849,android,2,pre,0,3.59
850,android,2,pre,0,3.63
851,android,2,pre,0,2.43
852,android,2,pre,0,3.3
853,android,2,pre,0,5.27
854,android,2,pre,0,5.15
855,android,2,pre,0,4.94
856,android,2,pre,0,6.03
857,android,2,pre,0,4.63
858,android,2,pre,0,3.55
859,android,2,pre,0,2.95
860,android,2,pre,0,3.17
861,android,2,pre,0,6.44
862,android,2,pre,0,4.45
863,android,2,pre,0,3.81
864,android,2,pre,0,4.77
865,android,2,pre,0,5.07
866,android,2,pre,0,3.48
867,android,2,pre,0,3.34
868,android,2,pre,0,4.37
869,android,2,pre,0,2.32
870,android,2,pre,0,4.77
871,android,2,pre,0,3.74
872,android,2,pre,0,3.86
873,android,2,pre,0,3.58
874,android,2,pre,0,4.49
875,android,2,pre,0,4.46
876,android,2,pre,0,5.08
877,android,2,pre,0,4.43
878,android,2,pre,0,4.48
879,android,2,pre,0,2.31
880,android,2,pre,0,5.77
881,android,2,pre,0,4.73
882,android,2,pre,0,5.89
883,android,2,pre,0,4.05
884,android,2,pre,0,2.94
885,android,2,pre,0,4.03
886,android,2,pre,0,3.34
887,android,2,pre,0,3.04
888,android,2,pre,0,3.2
889,android,2,pre,0,3.45
890,android,2,pre,0,4.78
891,android,2,pre,0,4.93
892,android,2,pre,0,3.31
893,android,2,pre,0,3.93
894,android,2,pre,0,3.96
895,android,2,pre,0,3.71
896,android,2,pre,0,4.18
897,android,2,pre,0,5.36
898,android,2,pre,0,2.72
899,android,2,pre,0,2.78
900,android,2,pre,0,4.41
901,android,2,pre,0,4.43
902,android,2,pre,0,5.1
903,android,2,pre,0,3.99
904,android,2,pre,0,4.03
905,android,2,pre,0,5.33
906,android,2,pre,0,2.91
907,android,2,pre,0,5.58
908,android,2,pre,0,2.52
909,android,2,pre,0,4.04
910,android,2,pre,0,3.44
911,android,2,pre,0,5.0
912,android,2,pre,0,6.08
913,android,2,pre,0,4.21
914,android,2,pre,0,3.68
915,android,2,pre,0,3.1
916,android,2,pre,0,6.09
917,android,2,pre,0,3.67
918,android,2,pre,0,4.62
919,android,2,pre,0,3.05
920,android,2,pre,0,4.49
921,android,2,pre,0,4.52
922,android,2,pre,0,1.9
923,android,2,pre,0,3.61
924,android,2,pre,0,4.22
925,android,2,pre,0,4.63
926,android,2,pre,0,3.39
927,android,2,pre,0,4.69
928,android,2,pre,0,3.66
929,android,2,pre,0,4.74
930,android,2,pre,0,5.48
931,android,2,pre,0,3.78
932,android,2,pre,0,6.08
933,android,2,pre,0,1.74
934,android,2,pre,0,4.47
935,android,2,pre,0,3.64
936,android,2,pre,0,5.36
937,android,2,pre,0,4.14
938,android,2,pre,0,3.04
939,android,2,pre,0,5.88
940,android,2,pre,0,4.2
941,android,2,pre,0,3.5
942,android,2,pre,0,2.54
943,android,2,pre,0,4.08
944,android,2,pre,0,4.2
945,android,2,pre,0,5.78
946,android,2,pre,0,3.66
947,android,2,pre,0,6.53
948,android,2,pre,0,3.45
949,android,2,pre,0,2.79
950,android,2,pre,0,3.22
951,android,2,pre,0,5.06
952,android,2,pre,0,4.22
953,android,2,pre,0,1.88
954,android,2,pre,0,5.73
955,android,2,pre,0,6.45
956,android,2,pre,0,3.77
957,android,2,pre,0,2.23
958,android,2,pre,0,5.65
959,android,2,pre,0,4.52
960,android,2,pre,0,4.02
961,android,2,pre,0,5.02
962,android,2,pre,0,5.68
963,android,2,pre,0,4.42
964,android,2,pre,0,4.0
965,android,2,pre,0,3.64
966,android,2,pre,0,5.87
967,android,2,pre,0,4.34
968,android,2,pre,0,5.05
969,android,2,pre,0,5.2
970,android,2,pre,0,3.74
971,android,2,pre,0,3.39
972,android,2,pre,0,3.48
973,android,2,pre,0,0.8
974,android,2,pre,0,5.52
975,android,2,pre,0,3.31
976,android,2,pre,0,2.77
977,android,2,pre,0,3.08
978,android,2,pre,0,3.13
979,android,2,pre,0,6.14
980,android,2,pre,0,3.93
981,android,2,pre,0,5.65
982,android,2,pre,0,5.59
983,android,2,pre,0,3.23
984,android,2,pre,0,4.01
985,android,2,pre,0,3.37
986,android,2,pre,0,4.52
987,android,2,pre,0,2.73
988,android,2,pre,0,5.66
989,android,2,pre,0,4.12
990,android,2,pre,0,4.27
991,android,2,pre,0,1.23
992,android,2,pre,0,3.5
993,android,2,pre,0,5.03
994,android,2,pre,0,4.24
995,android,2,pre,0,2.48
996,android,2,pre,0,2.35
997,android,2,pre,0,4.04
998,android,2,pre,0,3.88
999,android,2,pre,0,5.06
1000,android,2,pre,0,3.58
501,android,3,pre,0,2.63
502,android,3,pre,0,3.57
503,android,3,pre,0,3.92
504,android,3,pre,0,6.18
505,android,3,pre,0,4.18
506,android,3,pre,0,4.72
507,android,3,pre,0,4.65
508,android,3,pre,0,3.76
509,android,3,pre,0,2.41
510,android,3,pre,0,4.2
511,android,3,pre,0,4.65
512,android,3,pre,0,1.25
513,android,3,pre,0,4.29
514,android,3,pre,0,3.82
515,android,3,pre,0,4.22
516,android,3,pre,0,3.19
517,android,3,pre,0,3.86
518,android,3,pre,0,6.05
519,android,3,pre,0,4.31
520,android,3,pre,0,5.62
521,android,3,pre,0,4.42
522,android,3,pre,0,4.72
523,android,3,pre,0,5.27
524,android,3,pre,0,4.84
525,android,3,pre,0,4.88
526,android,3,pre,0,6.21
527,android,3,pre,0,6.85
528,android,3,pre,0,4.32
529,android,3,pre,0,3.5
530,android,3,pre,0,5.34
531,android,3,pre,0,5.78
532,android,3,pre,0,5.57
533,android,3,pre,0,1.44
534,android,3,pre,0,5.76
535,android,3,pre,0,3.92
536,android,3,pre,0,3.9
537,android,3,pre,0,3.57
538,android,3,pre,0,4.41
539,android,3,pre,0,4.3
540,android,3,pre,0,4.13
541,android,3,pre,0,4.56
542,android,3,pre,0,2.58
543,android,3,pre,0,4.29
544,android,3,pre,0,3.69
545,android,3,pre,0,4.47
546,android,3,pre,0,7.84
547,android,3,pre,0,4.14
548,android,3,pre,0,5.95
549,android,3,pre,0,3.62
550,android,3,pre,0,5.25
551,android,3,pre,0,5.88
552,android,3,pre,0,3.06
553,android,3,pre,0,1.42
554,android,3,pre,0,6.47
555,android,3,pre,0,3.64
556,android,3,pre,0,3.93
557,android,3,pre,0,2.49
558,android,3,pre,0,3.21
559,android,3,pre,0,3.5
560,android,3,pre,0,4.46
561,android,3,pre,0,3.88
562,android,3,pre,0,7.48
563,android,3,pre,0,4.47
564,android,3,pre,0,6.13
565,android,3,pre,0,4.95
566,android,3,pre,0,4.45
567,android,3,pre,0,3.7
568,android,3,pre,0,4.59
569,android,3,pre,0,5.24
570,android,3,pre,0,5.26
571,android,3,pre,0,5.73
572,android,3,pre,0,5.94
573,android,3,pre,0,6.09
574,android,3,pre,0,3.03
575,android,3,pre,0,4.56
576,android,3,pre,0,6.85
577,android,3,pre,0,3.97
578,android,3,pre,0,5.69
579,android,3,pre,0,5.02
580,android,3,pre,0,5.62
581,android,3,pre,0,5.59
582,android,3,pre,0,3.82
583,android,3,pre,0,2.48
584,android,3,pre,0,4.3
585,android,3,pre,0,4.97
586,android,3,pre,0,3.07
587,android,3,pre,0,5.43
588,android,3,pre,0,5.82
589,android,3,pre,0,3.36
590,android,3,pre,0,5.51
591,android,3,pre,0,5.4
592,android,3,pre,0,3.22
593,android,3,pre,0,4.84
594,android,3,pre,0,2.79
595,android,3,pre,0,4.47
596,android,3,pre,0,6.8
597,android,3,pre,0,2.2
598,android,3,pre,0,3.07
599,android,3,pre,0,3.72
600,android,3,pre,0,4.51
601,android,3,pre,0,4.28
602,android,3,pre,0,4.92
603,android,3,pre,0,3.91
604,android,3,pre,0,1.44
605,android,3,pre,0,3.74
606,android,3,pre,0,3.47
607,android,3,pre,0,5.21
608,android,3,pre,0,5.4
609,android,3,pre,0,4.54
610,android,3,pre,0,5.58
611,android,3,pre,0,3.95
612,android,3,pre,0,4.59
613,android,3,pre,0,2.96
614,android,3,pre,0,3.51
615,android,3,pre,0,4.65
616,android,3,pre,0,2.79
617,android,3,pre,0,4.33
618,android,3,pre,0,4.2
619,android,3,pre,0,2.3
620,android,3,pre,0,2.93
621,android,3,pre,0,6.66
622,android,3,pre,0,5.1
623,android,3,pre,0,4.94
624,android,3,pre,0,5.77
625,android,3,pre,0,2.84
626,android,3,pre,0,5.58
627,android,3,pre,0,3.43
628,android,3,pre,0,3.48
629,android,3,pre,0,4.78
630,android,3,pre,0,4.31
631,android,3,pre,0,3.37
632,android,3,pre,0,5.79
633,android,3,pre,0,3.33
634,android,3,pre,0,3.62
635,android,3,pre,0,4.68
636,android,3,pre,0,3.37
637,android,3,pre,0,4.2
638,android,3,pre,0,3.32
639,android,3,pre,0,4.28
640,android,3,pre,0,3.65
641,android,3,pre,0,4.99
642,android,3,pre,0,3.81
643,android,3,pre,0,2.82
644,android,3,pre,0,3.27
645,android,3,pre,0,3.8
646,android,3,pre,0,5.59
647,android,3,pre,0,4.41
648,android,3,pre,0,4.47
649,android,3,pre,0,4.02
650,android,3,pre,0,4.24
651,android,3,pre,0,5.69
652,android,3,pre,0,3.42
653,android,3,pre,0,3.25
654,android,3,pre,0,3.65
655,android,3,pre,0,5.36
656,android,3,pre,0,5.45
657,android,3,pre,0,3.2
658,android,3,pre,0,4.53
659,android,3,pre,0,2.19
660,android,3,pre,0,4.16
661,android,3,pre,0,4.32
662,android,3,pre,0,5.68
663,android,3,pre,0,4.13
664,android,3,pre,0,6.7
665,android,3,pre,0,4.72
666,android,3,pre,0,3.03
667,android,3,pre,0,4.99
668,android,3,pre,0,5.48
669,android,3,pre,0,4.54
670,android,3,pre,0,4.62
671,android,3,pre,0,4.25
672,android,3,pre,0,3.35
673,android,3,pre,0,3.22
674,android,3,pre,0,4.65
675,android,3,pre,0,4.28
676,android,3,pre,0,5.86
677,android,3,pre,0,4.76
678,android,3,pre,0,5.0
679,android,3,pre,0,5.39
680,android,3,pre,0,4.73
681,android,3,pre,0,5.8
682,android,3,pre,0,3.2
683,android,3,pre,0,4.1
684,android,3,pre,0,5.28
685,android,3,pre,0,5.32
686,android,3,pre,0,5.19
687,android,3,pre,0,3.03
688,android,3,pre,0,2.4
689,android,3,pre,0,4.19
690,android,3,pre,0,7.11
691,android,3,pre,0,6.54
692,android,3,pre,0,4.51
693,android,3,pre,0,5.5
694,android,3,pre,0,2.69
695,android,3,pre,0,6.85
696,android,3,pre,0,2.17
697,android,3,pre,0,4.63
698,android,3,pre,0,4.42
699,android,3,pre,0,5.09
700,android,3,pre,0,2.81
701,android,3,pre,0,3.04
702,android,3,pre,0,5.55
703,android,3,pre,0,3.64
704,android,3,pre,0,4.31
705,android,3,pre,0,3.07
706,android,3,pre,0,6.7
707,android,3,pre,0,3.85
708,android,3,pre,0,5.79
709,android,3,pre,0,5.45
710,android,3,pre,0,3.84
711,android,3,pre,0,3.9
712,android,3,pre,0,5.43
713,android,3,pre,0,3.44
714,android,3,pre,0,1.85
715,android,3,pre,0,4.07
716,android,3,pre,0,4.69
717,android,3,pre,0,6.19
718,android,3,pre,0,4.82
719,android,3,pre,0,4.54
720,android,3,pre,0,7.19
721,android,3,pre,0,6.03
722,android,3,pre,0,3.43
723,android,3,pre,0,5.07
724,android,3,pre,0,3.78
725,android,3,pre,0,3.9
726,android,3,pre,0,3.02
727,android,3,pre,0,4.84
728,android,3,pre,0,2.16
729,android,3,pre,0,4.53
730,android,3,pre,0,5.84
731,android,3,pre,0,3.92
732,android,3,pre,0,6.88
733,android,3,pre,0,2.78
734,android,3,pre,0,4.93
735,android,3,pre,0,6.99
736,android,3,pre,0,4.3
737,android,3,pre,0,5.74
738,android,3,pre,0,2.77
739,android,3,pre,0,4.94
740,android,3,pre,0,3.11
741,android,3,pre,0,3.88
742,android,3,pre,0,6.15
743,android,3,pre,0,4.84
744,android,3,pre,0,2.43
745,android,3,pre,0,4.01
746,android,3,pre,0,5.45
747,android,3,pre,0,4.16
748,android,3,pre,0,7.74
749,android,3,pre,0,4.06
750,android,3,pre,0,3.92
751,android,3,pre,0,5.05
752,android,3,pre,0,2.78
753,android,3,pre,0,3.96
754,android,3,pre,0,5.51
755,android,3,pre,0,3.58
756,android,3,pre,0,4.57
757,android,3,pre,0,5.86
758,android,3,pre,0,3.42
759,android,3,pre,0,6.13
760,android,3,pre,0,3.52
761,android,3,pre,0,7.3
762,android,3,pre,0,3.49
763,android,3,pre,0,4.62
764,android,3,pre,0,3.33
765,android,3,pre,0,2.89
766,android,3,pre,0,4.62
767,android,3,pre,0,4.79
768,android,3,pre,0,5.82
769,android,3,pre,0,3.66
770,android,3,pre,0,4.98
771,android,3,pre,0,4.61
772,android,3,pre,0,6.04
773,android,3,pre,0,4.06
774,android,3,pre,0,3.68
775,android,3,pre,0,3.22
776,android,3,pre,0,2.98
777,android,3,pre,0,4.2
778,android,3,pre,0,4.81
779,android,3,pre,0,4.2
780,android,3,pre,0,5.77
781,android,3,pre,0,5.27
782,android,3,pre,0,3.58
783,android,3,pre,0,6.06
784,android,3,pre,0,2.66
785,android,3,pre,0,2.88
786,android,3,pre,0,5.96
787,android,3,pre,0,3.47
788,android,3,pre,0,4.7
789,android,3,pre,0,4.1
790,android,3,pre,0,4.27
791,android,3,pre,0,4.7
792,android,3,pre,0,4.59
793,android,3,pre,0,4.95
794,android,3,pre,0,6.38
795,android,3,pre,0,5.15
796,android,3,pre,0,4.89
797,android,3,pre,0,4.77
798,android,3,pre,0,4.6
799,android,3,pre,0,5.44
800,android,3,pre,0,4.53
801,android,3,pre,0,4.64
802,android,3,pre,0,3.86
803,android,3,pre,0,3.7
804,android,3,pre,0,3.94
805,android,3,pre,0,3.18
806,android,3,pre,0,4.26
807,android,3,pre,0,6.4
808,android,3,pre,0,3.74
809,android,3,pre,0,4.85
810,android,3,pre,0,5.02
811,android,3,pre,0,3.98
812,android,3,pre,0,4.37
813,android,3,pre,0,6.15
814,android,3,pre,0,3.48
815,android,3,pre,0,3.94
816,android,3,pre,0,6.28
817,android,3,pre,0,5.74
818,android,3,pre,0,4.81
819,android,3,pre,0,4.58
820,android,3,pre,0,5.3
821,android,3,pre,0,3.84
822,android,3,pre,0,4.55
823,android,3,pre,0,3.18
824,android,3,pre,0,3.91
825,android,3,pre,0,3.01
826,android,3,pre,0,4.23
827,android,3,pre,0,4.65
828,android,3,pre,0,5.61
829,android,3,pre,0,3.59
830,android,3,pre,0,3.15
831,android,3,pre,0,2.81
832,android,3,pre,0,2.85
833,android,3,pre,0,4.92
834,android,3,pre,0,5.37
835,android,3,pre,0,4.64
836,android,3,pre,0,6.81
837,android,3,pre,0,6.38
838,android,3,pre,0,4.57
839,android,3,pre,0,6.65
840,android,3,pre,0,3.1
841,android,3,pre,0,4.26
842,android,3,pre,0,3.8
843,android,3,pre,0,3.49
844,android,3,pre,0,2.97
845,android,3,pre,0,3.45
846,android,3,pre,0,5.75
847,android,3,pre,0,3.72
848,android,3,pre,0,5.16
849,android,3,pre,0,5.35
850,android,3,pre,0,5.7
851,android,3,pre,0,3.65
852,android,3,pre,0,6.41
853,android,3,pre,0,3.99
854,android,3,pre,0,4.68
855,android,3,pre,0,4.96
856,android,3,pre,0,4.2
857,android,3,pre,0,4.89
858,android,3,pre,0,4.46
859,android,3,pre,0,6.9
860,android,3,pre,0,4.14
861,android,3,pre,0,3.83
862,android,3,pre,0,6.21
863,android,3,pre,0,5.26
864,android,3,pre,0,6.42
865,android,3,pre,0,3.92
866,android,3,pre,0,3.78
867,android,3,pre,0,5.71
868,android,3,pre,0,2.83
869,android,3,pre,0,2.52
870,android,3,pre,0,4.48
871,android,3,pre,0,3.92
872,android,3,pre,0,6.09
873,android,3,pre,0,5.01
874,android,3,pre,0,2.28
875,android,3,pre,0,4.11
876,android,3,pre,0,5.29
877,android,3,pre,0,3.81
878,android,3,pre,0,2.92
879,android,3,pre,0,4.31
880,android,3,pre,0,3.87
881,android,3,pre,0,4.72
882,android,3,pre,0,3.49
883,android,3,pre,0,2.12
884,android,3,pre,0,4.11
885,android,3,pre,0,4.9
886,android,3,pre,0,5.43
887,android,3,pre,0,3.89
888,android,3,pre,0,4.18
889,android,3,pre,0,2.83
890,android,3,pre,0,3.83
891,android,3,pre,0,4.69
892,android,3,pre,0,6.72
893,android,3,pre,0,4.69
894,android,3,pre,0,5.55
895,android,3,pre,0,3.35
896,android,3,pre,0,5.57
897,android,3,pre,0,5.25
898,android,3,pre,0,5.6
899,android,3,pre,0,3.59
900,android,3,pre,0,5.57
901,android,3,pre,0,5.58
902,android,3,pre,0,3.58
903,android,3,pre,0,3.71
904,android,3,pre,0,3.57
905,android,3,pre,0,5.66
906,android,3,pre,0,7.1
907,android,3,pre,0,3.07
908,android,3,pre,0,5.69
909,android,3,pre,0,4.24
910,android,3,pre,0,5.33
911,android,3,pre,0,5.53
912,android,3,pre,0,5.72
913,android,3,pre,0,5.41
914,android,3,pre,0,4.68
915,android,3,pre,0,4.68
916,android,3,pre,0,2.96
917,android,3,pre,0,3.93
918,android,3,pre,0,6.26
919,android,3,pre,0,5.0
920,android,3,pre,0,3.84
921,android,3,pre,0,3.45
922,android,3,pre,0,2.89
923,android,3,pre,0,4.3
924,android,3,pre,0,5.62
925,android,3,pre,0,5.23
926,android,3,pre,0,5.4
927,android,3,pre,0,6.0
928,android,3,pre,0,5.11
929,android,3,pre,0,3.76
930,android,3,pre,0,5.03
931,android,3,pre,0,4.38
932,android,3,pre,0,3.36
933,android,3,pre,0,4.51
934,android,3,pre,0,3.64
935,android,3,pre,0,4.91
936,android,3,pre,0,5.79
937,android,3,pre,0,4.79
938,android,3,pre,0,4.05
939,android,3,pre,0,4.92
940,android,3,pre,0,4.75
941,android,3,pre,0,3.51
942,android,3,pre,0,2.56
943,android,3,pre,0,4.36
944,android,3,pre,0,4.22
945,android,3,pre,0,3.55
946,android,3,pre,0,5.55
947,android,3,pre,0,4.43
948,android,3,pre,0,3.29
949,android,3,pre,0,6.13
950,android,3,pre,0,5.32
951,android,3,pre,0,5.14
952,android,3,pre,0,5.42
953,android,3,pre,0,4.14
954,android,3,pre,0,4.16
955,android,3,pre,0,4.51
956,android,3,pre,0,4.09
957,android,3,pre,0,4.14
958,android,3,pre,0,4.84
959,android,3,pre,0,4.29
960,android,3,pre,0,2.77
961,android,3,pre,0,4.87
962,android,3,pre,0,5.98
963,android,3,pre,0,5.12
964,android,3,pre,0,5.63
965,android,3,pre,0,4.43
966,android,3,pre,0,2.42
967,android,3,pre,0,3.75
968,android,3,pre,0,4.14
969,android,3,pre,0,5.12
970,android,3,pre,0,4.19
971,android,3,pre,0,3.64
972,android,3,pre,0,3.01
973,android,3,pre,0,3.97
974,android,3,pre,0,5.61
975,android,3,pre,0,3.35
976,android,3,pre,0,5.14
977,android,3,pre,0,5.51
978,android,3,pre,0,4.25
979,android,3,pre,0,5.12
980,android,3,pre,0,3.87
981,android,3,pre,0,6.78
982,android,3,pre,0,4.63
983,android,3,pre,0,3.93
984,android,3,pre,0,2.65
985,android,3,pre,0,5.21
986,android,3,pre,0,5.11
987,android,3,pre,0,3.77
988,android,3,pre,0,4.75
989,android,3,pre,0,6.08
990,android,3,pre,0,3.2
991,android,3,pre,0,3.78
992,android,3,pre,0,4.98
993,android,3,pre,0,3.43
994,android,3,pre,0,5.04
995,android,3,pre,0,2.6
996,android,3,pre,0,5.43
997,android,3,pre,0,3.43
998,android,3,pre,0,3.86
999,android,3,pre,0,7.46
1000,android,3,pre,0,4.49
501,android,4,pre,0,6.18
502,android,4,pre,0,5.29
503,android,4,pre,0,3.7
504,android,4,pre,0,5.39
505,android,4,pre,0,3.0
506,android,4,pre,0,4.4
507,android,4,pre,0,5.65
508,android,4,pre,0,3.09
509,android,4,pre,0,5.69
510,android,4,pre,0,6.35
511,android,4,pre,0,4.5
512,android,4,pre,0,4.43
513,android,4,pre,0,5.66
514,android,4,pre,0,4.79
515,android,4,pre,0,5.61
516,android,4,pre,0,3.28
517,android,4,pre,0,6.79
518,android,4,pre,0,4.65
519,android,4,pre,0,6.41
520,android,4,pre,0,5.74
521,android,4,pre,0,2.93
522,android,4,pre,0,4.75
523,android,4,pre,0,6.04
524,android,4,pre,0,5.12
525,android,4,pre,0,2.5
526,android,4,pre,0,4.95
527,android,4,pre,0,7.12
528,android,4,pre,0,6.4
529,android,4,pre,0,5.23
530,android,4,pre,0,6.49
531,android,4,pre,0,8.16
532,android,4,pre,0,4.63
533,android,4,pre,0,7.34
534,android,4,pre,0,6.0
535,android,4,pre,0,4.22
536,android,4,pre,0,5.41
537,android,4,pre,0,4.05
538,android,4,pre,0,4.91
539,android,4,pre,0,4.41
540,android,4,pre,0,6.0
541,android,4,pre,0,5.67
542,android,4,pre,0,4.6
543,android,4,pre,0,3.29
544,android,4,pre,0,5.72
545,android,4,pre,0,5.33
546,android,4,pre,0,5.46
547,android,4,pre,0,5.69
548,android,4,pre,0,2.89
549,android,4,pre,0,6.22
550,android,4,pre,0,4.03
551,android,4,pre,0,2.08
552,android,4,pre,0,3.64
553,android,4,pre,0,3.39
554,android,4,pre,0,6.96
555,android,4,pre,0,4.68
556,android,4,pre,0,4.02
557,android,4,pre,0,3.66
558,android,4,pre,0,6.19
559,android,4,pre,0,3.17
560,android,4,pre,0,3.91
561,android,4,pre,0,6.18
562,android,4,pre,0,5.56
563,android,4,pre,0,4.93
564,android,4,pre,0,2.07
565,android,4,pre,0,4.97
566,android,4,pre,0,6.65
567,android,4,pre,0,4.8
568,android,4,pre,0,4.03
569,android,4,pre,0,6.67
570,android,4,pre,0,5.73
571,android,4,pre,0,5.2
572,android,4,pre,0,5.11
573,android,4,pre,0,3.19
574,android,4,pre,0,5.16
575,android,4,pre,0,6.75
576,android,4,pre,0,5.74
577,android,4,pre,0,5.83
578,android,4,pre,0,4.9
579,android,4,pre,0,5.61
580,android,4,pre,0,5.23
581,android,4,pre,0,6.5
582,android,4,pre,0,3.07
583,android,4,pre,0,4.83
584,android,4,pre,0,4.0
585,android,4,pre,0,4.81
586,android,4,pre,0,4.5
587,android,4,pre,0,5.16
588,android,4,pre,0,4.96
589,android,4,pre,0,5.58
590,android,4,pre,0,4.64
591,android,4,pre,0,5.95
592,android,4,pre,0,5.47
593,android,4,pre,0,3.15
594,android,4,pre,0,5.93
595,android,4,pre,0,5.55
596,android,4,pre,0,6.56
597,android,4,pre,0,4.98
598,android,4,pre,0,2.66
599,android,4,pre,0,4.06
600,android,4,pre,0,3.91
601,android,4,pre,0,3.87
602,android,4,pre,0,4.29
603,android,4,pre,0,5.94
604,android,4,pre,0,3.35
605,android,4,pre,0,5.6
606,android,4,pre,0,4.09
607,android,4,pre,0,4.96
608,android,4,pre,0,5.46
609,android,4,pre,0,6.15
610,android,4,pre,0,5.57
611,android,4,pre,0,4.52
612,android,4,pre,0,5.1
613,android,4,pre,0,3.44
614,android,4,pre,0,3.23
615,android,4,pre,0,6.58
616,android,4,pre,0,4.83
617,android,4,pre,0,6.83
618,android,4,pre,0,5.0
619,android,4,pre,0,3.79
620,android,4,pre,0,0.8
621,android,4,pre,0,5.69
622,android,4,pre,0,7.12
623,android,4,pre,0,4.7
624,android,4,pre,0,5.04
625,android,4,pre,0,3.99
626,android,4,pre,0,3.85
627,android,4,pre,0,4.58
628,android,4,pre,0,4.95
629,android,4,pre,0,5.17
630,android,4,pre,0,5.52
631,android,4,pre,0,3.3
632,android,4,pre,0,6.91
633,android,4,pre,0,4.99
634,android,4,pre,0,3.47
635,android,4,pre,0,4.55
636,android,4,pre,0,2.89
637,android,4,pre,0,5.02
638,android,4,pre,0,4.8
639,android,4,pre,0,2.95
640,android,4,pre,0,4.11
641,android,4,pre,0,5.69
642,android,4,pre,0,5.4
643,android,4,pre,0,5.75
644,android,4,pre,0,4.89
645,android,4,pre,0,4.56
646,android,4,pre,0,6.0
647,android,4,pre,0,6.01
648,android,4,pre,0,6.37
649,android,4,pre,0,5.08
650,android,4,pre,0,3.22
651,android,4,pre,0,3.29
652,android,4,pre,0,5.06
653,android,4,pre,0,2.81
654,android,4,pre,0,5.48
655,android,4,pre,0,7.03
656,android,4,pre,0,4.88
657,android,4,pre,0,3.76
658,android,4,pre,0,4.39
659,android,4,pre,0,3.52
660,android,4,pre,0,6.32
661,android,4,pre,0,2.38
662,android,4,pre,0,5.26
663,android,4,pre,0,4.91
664,android,4,pre,0,7.17
665,android,4,pre,0,5.05
666,android,4,pre,0,6.09
667,android,4,pre,0,4.32
668,android,4,pre,0,5.43
669,android,4,pre,0,5.3
670,android,4,pre,0,6.63
671,android,4,pre,0,5.78
672,android,4,pre,0,4.46
673,android,4,pre,0,6.1
674,android,4,pre,0,6.33
675,android,4,pre,0,4.23
676,android,4,pre,0,4.71
677,android,4,pre,0,4.46
678,android,4,pre,0,3.63
679,android,4,pre,0,6.65
680,android,4,pre,0,4.49
681,android,4,pre,0,4.25
682,android,4,pre,0,3.87
683,android,4,pre,0,4.69
684,android,4,pre,0,5.12
685,android,4,pre,0,6.3
686,android,4,pre,0,4.07
687,android,4,pre,0,1.73
688,android,4,pre,0,4.42
689,android,4,pre,0,5.0
690,android,4,pre,0,4.06
691,android,4,pre,0,6.13
692,android,4,pre,0,6.01
693,android,4,pre,0,4.07
694,android,4,pre,0,4.34
695,android,4,pre,0,5.38
696,android,4,pre,0,4.31
697,android,4,pre,0,4.6
698,android,4,pre,0,3.26
699,android,4,pre,0,5.4
700,android,4,pre,0,5.05
701,android,4,pre,0,3.43
702,android,4,pre,0,4.29
703,android,4,pre,0,3.74
704,android,4,pre,0,5.75
705,android,4,pre,0,5.97
706,android,4,pre,0,5.24
707,android,4,pre,0,5.12
708,android,4,pre,0,2.98
709,android,4,pre,0,5.28
710,android,4,pre,0,2.99
711,android,4,pre,0,5.1
712,android,4,pre,0,6.0
713,android,4,pre,0,6.03
714,android,4,pre,0,4.96
715,android,4,pre,0,4.09
716,android,4,pre,0,5.22
717,android,4,pre,0,6.13
718,android,4,pre,0,5.36
719,android,4,pre,0,6.47
720,android,4,pre,0,5.63
721,android,4,pre,0,4.86
722,android,4,pre,0,3.61
723,android,4,pre,0,5.64
724,android,4,pre,0,3.7
725,android,4,pre,0,5.56
726,android,4,pre,0,4.99
727,android,4,pre,0,5.46
728,android,4,pre,0,4.29
729,android,4,pre,0,3.04
730,android,4,pre,0,4.95
731,android,4,pre,0,3.65
732,android,4,pre,0,4.78
733,android,4,pre,0,5.89
734,android,4,pre,0,5.67
735,android,4,pre,0,4.29
736,android,4,pre,0,3.44
737,android,4,pre,0,5.74
738,android,4,pre,0,4.39
739,android,4,pre,0,4.94
740,android,4,pre,0,4.36
741,android,4,pre,0,5.54
742,android,4,pre,0,5.34
743,android,4,pre,0,5.38
744,android,4,pre,0,5.66
745,android,4,pre,0,3.39
746,android,4,pre,0,5.23
747,android,4,pre,0,4.64
748,android,4,pre,0,6.74
749,android,4,pre,0,5.26
750,android,4,pre,0,4.92
751,android,4,pre,0,8.29
752,android,4,pre,0,3.18
753,android,4,pre,0,5.08
754,android,4,pre,0,6.33
755,android,4,pre,0,3.19
756,android,4,pre,0,6.4
757,android,4,pre,0,4.3
758,android,4,pre,0,3.65
759,android,4,pre,0,6.32
760,android,4,pre,0,4.25
761,android,4,pre,0,5.1
762,android,4,pre,0,4.64
763,android,4,pre,0,4.92
764,android,4,pre,0,4.51
765,android,4,pre,0,3.52
766,android,4,pre,0,4.9
767,android,4,pre,0,3.14
768,android,4,pre,0,6.83
769,android,4,pre,0,5.63
770,android,4,pre,0,6.3
771,android,4,pre,0,4.49
772,android,4,pre,0,5.79
773,android,4,pre,0,4.85
774,android,4,pre,0,5.33
775,android,4,pre,0,5.74
776,android,4,pre,0,2.69
777,android,4,pre,0,5.29
778,android,4,pre,0,6.37
779,android,4,pre,0,4.23
780,android,4,pre,0,3.58
781,android,4,pre,0,5.3
782,android,4,pre,0,5.12
783,android,4,pre,0,5.02
784,android,4,pre,0,5.15
785,android,4,pre,0,4.1
786,android,4,pre,0,4.28
787,android,4,pre,0,4.91
788,android,4,pre,0,6.01
789,android,4,pre,0,6.53
790,android,4,pre,0,4.28
791,android,4,pre,0,4.18
792,android,4,pre,0,6.21
793,android,4,pre,0,6.89
794,android,4,pre,0,6.02
795,android,4,pre,0,3.11
796,android,4,pre,0,4.08
797,android,4,pre,0,6.16
798,android,4,pre,0,5.5
799,android,4,pre,0,5.43
800,android,4,pre,0,5.12
801,android,4,pre,0,4.36
802,android,4,pre,0,3.88
803,android,4,pre,0,3.09
804,android,4,pre,0,6.04
805,android,4,pre,0,3.91
806,android,4,pre,0,4.58
807,android,4,pre,0,4.77
808,android,4,pre,0,3.99
809,android,4,pre,0,5.25
810,android,4,pre,0,5.32
811,android,4,pre,0,4.31
812,android,4,pre,0,5.82
813,android,4,pre,0,4.95
814,android,4,pre,0,3.62
815,android,4,pre,0,5.63
816,android,4,pre,0,5.98
817,android,4,pre,0,7.41
818,android,4,pre,0,6.46
819,android,4,pre,0,4.74
820,android,4,pre,0,5.99
821,android,4,pre,0,5.1
822,android,4,pre,0,4.58
823,android,4,pre,0,3.47
824,android,4,pre,0,3.54
825,android,4,pre,0,5.21
826,android,4,pre,0,4.41
827,android,4,pre,0,4.14
828,android,4,pre,0,4.01
829,android,4,pre,0,5.13
830,android,4,pre,0,5.58
831,android,4,pre,0,3.79
832,android,4,pre,0,3.88
833,android,4,pre,0,2.41
834,android,4,pre,0,4.66
835,android,4,pre,0,8.04
836,android,4,pre,0,4.9
837,android,4,pre,0,3.95
838,android,4,pre,0,4.39
839,android,4,pre,0,6.52
840,android,4,pre,0,5.01
841,android,4,pre,0,4.32
842,android,4,pre,0,2.98
843,android,4,pre,0,2.75
844,android,4,pre,0,5.45
845,android,4,pre,0,3.65
846,android,4,pre,0,5.76
847,android,4,pre,0,5.46
848,android,4,pre,0,3.32
849,android,4,pre,0,5.56
850,android,4,pre,0,5.15
851,android,4,pre,0,5.04
852,android,4,pre,0,6.62
853,android,4,pre,0,3.9
854,android,4,pre,0,5.32
855,android,4,pre,0,5.42
856,android,4,pre,0,5.64
857,android,4,pre,0,4.42
858,android,4,pre,0,5.41
859,android,4,pre,0,4.82
860,android,4,pre,0,6.0
861,android,4,pre,0,4.38
862,android,4,pre,0,4.89
863,android,4,pre,0,5.32
864,android,4,pre,0,5.74
865,android,4,pre,0,6.23
866,android,4,pre,0,5.27
867,android,4,pre,0,5.4
868,android,4,pre,0,5.33
869,android,4,pre,0,4.25
870,android,4,pre,0,3.86
871,android,4,pre,0,4.81
872,android,4,pre,0,5.24
873,android,4,pre,0,5.01
874,android,4,pre,0,4.85
875,android,4,pre,0,6.22
876,android,4,pre,0,4.01
877,android,4,pre,0,4.66
878,android,4,pre,0,6.58
879,android,4,pre,0,4.1
880,android,4,pre,0,4.61
881,android,4,pre,0,5.74
882,android,4,pre,0,6.55
883,android,4,pre,0,4.13
884,android,4,pre,0,5.1
885,android,4,pre,0,4.02
886,android,4,pre,0,5.0
887,android,4,pre,0,5.54
888,android,4,pre,0,5.9
889,android,4,pre,0,2.0
890,android,4,pre,0,3.01
891,android,4,pre,0,4.45
892,android,4,pre,0,5.88
893,android,4,pre,0,4.28
894,android,4,pre,0,2.1
895,android,4,pre,0,6.14
896,android,4,pre,0,7.95
897,android,4,pre,0,6.12
898,android,4,pre,0,6.09
899,android,4,pre,0,5.9
900,android,4,pre,0,6.06
901,android,4,pre,0,6.16
902,android,4,pre,0,4.95
903,android,4,pre,0,3.21
904,android,4,pre,0,4.8
905,android,4,pre,0,5.33
906,android,4,pre,0,3.86
907,android,4,pre,0,5.76
908,android,4,pre,0,4.89
909,android,4,pre,0,5.28
910,android,4,pre,0,4.85
911,android,4,pre,0,4.52
912,android,4,pre,0,3.91
913,android,4,pre,0,4.22
914,android,4,pre,0,4.9
915,android,4,pre,0,4.98
916,android,4,pre,0,3.31
917,android,4,pre,0,4.18
918,android,4,pre,0,4.9
919,android,4,pre,0,3.89
920,android,4,pre,0,6.02
921,android,4,pre,0,5.6
922,android,4,pre,0,4.06
923,android,4,pre,0,5.76
924,android,4,pre,0,5.14
925,android,4,pre,0,5.87
926,android,4,pre,0,4.81
927,android,4,pre,0,5.51
928,android,4,pre,0,3.38
929,android,4,pre,0,5.39
930,android,4,pre,0,5.53
931,android,4,pre,0,4.42
932,android,4,pre,0,5.86
933,android,4,pre,0,5.12
934,android,4,pre,0,5.87
935,android,4,pre,0,8.1
936,android,4,pre,0,4.44
937,android,4,pre,0,4.97
938,android,4,pre,0,5.3
939,android,4,pre,0,6.84
940,android,4,pre,0,5.67
941,android,4,pre,0,4.18
942,android,4,pre,0,3.59
943,android,4,pre,0,5.08
944,android,4,pre,0,3.78
945,android,4,pre,0,3.7
946,android,4,pre,0,4.94
947,android,4,pre,0,4.51
948,android,4,pre,0,5.85
949,android,4,pre,0,4.85
950,android,4,pre,0,4.48
951,android,4,pre,0,4.17
952,android,4,pre,0,6.99
953,android,4,pre,0,3.43
954,android,4,pre,0,5.47
955,android,4,pre,0,6.34
956,android,4,pre,0,4.21
957,android,4,pre,0,2.53
958,android,4,pre,0,6.71
959,android,4,pre,0,7.16
960,android,4,pre,0,4.52
961,android,4,pre,0,4.67
962,android,4,pre,0,6.4
963,android,4,pre,0,4.9
964,android,4,pre,0,6.1
965,android,4,pre,0,4.06
966,android,4,pre,0,4.99
967,android,4,pre,0,5.66
968,android,4,pre,0,7.8
969,android,4,pre,0,5.01
970,android,4,pre,0,4.39
971,android,4,pre,0,5.14
972,android,4,pre,0,4.76
973,android,4,pre,0,3.92
974,android,4,pre,0,5.05
975,android,4,pre,0,5.58
976,android,4,pre,0,4.1
977,android,4,pre,0,5.59
978,android,4,pre,0,4.86
979,android,4,pre,0,5.47
980,android,4,pre,0,5.07
981,android,4,pre,0,5.46
982,android,4,pre,0,7.43
983,android,4,pre,0,4.37
984,android,4,pre,0,3.29
985,android,4,pre,0,5.69
986,android,4,pre,0,4.93
987,android,4,pre,0,4.26
988,android,4,pre,0,6.62
989,android,4,pre,0,5.94
990,android,4,pre,0,4.25
991,android,4,pre,0,4.86
992,android,4,pre,0,5.25
993,android,4,pre,0,7.32
994,android,4,pre,0,4.76
995,android,4,pre,0,3.66
996,android,4,pre,0,6.28
997,android,4,pre,0,3.37
998,android,4,pre,0,5.58
999,android,4,pre,0,5.37
1000,android,4,pre,0,3.97
501,android,5,post,0,3.14
502,android,5,post,0,5.28
503,android,5,post,0,6.45
504,android,5,post,0,8.47
505,android,5,post,0,5.5
506,android,5,post,0,7.6
507,android,5,post,0,5.8
508,android,5,post,0,5.46
509,android,5,post,0,4.78
510,android,5,post,0,3.16
511,android,5,post,0,6.78
512,android,5,post,0,5.33
513,android,5,post,0,4.47
514,android,5,post,0,4.97
515,android,5,post,0,5.63
516,android,5,post,0,5.3
517,android,5,post,0,5.36
518,android,5,post,0,3.29
519,android,5,post,0,4.98
520,android,5,post,0,6.23
521,android,5,post,0,5.02
522,android,5,post,0,7.98
523,android,5,post,0,5.14
524,android,5,post,0,3.28
525,android,5,post,0,4.5
526,android,5,post,0,6.41
527,android,5,post,0,6.4
528,android,5,post,0,5.8
529,android,5,post,0,4.73
530,android,5,post,0,7.76
531,android,5,post,0,6.64
532,android,5,post,0,6.84
533,android,5,post,0,5.16
534,android,5,post,0,5.99
535,android,5,post,0,4.76
536,android,5,post,0,8.11
537,android,5,post,0,4.37
538,android,5,post,0,5.97
539,android,5,post,0,4.88
540,android,5,post,0,7.31
541,android,5,post,0,5.8
542,android,5,post,0,3.35
543,android,5,post,0,4.08
544,android,5,post,0,4.16
545,android,5,post,0,6.32
546,android,5,post,0,6.3
547,android,5,post,0,3.98
548,android,5,post,0,3.07
549,android,5,post,0,4.61
550,android,5,post,0,7.14
551,android,5,post,0,4.45
552,android,5,post,0,4.03
553,android,5,post,0,4.3
554,android,5,post,0,4.93
555,android,5,post,0,6.83
556,android,5,post,0,5.31
557,android,5,post,0,2.64
558,android,5,post,0,4.55
559,android,5,post,0,5.03
560,android,5,post,0,7.25
561,android,5,post,0,2.82
562,android,5,post,0,5.64
563,android,5,post,0,3.92
564,android,5,post,0,5.89
565,android,5,post,0,4.02
566,android,5,post,0,5.96
567,android,5,post,0,4.32
568,android,5,post,0,2.49
569,android,5,post,0,6.68
570,android,5,post,0,5.17
571,android,5,post,0,6.14
572,android,5,post,0,4.55
573,android,5,post,0,4.5
574,android,5,post,0,5.6
575,android,5,post,0,6.0
576,android,5,post,0,5.36
577,android,5,post,0,5.85
578,android,5,post,0,6.05
579,android,5,post,0,6.32
580,android,5,post,0,7.44
581,android,5,post,0,6.55
582,android,5,post,0,5.59
583,android,5,post,0,3.69
584,android,5,post,0,3.56
585,android,5,post,0,5.23
586,android,5,post,0,4.38
587,android,5,post,0,4.59
588,android,5,post,0,5.11
589,android,5,post,0,5.75
590,android,5,post,0,4.93
591,android,5,post,0,6.02
592,android,5,post,0,5.81
593,android,5,post,0,6.6
594,android,5,post,0,4.69
595,android,5,post,0,5.06
596,android,5,post,0,5.77
597,android,5,post,0,3.61
598,android,5,post,0,4.71
599,android,5,post,0,5.05
600,android,5,post,0,2.52
601,android,5,post,0,4.68
602,android,5,post,0,3.86
603,android,5,post,0,4.6
604,android,5,post,0,1.84
605,android,5,post,0,3.93
606,android,5,post,0,6.08
607,android,5,post,0,5.07
608,android,5,post,0,6.66
609,android,5,post,0,4.66
610,android,5,post,0,6.22
611,android,5,post,0,4.7
612,android,5,post,0,6.28
613,android,5,post,0,5.02
614,android,5,post,0,6.08
615,android,5,post,0,5.95
616,android,5,post,0,6.8
617,android,5,post,0,5.81
618,android,5,post,0,4.42
619,android,5,post,0,5.45
620,android,5,post,0,4.13
621,android,5,post,0,4.57
622,android,5,post,0,5.75
623,android,5,post,0,4.25
624,android,5,post,0,4.52
625,android,5,post,0,5.44
626,android,5,post,0,6.81
627,android,5,post,0,5.55
628,android,5,post,0,7.05
629,android,5,post,0,5.77
630,android,5,post,0,6.31
631,android,5,post,0,7.63
632,android,5,post,0,7.34
633,android,5,post,0,4.45
634,android,5,post,0,6.05
635,android,5,post,0,5.19
636,android,5,post,0,7.49
637,android,5,post,0,2.74
638,android,5,post,0,4.93
639,android,5,post,0,7.15
640,android,5,post,0,5.66
641,android,5,post,0,5.48
642,android,5,post,0,5.63
643,android,5,post,0,5.45
644,android,5,post,0,5.1
645,android,5,post,0,4.85
646,android,5,post,0,5.18
647,android,5,post,0,5.34
648,android,5,post,0,6.9
649,android,5,post,0,5.44
650,android,5,post,0,6.23
651,android,5,post,0,4.65
652,android,5,post,0,6.77
653,android,5,post,0,4.77
654,android,5,post,0,4.15
655,android,5,post,0,7.11
656,android,5,post,0,5.35
657,android,5,post,0,4.99
658,android,5,post,0,7.1
659,android,5,post,0,6.04
660,android,5,post,0,6.12
661,android,5,post,0,4.56
662,android,5,post,0,5.29
663,android,5,post,0,6.84
664,android,5,post,0,4.87
665,android,5,post,0,5.6
666,android,5,post,0,5.44
667,android,5,post,0,6.37
668,android,5,post,0,3.53
669,android,5,post,0,5.45
670,android,5,post,0,6.8
671,android,5,post,0,5.14
672,android,5,post,0,5.07
673,android,5,post,0,5.99
674,android,5,post,0,5.42
675,android,5,post,0,6.57
676,android,5,post,0,6.28
677,android,5,post,0,6.76
678,android,5,post,0,5.08
679,android,5,post,0,7.41
680,android,5,post,0,8.35
681,android,5,post,0,4.69
682,android,5,post,0,5.01
683,android,5,post,0,5.56
684,android,5,post,0,6.42
685,android,5,post,0,6.47
686,android,5,post,0,6.71
687,android,5,post,0,4.24
688,android,5,post,0,3.98
689,android,5,post,0,5.85
690,android,5,post,0,4.57
691,android,5,post,0,5.99
692,android,5,post,0,6.12
693,android,5,post,0,4.69
694,android,5,post,0,5.73
695,android,5,post,0,5.49
696,android,5,post,0,6.17
697,android,5,post,0,4.54
698,android,5,post,0,6.37
699,android,5,post,0,5.72
700,android,5,post,0,4.82
701,android,5,post,0,4.36
702,android,5,post,0,5.15
703,android,5,post,0,5.24
704,android,5,post,0,4.86
705,android,5,post,0,4.47
706,android,5,post,0,6.38
707,android,5,post,0,4.98
708,android,5,post,0,5.29
709,android,5,post,0,5.36
710,android,5,post,0,3.63
711,android,5,post,0,5.13
712,android,5,post,0,5.93
713,android,5,post,0,5.7
714,android,5,post,0,6.06
715,android,5,post,0,8.07
716,android,5,post,0,5.25
717,android,5,post,0,7.15
718,android,5,post,0,5.68
719,android,5,post,0,3.65
720,android,5,post,0,3.69
721,android,5,post,0,6.12
722,android,5,post,0,6.33
723,android,5,post,0,4.04
724,android,5,post,0,3.34
725,android,5,post,0,4.14
726,android,5,post,0,5.81
727,android,5,post,0,5.48
728,android,5,post,0,4.09
729,android,5,post,0,5.42
730,android,5,post,0,5.83
731,android,5,post,0,3.86
732,android,5,post,0,6.98
733,android,5,post,0,5.64
734,android,5,post,0,6.13
735,android,5,post,0,6.51
736,android,5,post,0,6.87
737,android,5,post,0,7.63
738,android,5,post,0,5.05
739,android,5,post,0,3.77
740,android,5,post,0,5.38
741,android,5,post,0,5.12
742,android,5,post,0,6.04
743,android,5,post,0,7.08
744,android,5,post,0,4.89
745,android,5,post,0,6.4
746,android,5,post,0,4.36
747,android,5,post,0,4.59
748,android,5,post,0,5.03
749,android,5,post,0,4.9
750,android,5,post,0,5.41
751,android,5,post,0,6.15
752,android,5,post,0,2.46
753,android,5,post,0,6.41
754,android,5,post,0,5.35
755,android,5,post,0,5.8
756,android,5,post,0,4.72
757,android,5,post,0,5.96
758,android,5,post,0,4.88
759,android,5,post,0,5.12
760,android,5,post,0,7.06
761,android,5,post,0,6.31
762,android,5,post,0,4.48
763,android,5,post,0,4.71
764,android,5,post,0,3.69
765,android,5,post,0,5.54
766,android,5,post,0,4.36
767,android,5,post,0,3.57
768,android,5,post,0,6.42
769,android,5,post,0,5.78
770,android,5,post,0,6.8
771,android,5,post,0,7.52
772,android,5,post,0,6.49
773,android,5,post,0,6.62
774,android,5,post,0,3.88
775,android,5,post,0,6.31
776,android,5,post,0,4.35
777,android,5,post,0,6.61
778,android,5,post,0,4.73
779,android,5,post,0,1.24
780,android,5,post,0,5.37
781,android,5,post,0,4.3
782,android,5,post,0,4.96
783,android,5,post,0,7.06
784,android,5,post,0,6.14
785,android,5,post,0,4.85
786,android,5,post,0,4.3
787,android,5,post,0,7.57
788,android,5,post,0,5.31
789,android,5,post,0,4.85
790,android,5,post,0,6.12
791,android,5,post,0,5.16
792,android,5,post,0,6.52
793,android,5,post,0,6.85
794,android,5,post,0,5.09
795,android,5,post,0,4.67
796,android,5,post,0,3.19
797,android,5,post,0,5.67
798,android,5,post,0,5.95
799,android,5,post,0,5.26
800,android,5,post,0,4.82
801,android,5,post,0,4.52
802,android,5,post,0,4.52
803,android,5,post,0,4.92
804,android,5,post,0,5.97
805,android,5,post,0,4.52
806,android,5,post,0,3.08
807,android,5,post,0,5.34
808,android,5,post,0,5.68
809,android,5,post,0,5.8
810,android,5,post,0,5.75
811,android,5,post,0,5.31
812,android,5,post,0,4.59
813,android,5,post,0,4.96
814,android,5,post,0,5.14
815,android,5,post,0,5.08
816,android,5,post,0,5.95
817,android,5,post,0,6.63
818,android,5,post,0,6.81
819,android,5,post,0,4.67
820,android,5,post,0,6.6
821,android,5,post,0,4.74
822,android,5,post,0,4.78
823,android,5,post,0,3.22
824,android,5,post,0,5.17
825,android,5,post,0,4.41
826,android,5,post,0,3.88
827,android,5,post,0,5.38
828,android,5,post,0,4.67
829,android,5,post,0,5.63
830,android,5,post,0,4.68
831,android,5,post,0,6.27
832,android,5,post,0,5.71
833,android,5,post,0,6.12
834,android,5,post,0,6.8
835,android,5,post,0,5.4
836,android,5,post,0,6.76
837,android,5,post,0,5.39
838,android,5,post,0,5.14
839,android,5,post,0,6.23
840,android,5,post,0,4.99
841,android,5,post,0,4.7
842,android,5,post,0,6.77
843,android,5,post,0,6.36
844,android,5,post,0,5.68
845,android,5,post,0,5.09
846,android,5,post,0,4.4
847,android,5,post,0,5.33
848,android,5,post,0,5.67
849,android,5,post,0,5.63
850,android,5,post,0,3.25
851,android,5,post,0,5.0
852,android,5,post,0,5.73
853,android,5,post,0,6.33
854,android,5,post,0,4.16
855,android,5,post,0,5.31
856,android,5,post,0,5.04
857,android,5,post,0,6.91
858,android,5,post,0,7.1
859,android,5,post,0,5.84
860,android,5,post,0,6.14
861,android,5,post,0,5.14
862,android,5,post,0,6.83
863,android,5,post,0,4.95
864,android,5,post,0,6.19
865,android,5,post,0,6.16
866,android,5,post,0,5.24
867,android,5,post,0,5.49
868,android,5,post,0,5.23
869,android,5,post,0,4.86
870,android,5,post,0,4.82
871,android,5,post,0,5.04
872,android,5,post,0,6.27
873,android,5,post,0,4.41
874,android,5,post,0,6.95
875,android,5,post,0,5.13
876,android,5,post,0,4.7
877,android,5,post,0,4.77
878,android,5,post,0,4.54
879,android,5,post,0,7.52
880,android,5,post,0,4.86
881,android,5,post,0,6.49
882,android,5,post,0,6.95
883,android,5,post,0,4.65
884,android,5,post,0,2.66
885,android,5,post,0,4.05
886,android,5,post,0,5.48
887,android,5,post,0,4.91
888,android,5,post,0,3.88
889,android,5,post,0,5.33
890,android,5,post,0,5.31
891,android,5,post,0,4.61
892,android,5,post,0,5.77
893,android,5,post,0,4.95
894,android,5,post,0,4.28
895,android,5,post,0,4.82
896,android,5,post,0,6.57
897,android,5,post,0,5.86
898,android,5,post,0,5.17
899,android,5,post,0,5.76
900,android,5,post,0,5.44
901,android,5,post,0,5.08
902,android,5,post,0,5.39
903,android,5,post,0,5.08
904,android,5,post,0,6.35
905,android,5,post,0,4.59
906,android,5,post,0,3.27
907,android,5,post,0,4.73
908,android,5,post,0,5.23
909,android,5,post,0,5.88
910,android,5,post,0,7.76
911,android,5,post,0,6.08
912,android,5,post,0,5.63
913,android,5,post,0,4.07
914,android,5,post,0,5.78
915,android,5,post,0,5.73
916,android,5,post,0,6.69
917,android,5,post,0,7.33
918,android,5,post,0,6.45
919,android,5,post,0,4.46
920,android,5,post,0,6.37
921,android,5,post,0,6.67
922,android,5,post,0,6.33
923,android,5,post,0,4.89
924,android,5,post,0,4.93
925,android,5,post,0,6.44
926,android,5,post,0,4.56
927,android,5,post,0,6.07
928,android,5,post,0,5.35
929,android,5,post,0,6.77
930,android,5,post,0,4.56
931,android,5,post,0,6.75
932,android,5,post,0,6.6
933,android,5,post,0,3.43
934,android,5,post,0,3.49
935,android,5,post,0,6.62
936,android,5,post,0,7.14
937,android,5,post,0,5.84
938,android,5,post,0,6.3
939,android,5,post,0,7.05
940,android,5,post,0,4.57
941,android,5,post,0,5.98
942,android,5,post,0,4.52
943,android,5,post,0,5.4
944,android,5,post,0,5.32
945,android,5,post,0,7.24
946,android,5,post,0,6.75
947,android,5,post,0,6.08
948,android,5,post,0,6.31
949,android,5,post,0,6.46
950,android,5,post,0,6.03
951,android,5,post,0,3.02
952,android,5,post,0,6.21
953,android,5,post,0,4.98
954,android,5,post,0,6.95
955,android,5,post,0,4.09
956,android,5,post,0,4.47
957,android,5,post,0,5.95
958,android,5,post,0,6.79
959,android,5,post,0,5.18
960,android,5,post,0,5.69
961,android,5,post,0,6.2
962,android,5,post,0,3.63
963,android,5,post,0,4.79
964,android,5,post,0,5.03
965,android,5,post,0,4.44
966,android,5,post,0,5.42
967,android,5,post,0,6.45
968,android,5,post,0,6.66
969,android,5,post,0,4.77
970,android,5,post,0,5.93
971,android,5,post,0,1.85
972,android,5,post,0,5.78
973,android,5,post,0,4.67
974,android,5,post,0,5.84
975,android,5,post,0,5.77
976,android,5,post,0,2.74
977,android,5,post,0,4.51
978,android,5,post,0,4.23
979,android,5,post,0,7.95
980,android,5,post,0,3.03
981,android,5,post,0,5.97
982,android,5,post,0,7.08
983,android,5,post,0,4.51
984,android,5,post,0,4.22
985,android,5,post,0,5.77
986,android,5,post,0,6.43
987,android,5,post,0,4.15
988,android,5,post,0,4.08
989,android,5,post,0,5.97
990,android,5,post,0,4.03
991,android,5,post,0,3.77
992,android,5,post,0,5.26
993,android,5,post,0,6.0
994,android,5,post,0,4.46
995,android,5,post,0,4.28
996,android,5,post,0,6.38
997,android,5,post,0,5.99
998,android,5,post,0,6.29
999,android,5,post,0,4.26
1000,android,5,post,0,5.24
501,android,6,post,0,6.56
502,android,6,post,0,7.79
503,android,6,post,0,6.02
504,android,6,post,0,7.37
505,android,6,post,0,6.9
506,android,6,post,0,7.76
507,android,6,post,0,5.43
508,android,6,post,0,5.04
509,android,6,post,0,6.05
510,android,6,post,0,5.09
511,android,6,post,0,4.94
512,android,6,post,0,5.2
513,android,6,post,0,5.86
514,android,6,post,0,6.59
515,android,6,post,0,5.12
516,android,6,post,0,6.11
517,android,6,post,0,7.21
518,android,6,post,0,4.88
519,android,6,post,0,5.11
520,android,6,post,0,7.35
521,android,6,post,0,5.53
522,android,6,post,0,7.03
523,android,6,post,0,6.07
524,android,6,post,0,5.96
525,android,6,post,0,9.13
526,android,6,post,0,7.12
527,android,6,post,0,6.43
528,android,6,post,0,5.65
529,android,6,post,0,7.15
530,android,6,post,0,5.58
531,android,6,post,0,7.44
532,android,6,post,0,6.2
533,android,6,post,0,5.57
534,android,6,post,0,6.78
535,android,6,post,0,5.48
536,android,6,post,0,5.67
537,android,6,post,0,4.78
538,android,6,post,0,5.3
539,android,6,post,0,4.57
540,android,6,post,0,7.58
541,android,6,post,0,5.86
542,android,6,post,0,4.4
543,android,6,post,0,5.58
544,android,6,post,0,6.98
545,android,6,post,0,4.92
546,android,6,post,0,5.33
547,android,6,post,0,5.56
548,android,6,post,0,3.49
549,android,6,post,0,8.06
550,android,6,post,0,7.13
551,android,6,post,0,6.85
552,android,6,post,0,4.94
553,android,6,post,0,7.45
554,android,6,post,0,4.12
555,android,6,post,0,6.1
556,android,6,post,0,5.28
557,android,6,post,0,3.59
558,android,6,post,0,5.18
559,android,6,post,0,4.19
560,android,6,post,0,5.66
561,android,6,post,0,5.98
562,android,6,post,0,6.75
563,android,6,post,0,6.07
564,android,6,post,0,5.88
565,android,6,post,0,3.95
566,android,6,post,0,5.64
567,android,6,post,0,6.35
568,android,6,post,0,4.04
569,android,6,post,0,6.49
570,android,6,post,0,5.76
571,android,6,post,0,5.64
572,android,6,post,0,4.86
573,android,6,post,0,6.95
574,android,6,post,0,5.29
575,android,6,post,0,5.84
576,android,6,post,0,6.59
577,android,6,post,0,6.05
578,android,6,post,0,6.55
579,android,6,post,0,5.58
580,android,6,post,0,7.76
581,android,6,post,0,4.52
582,android,6,post,0,2.29
583,android,6,post,0,6.61
584,android,6,post,0,4.02
585,android,6,post,0,6.01
586,android,6,post,0,6.17
587,android,6,post,0,4.99
588,android,6,post,0,5.65
589,android,6,post,0,4.66
590,android,6,post,0,7.25
591,android,6,post,0,6.78
592,android,6,post,0,5.23
593,android,6,post,0,5.82
594,android,6,post,0,6.0
595,android,6,post,0,5.26
596,android,6,post,0,4.83
597,android,6,post,0,6.36
598,android,6,post,0,6.41
599,android,6,post,0,4.61
600,android,6,post,0,5.84
601,android,6,post,0,4.41
602,android,6,post,0,4.68
603,android,6,post,0,6.15
604,android,6,post,0,6.09
605,android,6,post,0,6.47
606,android,6,post,0,5.66
607,android,6,post,0,7.33
608,android,6,post,0,6.88
609,android,6,post,0,6.44
610,android,6,post,0,5.9
611,android,6,post,0,6.66
612,android,6,post,0,6.0
613,android,6,post,0,4.66
614,android,6,post,0,6.16
615,android,6,post,0,4.58
616,android,6,post,0,7.2
617,android,6,post,0,7.43
618,android,6,post,0,6.7
619,android,6,post,0,5.63
620,android,6,post,0,3.99
621,android,6,post,0,6.39
622,android,6,post,0,6.08
623,android,6,post,0,4.11
624,android,6,post,0,6.16
625,android,6,post,0,5.35
626,android,6,post,0,7.32
627,android,6,post,0,7.3
628,android,6,post,0,5.98
629,android,6,post,0,5.61
630,android,6,post,0,4.63
631,android,6,post,0,5.67
632,android,6,post,0,4.92
633,android,6,post,0,5.87
634,android,6,post,0,5.57
635,android,6,post,0,6.97
636,android,6,post,0,4.7
637,android,6,post,0,5.15
638,android,6,post,0,5.19
639,android,6,post,0,7.15
640,android,6,post,0,6.24
641,android,6,post,0,5.38
642,android,6,post,0,3.59
643,android,6,post,0,6.48
644,android,6,post,0,7.68
645,android,6,post,0,4.61
646,android,6,post,0,7.14
647,android,6,post,0,6.19
648,android,6,post,0,5.23
649,android,6,post,0,4.82
650,android,6,post,0,5.1
651,android,6,post,0,4.56
652,android,6,post,0,5.76
653,android,6,post,0,5.94
654,android,6,post,0,5.48
655,android,6,post,0,6.56
656,android,6,post,0,7.64
657,android,6,post,0,6.34
658,android,6,post,0,5.88
659,android,6,post,0,5.18
660,android,6,post,0,6.28
661,android,6,post,0,4.62
662,android,6,post,0,7.51
663,android,6,post,0,6.13
664,android,6,post,0,7.57
665,android,6,post,0,5.02
666,android,6,post,0,5.94
667,android,6,post,0,5.43
668,android,6,post,0,6.71
669,android,6,post,0,6.09
670,android,6,post,0,4.64
671,android,6,post,0,6.3
672,android,6,post,0,5.63
673,android,6,post,0,5.12
674,android,6,post,0,3.52
675,android,6,post,0,5.81
676,android,6,post,0,7.84
677,android,6,post,0,7.2
678,android,6,post,0,6.49
679,android,6,post,0,8.52
680,android,6,post,0,7.5
681,android,6,post,0,6.05
682,android,6,post,0,7.34
683,android,6,post,0,4.79
684,android,6,post,0,7.57
685,android,6,post,0,6.61
686,android,6,post,0,6.91
687,android,6,post,0,4.42
688,android,6,post,0,4.95
689,android,6,post,0,6.14
690,android,6,post,0,5.32
691,android,6,post,0,7.03
692,android,6,post,0,5.01
693,android,6,post,0,3.43
694,android,6,post,0,4.67
695,android,6,post,0,7.05
696,android,6,post,0,7.66
697,android,6,post,0,5.52
698,android,6,post,0,5.32
699,android,6,post,0,8.02
700,android,6,post,0,7.12
701,android,6,post,0,4.69
702,android,6,post,0,6.66
703,android,6,post,0,7.32
704,android,6,post,0,8.79
705,android,6,post,0,5.51
706,android,6,post,0,6.03
707,android,6,post,0,3.71
708,android,6,post,0,4.71
709,android,6,post,0,7.35
710,android,6,post,0,6.37
711,android,6,post,0,4.61
712,android,6,post,0,4.62
713,android,6,post,0,5.82
714,android,6,post,0,5.23
715,android,6,post,0,6.42
716,android,6,post,0,4.58
717,android,6,post,0,6.37
718,android,6,post,0,6.49
719,android,6,post,0,5.04
720,android,6,post,0,6.15
721,android,6,post,0,5.69
722,android,6,post,0,4.92
723,android,6,post,0,5.29
724,android,6,post,0,5.75
725,android,6,post,0,5.49
726,android,6,post,0,6.67
727,android,6,post,0,7.45
728,android,6,post,0,4.4
729,android,6,post,0,5.66
730,android,6,post,0,6.76
731,android,6,post,0,4.11
732,android,6,post,0,5.49
733,android,6,post,0,5.07
734,android,6,post,0,7.08
735,android,6,post,0,5.85
736,android,6,post,0,7.91
737,android,6,post,0,6.23
738,android,6,post,0,6.37
739,android,6,post,0,5.33
740,android,6,post,0,7.58
741,android,6,post,0,8.3
742,android,6,post,0,5.4
743,android,6,post,0,5.81
744,android,6,post,0,3.85
745,android,6,post,0,6.77
746,android,6,post,0,5.62
747,android,6,post,0,6.51
748,android,6,post,0,7.43
749,android,6,post,0,6.14
750,android,6,post,0,7.04
751,android,6,post,0,7.81
752,android,6,post,0,4.47
753,android,6,post,0,5.23
754,android,6,post,0,4.8
755,android,6,post,0,6.57
756,android,6,post,0,6.18
757,android,6,post,0,5.03
758,android,6,post,0,6.17
759,android,6,post,0,5.92
760,android,6,post,0,6.85
761,android,6,post,0,6.22
762,android,6,post,0,7.07
763,android,6,post,0,5.1
764,android,6,post,0,6.96
765,android,6,post,0,5.64
766,android,6,post,0,7.48
767,android,6,post,0,6.78
768,android,6,post,0,8.16
769,android,6,post,0,6.06
770,android,6,post,0,6.33
771,android,6,post,0,7.54
772,android,6,post,0,6.06
773,android,6,post,0,8.73
774,android,6,post,0,6.7
775,android,6,post,0,6.04
776,android,6,post,0,4.12
777,android,6,post,0,7.51
778,android,6,post,0,6.62
779,android,6,post,0,7.24
780,android,6,post,0,7.21
781,android,6,post,0,5.22
782,android,6,post,0,5.58
783,android,6,post,0,6.18
784,android,6,post,0,5.24
785,android,6,post,0,4.28
786,android,6,post,0,4.99
787,android,6,post,0,6.33
788,android,6,post,0,3.97
789,android,6,post,0,7.14
790,android,6,post,0,6.38
791,android,6,post,0,5.98
792,android,6,post,0,7.29
793,android,6,post,0,5.64
794,android,6,post,0,7.57
795,android,6,post,0,6.82
796,android,6,post,0,7.14
797,android,6,post,0,4.9
798,android,6,post,0,7.53
799,android,6,post,0,6.55
800,android,6,post,0,4.26
801,android,6,post,0,6.89
802,android,6,post,0,5.83
803,android,6,post,0,6.57
804,android,6,post,0,7.3
805,android,6,post,0,3.79
806,android,6,post,0,2.27
807,android,6,post,0,6.32
808,android,6,post,0,6.74
809,android,6,post,0,7.75
810,android,6,post,0,3.46
811,android,6,post,0,6.8
812,android,6,post,0,5.6
813,android,6,post,0,4.6
814,android,6,post,0,5.72
815,android,6,post,0,5.17
816,android,6,post,0,6.18
817,android,6,post,0,7.25
818,android,6,post,0,4.87
819,android,6,post,0,5.8
820,android,6,post,0,6.65
821,android,6,post,0,7.61
822,android,6,post,0,5.9
823,android,6,post,0,5.58
824,android,6,post,0,7.64
825,android,6,post,0,6.27
826,android,6,post,0,6.68
827,android,6,post,0,4.59
828,android,6,post,0,4.99
829,android,6,post,0,7.56
830,android,6,post,0,3.2
831,android,6,post,0,7.01
832,android,6,post,0,5.09
833,android,6,post,0,6.42
834,android,6,post,0,4.17
835,android,6,post,0,9.01
836,android,6,post,0,7.98
837,android,6,post,0,5.47
838,android,6,post,0,7.04
839,android,6,post,0,6.99
840,android,6,post,0,5.66
841,android,6,post,0,5.91
842,android,6,post,0,7.19
843,android,6,post,0,4.95
844,android,6,post,0,6.11
845,android,6,post,0,4.69
846,android,6,post,0,6.01
847,android,6,post,0,5.32
848,android,6,post,0,7.14
849,android,6,post,0,4.26
850,android,6,post,0,8.73
851,android,6,post,0,5.06
852,android,6,post,0,8.15
853,android,6,post,0,5.5
854,android,6,post,0,6.27
855,android,6,post,0,5.66
856,android,6,post,0,5.78
857,android,6,post,0,6.13
858,android,6,post,0,7.26
859,android,6,post,0,4.38
860,android,6,post,0,6.14
861,android,6,post,0,7.32
862,android,6,post,0,6.55
863,android,6,post,0,5.7
864,android,6,post,0,7.58
865,android,6,post,0,6.34
866,android,6,post,0,5.07
867,android,6,post,0,6.11
868,android,6,post,0,5.24
869,android,6,post,0,4.67
870,android,6,post,0,7.36
871,android,6,post,0,4.92
872,android,6,post,0,5.89
873,android,6,post,0,7.74
874,android,6,post,0,5.32
875,android,6,post,0,7.15
876,android,6,post,0,4.86
877,android,6,post,0,4.29
878,android,6,post,0,6.21
879,android,6,post,0,5.15
880,android,6,post,0,6.38
881,android,6,post,0,6.65
882,android,6,post,0,6.59
883,android,6,post,0,6.89
884,android,6,post,0,4.89
885,android,6,post,0,4.13
886,android,6,post,0,7.54
887,android,6,post,0,5.38
888,android,6,post,0,5.14
889,android,6,post,0,4.9
890,android,6,post,0,7.74
891,android,6,post,0,6.1
892,android,6,post,0,6.26
893,android,6,post,0,4.92
894,android,6,post,0,6.25
895,android,6,post,0,5.89
896,android,6,post,0,6.64
897,android,6,post,0,6.05
898,android,6,post,0,8.16
899,android,6,post,0,6.38
900,android,6,post,0,7.3
901,android,6,post,0,5.88
902,android,6,post,0,7.28
903,android,6,post,0,4.29
904,android,6,post,0,6.37
905,android,6,post,0,6.56
906,android,6,post,0,5.39
907,android,6,post,0,5.82
908,android,6,post,0,5.52
909,android,6,post,0,5.87
910,android,6,post,0,5.31
911,android,6,post,0,6.88
912,android,6,post,0,5.21
913,android,6,post,0,5.32
914,android,6,post,0,5.38
915,android,6,post,0,4.74
916,android,6,post,0,6.14
917,android,6,post,0,6.38
918,android,6,post,0,7.08
919,android,6,post,0,5.14
920,android,6,post,0,4.98
921,android,6,post,0,5.79
922,android,6,post,0,3.4
923,android,6,post,0,6.02
924,android,6,post,0,6.81
925,android,6,post,0,6.76
926,android,6,post,0,7.55
927,android,6,post,0,6.84
928,android,6,post,0,6.77
929,android,6,post,0,7.42
930,android,6,post,0,6.8
931,android,6,post,0,7.04
932,android,6,post,0,7.32
933,android,6,post,0,5.56
934,android,6,post,0,6.8
935,android,6,post,0,6.88
936,android,6,post,0,7.22
937,android,6,post,0,4.35
938,android,6,post,0,8.78
939,android,6,post,0,6.5
940,android,6,post,0,5.9
941,android,6,post,0,5.78
942,android,6,post,0,4.99
943,android,6,post,0,4.99
944,android,6,post,0,3.61
945,android,6,post,0,7.07
946,android,6,post,0,5.74
947,android,6,post,0,6.98
948,android,6,post,0,7.35
949,android,6,post,0,5.47
950,android,6,post,0,5.99
951,android,6,post,0,6.38
952,android,6,post,0,6.52
953,android,6,post,0,5.43
954,android,6,post,0,7.46
955,android,6,post,0,7.74
956,android,6,post,0,7.07
957,android,6,post,0,5.64
958,android,6,post,0,7.26
959,android,6,post,0,6.12
960,android,6,post,0,5.13
961,android,6,post,0,4.67
962,android,6,post,0,5.26
963,android,6,post,0,5.92
964,android,6,post,0,6.35
965,android,6,post,0,6.1
966,android,6,post,0,6.76
967,android,6,post,0,5.46
968,android,6,post,0,8.41
969,android,6,post,0,5.9
970,android,6,post,0,6.0
971,android,6,post,0,4.95
972,android,6,post,0,4.55
973,android,6,post,0,4.14
974,android,6,post,0,6.26
975,android,6,post,0,6.42
976,android,6,post,0,6.09
977,android,6,post,0,7.26
978,android,6,post,0,6.03
979,android,6,post,0,6.77
980,android,6,post,0,5.26
981,android,6,post,0,7.75
982,android,6,post,0,6.5
983,android,6,post,0,6.64
984,android,6,post,0,6.18
985,android,6,post,0,5.49
986,android,6,post,0,6.63
987,android,6,post,0,5.43
988,android,6,post,0,7.81
989,android,6,post,0,5.94
990,android,6,post,0,8.18
991,android,6,post,0,6.71
992,android,6,post,0,6.91
993,android,6,post,0,6.58
994,android,6,post,0,6.82
995,android,6,post,0,5.41
996,android,6,post,0,5.93
997,android,6,post,0,4.37
998,android,6,post,0,6.58
999,android,6,post,0,6.91
1000,android,6,post,0,7.59
501,android,7,post,0,7.67
502,android,7,post,0,7.3
503,android,7,post,0,4.89
504,android,7,post,0,7.09
505,android,7,post,0,7.79
506,android,7,post,0,5.06
507,android,7,post,0,7.19
508,android,7,post,0,4.7
509,android,7,post,0,6.44
510,android,7,post,0,5.88
511,android,7,post,0,6.57
512,android,7,post,0,6.83
513,android,7,post,0,5.0
514,android,7,post,0,4.92
515,android,7,post,0,6.22
516,android,7,post,0,6.62
517,android,7,post,0,4.49
518,android,7,post,0,8.38
519,android,7,post,0,6.57
520,android,7,post,0,9.56
521,android,7,post,0,4.96
522,android,7,post,0,5.7
523,android,7,post,0,7.87
524,android,7,post,0,5.96
525,android,7,post,0,6.34
526,android,7,post,0,6.33
527,android,7,post,0,7.18
528,android,7,post,0,6.44
529,android,7,post,0,5.83
530,android,7,post,0,7.58
531,android,7,post,0,7.64
532,android,7,post,0,6.48
533,android,7,post,0,7.25
534,android,7,post,0,6.12
535,android,7,post,0,5.42
536,android,7,post,0,6.87
537,android,7,post,0,7.44
538,android,7,post,0,5.98
539,android,7,post,0,4.04
540,android,7,post,0,6.02
541,android,7,post,0,5.47
542,android,7,post,0,6.34
543,android,7,post,0,7.13
544,android,7,post,0,6.09
545,android,7,post,0,7.08
546,android,7,post,0,6.6
547,android,7,post,0,5.78
548,android,7,post,0,8.61
549,android,7,post,0,7.38
550,android,7,post,0,5.82
551,android,7,post,0,7.5
552,android,7,post,0,5.99
553,android,7,post,0,6.87
554,android,7,post,0,6.74
555,android,7,post,0,8.04
556,android,7,post,0,7.28
557,android,7,post,0,4.26
558,android,7,post,0,6.9
559,android,7,post,0,7.58
560,android,7,post,0,7.35
561,android,7,post,0,4.96
562,android,7,post,0,5.93
563,android,7,post,0,4.43
564,android,7,post,0,6.71
565,android,7,post,0,5.98
566,android,7,post,0,7.38
567,android,7,post,0,6.92
568,android,7,post,0,7.07
569,android,7,post,0,5.17
570,android,7,post,0,7.92
571,android,7,post,0,5.88
572,android,7,post,0,5.2
573,android,7,post,0,5.33
574,android,7,post,0,4.54
575,android,7,post,0,5.79
576,android,7,post,0,6.7
577,android,7,post,0,7.65
578,android,7,post,0,7.19
579,android,7,post,0,6.2
580,android,7,post,0,5.84
581,android,7,post,0,5.63
582,android,7,post,0,8.33
583,android,7,post,0,4.75
584,android,7,post,0,7.75
585,android,7,post,0,3.32
586,android,7,post,0,5.86
587,android,7,post,0,7.17
588,android,7,post,0,6.89
589,android,7,post,0,6.2
590,android,7,post,0,6.75
591,android,7,post,0,4.84
592,android,7,post,0,6.7
593,android,7,post,0,5.55
594,android,7,post,0,4.53
595,android,7,post,0,4.57
596,android,7,post,0,6.37
597,android,7,post,0,5.68
598,android,7,post,0,6.09
599,android,7,post,0,5.13
600,android,7,post,0,6.88
601,android,7,post,0,5.27
602,android,7,post,0,7.91
603,android,7,post,0,5.93
604,android,7,post,0,6.56
605,android,7,post,0,8.01
606,android,7,post,0,4.36
607,android,7,post,0,4.3
608,android,7,post,0,5.58
609,android,7,post,0,7.85
610,android,7,post,0,5.92
611,android,7,post,0,6.01
612,android,7,post,0,7.83
613,android,7,post,0,6.94
614,android,7,post,0,6.19
615,android,7,post,0,6.4
616,android,7,post,0,7.65
617,android,7,post,0,7.32
618,android,7,post,0,4.73
619,android,7,post,0,6.45
620,android,7,post,0,6.66
621,android,7,post,0,7.65
622,android,7,post,0,6.19
623,android,7,post,0,7.48
624,android,7,post,0,7.95
625,android,7,post,0,5.85
626,android,7,post,0,5.6
627,android,7,post,0,6.24
628,android,7,post,0,7.67
629,android,7,post,0,7.05
630,android,7,post,0,5.85
631,android,7,post,0,6.79
632,android,7,post,0,8.33
633,android,7,post,0,5.63
634,android,7,post,0,5.4
635,android,7,post,0,5.77
636,android,7,post,0,6.03
637,android,7,post,0,4.21
638,android,7,post,0,6.19
639,android,7,post,0,6.09
640,android,7,post,0,4.08
641,android,7,post,0,4.65
642,android,7,post,0,5.76
643,android,7,post,0,6.4
644,android,7,post,0,5.47
645,android,7,post,0,6.45
646,android,7,post,0,6.75
647,android,7,post,0,4.59
648,android,7,post,0,8.3
649,android,7,post,0,6.31
650,android,7,post,0,6.8
651,android,7,post,0,4.7
652,android,7,post,0,5.58
653,android,7,post,0,8.12
654,android,7,post,0,5.55
655,android,7,post,0,6.15
656,android,7,post,0,7.62
657,android,7,post,0,6.96
658,android,7,post,0,6.72
659,android,7,post,0,4.98
660,android,7,post,0,7.13
661,android,7,post,0,6.71
662,android,7,post,0,9.23
663,android,7,post,0,7.04
664,android,7,post,0,6.77
665,android,7,post,0,6.62
666,android,7,post,0,6.46
667,android,7,post,0,7.38
668,android,7,post,0,4.84
669,android,7,post,0,6.9
670,android,7,post,0,6.17
671,android,7,post,0,5.93
672,android,7,post,0,5.11
673,android,7,post,0,4.72
674,android,7,post,0,7.11
675,android,7,post,0,5.97
676,android,7,post,0,7.28
677,android,7,post,0,6.04
678,android,7,post,0,6.06
679,android,7,post,0,6.61
680,android,7,post,0,8.15
681,android,7,post,0,5.32
682,android,7,post,0,6.95
683,android,7,post,0,5.95
684,android,7,post,0,8.07
685,android,7,post,0,6.49
686,android,7,post,0,5.33
687,android,7,post,0,6.52
688,android,7,post,0,7.35
689,android,7,post,0,7.65
690,android,7,post,0,6.39
691,android,7,post,0,5.48
692,android,7,post,0,7.48
693,android,7,post,0,5.95
694,android,7,post,0,5.82
695,android,7,post,0,8.11
696,android,7,post,0,8.22
697,android,7,post,0,6.19
698,android,7,post,0,6.67
699,android,7,post,0,6.96
700,android,7,post,0,5.18
701,android,7,post,0,5.18
702,android,7,post,0,8.16
703,android,7,post,0,5.41
704,android,7,post,0,10.11
705,android,7,post,0,6.71
706,android,7,post,0,6.8
707,android,7,post,0,6.58
708,android,7,post,0,5.99
709,android,7,post,0,7.85
710,android,7,post,0,5.13
711,android,7,post,0,7.71
712,android,7,post,0,5.81
713,android,7,post,0,5.99
714,android,7,post,0,3.34
715,android,7,post,0,7.31
716,android,7,post,0,7.12
717,android,7,post,0,6.23
718,android,7,post,0,5.04
719,android,7,post,0,8.37
720,android,7,post,0,7.77
721,android,7,post,0,7.0
722,android,7,post,0,6.19
723,android,7,post,0,6.72
724,android,7,post,0,5.67
725,android,7,post,0,6.51
726,android,7,post,0,5.99
727,android,7,post,0,7.38
728,android,7,post,0,4.97
729,android,7,post,0,4.98
730,android,7,post,0,7.17
731,android,7,post,0,5.4
732,android,7,post,0,6.13
733,android,7,post,0,7.03
734,android,7,post,0,6.46
735,android,7,post,0,8.16
736,android,7,post,0,5.81
737,android,7,post,0,5.71
738,android,7,post,0,7.64
739,android,7,post,0,5.15
740,android,7,post,0,5.77
741,android,7,post,0,6.81
742,android,7,post,0,5.8
743,android,7,post,0,5.72
744,android,7,post,0,5.93
745,android,7,post,0,6.3
746,android,7,post,0,4.74
747,android,7,post,0,5.94
748,android,7,post,0,7.06
749,android,7,post,0,7.59
750,android,7,post,0,6.19
751,android,7,post,0,8.48
752,android,7,post,0,5.46
753,android,7,post,0,7.97
754,android,7,post,0,6.24
755,android,7,post,0,5.03
756,android,7,post,0,7.1
757,android,7,post,0,4.2
758,android,7,post,0,4.55
759,android,7,post,0,8.83
760,android,7,post,0,8.36
761,android,7,post,0,6.77
762,android,7,post,0,4.88
763,android,7,post,0,5.21
764,android,7,post,0,7.08
765,android,7,post,0,5.35
766,android,7,post,0,7.26
767,android,7,post,0,6.09
768,android,7,post,0,10.17
769,android,7,post,0,6.05
770,android,7,post,0,5.92
771,android,7,post,0,7.09
772,android,7,post,0,5.69
773,android,7,post,0,6.51
774,android,7,post,0,8.81
775,android,7,post,0,6.83
776,android,7,post,0,4.36
777,android,7,post,0,7.43
778,android,7,post,0,5.41
779,android,7,post,0,7.37
780,android,7,post,0,6.33
781,android,7,post,0,4.36
782,android,7,post,0,7.91
783,android,7,post,0,7.1
784,android,7,post,0,6.24
785,android,7,post,0,4.66
786,android,7,post,0,7.92
787,android,7,post,0,6.39
788,android,7,post,0,6.03
789,android,7,post,0,6.27
790,android,7,post,0,6.44
791,android,7,post,0,6.62
792,android,7,post,0,6.98
793,android,7,post,0,7.6
794,android,7,post,0,7.05
795,android,7,post,0,7.61
796,android,7,post,0,5.85
797,android,7,post,0,5.95
798,android,7,post,0,8.89
799,android,7,post,0,5.6
800,android,7,post,0,6.7
801,android,7,post,0,6.49
802,android,7,post,0,5.64
803,android,7,post,0,6.84
804,android,7,post,0,5.86
805,android,7,post,0,4.41
806,android,7,post,0,6.4
807,android,7,post,0,8.19
808,android,7,post,0,5.38
809,android,7,post,0,6.3
810,android,7,post,0,5.31
811,android,7,post,0,4.33
812,android,7,post,0,5.07
813,android,7,post,0,7.37
814,android,7,post,0,5.43
815,android,7,post,0,6.38
816,android,7,post,0,6.43
817,android,7,post,0,8.1
818,android,7,post,0,7.65
819,android,7,post,0,7.47
820,android,7,post,0,7.47
821,android,7,post,0,5.86
822,android,7,post,0,4.6
823,android,7,post,0,4.27
824,android,7,post,0,5.31
825,android,7,post,0,6.37
826,android,7,post,0,7.19
827,android,7,post,0,4.99
828,android,7,post,0,6.6
829,android,7,post,0,7.82
830,android,7,post,0,5.13
831,android,7,post,0,4.18
832,android,7,post,0,5.87
833,android,7,post,0,6.93
834,android,7,post,0,5.36
835,android,7,post,0,6.83
836,android,7,post,0,8.07
837,android,7,post,0,7.34
838,android,7,post,0,6.73
839,android,7,post,0,4.48
840,android,7,post,0,6.32
841,android,7,post,0,7.45
842,android,7,post,0,6.73
843,android,7,post,0,4.21
844,android,7,post,0,4.59
845,android,7,post,0,7.5
846,android,7,post,0,7.35
847,android,7,post,0,5.84
848,android,7,post,0,7.15
849,android,7,post,0,7.3
850,android,7,post,0,5.66
851,android,7,post,0,5.89
852,android,7,post,0,7.86
853,android,7,post,0,6.31
854,android,7,post,0,6.33
855,android,7,post,0,8.38
856,android,7,post,0,7.17
857,android,7,post,0,6.39
858,android,7,post,0,6.08
859,android,7,post,0,7.02
860,android,7,post,0,6.51
861,android,7,post,0,8.11
862,android,7,post,0,5.73
863,android,7,post,0,5.23
864,android,7,post,0,6.27
865,android,7,post,0,5.26
866,android,7,post,0,5.8
867,android,7,post,0,7.23
868,android,7,post,0,7.45
869,android,7,post,0,6.59
870,android,7,post,0,6.93
871,android,7,post,0,6.72
872,android,7,post,0,6.94
873,android,7,post,0,6.71
874,android,7,post,0,5.38
875,android,7,post,0,6.72
876,android,7,post,0,7.61
877,android,7,post,0,6.34
878,android,7,post,0,5.64
879,android,7,post,0,4.48
880,android,7,post,0,6.12
881,android,7,post,0,8.11
882,android,7,post,0,6.08
883,android,7,post,0,5.24
884,android,7,post,0,6.02
885,android,7,post,0,6.27
886,android,7,post,0,8.26
887,android,7,post,0,6.38
888,android,7,post,0,5.17
889,android,7,post,0,5.46
890,android,7,post,0,6.29
891,android,7,post,0,7.37
892,android,7,post,0,5.62
893,android,7,post,0,7.04
894,android,7,post,0,4.36
895,android,7,post,0,8.15
896,android,7,post,0,7.66
897,android,7,post,0,8.18
898,android,7,post,0,7.24
899,android,7,post,0,5.42
900,android,7,post,0,5.14
901,android,7,post,0,6.85
902,android,7,post,0,6.7
903,android,7,post,0,6.14
904,android,7,post,0,7.52
905,android,7,post,0,7.48
906,android,7,post,0,7.06
907,android,7,post,0,7.28
908,android,7,post,0,5.3
909,android,7,post,0,5.27
910,android,7,post,0,5.98
911,android,7,post,0,7.6
912,android,7,post,0,6.45
913,android,7,post,0,5.72
914,android,7,post,0,5.43
915,android,7,post,0,5.11
916,android,7,post,0,6.25
917,android,7,post,0,5.4
918,android,7,post,0,7.95
919,android,7,post,0,6.19
920,android,7,post,0,5.95
921,android,7,post,0,6.14
922,android,7,post,0,6.48
923,android,7,post,0,6.46
924,android,7,post,0,5.65
925,android,7,post,0,8.79
926,android,7,post,0,5.92
927,android,7,post,0,8.4
928,android,7,post,0,7.48
929,android,7,post,0,6.55
930,android,7,post,0,7.71
931,android,7,post,0,5.91
932,android,7,post,0,7.9
933,android,7,post,0,6.13
934,android,7,post,0,5.66
935,android,7,post,0,8.84
936,android,7,post,0,7.79
937,android,7,post,0,5.38
938,android,7,post,0,8.98
939,android,7,post,0,7.05
940,android,7,post,0,5.93
941,android,7,post,0,4.08
942,android,7,post,0,5.05
943,android,7,post,0,4.49
944,android,7,post,0,7.1
945,android,7,post,0,6.59
946,android,7,post,0,6.01
947,android,7,post,0,8.03
948,android,7,post,0,6.74
949,android,7,post,0,7.54
950,android,7,post,0,6.4
951,android,7,post,0,6.91
952,android,7,post,0,4.04
953,android,7,post,0,5.1
954,android,7,post,0,7.24
955,android,7,post,0,8.09
956,android,7,post,0,6.53
957,android,7,post,0,6.27
958,android,7,post,0,6.92
959,android,7,post,0,6.03
960,android,7,post,0,7.54
961,android,7,post,0,5.35
962,android,7,post,0,5.96
963,android,7,post,0,6.13
964,android,7,post,0,7.29
965,android,7,post,0,6.26
966,android,7,post,0,8.47
967,android,7,post,0,6.86
968,android,7,post,0,5.79
969,android,7,post,0,8.07
970,android,7,post,0,6.12
971,android,7,post,0,6.94
972,android,7,post,0,6.0
973,android,7,post,0,5.33
974,android,7,post,0,6.89
975,android,7,post,0,6.51
976,android,7,post,0,5.86
977,android,7,post,0,5.06
978,android,7,post,0,6.04
979,android,7,post,0,6.45
980,android,7,post,0,7.63
981,android,7,post,0,7.88
982,android,7,post,0,9.28
983,android,7,post,0,6.66
984,android,7,post,0,6.72
985,android,7,post,0,5.91
986,android,7,post,0,9.09
987,android,7,post,0,6.78
988,android,7,post,0,8.97
989,android,7,post,0,7.76
990,android,7,post,0,6.51
991,android,7,post,0,6.16
992,android,7,post,0,7.47
993,android,7,post,0,7.99
994,android,7,post,0,5.54
995,android,7,post,0,5.51
996,android,7,post,0,5.9
997,android,7,post,0,6.83
998,android,7,post,0,7.15
999,android,7,post,0,7.13
1000,android,7,post,0,5.69
501,android,8,post,0,6.45
502,android,8,post,0,7.59
503,android,8,post,0,6.74
504,android,8,post,0,8.0
505,android,8,post,0,9.87
506,android,8,post,0,6.29
507,android,8,post,0,6.85
508,android,8,post,0,8.4
509,android,8,post,0,6.89
510,android,8,post,0,6.3
511,android,8,post,0,7.43
512,android,8,post,0,6.19
513,android,8,post,0,6.65
514,android,8,post,0,6.92
515,android,8,post,0,7.09
516,android,8,post,0,7.6
517,android,8,post,0,6.38
518,android,8,post,0,6.15
519,android,8,post,0,5.1
520,android,8,post,0,6.78
521,android,8,post,0,6.25
522,android,8,post,0,6.34
523,android,8,post,0,7.1
524,android,8,post,0,5.62
525,android,8,post,0,7.94
526,android,8,post,0,7.06
527,android,8,post,0,8.1
528,android,8,post,0,6.37
529,android,8,post,0,5.91
530,android,8,post,0,7.62
531,android,8,post,0,6.6
532,android,8,post,0,6.84
533,android,8,post,0,6.72
534,android,8,post,0,6.66
535,android,8,post,0,8.07
536,android,8,post,0,6.92
537,android,8,post,0,7.49
538,android,8,post,0,5.94
539,android,8,post,0,5.62
540,android,8,post,0,6.78
541,android,8,post,0,8.1
542,android,8,post,0,5.34
543,android,8,post,0,6.39
544,android,8,post,0,6.5
545,android,8,post,0,8.4
546,android,8,post,0,7.34
547,android,8,post,0,9.23
548,android,8,post,0,5.61
549,android,8,post,0,8.06
550,android,8,post,0,6.63
551,android,8,post,0,7.9
552,android,8,post,0,6.82
553,android,8,post,0,7.13
554,android,8,post,0,6.43
555,android,8,post,0,7.11
556,android,8,post,0,6.41
557,android,8,post,0,5.79
558,android,8,post,0,6.87
559,android,8,post,0,6.01
560,android,8,post,0,6.2
561,android,8,post,0,6.98
562,android,8,post,0,8.68
563,android,8,post,0,6.64
564,android,8,post,0,6.69
565,android,8,post,0,7.26
566,android,8,post,0,6.83
567,android,8,post,0,5.66
568,android,8,post,0,5.8
569,android,8,post,0,7.39
570,android,8,post,0,7.35
571,android,8,post,0,7.67
572,android,8,post,0,5.51
573,android,8,post,0,5.79
574,android,8,post,0,6.79
575,android,8,post,0,7.25
576,android,8,post,0,4.94
577,android,8,post,0,9.15
578,android,8,post,0,6.74
579,android,8,post,0,6.39
580,android,8,post,0,8.77
581,android,8,post,0,8.13
582,android,8,post,0,7.87
583,android,8,post,0,6.66
584,android,8,post,0,7.38
585,android,8,post,0,6.63
586,android,8,post,0,6.21
587,android,8,post,0,7.19
588,android,8,post,0,6.2
589,android,8,post,0,6.9
590,android,8,post,0,8.6
591,android,8,post,0,7.37
592,android,8,post,0,6.29
593,android,8,post,0,6.27
594,android,8,post,0,6.42
595,android,8,post,0,7.67
596,android,8,post,0,6.97
597,android,8,post,0,7.43
598,android,8,post,0,5.72
599,android,8,post,0,5.17
600,android,8,post,0,4.61
601,android,8,post,0,5.17
602,android,8,post,0,7.51
603,android,8,post,0,5.98
604,android,8,post,0,4.89
605,android,8,post,0,7.74
606,android,8,post,0,6.06
607,android,8,post,0,8.75
608,android,8,post,0,7.81
609,android,8,post,0,7.4
610,android,8,post,0,4.82
611,android,8,post,0,6.59
612,android,8,post,0,8.82
613,android,8,post,0,5.21
614,android,8,post,0,3.97
615,android,8,post,0,8.07
616,android,8,post,0,8.01
617,android,8,post,0,7.23
618,android,8,post,0,6.85
619,android,8,post,0,7.31
620,android,8,post,0,4.91
621,android,8,post,0,7.14
622,android,8,post,0,6.04
623,android,8,post,0,5.1
624,android,8,post,0,8.03
625,android,8,post,0,5.73
626,android,8,post,0,8.01
627,android,8,post,0,6.19
628,android,8,post,0,5.72
629,android,8,post,0,6.28
630,android,8,post,0,7.54
631,android,8,post,0,5.42
632,android,8,post,0,7.0
633,android,8,post,0,7.57
634,android,8,post,0,6.86
635,android,8,post,0,6.09
636,android,8,post,0,6.54
637,android,8,post,0,6.97
638,android,8,post,0,7.29
639,android,8,post,0,8.11
640,android,8,post,0,6.73
641,android,8,post,0,8.91
642,android,8,post,0,4.11
643,android,8,post,0,6.66
644,android,8,post,0,6.26
645,android,8,post,0,5.73
646,android,8,post,0,8.13
647,android,8,post,0,7.17
648,android,8,post,0,6.76
649,android,8,post,0,7.98
650,android,8,post,0,5.77
651,android,8,post,0,6.85
652,android,8,post,0,5.99
653,android,8,post,0,6.33
654,android,8,post,0,6.73
655,android,8,post,0,8.18
656,android,8,post,0,8.27
657,android,8,post,0,8.01
658,android,8,post,0,6.71
659,android,8,post,0,5.94
660,android,8,post,0,5.41
661,android,8,post,0,5.16
662,android,8,post,0,7.78
663,android,8,post,0,6.75
664,android,8,post,0,7.54
665,android,8,post,0,7.84
666,android,8,post,0,8.12
667,android,8,post,0,8.15
668,android,8,post,0,7.01
669,android,8,post,0,6.0
670,android,8,post,0,5.72
671,android,8,post,0,6.19
672,android,8,post,0,5.19
673,android,8,post,0,5.74
674,android,8,post,0,7.51
675,android,8,post,0,8.6
676,android,8,post,0,7.4
677,android,8,post,0,8.02
678,android,8,post,0,6.56
679,android,8,post,0,7.28
680,android,8,post,0,7.71
681,android,8,post,0,8.64
682,android,8,post,0,7.36
683,android,8,post,0,6.21
684,android,8,post,0,5.92
685,android,8,post,0,7.29
686,android,8,post,0,6.92
687,android,8,post,0,5.87
688,android,8,post,0,7.54
689,android,8,post,0,7.21
690,android,8,post,0,6.46
691,android,8,post,0,8.52
692,android,8,post,0,7.05
693,android,8,post,0,5.57
694,android,8,post,0,6.36
695,android,8,post,0,7.46
696,android,8,post,0,7.12
697,android,8,post,0,9.05
698,android,8,post,0,5.97
699,android,8,post,0,8.64
700,android,8,post,0,7.39
701,android,8,post,0,5.73
702,android,8,post,0,7.85
703,android,8,post,0,6.82
704,android,8,post,0,7.47
705,android,8,post,0,5.8
706,android,8,post,0,8.46
707,android,8,post,0,5.54
708,android,8,post,0,7.88
709,android,8,post,0,9.0
710,android,8,post,0,5.99
711,android,8,post,0,10.52
712,android,8,post,0,7.39
713,android,8,post,0,7.62
714,android,8,post,0,6.85
715,android,8,post,0,6.75
716,android,8,post,0,6.08
717,android,8,post,0,8.38
718,android,8,post,0,7.34
719,android,8,post,0,8.39
720,android,8,post,0,6.89
721,android,8,post,0,6.71
722,android,8,post,0,6.02
723,android,8,post,0,5.91
724,android,8,post,0,5.66
725,android,8,post,0,7.15
726,android,8,post,0,6.85
727,android,8,post,0,6.59
728,android,8,post,0,6.28
729,android,8,post,0,4.78
730,android,8,post,0,8.85
731,android,8,post,0,4.77
732,android,8,post,0,8.87
733,android,8,post,0,6.33
734,android,8,post,0,7.42
735,android,8,post,0,7.81
736,android,8,post,0,7.62
737,android,8,post,0,7.22
738,android,8,post,0,9.48
739,android,8,post,0,6.36
740,android,8,post,0,7.04
741,android,8,post,0,5.82
742,android,8,post,0,7.85
743,android,8,post,0,6.02
744,android,8,post,0,6.79
745,android,8,post,0,6.37
746,android,8,post,0,8.41
747,android,8,post,0,6.81
748,android,8,post,0,10.3
749,android,8,post,0,8.03
750,android,8,post,0,6.68
751,android,8,post,0,8.25
752,android,8,post,0,4.65
753,android,8,post,0,7.69
754,android,8,post,0,9.34
755,android,8,post,0,4.07
756,android,8,post,0,5.2
757,android,8,post,0,8.07
758,android,8,post,0,4.78
759,android,8,post,0,7.25
760,android,8,post,0,8.05
761,android,8,post,0,9.07
762,android,8,post,0,5.6
763,android,8,post,0,5.81
764,android,8,post,0,6.65
765,android,8,post,0,6.15
766,android,8,post,0,7.19
767,android,8,post,0,7.67
768,android,8,post,0,7.62
769,android,8,post,0,7.63
770,android,8,post,0,7.04
771,android,8,post,0,7.55
772,android,8,post,0,8.71
773,android,8,post,0,6.31
774,android,8,post,0,9.15
775,android,8,post,0,5.74
776,android,8,post,0,6.91
777,android,8,post,0,7.61
778,android,8,post,0,6.48
779,android,8,post,0,5.43
780,android,8,post,0,6.62
781,android,8,post,0,6.84
782,android,8,post,0,6.47
783,android,8,post,0,8.67
784,android,8,post,0,6.75
785,android,8,post,0,6.52
786,android,8,post,0,6.4
787,android,8,post,0,6.92
788,android,8,post,0,8.49
789,android,8,post,0,6.15
790,android,8,post,0,8.62
791,android,8,post,0,6.97
792,android,8,post,0,7.97
793,android,8,post,0,6.18
794,android,8,post,0,6.68
795,android,8,post,0,6.47
796,android,8,post,0,9.03
797,android,8,post,0,8.54
798,android,8,post,0,6.76
799,android,8,post,0,8.12
800,android,8,post,0,6.54
801,android,8,post,0,7.46
802,android,8,post,0,3.63
803,android,8,post,0,6.42
804,android,8,post,0,6.26
805,android,8,post,0,6.14
806,android,8,post,0,5.63
807,android,8,post,0,6.24
808,android,8,post,0,7.84
809,android,8,post,0,7.42
810,android,8,post,0,6.56
811,android,8,post,0,6.02
812,android,8,post,0,6.71
813,android,8,post,0,6.78
814,android,8,post,0,5.83
815,android,8,post,0,8.06
816,android,8,post,0,9.61
817,android,8,post,0,7.31
818,android,8,post,0,8.02
819,android,8,post,0,6.09
820,android,8,post,0,6.27
821,android,8,post,0,6.97
822,android,8,post,0,3.91
823,android,8,post,0,6.17
824,android,8,post,0,6.68
825,android,8,post,0,9.48
826,android,8,post,0,8.06
827,android,8,post,0,5.11
828,android,8,post,0,5.93
829,android,8,post,0,6.85
830,android,8,post,0,5.75
831,android,8,post,0,5.97
832,android,8,post,0,5.37
833,android,8,post,0,6.65
834,android,8,post,0,6.43
835,android,8,post,0,7.59
836,android,8,post,0,6.06
837,android,8,post,0,6.76
838,android,8,post,0,6.59
839,android,8,post,0,8.05
840,android,8,post,0,8.18
841,android,8,post,0,7.08
842,android,8,post,0,6.69
843,android,8,post,0,6.87
844,android,8,post,0,7.87
845,android,8,post,0,7.03
846,android,8,post,0,6.13
847,android,8,post,0,7.27
848,android,8,post,0,7.24
849,android,8,post,0,8.37
850,android,8,post,0,4.96
851,android,8,post,0,6.14
852,android,8,post,0,10.27
853,android,8,post,0,6.79
854,android,8,post,0,6.67
855,android,8,post,0,7.89
856,android,8,post,0,7.93
857,android,8,post,0,6.78
858,android,8,post,0,8.23
859,android,8,post,0,8.62
860,android,8,post,0,8.46
861,android,8,post,0,7.86
862,android,8,post,0,8.89
863,android,8,post,0,6.9
864,android,8,post,0,6.92
865,android,8,post,0,7.45
866,android,8,post,0,5.77
867,android,8,post,0,6.8
868,android,8,post,0,6.36
869,android,8,post,0,5.8
870,android,8,post,0,6.78
871,android,8,post,0,6.84
872,android,8,post,0,8.9
873,android,8,post,0,6.08
874,android,8,post,0,5.16
875,android,8,post,0,7.72
876,android,8,post,0,6.25
877,android,8,post,0,6.13
878,android,8,post,0,5.92
879,android,8,post,0,7.41
880,android,8,post,0,5.89
881,android,8,post,0,7.97
882,android,8,post,0,5.75
883,android,8,post,0,7.24
884,android,8,post,0,5.86
885,android,8,post,0,5.61
886,android,8,post,0,9.3
887,android,8,post,0,8.03
888,android,8,post,0,6.76
889,android,8,post,0,7.83
890,android,8,post,0,5.11
891,android,8,post,0,9.07
892,android,8,post,0,7.55
893,android,8,post,0,6.7
894,android,8,post,0,7.11
895,android,8,post,0,6.14
896,android,8,post,0,8.28
897,android,8,post,0,7.27
898,android,8,post,0,5.97
899,android,8,post,0,6.86
900,android,8,post,0,7.17
901,android,8,post,0,7.11
902,android,8,post,0,6.17
903,android,8,post,0,6.75
904,android,8,post,0,7.4
905,android,8,post,0,7.06
906,android,8,post,0,7.41
907,android,8,post,0,8.06
908,android,8,post,0,6.54
909,android,8,post,0,5.52
910,android,8,post,0,5.4
911,android,8,post,0,8.49
912,android,8,post,0,6.01
913,android,8,post,0,6.48
914,android,8,post,0,8.08
915,android,8,post,0,7.68
916,android,8,post,0,6.31
917,android,8,post,0,7.37
918,android,8,post,0,7.74
919,android,8,post,0,5.88
920,android,8,post,0,7.13
921,android,8,post,0,6.99
922,android,8,post,0,7.4
923,android,8,post,0,7.41
924,android,8,post,0,6.7
925,android,8,post,0,6.87
926,android,8,post,0,6.18
927,android,8,post,0,8.59
928,android,8,post,0,7.95
929,android,8,post,0,8.53
930,android,8,post,0,6.46
931,android,8,post,0,8.79
932,android,8,post,0,8.34
933,android,8,post,0,7.56
934,android,8,post,0,5.43
935,android,8,post,0,7.34
936,android,8,post,0,6.56
937,android,8,post,0,6.37
938,android,8,post,0,7.89
939,android,8,post,0,8.25
940,android,8,post,0,6.86
941,android,8,post,0,5.0
942,android,8,post,0,6.47
943,android,8,post,0,6.25
944,android,8,post,0,6.64
945,android,8,post,0,6.83
946,android,8,post,0,6.09
947,android,8,post,0,7.22
948,android,8,post,0,9.02
949,android,8,post,0,6.98
950,android,8,post,0,7.43
951,android,8,post,0,7.65
952,android,8,post,0,6.49
953,android,8,post,0,5.0
954,android,8,post,0,8.53
955,android,8,post,0,6.05
956,android,8,post,0,6.43
957,android,8,post,0,7.34
958,android,8,post,0,8.68
959,android,8,post,0,8.45
960,android,8,post,0,6.8
961,android,8,post,0,9.54
962,android,8,post,0,8.29
963,android,8,post,0,7.7
964,android,8,post,0,7.1
965,android,8,post,0,7.19
966,android,8,post,0,6.85
967,android,8,post,0,4.87
968,android,8,post,0,6.93
969,android,8,post,0,7.53
970,android,8,post,0,6.3
971,android,8,post,0,6.83
972,android,8,post,0,6.21
973,android,8,post,0,8.03
974,android,8,post,0,7.66
975,android,8,post,0,7.45
976,android,8,post,0,6.42
977,android,8,post,0,5.08
978,android,8,post,0,7.93
979,android,8,post,0,8.36
980,android,8,post,0,5.66
981,android,8,post,0,9.34
982,android,8,post,0,8.32
983,android,8,post,0,8.13
984,android,8,post,0,5.86
985,android,8,post,0,8.38
986,android,8,post,0,7.67
987,android,8,post,0,6.44
988,android,8,post,0,7.12
989,android,8,post,0,8.76
990,android,8,post,0,8.35
991,android,8,post,0,7.11
992,android,8,post,0,6.46
993,android,8,post,0,6.55
994,android,8,post,0,6.56
995,android,8,post,0,7.06
996,android,8,post,0,7.14
997,android,8,post,0,6.34
998,android,8,post,0,6.84
999,android,8,post,0,7.03
1000,android,8,post,0,7.52
