unit_id,platform,week,period,treated,outcome
1,ios,1,pre,1,6.27
2,ios,1,pre,1,3.56
3,ios,1,pre,1,3.54
4,ios,1,pre,1,4.5
5,ios,1,pre,1,5.31
6,ios,1,pre,1,6.53
7,ios,1,pre,1,4.56
8,ios,1,pre,1,4.81
9,ios,1,pre,1,3.76
10,ios,1,pre,1,3.01
11,ios,1,pre,1,5.29
12,ios,1,pre,1,3.97
13,ios,1,pre,1,2.87
14,ios,1,pre,1,4.06
15,ios,1,pre,1,6.19
16,ios,1,pre,1,3.69
17,ios,1,pre,1,6.46
18,ios,1,pre,1,5.63
19,ios,1,pre,1,4.38
20,ios,1,pre,1,3.07
21,ios,1,pre,1,4.33
22,ios,1,pre,1,3.8
23,ios,1,pre,1,4.25
24,ios,1,pre,1,3.95
25,ios,1,pre,1,8.38
26,ios,1,pre,1,2.33
27,ios,1,pre,1,5.57
28,ios,1,pre,1,3.91
29,ios,1,pre,1,2.57
30,ios,1,pre,1,5.16
31,ios,1,pre,1,6.15
32,ios,1,pre,1,3.85
33,ios,1,pre,1,5.55
34,ios,1,pre,1,3.82
35,ios,1,pre,1,4.71
36,ios,1,pre,1,5.84
37,ios,1,pre,1,4.24
38,ios,1,pre,1,3.77
39,ios,1,pre,1,3.34
40,ios,1,pre,1,3.4
41,ios,1,pre,1,5.5
42,ios,1,pre,1,2.51
43,ios,1,pre,1,2.07
44,ios,1,pre,1,3.25
45,ios,1,pre,1,3.33
46,ios,1,pre,1,4.96
47,ios,1,pre,1,6.21
48,ios,1,pre,1,3.34
49,ios,1,pre,1,3.63
50,ios,1,pre,1,5.92
51,ios,1,pre,1,5.11
52,ios,1,pre,1,5.56
53,ios,1,pre,1,5.9
54,ios,1,pre,1,5.05
55,ios,1,pre,1,3.82
56,ios,1,pre,1,6.04
57,ios,1,pre,1,3.16
58,ios,1,pre,1,3.46
59,ios,1,pre,1,5.23
60,ios,1,pre,1,2.73
61,ios,1,pre,1,5.72
62,ios,1,pre,1,4.43
63,ios,1,pre,1,5.13
64,ios,1,pre,1,3.07
65,ios,1,pre,1,5.19
66,ios,1,pre,1,3.41
67,ios,1,pre,1,4.72
68,ios,1,pre,1,5.98
69,ios,1,pre,1,5.75
70,ios,1,pre,1,4.94
71,ios,1,pre,1,6.13
72,ios,1,pre,1,5.08
73,ios,1,pre,1,4.28
74,ios,1,pre,1,3.15
75,ios,1,pre,1,3.68
76,ios,1,pre,1,4.67
77,ios,1,pre,1,3.22
78,ios,1,pre,1,4.61
79,ios,1,pre,1,4.14
80,ios,1,pre,1,4.42
81,ios,1,pre,1,3.06
82,ios,1,pre,1,4.87
83,ios,1,pre,1,4.86
84,ios,1,pre,1,4.43
85,ios,1,pre,1,1.71
86,ios,1,pre,1,4.25
87,ios,1,pre,1,3.79
88,ios,1,pre,1,5.18
89,ios,1,pre,1,2.77
90,ios,1,pre,1,4.7
91,ios,1,pre,1,2.95
92,ios,1,pre,1,4.67
93,ios,1,pre,1,4.75
94,ios,1,pre,1,3.57
95,ios,1,pre,1,4.4
96,ios,1,pre,1,3.67
97,ios,1,pre,1,3.5
98,ios,1,pre,1,3.0
99,ios,1,pre,1,5.97
100,ios,1,pre,1,4.72
101,ios,1,pre,1,3.65
102,ios,1,pre,1,4.45
103,ios,1,pre,1,7.57
104,ios,1,pre,1,4.21
105,ios,1,pre,1,5.58
106,ios,1,pre,1,5.25
107,ios,1,pre,1,5.83
108,ios,1,pre,1,4.37
109,ios,1,pre,1,3.99
110,ios,1,pre,1,5.51
111,ios,1,pre,1,5.31
112,ios,1,pre,1,3.84
113,ios,1,pre,1,2.52
114,ios,1,pre,1,4.48
115,ios,1,pre,1,2.24
116,ios,1,pre,1,2.42
117,ios,1,pre,1,2.86
118,ios,1,pre,1,4.99
119,ios,1,pre,1,3.87
120,ios,1,pre,1,2.16
121,ios,1,pre,1,4.67
122,ios,1,pre,1,5.38
123,ios,1,pre,1,3.52
124,ios,1,pre,1,3.74
125,ios,1,pre,1,4.5
126,ios,1,pre,1,6.93
127,ios,1,pre,1,4.81
128,ios,1,pre,1,5.35
129,ios,1,pre,1,4.72
130,ios,1,pre,1,2.01
131,ios,1,pre,1,4.72
132,ios,1,pre,1,3.88
133,ios,1,pre,1,3.49
134,ios,1,pre,1,3.08
135,ios,1,pre,1,5.41
136,ios,1,pre,1,4.01
137,ios,1,pre,1,5.9
138,ios,1,pre,1,4.06
139,ios,1,pre,1,3.37
140,ios,1,pre,1,2.84
141,ios,1,pre,1,6.6
142,ios,1,pre,1,6.59
143,ios,1,pre,1,6.91
144,ios,1,pre,1,4.19
145,ios,1,pre,1,3.27
146,ios,1,pre,1,2.87
147,ios,1,pre,1,4.43
148,ios,1,pre,1,3.82
149,ios,1,pre,1,4.58
150,ios,1,pre,1,2.91
151,ios,1,pre,1,5.11
152,ios,1,pre,1,4.93
153,ios,1,pre,1,6.75
154,ios,1,pre,1,4.96
155,ios,1,pre,1,3.59
156,ios,1,pre,1,6.9
157,ios,1,pre,1,4.27
158,ios,1,pre,1,4.49
159,ios,1,pre,1,5.62
160,ios,1,pre,1,2.53
161,ios,1,pre,1,6.3
162,ios,1,pre,1,5.18
163,ios,1,pre,1,6.58
164,ios,1,pre,1,5.36
165,ios,1,pre,1,6.33
166,ios,1,pre,1,4.26
167,ios,1,pre,1,3.09
168,ios,1,pre,1,5.35
169,ios,1,pre,1,6.19
170,ios,1,pre,1,4.22
171,ios,1,pre,1,5.44
172,ios,1,pre,1,5.04
173,ios,1,pre,1,5.1
174,ios,1,pre,1,3.46
175,ios,1,pre,1,3.91
176,ios,1,pre,1,3.24
177,ios,1,pre,1,5.4
178,ios,1,pre,1,5.85
179,ios,1,pre,1,2.84
180,ios,1,pre,1,6.26
181,ios,1,pre,1,3.35
182,ios,1,pre,1,3.17
183,ios,1,pre,1,4.07
184,ios,1,pre,1,3.15
185,ios,1,pre,1,3.48
186,ios,1,pre,1,3.55
187,ios,1,pre,1,6.2
188,ios,1,pre,1,5.12
189,ios,1,pre,1,4.8
190,ios,1,pre,1,5.6
191,ios,1,pre,1,3.3
192,ios,1,pre,1,5.48
193,ios,1,pre,1,5.71
194,ios,1,pre,1,4.2
195,ios,1,pre,1,1.25
196,ios,1,pre,1,2.86
197,ios,1,pre,1,5.54
198,ios,1,pre,1,4.62
199,ios,1,pre,1,2.89
200,ios,1,pre,1,3.78
201,ios,1,pre,1,2.65
202,ios,1,pre,1,5.89
203,ios,1,pre,1,5.2
204,ios,1,pre,1,5.58
205,ios,1,pre,1,4.12
206,ios,1,pre,1,3.47
207,ios,1,pre,1,5.84
208,ios,1,pre,1,4.07
209,ios,1,pre,1,3.42
210,ios,1,pre,1,2.94
211,ios,1,pre,1,4.94
212,ios,1,pre,1,5.32
213,ios,1,pre,1,5.63
214,ios,1,pre,1,2.61
215,ios,1,pre,1,2.39
216,ios,1,pre,1,5.05
217,ios,1,pre,1,3.05
218,ios,1,pre,1,5.54
219,ios,1,pre,1,4.25
220,ios,1,pre,1,3.71
221,ios,1,pre,1,3.98
222,ios,1,pre,1,5.62
223,ios,1,pre,1,3.15
224,ios,1,pre,1,3.89
225,ios,1,pre,1,5.77
226,ios,1,pre,1,5.04
227,ios,1,pre,1,5.81
228,ios,1,pre,1,5.12
229,ios,1,pre,1,5.71
230,ios,1,pre,1,5.77
231,ios,1,pre,1,5.25
232,ios,1,pre,1,5.51
233,ios,1,pre,1,4.42
234,ios,1,pre,1,7.13
235,ios,1,pre,1,5.33
236,ios,1,pre,1,4.15
237,ios,1,pre,1,2.87
238,ios,1,pre,1,4.02
239,ios,1,pre,1,4.42
240,ios,1,pre,1,5.72
241,ios,1,pre,1,4.81
242,ios,1,pre,1,5.7
243,ios,1,pre,1,4.24
244,ios,1,pre,1,4.69
245,ios,1,pre,1,4.0
246,ios,1,pre,1,6.71
247,ios,1,pre,1,3.32
248,ios,1,pre,1,3.47
249,ios,1,pre,1,3.32
250,ios,1,pre,1,5.54
251,ios,1,pre,1,3.93
252,ios,1,pre,1,5.19
253,ios,1,pre,1,5.13
254,ios,1,pre,1,3.48
255,ios,1,pre,1,4.59
256,ios,1,pre,1,2.77
257,ios,1,pre,1,2.65
258,ios,1,pre,1,2.04
259,ios,1,pre,1,4.67
260,ios,1,pre,1,5.69
261,ios,1,pre,1,5.27
262,ios,1,pre,1,4.19
263,ios,1,pre,1,3.54
264,ios,1,pre,1,3.26
265,ios,1,pre,1,4.58
266,ios,1,pre,1,5.46
267,ios,1,pre,1,4.71
268,ios,1,pre,1,5.13
269,ios,1,pre,1,6.97
270,ios,1,pre,1,4.51
271,ios,1,pre,1,3.56
272,ios,1,pre,1,3.49
273,ios,1,pre,1,6.59
274,ios,1,pre,1,4.03
275,ios,1,pre,1,3.97
276,ios,1,pre,1,4.35
277,ios,1,pre,1,2.64
278,ios,1,pre,1,5.18
279,ios,1,pre,1,2.92
280,ios,1,pre,1,4.62
281,ios,1,pre,1,3.82
282,ios,1,pre,1,6.52
283,ios,1,pre,1,4.61
284,ios,1,pre,1,4.41
285,ios,1,pre,1,6.24
286,ios,1,pre,1,5.92
287,ios,1,pre,1,5.35
288,ios,1,pre,1,3.89
289,ios,1,pre,1,5.17
290,ios,1,pre,1,3.09
291,ios,1,pre,1,3.48
292,ios,1,pre,1,2.51
293,ios,1,pre,1,3.94
294,ios,1,pre,1,6.0
295,ios,1,pre,1,5.86
296,ios,1,pre,1,6.31
297,ios,1,pre,1,2.98
298,ios,1,pre,1,4.52
299,ios,1,pre,1,4.81
300,ios,1,pre,1,3.95
301,ios,1,pre,1,5.67
302,ios,1,pre,1,3.17
303,ios,1,pre,1,3.81
304,ios,1,pre,1,5.0
305,ios,1,pre,1,3.67
306,ios,1,pre,1,5.57
307,ios,1,pre,1,4.43
308,ios,1,pre,1,3.58
309,ios,1,pre,1,2.72
310,ios,1,pre,1,4.18
311,ios,1,pre,1,4.58
312,ios,1,pre,1,5.2
313,ios,1,pre,1,3.87
314,ios,1,pre,1,1.98
315,ios,1,pre,1,4.93
316,ios,1,pre,1,3.31
317,ios,1,pre,1,7.81
318,ios,1,pre,1,4.63
319,ios,1,pre,1,3.59
320,ios,1,pre,1,4.69
321,ios,1,pre,1,5.13
322,ios,1,pre,1,4.93
323,ios,1,pre,1,5.26
324,ios,1,pre,1,5.29
325,ios,1,pre,1,3.75
326,ios,1,pre,1,6.09
327,ios,1,pre,1,3.99
328,ios,1,pre,1,5.42
329,ios,1,pre,1,5.26
330,ios,1,pre,1,4.31
331,ios,1,pre,1,6.25
332,ios,1,pre,1,3.61
333,ios,1,pre,1,4.96
334,ios,1,pre,1,5.11
335,ios,1,pre,1,5.93
336,ios,1,pre,1,4.28
337,ios,1,pre,1,5.11
338,ios,1,pre,1,3.78
339,ios,1,pre,1,5.08
340,ios,1,pre,1,4.17
341,ios,1,pre,1,5.05
342,ios,1,pre,1,2.52
343,ios,1,pre,1,3.97
344,ios,1,pre,1,5.86
345,ios,1,pre,1,4.8
346,ios,1,pre,1,3.47
347,ios,1,pre,1,5.16
348,ios,1,pre,1,3.77
349,ios,1,pre,1,3.92
350,ios,1,pre,1,6.44
351,ios,1,pre,1,2.42
352,ios,1,pre,1,5.05
353,ios,1,pre,1,5.22
354,ios,1,pre,1,5.26
355,ios,1,pre,1,4.7
356,ios,1,pre,1,4.45
357,ios,1,pre,1,4.39
358,ios,1,pre,1,5.3
359,ios,1,pre,1,2.72
360,ios,1,pre,1,3.98
361,ios,1,pre,1,4.86
362,ios,1,pre,1,3.27
363,ios,1,pre,1,4.16
364,ios,1,pre,1,4.02
365,ios,1,pre,1,3.87
366,ios,1,pre,1,4.09
367,ios,1,pre,1,4.48
368,ios,1,pre,1,3.12
369,ios,1,pre,1,4.59
370,ios,1,pre,1,6.07
371,ios,1,pre,1,2.34
372,ios,1,pre,1,4.71
373,ios,1,pre,1,4.43
374,ios,1,pre,1,5.27
375,ios,1,pre,1,2.8
376,ios,1,pre,1,4.22
377,ios,1,pre,1,6.63
378,ios,1,pre,1,2.96
379,ios,1,pre,1,4.31
380,ios,1,pre,1,5.61
381,ios,1,pre,1,3.76
382,ios,1,pre,1,3.94
383,ios,1,pre,1,5.87
384,ios,1,pre,1,5.36
385,ios,1,pre,1,3.05
386,ios,1,pre,1,2.63
387,ios,1,pre,1,4.5
388,ios,1,pre,1,4.02
389,ios,1,pre,1,3.75
390,ios,1,pre,1,4.5
391,ios,1,pre,1,4.69
392,ios,1,pre,1,4.12
393,ios,1,pre,1,4.24
394,ios,1,pre,1,5.19
395,ios,1,pre,1,3.42
396,ios,1,pre,1,5.85
397,ios,1,pre,1,5.07
398,ios,1,pre,1,3.82
399,ios,1,pre,1,3.57
400,ios,1,pre,1,4.33
401,ios,1,pre,1,5.56
402,ios,1,pre,1,7.29
403,ios,1,pre,1,3.99
404,ios,1,pre,1,5.23
405,ios,1,pre,1,4.73
406,ios,1,pre,1,5.48
407,ios,1,pre,1,3.38
408,ios,1,pre,1,2.24
409,ios,1,pre,1,3.41
410,ios,1,pre,1,3.9
411,ios,1,pre,1,3.47
412,ios,1,pre,1,4.1
413,ios,1,pre,1,4.55
414,ios,1,pre,1,2.7
415,ios,1,pre,1,4.57
416,ios,1,pre,1,5.19
417,ios,1,pre,1,4.8
418,ios,1,pre,1,3.57
419,ios,1,pre,1,4.67
420,ios,1,pre,1,3.79
421,ios,1,pre,1,2.85
422,ios,1,pre,1,5.43
423,ios,1,pre,1,4.06
424,ios,1,pre,1,4.12
425,ios,1,pre,1,3.1
426,ios,1,pre,1,4.98
427,ios,1,pre,1,2.62
428,ios,1,pre,1,3.03
429,ios,1,pre,1,4.07
430,ios,1,pre,1,3.1
431,ios,1,pre,1,4.98
432,ios,1,pre,1,3.52
433,ios,1,pre,1,6.42
434,ios,1,pre,1,6.67
435,ios,1,pre,1,3.98
436,ios,1,pre,1,4.67
437,ios,1,pre,1,2.9
438,ios,1,pre,1,4.21
439,ios,1,pre,1,5.01
440,ios,1,pre,1,4.25
441,ios,1,pre,1,1.61
442,ios,1,pre,1,5.72
443,ios,1,pre,1,4.18
444,ios,1,pre,1,4.58
445,ios,1,pre,1,4.22
446,ios,1,pre,1,7.94
447,ios,1,pre,1,3.18
448,ios,1,pre,1,5.39
449,ios,1,pre,1,3.28
450,ios,1,pre,1,3.16
451,ios,1,pre,1,4.99
452,ios,1,pre,1,6.2
453,ios,1,pre,1,4.85
454,ios,1,pre,1,5.26
455,ios,1,pre,1,5.11
456,ios,1,pre,1,3.05
457,ios,1,pre,1,2.15
458,ios,1,pre,1,1.14
459,ios,1,pre,1,4.06
460,ios,1,pre,1,4.4
461,ios,1,pre,1,1.37
462,ios,1,pre,1,5.41
463,ios,1,pre,1,2.98
464,ios,1,pre,1,6.49
465,ios,1,pre,1,5.43
466,ios,1,pre,1,3.87
467,ios,1,pre,1,3.26
468,ios,1,pre,1,3.8
469,ios,1,pre,1,4.2
470,ios,1,pre,1,5.64
471,ios,1,pre,1,3.79
472,ios,1,pre,1,4.64
473,ios,1,pre,1,4.14
474,ios,1,pre,1,2.37
475,ios,1,pre,1,4.18
476,ios,1,pre,1,5.53
477,ios,1,pre,1,6.14
478,ios,1,pre,1,4.92
479,ios,1,pre,1,4.74
480,ios,1,pre,1,4.39
481,ios,1,pre,1,2.19
482,ios,1,pre,1,4.0
483,ios,1,pre,1,2.08
484,ios,1,pre,1,4.71
485,ios,1,pre,1,4.38
486,ios,1,pre,1,4.78
487,ios,1,pre,1,5.5
488,ios,1,pre,1,4.56
489,ios,1,pre,1,3.28
490,ios,1,pre,1,5.01
491,ios,1,pre,1,2.67
492,ios,1,pre,1,7.87
493,ios,1,pre,1,3.85
494,ios,1,pre,1,5.92
495,ios,1,pre,1,7.56
496,ios,1,pre,1,2.25
497,ios,1,pre,1,6.33
498,ios,1,pre,1,5.07
499,ios,1,pre,1,4.84
500,ios,1,pre,1,3.41
1,ios,2,pre,1,4.62
2,ios,2,pre,1,2.33
3,ios,2,pre,1,7.0
4,ios,2,pre,1,3.68
5,ios,2,pre,1,6.51
6,ios,2,pre,1,5.38
7,ios,2,pre,1,5.17
8,ios,2,pre,1,3.51
9,ios,2,pre,1,5.01
10,ios,2,pre,1,5.69
11,ios,2,pre,1,4.03
12,ios,2,pre,1,5.82
13,ios,2,pre,1,5.28
14,ios,2,pre,1,3.61
15,ios,2,pre,1,5.09
16,ios,2,pre,1,4.5
17,ios,2,pre,1,5.73
18,ios,2,pre,1,4.49
19,ios,2,pre,1,3.73
20,ios,2,pre,1,3.43
21,ios,2,pre,1,5.17
22,ios,2,pre,1,3.38
23,ios,2,pre,1,4.54
24,ios,2,pre,1,5.63
25,ios,2,pre,1,7.49
26,ios,2,pre,1,5.47
27,ios,2,pre,1,4.33
28,ios,2,pre,1,4.93
29,ios,2,pre,1,4.59
30,ios,2,pre,1,4.78
31,ios,2,pre,1,4.85
32,ios,2,pre,1,5.69
33,ios,2,pre,1,5.5
34,ios,2,pre,1,4.98
35,ios,2,pre,1,4.87
36,ios,2,pre,1,2.84
37,ios,2,pre,1,6.35
38,ios,2,pre,1,5.51
39,ios,2,pre,1,4.93
40,ios,2,pre,1,3.27
41,ios,2,pre,1,5.35
42,ios,2,pre,1,5.78
43,ios,2,pre,1,4.82
44,ios,2,pre,1,3.67
45,ios,2,pre,1,5.34
46,ios,2,pre,1,4.53
47,ios,2,pre,1,5.01
48,ios,2,pre,1,6.46
49,ios,2,pre,1,4.5
50,ios,2,pre,1,4.06
51,ios,2,pre,1,5.44
52,ios,2,pre,1,3.71
53,ios,2,pre,1,5.48
54,ios,2,pre,1,7.17
55,ios,2,pre,1,3.62
56,ios,2,pre,1,5.22
57,ios,2,pre,1,3.34
58,ios,2,pre,1,4.49
59,ios,2,pre,1,4.17
60,ios,2,pre,1,5.37
61,ios,2,pre,1,5.07
62,ios,2,pre,1,6.39
63,ios,2,pre,1,5.09
64,ios,2,pre,1,3.61
65,ios,2,pre,1,4.11
66,ios,2,pre,1,4.34
67,ios,2,pre,1,4.34
68,ios,2,pre,1,7.41
69,ios,2,pre,1,4.74
70,ios,2,pre,1,6.66
71,ios,2,pre,1,7.29
72,ios,2,pre,1,4.99
73,ios,2,pre,1,5.61
74,ios,2,pre,1,5.96
75,ios,2,pre,1,4.97
76,ios,2,pre,1,5.49
77,ios,2,pre,1,5.01
78,ios,2,pre,1,4.19
79,ios,2,pre,1,4.88
80,ios,2,pre,1,4.93
81,ios,2,pre,1,4.53
82,ios,2,pre,1,3.83
83,ios,2,pre,1,5.77
84,ios,2,pre,1,5.14
85,ios,2,pre,1,5.6
86,ios,2,pre,1,5.38
87,ios,2,pre,1,6.27
88,ios,2,pre,1,5.05
89,ios,2,pre,1,5.73
90,ios,2,pre,1,5.55
91,ios,2,pre,1,4.96
92,ios,2,pre,1,4.44
93,ios,2,pre,1,5.3
94,ios,2,pre,1,5.04
95,ios,2,pre,1,6.44
96,ios,2,pre,1,6.27
97,ios,2,pre,1,6.5
98,ios,2,pre,1,6.45
99,ios,2,pre,1,5.92
100,ios,2,pre,1,5.2
101,ios,2,pre,1,3.51
102,ios,2,pre,1,4.25
103,ios,2,pre,1,5.98
104,ios,2,pre,1,5.51
105,ios,2,pre,1,4.92
106,ios,2,pre,1,5.56
107,ios,2,pre,1,7.18
108,ios,2,pre,1,4.14
109,ios,2,pre,1,3.95
110,ios,2,pre,1,5.4
111,ios,2,pre,1,6.04
112,ios,2,pre,1,5.3
113,ios,2,pre,1,3.21
114,ios,2,pre,1,4.61
115,ios,2,pre,1,3.03
116,ios,2,pre,1,4.61
117,ios,2,pre,1,4.55
118,ios,2,pre,1,4.29
119,ios,2,pre,1,5.88
120,ios,2,pre,1,3.5
121,ios,2,pre,1,3.02
122,ios,2,pre,1,4.91
123,ios,2,pre,1,4.58
124,ios,2,pre,1,7.08
125,ios,2,pre,1,5.77
126,ios,2,pre,1,3.71
127,ios,2,pre,1,4.45
128,ios,2,pre,1,3.09
129,ios,2,pre,1,3.42
130,ios,2,pre,1,3.2
131,ios,2,pre,1,5.75
132,ios,2,pre,1,5.06
133,ios,2,pre,1,5.35
134,ios,2,pre,1,2.63
135,ios,2,pre,1,3.13
136,ios,2,pre,1,3.7
137,ios,2,pre,1,4.48
138,ios,2,pre,1,4.36
139,ios,2,pre,1,2.91
140,ios,2,pre,1,6.73
141,ios,2,pre,1,6.49
142,ios,2,pre,1,5.7
143,ios,2,pre,1,4.92
144,ios,2,pre,1,5.43
145,ios,2,pre,1,6.44
146,ios,2,pre,1,3.33
147,ios,2,pre,1,6.42
148,ios,2,pre,1,5.86
149,ios,2,pre,1,5.28
150,ios,2,pre,1,4.48
151,ios,2,pre,1,4.66
152,ios,2,pre,1,2.9
153,ios,2,pre,1,6.06
154,ios,2,pre,1,3.55
155,ios,2,pre,1,2.96
156,ios,2,pre,1,5.65
157,ios,2,pre,1,5.59
158,ios,2,pre,1,5.0
159,ios,2,pre,1,7.21
160,ios,2,pre,1,6.51
161,ios,2,pre,1,4.09
162,ios,2,pre,1,6.15
163,ios,2,pre,1,5.9
164,ios,2,pre,1,5.22
165,ios,2,pre,1,5.22
166,ios,2,pre,1,5.35
167,ios,2,pre,1,4.92
168,ios,2,pre,1,4.68
169,ios,2,pre,1,4.95
170,ios,2,pre,1,5.38
171,ios,2,pre,1,5.41
172,ios,2,pre,1,4.2
173,ios,2,pre,1,5.43
174,ios,2,pre,1,5.86
175,ios,2,pre,1,2.94
176,ios,2,pre,1,4.35
177,ios,2,pre,1,4.65
178,ios,2,pre,1,3.19
179,ios,2,pre,1,0.66
180,ios,2,pre,1,6.04
181,ios,2,pre,1,4.74
182,ios,2,pre,1,5.37
183,ios,2,pre,1,5.49
184,ios,2,pre,1,4.22
185,ios,2,pre,1,5.95
186,ios,2,pre,1,6.08
187,ios,2,pre,1,5.79
188,ios,2,pre,1,5.21
189,ios,2,pre,1,6.03
190,ios,2,pre,1,5.64
191,ios,2,pre,1,5.75
192,ios,2,pre,1,6.37
193,ios,2,pre,1,5.12
194,ios,2,pre,1,3.72
195,ios,2,pre,1,3.74
196,ios,2,pre,1,3.46
197,ios,2,pre,1,4.96
198,ios,2,pre,1,5.01
199,ios,2,pre,1,6.12
200,ios,2,pre,1,5.64
201,ios,2,pre,1,5.18
202,ios,2,pre,1,4.36
203,ios,2,pre,1,6.13
204,ios,2,pre,1,5.87
205,ios,2,pre,1,5.33
206,ios,2,pre,1,5.25
207,ios,2,pre,1,5.34
208,ios,2,pre,1,3.79
209,ios,2,pre,1,5.97
210,ios,2,pre,1,6.43
211,ios,2,pre,1,6.12
212,ios,2,pre,1,4.65
213,ios,2,pre,1,6.35
214,ios,2,pre,1,3.29
215,ios,2,pre,1,3.0
216,ios,2,pre,1,5.58
217,ios,2,pre,1,3.94
218,ios,2,pre,1,5.74
219,ios,2,pre,1,5.17
220,ios,2,pre,1,5.57
221,ios,2,pre,1,5.92
222,ios,2,pre,1,3.22
223,ios,2,pre,1,4.54
224,ios,2,pre,1,4.34
225,ios,2,pre,1,6.25
226,ios,2,pre,1,4.77
227,ios,2,pre,1,5.66
228,ios,2,pre,1,7.37
229,ios,2,pre,1,5.01
230,ios,2,pre,1,5.48
231,ios,2,pre,1,6.99
232,ios,2,pre,1,5.52
233,ios,2,pre,1,4.2
234,ios,2,pre,1,6.07
235,ios,2,pre,1,3.82
236,ios,2,pre,1,4.81
237,ios,2,pre,1,3.16
238,ios,2,pre,1,4.46
239,ios,2,pre,1,4.53
240,ios,2,pre,1,4.91
241,ios,2,pre,1,3.82
242,ios,2,pre,1,5.92
243,ios,2,pre,1,3.69
244,ios,2,pre,1,4.47
245,ios,2,pre,1,4.16
246,ios,2,pre,1,4.83
247,ios,2,pre,1,5.38
248,ios,2,pre,1,4.13
249,ios,2,pre,1,4.18
250,ios,2,pre,1,5.58
251,ios,2,pre,1,4.88
252,ios,2,pre,1,4.85
253,ios,2,pre,1,6.15
254,ios,2,pre,1,3.84
255,ios,2,pre,1,6.25
256,ios,2,pre,1,6.56
257,ios,2,pre,1,5.12
258,ios,2,pre,1,4.48
259,ios,2,pre,1,5.16
260,ios,2,pre,1,6.39
261,ios,2,pre,1,5.17
262,ios,2,pre,1,5.02
263,ios,2,pre,1,4.7
264,ios,2,pre,1,4.09
265,ios,2,pre,1,6.1
266,ios,2,pre,1,4.72
267,ios,2,pre,1,6.2
268,ios,2,pre,1,3.78
269,ios,2,pre,1,6.03
270,ios,2,pre,1,5.4
271,ios,2,pre,1,3.52
272,ios,2,pre,1,3.56
273,ios,2,pre,1,5.46
274,ios,2,pre,1,5.84
275,ios,2,pre,1,6.3
276,ios,2,pre,1,4.05
277,ios,2,pre,1,5.77
278,ios,2,pre,1,7.74
279,ios,2,pre,1,6.0
280,ios,2,pre,1,4.71
281,ios,2,pre,1,4.56
282,ios,2,pre,1,5.31
283,ios,2,pre,1,5.89
284,ios,2,pre,1,4.53
285,ios,2,pre,1,3.74
286,ios,2,pre,1,6.35
287,ios,2,pre,1,6.79
288,ios,2,pre,1,5.24
289,ios,2,pre,1,4.91
290,ios,2,pre,1,3.87
291,ios,2,pre,1,5.84
292,ios,2,pre,1,5.56
293,ios,2,pre,1,4.13
294,ios,2,pre,1,6.73
295,ios,2,pre,1,5.23
296,ios,2,pre,1,5.88
297,ios,2,pre,1,4.93
298,ios,2,pre,1,5.33
299,ios,2,pre,1,5.65
300,ios,2,pre,1,5.23
301,ios,2,pre,1,4.57
302,ios,2,pre,1,2.5
303,ios,2,pre,1,3.73
304,ios,2,pre,1,3.32
305,ios,2,pre,1,5.39
306,ios,2,pre,1,4.83
307,ios,2,pre,1,2.12
308,ios,2,pre,1,4.69
309,ios,2,pre,1,4.2
310,ios,2,pre,1,4.18
311,ios,2,pre,1,3.87
312,ios,2,pre,1,4.79
313,ios,2,pre,1,6.13
314,ios,2,pre,1,6.31
315,ios,2,pre,1,4.98
316,ios,2,pre,1,4.12
317,ios,2,pre,1,4.81
318,ios,2,pre,1,5.83
319,ios,2,pre,1,6.32
320,ios,2,pre,1,5.45
321,ios,2,pre,1,3.18
322,ios,2,pre,1,4.66
323,ios,2,pre,1,5.37
324,ios,2,pre,1,5.54
325,ios,2,pre,1,4.91
326,ios,2,pre,1,5.79
327,ios,2,pre,1,4.14
328,ios,2,pre,1,4.96
329,ios,2,pre,1,7.37
330,ios,2,pre,1,6.08
331,ios,2,pre,1,6.52
332,ios,2,pre,1,4.36
333,ios,2,pre,1,5.16
334,ios,2,pre,1,7.27
335,ios,2,pre,1,3.85
336,ios,2,pre,1,6.19
337,ios,2,pre,1,3.61
338,ios,2,pre,1,6.62
339,ios,2,pre,1,6.78
340,ios,2,pre,1,4.17
341,ios,2,pre,1,5.36
342,ios,2,pre,1,2.35
343,ios,2,pre,1,5.32
344,ios,2,pre,1,4.38
345,ios,2,pre,1,6.65
346,ios,2,pre,1,2.88
347,ios,2,pre,1,4.27
348,ios,2,pre,1,4.67
349,ios,2,pre,1,5.09
350,ios,2,pre,1,4.17
351,ios,2,pre,1,4.47
352,ios,2,pre,1,4.79
353,ios,2,pre,1,4.62
354,ios,2,pre,1,6.91
355,ios,2,pre,1,5.51
356,ios,2,pre,1,5.25
357,ios,2,pre,1,3.46
358,ios,2,pre,1,5.31
359,ios,2,pre,1,4.87
360,ios,2,pre,1,5.39
361,ios,2,pre,1,6.82
362,ios,2,pre,1,5.63
363,ios,2,pre,1,5.77
364,ios,2,pre,1,6.41
365,ios,2,pre,1,5.57
366,ios,2,pre,1,4.3
367,ios,2,pre,1,5.54
368,ios,2,pre,1,6.63
369,ios,2,pre,1,6.42
370,ios,2,pre,1,3.64
371,ios,2,pre,1,5.13
372,ios,2,pre,1,5.39
373,ios,2,pre,1,5.8
374,ios,2,pre,1,5.7
375,ios,2,pre,1,4.91
376,ios,2,pre,1,4.12
377,ios,2,pre,1,5.0
378,ios,2,pre,1,4.47
379,ios,2,pre,1,6.83
380,ios,2,pre,1,5.67
381,ios,2,pre,1,6.79
382,ios,2,pre,1,4.18
383,ios,2,pre,1,4.8
384,ios,2,pre,1,4.32
385,ios,2,pre,1,5.67
386,ios,2,pre,1,6.23
387,ios,2,pre,1,4.49
388,ios,2,pre,1,3.45
389,ios,2,pre,1,4.83
390,ios,2,pre,1,3.84
391,ios,2,pre,1,4.61
392,ios,2,pre,1,5.75
393,ios,2,pre,1,5.27
394,ios,2,pre,1,3.99
395,ios,2,pre,1,4.21
396,ios,2,pre,1,3.21
397,ios,2,pre,1,6.37
398,ios,2,pre,1,6.09
399,ios,2,pre,1,3.52
400,ios,2,pre,1,3.13
401,ios,2,pre,1,6.23
402,ios,2,pre,1,4.14
403,ios,2,pre,1,3.7
404,ios,2,pre,1,4.79
405,ios,2,pre,1,5.9
406,ios,2,pre,1,4.24
407,ios,2,pre,1,4.96
408,ios,2,pre,1,4.66
409,ios,2,pre,1,5.88
410,ios,2,pre,1,5.41
411,ios,2,pre,1,4.27
412,ios,2,pre,1,4.06
413,ios,2,pre,1,4.97
414,ios,2,pre,1,7.09
415,ios,2,pre,1,3.97
416,ios,2,pre,1,6.26
417,ios,2,pre,1,5.12
418,ios,2,pre,1,4.74
419,ios,2,pre,1,4.9
420,ios,2,pre,1,4.65
421,ios,2,pre,1,4.81
422,ios,2,pre,1,4.02
423,ios,2,pre,1,4.91
424,ios,2,pre,1,2.31
425,ios,2,pre,1,3.6
426,ios,2,pre,1,4.51
427,ios,2,pre,1,5.3
428,ios,2,pre,1,5.92
429,ios,2,pre,1,4.93
430,ios,2,pre,1,5.01
431,ios,2,pre,1,7.03
432,ios,2,pre,1,4.06
433,ios,2,pre,1,6.72
434,ios,2,pre,1,7.17
435,ios,2,pre,1,4.25
436,ios,2,pre,1,6.24
437,ios,2,pre,1,5.24
438,ios,2,pre,1,5.07
439,ios,2,pre,1,5.14
440,ios,2,pre,1,4.19
441,ios,2,pre,1,4.83
442,ios,2,pre,1,7.39
443,ios,2,pre,1,6.63
444,ios,2,pre,1,3.58
445,ios,2,pre,1,3.27
446,ios,2,pre,1,4.79
447,ios,2,pre,1,4.31
448,ios,2,pre,1,4.28
449,ios,2,pre,1,4.81
450,ios,2,pre,1,4.92
451,ios,2,pre,1,5.85
452,ios,2,pre,1,2.94
453,ios,2,pre,1,4.65
454,ios,2,pre,1,4.9
455,ios,2,pre,1,4.05
456,ios,2,pre,1,5.41
457,ios,2,pre,1,3.1
458,ios,2,pre,1,2.95
459,ios,2,pre,1,4.94
460,ios,2,pre,1,6.25
461,ios,2,pre,1,3.89
462,ios,2,pre,1,4.34
463,ios,2,pre,1,3.63
464,ios,2,pre,1,4.33
465,ios,2,pre,1,5.23
466,ios,2,pre,1,4.74
467,ios,2,pre,1,5.84
468,ios,2,pre,1,4.78
469,ios,2,pre,1,4.77
470,ios,2,pre,1,6.35
471,ios,2,pre,1,3.35
472,ios,2,pre,1,5.5
473,ios,2,pre,1,3.93
474,ios,2,pre,1,4.39
475,ios,2,pre,1,5.81
476,ios,2,pre,1,5.44
477,ios,2,pre,1,5.15
478,ios,2,pre,1,5.53
479,ios,2,pre,1,5.71
480,ios,2,pre,1,6.01
481,ios,2,pre,1,4.44
482,ios,2,pre,1,4.42
483,ios,2,pre,1,4.82
484,ios,2,pre,1,4.46
485,ios,2,pre,1,6.8
486,ios,2,pre,1,7.63
487,ios,2,pre,1,3.85
488,ios,2,pre,1,4.48
489,ios,2,pre,1,3.73
490,ios,2,pre,1,4.48
491,ios,2,pre,1,4.03
492,ios,2,pre,1,5.63
493,ios,2,pre,1,5.17
494,ios,2,pre,1,6.74
495,ios,2,pre,1,5.9
496,ios,2,pre,1,5.35
497,ios,2,pre,1,5.33
498,ios,2,pre,1,4.82
499,ios,2,pre,1,4.11
500,ios,2,pre,1,5.8
1,ios,3,pre,1,6.24
2,ios,3,pre,1,3.83
3,ios,3,pre,1,5.42
4,ios,3,pre,1,7.06
5,ios,3,pre,1,5.1
6,ios,3,pre,1,8.46
7,ios,3,pre,1,6.5
8,ios,3,pre,1,6.15
9,ios,3,pre,1,4.21
10,ios,3,pre,1,7.29
11,ios,3,pre,1,4.76
12,ios,3,pre,1,3.93
13,ios,3,pre,1,5.66
14,ios,3,pre,1,7.08
15,ios,3,pre,1,6.98
16,ios,3,pre,1,3.35
17,ios,3,pre,1,5.48
18,ios,3,pre,1,4.03
19,ios,3,pre,1,4.09
20,ios,3,pre,1,2.87
21,ios,3,pre,1,6.61
22,ios,3,pre,1,4.29
23,ios,3,pre,1,6.31
24,ios,3,pre,1,2.04
25,ios,3,pre,1,5.92
26,ios,3,pre,1,3.43
27,ios,3,pre,1,4.67
28,ios,3,pre,1,5.76
29,ios,3,pre,1,6.82
30,ios,3,pre,1,6.79
31,ios,3,pre,1,4.89
32,ios,3,pre,1,6.82
33,ios,3,pre,1,5.14
34,ios,3,pre,1,6.43
35,ios,3,pre,1,5.74
36,ios,3,pre,1,5.49
37,ios,3,pre,1,3.97
38,ios,3,pre,1,5.67
39,ios,3,pre,1,3.61
40,ios,3,pre,1,5.93
41,ios,3,pre,1,6.14
42,ios,3,pre,1,6.3
43,ios,3,pre,1,7.1
44,ios,3,pre,1,6.02
45,ios,3,pre,1,5.24
46,ios,3,pre,1,5.72
47,ios,3,pre,1,3.92
48,ios,3,pre,1,4.1
49,ios,3,pre,1,5.07
50,ios,3,pre,1,4.34
51,ios,3,pre,1,5.45
52,ios,3,pre,1,6.01
53,ios,3,pre,1,6.56
54,ios,3,pre,1,5.63
55,ios,3,pre,1,5.07
56,ios,3,pre,1,5.71
57,ios,3,pre,1,4.79
58,ios,3,pre,1,4.98
59,ios,3,pre,1,6.34
60,ios,3,pre,1,3.48
61,ios,3,pre,1,6.18
62,ios,3,pre,1,6.32
63,ios,3,pre,1,6.18
64,ios,3,pre,1,4.27
65,ios,3,pre,1,6.17
66,ios,3,pre,1,5.87
67,ios,3,pre,1,2.97
68,ios,3,pre,1,5.84
69,ios,3,pre,1,5.17
70,ios,3,pre,1,5.77
71,ios,3,pre,1,8.2
72,ios,3,pre,1,4.07
73,ios,3,pre,1,4.72
74,ios,3,pre,1,5.73
75,ios,3,pre,1,7.08
76,ios,3,pre,1,5.63
77,ios,3,pre,1,3.67
78,ios,3,pre,1,3.94
79,ios,3,pre,1,6.25
80,ios,3,pre,1,5.11
81,ios,3,pre,1,5.31
82,ios,3,pre,1,6.16
83,ios,3,pre,1,4.92
84,ios,3,pre,1,4.01
85,ios,3,pre,1,4.3
86,ios,3,pre,1,6.52
87,ios,3,pre,1,7.0
88,ios,3,pre,1,4.07
89,ios,3,pre,1,5.72
90,ios,3,pre,1,4.66
91,ios,3,pre,1,4.34
92,ios,3,pre,1,5.43
93,ios,3,pre,1,5.44
94,ios,3,pre,1,5.08
95,ios,3,pre,1,4.35
96,ios,3,pre,1,4.26
97,ios,3,pre,1,5.03
98,ios,3,pre,1,5.84
99,ios,3,pre,1,5.8
100,ios,3,pre,1,4.2
101,ios,3,pre,1,4.78
102,ios,3,pre,1,8.39
103,ios,3,pre,1,5.28
104,ios,3,pre,1,3.68
105,ios,3,pre,1,4.01
106,ios,3,pre,1,5.69
107,ios,3,pre,1,5.69
108,ios,3,pre,1,5.58
109,ios,3,pre,1,6.21
110,ios,3,pre,1,5.55
111,ios,3,pre,1,7.97
112,ios,3,pre,1,5.07
113,ios,3,pre,1,6.01
114,ios,3,pre,1,2.99
115,ios,3,pre,1,4.53
116,ios,3,pre,1,5.38
117,ios,3,pre,1,5.18
118,ios,3,pre,1,7.98
119,ios,3,pre,1,5.39
120,ios,3,pre,1,4.98
121,ios,3,pre,1,6.88
122,ios,3,pre,1,7.19
123,ios,3,pre,1,4.99
124,ios,3,pre,1,5.05
125,ios,3,pre,1,4.05
126,ios,3,pre,1,3.93
127,ios,3,pre,1,7.03
128,ios,3,pre,1,5.56
129,ios,3,pre,1,6.31
130,ios,3,pre,1,5.01
131,ios,3,pre,1,2.51
132,ios,3,pre,1,5.02
133,ios,3,pre,1,6.5
134,ios,3,pre,1,3.76
135,ios,3,pre,1,5.36
136,ios,3,pre,1,5.01
137,ios,3,pre,1,5.77
138,ios,3,pre,1,5.29
139,ios,3,pre,1,5.69
140,ios,3,pre,1,6.43
141,ios,3,pre,1,4.72
142,ios,3,pre,1,5.46
143,ios,3,pre,1,7.19
144,ios,3,pre,1,5.01
145,ios,3,pre,1,4.91
146,ios,3,pre,1,4.69
147,ios,3,pre,1,6.32
148,ios,3,pre,1,4.47
149,ios,3,pre,1,5.64
150,ios,3,pre,1,3.48
151,ios,3,pre,1,7.6
152,ios,3,pre,1,5.4
153,ios,3,pre,1,6.86
154,ios,3,pre,1,6.59
155,ios,3,pre,1,4.85
156,ios,3,pre,1,5.12
157,ios,3,pre,1,5.65
158,ios,3,pre,1,3.87
159,ios,3,pre,1,6.64
160,ios,3,pre,1,5.53
161,ios,3,pre,1,6.91
162,ios,3,pre,1,3.87
163,ios,3,pre,1,5.59
164,ios,3,pre,1,5.38
165,ios,3,pre,1,3.5
166,ios,3,pre,1,5.58
167,ios,3,pre,1,4.24
168,ios,3,pre,1,4.89
169,ios,3,pre,1,6.25
170,ios,3,pre,1,7.04
171,ios,3,pre,1,4.09
172,ios,3,pre,1,5.75
173,ios,3,pre,1,5.21
174,ios,3,pre,1,5.46
175,ios,3,pre,1,8.22
176,ios,3,pre,1,5.09
177,ios,3,pre,1,7.28
178,ios,3,pre,1,6.53
179,ios,3,pre,1,2.64
180,ios,3,pre,1,5.09
181,ios,3,pre,1,5.69
182,ios,3,pre,1,4.85
183,ios,3,pre,1,6.4
184,ios,3,pre,1,6.34
185,ios,3,pre,1,4.91
186,ios,3,pre,1,6.44
187,ios,3,pre,1,6.33
188,ios,3,pre,1,6.44
189,ios,3,pre,1,6.69
190,ios,3,pre,1,6.14
191,ios,3,pre,1,5.49
192,ios,3,pre,1,3.58
193,ios,3,pre,1,6.51
194,ios,3,pre,1,5.55
195,ios,3,pre,1,6.03
196,ios,3,pre,1,4.53
197,ios,3,pre,1,6.77
198,ios,3,pre,1,6.13
199,ios,3,pre,1,5.65
200,ios,3,pre,1,4.05
201,ios,3,pre,1,6.86
202,ios,3,pre,1,4.53
203,ios,3,pre,1,8.14
204,ios,3,pre,1,5.95
205,ios,3,pre,1,6.06
206,ios,3,pre,1,6.45
207,ios,3,pre,1,8.35
208,ios,3,pre,1,6.24
209,ios,3,pre,1,5.98
210,ios,3,pre,1,4.65
211,ios,3,pre,1,5.69
212,ios,3,pre,1,7.71
213,ios,3,pre,1,6.63
214,ios,3,pre,1,3.76
215,ios,3,pre,1,5.89
216,ios,3,pre,1,6.58
217,ios,3,pre,1,4.25
218,ios,3,pre,1,6.33
219,ios,3,pre,1,5.81
220,ios,3,pre,1,2.92
221,ios,3,pre,1,4.2
222,ios,3,pre,1,4.72
223,ios,3,pre,1,5.45
224,ios,3,pre,1,4.71
225,ios,3,pre,1,4.45
226,ios,3,pre,1,4.88
227,ios,3,pre,1,5.65
228,ios,3,pre,1,6.08
229,ios,3,pre,1,4.97
230,ios,3,pre,1,7.21
231,ios,3,pre,1,5.62
232,ios,3,pre,1,6.54
233,ios,3,pre,1,4.77
234,ios,3,pre,1,5.33
235,ios,3,pre,1,4.34
236,ios,3,pre,1,6.36
237,ios,3,pre,1,4.94
238,ios,3,pre,1,5.17
239,ios,3,pre,1,6.51
240,ios,3,pre,1,5.23
241,ios,3,pre,1,5.72
242,ios,3,pre,1,5.42
243,ios,3,pre,1,5.36
244,ios,3,pre,1,5.55
245,ios,3,pre,1,4.15
246,ios,3,pre,1,6.58
247,ios,3,pre,1,7.63
248,ios,3,pre,1,4.7
249,ios,3,pre,1,4.33
250,ios,3,pre,1,6.17
251,ios,3,pre,1,4.54
252,ios,3,pre,1,8.74
253,ios,3,pre,1,6.15
254,ios,3,pre,1,6.6
255,ios,3,pre,1,3.69
256,ios,3,pre,1,3.92
257,ios,3,pre,1,6.38
258,ios,3,pre,1,6.09
259,ios,3,pre,1,4.7
260,ios,3,pre,1,6.68
261,ios,3,pre,1,5.41
262,ios,3,pre,1,5.43
263,ios,3,pre,1,5.65
264,ios,3,pre,1,4.28
265,ios,3,pre,1,5.99
266,ios,3,pre,1,4.2
267,ios,3,pre,1,5.51
268,ios,3,pre,1,4.6
269,ios,3,pre,1,6.04
270,ios,3,pre,1,3.62
271,ios,3,pre,1,4.48
272,ios,3,pre,1,6.18
273,ios,3,pre,1,4.46
274,ios,3,pre,1,5.38
275,ios,3,pre,1,5.78
276,ios,3,pre,1,3.48
277,ios,3,pre,1,5.99
278,ios,3,pre,1,6.92
279,ios,3,pre,1,4.1
280,ios,3,pre,1,6.31
281,ios,3,pre,1,7.47
282,ios,3,pre,1,6.08
283,ios,3,pre,1,5.72
284,ios,3,pre,1,6.13
285,ios,3,pre,1,3.19
286,ios,3,pre,1,5.55
287,ios,3,pre,1,4.92
288,ios,3,pre,1,3.65
289,ios,3,pre,1,3.68
290,ios,3,pre,1,3.99
291,ios,3,pre,1,3.59
292,ios,3,pre,1,4.02
293,ios,3,pre,1,6.64
294,ios,3,pre,1,6.36
295,ios,3,pre,1,7.4
296,ios,3,pre,1,4.39
297,ios,3,pre,1,6.5
298,ios,3,pre,1,5.82
299,ios,3,pre,1,6.56
300,ios,3,pre,1,3.54
301,ios,3,pre,1,6.65
302,ios,3,pre,1,2.49
303,ios,3,pre,1,3.56
304,ios,3,pre,1,3.02
305,ios,3,pre,1,5.14
306,ios,3,pre,1,4.0
307,ios,3,pre,1,6.4
308,ios,3,pre,1,5.74
309,ios,3,pre,1,3.29
310,ios,3,pre,1,5.12
311,ios,3,pre,1,5.02
312,ios,3,pre,1,6.7
313,ios,3,pre,1,6.16
314,ios,3,pre,1,4.8
315,ios,3,pre,1,6.17
316,ios,3,pre,1,5.29
317,ios,3,pre,1,7.22
318,ios,3,pre,1,4.53
319,ios,3,pre,1,3.27
320,ios,3,pre,1,5.62
321,ios,3,pre,1,5.9
322,ios,3,pre,1,8.76
323,ios,3,pre,1,6.03
324,ios,3,pre,1,6.41
325,ios,3,pre,1,5.03
326,ios,3,pre,1,5.3
327,ios,3,pre,1,5.89
328,ios,3,pre,1,6.02
329,ios,3,pre,1,5.75
330,ios,3,pre,1,4.38
331,ios,3,pre,1,7.69
332,ios,3,pre,1,6.15
333,ios,3,pre,1,5.82
334,ios,3,pre,1,5.64
335,ios,3,pre,1,3.61
336,ios,3,pre,1,4.69
337,ios,3,pre,1,5.37
338,ios,3,pre,1,4.21
339,ios,3,pre,1,5.17
340,ios,3,pre,1,7.32
341,ios,3,pre,1,4.1
342,ios,3,pre,1,7.73
343,ios,3,pre,1,4.51
344,ios,3,pre,1,6.33
345,ios,3,pre,1,6.99
346,ios,3,pre,1,5.81
347,ios,3,pre,1,5.61
348,ios,3,pre,1,4.54
349,ios,3,pre,1,4.47
350,ios,3,pre,1,7.41
351,ios,3,pre,1,4.96
352,ios,3,pre,1,2.94
353,ios,3,pre,1,5.81
354,ios,3,pre,1,5.88
355,ios,3,pre,1,5.41
356,ios,3,pre,1,3.4
357,ios,3,pre,1,6.2
358,ios,3,pre,1,6.65
359,ios,3,pre,1,3.53
360,ios,3,pre,1,5.29
361,ios,3,pre,1,4.56
362,ios,3,pre,1,4.25
363,ios,3,pre,1,6.21
364,ios,3,pre,1,3.93
365,ios,3,pre,1,5.7
366,ios,3,pre,1,4.61
367,ios,3,pre,1,6.21
368,ios,3,pre,1,6.27
369,ios,3,pre,1,6.24
370,ios,3,pre,1,3.19
371,ios,3,pre,1,5.56
372,ios,3,pre,1,5.89
373,ios,3,pre,1,7.11
374,ios,3,pre,1,5.14
375,ios,3,pre,1,4.74
376,ios,3,pre,1,5.04
377,ios,3,pre,1,9.12
378,ios,3,pre,1,5.83
379,ios,3,pre,1,6.57
380,ios,3,pre,1,6.03
381,ios,3,pre,1,7.17
382,ios,3,pre,1,5.49
383,ios,3,pre,1,7.07
384,ios,3,pre,1,4.71
385,ios,3,pre,1,2.75
386,ios,3,pre,1,4.77
387,ios,3,pre,1,5.23
388,ios,3,pre,1,4.28
389,ios,3,pre,1,5.46
390,ios,3,pre,1,6.32
391,ios,3,pre,1,5.89
392,ios,3,pre,1,8.88
393,ios,3,pre,1,5.37
394,ios,3,pre,1,6.46
395,ios,3,pre,1,5.09
396,ios,3,pre,1,4.2
397,ios,3,pre,1,4.8
398,ios,3,pre,1,5.14
399,ios,3,pre,1,5.58
400,ios,3,pre,1,4.0
401,ios,3,pre,1,5.0
402,ios,3,pre,1,6.21
403,ios,3,pre,1,5.01
404,ios,3,pre,1,6.72
405,ios,3,pre,1,8.07
406,ios,3,pre,1,5.64
407,ios,3,pre,1,4.96
408,ios,3,pre,1,5.21
409,ios,3,pre,1,6.48
410,ios,3,pre,1,5.64
411,ios,3,pre,1,3.24
412,ios,3,pre,1,4.33
413,ios,3,pre,1,6.63
414,ios,3,pre,1,6.81
415,ios,3,pre,1,6.14
416,ios,3,pre,1,6.63
417,ios,3,pre,1,5.58
418,ios,3,pre,1,5.96
419,ios,3,pre,1,6.43
420,ios,3,pre,1,4.97
421,ios,3,pre,1,4.72
422,ios,3,pre,1,7.39
423,ios,3,pre,1,6.24
424,ios,3,pre,1,4.55
425,ios,3,pre,1,4.39
426,ios,3,pre,1,5.36
427,ios,3,pre,1,5.97
428,ios,3,pre,1,6.46
429,ios,3,pre,1,6.58
430,ios,3,pre,1,4.14
431,ios,3,pre,1,7.54
432,ios,3,pre,1,5.67
433,ios,3,pre,1,5.22
434,ios,3,pre,1,5.87
435,ios,3,pre,1,2.68
436,ios,3,pre,1,5.97
437,ios,3,pre,1,4.88
438,ios,3,pre,1,3.96
439,ios,3,pre,1,6.63
440,ios,3,pre,1,3.66
441,ios,3,pre,1,5.72
442,ios,3,pre,1,8.2
443,ios,3,pre,1,7.72
444,ios,3,pre,1,4.83
445,ios,3,pre,1,6.91
446,ios,3,pre,1,4.56
447,ios,3,pre,1,5.48
448,ios,3,pre,1,7.66
449,ios,3,pre,1,4.72
450,ios,3,pre,1,5.77
451,ios,3,pre,1,6.14
452,ios,3,pre,1,6.27
453,ios,3,pre,1,4.6
454,ios,3,pre,1,3.72
455,ios,3,pre,1,5.81
456,ios,3,pre,1,4.17
457,ios,3,pre,1,6.31
458,ios,3,pre,1,4.76
459,ios,3,pre,1,5.57
460,ios,3,pre,1,5.58
461,ios,3,pre,1,5.35
462,ios,3,pre,1,6.3
463,ios,3,pre,1,4.8
464,ios,3,pre,1,4.41
465,ios,3,pre,1,5.97
466,ios,3,pre,1,4.41
467,ios,3,pre,1,5.13
468,ios,3,pre,1,5.6
469,ios,3,pre,1,5.02
470,ios,3,pre,1,5.88
471,ios,3,pre,1,4.94
472,ios,3,pre,1,5.41
473,ios,3,pre,1,5.01
474,ios,3,pre,1,7.01
475,ios,3,pre,1,5.98
476,ios,3,pre,1,5.71
477,ios,3,pre,1,9.21
478,ios,3,pre,1,4.5
479,ios,3,pre,1,4.53
480,ios,3,pre,1,7.05
481,ios,3,pre,1,6.57
482,ios,3,pre,1,5.78
483,ios,3,pre,1,3.93
484,ios,3,pre,1,7.19
485,ios,3,pre,1,3.38
486,ios,3,pre,1,8.71
487,ios,3,pre,1,6.15
488,ios,3,pre,1,6.37
489,ios,3,pre,1,5.44
490,ios,3,pre,1,6.11
491,ios,3,pre,1,3.24
492,ios,3,pre,1,5.41
493,ios,3,pre,1,4.91
494,ios,3,pre,1,5.47
495,ios,3,pre,1,7.19
496,ios,3,pre,1,4.52
497,ios,3,pre,1,7.07
498,ios,3,pre,1,4.34
499,ios,3,pre,1,5.93
500,ios,3,pre,1,6.47
1,ios,4,pre,1,4.3
2,ios,4,pre,1,4.71
3,ios,4,pre,1,5.25
4,ios,4,pre,1,6.78
5,ios,4,pre,1,5.61
6,ios,4,pre,1,8.24
7,ios,4,pre,1,7.83
8,ios,4,pre,1,6.27
9,ios,4,pre,1,6.58
10,ios,4,pre,1,5.04
11,ios,4,pre,1,5.19
12,ios,4,pre,1,5.17
13,ios,4,pre,1,3.38
14,ios,4,pre,1,7.48
15,ios,4,pre,1,5.55
16,ios,4,pre,1,5.02
17,ios,4,pre,1,7.19
18,ios,4,pre,1,6.53
19,ios,4,pre,1,5.02
20,ios,4,pre,1,5.2
21,ios,4,pre,1,3.5
22,ios,4,pre,1,5.2
23,ios,4,pre,1,6.28
24,ios,4,pre,1,7.98
25,ios,4,pre,1,6.76
26,ios,4,pre,1,4.68
27,ios,4,pre,1,6.16
28,ios,4,pre,1,5.16
29,ios,4,pre,1,6.26
30,ios,4,pre,1,8.48
31,ios,4,pre,1,6.99
32,ios,4,pre,1,5.49
33,ios,4,pre,1,4.78
34,ios,4,pre,1,5.74
35,ios,4,pre,1,5.5
36,ios,4,pre,1,6.22
37,ios,4,pre,1,6.09
38,ios,4,pre,1,5.38
39,ios,4,pre,1,5.43
40,ios,4,pre,1,6.57
41,ios,4,pre,1,5.58
42,ios,4,pre,1,5.03
43,ios,4,pre,1,4.4
44,ios,4,pre,1,2.8
45,ios,4,pre,1,5.92
46,ios,4,pre,1,5.46
47,ios,4,pre,1,7.8
48,ios,4,pre,1,7.35
49,ios,4,pre,1,6.6
50,ios,4,pre,1,6.31
51,ios,4,pre,1,4.67
52,ios,4,pre,1,8.33
53,ios,4,pre,1,4.92
54,ios,4,pre,1,5.82
55,ios,4,pre,1,4.05
56,ios,4,pre,1,6.36
57,ios,4,pre,1,7.52
58,ios,4,pre,1,5.43
59,ios,4,pre,1,6.39
60,ios,4,pre,1,4.74
61,ios,4,pre,1,6.55
62,ios,4,pre,1,4.8
63,ios,4,pre,1,5.72
64,ios,4,pre,1,6.3
65,ios,4,pre,1,7.79
66,ios,4,pre,1,5.23
67,ios,4,pre,1,4.51
68,ios,4,pre,1,6.58
69,ios,4,pre,1,5.73
70,ios,4,pre,1,5.46
71,ios,4,pre,1,5.09
72,ios,4,pre,1,5.82
73,ios,4,pre,1,5.28
74,ios,4,pre,1,4.56
75,ios,4,pre,1,5.36
76,ios,4,pre,1,6.77
77,ios,4,pre,1,5.21
78,ios,4,pre,1,5.61
79,ios,4,pre,1,5.54
80,ios,4,pre,1,5.64
81,ios,4,pre,1,7.65
82,ios,4,pre,1,6.65
83,ios,4,pre,1,6.14
84,ios,4,pre,1,7.48
85,ios,4,pre,1,5.8
86,ios,4,pre,1,8.16
87,ios,4,pre,1,5.48
88,ios,4,pre,1,5.22
89,ios,4,pre,1,6.6
90,ios,4,pre,1,7.74
91,ios,4,pre,1,6.45
92,ios,4,pre,1,7.01
93,ios,4,pre,1,6.17
94,ios,4,pre,1,7.03
95,ios,4,pre,1,7.69
96,ios,4,pre,1,6.18
97,ios,4,pre,1,4.21
98,ios,4,pre,1,3.63
99,ios,4,pre,1,8.35
100,ios,4,pre,1,6.32
101,ios,4,pre,1,4.0
102,ios,4,pre,1,7.62
103,ios,4,pre,1,8.06
104,ios,4,pre,1,6.65
105,ios,4,pre,1,5.57
106,ios,4,pre,1,6.01
107,ios,4,pre,1,6.83
108,ios,4,pre,1,6.92
109,ios,4,pre,1,6.46
110,ios,4,pre,1,5.75
111,ios,4,pre,1,8.31
112,ios,4,pre,1,3.27
113,ios,4,pre,1,5.35
114,ios,4,pre,1,6.04
115,ios,4,pre,1,5.39
116,ios,4,pre,1,5.07
117,ios,4,pre,1,4.52
118,ios,4,pre,1,7.1
119,ios,4,pre,1,5.9
120,ios,4,pre,1,5.63
121,ios,4,pre,1,5.68
122,ios,4,pre,1,6.84
123,ios,4,pre,1,5.9
124,ios,4,pre,1,6.25
125,ios,4,pre,1,6.32
126,ios,4,pre,1,6.52
127,ios,4,pre,1,6.61
128,ios,4,pre,1,5.64
129,ios,4,pre,1,5.97
130,ios,4,pre,1,7.92
131,ios,4,pre,1,5.09
132,ios,4,pre,1,5.33
133,ios,4,pre,1,6.6
134,ios,4,pre,1,6.17
135,ios,4,pre,1,5.45
136,ios,4,pre,1,5.52
137,ios,4,pre,1,6.68
138,ios,4,pre,1,5.99
139,ios,4,pre,1,5.76
140,ios,4,pre,1,6.18
141,ios,4,pre,1,5.31
142,ios,4,pre,1,4.28
143,ios,4,pre,1,5.73
144,ios,4,pre,1,7.31
145,ios,4,pre,1,7.1
146,ios,4,pre,1,5.35
147,ios,4,pre,1,5.92
148,ios,4,pre,1,6.33
149,ios,4,pre,1,5.03
150,ios,4,pre,1,3.0
151,ios,4,pre,1,5.72
152,ios,4,pre,1,5.53
153,ios,4,pre,1,7.33
154,ios,4,pre,1,7.03
155,ios,4,pre,1,6.3
156,ios,4,pre,1,5.09
157,ios,4,pre,1,5.06
158,ios,4,pre,1,4.45
159,ios,4,pre,1,8.29
160,ios,4,pre,1,4.06
161,ios,4,pre,1,3.84
162,ios,4,pre,1,4.92
163,ios,4,pre,1,7.37
164,ios,4,pre,1,5.36
165,ios,4,pre,1,5.44
166,ios,4,pre,1,6.08
167,ios,4,pre,1,4.61
168,ios,4,pre,1,6.86
169,ios,4,pre,1,4.74
170,ios,4,pre,1,6.35
171,ios,4,pre,1,6.29
172,ios,4,pre,1,5.43
173,ios,4,pre,1,5.85
174,ios,4,pre,1,7.24
175,ios,4,pre,1,6.84
176,ios,4,pre,1,7.45
177,ios,4,pre,1,5.57
178,ios,4,pre,1,6.23
179,ios,4,pre,1,4.0
180,ios,4,pre,1,6.86
181,ios,4,pre,1,5.11
182,ios,4,pre,1,3.53
183,ios,4,pre,1,5.66
184,ios,4,pre,1,6.3
185,ios,4,pre,1,5.74
186,ios,4,pre,1,6.91
187,ios,4,pre,1,4.12
188,ios,4,pre,1,3.59
189,ios,4,pre,1,6.17
190,ios,4,pre,1,5.62
191,ios,4,pre,1,6.72
192,ios,4,pre,1,6.73
193,ios,4,pre,1,6.98
194,ios,4,pre,1,6.87
195,ios,4,pre,1,5.94
196,ios,4,pre,1,4.3
197,ios,4,pre,1,6.75
198,ios,4,pre,1,7.79
199,ios,4,pre,1,6.02
200,ios,4,pre,1,6.78
201,ios,4,pre,1,5.17
202,ios,4,pre,1,6.88
203,ios,4,pre,1,6.08
204,ios,4,pre,1,7.56
205,ios,4,pre,1,5.54
206,ios,4,pre,1,5.77
207,ios,4,pre,1,6.8
208,ios,4,pre,1,5.44
209,ios,4,pre,1,5.5
210,ios,4,pre,1,5.59
211,ios,4,pre,1,3.83
212,ios,4,pre,1,8.04
213,ios,4,pre,1,6.88
214,ios,4,pre,1,5.73
215,ios,4,pre,1,5.03
216,ios,4,pre,1,5.65
217,ios,4,pre,1,4.03
218,ios,4,pre,1,5.04
219,ios,4,pre,1,5.34
220,ios,4,pre,1,5.38
221,ios,4,pre,1,4.41
222,ios,4,pre,1,4.56
223,ios,4,pre,1,3.5
224,ios,4,pre,1,6.39
225,ios,4,pre,1,5.41
226,ios,4,pre,1,4.56
227,ios,4,pre,1,8.09
228,ios,4,pre,1,5.6
229,ios,4,pre,1,6.83
230,ios,4,pre,1,7.17
231,ios,4,pre,1,6.23
232,ios,4,pre,1,5.81
233,ios,4,pre,1,6.6
234,ios,4,pre,1,6.64
235,ios,4,pre,1,7.41
236,ios,4,pre,1,7.22
237,ios,4,pre,1,4.46
238,ios,4,pre,1,6.24
239,ios,4,pre,1,5.48
240,ios,4,pre,1,6.25
241,ios,4,pre,1,5.55
242,ios,4,pre,1,6.24
243,ios,4,pre,1,5.9
244,ios,4,pre,1,5.33
245,ios,4,pre,1,4.66
246,ios,4,pre,1,7.91
247,ios,4,pre,1,4.74
248,ios,4,pre,1,5.99
249,ios,4,pre,1,4.37
250,ios,4,pre,1,7.2
251,ios,4,pre,1,6.47
252,ios,4,pre,1,5.35
253,ios,4,pre,1,6.41
254,ios,4,pre,1,6.59
255,ios,4,pre,1,7.03
256,ios,4,pre,1,5.36
257,ios,4,pre,1,5.76
258,ios,4,pre,1,5.97
259,ios,4,pre,1,6.41
260,ios,4,pre,1,6.95
261,ios,4,pre,1,4.76
262,ios,4,pre,1,6.79
263,ios,4,pre,1,4.73
264,ios,4,pre,1,5.66
265,ios,4,pre,1,6.9
266,ios,4,pre,1,5.13
267,ios,4,pre,1,5.16
268,ios,4,pre,1,4.83
269,ios,4,pre,1,6.71
270,ios,4,pre,1,5.61
271,ios,4,pre,1,4.68
272,ios,4,pre,1,5.81
273,ios,4,pre,1,7.78
274,ios,4,pre,1,5.87
275,ios,4,pre,1,7.32
276,ios,4,pre,1,4.97
277,ios,4,pre,1,4.03
278,ios,4,pre,1,5.77
279,ios,4,pre,1,6.46
280,ios,4,pre,1,6.04
281,ios,4,pre,1,5.32
282,ios,4,pre,1,8.7
283,ios,4,pre,1,7.75
284,ios,4,pre,1,6.82
285,ios,4,pre,1,5.89
286,ios,4,pre,1,4.94
287,ios,4,pre,1,6.41
288,ios,4,pre,1,6.19
289,ios,4,pre,1,5.22
290,ios,4,pre,1,5.01
291,ios,4,pre,1,3.78
292,ios,4,pre,1,5.24
293,ios,4,pre,1,5.84
294,ios,4,pre,1,4.98
295,ios,4,pre,1,6.31
296,ios,4,pre,1,5.82
297,ios,4,pre,1,3.73
298,ios,4,pre,1,3.12
299,ios,4,pre,1,6.98
300,ios,4,pre,1,8.09
301,ios,4,pre,1,5.02
302,ios,4,pre,1,4.97
303,ios,4,pre,1,8.22
304,ios,4,pre,1,6.03
305,ios,4,pre,1,6.86
306,ios,4,pre,1,7.55
307,ios,4,pre,1,7.22
308,ios,4,pre,1,4.95
309,ios,4,pre,1,5.53
310,ios,4,pre,1,6.94
311,ios,4,pre,1,8.25
312,ios,4,pre,1,5.79
313,ios,4,pre,1,5.39
314,ios,4,pre,1,7.49
315,ios,4,pre,1,6.33
316,ios,4,pre,1,5.35
317,ios,4,pre,1,5.85
318,ios,4,pre,1,6.44
319,ios,4,pre,1,7.95
320,ios,4,pre,1,5.5
321,ios,4,pre,1,5.63
322,ios,4,pre,1,5.73
323,ios,4,pre,1,5.52
324,ios,4,pre,1,5.27
325,ios,4,pre,1,3.98
326,ios,4,pre,1,6.05
327,ios,4,pre,1,8.58
328,ios,4,pre,1,6.09
329,ios,4,pre,1,7.18
330,ios,4,pre,1,5.76
331,ios,4,pre,1,8.34
332,ios,4,pre,1,5.9
333,ios,4,pre,1,6.15
334,ios,4,pre,1,8.31
335,ios,4,pre,1,5.63
336,ios,4,pre,1,5.08
337,ios,4,pre,1,7.25
338,ios,4,pre,1,5.81
339,ios,4,pre,1,6.53
340,ios,4,pre,1,4.98
341,ios,4,pre,1,5.21
342,ios,4,pre,1,6.8
343,ios,4,pre,1,6.34
344,ios,4,pre,1,5.75
345,ios,4,pre,1,6.05
346,ios,4,pre,1,6.43
347,ios,4,pre,1,7.27
348,ios,4,pre,1,5.87
349,ios,4,pre,1,5.5
350,ios,4,pre,1,6.3
351,ios,4,pre,1,5.82
352,ios,4,pre,1,6.81
353,ios,4,pre,1,7.0
354,ios,4,pre,1,7.0
355,ios,4,pre,1,4.0
356,ios,4,pre,1,5.49
357,ios,4,pre,1,5.06
358,ios,4,pre,1,6.11
359,ios,4,pre,1,5.04
360,ios,4,pre,1,6.07
361,ios,4,pre,1,6.34
362,ios,4,pre,1,5.5
363,ios,4,pre,1,6.14
364,ios,4,pre,1,6.51
365,ios,4,pre,1,6.69
366,ios,4,pre,1,3.95
367,ios,4,pre,1,7.34
368,ios,4,pre,1,7.86
369,ios,4,pre,1,5.73
370,ios,4,pre,1,5.23
371,ios,4,pre,1,7.71
372,ios,4,pre,1,5.4
373,ios,4,pre,1,5.88
374,ios,4,pre,1,5.23
375,ios,4,pre,1,6.78
376,ios,4,pre,1,3.81
377,ios,4,pre,1,6.29
378,ios,4,pre,1,6.6
379,ios,4,pre,1,5.55
380,ios,4,pre,1,6.64
381,ios,4,pre,1,8.04
382,ios,4,pre,1,5.58
383,ios,4,pre,1,8.1
384,ios,4,pre,1,7.71
385,ios,4,pre,1,6.38
386,ios,4,pre,1,7.9
387,ios,4,pre,1,6.07
388,ios,4,pre,1,6.4
389,ios,4,pre,1,6.49
390,ios,4,pre,1,4.47
391,ios,4,pre,1,5.09
392,ios,4,pre,1,6.09
393,ios,4,pre,1,7.22
394,ios,4,pre,1,4.63
395,ios,4,pre,1,6.14
396,ios,4,pre,1,4.95
397,ios,4,pre,1,7.32
398,ios,4,pre,1,6.24
399,ios,4,pre,1,6.31
400,ios,4,pre,1,6.62
401,ios,4,pre,1,5.49
402,ios,4,pre,1,7.22
403,ios,4,pre,1,6.4
404,ios,4,pre,1,5.16
405,ios,4,pre,1,7.16
406,ios,4,pre,1,5.35
407,ios,4,pre,1,5.18
408,ios,4,pre,1,4.5
409,ios,4,pre,1,6.51
410,ios,4,pre,1,4.44
411,ios,4,pre,1,6.7
412,ios,4,pre,1,7.33
413,ios,4,pre,1,5.16
414,ios,4,pre,1,7.21
415,ios,4,pre,1,6.39
416,ios,4,pre,1,6.57
417,ios,4,pre,1,5.74
418,ios,4,pre,1,6.29
419,ios,4,pre,1,6.06
420,ios,4,pre,1,6.53
421,ios,4,pre,1,4.68
422,ios,4,pre,1,5.26
423,ios,4,pre,1,7.17
424,ios,4,pre,1,6.15
425,ios,4,pre,1,6.74
426,ios,4,pre,1,6.05
427,ios,4,pre,1,5.05
428,ios,4,pre,1,6.28
429,ios,4,pre,1,9.08
430,ios,4,pre,1,6.42
431,ios,4,pre,1,7.53
432,ios,4,pre,1,5.71
433,ios,4,pre,1,7.86
434,ios,4,pre,1,8.49
435,ios,4,pre,1,6.27
436,ios,4,pre,1,6.53
437,ios,4,pre,1,6.61
438,ios,4,pre,1,5.31
439,ios,4,pre,1,4.35
440,ios,4,pre,1,6.39
441,ios,4,pre,1,4.46
442,ios,4,pre,1,6.8
443,ios,4,pre,1,6.0
444,ios,4,pre,1,5.28
445,ios,4,pre,1,8.12
446,ios,4,pre,1,7.11
447,ios,4,pre,1,5.32
448,ios,4,pre,1,5.63
449,ios,4,pre,1,6.55
450,ios,4,pre,1,5.69
451,ios,4,pre,1,6.0
452,ios,4,pre,1,5.4
453,ios,4,pre,1,4.8
454,ios,4,pre,1,5.46
455,ios,4,pre,1,7.04
456,ios,4,pre,1,5.82
457,ios,4,pre,1,6.23
458,ios,4,pre,1,2.87
459,ios,4,pre,1,6.63
460,ios,4,pre,1,7.1
461,ios,4,pre,1,4.51
462,ios,4,pre,1,6.23
463,ios,4,pre,1,6.52
464,ios,4,pre,1,2.86
465,ios,4,pre,1,7.68
466,ios,4,pre,1,6.58
467,ios,4,pre,1,4.98
468,ios,4,pre,1,5.39
469,ios,4,pre,1,5.16
470,ios,4,pre,1,7.52
471,ios,4,pre,1,4.54
472,ios,4,pre,1,7.74
473,ios,4,pre,1,5.33
474,ios,4,pre,1,6.23
475,ios,4,pre,1,7.08
476,ios,4,pre,1,6.19
477,ios,4,pre,1,7.5
478,ios,4,pre,1,6.18
479,ios,4,pre,1,3.55
480,ios,4,pre,1,7.61
481,ios,4,pre,1,4.36
482,ios,4,pre,1,7.63
483,ios,4,pre,1,7.05
484,ios,4,pre,1,6.3
485,ios,4,pre,1,7.19
486,ios,4,pre,1,7.7
487,ios,4,pre,1,8.56
488,ios,4,pre,1,4.28
489,ios,4,pre,1,6.13
490,ios,4,pre,1,6.26
491,ios,4,pre,1,6.12
492,ios,4,pre,1,6.12
493,ios,4,pre,1,5.12
494,ios,4,pre,1,5.43
495,ios,4,pre,1,4.75
496,ios,4,pre,1,3.85
497,ios,4,pre,1,6.31
498,ios,4,pre,1,3.59
499,ios,4,pre,1,5.37
500,ios,4,pre,1,5.13
1,ios,5,post,1,10.26
2,ios,5,post,1,9.12
3,ios,5,post,1,9.34
4,ios,5,post,1,10.4
5,ios,5,post,1,8.42
6,ios,5,post,1,10.23
7,ios,5,post,1,10.8
8,ios,5,post,1,9.09
9,ios,5,post,1,8.83
10,ios,5,post,1,10.14
11,ios,5,post,1,10.07
12,ios,5,post,1,8.99
13,ios,5,post,1,8.9
14,ios,5,post,1,9.33
15,ios,5,post,1,10.41
16,ios,5,post,1,7.78
17,ios,5,post,1,9.3
18,ios,5,post,1,9.48
19,ios,5,post,1,8.93
20,ios,5,post,1,8.58
21,ios,5,post,1,9.25
22,ios,5,post,1,8.27
23,ios,5,post,1,10.47
24,ios,5,post,1,8.53
25,ios,5,post,1,9.37
26,ios,5,post,1,10.59
27,ios,5,post,1,8.94
28,ios,5,post,1,9.31
29,ios,5,post,1,10.3
30,ios,5,post,1,10.14
31,ios,5,post,1,10.33
32,ios,5,post,1,9.34
33,ios,5,post,1,9.18
34,ios,5,post,1,8.27
35,ios,5,post,1,8.09
36,ios,5,post,1,7.77
37,ios,5,post,1,10.01
38,ios,5,post,1,7.8
39,ios,5,post,1,10.77
40,ios,5,post,1,8.48
41,ios,5,post,1,9.19
42,ios,5,post,1,8.08
43,ios,5,post,1,10.56
44,ios,5,post,1,7.22
45,ios,5,post,1,7.08
46,ios,5,post,1,11.37
47,ios,5,post,1,10.38
48,ios,5,post,1,9.55
49,ios,5,post,1,9.02
50,ios,5,post,1,10.05
51,ios,5,post,1,9.02
52,ios,5,post,1,9.24
53,ios,5,post,1,10.68
54,ios,5,post,1,9.42
55,ios,5,post,1,6.44
56,ios,5,post,1,10.57
57,ios,5,post,1,8.05
58,ios,5,post,1,6.58
59,ios,5,post,1,11.43
60,ios,5,post,1,9.32
61,ios,5,post,1,10.53
62,ios,5,post,1,10.95
63,ios,5,post,1,7.38
64,ios,5,post,1,9.6
65,ios,5,post,1,10.47
66,ios,5,post,1,9.54
67,ios,5,post,1,8.83
68,ios,5,post,1,9.05
69,ios,5,post,1,8.38
70,ios,5,post,1,8.36
71,ios,5,post,1,11.11
72,ios,5,post,1,10.73
73,ios,5,post,1,9.81
74,ios,5,post,1,10.45
75,ios,5,post,1,10.16
76,ios,5,post,1,10.14
77,ios,5,post,1,10.29
78,ios,5,post,1,9.19
79,ios,5,post,1,9.66
80,ios,5,post,1,8.54
81,ios,5,post,1,10.68
82,ios,5,post,1,9.75
83,ios,5,post,1,10.49
84,ios,5,post,1,10.86
85,ios,5,post,1,8.63
86,ios,5,post,1,9.15
87,ios,5,post,1,10.02
88,ios,5,post,1,9.92
89,ios,5,post,1,8.92
90,ios,5,post,1,8.81
91,ios,5,post,1,9.82
92,ios,5,post,1,10.62
93,ios,5,post,1,9.64
94,ios,5,post,1,9.69
95,ios,5,post,1,9.93
96,ios,5,post,1,9.2
97,ios,5,post,1,9.79
98,ios,5,post,1,7.41
99,ios,5,post,1,8.5
100,ios,5,post,1,9.95
101,ios,5,post,1,8.51
102,ios,5,post,1,9.65
103,ios,5,post,1,9.69
104,ios,5,post,1,10.04
105,ios,5,post,1,8.41
106,ios,5,post,1,10.03
107,ios,5,post,1,9.15
108,ios,5,post,1,9.29
109,ios,5,post,1,7.13
110,ios,5,post,1,10.77
111,ios,5,post,1,10.23
112,ios,5,post,1,9.32
113,ios,5,post,1,7.61
114,ios,5,post,1,9.82
115,ios,5,post,1,11.0
116,ios,5,post,1,9.55
117,ios,5,post,1,8.11
118,ios,5,post,1,11.21
119,ios,5,post,1,9.37
120,ios,5,post,1,8.65
121,ios,5,post,1,9.14
122,ios,5,post,1,9.75
123,ios,5,post,1,8.15
124,ios,5,post,1,9.92
125,ios,5,post,1,10.4
126,ios,5,post,1,9.19
127,ios,5,post,1,8.31
128,ios,5,post,1,7.6
129,ios,5,post,1,9.67
130,ios,5,post,1,9.9
131,ios,5,post,1,7.76
132,ios,5,post,1,9.44
133,ios,5,post,1,7.85
134,ios,5,post,1,9.01
135,ios,5,post,1,8.98
136,ios,5,post,1,8.88
137,ios,5,post,1,9.97
138,ios,5,post,1,8.8
139,ios,5,post,1,9.07
140,ios,5,post,1,9.73
141,ios,5,post,1,7.8
142,ios,5,post,1,10.95
143,ios,5,post,1,10.1
144,ios,5,post,1,8.61
145,ios,5,post,1,8.54
146,ios,5,post,1,8.77
147,ios,5,post,1,9.39
148,ios,5,post,1,8.61
149,ios,5,post,1,9.13
150,ios,5,post,1,8.52
151,ios,5,post,1,9.3
152,ios,5,post,1,10.06
153,ios,5,post,1,11.16
154,ios,5,post,1,9.86
155,ios,5,post,1,9.93
156,ios,5,post,1,9.34
157,ios,5,post,1,9.37
158,ios,5,post,1,8.51
159,ios,5,post,1,11.08
160,ios,5,post,1,9.84
161,ios,5,post,1,10.77
162,ios,5,post,1,8.72
163,ios,5,post,1,10.43
164,ios,5,post,1,7.9
165,ios,5,post,1,10.53
166,ios,5,post,1,9.64
167,ios,5,post,1,11.33
168,ios,5,post,1,9.55
169,ios,5,post,1,10.7
170,ios,5,post,1,11.68
171,ios,5,post,1,8.98
172,ios,5,post,1,6.86
173,ios,5,post,1,11.43
174,ios,5,post,1,9.2
175,ios,5,post,1,8.15
176,ios,5,post,1,9.71
177,ios,5,post,1,9.34
178,ios,5,post,1,10.18
179,ios,5,post,1,10.08
180,ios,5,post,1,10.52
181,ios,5,post,1,6.87
182,ios,5,post,1,8.78
183,ios,5,post,1,11.03
184,ios,5,post,1,7.73
185,ios,5,post,1,10.09
186,ios,5,post,1,8.05
187,ios,5,post,1,10.29
188,ios,5,post,1,9.58
189,ios,5,post,1,10.7
190,ios,5,post,1,10.07
191,ios,5,post,1,10.7
192,ios,5,post,1,10.18
193,ios,5,post,1,9.14
194,ios,5,post,1,8.55
195,ios,5,post,1,5.99
196,ios,5,post,1,9.12
197,ios,5,post,1,8.98
198,ios,5,post,1,9.43
199,ios,5,post,1,9.87
200,ios,5,post,1,7.6
201,ios,5,post,1,9.2
202,ios,5,post,1,9.48
203,ios,5,post,1,9.0
204,ios,5,post,1,9.19
205,ios,5,post,1,10.47
206,ios,5,post,1,8.51
207,ios,5,post,1,9.85
208,ios,5,post,1,8.59
209,ios,5,post,1,9.61
210,ios,5,post,1,8.79
211,ios,5,post,1,8.03
212,ios,5,post,1,10.04
213,ios,5,post,1,10.06
214,ios,5,post,1,7.51
215,ios,5,post,1,9.48
216,ios,5,post,1,7.85
217,ios,5,post,1,9.31
218,ios,5,post,1,9.71
219,ios,5,post,1,11.18
220,ios,5,post,1,9.77
221,ios,5,post,1,9.77
222,ios,5,post,1,7.79
223,ios,5,post,1,8.98
224,ios,5,post,1,12.01
225,ios,5,post,1,10.06
226,ios,5,post,1,8.38
227,ios,5,post,1,9.73
228,ios,5,post,1,10.48
229,ios,5,post,1,11.09
230,ios,5,post,1,8.51
231,ios,5,post,1,10.51
232,ios,5,post,1,10.5
233,ios,5,post,1,8.58
234,ios,5,post,1,7.79
235,ios,5,post,1,10.37
236,ios,5,post,1,10.89
237,ios,5,post,1,9.15
238,ios,5,post,1,10.2
239,ios,5,post,1,9.02
240,ios,5,post,1,8.86
241,ios,5,post,1,9.41
242,ios,5,post,1,8.89
243,ios,5,post,1,9.04
244,ios,5,post,1,8.94
245,ios,5,post,1,8.96
246,ios,5,post,1,11.09
247,ios,5,post,1,5.65
248,ios,5,post,1,9.03
249,ios,5,post,1,8.22
250,ios,5,post,1,8.6
251,ios,5,post,1,9.97
252,ios,5,post,1,10.26
253,ios,5,post,1,9.9
254,ios,5,post,1,8.66
255,ios,5,post,1,9.14
256,ios,5,post,1,10.78
257,ios,5,post,1,11.4
258,ios,5,post,1,10.2
259,ios,5,post,1,8.99
260,ios,5,post,1,11.37
261,ios,5,post,1,9.24
262,ios,5,post,1,11.67
263,ios,5,post,1,8.35
264,ios,5,post,1,9.0
265,ios,5,post,1,11.07
266,ios,5,post,1,9.08
267,ios,5,post,1,8.4
268,ios,5,post,1,9.86
269,ios,5,post,1,9.39
270,ios,5,post,1,9.02
271,ios,5,post,1,9.55
272,ios,5,post,1,8.77
273,ios,5,post,1,9.92
274,ios,5,post,1,9.48
275,ios,5,post,1,9.08
276,ios,5,post,1,9.37
277,ios,5,post,1,8.23
278,ios,5,post,1,11.3
279,ios,5,post,1,11.29
280,ios,5,post,1,9.97
281,ios,5,post,1,8.94
282,ios,5,post,1,11.51
283,ios,5,post,1,9.16
284,ios,5,post,1,8.26
285,ios,5,post,1,9.0
286,ios,5,post,1,9.51
287,ios,5,post,1,10.19
288,ios,5,post,1,9.94
289,ios,5,post,1,8.96
290,ios,5,post,1,8.01
291,ios,5,post,1,9.48
292,ios,5,post,1,9.56
293,ios,5,post,1,8.87
294,ios,5,post,1,9.96
295,ios,5,post,1,9.58
296,ios,5,post,1,9.15
297,ios,5,post,1,9.48
298,ios,5,post,1,9.03
299,ios,5,post,1,11.34
300,ios,5,post,1,10.0
301,ios,5,post,1,9.63
302,ios,5,post,1,7.71
303,ios,5,post,1,8.66
304,ios,5,post,1,9.27
305,ios,5,post,1,8.37
306,ios,5,post,1,9.99
307,ios,5,post,1,8.94
308,ios,5,post,1,9.29
309,ios,5,post,1,7.95
310,ios,5,post,1,9.4
311,ios,5,post,1,9.91
312,ios,5,post,1,10.36
313,ios,5,post,1,10.48
314,ios,5,post,1,9.18
315,ios,5,post,1,11.2
316,ios,5,post,1,9.45
317,ios,5,post,1,9.62
318,ios,5,post,1,9.89
319,ios,5,post,1,10.36
320,ios,5,post,1,9.58
321,ios,5,post,1,7.88
322,ios,5,post,1,9.44
323,ios,5,post,1,9.41
324,ios,5,post,1,8.49
325,ios,5,post,1,10.19
326,ios,5,post,1,12.05
327,ios,5,post,1,7.8
328,ios,5,post,1,11.52
329,ios,5,post,1,9.09
330,ios,5,post,1,9.36
331,ios,5,post,1,9.95
332,ios,5,post,1,9.31
333,ios,5,post,1,8.27
334,ios,5,post,1,9.65
335,ios,5,post,1,8.73
336,ios,5,post,1,6.84
337,ios,5,post,1,10.29
338,ios,5,post,1,10.57
339,ios,5,post,1,12.19
340,ios,5,post,1,9.96
341,ios,5,post,1,8.35
342,ios,5,post,1,9.59
343,ios,5,post,1,11.23
344,ios,5,post,1,10.26
345,ios,5,post,1,9.76
346,ios,5,post,1,7.93
347,ios,5,post,1,9.43
348,ios,5,post,1,9.05
349,ios,5,post,1,7.85
350,ios,5,post,1,8.76
351,ios,5,post,1,8.33
352,ios,5,post,1,6.52
353,ios,5,post,1,10.1
354,ios,5,post,1,10.12
355,ios,5,post,1,9.03
356,ios,5,post,1,8.46
357,ios,5,post,1,8.95
358,ios,5,post,1,8.92
359,ios,5,post,1,7.11
360,ios,5,post,1,9.58
361,ios,5,post,1,11.01
362,ios,5,post,1,9.54
363,ios,5,post,1,9.06
364,ios,5,post,1,10.89
365,ios,5,post,1,9.13
366,ios,5,post,1,8.55
367,ios,5,post,1,11.1
368,ios,5,post,1,9.9
369,ios,5,post,1,6.57
370,ios,5,post,1,7.96
371,ios,5,post,1,10.21
372,ios,5,post,1,10.13
373,ios,5,post,1,8.71
374,ios,5,post,1,8.83
375,ios,5,post,1,9.32
376,ios,5,post,1,9.68
377,ios,5,post,1,9.35
378,ios,5,post,1,7.59
379,ios,5,post,1,9.61
380,ios,5,post,1,8.79
381,ios,5,post,1,11.14
382,ios,5,post,1,8.88
383,ios,5,post,1,9.23
384,ios,5,post,1,10.88
385,ios,5,post,1,7.49
386,ios,5,post,1,11.15
387,ios,5,post,1,7.56
388,ios,5,post,1,9.43
389,ios,5,post,1,10.62
390,ios,5,post,1,10.8
391,ios,5,post,1,8.23
392,ios,5,post,1,10.27
393,ios,5,post,1,10.56
394,ios,5,post,1,9.31
395,ios,5,post,1,8.89
396,ios,5,post,1,7.24
397,ios,5,post,1,9.55
398,ios,5,post,1,9.85
399,ios,5,post,1,9.02
400,ios,5,post,1,9.63
401,ios,5,post,1,8.64
402,ios,5,post,1,9.39
403,ios,5,post,1,9.3
404,ios,5,post,1,8.46
405,ios,5,post,1,11.76
406,ios,5,post,1,9.95
407,ios,5,post,1,10.0
408,ios,5,post,1,8.91
409,ios,5,post,1,9.23
410,ios,5,post,1,9.46
411,ios,5,post,1,11.25
412,ios,5,post,1,10.74
413,ios,5,post,1,9.57
414,ios,5,post,1,8.74
415,ios,5,post,1,11.45
416,ios,5,post,1,9.83
417,ios,5,post,1,10.26
418,ios,5,post,1,7.81
419,ios,5,post,1,10.18
420,ios,5,post,1,11.11
421,ios,5,post,1,9.11
422,ios,5,post,1,9.4
423,ios,5,post,1,8.94
424,ios,5,post,1,10.78
425,ios,5,post,1,9.12
426,ios,5,post,1,9.85
427,ios,5,post,1,8.33
428,ios,5,post,1,11.02
429,ios,5,post,1,10.61
430,ios,5,post,1,9.59
431,ios,5,post,1,9.72
432,ios,5,post,1,8.25
433,ios,5,post,1,10.2
434,ios,5,post,1,10.47
435,ios,5,post,1,9.88
436,ios,5,post,1,9.13
437,ios,5,post,1,9.77
438,ios,5,post,1,10.14
439,ios,5,post,1,11.37
440,ios,5,post,1,8.82
441,ios,5,post,1,8.25
442,ios,5,post,1,11.58
443,ios,5,post,1,10.87
444,ios,5,post,1,8.67
445,ios,5,post,1,8.52
446,ios,5,post,1,9.74
447,ios,5,post,1,9.32
448,ios,5,post,1,9.37
449,ios,5,post,1,8.61
450,ios,5,post,1,9.45
451,ios,5,post,1,8.38
452,ios,5,post,1,8.48
453,ios,5,post,1,11.19
454,ios,5,post,1,9.14
455,ios,5,post,1,11.5
456,ios,5,post,1,8.11
457,ios,5,post,1,8.46
458,ios,5,post,1,7.5
459,ios,5,post,1,8.28
460,ios,5,post,1,8.94
461,ios,5,post,1,7.99
462,ios,5,post,1,8.72
463,ios,5,post,1,8.57
464,ios,5,post,1,9.09
465,ios,5,post,1,8.7
466,ios,5,post,1,10.15
467,ios,5,post,1,9.4
468,ios,5,post,1,10.34
469,ios,5,post,1,9.18
470,ios,5,post,1,10.76
471,ios,5,post,1,10.32
472,ios,5,post,1,8.94
473,ios,5,post,1,8.99
474,ios,5,post,1,8.24
475,ios,5,post,1,10.15
476,ios,5,post,1,7.99
477,ios,5,post,1,11.96
478,ios,5,post,1,10.81
479,ios,5,post,1,9.83
480,ios,5,post,1,9.62
481,ios,5,post,1,8.93
482,ios,5,post,1,7.89
483,ios,5,post,1,9.42
484,ios,5,post,1,9.66
485,ios,5,post,1,9.93
486,ios,5,post,1,11.61
487,ios,5,post,1,8.98
488,ios,5,post,1,9.31
489,ios,5,post,1,9.09
490,ios,5,post,1,9.82
491,ios,5,post,1,8.8
492,ios,5,post,1,10.97
493,ios,5,post,1,8.1
494,ios,5,post,1,8.67
495,ios,5,post,1,9.18
496,ios,5,post,1,10.88
497,ios,5,post,1,11.47
498,ios,5,post,1,9.31
499,ios,5,post,1,10.43
500,ios,5,post,1,9.52
1,ios,6,post,1,10.97
2,ios,6,post,1,10.02
3,ios,6,post,1,9.07
4,ios,6,post,1,10.69
5,ios,6,post,1,9.87
6,ios,6,post,1,11.19
7,ios,6,post,1,10.53
8,ios,6,post,1,11.94
9,ios,6,post,1,10.51
10,ios,6,post,1,9.06
11,ios,6,post,1,10.17
12,ios,6,post,1,7.96
13,ios,6,post,1,8.9
14,ios,6,post,1,9.76
15,ios,6,post,1,10.29
16,ios,6,post,1,10.24
17,ios,6,post,1,10.53
18,ios,6,post,1,10.55
19,ios,6,post,1,9.44
20,ios,6,post,1,9.09
21,ios,6,post,1,11.24
22,ios,6,post,1,9.59
23,ios,6,post,1,10.57
24,ios,6,post,1,11.34
25,ios,6,post,1,11.89
26,ios,6,post,1,9.72
27,ios,6,post,1,11.0
28,ios,6,post,1,9.37
29,ios,6,post,1,10.68
30,ios,6,post,1,10.34
31,ios,6,post,1,9.9
32,ios,6,post,1,8.52
33,ios,6,post,1,12.4
34,ios,6,post,1,8.5
35,ios,6,post,1,10.58
36,ios,6,post,1,10.08
37,ios,6,post,1,10.45
38,ios,6,post,1,10.57
39,ios,6,post,1,10.62
40,ios,6,post,1,11.15
41,ios,6,post,1,9.71
42,ios,6,post,1,9.98
43,ios,6,post,1,10.0
44,ios,6,post,1,10.0
45,ios,6,post,1,9.52
46,ios,6,post,1,10.09
47,ios,6,post,1,10.01
48,ios,6,post,1,8.77
49,ios,6,post,1,9.53
50,ios,6,post,1,8.23
51,ios,6,post,1,10.36
52,ios,6,post,1,11.7
53,ios,6,post,1,10.1
54,ios,6,post,1,10.91
55,ios,6,post,1,11.32
56,ios,6,post,1,10.3
57,ios,6,post,1,11.17
58,ios,6,post,1,9.29
59,ios,6,post,1,10.62
60,ios,6,post,1,9.21
61,ios,6,post,1,12.66
62,ios,6,post,1,10.65
63,ios,6,post,1,9.53
64,ios,6,post,1,8.61
65,ios,6,post,1,9.93
66,ios,6,post,1,10.64
67,ios,6,post,1,10.36
68,ios,6,post,1,8.48
69,ios,6,post,1,8.49
70,ios,6,post,1,10.37
71,ios,6,post,1,10.84
72,ios,6,post,1,10.71
73,ios,6,post,1,11.11
74,ios,6,post,1,10.43
75,ios,6,post,1,11.87
76,ios,6,post,1,11.27
77,ios,6,post,1,8.5
78,ios,6,post,1,8.86
79,ios,6,post,1,10.79
80,ios,6,post,1,10.36
81,ios,6,post,1,10.79
82,ios,6,post,1,9.75
83,ios,6,post,1,11.74
84,ios,6,post,1,11.89
85,ios,6,post,1,9.68
86,ios,6,post,1,10.93
87,ios,6,post,1,9.67
88,ios,6,post,1,7.16
89,ios,6,post,1,10.23
90,ios,6,post,1,8.27
91,ios,6,post,1,10.94
92,ios,6,post,1,9.79
93,ios,6,post,1,9.57
94,ios,6,post,1,9.74
95,ios,6,post,1,13.95
96,ios,6,post,1,10.82
97,ios,6,post,1,7.23
98,ios,6,post,1,9.96
99,ios,6,post,1,10.12
100,ios,6,post,1,11.82
101,ios,6,post,1,9.32
102,ios,6,post,1,10.21
103,ios,6,post,1,11.94
104,ios,6,post,1,8.92
105,ios,6,post,1,11.2
106,ios,6,post,1,10.9
107,ios,6,post,1,12.44
108,ios,6,post,1,10.29
109,ios,6,post,1,7.54
110,ios,6,post,1,10.87
111,ios,6,post,1,10.63
112,ios,6,post,1,9.87
113,ios,6,post,1,10.52
114,ios,6,post,1,7.58
115,ios,6,post,1,10.07
116,ios,6,post,1,10.72
117,ios,6,post,1,8.08
118,ios,6,post,1,11.42
119,ios,6,post,1,9.94
120,ios,6,post,1,9.71
121,ios,6,post,1,9.25
122,ios,6,post,1,10.48
123,ios,6,post,1,10.6
124,ios,6,post,1,9.0
125,ios,6,post,1,11.05
126,ios,6,post,1,10.97
127,ios,6,post,1,8.83
128,ios,6,post,1,10.18
129,ios,6,post,1,9.42
130,ios,6,post,1,9.19
131,ios,6,post,1,11.13
132,ios,6,post,1,9.18
133,ios,6,post,1,9.13
134,ios,6,post,1,7.79
135,ios,6,post,1,8.41
136,ios,6,post,1,9.09
137,ios,6,post,1,9.66
138,ios,6,post,1,9.52
139,ios,6,post,1,9.99
140,ios,6,post,1,10.86
141,ios,6,post,1,9.86
142,ios,6,post,1,8.8
143,ios,6,post,1,10.06
144,ios,6,post,1,10.58
145,ios,6,post,1,10.54
146,ios,6,post,1,9.75
147,ios,6,post,1,10.81
148,ios,6,post,1,10.2
149,ios,6,post,1,8.72
150,ios,6,post,1,11.78
151,ios,6,post,1,10.52
152,ios,6,post,1,10.65
153,ios,6,post,1,11.27
154,ios,6,post,1,11.58
155,ios,6,post,1,10.01
156,ios,6,post,1,8.81
157,ios,6,post,1,10.58
158,ios,6,post,1,8.73
159,ios,6,post,1,11.24
160,ios,6,post,1,7.75
161,ios,6,post,1,10.02
162,ios,6,post,1,9.4
163,ios,6,post,1,9.55
164,ios,6,post,1,9.42
165,ios,6,post,1,9.92
166,ios,6,post,1,10.44
167,ios,6,post,1,11.45
168,ios,6,post,1,11.22
169,ios,6,post,1,11.01
170,ios,6,post,1,11.37
171,ios,6,post,1,10.94
172,ios,6,post,1,8.29
173,ios,6,post,1,10.15
174,ios,6,post,1,10.19
175,ios,6,post,1,10.76
176,ios,6,post,1,11.78
177,ios,6,post,1,9.5
178,ios,6,post,1,10.22
179,ios,6,post,1,9.21
180,ios,6,post,1,10.33
181,ios,6,post,1,9.09
182,ios,6,post,1,8.4
183,ios,6,post,1,9.93
184,ios,6,post,1,10.45
185,ios,6,post,1,10.13
186,ios,6,post,1,9.73
187,ios,6,post,1,11.09
188,ios,6,post,1,9.65
189,ios,6,post,1,10.6
190,ios,6,post,1,9.49
191,ios,6,post,1,10.71
192,ios,6,post,1,9.28
193,ios,6,post,1,10.37
194,ios,6,post,1,10.95
195,ios,6,post,1,10.43
196,ios,6,post,1,10.86
197,ios,6,post,1,10.19
198,ios,6,post,1,8.9
199,ios,6,post,1,9.59
200,ios,6,post,1,9.88
201,ios,6,post,1,9.98
202,ios,6,post,1,10.63
203,ios,6,post,1,10.76
204,ios,6,post,1,10.1
205,ios,6,post,1,10.3
206,ios,6,post,1,10.95
207,ios,6,post,1,10.47
208,ios,6,post,1,9.58
209,ios,6,post,1,10.44
210,ios,6,post,1,10.42
211,ios,6,post,1,10.51
212,ios,6,post,1,10.59
213,ios,6,post,1,10.14
214,ios,6,post,1,11.01
215,ios,6,post,1,9.32
216,ios,6,post,1,10.42
217,ios,6,post,1,10.09
218,ios,6,post,1,10.54
219,ios,6,post,1,10.05
220,ios,6,post,1,9.1
221,ios,6,post,1,9.9
222,ios,6,post,1,11.47
223,ios,6,post,1,11.38
224,ios,6,post,1,10.56
225,ios,6,post,1,11.72
226,ios,6,post,1,8.24
227,ios,6,post,1,10.24
228,ios,6,post,1,10.59
229,ios,6,post,1,10.21
230,ios,6,post,1,11.98
231,ios,6,post,1,9.3
232,ios,6,post,1,11.31
233,ios,6,post,1,10.57
234,ios,6,post,1,9.11
235,ios,6,post,1,8.79
236,ios,6,post,1,11.77
237,ios,6,post,1,9.39
238,ios,6,post,1,8.19
239,ios,6,post,1,10.31
240,ios,6,post,1,11.38
241,ios,6,post,1,9.97
242,ios,6,post,1,10.68
243,ios,6,post,1,10.74
244,ios,6,post,1,10.06
245,ios,6,post,1,9.45
246,ios,6,post,1,10.9
247,ios,6,post,1,8.53
248,ios,6,post,1,9.78
249,ios,6,post,1,10.09
250,ios,6,post,1,12.8
251,ios,6,post,1,7.58
252,ios,6,post,1,11.89
253,ios,6,post,1,10.4
254,ios,6,post,1,9.85
255,ios,6,post,1,10.85
256,ios,6,post,1,9.49
257,ios,6,post,1,9.83
258,ios,6,post,1,9.86
259,ios,6,post,1,10.44
260,ios,6,post,1,11.67
261,ios,6,post,1,10.95
262,ios,6,post,1,9.63
263,ios,6,post,1,8.29
264,ios,6,post,1,8.76
265,ios,6,post,1,11.82
266,ios,6,post,1,10.09
267,ios,6,post,1,10.76
268,ios,6,post,1,10.62
269,ios,6,post,1,10.33
270,ios,6,post,1,10.29
271,ios,6,post,1,9.57
272,ios,6,post,1,11.27
273,ios,6,post,1,11.62
274,ios,6,post,1,8.55
275,ios,6,post,1,8.89
276,ios,6,post,1,10.87
277,ios,6,post,1,10.98
278,ios,6,post,1,12.26
279,ios,6,post,1,10.55
280,ios,6,post,1,10.52
281,ios,6,post,1,10.2
282,ios,6,post,1,10.6
283,ios,6,post,1,10.29
284,ios,6,post,1,11.58
285,ios,6,post,1,8.72
286,ios,6,post,1,9.9
287,ios,6,post,1,9.41
288,ios,6,post,1,8.73
289,ios,6,post,1,9.18
290,ios,6,post,1,6.48
291,ios,6,post,1,9.12
292,ios,6,post,1,8.54
293,ios,6,post,1,9.25
294,ios,6,post,1,11.17
295,ios,6,post,1,9.86
296,ios,6,post,1,11.28
297,ios,6,post,1,9.77
298,ios,6,post,1,9.46
299,ios,6,post,1,10.03
300,ios,6,post,1,8.64
301,ios,6,post,1,10.02
302,ios,6,post,1,7.42
303,ios,6,post,1,8.17
304,ios,6,post,1,11.0
305,ios,6,post,1,9.21
306,ios,6,post,1,9.09
307,ios,6,post,1,9.49
308,ios,6,post,1,9.34
309,ios,6,post,1,8.48
310,ios,6,post,1,9.31
311,ios,6,post,1,11.78
312,ios,6,post,1,10.02
313,ios,6,post,1,10.3
314,ios,6,post,1,8.85
315,ios,6,post,1,10.53
316,ios,6,post,1,8.91
317,ios,6,post,1,9.71
318,ios,6,post,1,9.97
319,ios,6,post,1,9.47
320,ios,6,post,1,8.53
321,ios,6,post,1,8.62
322,ios,6,post,1,10.63
323,ios,6,post,1,11.84
324,ios,6,post,1,11.3
325,ios,6,post,1,11.34
326,ios,6,post,1,10.01
327,ios,6,post,1,10.39
328,ios,6,post,1,11.25
329,ios,6,post,1,12.32
330,ios,6,post,1,9.43
331,ios,6,post,1,12.48
332,ios,6,post,1,9.66
333,ios,6,post,1,8.38
334,ios,6,post,1,10.03
335,ios,6,post,1,9.57
336,ios,6,post,1,8.29
337,ios,6,post,1,10.09
338,ios,6,post,1,10.1
339,ios,6,post,1,10.16
340,ios,6,post,1,10.32
341,ios,6,post,1,9.48
342,ios,6,post,1,7.72
343,ios,6,post,1,12.3
344,ios,6,post,1,9.27
345,ios,6,post,1,9.93
346,ios,6,post,1,9.89
347,ios,6,post,1,12.24
348,ios,6,post,1,7.96
349,ios,6,post,1,10.87
350,ios,6,post,1,10.56
351,ios,6,post,1,8.55
352,ios,6,post,1,9.13
353,ios,6,post,1,9.38
354,ios,6,post,1,9.54
355,ios,6,post,1,10.39
356,ios,6,post,1,8.38
357,ios,6,post,1,9.88
358,ios,6,post,1,9.62
359,ios,6,post,1,8.95
360,ios,6,post,1,10.11
361,ios,6,post,1,9.58
362,ios,6,post,1,9.92
363,ios,6,post,1,9.75
364,ios,6,post,1,12.42
365,ios,6,post,1,10.19
366,ios,6,post,1,8.95
367,ios,6,post,1,9.06
368,ios,6,post,1,11.77
369,ios,6,post,1,8.41
370,ios,6,post,1,9.46
371,ios,6,post,1,9.76
372,ios,6,post,1,9.55
373,ios,6,post,1,9.84
374,ios,6,post,1,8.2
375,ios,6,post,1,8.04
376,ios,6,post,1,7.83
377,ios,6,post,1,10.65
378,ios,6,post,1,8.79
379,ios,6,post,1,9.8
380,ios,6,post,1,7.2
381,ios,6,post,1,11.76
382,ios,6,post,1,10.4
383,ios,6,post,1,8.94
384,ios,6,post,1,11.01
385,ios,6,post,1,10.05
386,ios,6,post,1,9.26
387,ios,6,post,1,9.84
388,ios,6,post,1,10.08
389,ios,6,post,1,9.6
390,ios,6,post,1,9.83
391,ios,6,post,1,9.47
392,ios,6,post,1,11.08
393,ios,6,post,1,12.82
394,ios,6,post,1,8.74
395,ios,6,post,1,7.03
396,ios,6,post,1,9.68
397,ios,6,post,1,8.81
398,ios,6,post,1,9.81
399,ios,6,post,1,9.05
400,ios,6,post,1,11.26
401,ios,6,post,1,10.13
402,ios,6,post,1,10.34
403,ios,6,post,1,10.07
404,ios,6,post,1,11.47
405,ios,6,post,1,10.84
406,ios,6,post,1,10.55
407,ios,6,post,1,10.36
408,ios,6,post,1,10.03
409,ios,6,post,1,9.96
410,ios,6,post,1,10.78
411,ios,6,post,1,10.39
412,ios,6,post,1,9.8
413,ios,6,post,1,10.3
414,ios,6,post,1,8.83
415,ios,6,post,1,10.04
416,ios,6,post,1,11.6
417,ios,6,post,1,9.39
418,ios,6,post,1,9.38
419,ios,6,post,1,9.99
420,ios,6,post,1,10.55
421,ios,6,post,1,9.71
422,ios,6,post,1,9.64
423,ios,6,post,1,8.23
424,ios,6,post,1,9.8
425,ios,6,post,1,10.21
426,ios,6,post,1,12.12
427,ios,6,post,1,9.01
428,ios,6,post,1,9.55
429,ios,6,post,1,12.84
430,ios,6,post,1,8.82
431,ios,6,post,1,9.61
432,ios,6,post,1,9.17
433,ios,6,post,1,10.41
434,ios,6,post,1,10.74
435,ios,6,post,1,7.91
436,ios,6,post,1,9.65
437,ios,6,post,1,11.97
438,ios,6,post,1,8.34
439,ios,6,post,1,10.46
440,ios,6,post,1,10.73
441,ios,6,post,1,9.97
442,ios,6,post,1,11.23
443,ios,6,post,1,10.54
444,ios,6,post,1,10.03
445,ios,6,post,1,11.87
446,ios,6,post,1,11.08
447,ios,6,post,1,8.21
448,ios,6,post,1,8.99
449,ios,6,post,1,10.24
450,ios,6,post,1,10.21
451,ios,6,post,1,10.14
452,ios,6,post,1,9.48
453,ios,6,post,1,9.57
454,ios,6,post,1,9.11
455,ios,6,post,1,9.08
456,ios,6,post,1,11.31
457,ios,6,post,1,9.67
458,ios,6,post,1,8.7
459,ios,6,post,1,9.83
460,ios,6,post,1,10.91
461,ios,6,post,1,9.16
462,ios,6,post,1,10.95
463,ios,6,post,1,10.04
464,ios,6,post,1,9.71
465,ios,6,post,1,11.74
466,ios,6,post,1,10.26
467,ios,6,post,1,9.1
468,ios,6,post,1,9.4
469,ios,6,post,1,10.34
470,ios,6,post,1,10.41
471,ios,6,post,1,8.72
472,ios,6,post,1,10.49
473,ios,6,post,1,11.21
474,ios,6,post,1,9.03
475,ios,6,post,1,10.43
476,ios,6,post,1,9.13
477,ios,6,post,1,9.57
478,ios,6,post,1,8.36
479,ios,6,post,1,7.6
480,ios,6,post,1,11.23
481,ios,6,post,1,9.71
482,ios,6,post,1,7.21
483,ios,6,post,1,10.64
484,ios,6,post,1,12.59
485,ios,6,post,1,11.49
486,ios,6,post,1,11.26
487,ios,6,post,1,10.12
488,ios,6,post,1,9.06
489,ios,6,post,1,10.52
490,ios,6,post,1,8.84
491,ios,6,post,1,9.83
492,ios,6,post,1,10.0
493,ios,6,post,1,11.11
494,ios,6,post,1,9.96
495,ios,6,post,1,12.6
496,ios,6,post,1,11.16
497,ios,6,post,1,8.89
498,ios,6,post,1,10.0
499,ios,6,post,1,10.57
500,ios,6,post,1,9.83
1,ios,7,post,1,10.87
2,ios,7,post,1,8.97
3,ios,7,post,1,11.29
4,ios,7,post,1,11.38
5,ios,7,post,1,11.32
6,ios,7,post,1,12.68
7,ios,7,post,1,12.12
8,ios,7,post,1,9.8
9,ios,7,post,1,10.65
10,ios,7,post,1,10.83
11,ios,7,post,1,9.49
12,ios,7,post,1,10.63
13,ios,7,post,1,12.39
14,ios,7,post,1,11.41
15,ios,7,post,1,9.82
16,ios,7,post,1,9.47
17,ios,7,post,1,10.75
18,ios,7,post,1,8.79
19,ios,7,post,1,10.43
20,ios,7,post,1,10.69
21,ios,7,post,1,10.24
22,ios,7,post,1,10.96
23,ios,7,post,1,10.8
24,ios,7,post,1,9.6
25,ios,7,post,1,11.45
26,ios,7,post,1,11.8
27,ios,7,post,1,11.93
28,ios,7,post,1,9.34
29,ios,7,post,1,11.48
30,ios,7,post,1,9.1
31,ios,7,post,1,11.76
32,ios,7,post,1,9.74
33,ios,7,post,1,10.69
34,ios,7,post,1,9.79
35,ios,7,post,1,10.36
36,ios,7,post,1,10.1
37,ios,7,post,1,10.89
38,ios,7,post,1,9.07
39,ios,7,post,1,9.8
40,ios,7,post,1,10.17
41,ios,7,post,1,9.38
42,ios,7,post,1,9.36
43,ios,7,post,1,11.82
44,ios,7,post,1,8.68
45,ios,7,post,1,10.61
46,ios,7,post,1,12.59
47,ios,7,post,1,11.32
48,ios,7,post,1,9.2
49,ios,7,post,1,10.0
50,ios,7,post,1,9.5
51,ios,7,post,1,10.02
52,ios,7,post,1,10.23
53,ios,7,post,1,10.78
54,ios,7,post,1,10.98
55,ios,7,post,1,10.33
56,ios,7,post,1,10.02
57,ios,7,post,1,9.7
58,ios,7,post,1,10.49
59,ios,7,post,1,10.42
60,ios,7,post,1,9.6
61,ios,7,post,1,11.31
62,ios,7,post,1,10.82
63,ios,7,post,1,10.36
64,ios,7,post,1,9.22
65,ios,7,post,1,13.61
66,ios,7,post,1,10.43
67,ios,7,post,1,10.74
68,ios,7,post,1,10.6
69,ios,7,post,1,11.25
70,ios,7,post,1,10.59
71,ios,7,post,1,11.23
72,ios,7,post,1,11.25
73,ios,7,post,1,9.95
74,ios,7,post,1,10.24
75,ios,7,post,1,12.73
76,ios,7,post,1,10.15
77,ios,7,post,1,11.06
78,ios,7,post,1,9.37
79,ios,7,post,1,9.72
80,ios,7,post,1,10.09
81,ios,7,post,1,11.43
82,ios,7,post,1,10.93
83,ios,7,post,1,10.82
84,ios,7,post,1,12.39
85,ios,7,post,1,10.26
86,ios,7,post,1,11.56
87,ios,7,post,1,11.19
88,ios,7,post,1,10.7
89,ios,7,post,1,12.2
90,ios,7,post,1,9.97
91,ios,7,post,1,10.56
92,ios,7,post,1,9.3
93,ios,7,post,1,10.44
94,ios,7,post,1,11.73
95,ios,7,post,1,12.35
96,ios,7,post,1,11.21
97,ios,7,post,1,10.08
98,ios,7,post,1,9.34
99,ios,7,post,1,12.83
100,ios,7,post,1,9.73
101,ios,7,post,1,8.49
102,ios,7,post,1,10.02
103,ios,7,post,1,9.89
104,ios,7,post,1,10.54
105,ios,7,post,1,11.62
106,ios,7,post,1,12.79
107,ios,7,post,1,11.79
108,ios,7,post,1,10.92
109,ios,7,post,1,10.66
110,ios,7,post,1,11.41
111,ios,7,post,1,11.48
112,ios,7,post,1,10.98
113,ios,7,post,1,10.25
114,ios,7,post,1,9.51
115,ios,7,post,1,8.53
116,ios,7,post,1,12.23
117,ios,7,post,1,9.72
118,ios,7,post,1,12.21
119,ios,7,post,1,10.31
120,ios,7,post,1,8.91
121,ios,7,post,1,11.11
122,ios,7,post,1,11.56
123,ios,7,post,1,9.67
124,ios,7,post,1,10.1
125,ios,7,post,1,11.19
126,ios,7,post,1,11.0
127,ios,7,post,1,9.14
128,ios,7,post,1,10.63
129,ios,7,post,1,8.74
130,ios,7,post,1,9.82
131,ios,7,post,1,11.41
132,ios,7,post,1,10.3
133,ios,7,post,1,10.29
134,ios,7,post,1,10.33
135,ios,7,post,1,9.9
136,ios,7,post,1,10.64
137,ios,7,post,1,9.92
138,ios,7,post,1,9.56
139,ios,7,post,1,11.45
140,ios,7,post,1,11.09
141,ios,7,post,1,11.47
142,ios,7,post,1,10.1
143,ios,7,post,1,10.03
144,ios,7,post,1,10.38
145,ios,7,post,1,10.0
146,ios,7,post,1,10.19
147,ios,7,post,1,11.08
148,ios,7,post,1,10.34
149,ios,7,post,1,10.92
150,ios,7,post,1,11.22
151,ios,7,post,1,11.23
152,ios,7,post,1,11.24
153,ios,7,post,1,11.7
154,ios,7,post,1,10.59
155,ios,7,post,1,10.57
156,ios,7,post,1,11.1
157,ios,7,post,1,11.24
158,ios,7,post,1,9.99
159,ios,7,post,1,10.78
160,ios,7,post,1,10.25
161,ios,7,post,1,10.01
162,ios,7,post,1,10.93
163,ios,7,post,1,11.07
164,ios,7,post,1,8.88
165,ios,7,post,1,10.89
166,ios,7,post,1,11.87
167,ios,7,post,1,10.13
168,ios,7,post,1,10.96
169,ios,7,post,1,10.22
170,ios,7,post,1,9.88
171,ios,7,post,1,11.44
172,ios,7,post,1,9.44
173,ios,7,post,1,11.73
174,ios,7,post,1,9.36
175,ios,7,post,1,11.01
176,ios,7,post,1,10.01
177,ios,7,post,1,9.43
178,ios,7,post,1,10.56
179,ios,7,post,1,10.74
180,ios,7,post,1,11.21
181,ios,7,post,1,8.06
182,ios,7,post,1,10.77
183,ios,7,post,1,9.27
184,ios,7,post,1,9.98
185,ios,7,post,1,10.51
186,ios,7,post,1,10.18
187,ios,7,post,1,9.76
188,ios,7,post,1,11.36
189,ios,7,post,1,10.77
190,ios,7,post,1,11.02
191,ios,7,post,1,10.4
192,ios,7,post,1,9.46
193,ios,7,post,1,10.38
194,ios,7,post,1,10.5
195,ios,7,post,1,10.76
196,ios,7,post,1,9.5
197,ios,7,post,1,12.37
198,ios,7,post,1,10.76
199,ios,7,post,1,10.46
200,ios,7,post,1,12.16
201,ios,7,post,1,9.47
202,ios,7,post,1,10.34
203,ios,7,post,1,10.5
204,ios,7,post,1,11.53
205,ios,7,post,1,11.21
206,ios,7,post,1,9.68
207,ios,7,post,1,12.03
208,ios,7,post,1,9.03
209,ios,7,post,1,10.97
210,ios,7,post,1,10.62
211,ios,7,post,1,11.23
212,ios,7,post,1,11.54
213,ios,7,post,1,12.55
214,ios,7,post,1,9.31
215,ios,7,post,1,9.18
216,ios,7,post,1,9.81
217,ios,7,post,1,10.39
218,ios,7,post,1,12.28
219,ios,7,post,1,11.91
220,ios,7,post,1,9.72
221,ios,7,post,1,10.27
222,ios,7,post,1,9.58
223,ios,7,post,1,9.73
224,ios,7,post,1,11.81
225,ios,7,post,1,9.72
226,ios,7,post,1,10.4
227,ios,7,post,1,9.98
228,ios,7,post,1,10.47
229,ios,7,post,1,13.63
230,ios,7,post,1,9.87
231,ios,7,post,1,11.24
232,ios,7,post,1,11.89
233,ios,7,post,1,12.02
234,ios,7,post,1,9.2
235,ios,7,post,1,7.13
236,ios,7,post,1,12.99
237,ios,7,post,1,10.89
238,ios,7,post,1,9.19
239,ios,7,post,1,10.39
240,ios,7,post,1,9.05
241,ios,7,post,1,8.89
242,ios,7,post,1,11.58
243,ios,7,post,1,9.24
244,ios,7,post,1,10.4
245,ios,7,post,1,9.47
246,ios,7,post,1,12.92
247,ios,7,post,1,10.91
248,ios,7,post,1,7.95
249,ios,7,post,1,11.79
250,ios,7,post,1,8.4
251,ios,7,post,1,9.69
252,ios,7,post,1,10.35
253,ios,7,post,1,11.22
254,ios,7,post,1,11.0
255,ios,7,post,1,11.1
256,ios,7,post,1,10.37
257,ios,7,post,1,11.65
258,ios,7,post,1,9.44
259,ios,7,post,1,10.27
260,ios,7,post,1,9.82
261,ios,7,post,1,8.73
262,ios,7,post,1,8.66
263,ios,7,post,1,9.5
264,ios,7,post,1,8.8
265,ios,7,post,1,11.57
266,ios,7,post,1,12.21
267,ios,7,post,1,10.19
268,ios,7,post,1,10.25
269,ios,7,post,1,11.56
270,ios,7,post,1,9.5
271,ios,7,post,1,10.04
272,ios,7,post,1,9.86
273,ios,7,post,1,10.64
274,ios,7,post,1,10.19
275,ios,7,post,1,10.46
276,ios,7,post,1,9.09
277,ios,7,post,1,10.82
278,ios,7,post,1,11.55
279,ios,7,post,1,10.85
280,ios,7,post,1,10.71
281,ios,7,post,1,11.7
282,ios,7,post,1,11.52
283,ios,7,post,1,10.14
284,ios,7,post,1,10.65
285,ios,7,post,1,10.78
286,ios,7,post,1,12.17
287,ios,7,post,1,11.49
288,ios,7,post,1,10.48
289,ios,7,post,1,10.8
290,ios,7,post,1,9.28
291,ios,7,post,1,9.55
292,ios,7,post,1,10.39
293,ios,7,post,1,13.3
294,ios,7,post,1,11.45
295,ios,7,post,1,11.09
296,ios,7,post,1,9.44
297,ios,7,post,1,8.51
298,ios,7,post,1,9.13
299,ios,7,post,1,11.21
300,ios,7,post,1,10.96
301,ios,7,post,1,10.19
302,ios,7,post,1,8.87
303,ios,7,post,1,9.6
304,ios,7,post,1,9.0
305,ios,7,post,1,9.33
306,ios,7,post,1,12.45
307,ios,7,post,1,8.92
308,ios,7,post,1,9.14
309,ios,7,post,1,10.27
310,ios,7,post,1,9.62
311,ios,7,post,1,11.48
312,ios,7,post,1,8.76
313,ios,7,post,1,12.04
314,ios,7,post,1,6.29
315,ios,7,post,1,11.0
316,ios,7,post,1,10.37
317,ios,7,post,1,10.02
318,ios,7,post,1,11.07
319,ios,7,post,1,10.82
320,ios,7,post,1,8.28
321,ios,7,post,1,10.23
322,ios,7,post,1,11.77
323,ios,7,post,1,12.45
324,ios,7,post,1,11.27
325,ios,7,post,1,9.44
326,ios,7,post,1,9.61
327,ios,7,post,1,9.62
328,ios,7,post,1,11.87
329,ios,7,post,1,9.88
330,ios,7,post,1,10.9
331,ios,7,post,1,9.7
332,ios,7,post,1,10.02
333,ios,7,post,1,10.87
334,ios,7,post,1,10.13
335,ios,7,post,1,10.42
336,ios,7,post,1,9.03
337,ios,7,post,1,9.69
338,ios,7,post,1,10.8
339,ios,7,post,1,9.44
340,ios,7,post,1,11.23
341,ios,7,post,1,11.09
342,ios,7,post,1,9.68
343,ios,7,post,1,9.31
344,ios,7,post,1,11.83
345,ios,7,post,1,12.24
346,ios,7,post,1,8.41
347,ios,7,post,1,11.37
348,ios,7,post,1,12.11
349,ios,7,post,1,8.85
350,ios,7,post,1,10.62
351,ios,7,post,1,9.35
352,ios,7,post,1,11.67
353,ios,7,post,1,9.99
354,ios,7,post,1,11.53
355,ios,7,post,1,10.24
356,ios,7,post,1,10.29
357,ios,7,post,1,10.23
358,ios,7,post,1,10.36
359,ios,7,post,1,9.41
360,ios,7,post,1,9.38
361,ios,7,post,1,11.14
362,ios,7,post,1,10.93
363,ios,7,post,1,9.96
364,ios,7,post,1,12.69
365,ios,7,post,1,8.9
366,ios,7,post,1,10.55
367,ios,7,post,1,13.88
368,ios,7,post,1,11.31
369,ios,7,post,1,9.42
370,ios,7,post,1,9.52
371,ios,7,post,1,12.39
372,ios,7,post,1,11.61
373,ios,7,post,1,11.57
374,ios,7,post,1,9.84
375,ios,7,post,1,9.84
376,ios,7,post,1,11.36
377,ios,7,post,1,11.04
378,ios,7,post,1,10.26
379,ios,7,post,1,10.2
380,ios,7,post,1,10.52
381,ios,7,post,1,11.43
382,ios,7,post,1,10.86
383,ios,7,post,1,10.39
384,ios,7,post,1,9.02
385,ios,7,post,1,11.73
386,ios,7,post,1,9.64
387,ios,7,post,1,9.53
388,ios,7,post,1,9.67
389,ios,7,post,1,12.35
390,ios,7,post,1,10.7
391,ios,7,post,1,11.47
392,ios,7,post,1,12.6
393,ios,7,post,1,9.36
394,ios,7,post,1,12.36
395,ios,7,post,1,9.61
396,ios,7,post,1,8.92
397,ios,7,post,1,8.52
398,ios,7,post,1,10.99
399,ios,7,post,1,11.84
400,ios,7,post,1,11.72
401,ios,7,post,1,12.59
402,ios,7,post,1,11.63
403,ios,7,post,1,10.94
404,ios,7,post,1,12.26
405,ios,7,post,1,12.56
406,ios,7,post,1,10.88
407,ios,7,post,1,10.64
408,ios,7,post,1,9.28
409,ios,7,post,1,10.2
410,ios,7,post,1,10.49
411,ios,7,post,1,10.55
412,ios,7,post,1,10.47
413,ios,7,post,1,10.58
414,ios,7,post,1,9.31
415,ios,7,post,1,11.57
416,ios,7,post,1,10.71
417,ios,7,post,1,8.05
418,ios,7,post,1,10.28
419,ios,7,post,1,10.22
420,ios,7,post,1,10.27
421,ios,7,post,1,9.74
422,ios,7,post,1,13.18
423,ios,7,post,1,12.01
424,ios,7,post,1,8.44
425,ios,7,post,1,10.46
426,ios,7,post,1,11.5
427,ios,7,post,1,10.49
428,ios,7,post,1,11.34
429,ios,7,post,1,11.26
430,ios,7,post,1,10.51
431,ios,7,post,1,11.29
432,ios,7,post,1,10.44
433,ios,7,post,1,11.4
434,ios,7,post,1,11.83
435,ios,7,post,1,10.54
436,ios,7,post,1,9.56
437,ios,7,post,1,11.72
438,ios,7,post,1,9.61
439,ios,7,post,1,10.04
440,ios,7,post,1,9.35
441,ios,7,post,1,9.68
442,ios,7,post,1,10.95
443,ios,7,post,1,10.57
444,ios,7,post,1,11.36
445,ios,7,post,1,12.84
446,ios,7,post,1,10.67
447,ios,7,post,1,10.16
448,ios,7,post,1,12.69
449,ios,7,post,1,10.56
450,ios,7,post,1,11.28
451,ios,7,post,1,12.16
452,ios,7,post,1,9.75
453,ios,7,post,1,10.37
454,ios,7,post,1,10.49
455,ios,7,post,1,11.0
456,ios,7,post,1,10.35
457,ios,7,post,1,10.04
458,ios,7,post,1,9.48
459,ios,7,post,1,10.25
460,ios,7,post,1,9.59
461,ios,7,post,1,10.25
462,ios,7,post,1,11.66
463,ios,7,post,1,9.96
464,ios,7,post,1,8.63
465,ios,7,post,1,11.2
466,ios,7,post,1,9.18
467,ios,7,post,1,9.78
468,ios,7,post,1,11.59
469,ios,7,post,1,10.17
470,ios,7,post,1,10.84
471,ios,7,post,1,10.37
472,ios,7,post,1,10.85
473,ios,7,post,1,10.64
474,ios,7,post,1,9.49
475,ios,7,post,1,10.53
476,ios,7,post,1,9.96
477,ios,7,post,1,10.67
478,ios,7,post,1,10.57
479,ios,7,post,1,10.74
480,ios,7,post,1,11.09
481,ios,7,post,1,10.56
482,ios,7,post,1,10.81
483,ios,7,post,1,10.82
484,ios,7,post,1,9.51
485,ios,7,post,1,11.17
486,ios,7,post,1,10.59
487,ios,7,post,1,10.09
488,ios,7,post,1,12.19
489,ios,7,post,1,9.64
490,ios,7,post,1,9.94
491,ios,7,post,1,8.83
492,ios,7,post,1,11.57
493,ios,7,post,1,10.92
494,ios,7,post,1,11.44
495,ios,7,post,1,12.7
496,ios,7,post,1,10.99
497,ios,7,post,1,11.26
498,ios,7,post,1,10.0
499,ios,7,post,1,10.06
500,ios,7,post,1,10.75
1,ios,8,post,1,12.2
2,ios,8,post,1,10.61
3,ios,8,post,1,9.95
4,ios,8,post,1,11.19
5,ios,8,post,1,10.7
6,ios,8,post,1,11.41
7,ios,8,post,1,11.1
8,ios,8,post,1,12.2
9,ios,8,post,1,10.96
10,ios,8,post,1,10.48
11,ios,8,post,1,12.01
12,ios,8,post,1,10.67
13,ios,8,post,1,10.01
14,ios,8,post,1,10.89
15,ios,8,post,1,12.17
16,ios,8,post,1,8.25
17,ios,8,post,1,11.62
18,ios,8,post,1,11.03
19,ios,8,post,1,11.13
20,ios,8,post,1,9.38
21,ios,8,post,1,10.57
22,ios,8,post,1,9.51
23,ios,8,post,1,11.22
24,ios,8,post,1,11.76
25,ios,8,post,1,12.15
26,ios,8,post,1,13.41
27,ios,8,post,1,12.71
28,ios,8,post,1,9.87
29,ios,8,post,1,10.95
30,ios,8,post,1,9.72
31,ios,8,post,1,10.37
32,ios,8,post,1,11.06
33,ios,8,post,1,10.34
34,ios,8,post,1,10.58
35,ios,8,post,1,11.55
36,ios,8,post,1,12.27
37,ios,8,post,1,12.79
38,ios,8,post,1,10.34
39,ios,8,post,1,9.07
40,ios,8,post,1,11.2
41,ios,8,post,1,10.25
42,ios,8,post,1,9.8
43,ios,8,post,1,10.86
44,ios,8,post,1,8.79
45,ios,8,post,1,10.29
46,ios,8,post,1,10.44
47,ios,8,post,1,12.36
48,ios,8,post,1,11.17
49,ios,8,post,1,12.81
50,ios,8,post,1,11.31
51,ios,8,post,1,11.15
52,ios,8,post,1,12.87
53,ios,8,post,1,11.7
54,ios,8,post,1,10.96
55,ios,8,post,1,10.16
56,ios,8,post,1,12.1
57,ios,8,post,1,10.46
58,ios,8,post,1,11.24
59,ios,8,post,1,11.39
60,ios,8,post,1,9.97
61,ios,8,post,1,10.71
62,ios,8,post,1,12.59
63,ios,8,post,1,7.29
64,ios,8,post,1,10.28
65,ios,8,post,1,11.29
66,ios,8,post,1,11.98
67,ios,8,post,1,11.87
68,ios,8,post,1,12.92
69,ios,8,post,1,10.33
70,ios,8,post,1,9.43
71,ios,8,post,1,12.72
72,ios,8,post,1,10.22
73,ios,8,post,1,9.16
74,ios,8,post,1,12.86
75,ios,8,post,1,11.44
76,ios,8,post,1,10.45
77,ios,8,post,1,11.32
78,ios,8,post,1,9.21
79,ios,8,post,1,12.56
80,ios,8,post,1,10.57
81,ios,8,post,1,13.1
82,ios,8,post,1,10.91
83,ios,8,post,1,11.23
84,ios,8,post,1,11.4
85,ios,8,post,1,10.69
86,ios,8,post,1,9.88
87,ios,8,post,1,11.85
88,ios,8,post,1,9.57
89,ios,8,post,1,12.06
90,ios,8,post,1,10.14
91,ios,8,post,1,11.36
92,ios,8,post,1,10.9
93,ios,8,post,1,12.54
94,ios,8,post,1,9.87
95,ios,8,post,1,13.44
96,ios,8,post,1,10.53
97,ios,8,post,1,12.0
98,ios,8,post,1,10.22
99,ios,8,post,1,12.17
100,ios,8,post,1,11.68
101,ios,8,post,1,9.83
102,ios,8,post,1,11.5
103,ios,8,post,1,12.01
104,ios,8,post,1,10.89
105,ios,8,post,1,10.59
106,ios,8,post,1,12.6
107,ios,8,post,1,10.88
108,ios,8,post,1,12.05
109,ios,8,post,1,12.3
110,ios,8,post,1,11.96
111,ios,8,post,1,12.68
112,ios,8,post,1,9.55
113,ios,8,post,1,11.39
114,ios,8,post,1,11.39
115,ios,8,post,1,9.12
116,ios,8,post,1,11.47
117,ios,8,post,1,10.93
118,ios,8,post,1,11.35
119,ios,8,post,1,10.66
120,ios,8,post,1,9.72
121,ios,8,post,1,11.56
122,ios,8,post,1,10.35
123,ios,8,post,1,9.58
124,ios,8,post,1,10.45
125,ios,8,post,1,11.19
126,ios,8,post,1,10.84
127,ios,8,post,1,10.67
128,ios,8,post,1,9.72
129,ios,8,post,1,12.1
130,ios,8,post,1,10.86
131,ios,8,post,1,11.34
132,ios,8,post,1,10.5
133,ios,8,post,1,9.99
134,ios,8,post,1,11.27
135,ios,8,post,1,10.66
136,ios,8,post,1,11.97
137,ios,8,post,1,10.77
138,ios,8,post,1,11.34
139,ios,8,post,1,11.88
140,ios,8,post,1,10.78
141,ios,8,post,1,9.68
142,ios,8,post,1,10.31
143,ios,8,post,1,11.14
144,ios,8,post,1,11.91
145,ios,8,post,1,10.37
146,ios,8,post,1,11.27
147,ios,8,post,1,12.69
148,ios,8,post,1,12.24
149,ios,8,post,1,11.21
150,ios,8,post,1,10.26
151,ios,8,post,1,11.09
152,ios,8,post,1,11.31
153,ios,8,post,1,11.34
154,ios,8,post,1,9.7
155,ios,8,post,1,13.35
156,ios,8,post,1,13.57
157,ios,8,post,1,11.57
158,ios,8,post,1,10.07
159,ios,8,post,1,13.11
160,ios,8,post,1,8.59
161,ios,8,post,1,10.76
162,ios,8,post,1,11.01
163,ios,8,post,1,12.17
164,ios,8,post,1,9.68
165,ios,8,post,1,9.29
166,ios,8,post,1,10.43
167,ios,8,post,1,10.62
168,ios,8,post,1,10.14
169,ios,8,post,1,11.41
170,ios,8,post,1,10.85
171,ios,8,post,1,10.69
172,ios,8,post,1,9.95
173,ios,8,post,1,15.17
174,ios,8,post,1,11.07
175,ios,8,post,1,10.86
176,ios,8,post,1,10.48
177,ios,8,post,1,11.96
178,ios,8,post,1,13.55
179,ios,8,post,1,10.11
180,ios,8,post,1,11.14
181,ios,8,post,1,9.86
182,ios,8,post,1,9.38
183,ios,8,post,1,9.57
184,ios,8,post,1,10.37
185,ios,8,post,1,11.28
186,ios,8,post,1,12.38
187,ios,8,post,1,10.78
188,ios,8,post,1,11.49
189,ios,8,post,1,11.74
190,ios,8,post,1,10.49
191,ios,8,post,1,9.01
192,ios,8,post,1,10.28
193,ios,8,post,1,14.01
194,ios,8,post,1,11.53
195,ios,8,post,1,9.89
196,ios,8,post,1,10.37
197,ios,8,post,1,11.16
198,ios,8,post,1,10.88
199,ios,8,post,1,11.17
200,ios,8,post,1,12.48
201,ios,8,post,1,10.73
202,ios,8,post,1,9.96
203,ios,8,post,1,12.46
204,ios,8,post,1,12.03
205,ios,8,post,1,12.31
206,ios,8,post,1,10.42
207,ios,8,post,1,11.05
208,ios,8,post,1,9.12
209,ios,8,post,1,10.05
210,ios,8,post,1,9.77
211,ios,8,post,1,12.43
212,ios,8,post,1,11.52
213,ios,8,post,1,11.68
214,ios,8,post,1,10.73
215,ios,8,post,1,10.03
216,ios,8,post,1,11.38
217,ios,8,post,1,9.2
218,ios,8,post,1,11.57
219,ios,8,post,1,12.28
220,ios,8,post,1,10.66
221,ios,8,post,1,10.44
222,ios,8,post,1,9.59
223,ios,8,post,1,10.73
224,ios,8,post,1,10.06
225,ios,8,post,1,12.14
226,ios,8,post,1,8.93
227,ios,8,post,1,11.62
228,ios,8,post,1,13.09
229,ios,8,post,1,12.71
230,ios,8,post,1,13.11
231,ios,8,post,1,10.19
232,ios,8,post,1,13.69
233,ios,8,post,1,10.25
234,ios,8,post,1,10.98
235,ios,8,post,1,11.03
236,ios,8,post,1,10.86
237,ios,8,post,1,10.36
238,ios,8,post,1,12.52
239,ios,8,post,1,12.66
240,ios,8,post,1,12.76
241,ios,8,post,1,11.39
242,ios,8,post,1,14.45
243,ios,8,post,1,9.58
244,ios,8,post,1,12.76
245,ios,8,post,1,9.63
246,ios,8,post,1,14.2
247,ios,8,post,1,9.99
248,ios,8,post,1,10.98
249,ios,8,post,1,10.0
250,ios,8,post,1,11.07
251,ios,8,post,1,9.48
252,ios,8,post,1,11.33
253,ios,8,post,1,11.48
254,ios,8,post,1,11.83
255,ios,8,post,1,12.23
256,ios,8,post,1,9.63
257,ios,8,post,1,10.42
258,ios,8,post,1,10.09
259,ios,8,post,1,11.03
260,ios,8,post,1,12.68
261,ios,8,post,1,11.65
262,ios,8,post,1,9.58
263,ios,8,post,1,9.41
264,ios,8,post,1,11.45
265,ios,8,post,1,14.03
266,ios,8,post,1,11.01
267,ios,8,post,1,9.56
268,ios,8,post,1,11.52
269,ios,8,post,1,12.69
270,ios,8,post,1,11.09
271,ios,8,post,1,11.05
272,ios,8,post,1,10.23
273,ios,8,post,1,12.62
274,ios,8,post,1,11.1
275,ios,8,post,1,11.43
276,ios,8,post,1,11.55
277,ios,8,post,1,11.89
278,ios,8,post,1,10.65
279,ios,8,post,1,11.52
280,ios,8,post,1,12.18
281,ios,8,post,1,12.56
282,ios,8,post,1,11.17
283,ios,8,post,1,10.03
284,ios,8,post,1,12.45
285,ios,8,post,1,10.33
286,ios,8,post,1,12.36
287,ios,8,post,1,12.32
288,ios,8,post,1,9.3
289,ios,8,post,1,11.27
290,ios,8,post,1,8.49
291,ios,8,post,1,11.75
292,ios,8,post,1,11.76
293,ios,8,post,1,9.94
294,ios,8,post,1,10.05
295,ios,8,post,1,12.44
296,ios,8,post,1,11.47
297,ios,8,post,1,11.71
298,ios,8,post,1,9.1
299,ios,8,post,1,13.12
300,ios,8,post,1,9.92
301,ios,8,post,1,11.46
302,ios,8,post,1,11.12
303,ios,8,post,1,11.0
304,ios,8,post,1,11.9
305,ios,8,post,1,12.76
306,ios,8,post,1,10.56
307,ios,8,post,1,10.18
308,ios,8,post,1,10.71
309,ios,8,post,1,9.72
310,ios,8,post,1,9.9
311,ios,8,post,1,12.34
312,ios,8,post,1,10.6
313,ios,8,post,1,11.19
314,ios,8,post,1,9.69
315,ios,8,post,1,12.04
316,ios,8,post,1,9.74
317,ios,8,post,1,12.28
318,ios,8,post,1,10.43
319,ios,8,post,1,10.23
320,ios,8,post,1,11.43
321,ios,8,post,1,11.18
322,ios,8,post,1,14.13
323,ios,8,post,1,11.96
324,ios,8,post,1,11.67
325,ios,8,post,1,10.14
326,ios,8,post,1,11.08
327,ios,8,post,1,9.89
328,ios,8,post,1,11.3
329,ios,8,post,1,12.42
330,ios,8,post,1,10.48
331,ios,8,post,1,10.63
332,ios,8,post,1,11.71
333,ios,8,post,1,8.47
334,ios,8,post,1,10.46
335,ios,8,post,1,11.45
336,ios,8,post,1,9.68
337,ios,8,post,1,11.48
338,ios,8,post,1,10.35
339,ios,8,post,1,11.75
340,ios,8,post,1,11.96
341,ios,8,post,1,10.88
342,ios,8,post,1,10.12
343,ios,8,post,1,12.68
344,ios,8,post,1,10.15
345,ios,8,post,1,11.88
346,ios,8,post,1,10.58
347,ios,8,post,1,13.2
348,ios,8,post,1,12.7
349,ios,8,post,1,11.17
350,ios,8,post,1,12.07
351,ios,8,post,1,11.55
352,ios,8,post,1,9.85
353,ios,8,post,1,11.05
354,ios,8,post,1,11.41
355,ios,8,post,1,10.58
356,ios,8,post,1,10.14
357,ios,8,post,1,10.26
358,ios,8,post,1,11.79
359,ios,8,post,1,10.92
360,ios,8,post,1,9.15
361,ios,8,post,1,9.38
362,ios,8,post,1,11.07
363,ios,8,post,1,8.9
364,ios,8,post,1,10.53
365,ios,8,post,1,12.42
366,ios,8,post,1,12.04
367,ios,8,post,1,12.06
368,ios,8,post,1,11.73
369,ios,8,post,1,9.47
370,ios,8,post,1,10.29
371,ios,8,post,1,12.93
372,ios,8,post,1,10.77
373,ios,8,post,1,10.21
374,ios,8,post,1,11.88
375,ios,8,post,1,10.05
376,ios,8,post,1,11.7
377,ios,8,post,1,12.09
378,ios,8,post,1,11.01
379,ios,8,post,1,12.57
380,ios,8,post,1,10.62
381,ios,8,post,1,10.6
382,ios,8,post,1,11.12
383,ios,8,post,1,13.21
384,ios,8,post,1,12.17
385,ios,8,post,1,11.4
386,ios,8,post,1,11.49
387,ios,8,post,1,11.05
388,ios,8,post,1,11.0
389,ios,8,post,1,11.71
390,ios,8,post,1,9.77
391,ios,8,post,1,10.08
392,ios,8,post,1,12.81
393,ios,8,post,1,11.42
394,ios,8,post,1,11.71
395,ios,8,post,1,9.65
396,ios,8,post,1,11.93
397,ios,8,post,1,10.07
398,ios,8,post,1,10.07
399,ios,8,post,1,9.68
400,ios,8,post,1,9.96
401,ios,8,post,1,10.3
402,ios,8,post,1,12.8
403,ios,8,post,1,10.17
404,ios,8,post,1,9.93
405,ios,8,post,1,11.37
406,ios,8,post,1,10.1
407,ios,8,post,1,12.29
408,ios,8,post,1,9.42
409,ios,8,post,1,11.7
410,ios,8,post,1,9.65
411,ios,8,post,1,10.43
412,ios,8,post,1,10.71
413,ios,8,post,1,11.19
414,ios,8,post,1,10.81
415,ios,8,post,1,10.98
416,ios,8,post,1,10.12
417,ios,8,post,1,11.56
418,ios,8,post,1,10.87
419,ios,8,post,1,11.31
420,ios,8,post,1,9.86
421,ios,8,post,1,10.29
422,ios,8,post,1,11.27
423,ios,8,post,1,9.65
424,ios,8,post,1,8.59
425,ios,8,post,1,10.25
426,ios,8,post,1,10.41
427,ios,8,post,1,11.01
428,ios,8,post,1,10.56
429,ios,8,post,1,12.2
430,ios,8,post,1,10.64
431,ios,8,post,1,13.41
432,ios,8,post,1,9.43
433,ios,8,post,1,9.65
434,ios,8,post,1,12.69
435,ios,8,post,1,10.97
436,ios,8,post,1,13.24
437,ios,8,post,1,10.48
438,ios,8,post,1,11.15
439,ios,8,post,1,9.59
440,ios,8,post,1,9.9
441,ios,8,post,1,9.22
442,ios,8,post,1,10.83
443,ios,8,post,1,11.03
444,ios,8,post,1,9.79
445,ios,8,post,1,13.45
446,ios,8,post,1,11.68
447,ios,8,post,1,8.84
448,ios,8,post,1,10.91
449,ios,8,post,1,10.59
450,ios,8,post,1,10.35
451,ios,8,post,1,10.79
452,ios,8,post,1,8.22
453,ios,8,post,1,10.96
454,ios,8,post,1,10.02
455,ios,8,post,1,10.83
456,ios,8,post,1,9.91
457,ios,8,post,1,10.32
458,ios,8,post,1,9.66
459,ios,8,post,1,10.66
460,ios,8,post,1,11.68
461,ios,8,post,1,11.03
462,ios,8,post,1,11.69
463,ios,8,post,1,10.22
464,ios,8,post,1,11.27
465,ios,8,post,1,10.05
466,ios,8,post,1,9.6
467,ios,8,post,1,10.25
468,ios,8,post,1,11.33
469,ios,8,post,1,10.31
470,ios,8,post,1,12.53
471,ios,8,post,1,8.99
472,ios,8,post,1,9.85
473,ios,8,post,1,10.21
474,ios,8,post,1,10.17
475,ios,8,post,1,12.23
476,ios,8,post,1,11.81
477,ios,8,post,1,12.37
478,ios,8,post,1,6.83
479,ios,8,post,1,11.51
480,ios,8,post,1,9.59
481,ios,8,post,1,10.39
482,ios,8,post,1,11.24
483,ios,8,post,1,11.1
484,ios,8,post,1,11.66
485,ios,8,post,1,10.13
486,ios,8,post,1,11.65
487,ios,8,post,1,10.47
488,ios,8,post,1,11.04
489,ios,8,post,1,9.98
490,ios,8,post,1,11.64
491,ios,8,post,1,9.06
492,ios,8,post,1,10.2
493,ios,8,post,1,11.22
494,ios,8,post,1,10.72
495,ios,8,post,1,10.15
496,ios,8,post,1,9.56
497,ios,8,post,1,12.85
498,ios,8,post,1,8.89
499,ios,8,post,1,9.11
500,ios,8,post,1,10.72
501,android,1,pre,0,3.32
502,android,1,pre,0,3.05
503,android,1,pre,0,1.21
504,android,1,pre,0,5.41
505,android,1,pre,0,3.77
506,android,1,pre,0,2.09
507,android,1,pre,0,3.57
508,android,1,pre,0,3.63
509,android,1,pre,0,2.25
510,android,1,pre,0,5.61
511,android,1,pre,0,2.89
512,android,1,pre,0,1.25
513,android,1,pre,0,4.36
514,android,1,pre,0,0.95
515,android,1,pre,0,2.68
516,android,1,pre,0,5.7
517,android,1,pre,0,2.65
518,android,1,pre,0,2.64
519,android,1,pre,0,3.21
520,android,1,pre,0,3.17
521,android,1,pre,0,2.89
522,android,1,pre,0,3.04
523,android,1,pre,0,4.31
524,android,1,pre,0,4.41
525,android,1,pre,0,3.07
526,android,1,pre,0,4.43
527,android,1,pre,0,3.2
528,android,1,pre,0,3.73
529,android,1,pre,0,2.44
530,android,1,pre,0,5.78
531,android,1,pre,0,3.37
532,android,1,pre,0,4.38
533,android,1,pre,0,2.25
534,android,1,pre,0,4.9
535,android,1,pre,0,2.94
536,android,1,pre,0,2.04
537,android,1,pre,0,0.61
538,android,1,pre,0,4.62
539,android,1,pre,0,4.57
540,android,1,pre,0,3.35
541,android,1,pre,0,3.44
542,android,1,pre,0,2.38
543,android,1,pre,0,2.56
544,android,1,pre,0,4.08
545,android,1,pre,0,4.28
546,android,1,pre,0,1.13
547,android,1,pre,0,2.57
548,android,1,pre,0,3.76
549,android,1,pre,0,3.67
550,android,1,pre,0,3.45
551,android,1,pre,0,3.62
552,android,1,pre,0,2.61
553,android,1,pre,0,3.9
554,android,1,pre,0,2.47
555,android,1,pre,0,3.1
556,android,1,pre,0,3.54
557,android,1,pre,0,3.78
558,android,1,pre,0,2.58
559,android,1,pre,0,5.28
560,android,1,pre,0,2.79
561,android,1,pre,0,3.76
562,android,1,pre,0,3.3
563,android,1,pre,0,3.72
564,android,1,pre,0,2.25
565,android,1,pre,0,4.11
566,android,1,pre,0,2.09
567,android,1,pre,0,3.43
568,android,1,pre,0,2.5
569,android,1,pre,0,2.69
570,android,1,pre,0,2.53
571,android,1,pre,0,4.26
572,android,1,pre,0,2.43
573,android,1,pre,0,4.74
574,android,1,pre,0,4.65
575,android,1,pre,0,5.04
576,android,1,pre,0,2.16
577,android,1,pre,0,1.76
578,android,1,pre,0,4.09
579,android,1,pre,0,3.19
580,android,1,pre,0,3.74
581,android,1,pre,0,4.93
582,android,1,pre,0,2.32
583,android,1,pre,0,1.98
584,android,1,pre,0,4.17
585,android,1,pre,0,3.17
586,android,1,pre,0,2.97
587,android,1,pre,0,5.81
588,android,1,pre,0,4.12
589,android,1,pre,0,2.24
590,android,1,pre,0,5.36
591,android,1,pre,0,3.46
592,android,1,pre,0,5.52
593,android,1,pre,0,1.32
594,android,1,pre,0,4.92
595,android,1,pre,0,4.49
596,android,1,pre,0,4.32
597,android,1,pre,0,3.4
598,android,1,pre,0,4.19
599,android,1,pre,0,3.09
600,android,1,pre,0,3.1
601,android,1,pre,0,2.24
602,android,1,pre,0,2.34
603,android,1,pre,0,4.36
604,android,1,pre,0,4.53
605,android,1,pre,0,0.54
606,android,1,pre,0,2.71
607,android,1,pre,0,2.82
608,android,1,pre,0,4.21
609,android,1,pre,0,0.93
610,android,1,pre,0,3.23
611,android,1,pre,0,4.13
612,android,1,pre,0,3.01
613,android,1,pre,0,3.08
614,android,1,pre,0,2.42
615,android,1,pre,0,4.0
616,android,1,pre,0,1.96
617,android,1,pre,0,2.99
618,android,1,pre,0,3.25
619,android,1,pre,0,1.85
620,android,1,pre,0,5.35
621,android,1,pre,0,4.73
622,android,1,pre,0,3.96
623,android,1,pre,0,4.86
624,android,1,pre,0,2.85
625,android,1,pre,0,2.21
626,android,1,pre,0,3.22
627,android,1,pre,0,2.63
628,android,1,pre,0,4.55
629,android,1,pre,0,1.79
630,android,1,pre,0,2.76
631,android,1,pre,0,2.1
632,android,1,pre,0,3.12
633,android,1,pre,0,1.75
634,android,1,pre,0,4.45
635,android,1,pre,0,4.21
636,android,1,pre,0,3.95
637,android,1,pre,0,2.28
638,android,1,pre,0,2.96
639,android,1,pre,0,1.35
640,android,1,pre,0,2.22
641,android,1,pre,0,4.53
642,android,1,pre,0,1.6
643,android,1,pre,0,2.28
644,android,1,pre,0,3.44
645,android,1,pre,0,1.87
646,android,1,pre,0,2.95
647,android,1,pre,0,3.71
648,android,1,pre,0,4.64
649,android,1,pre,0,2.97
650,android,1,pre,0,4.1
651,android,1,pre,0,3.99
652,android,1,pre,0,3.63
653,android,1,pre,0,2.5
654,android,1,pre,0,3.26
655,android,1,pre,0,2.05
656,android,1,pre,0,4.78
657,android,1,pre,0,3.99
658,android,1,pre,0,5.08
659,android,1,pre,0,3.99
660,android,1,pre,0,3.41
661,android,1,pre,0,4.27
662,android,1,pre,0,3.06
663,android,1,pre,0,2.62
664,android,1,pre,0,5.29
665,android,1,pre,0,3.27
666,android,1,pre,0,3.89
667,android,1,pre,0,3.63
668,android,1,pre,0,1.67
669,android,1,pre,0,3.79
670,android,1,pre,0,0.07
671,android,1,pre,0,0.49
672,android,1,pre,0,3.61
673,android,1,pre,0,4.32
674,android,1,pre,0,4.04
675,android,1,pre,0,2.76
676,android,1,pre,0,4.0
677,android,1,pre,0,2.89
678,android,1,pre,0,4.59
679,android,1,pre,0,2.67
680,android,1,pre,0,2.94
681,android,1,pre,0,2.41
682,android,1,pre,0,2.59
683,android,1,pre,0,4.06
684,android,1,pre,0,2.42
685,android,1,pre,0,0.59
686,android,1,pre,0,3.6
687,android,1,pre,0,4.41
688,android,1,pre,0,4.56
689,android,1,pre,0,3.27
690,android,1,pre,0,2.66
691,android,1,pre,0,4.18
692,android,1,pre,0,4.09
693,android,1,pre,0,3.11
694,android,1,pre,0,3.11
695,android,1,pre,0,2.33
696,android,1,pre,0,3.7
697,android,1,pre,0,0.49
698,android,1,pre,0,2.94
699,android,1,pre,0,3.73
700,android,1,pre,0,2.07
701,android,1,pre,0,2.31
702,android,1,pre,0,4.5
703,android,1,pre,0,2.45
704,android,1,pre,0,2.46
705,android,1,pre,0,2.48
706,android,1,pre,0,4.27
707,android,1,pre,0,5.37
708,android,1,pre,0,3.96
709,android,1,pre,0,3.94
710,android,1,pre,0,5.02
711,android,1,pre,0,3.53
712,android,1,pre,0,2.88
713,android,1,pre,0,4.62
714,android,1,pre,0,4.62
715,android,1,pre,0,3.41
716,android,1,pre,0,4.2
717,android,1,pre,0,2.42
718,android,1,pre,0,3.69
719,android,1,pre,0,2.94
720,android,1,pre,0,2.62
721,android,1,pre,0,3.89
722,android,1,pre,0,2.61
723,android,1,pre,0,1.96
724,android,1,pre,0,4.09
725,android,1,pre,0,3.41
726,android,1,pre,0,3.4
727,android,1,pre,0,2.53
728,android,1,pre,0,2.86
729,android,1,pre,0,4.62
730,android,1,pre,0,1.6
731,android,1,pre,0,3.69
732,android,1,pre,0,3.28
733,android,1,pre,0,3.13
734,android,1,pre,0,4.33
735,android,1,pre,0,3.56
736,android,1,pre,0,3.22
737,android,1,pre,0,3.84
738,android,1,pre,0,3.78
739,android,1,pre,0,3.34
740,android,1,pre,0,3.54
741,android,1,pre,0,4.64
742,android,1,pre,0,1.52
743,android,1,pre,0,2.8
744,android,1,pre,0,2.64
745,android,1,pre,0,3.41
746,android,1,pre,0,3.45
747,android,1,pre,0,3.79
748,android,1,pre,0,3.77
749,android,1,pre,0,2.51
750,android,1,pre,0,2.66
751,android,1,pre,0,3.06
752,android,1,pre,0,1.12
753,android,1,pre,0,3.28
754,android,1,pre,0,3.85
755,android,1,pre,0,0.77
756,android,1,pre,0,5.68
757,android,1,pre,0,4.18
758,android,1,pre,0,5.92
759,android,1,pre,0,3.38
760,android,1,pre,0,2.53
761,android,1,pre,0,5.17
762,android,1,pre,0,2.82
763,android,1,pre,0,6.01
764,android,1,pre,0,4.0
765,android,1,pre,0,3.53
766,android,1,pre,0,2.76
767,android,1,pre,0,2.77
768,android,1,pre,0,2.46
769,android,1,pre,0,2.39
770,android,1,pre,0,3.82
771,android,1,pre,0,3.33
772,android,1,pre,0,4.46
773,android,1,pre,0,5.02
774,android,1,pre,0,4.73
775,android,1,pre,0,4.0
776,android,1,pre,0,2.6
777,android,1,pre,0,3.23
778,android,1,pre,0,4.09
779,android,1,pre,0,3.24
780,android,1,pre,0,4.18
781,android,1,pre,0,3.98
782,android,1,pre,0,3.79
783,android,1,pre,0,2.37
784,android,1,pre,0,0.85
785,android,1,pre,0,6.31
786,android,1,pre,0,4.03
787,android,1,pre,0,2.93
788,android,1,pre,0,2.73
789,android,1,pre,0,4.19
790,android,1,pre,0,5.41
791,android,1,pre,0,3.16
792,android,1,pre,0,2.61
793,android,1,pre,0,4.42
794,android,1,pre,0,2.13
795,android,1,pre,0,2.93
796,android,1,pre,0,4.21
797,android,1,pre,0,4.06
798,android,1,pre,0,4.67
799,android,1,pre,0,6.03
800,android,1,pre,0,3.62
801,android,1,pre,0,4.04
802,android,1,pre,0,3.4
803,android,1,pre,0,2.7
804,android,1,pre,0,3.77
805,android,1,pre,0,3.49
806,android,1,pre,0,4.53
807,android,1,pre,0,2.67
808,android,1,pre,0,4.95
809,android,1,pre,0,3.28
810,android,1,pre,0,4.33
811,android,1,pre,0,1.33
812,android,1,pre,0,2.42
813,android,1,pre,0,4.1
814,android,1,pre,0,2.61
815,android,1,pre,0,2.61
816,android,1,pre,0,5.07
817,android,1,pre,0,3.26
818,android,1,pre,0,4.61
819,android,1,pre,0,1.96
820,android,1,pre,0,3.19
821,android,1,pre,0,3.98
822,android,1,pre,0,1.51
823,android,1,pre,0,3.79
824,android,1,pre,0,4.28
825,android,1,pre,0,3.77
826,android,1,pre,0,4.9
827,android,1,pre,0,2.73
828,android,1,pre,0,5.69
829,android,1,pre,0,2.0
830,android,1,pre,0,3.74
831,android,1,pre,0,3.8
832,android,1,pre,0,5.29
833,android,1,pre,0,4.26
834,android,1,pre,0,2.33
835,android,1,pre,0,1.31
836,android,1,pre,0,3.23
837,android,1,pre,0,4.0
838,android,1,pre,0,3.23
839,android,1,pre,0,4.55
840,android,1,pre,0,2.14
841,android,1,pre,0,2.66
842,android,1,pre,0,3.01
843,android,1,pre,0,3.32
844,android,1,pre,0,4.34
845,android,1,pre,0,5.35
846,android,1,pre,0,2.2
847,android,1,pre,0,3.8
848,android,1,pre,0,3.87
849,android,1,pre,0,1.26
850,android,1,pre,0,5.27
851,android,1,pre,0,4.03
852,android,1,pre,0,3.59
853,android,1,pre,0,2.69
854,android,1,pre,0,3.3
855,android,1,pre,0,1.76
856,android,1,pre,0,2.75
857,android,1,pre,0,2.57
858,android,1,pre,0,4.44
859,android,1,pre,0,3.9
860,android,1,pre,0,2.24
861,android,1,pre,0,3.12
862,android,1,pre,0,3.03
863,android,1,pre,0,5.38
864,android,1,pre,0,1.62
865,android,1,pre,0,2.1
866,android,1,pre,0,2.33
867,android,1,pre,0,3.9
868,android,1,pre,0,4.28
869,android,1,pre,0,3.15
870,android,1,pre,0,4.88
871,android,1,pre,0,3.04
872,android,1,pre,0,3.97
873,android,1,pre,0,2.99
874,android,1,pre,0,4.65
875,android,1,pre,0,2.82
876,android,1,pre,0,2.9
877,android,1,pre,0,4.09
878,android,1,pre,0,4.83
879,android,1,pre,0,3.88
880,android,1,pre,0,3.94
881,android,1,pre,0,4.41
882,android,1,pre,0,4.2
883,android,1,pre,0,3.75
884,android,1,pre,0,5.3
885,android,1,pre,0,3.06
886,android,1,pre,0,4.65
887,android,1,pre,0,3.59
888,android,1,pre,0,3.7
889,android,1,pre,0,3.1
890,android,1,pre,0,0.65
891,android,1,pre,0,2.19
892,android,1,pre,0,4.45
893,android,1,pre,0,3.42
894,android,1,pre,0,3.05
895,android,1,pre,0,1.65
896,android,1,pre,0,1.79
897,android,1,pre,0,2.58
898,android,1,pre,0,4.14
899,android,1,pre,0,3.31
900,android,1,pre,0,3.79
901,android,1,pre,0,4.02
902,android,1,pre,0,3.47
903,android,1,pre,0,3.73
904,android,1,pre,0,3.85
905,android,1,pre,0,4.14
906,android,1,pre,0,4.74
907,android,1,pre,0,3.89
908,android,1,pre,0,2.22
909,android,1,pre,0,0.7
910,android,1,pre,0,5.07
911,android,1,pre,0,4.68
912,android,1,pre,0,2.77
913,android,1,pre,0,5.21
914,android,1,pre,0,5.19
915,android,1,pre,0,2.95
916,android,1,pre,0,4.84
917,android,1,pre,0,4.26
918,android,1,pre,0,3.85
919,android,1,pre,0,4.79
920,android,1,pre,0,0.98
921,android,1,pre,0,3.1
922,android,1,pre,0,3.9
923,android,1,pre,0,4.06
924,android,1,pre,0,1.35
925,android,1,pre,0,2.18
926,android,1,pre,0,2.83
927,android,1,pre,0,3.37
928,android,1,pre,0,2.95
929,android,1,pre,0,5.09
930,android,1,pre,0,1.78
931,android,1,pre,0,2.39
932,android,1,pre,0,2.93
933,android,1,pre,0,3.3
934,android,1,pre,0,2.97
935,android,1,pre,0,2.45
936,android,1,pre,0,2.03
937,android,1,pre,0,4.16
938,android,1,pre,0,4.25
939,android,1,pre,0,3.63
940,android,1,pre,0,4.13
941,android,1,pre,0,1.66
942,android,1,pre,0,4.36
943,android,1,pre,0,4.02
944,android,1,pre,0,4.6
945,android,1,pre,0,3.45
946,android,1,pre,0,2.86
947,android,1,pre,0,3.89
948,android,1,pre,0,4.64
949,android,1,pre,0,2.31
950,android,1,pre,0,3.72
951,android,1,pre,0,4.31
952,android,1,pre,0,2.84
953,android,1,pre,0,4.71
954,android,1,pre,0,2.69
955,android,1,pre,0,3.94
956,android,1,pre,0,1.6
957,android,1,pre,0,4.42
958,android,1,pre,0,3.98
959,android,1,pre,0,3.6
960,android,1,pre,0,2.96
961,android,1,pre,0,5.67
962,android,1,pre,0,3.12
963,android,1,pre,0,5.93
964,android,1,pre,0,4.97
965,android,1,pre,0,1.39
966,android,1,pre,0,4.19
967,android,1,pre,0,3.65
968,android,1,pre,0,3.29
969,android,1,pre,0,3.56
970,android,1,pre,0,3.7
971,android,1,pre,0,2.93
972,android,1,pre,0,2.63
973,android,1,pre,0,3.97
974,android,1,pre,0,1.98
975,android,1,pre,0,3.76
976,android,1,pre,0,4.11
977,android,1,pre,0,1.3
978,android,1,pre,0,2.47
979,android,1,pre,0,2.01
980,android,1,pre,0,5.25
981,android,1,pre,0,1.46
982,android,1,pre,0,3.26
983,android,1,pre,0,4.14
984,android,1,pre,0,3.21
985,android,1,pre,0,2.91
986,android,1,pre,0,4.78
987,android,1,pre,0,4.0
988,android,1,pre,0,3.2
989,android,1,pre,0,4.94
990,android,1,pre,0,2.86
991,android,1,pre,0,3.77
992,android,1,pre,0,3.19
993,android,1,pre,0,4.92
994,android,1,pre,0,4.46
995,android,1,pre,0,3.53
996,android,1,pre,0,7.66
997,android,1,pre,0,3.92
998,android,1,pre,0,2.8
999,android,1,pre,0,2.64
1000,android,1,pre,0,3.56
501,android,2,pre,0,3.68
502,android,2,pre,0,3.91
503,android,2,pre,0,3.48
504,android,2,pre,0,5.01
505,android,2,pre,0,3.86
506,android,2,pre,0,2.29
507,android,2,pre,0,3.88
508,android,2,pre,0,2.1
509,android,2,pre,0,3.18
510,android,2,pre,0,5.03
511,android,2,pre,0,5.07
512,android,2,pre,0,3.59
513,android,2,pre,0,5.57
514,android,2,pre,0,1.17
515,android,2,pre,0,3.35
516,android,2,pre,0,4.31
517,android,2,pre,0,5.21
518,android,2,pre,0,3.28
519,android,2,pre,0,3.18
520,android,2,pre,0,3.97
521,android,2,pre,0,2.39
522,android,2,pre,0,4.78
523,android,2,pre,0,4.42
524,android,2,pre,0,3.64
525,android,2,pre,0,3.23
526,android,2,pre,0,4.12
527,android,2,pre,0,3.54
528,android,2,pre,0,4.36
529,android,2,pre,0,3.35
530,android,2,pre,0,3.07
531,android,2,pre,0,2.48
532,android,2,pre,0,5.6
533,android,2,pre,0,3.06
534,android,2,pre,0,4.65
535,android,2,pre,0,6.78
536,android,2,pre,0,5.62
537,android,2,pre,0,3.63
538,android,2,pre,0,3.83
539,android,2,pre,0,3.41
540,android,2,pre,0,4.21
541,android,2,pre,0,4.9
542,android,2,pre,0,3.24
543,android,2,pre,0,4.43
544,android,2,pre,0,2.55
545,android,2,pre,0,3.83
546,android,2,pre,0,4.65
547,android,2,pre,0,4.0
548,android,2,pre,0,3.1
549,android,2,pre,0,5.3
550,android,2,pre,0,1.41
551,android,2,pre,0,3.88
552,android,2,pre,0,3.4
553,android,2,pre,0,2.86
554,android,2,pre,0,1.8
555,android,2,pre,0,4.51
556,android,2,pre,0,3.07
557,android,2,pre,0,3.21
558,android,2,pre,0,2.04
559,android,2,pre,0,5.1
560,android,2,pre,0,4.33
561,android,2,pre,0,4.06
562,android,2,pre,0,3.58
563,android,2,pre,0,2.95
564,android,2,pre,0,3.63
565,android,2,pre,0,4.04
566,android,2,pre,0,3.75
567,android,2,pre,0,4.6
568,android,2,pre,0,4.66
569,android,2,pre,0,5.04
570,android,2,pre,0,5.29
571,android,2,pre,0,5.02
572,android,2,pre,0,3.92
573,android,2,pre,0,5.05
574,android,2,pre,0,4.3
575,android,2,pre,0,5.1
576,android,2,pre,0,3.08
577,android,2,pre,0,4.23
578,android,2,pre,0,3.11
579,android,2,pre,0,3.24
580,android,2,pre,0,4.94
581,android,2,pre,0,4.03
582,android,2,pre,0,2.55
583,android,2,pre,0,2.8
584,android,2,pre,0,3.72
585,android,2,pre,0,4.48
586,android,2,pre,0,3.05
587,android,2,pre,0,3.99
588,android,2,pre,0,5.53
589,android,2,pre,0,4.16
590,android,2,pre,0,5.18
591,android,2,pre,0,4.52
592,android,2,pre,0,5.53
593,android,2,pre,0,3.62
594,android,2,pre,0,4.23
595,android,2,pre,0,4.81
596,android,2,pre,0,5.58
597,android,2,pre,0,3.63
598,android,2,pre,0,5.13
599,android,2,pre,0,3.15
600,android,2,pre,0,5.0
601,android,2,pre,0,3.12
602,android,2,pre,0,4.42
603,android,2,pre,0,3.86
604,android,2,pre,0,5.01
605,android,2,pre,0,3.83
606,android,2,pre,0,5.46
607,android,2,pre,0,2.05
608,android,2,pre,0,4.92
609,android,2,pre,0,3.28
610,android,2,pre,0,5.71
611,android,2,pre,0,3.89
612,android,2,pre,0,6.23
613,android,2,pre,0,3.23
614,android,2,pre,0,3.58
615,android,2,pre,0,3.82
616,android,2,pre,0,3.04
617,android,2,pre,0,6.22
618,android,2,pre,0,5.33
619,android,2,pre,0,4.83
620,android,2,pre,0,4.6
621,android,2,pre,0,3.39
622,android,2,pre,0,4.19
623,android,2,pre,0,3.62
624,android,2,pre,0,3.7
625,android,2,pre,0,5.2
626,android,2,pre,0,1.7
627,android,2,pre,0,3.44
628,android,2,pre,0,5.2
629,android,2,pre,0,4.7
630,android,2,pre,0,4.32
631,android,2,pre,0,5.04
632,android,2,pre,0,3.72
633,android,2,pre,0,2.67
634,android,2,pre,0,6.7
635,android,2,pre,0,3.59
636,android,2,pre,0,2.37
637,android,2,pre,0,3.22
638,android,2,pre,0,4.49
639,android,2,pre,0,2.7
640,android,2,pre,0,1.1
641,android,2,pre,0,3.97
642,android,2,pre,0,3.44
643,android,2,pre,0,4.6
644,android,2,pre,0,4.32
645,android,2,pre,0,3.39
646,android,2,pre,0,4.21
647,android,2,pre,0,4.82
648,android,2,pre,0,3.39
649,android,2,pre,0,4.05
650,android,2,pre,0,4.62
651,android,2,pre,0,5.86
652,android,2,pre,0,4.77
653,android,2,pre,0,2.06
654,android,2,pre,0,5.65
655,android,2,pre,0,3.02
656,android,2,pre,0,4.4
657,android,2,pre,0,4.48
658,android,2,pre,0,4.28
659,android,2,pre,0,5.94
660,android,2,pre,0,4.11
661,android,2,pre,0,3.51
662,android,2,pre,0,5.25
663,android,2,pre,0,4.9
664,android,2,pre,0,5.53
665,android,2,pre,0,4.47
666,android,2,pre,0,5.56
667,android,2,pre,0,4.29
668,android,2,pre,0,2.89
669,android,2,pre,0,2.33
670,android,2,pre,0,4.14
671,android,2,pre,0,3.06
672,android,2,pre,0,4.39
673,android,2,pre,0,5.46
674,android,2,pre,0,4.41
675,android,2,pre,0,3.18
676,android,2,pre,0,4.92
677,android,2,pre,0,2.67
678,android,2,pre,0,4.05
679,android,2,pre,0,2.99
680,android,2,pre,0,2.8
681,android,2,pre,0,2.71
682,android,2,pre,0,1.07
683,android,2,pre,0,6.26
684,android,2,pre,0,3.48
685,android,2,pre,0,4.25
686,android,2,pre,0,4.08
687,android,2,pre,0,4.26
688,android,2,pre,0,4.05
689,android,2,pre,0,4.22
690,android,2,pre,0,3.45
691,android,2,pre,0,2.77
692,android,2,pre,0,3.89
693,android,2,pre,0,4.01
694,android,2,pre,0,2.08
695,android,2,pre,0,3.31
696,android,2,pre,0,4.08
697,android,2,pre,0,3.22
698,android,2,pre,0,4.65
699,android,2,pre,0,4.82
700,android,2,pre,0,3.28
701,android,2,pre,0,2.57
702,android,2,pre,0,5.02
703,android,2,pre,0,5.28
704,android,2,pre,0,5.41
705,android,2,pre,0,4.5
706,android,2,pre,0,4.81
707,android,2,pre,0,5.04
708,android,2,pre,0,5.24
709,android,2,pre,0,4.13
710,android,2,pre,0,4.29
711,android,2,pre,0,5.59
712,android,2,pre,0,1.38
713,android,2,pre,0,6.51
714,android,2,pre,0,4.2
715,android,2,pre,0,5.32
716,android,2,pre,0,5.18
717,android,2,pre,0,3.42
718,android,2,pre,0,3.12
719,android,2,pre,0,3.43
720,android,2,pre,0,4.23
721,android,2,pre,0,5.13
722,android,2,pre,0,5.48
723,android,2,pre,0,5.39
724,android,2,pre,0,5.65
725,android,2,pre,0,3.62
726,android,2,pre,0,4.53
727,android,2,pre,0,4.54
728,android,2,pre,0,1.26
729,android,2,pre,0,4.39
730,android,2,pre,0,3.73
731,android,2,pre,0,4.39
732,android,2,pre,0,4.09
733,android,2,pre,0,4.84
734,android,2,pre,0,4.39
735,android,2,pre,0,2.01
736,android,2,pre,0,3.47
737,android,2,pre,0,3.23
738,android,2,pre,0,4.7
739,android,2,pre,0,3.96
740,android,2,pre,0,2.44
741,android,2,pre,0,5.29
742,android,2,pre,0,4.93
743,android,2,pre,0,3.57
744,android,2,pre,0,4.86
745,android,2,pre,0,4.03
746,android,2,pre,0,2.75
747,android,2,pre,0,4.99
748,android,2,pre,0,5.02
749,android,2,pre,0,6.25
750,android,2,pre,0,2.97
751,android,2,pre,0,4.43
752,android,2,pre,0,4.05
753,android,2,pre,0,6.12
754,android,2,pre,0,4.42
755,android,2,pre,0,2.18
756,android,2,pre,0,2.72
757,android,2,pre,0,2.69
758,android,2,pre,0,3.63
759,android,2,pre,0,4.64
760,android,2,pre,0,1.2
761,android,2,pre,0,5.23
762,android,2,pre,0,3.69
763,android,2,pre,0,3.29
764,android,2,pre,0,4.8
765,android,2,pre,0,4.53
766,android,2,pre,0,6.04
767,android,2,pre,0,2.54
768,android,2,pre,0,2.56
769,android,2,pre,0,3.88
770,android,2,pre,0,2.83
771,android,2,pre,0,3.6
772,android,2,pre,0,4.62
773,android,2,pre,0,3.61
774,android,2,pre,0,4.48
775,android,2,pre,0,2.97
776,android,2,pre,0,2.09
777,android,2,pre,0,5.01
778,android,2,pre,0,3.89
779,android,2,pre,0,3.61
780,android,2,pre,0,4.34
781,android,2,pre,0,4.79
782,android,2,pre,0,5.45
783,android,2,pre,0,4.0
784,android,2,pre,0,1.97
785,android,2,pre,0,4.97
786,android,2,pre,0,4.07
787,android,2,pre,0,5.07
788,android,2,pre,0,5.38
789,android,2,pre,0,4.19
790,android,2,pre,0,3.4
791,android,2,pre,0,4.42
792,android,2,pre,0,2.6
793,android,2,pre,0,5.79
794,android,2,pre,0,3.93
795,android,2,pre,0,2.96
796,android,2,pre,0,3.49
797,android,2,pre,0,3.84
798,android,2,pre,0,3.71
799,android,2,pre,0,5.32
800,android,2,pre,0,4.07
801,android,2,pre,0,4.21
802,android,2,pre,0,6.4
803,android,2,pre,0,4.0
804,android,2,pre,0,5.09
805,android,2,pre,0,3.98
806,android,2,pre,0,4.93
807,android,2,pre,0,5.24
808,android,2,pre,0,3.95
809,android,2,pre,0,3.24
810,android,2,pre,0,4.0
811,android,2,pre,0,4.14
812,android,2,pre,0,3.61
813,android,2,pre,0,4.09
814,android,2,pre,0,4.34
815,android,2,pre,0,4.24
816,android,2,pre,0,4.28
817,android,2,pre,0,3.79
818,android,2,pre,0,3.2
819,android,2,pre,0,5.01
820,android,2,pre,0,2.0
821,android,2,pre,0,5.62
822,android,2,pre,0,2.56
823,android,2,pre,0,3.97
824,android,2,pre,0,2.75
825,android,2,pre,0,3.73
826,android,2,pre,0,3.32
827,android,2,pre,0,4.55
828,android,2,pre,0,6.23
829,android,2,pre,0,4.47
830,android,2,pre,0,4.14
831,android,2,pre,0,4.79
832,android,2,pre,0,4.65
833,android,2,pre,0,6.22
834,android,2,pre,0,4.15
835,android,2,pre,0,2.26
836,android,2,pre,0,3.66
837,android,2,pre,0,2.33
838,android,2,pre,0,4.03
839,android,2,pre,0,3.96
840,android,2,pre,0,2.59
841,android,2,pre,0,4.16
842,android,2,pre,0,3.29
843,android,2,pre,0,2.26
844,android,2,pre,0,4.73
845,android,2,pre,0,4.91
846,android,2,pre,0,3.91
847,android,2,pre,0,2.82
848,android,2,pre,0,2.66
849,android,2,pre,0,3.58
850,android,2,pre,0,4.63
851,android,2,pre,0,3.43
852,android,2,pre,0,3.2
853,android,2,pre,0,1.87
854,android,2,pre,0,5.94
855,android,2,pre,0,4.74
856,android,2,pre,0,1.97
857,android,2,pre,0,3.41
858,android,2,pre,0,3.82
859,android,2,pre,0,2.95
860,android,2,pre,0,3.02
861,android,2,pre,0,4.74
862,android,2,pre,0,5.21
863,android,2,pre,0,4.4
864,android,2,pre,0,3.03
865,android,2,pre,0,6.01
866,android,2,pre,0,4.21
867,android,2,pre,0,2.92
868,android,2,pre,0,4.87
869,android,2,pre,0,5.53
870,android,2,pre,0,4.01
871,android,2,pre,0,4.04
872,android,2,pre,0,4.36
873,android,2,pre,0,5.29
874,android,2,pre,0,5.22
875,android,2,pre,0,2.47
876,android,2,pre,0,3.14
877,android,2,pre,0,4.63
878,android,2,pre,0,1.12
879,android,2,pre,0,3.5
880,android,2,pre,0,4.18
881,android,2,pre,0,3.61
882,android,2,pre,0,4.49
883,android,2,pre,0,4.33
884,android,2,pre,0,5.67
885,android,2,pre,0,2.1
886,android,2,pre,0,3.31
887,android,2,pre,0,3.95
888,android,2,pre,0,4.26
889,android,2,pre,0,3.3
890,android,2,pre,0,3.16
891,android,2,pre,0,2.93
892,android,2,pre,0,5.76
893,android,2,pre,0,4.32
894,android,2,pre,0,5.04
895,android,2,pre,0,3.66
896,android,2,pre,0,1.98
897,android,2,pre,0,3.37
898,android,2,pre,0,4.42
899,android,2,pre,0,5.04
900,android,2,pre,0,2.79
901,android,2,pre,0,2.91
902,android,2,pre,0,2.39
903,android,2,pre,0,4.5
904,android,2,pre,0,4.12
905,android,2,pre,0,4.38
906,android,2,pre,0,5.67
907,android,2,pre,0,3.08
908,android,2,pre,0,4.1
909,android,2,pre,0,0.79
910,android,2,pre,0,4.71
911,android,2,pre,0,3.21
912,android,2,pre,0,3.75
913,android,2,pre,0,3.84
914,android,2,pre,0,4.04
915,android,2,pre,0,3.86
916,android,2,pre,0,5.06
917,android,2,pre,0,6.27
918,android,2,pre,0,3.79
919,android,2,pre,0,3.5
920,android,2,pre,0,2.44
921,android,2,pre,0,3.47
922,android,2,pre,0,5.74
923,android,2,pre,0,4.1
924,android,2,pre,0,4.86
925,android,2,pre,0,5.33
926,android,2,pre,0,3.5
927,android,2,pre,0,2.71
928,android,2,pre,0,2.23
929,android,2,pre,0,2.18
930,android,2,pre,0,4.97
931,android,2,pre,0,0.2
932,android,2,pre,0,3.79
933,android,2,pre,0,3.23
934,android,2,pre,0,5.09
935,android,2,pre,0,2.68
936,android,2,pre,0,3.31
937,android,2,pre,0,5.01
938,android,2,pre,0,5.39
939,android,2,pre,0,4.67
940,android,2,pre,0,5.68
941,android,2,pre,0,2.25
942,android,2,pre,0,4.58
943,android,2,pre,0,3.09
944,android,2,pre,0,4.98
945,android,2,pre,0,5.96
946,android,2,pre,0,3.89
947,android,2,pre,0,3.65
948,android,2,pre,0,4.73
949,android,2,pre,0,4.11
950,android,2,pre,0,5.26
951,android,2,pre,0,3.57
952,android,2,pre,0,3.42
953,android,2,pre,0,4.0
954,android,2,pre,0,3.09
955,android,2,pre,0,3.98
956,android,2,pre,0,5.3
957,android,2,pre,0,4.01
958,android,2,pre,0,4.7
959,android,2,pre,0,4.76
960,android,2,pre,0,3.52
961,android,2,pre,0,3.32
962,android,2,pre,0,5.01
963,android,2,pre,0,4.63
964,android,2,pre,0,3.7
965,android,2,pre,0,2.24
966,android,2,pre,0,4.98
967,android,2,pre,0,2.75
968,android,2,pre,0,3.59
969,android,2,pre,0,1.57
970,android,2,pre,0,3.8
971,android,2,pre,0,4.67
972,android,2,pre,0,5.12
973,android,2,pre,0,5.76
974,android,2,pre,0,3.74
975,android,2,pre,0,3.09
976,android,2,pre,0,3.72
977,android,2,pre,0,4.49
978,android,2,pre,0,4.07
979,android,2,pre,0,3.04
980,android,2,pre,0,3.94
981,android,2,pre,0,3.51
982,android,2,pre,0,3.77
983,android,2,pre,0,4.93
984,android,2,pre,0,3.72
985,android,2,pre,0,4.33
986,android,2,pre,0,4.57
987,android,2,pre,0,4.59
988,android,2,pre,0,3.69
989,android,2,pre,0,3.68
990,android,2,pre,0,4.49
991,android,2,pre,0,5.26
992,android,2,pre,0,6.34
993,android,2,pre,0,5.09
994,android,2,pre,0,4.54
995,android,2,pre,0,4.6
996,android,2,pre,0,3.5
997,android,2,pre,0,2.58
998,android,2,pre,0,2.82
999,android,2,pre,0,4.89
1000,android,2,pre,0,3.39
501,android,3,pre,0,3.13
502,android,3,pre,0,2.64
503,android,3,pre,0,5.84
504,android,3,pre,0,3.28
505,android,3,pre,0,6.83
506,android,3,pre,0,4.14
507,android,3,pre,0,6.27
508,android,3,pre,0,4.39
509,android,3,pre,0,3.93
510,android,3,pre,0,4.87
511,android,3,pre,0,5.49
512,android,3,pre,0,4.12
513,android,3,pre,0,4.23
514,android,3,pre,0,3.39
515,android,3,pre,0,4.74
516,android,3,pre,0,5.22
517,android,3,pre,0,4.65
518,android,3,pre,0,3.04
519,android,3,pre,0,4.4
520,android,3,pre,0,6.02
521,android,3,pre,0,2.55
522,android,3,pre,0,6.02
523,android,3,pre,0,5.1
524,android,3,pre,0,6.76
525,android,3,pre,0,3.41
526,android,3,pre,0,2.96
527,android,3,pre,0,2.54
528,android,3,pre,0,4.57
529,android,3,pre,0,3.75
530,android,3,pre,0,3.85
531,android,3,pre,0,3.69
532,android,3,pre,0,6.1
533,android,3,pre,0,3.01
534,android,3,pre,0,5.08
535,android,3,pre,0,4.77
536,android,3,pre,0,3.49
537,android,3,pre,0,4.19
538,android,3,pre,0,4.23
539,android,3,pre,0,4.23
540,android,3,pre,0,3.37
541,android,3,pre,0,4.7
542,android,3,pre,0,3.52
543,android,3,pre,0,2.8
544,android,3,pre,0,3.36
545,android,3,pre,0,3.94
546,android,3,pre,0,3.51
547,android,3,pre,0,5.11
548,android,3,pre,0,5.91
549,android,3,pre,0,3.59
550,android,3,pre,0,3.05
551,android,3,pre,0,5.04
552,android,3,pre,0,2.17
553,android,3,pre,0,4.75
554,android,3,pre,0,4.48
555,android,3,pre,0,4.27
556,android,3,pre,0,2.98
557,android,3,pre,0,5.15
558,android,3,pre,0,4.7
559,android,3,pre,0,7.07
560,android,3,pre,0,4.66
561,android,3,pre,0,6.48
562,android,3,pre,0,4.46
563,android,3,pre,0,4.51
564,android,3,pre,0,5.3
565,android,3,pre,0,5.87
566,android,3,pre,0,2.63
567,android,3,pre,0,4.17
568,android,3,pre,0,3.45
569,android,3,pre,0,4.32
570,android,3,pre,0,6.44
571,android,3,pre,0,2.04
572,android,3,pre,0,2.16
573,android,3,pre,0,5.69
574,android,3,pre,0,3.93
575,android,3,pre,0,5.63
576,android,3,pre,0,4.14
577,android,3,pre,0,6.22
578,android,3,pre,0,2.53
579,android,3,pre,0,4.34
580,android,3,pre,0,5.07
581,android,3,pre,0,4.79
582,android,3,pre,0,3.23
583,android,3,pre,0,4.48
584,android,3,pre,0,3.62
585,android,3,pre,0,2.38
586,android,3,pre,0,4.88
587,android,3,pre,0,6.31
588,android,3,pre,0,4.33
589,android,3,pre,0,5.16
590,android,3,pre,0,4.49
591,android,3,pre,0,5.24
592,android,3,pre,0,5.59
593,android,3,pre,0,4.52
594,android,3,pre,0,3.5
595,android,3,pre,0,5.11
596,android,3,pre,0,5.5
597,android,3,pre,0,4.99
598,android,3,pre,0,3.73
599,android,3,pre,0,4.87
600,android,3,pre,0,4.19
601,android,3,pre,0,4.5
602,android,3,pre,0,5.51
603,android,3,pre,0,3.39
604,android,3,pre,0,3.04
605,android,3,pre,0,3.19
606,android,3,pre,0,4.9
607,android,3,pre,0,5.22
608,android,3,pre,0,4.86
609,android,3,pre,0,2.87
610,android,3,pre,0,3.28
611,android,3,pre,0,4.88
612,android,3,pre,0,3.44
613,android,3,pre,0,1.68
614,android,3,pre,0,3.64
615,android,3,pre,0,5.23
616,android,3,pre,0,5.01
617,android,3,pre,0,4.61
618,android,3,pre,0,5.65
619,android,3,pre,0,3.43
620,android,3,pre,0,4.83
621,android,3,pre,0,6.49
622,android,3,pre,0,3.84
623,android,3,pre,0,6.47
624,android,3,pre,0,3.22
625,android,3,pre,0,4.39
626,android,3,pre,0,4.1
627,android,3,pre,0,4.84
628,android,3,pre,0,6.74
629,android,3,pre,0,4.77
630,android,3,pre,0,2.49
631,android,3,pre,0,4.85
632,android,3,pre,0,5.31
633,android,3,pre,0,3.18
634,android,3,pre,0,2.78
635,android,3,pre,0,5.07
636,android,3,pre,0,2.31
637,android,3,pre,0,2.07
638,android,3,pre,0,5.71
639,android,3,pre,0,3.66
640,android,3,pre,0,1.91
641,android,3,pre,0,4.48
642,android,3,pre,0,4.75
643,android,3,pre,0,4.36
644,android,3,pre,0,3.73
645,android,3,pre,0,4.72
646,android,3,pre,0,3.13
647,android,3,pre,0,4.6
648,android,3,pre,0,5.04
649,android,3,pre,0,4.46
650,android,3,pre,0,3.54
651,android,3,pre,0,5.93
652,android,3,pre,0,3.86
653,android,3,pre,0,3.49
654,android,3,pre,0,5.91
655,android,3,pre,0,4.37
656,android,3,pre,0,5.11
657,android,3,pre,0,4.39
658,android,3,pre,0,3.86
659,android,3,pre,0,5.04
660,android,3,pre,0,5.72
661,android,3,pre,0,4.06
662,android,3,pre,0,3.83
663,android,3,pre,0,6.07
664,android,3,pre,0,5.1
665,android,3,pre,0,3.82
666,android,3,pre,0,5.42
667,android,3,pre,0,3.74
668,android,3,pre,0,3.96
669,android,3,pre,0,4.05
670,android,3,pre,0,2.79
671,android,3,pre,0,5.5
672,android,3,pre,0,4.2
673,android,3,pre,0,5.2
674,android,3,pre,0,4.35
675,android,3,pre,0,4.9
676,android,3,pre,0,6.63
677,android,3,pre,0,5.03
678,android,3,pre,0,3.28
679,android,3,pre,0,6.78
680,android,3,pre,0,3.78
681,android,3,pre,0,3.28
682,android,3,pre,0,4.07
683,android,3,pre,0,4.69
684,android,3,pre,0,2.27
685,android,3,pre,0,3.97
686,android,3,pre,0,4.78
687,android,3,pre,0,4.2
688,android,3,pre,0,3.24
689,android,3,pre,0,3.18
690,android,3,pre,0,3.83
691,android,3,pre,0,4.49
692,android,3,pre,0,5.17
693,android,3,pre,0,4.79
694,android,3,pre,0,5.41
695,android,3,pre,0,5.16
696,android,3,pre,0,3.37
697,android,3,pre,0,2.82
698,android,3,pre,0,5.08
699,android,3,pre,0,2.65
700,android,3,pre,0,4.31
701,android,3,pre,0,5.72
702,android,3,pre,0,5.5
703,android,3,pre,0,2.64
704,android,3,pre,0,2.97
705,android,3,pre,0,4.2
706,android,3,pre,0,5.16
707,android,3,pre,0,5.83
708,android,3,pre,0,6.24
709,android,3,pre,0,2.69
710,android,3,pre,0,4.74
711,android,3,pre,0,4.98
712,android,3,pre,0,3.14
713,android,3,pre,0,5.14
714,android,3,pre,0,5.48
715,android,3,pre,0,5.13
716,android,3,pre,0,5.86
717,android,3,pre,0,2.77
718,android,3,pre,0,4.22
719,android,3,pre,0,3.07
720,android,3,pre,0,3.25
721,android,3,pre,0,4.67
722,android,3,pre,0,5.78
723,android,3,pre,0,3.69
724,android,3,pre,0,3.09
725,android,3,pre,0,5.49
726,android,3,pre,0,5.06
727,android,3,pre,0,1.02
728,android,3,pre,0,3.65
729,android,3,pre,0,2.27
730,android,3,pre,0,4.54
731,android,3,pre,0,6.24
732,android,3,pre,0,3.13
733,android,3,pre,0,2.41
734,android,3,pre,0,5.92
735,android,3,pre,0,4.43
736,android,3,pre,0,5.28
737,android,3,pre,0,4.63
738,android,3,pre,0,3.98
739,android,3,pre,0,4.07
740,android,3,pre,0,3.81
741,android,3,pre,0,4.06
742,android,3,pre,0,4.13
743,android,3,pre,0,2.97
744,android,3,pre,0,6.12
745,android,3,pre,0,6.14
746,android,3,pre,0,4.98
747,android,3,pre,0,3.91
748,android,3,pre,0,5.53
749,android,3,pre,0,3.69
750,android,3,pre,0,3.74
751,android,3,pre,0,5.26
752,android,3,pre,0,2.84
753,android,3,pre,0,3.82
754,android,3,pre,0,1.83
755,android,3,pre,0,4.41
756,android,3,pre,0,4.68
757,android,3,pre,0,4.23
758,android,3,pre,0,6.01
759,android,3,pre,0,3.55
760,android,3,pre,0,4.48
761,android,3,pre,0,6.27
762,android,3,pre,0,5.38
763,android,3,pre,0,3.03
764,android,3,pre,0,4.53
765,android,3,pre,0,4.6
766,android,3,pre,0,4.58
767,android,3,pre,0,4.72
768,android,3,pre,0,3.59
769,android,3,pre,0,3.49
770,android,3,pre,0,2.85
771,android,3,pre,0,4.61
772,android,3,pre,0,4.91
773,android,3,pre,0,2.91
774,android,3,pre,0,3.55
775,android,3,pre,0,4.78
776,android,3,pre,0,4.26
777,android,3,pre,0,5.87
778,android,3,pre,0,5.24
779,android,3,pre,0,6.74
780,android,3,pre,0,5.09
781,android,3,pre,0,4.15
782,android,3,pre,0,3.66
783,android,3,pre,0,3.62
784,android,3,pre,0,3.38
785,android,3,pre,0,7.23
786,android,3,pre,0,2.61
787,android,3,pre,0,4.86
788,android,3,pre,0,4.92
789,android,3,pre,0,5.82
790,android,3,pre,0,4.97
791,android,3,pre,0,7.72
792,android,3,pre,0,2.66
793,android,3,pre,0,5.8
794,android,3,pre,0,6.0
795,android,3,pre,0,3.24
796,android,3,pre,0,3.81
797,android,3,pre,0,2.66
798,android,3,pre,0,4.99
799,android,3,pre,0,7.67
800,android,3,pre,0,3.19
801,android,3,pre,0,4.63
802,android,3,pre,0,4.57
803,android,3,pre,0,4.29
804,android,3,pre,0,6.26
805,android,3,pre,0,4.35
806,android,3,pre,0,4.45
807,android,3,pre,0,4.6
808,android,3,pre,0,5.41
809,android,3,pre,0,2.88
810,android,3,pre,0,5.55
811,android,3,pre,0,3.93
812,android,3,pre,0,2.88
813,android,3,pre,0,5.34
814,android,3,pre,0,3.68
815,android,3,pre,0,5.95
816,android,3,pre,0,3.43
817,android,3,pre,0,4.56
818,android,3,pre,0,4.46
819,android,3,pre,0,6.96
820,android,3,pre,0,3.03
821,android,3,pre,0,5.28
822,android,3,pre,0,5.61
823,android,3,pre,0,2.66
824,android,3,pre,0,4.44
825,android,3,pre,0,5.07
826,android,3,pre,0,5.19
827,android,3,pre,0,5.2
828,android,3,pre,0,4.79
829,android,3,pre,0,4.04
830,android,3,pre,0,3.32
831,android,3,pre,0,5.82
832,android,3,pre,0,5.09
833,android,3,pre,0,5.55
834,android,3,pre,0,2.81
835,android,3,pre,0,2.5
836,android,3,pre,0,4.12
837,android,3,pre,0,5.52
838,android,3,pre,0,4.3
839,android,3,pre,0,5.11
840,android,3,pre,0,3.69
841,android,3,pre,0,3.78
842,android,3,pre,0,4.97
843,android,3,pre,0,5.37
844,android,3,pre,0,3.05
845,android,3,pre,0,8.16
846,android,3,pre,0,4.85
847,android,3,pre,0,5.54
848,android,3,pre,0,4.05
849,android,3,pre,0,3.84
850,android,3,pre,0,6.36
851,android,3,pre,0,3.49
852,android,3,pre,0,2.79
853,android,3,pre,0,3.4
854,android,3,pre,0,3.64
855,android,3,pre,0,4.09
856,android,3,pre,0,3.47
857,android,3,pre,0,4.99
858,android,3,pre,0,3.47
859,android,3,pre,0,4.88
860,android,3,pre,0,4.3
861,android,3,pre,0,5.08
862,android,3,pre,0,4.48
863,android,3,pre,0,6.64
864,android,3,pre,0,4.5
865,android,3,pre,0,4.6
866,android,3,pre,0,4.3
867,android,3,pre,0,3.33
868,android,3,pre,0,1.3
869,android,3,pre,0,4.34
870,android,3,pre,0,4.18
871,android,3,pre,0,4.74
872,android,3,pre,0,4.0
873,android,3,pre,0,4.64
874,android,3,pre,0,3.68
875,android,3,pre,0,4.22
876,android,3,pre,0,5.41
877,android,3,pre,0,3.76
878,android,3,pre,0,2.74
879,android,3,pre,0,4.84
880,android,3,pre,0,5.41
881,android,3,pre,0,5.05
882,android,3,pre,0,3.2
883,android,3,pre,0,3.34
884,android,3,pre,0,4.34
885,android,3,pre,0,3.54
886,android,3,pre,0,4.41
887,android,3,pre,0,5.25
888,android,3,pre,0,2.81
889,android,3,pre,0,3.1
890,android,3,pre,0,5.45
891,android,3,pre,0,5.26
892,android,3,pre,0,5.68
893,android,3,pre,0,5.71
894,android,3,pre,0,3.84
895,android,3,pre,0,4.87
896,android,3,pre,0,6.84
897,android,3,pre,0,4.2
898,android,3,pre,0,5.49
899,android,3,pre,0,7.63
900,android,3,pre,0,5.78
901,android,3,pre,0,3.86
902,android,3,pre,0,4.48
903,android,3,pre,0,4.63
904,android,3,pre,0,5.26
905,android,3,pre,0,3.12
906,android,3,pre,0,6.75
907,android,3,pre,0,3.02
908,android,3,pre,0,3.26
909,android,3,pre,0,3.05
910,android,3,pre,0,5.62
911,android,3,pre,0,5.23
912,android,3,pre,0,3.89
913,android,3,pre,0,3.6
914,android,3,pre,0,6.83
915,android,3,pre,0,4.15
916,android,3,pre,0,4.14
917,android,3,pre,0,5.39
918,android,3,pre,0,3.74
919,android,3,pre,0,6.48
920,android,3,pre,0,3.82
921,android,3,pre,0,6.17
922,android,3,pre,0,5.34
923,android,3,pre,0,4.36
924,android,3,pre,0,4.09
925,android,3,pre,0,5.68
926,android,3,pre,0,3.92
927,android,3,pre,0,5.08
928,android,3,pre,0,3.48
929,android,3,pre,0,3.45
930,android,3,pre,0,5.41
931,android,3,pre,0,4.13
932,android,3,pre,0,4.86
933,android,3,pre,0,4.63
934,android,3,pre,0,4.02
935,android,3,pre,0,2.92
936,android,3,pre,0,2.76
937,android,3,pre,0,6.29
938,android,3,pre,0,5.97
939,android,3,pre,0,3.85
940,android,3,pre,0,4.05
941,android,3,pre,0,2.85
942,android,3,pre,0,4.53
943,android,3,pre,0,5.54
944,android,3,pre,0,4.2
945,android,3,pre,0,4.25
946,android,3,pre,0,6.18
947,android,3,pre,0,5.79
948,android,3,pre,0,6.49
949,android,3,pre,0,5.36
950,android,3,pre,0,3.91
951,android,3,pre,0,4.73
952,android,3,pre,0,4.58
953,android,3,pre,0,5.88
954,android,3,pre,0,5.94
955,android,3,pre,0,4.67
956,android,3,pre,0,4.39
957,android,3,pre,0,3.3
958,android,3,pre,0,4.13
959,android,3,pre,0,4.58
960,android,3,pre,0,5.08
961,android,3,pre,0,5.03
962,android,3,pre,0,4.74
963,android,3,pre,0,3.74
964,android,3,pre,0,5.79
965,android,3,pre,0,3.97
966,android,3,pre,0,5.68
967,android,3,pre,0,5.06
968,android,3,pre,0,4.83
969,android,3,pre,0,5.24
970,android,3,pre,0,3.01
971,android,3,pre,0,4.26
972,android,3,pre,0,4.24
973,android,3,pre,0,5.47
974,android,3,pre,0,4.43
975,android,3,pre,0,2.47
976,android,3,pre,0,2.47
977,android,3,pre,0,5.41
978,android,3,pre,0,6.5
979,android,3,pre,0,3.79
980,android,3,pre,0,5.37
981,android,3,pre,0,3.65
982,android,3,pre,0,5.5
983,android,3,pre,0,4.58
984,android,3,pre,0,4.17
985,android,3,pre,0,4.77
986,android,3,pre,0,5.31
987,android,3,pre,0,5.34
988,android,3,pre,0,4.02
989,android,3,pre,0,5.53
990,android,3,pre,0,5.5
991,android,3,pre,0,6.83
992,android,3,pre,0,2.82
993,android,3,pre,0,4.55
994,android,3,pre,0,3.43
995,android,3,pre,0,4.18
996,android,3,pre,0,5.08
997,android,3,pre,0,4.88
998,android,3,pre,0,3.54
999,android,3,pre,0,5.72
1000,android,3,pre,0,3.27
501,android,4,pre,0,3.06
502,android,4,pre,0,6.07
503,android,4,pre,0,3.94
504,android,4,pre,0,5.31
505,android,4,pre,0,5.11
506,android,4,pre,0,2.77
507,android,4,pre,0,5.12
508,android,4,pre,0,6.15
509,android,4,pre,0,4.84
510,android,4,pre,0,7.22
511,android,4,pre,0,4.35
512,android,4,pre,0,6.18
513,android,4,pre,0,6.93
514,android,4,pre,0,5.06
515,android,4,pre,0,4.45
516,android,4,pre,0,4.05
517,android,4,pre,0,4.96
518,android,4,pre,0,5.78
519,android,4,pre,0,5.31
520,android,4,pre,0,5.47
521,android,4,pre,0,4.58
522,android,4,pre,0,4.84
523,android,4,pre,0,5.42
524,android,4,pre,0,5.13
525,android,4,pre,0,3.94
526,android,4,pre,0,6.33
527,android,4,pre,0,3.61
528,android,4,pre,0,5.73
529,android,4,pre,0,3.89
530,android,4,pre,0,5.12
531,android,4,pre,0,3.91
532,android,4,pre,0,5.99
533,android,4,pre,0,2.35
534,android,4,pre,0,4.68
535,android,4,pre,0,5.8
536,android,4,pre,0,4.76
537,android,4,pre,0,5.5
538,android,4,pre,0,3.67
539,android,4,pre,0,4.62
540,android,4,pre,0,4.32
541,android,4,pre,0,6.26
542,android,4,pre,0,2.8
543,android,4,pre,0,5.65
544,android,4,pre,0,4.17
545,android,4,pre,0,6.74
546,android,4,pre,0,3.06
547,android,4,pre,0,4.8
548,android,4,pre,0,4.26
549,android,4,pre,0,4.63
550,android,4,pre,0,5.0
551,android,4,pre,0,8.34
552,android,4,pre,0,3.68
553,android,4,pre,0,6.08
554,android,4,pre,0,5.86
555,android,4,pre,0,5.0
556,android,4,pre,0,4.48
557,android,4,pre,0,5.15
558,android,4,pre,0,4.16
559,android,4,pre,0,4.85
560,android,4,pre,0,5.08
561,android,4,pre,0,4.86
562,android,4,pre,0,3.01
563,android,4,pre,0,5.89
564,android,4,pre,0,4.84
565,android,4,pre,0,4.31
566,android,4,pre,0,5.14
567,android,4,pre,0,3.61
568,android,4,pre,0,4.78
569,android,4,pre,0,4.28
570,android,4,pre,0,5.6
571,android,4,pre,0,5.28
572,android,4,pre,0,6.03
573,android,4,pre,0,4.84
574,android,4,pre,0,3.1
575,android,4,pre,0,5.78
576,android,4,pre,0,4.38
577,android,4,pre,0,4.89
578,android,4,pre,0,5.62
579,android,4,pre,0,5.81
580,android,4,pre,0,5.21
581,android,4,pre,0,5.63
582,android,4,pre,0,6.62
583,android,4,pre,0,4.82
584,android,4,pre,0,4.85
585,android,4,pre,0,3.78
586,android,4,pre,0,3.83
587,android,4,pre,0,5.47
588,android,4,pre,0,6.26
589,android,4,pre,0,4.22
590,android,4,pre,0,4.33
591,android,4,pre,0,5.3
592,android,4,pre,0,5.02
593,android,4,pre,0,5.81
594,android,4,pre,0,6.62
595,android,4,pre,0,4.36
596,android,4,pre,0,6.91
597,android,4,pre,0,5.42
598,android,4,pre,0,4.31
599,android,4,pre,0,4.73
600,android,4,pre,0,5.93
601,android,4,pre,0,5.08
602,android,4,pre,0,4.48
603,android,4,pre,0,3.77
604,android,4,pre,0,6.35
605,android,4,pre,0,4.57
606,android,4,pre,0,5.15
607,android,4,pre,0,5.23
608,android,4,pre,0,7.59
609,android,4,pre,0,3.81
610,android,4,pre,0,5.76
611,android,4,pre,0,5.18
612,android,4,pre,0,5.75
613,android,4,pre,0,3.47
614,android,4,pre,0,6.04
615,android,4,pre,0,5.01
616,android,4,pre,0,5.81
617,android,4,pre,0,6.06
618,android,4,pre,0,7.25
619,android,4,pre,0,5.77
620,android,4,pre,0,4.93
621,android,4,pre,0,5.23
622,android,4,pre,0,5.28
623,android,4,pre,0,4.12
624,android,4,pre,0,7.11
625,android,4,pre,0,3.89
626,android,4,pre,0,4.71
627,android,4,pre,0,5.22
628,android,4,pre,0,6.67
629,android,4,pre,0,4.02
630,android,4,pre,0,3.4
631,android,4,pre,0,6.46
632,android,4,pre,0,4.86
633,android,4,pre,0,6.0
634,android,4,pre,0,5.48
635,android,4,pre,0,6.2
636,android,4,pre,0,3.0
637,android,4,pre,0,3.91
638,android,4,pre,0,5.94
639,android,4,pre,0,4.33
640,android,4,pre,0,2.47
641,android,4,pre,0,4.23
642,android,4,pre,0,5.84
643,android,4,pre,0,5.48
644,android,4,pre,0,6.77
645,android,4,pre,0,3.85
646,android,4,pre,0,7.19
647,android,4,pre,0,6.63
648,android,4,pre,0,3.71
649,android,4,pre,0,3.58
650,android,4,pre,0,6.66
651,android,4,pre,0,5.48
652,android,4,pre,0,4.59
653,android,4,pre,0,4.97
654,android,4,pre,0,5.18
655,android,4,pre,0,3.81
656,android,4,pre,0,5.45
657,android,4,pre,0,3.35
658,android,4,pre,0,5.29
659,android,4,pre,0,4.15
660,android,4,pre,0,5.2
661,android,4,pre,0,4.24
662,android,4,pre,0,4.81
663,android,4,pre,0,4.13
664,android,4,pre,0,7.52
665,android,4,pre,0,6.52
666,android,4,pre,0,4.78
667,android,4,pre,0,5.01
668,android,4,pre,0,3.39
669,android,4,pre,0,4.58
670,android,4,pre,0,4.24
671,android,4,pre,0,2.48
672,android,4,pre,0,3.84
673,android,4,pre,0,6.07
674,android,4,pre,0,6.02
675,android,4,pre,0,5.27
676,android,4,pre,0,3.37
677,android,4,pre,0,5.72
678,android,4,pre,0,4.99
679,android,4,pre,0,5.27
680,android,4,pre,0,4.8
681,android,4,pre,0,4.19
682,android,4,pre,0,4.28
683,android,4,pre,0,4.34
684,android,4,pre,0,4.19
685,android,4,pre,0,4.88
686,android,4,pre,0,6.99
687,android,4,pre,0,6.28
688,android,4,pre,0,5.01
689,android,4,pre,0,4.73
690,android,4,pre,0,4.79
691,android,4,pre,0,4.98
692,android,4,pre,0,6.76
693,android,4,pre,0,5.2
694,android,4,pre,0,3.62
695,android,4,pre,0,3.9
696,android,4,pre,0,4.6
697,android,4,pre,0,6.38
698,android,4,pre,0,4.33
699,android,4,pre,0,5.57
700,android,4,pre,0,4.49
701,android,4,pre,0,5.91
702,android,4,pre,0,5.15
703,android,4,pre,0,5.71
704,android,4,pre,0,4.44
705,android,4,pre,0,2.97
706,android,4,pre,0,5.98
707,android,4,pre,0,6.47
708,android,4,pre,0,5.75
709,android,4,pre,0,4.69
710,android,4,pre,0,5.18
711,android,4,pre,0,4.72
712,android,4,pre,0,3.37
713,android,4,pre,0,5.53
714,android,4,pre,0,5.59
715,android,4,pre,0,2.96
716,android,4,pre,0,6.07
717,android,4,pre,0,4.21
718,android,4,pre,0,5.35
719,android,4,pre,0,4.83
720,android,4,pre,0,2.98
721,android,4,pre,0,4.01
722,android,4,pre,0,6.95
723,android,4,pre,0,4.83
724,android,4,pre,0,6.0
725,android,4,pre,0,4.57
726,android,4,pre,0,5.47
727,android,4,pre,0,4.0
728,android,4,pre,0,4.27
729,android,4,pre,0,4.9
730,android,4,pre,0,6.51
731,android,4,pre,0,5.06
732,android,4,pre,0,3.57
733,android,4,pre,0,6.79
734,android,4,pre,0,5.3
735,android,4,pre,0,5.77
736,android,4,pre,0,4.88
737,android,4,pre,0,3.54
738,android,4,pre,0,4.56
739,android,4,pre,0,4.85
740,android,4,pre,0,4.07
741,android,4,pre,0,2.53
742,android,4,pre,0,4.54
743,android,4,pre,0,4.48
744,android,4,pre,0,4.59
745,android,4,pre,0,4.05
746,android,4,pre,0,3.69
747,android,4,pre,0,5.08
748,android,4,pre,0,5.57
749,android,4,pre,0,4.42
750,android,4,pre,0,2.93
751,android,4,pre,0,4.99
752,android,4,pre,0,5.09
753,android,4,pre,0,4.63
754,android,4,pre,0,5.48
755,android,4,pre,0,3.4
756,android,4,pre,0,3.69
757,android,4,pre,0,6.58
758,android,4,pre,0,5.74
759,android,4,pre,0,3.95
760,android,4,pre,0,3.81
761,android,4,pre,0,5.63
762,android,4,pre,0,4.97
763,android,4,pre,0,5.42
764,android,4,pre,0,4.95
765,android,4,pre,0,5.26
766,android,4,pre,0,6.24
767,android,4,pre,0,4.96
768,android,4,pre,0,2.61
769,android,4,pre,0,4.17
770,android,4,pre,0,4.35
771,android,4,pre,0,5.45
772,android,4,pre,0,4.42
773,android,4,pre,0,4.07
774,android,4,pre,0,7.49
775,android,4,pre,0,4.86
776,android,4,pre,0,6.38
777,android,4,pre,0,5.49
778,android,4,pre,0,6.56
779,android,4,pre,0,5.25
780,android,4,pre,0,4.8
781,android,4,pre,0,5.95
782,android,4,pre,0,5.5
783,android,4,pre,0,4.62
784,android,4,pre,0,5.2
785,android,4,pre,0,5.24
786,android,4,pre,0,2.19
787,android,4,pre,0,4.18
788,android,4,pre,0,5.45
789,android,4,pre,0,3.28
790,android,4,pre,0,5.82
791,android,4,pre,0,6.75
792,android,4,pre,0,4.94
793,android,4,pre,0,7.33
794,android,4,pre,0,4.5
795,android,4,pre,0,5.74
796,android,4,pre,0,4.62
797,android,4,pre,0,3.36
798,android,4,pre,0,6.37
799,android,4,pre,0,5.06
800,android,4,pre,0,5.87
801,android,4,pre,0,5.43
802,android,4,pre,0,3.45
803,android,4,pre,0,6.56
804,android,4,pre,0,6.88
805,android,4,pre,0,4.29
806,android,4,pre,0,6.78
807,android,4,pre,0,6.39
808,android,4,pre,0,5.58
809,android,4,pre,0,4.62
810,android,4,pre,0,4.65
811,android,4,pre,0,4.85
812,android,4,pre,0,3.49
813,android,4,pre,0,3.06
814,android,4,pre,0,5.23
815,android,4,pre,0,5.22
816,android,4,pre,0,5.6
817,android,4,pre,0,4.87
818,android,4,pre,0,4.25
819,android,4,pre,0,4.51
820,android,4,pre,0,2.31
821,android,4,pre,0,6.64
822,android,4,pre,0,5.36
823,android,4,pre,0,5.93
824,android,4,pre,0,5.43
825,android,4,pre,0,5.47
826,android,4,pre,0,3.17
827,android,4,pre,0,5.72
828,android,4,pre,0,5.15
829,android,4,pre,0,6.22
830,android,4,pre,0,4.98
831,android,4,pre,0,4.05
832,android,4,pre,0,5.74
833,android,4,pre,0,5.92
834,android,4,pre,0,6.22
835,android,4,pre,0,3.71
836,android,4,pre,0,4.84
837,android,4,pre,0,3.69
838,android,4,pre,0,6.67
839,android,4,pre,0,5.51
840,android,4,pre,0,4.13
841,android,4,pre,0,3.9
842,android,4,pre,0,6.89
843,android,4,pre,0,5.29
844,android,4,pre,0,4.02
845,android,4,pre,0,6.03
846,android,4,pre,0,5.54
847,android,4,pre,0,5.61
848,android,4,pre,0,3.92
849,android,4,pre,0,4.29
850,android,4,pre,0,6.87
851,android,4,pre,0,5.58
852,android,4,pre,0,5.17
853,android,4,pre,0,3.04
854,android,4,pre,0,6.03
855,android,4,pre,0,5.07
856,android,4,pre,0,5.08
857,android,4,pre,0,3.2
858,android,4,pre,0,3.49
859,android,4,pre,0,5.08
860,android,4,pre,0,5.6
861,android,4,pre,0,4.25
862,android,4,pre,0,5.14
863,android,4,pre,0,4.45
864,android,4,pre,0,4.81
865,android,4,pre,0,4.71
866,android,4,pre,0,5.57
867,android,4,pre,0,3.76
868,android,4,pre,0,4.07
869,android,4,pre,0,1.54
870,android,4,pre,0,5.18
871,android,4,pre,0,5.82
872,android,4,pre,0,5.72
873,android,4,pre,0,4.15
874,android,4,pre,0,5.22
875,android,4,pre,0,3.2
876,android,4,pre,0,5.81
877,android,4,pre,0,6.38
878,android,4,pre,0,5.18
879,android,4,pre,0,6.79
880,android,4,pre,0,4.68
881,android,4,pre,0,7.04
882,android,4,pre,0,4.99
883,android,4,pre,0,5.32
884,android,4,pre,0,7.35
885,android,4,pre,0,5.1
886,android,4,pre,0,6.6
887,android,4,pre,0,5.36
888,android,4,pre,0,4.1
889,android,4,pre,0,4.16
890,android,4,pre,0,6.35
891,android,4,pre,0,4.64
892,android,4,pre,0,4.4
893,android,4,pre,0,5.81
894,android,4,pre,0,4.45
895,android,4,pre,0,4.39
896,android,4,pre,0,6.74
897,android,4,pre,0,4.66
898,android,4,pre,0,5.45
899,android,4,pre,0,4.2
900,android,4,pre,0,4.28
901,android,4,pre,0,4.65
902,android,4,pre,0,4.87
903,android,4,pre,0,6.91
904,android,4,pre,0,5.12
905,android,4,pre,0,3.79
906,android,4,pre,0,5.36
907,android,4,pre,0,4.95
908,android,4,pre,0,2.88
909,android,4,pre,0,3.96
910,android,4,pre,0,5.9
911,android,4,pre,0,5.3
912,android,4,pre,0,5.72
913,android,4,pre,0,5.63
914,android,4,pre,0,3.96
915,android,4,pre,0,3.77
916,android,4,pre,0,5.31
917,android,4,pre,0,5.08
918,android,4,pre,0,2.53
919,android,4,pre,0,7.12
920,android,4,pre,0,3.64
921,android,4,pre,0,4.29
922,android,4,pre,0,5.01
923,android,4,pre,0,4.41
924,android,4,pre,0,2.47
925,android,4,pre,0,4.79
926,android,4,pre,0,5.54
927,android,4,pre,0,3.91
928,android,4,pre,0,4.81
929,android,4,pre,0,6.11
930,android,4,pre,0,6.43
931,android,4,pre,0,5.57
932,android,4,pre,0,5.13
933,android,4,pre,0,5.04
934,android,4,pre,0,3.71
935,android,4,pre,0,2.73
936,android,4,pre,0,3.2
937,android,4,pre,0,6.54
938,android,4,pre,0,7.28
939,android,4,pre,0,5.72
940,android,4,pre,0,5.99
941,android,4,pre,0,1.98
942,android,4,pre,0,5.36
943,android,4,pre,0,4.67
944,android,4,pre,0,4.86
945,android,4,pre,0,4.97
946,android,4,pre,0,5.09
947,android,4,pre,0,5.34
948,android,4,pre,0,5.5
949,android,4,pre,0,3.53
950,android,4,pre,0,4.99
951,android,4,pre,0,4.51
952,android,4,pre,0,2.6
953,android,4,pre,0,5.92
954,android,4,pre,0,4.75
955,android,4,pre,0,4.25
956,android,4,pre,0,6.94
957,android,4,pre,0,5.07
958,android,4,pre,0,4.82
959,android,4,pre,0,4.56
960,android,4,pre,0,2.0
961,android,4,pre,0,6.26
962,android,4,pre,0,7.18
963,android,4,pre,0,5.5
964,android,4,pre,0,5.68
965,android,4,pre,0,3.99
966,android,4,pre,0,3.57
967,android,4,pre,0,5.53
968,android,4,pre,0,5.09
969,android,4,pre,0,5.98
970,android,4,pre,0,5.28
971,android,4,pre,0,6.15
972,android,4,pre,0,4.49
973,android,4,pre,0,5.49
974,android,4,pre,0,2.5
975,android,4,pre,0,4.11
976,android,4,pre,0,3.73
977,android,4,pre,0,5.34
978,android,4,pre,0,5.51
979,android,4,pre,0,5.17
980,android,4,pre,0,8.52
981,android,4,pre,0,3.71
982,android,4,pre,0,4.95
983,android,4,pre,0,4.33
984,android,4,pre,0,5.73
985,android,4,pre,0,1.32
986,android,4,pre,0,6.95
987,android,4,pre,0,5.13
988,android,4,pre,0,5.72
989,android,4,pre,0,5.08
990,android,4,pre,0,4.56
991,android,4,pre,0,6.45
992,android,4,pre,0,4.39
993,android,4,pre,0,5.89
994,android,4,pre,0,4.11
995,android,4,pre,0,6.0
996,android,4,pre,0,5.5
997,android,4,pre,0,3.82
998,android,4,pre,0,5.55
999,android,4,pre,0,6.82
1000,android,4,pre,0,4.91
501,android,5,post,0,4.47
502,android,5,post,0,5.45
503,android,5,post,0,5.81
504,android,5,post,0,4.23
505,android,5,post,0,5.79
506,android,5,post,0,6.34
507,android,5,post,0,4.5
508,android,5,post,0,5.28
509,android,5,post,0,4.68
510,android,5,post,0,5.74
511,android,5,post,0,5.36
512,android,5,post,0,4.67
513,android,5,post,0,4.78
514,android,5,post,0,4.96
515,android,5,post,0,6.63
516,android,5,post,0,6.2
517,android,5,post,0,4.93
518,android,5,post,0,4.82
519,android,5,post,0,6.28
520,android,5,post,0,5.0
521,android,5,post,0,6.68
522,android,5,post,0,6.07
523,android,5,post,0,2.9
524,android,5,post,0,6.03
525,android,5,post,0,4.54
526,android,5,post,0,5.5
527,android,5,post,0,6.5
528,android,5,post,0,7.7
529,android,5,post,0,3.65
530,android,5,post,0,6.73
531,android,5,post,0,6.19
532,android,5,post,0,6.09
533,android,5,post,0,3.8
534,android,5,post,0,6.78
535,android,5,post,0,6.52
536,android,5,post,0,6.31
537,android,5,post,0,4.23
538,android,5,post,0,5.96
539,android,5,post,0,5.75
540,android,5,post,0,6.77
541,android,5,post,0,4.53
542,android,5,post,0,3.71
543,android,5,post,0,4.18
544,android,5,post,0,4.23
545,android,5,post,0,5.72
546,android,5,post,0,3.49
547,android,5,post,0,6.88
548,android,5,post,0,5.04
549,android,5,post,0,4.21
550,android,5,post,0,5.3
551,android,5,post,0,5.28
552,android,5,post,0,5.74
553,android,5,post,0,4.2
554,android,5,post,0,5.45
555,android,5,post,0,5.04
556,android,5,post,0,6.04
557,android,5,post,0,5.17
558,android,5,post,0,4.94
559,android,5,post,0,6.54
560,android,5,post,0,3.5
561,android,5,post,0,5.81
562,android,5,post,0,5.07
563,android,5,post,0,6.23
564,android,5,post,0,5.12
565,android,5,post,0,5.81
566,android,5,post,0,4.4
567,android,5,post,0,6.29
568,android,5,post,0,7.04
569,android,5,post,0,4.95
570,android,5,post,0,5.89
571,android,5,post,0,5.2
572,android,5,post,0,4.08
573,android,5,post,0,5.75
574,android,5,post,0,6.52
575,android,5,post,0,5.92
576,android,5,post,0,2.07
577,android,5,post,0,4.32
578,android,5,post,0,4.0
579,android,5,post,0,4.96
580,android,5,post,0,7.73
581,android,5,post,0,6.83
582,android,5,post,0,7.63
583,android,5,post,0,5.54
584,android,5,post,0,6.6
585,android,5,post,0,3.58
586,android,5,post,0,4.24
587,android,5,post,0,4.09
588,android,5,post,0,6.49
589,android,5,post,0,5.31
590,android,5,post,0,6.12
591,android,5,post,0,8.21
592,android,5,post,0,7.47
593,android,5,post,0,5.69
594,android,5,post,0,5.72
595,android,5,post,0,5.61
596,android,5,post,0,7.76
597,android,5,post,0,6.9
598,android,5,post,0,6.01
599,android,5,post,0,6.56
600,android,5,post,0,7.4
601,android,5,post,0,4.29
602,android,5,post,0,6.56
603,android,5,post,0,5.22
604,android,5,post,0,7.5
605,android,5,post,0,4.37
606,android,5,post,0,5.6
607,android,5,post,0,5.48
608,android,5,post,0,5.39
609,android,5,post,0,4.78
610,android,5,post,0,4.59
611,android,5,post,0,6.26
612,android,5,post,0,4.77
613,android,5,post,0,4.24
614,android,5,post,0,5.97
615,android,5,post,0,4.54
616,android,5,post,0,4.73
617,android,5,post,0,5.67
618,android,5,post,0,7.13
619,android,5,post,0,5.67
620,android,5,post,0,6.42
621,android,5,post,0,5.29
622,android,5,post,0,4.25
623,android,5,post,0,5.18
624,android,5,post,0,5.6
625,android,5,post,0,4.1
626,android,5,post,0,3.6
627,android,5,post,0,4.42
628,android,5,post,0,7.35
629,android,5,post,0,5.53
630,android,5,post,0,4.35
631,android,5,post,0,4.84
632,android,5,post,0,4.65
633,android,5,post,0,4.73
634,android,5,post,0,5.1
635,android,5,post,0,6.68
636,android,5,post,0,4.84
637,android,5,post,0,4.08
638,android,5,post,0,5.82
639,android,5,post,0,4.92
640,android,5,post,0,5.48
641,android,5,post,0,4.46
642,android,5,post,0,5.9
643,android,5,post,0,5.57
644,android,5,post,0,4.65
645,android,5,post,0,5.27
646,android,5,post,0,5.11
647,android,5,post,0,6.78
648,android,5,post,0,5.88
649,android,5,post,0,5.76
650,android,5,post,0,5.91
651,android,5,post,0,7.33
652,android,5,post,0,5.51
653,android,5,post,0,3.75
654,android,5,post,0,8.07
655,android,5,post,0,4.21
656,android,5,post,0,5.71
657,android,5,post,0,5.04
658,android,5,post,0,6.55
659,android,5,post,0,6.35
660,android,5,post,0,5.7
661,android,5,post,0,7.05
662,android,5,post,0,4.67
663,android,5,post,0,3.31
664,android,5,post,0,5.32
665,android,5,post,0,6.16
666,android,5,post,0,4.44
667,android,5,post,0,4.91
668,android,5,post,0,4.93
669,android,5,post,0,8.13
670,android,5,post,0,5.68
671,android,5,post,0,5.77
672,android,5,post,0,5.48
673,android,5,post,0,7.68
674,android,5,post,0,7.07
675,android,5,post,0,5.71
676,android,5,post,0,4.35
677,android,5,post,0,5.84
678,android,5,post,0,4.98
679,android,5,post,0,6.62
680,android,5,post,0,4.98
681,android,5,post,0,3.61
682,android,5,post,0,5.94
683,android,5,post,0,5.09
684,android,5,post,0,4.56
685,android,5,post,0,4.97
686,android,5,post,0,5.87
687,android,5,post,0,5.94
688,android,5,post,0,4.56
689,android,5,post,0,6.26
690,android,5,post,0,5.6
691,android,5,post,0,3.83
692,android,5,post,0,6.76
693,android,5,post,0,5.06
694,android,5,post,0,7.45
695,android,5,post,0,5.66
696,android,5,post,0,4.86
697,android,5,post,0,7.04
698,android,5,post,0,5.08
699,android,5,post,0,4.91
700,android,5,post,0,6.23
701,android,5,post,0,5.68
702,android,5,post,0,3.67
703,android,5,post,0,2.76
704,android,5,post,0,5.19
705,android,5,post,0,4.33
706,android,5,post,0,5.77
707,android,5,post,0,7.5
708,android,5,post,0,8.06
709,android,5,post,0,6.14
710,android,5,post,0,4.18
711,android,5,post,0,9.04
712,android,5,post,0,4.93
713,android,5,post,0,4.02
714,android,5,post,0,5.98
715,android,5,post,0,5.63
716,android,5,post,0,5.75
717,android,5,post,0,5.32
718,android,5,post,0,5.68
719,android,5,post,0,4.68
720,android,5,post,0,4.73
721,android,5,post,0,5.16
722,android,5,post,0,4.78
723,android,5,post,0,5.93
724,android,5,post,0,5.98
725,android,5,post,0,7.46
726,android,5,post,0,7.87
727,android,5,post,0,5.83
728,android,5,post,0,3.01
729,android,5,post,0,5.74
730,android,5,post,0,6.31
731,android,5,post,0,5.87
732,android,5,post,0,4.48
733,android,5,post,0,5.27
734,android,5,post,0,4.71
735,android,5,post,0,5.2
736,android,5,post,0,4.76
737,android,5,post,0,6.31
738,android,5,post,0,4.9
739,android,5,post,0,5.97
740,android,5,post,0,5.0
741,android,5,post,0,6.22
742,android,5,post,0,5.22
743,android,5,post,0,3.73
744,android,5,post,0,5.66
745,android,5,post,0,4.32
746,android,5,post,0,4.91
747,android,5,post,0,7.62
748,android,5,post,0,6.29
749,android,5,post,0,5.49
750,android,5,post,0,5.44
751,android,5,post,0,4.62
752,android,5,post,0,5.36
753,android,5,post,0,7.11
754,android,5,post,0,4.03
755,android,5,post,0,4.82
756,android,5,post,0,3.36
757,android,5,post,0,4.22
758,android,5,post,0,5.02
759,android,5,post,0,6.24
760,android,5,post,0,5.89
761,android,5,post,0,6.24
762,android,5,post,0,5.49
763,android,5,post,0,5.12
764,android,5,post,0,5.56
765,android,5,post,0,5.82
766,android,5,post,0,3.51
767,android,5,post,0,5.0
768,android,5,post,0,2.62
769,android,5,post,0,3.63
770,android,5,post,0,2.95
771,android,5,post,0,4.74
772,android,5,post,0,4.0
773,android,5,post,0,4.98
774,android,5,post,0,6.41
775,android,5,post,0,5.27
776,android,5,post,0,5.52
777,android,5,post,0,7.9
778,android,5,post,0,5.14
779,android,5,post,0,4.8
780,android,5,post,0,4.25
781,android,5,post,0,5.05
782,android,5,post,0,4.38
783,android,5,post,0,5.0
784,android,5,post,0,4.33
785,android,5,post,0,5.31
786,android,5,post,0,4.37
787,android,5,post,0,3.99
788,android,5,post,0,5.8
789,android,5,post,0,5.66
790,android,5,post,0,6.12
791,android,5,post,0,6.63
792,android,5,post,0,6.44
793,android,5,post,0,4.77
794,android,5,post,0,4.24
795,android,5,post,0,5.96
796,android,5,post,0,3.91
797,android,5,post,0,3.87
798,android,5,post,0,4.07
799,android,5,post,0,5.49
800,android,5,post,0,5.24
801,android,5,post,0,4.87
802,android,5,post,0,5.57
803,android,5,post,0,4.1
804,android,5,post,0,7.84
805,android,5,post,0,7.24
806,android,5,post,0,3.43
807,android,5,post,0,8.03
808,android,5,post,0,6.16
809,android,5,post,0,5.65
810,android,5,post,0,6.06
811,android,5,post,0,5.06
812,android,5,post,0,3.6
813,android,5,post,0,5.1
814,android,5,post,0,5.16
815,android,5,post,0,5.34
816,android,5,post,0,6.43
817,android,5,post,0,3.65
818,android,5,post,0,5.5
819,android,5,post,0,6.29
820,android,5,post,0,4.46
821,android,5,post,0,4.53
822,android,5,post,0,3.87
823,android,5,post,0,5.01
824,android,5,post,0,3.89
825,android,5,post,0,5.4
826,android,5,post,0,4.68
827,android,5,post,0,3.22
828,android,5,post,0,5.48
829,android,5,post,0,5.93
830,android,5,post,0,5.58
831,android,5,post,0,6.16
832,android,5,post,0,5.6
833,android,5,post,0,7.41
834,android,5,post,0,3.38
835,android,5,post,0,5.23
836,android,5,post,0,6.56
837,android,5,post,0,4.3
838,android,5,post,0,4.38
839,android,5,post,0,6.38
840,android,5,post,0,7.28
841,android,5,post,0,4.0
842,android,5,post,0,6.75
843,android,5,post,0,5.85
844,android,5,post,0,4.35
845,android,5,post,0,8.47
846,android,5,post,0,6.31
847,android,5,post,0,4.89
848,android,5,post,0,5.76
849,android,5,post,0,5.78
850,android,5,post,0,5.45
851,android,5,post,0,5.55
852,android,5,post,0,6.5
853,android,5,post,0,5.3
854,android,5,post,0,3.9
855,android,5,post,0,3.77
856,android,5,post,0,4.75
857,android,5,post,0,4.74
858,android,5,post,0,5.09
859,android,5,post,0,6.81
860,android,5,post,0,5.79
861,android,5,post,0,3.99
862,android,5,post,0,6.42
863,android,5,post,0,5.19
864,android,5,post,0,3.09
865,android,5,post,0,4.23
866,android,5,post,0,4.69
867,android,5,post,0,3.87
868,android,5,post,0,4.86
869,android,5,post,0,5.11
870,android,5,post,0,5.22
871,android,5,post,0,6.84
872,android,5,post,0,5.42
873,android,5,post,0,4.7
874,android,5,post,0,5.13
875,android,5,post,0,6.02
876,android,5,post,0,5.87
877,android,5,post,0,6.53
878,android,5,post,0,5.66
879,android,5,post,0,5.86
880,android,5,post,0,4.73
881,android,5,post,0,5.37
882,android,5,post,0,6.53
883,android,5,post,0,4.7
884,android,5,post,0,4.86
885,android,5,post,0,4.62
886,android,5,post,0,8.7
887,android,5,post,0,5.53
888,android,5,post,0,5.66
889,android,5,post,0,3.57
890,android,5,post,0,5.25
891,android,5,post,0,4.75
892,android,5,post,0,5.46
893,android,5,post,0,3.83
894,android,5,post,0,5.25
895,android,5,post,0,3.78
896,android,5,post,0,4.38
897,android,5,post,0,6.56
898,android,5,post,0,5.19
899,android,5,post,0,4.86
900,android,5,post,0,4.02
901,android,5,post,0,6.46
902,android,5,post,0,4.44
903,android,5,post,0,6.16
904,android,5,post,0,6.41
905,android,5,post,0,3.47
906,android,5,post,0,4.97
907,android,5,post,0,5.42
908,android,5,post,0,6.46
909,android,5,post,0,5.33
910,android,5,post,0,6.36
911,android,5,post,0,6.61
912,android,5,post,0,5.99
913,android,5,post,0,6.58
914,android,5,post,0,5.82
915,android,5,post,0,4.6
916,android,5,post,0,5.41
917,android,5,post,0,4.88
918,android,5,post,0,5.39
919,android,5,post,0,7.29
920,android,5,post,0,4.33
921,android,5,post,0,7.86
922,android,5,post,0,5.69
923,android,5,post,0,5.92
924,android,5,post,0,4.93
925,android,5,post,0,5.4
926,android,5,post,0,6.06
927,android,5,post,0,6.96
928,android,5,post,0,3.67
929,android,5,post,0,3.99
930,android,5,post,0,4.98
931,android,5,post,0,3.43
932,android,5,post,0,6.7
933,android,5,post,0,5.65
934,android,5,post,0,8.07
935,android,5,post,0,4.4
936,android,5,post,0,5.2
937,android,5,post,0,8.27
938,android,5,post,0,6.85
939,android,5,post,0,4.72
940,android,5,post,0,7.09
941,android,5,post,0,3.89
942,android,5,post,0,4.63
943,android,5,post,0,5.91
944,android,5,post,0,4.01
945,android,5,post,0,5.23
946,android,5,post,0,5.13
947,android,5,post,0,8.7
948,android,5,post,0,5.94
949,android,5,post,0,4.31
950,android,5,post,0,7.01
951,android,5,post,0,5.25
952,android,5,post,0,3.42
953,android,5,post,0,4.77
954,android,5,post,0,6.31
955,android,5,post,0,6.06
956,android,5,post,0,6.66
957,android,5,post,0,5.58
958,android,5,post,0,3.5
959,android,5,post,0,4.0
960,android,5,post,0,3.71
961,android,5,post,0,5.94
962,android,5,post,0,6.48
963,android,5,post,0,6.34
964,android,5,post,0,5.11
965,android,5,post,0,5.48
966,android,5,post,0,5.93
967,android,5,post,0,5.71
968,android,5,post,0,4.53
969,android,5,post,0,5.76
970,android,5,post,0,3.74
971,android,5,post,0,5.07
972,android,5,post,0,6.55
973,android,5,post,0,5.12
974,android,5,post,0,6.2
975,android,5,post,0,5.54
976,android,5,post,0,5.5
977,android,5,post,0,6.0
978,android,5,post,0,7.48
979,android,5,post,0,5.84
980,android,5,post,0,4.75
981,android,5,post,0,3.89
982,android,5,post,0,3.76
983,android,5,post,0,5.13
984,android,5,post,0,5.48
985,android,5,post,0,6.44
986,android,5,post,0,7.57
987,android,5,post,0,6.08
988,android,5,post,0,6.13
989,android,5,post,0,5.22
990,android,5,post,0,3.59
991,android,5,post,0,4.84
992,android,5,post,0,6.22
993,android,5,post,0,6.14
994,android,5,post,0,6.3
995,android,5,post,0,5.51
996,android,5,post,0,6.83
997,android,5,post,0,4.14
998,android,5,post,0,5.32
999,android,5,post,0,5.36
1000,android,5,post,0,5.59
501,android,6,post,0,5.25
502,android,6,post,0,5.33
503,android,6,post,0,5.51
504,android,6,post,0,7.72
505,android,6,post,0,6.66
506,android,6,post,0,6.04
507,android,6,post,0,6.93
508,android,6,post,0,5.48
509,android,6,post,0,3.21
510,android,6,post,0,4.57
511,android,6,post,0,5.34
512,android,6,post,0,4.67
513,android,6,post,0,5.66
514,android,6,post,0,6.84
515,android,6,post,0,6.02
516,android,6,post,0,7.0
517,android,6,post,0,6.61
518,android,6,post,0,6.5
519,android,6,post,0,7.34
520,android,6,post,0,4.51
521,android,6,post,0,7.13
522,android,6,post,0,3.75
523,android,6,post,0,6.56
524,android,6,post,0,6.34
525,android,6,post,0,4.61
526,android,6,post,0,5.68
527,android,6,post,0,5.45
528,android,6,post,0,7.73
529,android,6,post,0,6.07
530,android,6,post,0,4.1
531,android,6,post,0,4.74
532,android,6,post,0,7.91
533,android,6,post,0,6.14
534,android,6,post,0,4.5
535,android,6,post,0,6.51
536,android,6,post,0,5.83
537,android,6,post,0,5.0
538,android,6,post,0,5.62
539,android,6,post,0,6.58
540,android,6,post,0,6.81
541,android,6,post,0,5.96
542,android,6,post,0,3.79
543,android,6,post,0,7.28
544,android,6,post,0,5.61
545,android,6,post,0,4.3
546,android,6,post,0,3.95
547,android,6,post,0,5.8
548,android,6,post,0,6.08
549,android,6,post,0,6.03
550,android,6,post,0,5.73
551,android,6,post,0,7.66
552,android,6,post,0,6.02
553,android,6,post,0,6.96
554,android,6,post,0,7.28
555,android,6,post,0,4.57
556,android,6,post,0,6.21
557,android,6,post,0,5.45
558,android,6,post,0,6.47
559,android,6,post,0,5.54
560,android,6,post,0,5.47
561,android,6,post,0,6.35
562,android,6,post,0,5.34
563,android,6,post,0,7.05
564,android,6,post,0,4.23
565,android,6,post,0,4.91
566,android,6,post,0,5.1
567,android,6,post,0,7.88
568,android,6,post,0,6.57
569,android,6,post,0,5.55
570,android,6,post,0,7.2
571,android,6,post,0,6.08
572,android,6,post,0,5.57
573,android,6,post,0,5.99
574,android,6,post,0,6.5
575,android,6,post,0,5.92
576,android,6,post,0,3.79
577,android,6,post,0,5.4
578,android,6,post,0,5.08
579,android,6,post,0,5.08
580,android,6,post,0,6.58
581,android,6,post,0,6.57
582,android,6,post,0,8.42
583,android,6,post,0,6.69
584,android,6,post,0,7.26
585,android,6,post,0,3.84
586,android,6,post,0,5.44
587,android,6,post,0,5.22
588,android,6,post,0,6.49
589,android,6,post,0,5.59
590,android,6,post,0,6.26
591,android,6,post,0,8.07
592,android,6,post,0,9.12
593,android,6,post,0,6.2
594,android,6,post,0,7.0
595,android,6,post,0,6.97
596,android,6,post,0,7.87
597,android,6,post,0,6.85
598,android,6,post,0,4.68
599,android,6,post,0,8.01
600,android,6,post,0,6.4
601,android,6,post,0,4.48
602,android,6,post,0,6.25
603,android,6,post,0,7.04
604,android,6,post,0,6.06
605,android,6,post,0,4.04
606,android,6,post,0,5.59
607,android,6,post,0,7.54
608,android,6,post,0,8.02
609,android,6,post,0,5.13
610,android,6,post,0,5.76
611,android,6,post,0,8.39
612,android,6,post,0,5.81
613,android,6,post,0,4.49
614,android,6,post,0,5.8
615,android,6,post,0,5.41
616,android,6,post,0,4.24
617,android,6,post,0,8.49
618,android,6,post,0,6.65
619,android,6,post,0,7.67
620,android,6,post,0,8.28
621,android,6,post,0,4.87
622,android,6,post,0,3.48
623,android,6,post,0,5.1
624,android,6,post,0,4.34
625,android,6,post,0,6.45
626,android,6,post,0,2.97
627,android,6,post,0,5.7
628,android,6,post,0,6.79
629,android,6,post,0,6.53
630,android,6,post,0,4.99
631,android,6,post,0,5.98
632,android,6,post,0,6.31
633,android,6,post,0,4.95
634,android,6,post,0,5.93
635,android,6,post,0,6.23
636,android,6,post,0,3.72
637,android,6,post,0,3.78
638,android,6,post,0,5.08
639,android,6,post,0,5.99
640,android,6,post,0,6.28
641,android,6,post,0,4.97
642,android,6,post,0,4.49
643,android,6,post,0,5.71
644,android,6,post,0,5.9
645,android,6,post,0,4.06
646,android,6,post,0,4.38
647,android,6,post,0,7.29
648,android,6,post,0,6.05
649,android,6,post,0,3.95
650,android,6,post,0,4.96
651,android,6,post,0,6.26
652,android,6,post,0,5.24
653,android,6,post,0,4.25
654,android,6,post,0,8.72
655,android,6,post,0,4.88
656,android,6,post,0,7.57
657,android,6,post,0,3.14
658,android,6,post,0,6.23
659,android,6,post,0,6.63
660,android,6,post,0,6.06
661,android,6,post,0,4.8
662,android,6,post,0,6.18
663,android,6,post,0,5.46
664,android,6,post,0,7.89
665,android,6,post,0,6.54
666,android,6,post,0,3.58
667,android,6,post,0,7.85
668,android,6,post,0,5.5
669,android,6,post,0,6.6
670,android,6,post,0,5.74
671,android,6,post,0,6.0
672,android,6,post,0,7.71
673,android,6,post,0,7.65
674,android,6,post,0,6.98
675,android,6,post,0,4.72
676,android,6,post,0,5.88
677,android,6,post,0,6.68
678,android,6,post,0,4.16
679,android,6,post,0,6.08
680,android,6,post,0,5.66
681,android,6,post,0,5.16
682,android,6,post,0,5.82
683,android,6,post,0,5.59
684,android,6,post,0,4.26
685,android,6,post,0,7.4
686,android,6,post,0,5.62
687,android,6,post,0,8.28
688,android,6,post,0,6.45
689,android,6,post,0,6.92
690,android,6,post,0,3.67
691,android,6,post,0,6.42
692,android,6,post,0,6.24
693,android,6,post,0,5.34
694,android,6,post,0,4.74
695,android,6,post,0,4.9
696,android,6,post,0,6.4
697,android,6,post,0,5.94
698,android,6,post,0,5.75
699,android,6,post,0,4.74
700,android,6,post,0,7.6
701,android,6,post,0,5.68
702,android,6,post,0,7.07
703,android,6,post,0,4.73
704,android,6,post,0,5.76
705,android,6,post,0,6.92
706,android,6,post,0,6.33
707,android,6,post,0,5.9
708,android,6,post,0,7.75
709,android,6,post,0,4.39
710,android,6,post,0,8.46
711,android,6,post,0,6.28
712,android,6,post,0,6.18
713,android,6,post,0,7.49
714,android,6,post,0,6.3
715,android,6,post,0,6.86
716,android,6,post,0,6.13
717,android,6,post,0,6.53
718,android,6,post,0,6.71
719,android,6,post,0,6.53
720,android,6,post,0,5.48
721,android,6,post,0,4.92
722,android,6,post,0,6.27
723,android,6,post,0,6.77
724,android,6,post,0,4.57
725,android,6,post,0,6.33
726,android,6,post,0,8.11
727,android,6,post,0,3.94
728,android,6,post,0,6.18
729,android,6,post,0,4.56
730,android,6,post,0,5.31
731,android,6,post,0,5.24
732,android,6,post,0,6.24
733,android,6,post,0,5.9
734,android,6,post,0,5.01
735,android,6,post,0,6.55
736,android,6,post,0,4.89
737,android,6,post,0,6.87
738,android,6,post,0,6.24
739,android,6,post,0,3.68
740,android,6,post,0,3.91
741,android,6,post,0,4.45
742,android,6,post,0,4.43
743,android,6,post,0,5.27
744,android,6,post,0,6.97
745,android,6,post,0,7.32
746,android,6,post,0,7.09
747,android,6,post,0,6.6
748,android,6,post,0,8.86
749,android,6,post,0,6.54
750,android,6,post,0,4.96
751,android,6,post,0,5.63
752,android,6,post,0,7.19
753,android,6,post,0,6.52
754,android,6,post,0,6.03
755,android,6,post,0,4.67
756,android,6,post,0,5.34
757,android,6,post,0,4.13
758,android,6,post,0,7.78
759,android,6,post,0,4.72
760,android,6,post,0,5.45
761,android,6,post,0,7.64
762,android,6,post,0,5.73
763,android,6,post,0,4.93
764,android,6,post,0,6.7
765,android,6,post,0,6.48
766,android,6,post,0,5.52
767,android,6,post,0,4.07
768,android,6,post,0,6.45
769,android,6,post,0,3.73
770,android,6,post,0,5.68
771,android,6,post,0,5.14
772,android,6,post,0,6.36
773,android,6,post,0,6.57
774,android,6,post,0,7.87
775,android,6,post,0,6.01
776,android,6,post,0,4.5
777,android,6,post,0,5.7
778,android,6,post,0,8.69
779,android,6,post,0,7.77
780,android,6,post,0,6.18
781,android,6,post,0,7.12
782,android,6,post,0,6.08
783,android,6,post,0,5.65
784,android,6,post,0,5.72
785,android,6,post,0,4.67
786,android,6,post,0,5.76
787,android,6,post,0,7.09
788,android,6,post,0,7.06
789,android,6,post,0,7.06
790,android,6,post,0,9.02
791,android,6,post,0,5.98
792,android,6,post,0,4.79
793,android,6,post,0,6.49
794,android,6,post,0,7.67
795,android,6,post,0,7.47
796,android,6,post,0,3.71
797,android,6,post,0,4.83
798,android,6,post,0,5.14
799,android,6,post,0,8.24
800,android,6,post,0,5.49
801,android,6,post,0,6.46
802,android,6,post,0,5.51
803,android,6,post,0,5.87
804,android,6,post,0,6.52
805,android,6,post,0,5.96
806,android,6,post,0,3.63
807,android,6,post,0,6.61
808,android,6,post,0,4.52
809,android,6,post,0,6.09
810,android,6,post,0,7.23
811,android,6,post,0,5.75
812,android,6,post,0,6.4
813,android,6,post,0,6.1
814,android,6,post,0,3.66
815,android,6,post,0,6.61
816,android,6,post,0,5.37
817,android,6,post,0,4.8
818,android,6,post,0,6.03
819,android,6,post,0,7.42
820,android,6,post,0,7.32
821,android,6,post,0,6.82
822,android,6,post,0,6.78
823,android,6,post,0,5.95
824,android,6,post,0,5.55
825,android,6,post,0,5.54
826,android,6,post,0,5.64
827,android,6,post,0,8.03
828,android,6,post,0,6.78
829,android,6,post,0,5.28
830,android,6,post,0,7.86
831,android,6,post,0,6.65
832,android,6,post,0,6.78
833,android,6,post,0,7.02
834,android,6,post,0,7.31
835,android,6,post,0,6.22
836,android,6,post,0,6.73
837,android,6,post,0,5.27
838,android,6,post,0,7.78
839,android,6,post,0,6.38
840,android,6,post,0,5.76
841,android,6,post,0,4.89
842,android,6,post,0,4.93
843,android,6,post,0,4.92
844,android,6,post,0,6.31
845,android,6,post,0,7.98
846,android,6,post,0,6.32
847,android,6,post,0,5.55
848,android,6,post,0,4.63
849,android,6,post,0,6.7
850,android,6,post,0,6.2
851,android,6,post,0,7.75
852,android,6,post,0,5.02
853,android,6,post,0,5.86
854,android,6,post,0,8.01
855,android,6,post,0,5.72
856,android,6,post,0,6.63
857,android,6,post,0,5.07
858,android,6,post,0,6.25
859,android,6,post,0,6.37
860,android,6,post,0,5.17
861,android,6,post,0,5.63
862,android,6,post,0,5.26
863,android,6,post,0,5.63
864,android,6,post,0,6.19
865,android,6,post,0,7.34
866,android,6,post,0,6.53
867,android,6,post,0,3.84
868,android,6,post,0,5.22
869,android,6,post,0,5.41
870,android,6,post,0,6.54
871,android,6,post,0,6.32
872,android,6,post,0,6.1
873,android,6,post,0,5.04
874,android,6,post,0,7.68
875,android,6,post,0,7.54
876,android,6,post,0,6.56
877,android,6,post,0,7.75
878,android,6,post,0,5.87
879,android,6,post,0,6.98
880,android,6,post,0,7.11
881,android,6,post,0,7.12
882,android,6,post,0,4.1
883,android,6,post,0,5.98
884,android,6,post,0,7.29
885,android,6,post,0,5.24
886,android,6,post,0,4.34
887,android,6,post,0,6.77
888,android,6,post,0,5.98
889,android,6,post,0,5.76
890,android,6,post,0,5.97
891,android,6,post,0,4.93
892,android,6,post,0,6.88
893,android,6,post,0,5.77
894,android,6,post,0,5.7
895,android,6,post,0,4.39
896,android,6,post,0,4.25
897,android,6,post,0,5.07
898,android,6,post,0,7.19
899,android,6,post,0,5.27
900,android,6,post,0,6.51
901,android,6,post,0,5.06
902,android,6,post,0,6.58
903,android,6,post,0,7.17
904,android,6,post,0,6.37
905,android,6,post,0,4.67
906,android,6,post,0,5.08
907,android,6,post,0,5.25
908,android,6,post,0,5.31
909,android,6,post,0,6.16
910,android,6,post,0,8.08
911,android,6,post,0,7.76
912,android,6,post,0,6.6
913,android,6,post,0,5.33
914,android,6,post,0,7.48
915,android,6,post,0,4.62
916,android,6,post,0,5.81
917,android,6,post,0,5.27
918,android,6,post,0,4.8
919,android,6,post,0,6.81
920,android,6,post,0,4.13
921,android,6,post,0,6.27
922,android,6,post,0,5.73
923,android,6,post,0,5.48
924,android,6,post,0,5.65
925,android,6,post,0,6.17
926,android,6,post,0,6.82
927,android,6,post,0,5.73
928,android,6,post,0,5.81
929,android,6,post,0,6.93
930,android,6,post,0,6.42
931,android,6,post,0,4.94
932,android,6,post,0,7.56
933,android,6,post,0,6.04
934,android,6,post,0,3.84
935,android,6,post,0,4.37
936,android,6,post,0,6.56
937,android,6,post,0,5.55
938,android,6,post,0,8.06
939,android,6,post,0,7.66
940,android,6,post,0,7.91
941,android,6,post,0,4.87
942,android,6,post,0,6.79
943,android,6,post,0,7.39
944,android,6,post,0,6.98
945,android,6,post,0,7.35
946,android,6,post,0,6.13
947,android,6,post,0,5.89
948,android,6,post,0,6.73
949,android,6,post,0,4.14
950,android,6,post,0,7.07
951,android,6,post,0,5.96
952,android,6,post,0,7.28
953,android,6,post,0,6.62
954,android,6,post,0,7.3
955,android,6,post,0,6.24
956,android,6,post,0,5.97
957,android,6,post,0,5.67
958,android,6,post,0,6.17
959,android,6,post,0,4.0
960,android,6,post,0,5.38
961,android,6,post,0,5.74
962,android,6,post,0,5.79
963,android,6,post,0,6.1
964,android,6,post,0,5.59
965,android,6,post,0,6.37
966,android,6,post,0,6.57
967,android,6,post,0,7.34
968,android,6,post,0,4.67
969,android,6,post,0,8.46
970,android,6,post,0,4.88
971,android,6,post,0,6.37
972,android,6,post,0,4.65
973,android,6,post,0,6.42
974,android,6,post,0,5.15
975,android,6,post,0,4.81
976,android,6,post,0,6.48
977,android,6,post,0,5.55
978,android,6,post,0,7.34
979,android,6,post,0,4.73
980,android,6,post,0,3.89
981,android,6,post,0,4.97
982,android,6,post,0,4.77
983,android,6,post,0,6.6
984,android,6,post,0,4.18
985,android,6,post,0,6.95
986,android,6,post,0,7.24
987,android,6,post,0,8.2
988,android,6,post,0,6.93
989,android,6,post,0,7.54
990,android,6,post,0,6.54
991,android,6,post,0,6.13
992,android,6,post,0,6.2
993,android,6,post,0,7.06
994,android,6,post,0,6.85
995,android,6,post,0,5.59
996,android,6,post,0,6.79
997,android,6,post,0,5.66
998,android,6,post,0,8.52
999,android,6,post,0,7.41
1000,android,6,post,0,6.82
501,android,7,post,0,5.34
502,android,7,post,0,4.21
503,android,7,post,0,5.28
504,android,7,post,0,7.9
505,android,7,post,0,4.9
506,android,7,post,0,6.94
507,android,7,post,0,6.45
508,android,7,post,0,5.4
509,android,7,post,0,4.77
510,android,7,post,0,6.12
511,android,7,post,0,5.78
512,android,7,post,0,4.75
513,android,7,post,0,5.58
514,android,7,post,0,6.61
515,android,7,post,0,5.71
516,android,7,post,0,8.94
517,android,7,post,0,7.16
518,android,7,post,0,6.6
519,android,7,post,0,6.59
520,android,7,post,0,5.38
521,android,7,post,0,5.71
522,android,7,post,0,6.56
523,android,7,post,0,5.14
524,android,7,post,0,9.01
525,android,7,post,0,6.52
526,android,7,post,0,8.45
527,android,7,post,0,5.36
528,android,7,post,0,7.09
529,android,7,post,0,5.59
530,android,7,post,0,6.45
531,android,7,post,0,7.84
532,android,7,post,0,5.67
533,android,7,post,0,6.29
534,android,7,post,0,7.37
535,android,7,post,0,7.58
536,android,7,post,0,7.19
537,android,7,post,0,7.89
538,android,7,post,0,4.71
539,android,7,post,0,6.89
540,android,7,post,0,5.73
541,android,7,post,0,6.8
542,android,7,post,0,5.04
543,android,7,post,0,7.89
544,android,7,post,0,7.22
545,android,7,post,0,4.92
546,android,7,post,0,5.1
547,android,7,post,0,6.39
548,android,7,post,0,5.08
549,android,7,post,0,5.62
550,android,7,post,0,7.01
551,android,7,post,0,8.6
552,android,7,post,0,6.81
553,android,7,post,0,7.38
554,android,7,post,0,7.7
555,android,7,post,0,7.02
556,android,7,post,0,5.84
557,android,7,post,0,4.97
558,android,7,post,0,6.43
559,android,7,post,0,7.07
560,android,7,post,0,5.59
561,android,7,post,0,5.32
562,android,7,post,0,6.49
563,android,7,post,0,7.59
564,android,7,post,0,6.35
565,android,7,post,0,5.51
566,android,7,post,0,4.46
567,android,7,post,0,7.16
568,android,7,post,0,5.72
569,android,7,post,0,5.32
570,android,7,post,0,7.84
571,android,7,post,0,5.05
572,android,7,post,0,9.15
573,android,7,post,0,7.54
574,android,7,post,0,7.49
575,android,7,post,0,7.82
576,android,7,post,0,5.29
577,android,7,post,0,6.59
578,android,7,post,0,6.33
579,android,7,post,0,5.9
580,android,7,post,0,7.44
581,android,7,post,0,7.46
582,android,7,post,0,6.58
583,android,7,post,0,5.17
584,android,7,post,0,6.08
585,android,7,post,0,5.64
586,android,7,post,0,7.17
587,android,7,post,0,8.41
588,android,7,post,0,7.29
589,android,7,post,0,5.85
590,android,7,post,0,6.51
591,android,7,post,0,8.2
592,android,7,post,0,7.02
593,android,7,post,0,6.68
594,android,7,post,0,7.15
595,android,7,post,0,8.29
596,android,7,post,0,7.11
597,android,7,post,0,7.76
598,android,7,post,0,6.07
599,android,7,post,0,5.34
600,android,7,post,0,6.62
601,android,7,post,0,4.85
602,android,7,post,0,6.68
603,android,7,post,0,6.68
604,android,7,post,0,7.17
605,android,7,post,0,6.42
606,android,7,post,0,8.31
607,android,7,post,0,6.05
608,android,7,post,0,6.87
609,android,7,post,0,5.35
610,android,7,post,0,6.09
611,android,7,post,0,4.63
612,android,7,post,0,6.76
613,android,7,post,0,7.14
614,android,7,post,0,7.37
615,android,7,post,0,6.58
616,android,7,post,0,7.52
617,android,7,post,0,8.27
618,android,7,post,0,7.18
619,android,7,post,0,6.47
620,android,7,post,0,5.95
621,android,7,post,0,5.43
622,android,7,post,0,5.26
623,android,7,post,0,5.78
624,android,7,post,0,6.9
625,android,7,post,0,6.09
626,android,7,post,0,6.42
627,android,7,post,0,5.47
628,android,7,post,0,7.02
629,android,7,post,0,4.54
630,android,7,post,0,4.29
631,android,7,post,0,6.93
632,android,7,post,0,4.23
633,android,7,post,0,4.92
634,android,7,post,0,6.41
635,android,7,post,0,6.93
636,android,7,post,0,5.16
637,android,7,post,0,3.87
638,android,7,post,0,6.03
639,android,7,post,0,5.22
640,android,7,post,0,6.94
641,android,7,post,0,7.27
642,android,7,post,0,8.44
643,android,7,post,0,5.93
644,android,7,post,0,6.22
645,android,7,post,0,5.62
646,android,7,post,0,6.25
647,android,7,post,0,6.0
648,android,7,post,0,5.54
649,android,7,post,0,6.25
650,android,7,post,0,8.05
651,android,7,post,0,6.46
652,android,7,post,0,6.3
653,android,7,post,0,3.64
654,android,7,post,0,7.2
655,android,7,post,0,7.37
656,android,7,post,0,5.95
657,android,7,post,0,7.11
658,android,7,post,0,8.67
659,android,7,post,0,6.99
660,android,7,post,0,4.48
661,android,7,post,0,7.52
662,android,7,post,0,5.86
663,android,7,post,0,6.67
664,android,7,post,0,7.0
665,android,7,post,0,8.49
666,android,7,post,0,7.24
667,android,7,post,0,5.69
668,android,7,post,0,6.21
669,android,7,post,0,7.59
670,android,7,post,0,5.23
671,android,7,post,0,4.71
672,android,7,post,0,3.6
673,android,7,post,0,6.94
674,android,7,post,0,6.41
675,android,7,post,0,5.61
676,android,7,post,0,6.68
677,android,7,post,0,7.45
678,android,7,post,0,7.27
679,android,7,post,0,9.48
680,android,7,post,0,5.9
681,android,7,post,0,5.05
682,android,7,post,0,4.6
683,android,7,post,0,6.53
684,android,7,post,0,5.4
685,android,7,post,0,6.54
686,android,7,post,0,6.06
687,android,7,post,0,7.31
688,android,7,post,0,5.2
689,android,7,post,0,5.62
690,android,7,post,0,6.18
691,android,7,post,0,5.1
692,android,7,post,0,7.76
693,android,7,post,0,7.48
694,android,7,post,0,6.8
695,android,7,post,0,8.23
696,android,7,post,0,7.94
697,android,7,post,0,6.39
698,android,7,post,0,7.43
699,android,7,post,0,3.24
700,android,7,post,0,6.4
701,android,7,post,0,4.22
702,android,7,post,0,5.15
703,android,7,post,0,6.06
704,android,7,post,0,7.33
705,android,7,post,0,5.92
706,android,7,post,0,6.5
707,android,7,post,0,6.93
708,android,7,post,0,6.92
709,android,7,post,0,4.68
710,android,7,post,0,9.88
711,android,7,post,0,8.25
712,android,7,post,0,4.77
713,android,7,post,0,5.78
714,android,7,post,0,6.9
715,android,7,post,0,4.6
716,android,7,post,0,7.56
717,android,7,post,0,6.2
718,android,7,post,0,7.81
719,android,7,post,0,6.88
720,android,7,post,0,6.18
721,android,7,post,0,6.57
722,android,7,post,0,4.77
723,android,7,post,0,5.22
724,android,7,post,0,5.15
725,android,7,post,0,7.05
726,android,7,post,0,7.61
727,android,7,post,0,8.0
728,android,7,post,0,3.89
729,android,7,post,0,6.8
730,android,7,post,0,6.54
731,android,7,post,0,6.6
732,android,7,post,0,6.3
733,android,7,post,0,5.25
734,android,7,post,0,6.39
735,android,7,post,0,5.97
736,android,7,post,0,5.35
737,android,7,post,0,5.34
738,android,7,post,0,6.15
739,android,7,post,0,6.41
740,android,7,post,0,7.86
741,android,7,post,0,7.1
742,android,7,post,0,6.14
743,android,7,post,0,5.77
744,android,7,post,0,6.96
745,android,7,post,0,7.71
746,android,7,post,0,6.13
747,android,7,post,0,6.88
748,android,7,post,0,7.79
749,android,7,post,0,7.31
750,android,7,post,0,6.63
751,android,7,post,0,6.1
752,android,7,post,0,6.21
753,android,7,post,0,7.93
754,android,7,post,0,6.07
755,android,7,post,0,7.48
756,android,7,post,0,5.27
757,android,7,post,0,7.16
758,android,7,post,0,6.63
759,android,7,post,0,6.08
760,android,7,post,0,7.7
761,android,7,post,0,7.11
762,android,7,post,0,6.59
763,android,7,post,0,6.2
764,android,7,post,0,6.4
765,android,7,post,0,5.33
766,android,7,post,0,4.54
767,android,7,post,0,4.46
768,android,7,post,0,5.71
769,android,7,post,0,4.7
770,android,7,post,0,5.18
771,android,7,post,0,8.16
772,android,7,post,0,8.14
773,android,7,post,0,6.26
774,android,7,post,0,5.59
775,android,7,post,0,7.04
776,android,7,post,0,6.87
777,android,7,post,0,6.82
778,android,7,post,0,6.68
779,android,7,post,0,7.07
780,android,7,post,0,9.05
781,android,7,post,0,6.94
782,android,7,post,0,5.6
783,android,7,post,0,7.23
784,android,7,post,0,5.12
785,android,7,post,0,6.6
786,android,7,post,0,6.65
787,android,7,post,0,8.78
788,android,7,post,0,8.44
789,android,7,post,0,5.83
790,android,7,post,0,7.34
791,android,7,post,0,6.03
792,android,7,post,0,7.57
793,android,7,post,0,6.49
794,android,7,post,0,5.41
795,android,7,post,0,6.0
796,android,7,post,0,5.18
797,android,7,post,0,5.86
798,android,7,post,0,6.0
799,android,7,post,0,9.93
800,android,7,post,0,8.8
801,android,7,post,0,6.08
802,android,7,post,0,5.0
803,android,7,post,0,5.0
804,android,7,post,0,7.54
805,android,7,post,0,6.48
806,android,7,post,0,6.55
807,android,7,post,0,7.14
808,android,7,post,0,6.59
809,android,7,post,0,6.03
810,android,7,post,0,6.44
811,android,7,post,0,7.56
812,android,7,post,0,5.49
813,android,7,post,0,5.86
814,android,7,post,0,5.16
815,android,7,post,0,6.94
816,android,7,post,0,8.53
817,android,7,post,0,5.99
818,android,7,post,0,6.41
819,android,7,post,0,8.31
820,android,7,post,0,5.37
821,android,7,post,0,5.93
822,android,7,post,0,5.49
823,android,7,post,0,6.3
824,android,7,post,0,5.5
825,android,7,post,0,7.07
826,android,7,post,0,7.22
827,android,7,post,0,7.82
828,android,7,post,0,4.97
829,android,7,post,0,6.88
830,android,7,post,0,7.7
831,android,7,post,0,7.33
832,android,7,post,0,7.42
833,android,7,post,0,9.45
834,android,7,post,0,6.5
835,android,7,post,0,6.78
836,android,7,post,0,7.76
837,android,7,post,0,6.73
838,android,7,post,0,7.86
839,android,7,post,0,6.01
840,android,7,post,0,5.88
841,android,7,post,0,8.08
842,android,7,post,0,7.99
843,android,7,post,0,5.38
844,android,7,post,0,6.16
845,android,7,post,0,9.27
846,android,7,post,0,6.14
847,android,7,post,0,7.65
848,android,7,post,0,4.64
849,android,7,post,0,7.61
850,android,7,post,0,8.44
851,android,7,post,0,6.09
852,android,7,post,0,6.81
853,android,7,post,0,4.42
854,android,7,post,0,5.92
855,android,7,post,0,4.59
856,android,7,post,0,6.35
857,android,7,post,0,5.15
858,android,7,post,0,7.67
859,android,7,post,0,7.14
860,android,7,post,0,6.75
861,android,7,post,0,6.89
862,android,7,post,0,5.31
863,android,7,post,0,8.52
864,android,7,post,0,6.3
865,android,7,post,0,5.61
866,android,7,post,0,6.58
867,android,7,post,0,4.09
868,android,7,post,0,5.26
869,android,7,post,0,6.15
870,android,7,post,0,7.62
871,android,7,post,0,8.98
872,android,7,post,0,7.37
873,android,7,post,0,4.92
874,android,7,post,0,4.03
875,android,7,post,0,6.0
876,android,7,post,0,8.46
877,android,7,post,0,7.99
878,android,7,post,0,6.85
879,android,7,post,0,6.26
880,android,7,post,0,8.15
881,android,7,post,0,5.37
882,android,7,post,0,7.76
883,android,7,post,0,7.26
884,android,7,post,0,6.84
885,android,7,post,0,6.97
886,android,7,post,0,5.98
887,android,7,post,0,7.53
888,android,7,post,0,5.9
889,android,7,post,0,6.2
890,android,7,post,0,7.6
891,android,7,post,0,6.67
892,android,7,post,0,8.28
893,android,7,post,0,6.67
894,android,7,post,0,6.98
895,android,7,post,0,6.24
896,android,7,post,0,6.03
897,android,7,post,0,5.61
898,android,7,post,0,8.33
899,android,7,post,0,8.36
900,android,7,post,0,6.54
901,android,7,post,0,6.77
902,android,7,post,0,6.89
903,android,7,post,0,5.67
904,android,7,post,0,6.7
905,android,7,post,0,5.85
906,android,7,post,0,6.38
907,android,7,post,0,5.56
908,android,7,post,0,5.8
909,android,7,post,0,6.02
910,android,7,post,0,6.57
911,android,7,post,0,7.74
912,android,7,post,0,5.8
913,android,7,post,0,7.28
914,android,7,post,0,8.47
915,android,7,post,0,7.89
916,android,7,post,0,5.18
917,android,7,post,0,7.08
918,android,7,post,0,6.94
919,android,7,post,0,6.23
920,android,7,post,0,5.46
921,android,7,post,0,5.94
922,android,7,post,0,4.98
923,android,7,post,0,8.1
924,android,7,post,0,5.8
925,android,7,post,0,8.28
926,android,7,post,0,5.98
927,android,7,post,0,5.73
928,android,7,post,0,5.83
929,android,7,post,0,5.23
930,android,7,post,0,7.43
931,android,7,post,0,5.51
932,android,7,post,0,6.05
933,android,7,post,0,6.95
934,android,7,post,0,7.26
935,android,7,post,0,7.02
936,android,7,post,0,5.2
937,android,7,post,0,8.02
938,android,7,post,0,6.59
939,android,7,post,0,7.45
940,android,7,post,0,7.7
941,android,7,post,0,5.81
942,android,7,post,0,4.28
943,android,7,post,0,6.55
944,android,7,post,0,8.36
945,android,7,post,0,7.49
946,android,7,post,0,6.21
947,android,7,post,0,6.26
948,android,7,post,0,7.21
949,android,7,post,0,5.76
950,android,7,post,0,6.57
951,android,7,post,0,5.05
952,android,7,post,0,4.82
953,android,7,post,0,6.35
954,android,7,post,0,7.23
955,android,7,post,0,8.0
956,android,7,post,0,7.55
957,android,7,post,0,6.89
958,android,7,post,0,4.73
959,android,7,post,0,6.84
960,android,7,post,0,5.31
961,android,7,post,0,7.6
962,android,7,post,0,7.59
963,android,7,post,0,7.95
964,android,7,post,0,7.69
965,android,7,post,0,3.67
966,android,7,post,0,6.09
967,android,7,post,0,7.37
968,android,7,post,0,4.78
969,android,7,post,0,5.83
970,android,7,post,0,5.19
971,android,7,post,0,7.36
972,android,7,post,0,6.97
973,android,7,post,0,8.08
974,android,7,post,0,6.85
975,android,7,post,0,6.22
976,android,7,post,0,5.35
977,android,7,post,0,5.96
978,android,7,post,0,6.03
979,android,7,post,0,4.07
980,android,7,post,0,5.72
981,android,7,post,0,5.57
982,android,7,post,0,5.86
983,android,7,post,0,6.69
984,android,7,post,0,6.27
985,android,7,post,0,5.58
986,android,7,post,0,8.14
987,android,7,post,0,6.37
988,android,7,post,0,7.32
989,android,7,post,0,7.79
990,android,7,post,0,6.63
991,android,7,post,0,7.09
992,android,7,post,0,8.54
993,android,7,post,0,6.24
994,android,7,post,0,7.87
995,android,7,post,0,8.0
996,android,7,post,0,7.37
997,android,7,post,0,6.77
998,android,7,post,0,4.32
999,android,7,post,0,6.02
1000,android,7,post,0,5.95
501,android,8,post,0,5.65
502,android,8,post,0,7.19
503,android,8,post,0,6.87
504,android,8,post,0,8.28
505,android,8,post,0,7.68
506,android,8,post,0,6.72
507,android,8,post,0,7.46
508,android,8,post,0,6.67
509,android,8,post,0,7.81
510,android,8,post,0,5.82
511,android,8,post,0,8.43
512,android,8,post,0,7.14
513,android,8,post,0,8.15
514,android,8,post,0,5.06
515,android,8,post,0,5.86
516,android,8,post,0,7.01
517,android,8,post,0,8.49
518,android,8,post,0,5.6
519,android,8,post,0,6.29
520,android,8,post,0,7.5
521,android,8,post,0,8.39
522,android,8,post,0,5.58
523,android,8,post,0,4.65
524,android,8,post,0,7.23
525,android,8,post,0,7.76
526,android,8,post,0,6.87
527,android,8,post,0,7.54
528,android,8,post,0,8.51
529,android,8,post,0,6.49
530,android,8,post,0,8.45
531,android,8,post,0,5.69
532,android,8,post,0,7.97
533,android,8,post,0,7.28
534,android,8,post,0,7.37
535,android,8,post,0,8.08
536,android,8,post,0,7.68
537,android,8,post,0,8.52
538,android,8,post,0,6.26
539,android,8,post,0,6.06
540,android,8,post,0,6.58
541,android,8,post,0,7.68
542,android,8,post,0,5.29
543,android,8,post,0,4.76
544,android,8,post,0,6.41
545,android,8,post,0,7.62
546,android,8,post,0,7.92
547,android,8,post,0,6.11
548,android,8,post,0,5.04
549,android,8,post,0,7.03
550,android,8,post,0,5.18
551,android,8,post,0,6.88
552,android,8,post,0,7.24
553,android,8,post,0,6.18
554,android,8,post,0,6.67
555,android,8,post,0,8.68
556,android,8,post,0,6.09
557,android,8,post,0,5.81
558,android,8,post,0,8.21
559,android,8,post,0,8.77
560,android,8,post,0,5.84
561,android,8,post,0,8.46
562,android,8,post,0,7.67
563,android,8,post,0,7.34
564,android,8,post,0,7.81
565,android,8,post,0,9.41
566,android,8,post,0,5.93
567,android,8,post,0,7.09
568,android,8,post,0,6.09
569,android,8,post,0,6.15
570,android,8,post,0,8.46
571,android,8,post,0,7.01
572,android,8,post,0,6.89
573,android,8,post,0,6.99
574,android,8,post,0,7.67
575,android,8,post,0,8.68
576,android,8,post,0,9.71
577,android,8,post,0,7.29
578,android,8,post,0,6.86
579,android,8,post,0,7.92
580,android,8,post,0,6.93
581,android,8,post,0,6.34
582,android,8,post,0,7.24
583,android,8,post,0,5.96
584,android,8,post,0,6.58
585,android,8,post,0,7.65
586,android,8,post,0,5.51
587,android,8,post,0,7.51
588,android,8,post,0,6.56
589,android,8,post,0,6.39
590,android,8,post,0,7.37
591,android,8,post,0,8.09
592,android,8,post,0,7.79
593,android,8,post,0,6.69
594,android,8,post,0,8.01
595,android,8,post,0,7.34
596,android,8,post,0,8.41
597,android,8,post,0,7.32
598,android,8,post,0,7.96
599,android,8,post,0,7.71
600,android,8,post,0,6.99
601,android,8,post,0,6.91
602,android,8,post,0,7.79
603,android,8,post,0,5.85
604,android,8,post,0,7.74
605,android,8,post,0,4.25
606,android,8,post,0,7.44
607,android,8,post,0,6.95
608,android,8,post,0,10.0
609,android,8,post,0,7.76
610,android,8,post,0,6.79
611,android,8,post,0,7.35
612,android,8,post,0,8.76
613,android,8,post,0,5.39
614,android,8,post,0,6.55
615,android,8,post,0,6.8
616,android,8,post,0,7.11
617,android,8,post,0,7.51
618,android,8,post,0,7.08
619,android,8,post,0,7.68
620,android,8,post,0,7.67
621,android,8,post,0,8.05
622,android,8,post,0,6.67
623,android,8,post,0,7.76
624,android,8,post,0,6.12
625,android,8,post,0,5.19
626,android,8,post,0,5.18
627,android,8,post,0,6.66
628,android,8,post,0,9.03
629,android,8,post,0,7.15
630,android,8,post,0,7.44
631,android,8,post,0,6.97
632,android,8,post,0,6.6
633,android,8,post,0,4.98
634,android,8,post,0,8.35
635,android,8,post,0,6.63
636,android,8,post,0,6.5
637,android,8,post,0,5.69
638,android,8,post,0,6.29
639,android,8,post,0,6.05
640,android,8,post,0,7.23
641,android,8,post,0,6.53
642,android,8,post,0,6.13
643,android,8,post,0,6.35
644,android,8,post,0,6.32
645,android,8,post,0,6.41
646,android,8,post,0,6.45
647,android,8,post,0,7.79
648,android,8,post,0,6.01
649,android,8,post,0,6.7
650,android,8,post,0,8.84
651,android,8,post,0,8.92
652,android,8,post,0,5.29
653,android,8,post,0,7.17
654,android,8,post,0,7.14
655,android,8,post,0,7.91
656,android,8,post,0,7.7
657,android,8,post,0,8.84
658,android,8,post,0,6.75
659,android,8,post,0,5.35
660,android,8,post,0,5.58
661,android,8,post,0,6.65
662,android,8,post,0,7.69
663,android,8,post,0,7.7
664,android,8,post,0,7.67
665,android,8,post,0,8.01
666,android,8,post,0,7.38
667,android,8,post,0,6.0
668,android,8,post,0,7.62
669,android,8,post,0,8.09
670,android,8,post,0,6.39
671,android,8,post,0,6.32
672,android,8,post,0,5.93
673,android,8,post,0,10.06
674,android,8,post,0,6.83
675,android,8,post,0,7.11
676,android,8,post,0,7.59
677,android,8,post,0,9.61
678,android,8,post,0,5.65
679,android,8,post,0,8.66
680,android,8,post,0,7.33
681,android,8,post,0,4.3
682,android,8,post,0,5.97
683,android,8,post,0,8.79
684,android,8,post,0,7.01
685,android,8,post,0,6.74
686,android,8,post,0,8.99
687,android,8,post,0,9.2
688,android,8,post,0,5.01
689,android,8,post,0,6.23
690,android,8,post,0,6.59
691,android,8,post,0,8.03
692,android,8,post,0,6.59
693,android,8,post,0,6.73
694,android,8,post,0,8.1
695,android,8,post,0,7.04
696,android,8,post,0,6.3
697,android,8,post,0,5.69
698,android,8,post,0,6.81
699,android,8,post,0,6.27
700,android,8,post,0,7.73
701,android,8,post,0,7.02
702,android,8,post,0,6.21
703,android,8,post,0,6.94
704,android,8,post,0,9.5
705,android,8,post,0,6.9
706,android,8,post,0,7.74
707,android,8,post,0,7.68
708,android,8,post,0,8.27
709,android,8,post,0,6.66
710,android,8,post,0,9.6
711,android,8,post,0,6.69
712,android,8,post,0,6.66
713,android,8,post,0,7.27
714,android,8,post,0,5.66
715,android,8,post,0,5.48
716,android,8,post,0,8.09
717,android,8,post,0,4.82
718,android,8,post,0,6.1
719,android,8,post,0,5.77
720,android,8,post,0,6.4
721,android,8,post,0,6.07
722,android,8,post,0,6.31
723,android,8,post,0,5.36
724,android,8,post,0,7.9
725,android,8,post,0,7.07
726,android,8,post,0,7.4
727,android,8,post,0,8.78
728,android,8,post,0,5.58
729,android,8,post,0,4.63
730,android,8,post,0,6.65
731,android,8,post,0,8.47
732,android,8,post,0,8.17
733,android,8,post,0,4.71
734,android,8,post,0,8.15
735,android,8,post,0,5.9
736,android,8,post,0,5.9
737,android,8,post,0,6.04
738,android,8,post,0,6.82
739,android,8,post,0,8.25
740,android,8,post,0,7.27
741,android,8,post,0,7.66
742,android,8,post,0,4.93
743,android,8,post,0,7.97
744,android,8,post,0,5.31
745,android,8,post,0,9.35
746,android,8,post,0,6.69
747,android,8,post,0,6.86
748,android,8,post,0,5.81
749,android,8,post,0,8.05
750,android,8,post,0,9.86
751,android,8,post,0,6.25
752,android,8,post,0,7.87
753,android,8,post,0,6.74
754,android,8,post,0,9.3
755,android,8,post,0,6.95
756,android,8,post,0,7.18
757,android,8,post,0,7.93
758,android,8,post,0,6.91
759,android,8,post,0,5.1
760,android,8,post,0,9.02
761,android,8,post,0,7.26
762,android,8,post,0,8.17
763,android,8,post,0,5.32
764,android,8,post,0,6.86
765,android,8,post,0,5.44
766,android,8,post,0,5.81
767,android,8,post,0,7.05
768,android,8,post,0,6.11
769,android,8,post,0,6.87
770,android,8,post,0,5.67
771,android,8,post,0,6.77
772,android,8,post,0,5.92
773,android,8,post,0,6.46
774,android,8,post,0,6.7
775,android,8,post,0,8.98
776,android,8,post,0,7.66
777,android,8,post,0,7.02
778,android,8,post,0,8.12
779,android,8,post,0,7.14
780,android,8,post,0,7.21
781,android,8,post,0,5.37
782,android,8,post,0,7.76
783,android,8,post,0,6.49
784,android,8,post,0,5.26
785,android,8,post,0,8.03
786,android,8,post,0,6.51
787,android,8,post,0,5.34
788,android,8,post,0,6.39
789,android,8,post,0,6.34
790,android,8,post,0,7.43
791,android,8,post,0,6.55
792,android,8,post,0,5.21
793,android,8,post,0,6.78
794,android,8,post,0,8.0
795,android,8,post,0,6.3
796,android,8,post,0,6.0
797,android,8,post,0,5.07
798,android,8,post,0,5.65
799,android,8,post,0,9.84
800,android,8,post,0,3.93
801,android,8,post,0,6.95
802,android,8,post,0,6.78
803,android,8,post,0,7.2
804,android,8,post,0,7.8
805,android,8,post,0,7.54
806,android,8,post,0,6.57
807,android,8,post,0,8.2
808,android,8,post,0,5.39
809,android,8,post,0,7.29
810,android,8,post,0,8.24
811,android,8,post,0,9.07
812,android,8,post,0,5.99
813,android,8,post,0,8.03
814,android,8,post,0,7.15
815,android,8,post,0,5.72
816,android,8,post,0,6.91
817,android,8,post,0,6.71
818,android,8,post,0,7.77
819,android,8,post,0,7.41
820,android,8,post,0,7.36
821,android,8,post,0,7.42
822,android,8,post,0,7.1
823,android,8,post,0,6.49
824,android,8,post,0,7.74
825,android,8,post,0,5.77
826,android,8,post,0,7.58
827,android,8,post,0,8.11
828,android,8,post,0,6.58
829,android,8,post,0,5.7
830,android,8,post,0,6.12
831,android,8,post,0,6.47
832,android,8,post,0,6.02
833,android,8,post,0,7.5
834,android,8,post,0,3.82
835,android,8,post,0,5.6
836,android,8,post,0,6.39
837,android,8,post,0,7.44
838,android,8,post,0,7.76
839,android,8,post,0,6.45
840,android,8,post,0,7.83
841,android,8,post,0,6.65
842,android,8,post,0,7.73
843,android,8,post,0,6.0
844,android,8,post,0,7.96
845,android,8,post,0,8.67
846,android,8,post,0,8.49
847,android,8,post,0,5.9
848,android,8,post,0,6.8
849,android,8,post,0,6.53
850,android,8,post,0,8.33
851,android,8,post,0,6.97
852,android,8,post,0,7.06
853,android,8,post,0,4.55
854,android,8,post,0,6.51
855,android,8,post,0,7.41
856,android,8,post,0,5.45
857,android,8,post,0,6.19
858,android,8,post,0,7.14
859,android,8,post,0,5.34
860,android,8,post,0,8.49
861,android,8,post,0,4.5
862,android,8,post,0,7.47
863,android,8,post,0,7.96
864,android,8,post,0,6.71
865,android,8,post,0,5.71
866,android,8,post,0,6.51
867,android,8,post,0,6.12
868,android,8,post,0,5.27
869,android,8,post,0,5.77
870,android,8,post,0,6.26
871,android,8,post,0,7.3
872,android,8,post,0,7.12
873,android,8,post,0,6.95
874,android,8,post,0,7.11
875,android,8,post,0,5.21
876,android,8,post,0,7.79
877,android,8,post,0,8.38
878,android,8,post,0,7.25
879,android,8,post,0,7.25
880,android,8,post,0,4.66
881,android,8,post,0,6.7
882,android,8,post,0,8.15
883,android,8,post,0,6.86
884,android,8,post,0,8.16
885,android,8,post,0,6.98
886,android,8,post,0,6.24
887,android,8,post,0,5.96
888,android,8,post,0,7.92
889,android,8,post,0,6.2
890,android,8,post,0,7.9
891,android,8,post,0,5.41
892,android,8,post,0,7.09
893,android,8,post,0,6.49
894,android,8,post,0,8.53
895,android,8,post,0,5.87
896,android,8,post,0,8.18
897,android,8,post,0,7.99
898,android,8,post,0,8.34
899,android,8,post,0,5.38
900,android,8,post,0,8.1
901,android,8,post,0,7.1
902,android,8,post,0,6.11
903,android,8,post,0,5.34
904,android,8,post,0,9.72
905,android,8,post,0,6.46
906,android,8,post,0,6.95
907,android,8,post,0,5.76
908,android,8,post,0,4.91
909,android,8,post,0,5.71
910,android,8,post,0,7.53
911,android,8,post,0,7.99
912,android,8,post,0,5.81
913,android,8,post,0,5.9
914,android,8,post,0,8.25
915,android,8,post,0,7.78
916,android,8,post,0,7.87
917,android,8,post,0,7.96
918,android,8,post,0,6.71
919,android,8,post,0,8.84
920,android,8,post,0,6.39
921,android,8,post,0,7.26
922,android,8,post,0,7.93
923,android,8,post,0,9.34
924,android,8,post,0,6.29
925,android,8,post,0,7.37
926,android,8,post,0,6.9
927,android,8,post,0,6.99
928,android,8,post,0,5.82
929,android,8,post,0,6.58
930,android,8,post,0,8.22
931,android,8,post,0,5.39
932,android,8,post,0,8.89
933,android,8,post,0,4.41
934,android,8,post,0,7.09
935,android,8,post,0,5.89
936,android,8,post,0,7.56
937,android,8,post,0,7.32
938,android,8,post,0,6.37
939,android,8,post,0,7.59
940,android,8,post,0,8.24
941,android,8,post,0,5.56
942,android,8,post,0,6.28
943,android,8,post,0,5.81
944,android,8,post,0,7.79
945,android,8,post,0,5.89
946,android,8,post,0,8.32
947,android,8,post,0,7.41
948,android,8,post,0,7.37
949,android,8,post,0,7.33
950,android,8,post,0,7.61
951,android,8,post,0,5.79
952,android,8,post,0,6.6
953,android,8,post,0,6.65
954,android,8,post,0,8.6
955,android,8,post,0,6.75
956,android,8,post,0,7.14
957,android,8,post,0,8.58
958,android,8,post,0,6.77
959,android,8,post,0,7.07
960,android,8,post,0,8.72
961,android,8,post,0,7.52
962,android,8,post,0,10.0
963,android,8,post,0,6.82
964,android,8,post,0,6.89
965,android,8,post,0,5.7
966,android,8,post,0,7.77
967,android,8,post,0,5.69
968,android,8,post,0,9.18
969,android,8,post,0,7.47
970,android,8,post,0,4.69
971,android,8,post,0,9.09
972,android,8,post,0,8.3
973,android,8,post,0,5.78
974,android,8,post,0,6.59
975,android,8,post,0,7.18
976,android,8,post,0,6.3
977,android,8,post,0,4.97
978,android,8,post,0,6.66
979,android,8,post,0,6.77
980,android,8,post,0,7.08
981,android,8,post,0,5.98
982,android,8,post,0,5.34
983,android,8,post,0,6.43
984,android,8,post,0,7.3
985,android,8,post,0,9.02
986,android,8,post,0,5.96
987,android,8,post,0,8.47
988,android,8,post,0,5.38
989,android,8,post,0,6.1
990,android,8,post,0,7.53
991,android,8,post,0,9.54
992,android,8,post,0,8.03
993,android,8,post,0,7.09
994,android,8,post,0,9.5
995,android,8,post,0,6.17
996,android,8,post,0,7.17
997,android,8,post,0,7.1
998,android,8,post,0,5.48
999,android,8,post,0,6.25
1000,android,8,post,0,6.4
