user_id,variant,assignment_date,converted,page_load_ms
1,treatment,2026-03-05,0,2285
2,control,2026-03-12,1,2592
3,treatment,2026-03-11,0,1066
4,control,2026-03-09,0,1314
5,treatment,2026-03-13,0,1468
6,control,2026-03-06,0,820
7,treatment,2026-03-11,0,1192
8,treatment,2026-03-11,0,1331
9,treatment,2026-03-15,0,2019
10,control,2026-03-08,1,990
11,treatment,2026-03-08,1,713
12,treatment,2026-03-05,1,1893
13,control,2026-03-06,1,1419
14,control,2026-03-09,1,1418
15,treatment,2026-03-14,0,1211
16,control,2026-03-07,0,983
17,control,2026-03-11,0,1531
18,control,2026-03-02,0,1474
19,treatment,2026-03-08,0,1660
20,treatment,2026-03-05,0,1391
21,treatment,2026-03-11,1,984
22,control,2026-03-07,0,2031
23,treatment,2026-03-04,0,1687
24,treatment,2026-03-04,1,1082
25,treatment,2026-03-05,1,1279
26,treatment,2026-03-09,1,968
27,control,2026-03-04,1,1259
28,control,2026-03-13,0,1316
29,treatment,2026-03-12,0,1476
30,control,2026-03-10,0,1398
31,treatment,2026-03-05,0,1353
32,control,2026-03-09,1,791
33,control,2026-03-07,0,2005
34,control,2026-03-14,0,871
35,treatment,2026-03-06,0,1419
36,treatment,2026-03-04,1,1526
37,treatment,2026-03-11,0,1448
38,treatment,2026-03-02,0,1820
39,control,2026-03-12,0,969
40,treatment,2026-03-15,0,1203
41,treatment,2026-03-11,0,1105
42,control,2026-03-06,1,1391
43,treatment,2026-03-03,0,1328
44,treatment,2026-03-12,1,1741
45,control,2026-03-06,1,1724
46,control,2026-03-09,0,1477
47,treatment,2026-03-13,0,1178
48,control,2026-03-02,0,1613
49,control,2026-03-08,0,625
50,control,2026-03-15,1,640
51,treatment,2026-03-09,0,2229
52,control,2026-03-14,0,1601
53,control,2026-03-07,1,2136
54,control,2026-03-13,0,1527
55,treatment,2026-03-07,0,2047
56,control,2026-03-15,0,1052
57,treatment,2026-03-15,1,764
58,treatment,2026-03-13,1,905
59,treatment,2026-03-05,0,1325
60,control,2026-03-09,0,1807
61,treatment,2026-03-13,1,947
62,treatment,2026-03-14,1,1734
63,treatment,2026-03-05,1,1243
64,control,2026-03-08,0,1206
65,treatment,2026-03-13,1,1344
66,control,2026-03-11,0,1157
67,treatment,2026-03-10,0,1368
68,treatment,2026-03-08,0,648
69,treatment,2026-03-07,1,812
70,treatment,2026-03-15,1,1104
71,treatment,2026-03-09,0,1250
72,control,2026-03-04,0,1661
73,treatment,2026-03-09,1,1648
74,control,2026-03-06,0,916
75,treatment,2026-03-04,0,1371
76,treatment,2026-03-13,0,1151
77,treatment,2026-03-07,1,782
78,treatment,2026-03-13,0,1358
79,control,2026-03-07,0,992
80,treatment,2026-03-03,0,618
81,control,2026-03-09,0,1414
82,control,2026-03-08,0,1400
83,treatment,2026-03-02,1,2413
84,control,2026-03-08,0,1081
85,control,2026-03-02,0,1227
86,treatment,2026-03-14,0,1300
87,treatment,2026-03-10,1,2580
88,treatment,2026-03-13,1,1144
89,treatment,2026-03-04,1,1203
90,control,2026-03-14,1,1389
91,treatment,2026-03-02,0,1537
92,control,2026-03-08,1,1719
93,control,2026-03-02,0,1795
94,treatment,2026-03-11,0,2691
95,treatment,2026-03-07,1,721
96,treatment,2026-03-04,1,2057
97,control,2026-03-06,0,1422
98,treatment,2026-03-12,1,1660
99,treatment,2026-03-14,0,1434
100,control,2026-03-14,0,1476
101,control,2026-03-11,0,1715
102,control,2026-03-05,1,1291
103,control,2026-03-03,0,1685
104,treatment,2026-03-14,0,1972
105,treatment,2026-03-12,0,1244
106,control,2026-03-12,1,1231
107,treatment,2026-03-03,0,875
108,control,2026-03-08,1,606
109,treatment,2026-03-12,0,616
110,control,2026-03-13,1,1228
111,treatment,2026-03-13,0,1391
112,treatment,2026-03-02,1,1438
113,control,2026-03-08,1,1471
114,treatment,2026-03-09,0,2862
115,treatment,2026-03-04,1,1130
116,treatment,2026-03-08,0,2519
117,control,2026-03-05,0,1523
118,control,2026-03-13,0,1946
119,treatment,2026-03-13,0,820
120,control,2026-03-05,1,1411
121,treatment,2026-03-05,1,1617
122,treatment,2026-03-05,0,1011
123,treatment,2026-03-06,0,534
124,control,2026-03-09,1,624
125,control,2026-03-05,1,1000
126,treatment,2026-03-02,1,911
127,treatment,2026-03-04,1,837
128,treatment,2026-03-10,1,1222
129,control,2026-03-03,0,1666
130,control,2026-03-11,0,1289
131,control,2026-03-05,1,1280
132,control,2026-03-13,0,1273
133,control,2026-03-14,1,1585
134,control,2026-03-05,1,1860
135,treatment,2026-03-04,0,916
136,treatment,2026-03-04,0,1611
137,control,2026-03-09,0,855
138,control,2026-03-03,0,1347
139,treatment,2026-03-10,0,1483
140,treatment,2026-03-05,0,1026
141,control,2026-03-09,0,590
142,treatment,2026-03-06,0,1363
143,control,2026-03-02,0,1179
144,control,2026-03-07,0,1385
145,treatment,2026-03-10,0,2310
146,control,2026-03-02,0,778
147,treatment,2026-03-10,0,1421
148,treatment,2026-03-14,0,1033
149,treatment,2026-03-10,0,1414
150,control,2026-03-07,0,592
151,control,2026-03-09,0,1621
152,control,2026-03-06,1,725
153,treatment,2026-03-12,1,1041
154,treatment,2026-03-05,0,2070
155,control,2026-03-04,0,984
156,treatment,2026-03-05,0,2165
157,treatment,2026-03-14,0,563
158,treatment,2026-03-11,0,1706
159,control,2026-03-02,0,1610
160,control,2026-03-15,0,1054
161,control,2026-03-03,1,658
162,treatment,2026-03-07,1,1151
163,control,2026-03-05,0,2051
164,treatment,2026-03-04,0,1265
165,control,2026-03-08,1,2138
166,treatment,2026-03-11,1,1592
167,treatment,2026-03-14,0,370
168,treatment,2026-03-14,0,2396
169,control,2026-03-11,0,2014
170,control,2026-03-12,0,523
171,treatment,2026-03-02,0,832
172,treatment,2026-03-15,1,1062
173,control,2026-03-02,0,1384
174,treatment,2026-03-10,0,1836
175,treatment,2026-03-03,0,846
176,treatment,2026-03-11,0,2192
177,treatment,2026-03-08,1,1040
178,control,2026-03-08,0,769
179,treatment,2026-03-15,0,1175
180,control,2026-03-03,1,1428
181,treatment,2026-03-03,0,2970
182,treatment,2026-03-08,0,1862
183,control,2026-03-07,0,1950
184,treatment,2026-03-08,1,746
185,treatment,2026-03-07,1,799
186,control,2026-03-04,0,1407
187,treatment,2026-03-05,1,2027
188,control,2026-03-13,0,901
189,treatment,2026-03-08,0,1160
190,control,2026-03-02,0,781
191,control,2026-03-06,0,1298
192,control,2026-03-10,0,1211
193,treatment,2026-03-08,0,1291
194,treatment,2026-03-11,0,2414
195,treatment,2026-03-05,1,787
196,treatment,2026-03-10,0,1612
197,treatment,2026-03-03,0,1179
198,treatment,2026-03-13,0,1527
199,control,2026-03-09,0,1270
200,treatment,2026-03-05,0,1127
201,treatment,2026-03-05,1,1975
202,treatment,2026-03-03,1,1887
203,control,2026-03-11,0,994
204,control,2026-03-05,0,1065
205,treatment,2026-03-07,0,1709
206,treatment,2026-03-11,0,2221
207,control,2026-03-11,0,2302
208,control,2026-03-06,0,656
209,control,2026-03-10,0,1730
210,control,2026-03-08,0,1369
211,treatment,2026-03-03,0,1044
212,control,2026-03-05,0,1231
213,treatment,2026-03-02,1,1509
214,control,2026-03-06,0,1286
215,treatment,2026-03-08,0,1564
216,treatment,2026-03-08,0,2456
217,treatment,2026-03-02,1,1309
218,control,2026-03-06,1,825
219,treatment,2026-03-10,1,1681
220,control,2026-03-09,0,1355
221,treatment,2026-03-14,1,1712
222,treatment,2026-03-11,0,1654
223,treatment,2026-03-10,0,920
224,control,2026-03-05,0,759
225,treatment,2026-03-04,1,1362
226,treatment,2026-03-04,1,1546
227,control,2026-03-13,0,2575
228,control,2026-03-14,0,1114
229,control,2026-03-07,0,1025
230,control,2026-03-12,1,709
231,treatment,2026-03-09,0,1351
232,treatment,2026-03-04,0,1214
233,control,2026-03-04,0,1276
234,treatment,2026-03-13,1,802
235,treatment,2026-03-08,0,1640
236,treatment,2026-03-03,0,834
237,control,2026-03-10,0,1224
238,treatment,2026-03-11,1,2393
239,control,2026-03-15,0,1173
240,treatment,2026-03-05,0,2327
241,control,2026-03-08,0,1074
242,control,2026-03-10,0,1665
243,treatment,2026-03-14,1,1120
244,control,2026-03-13,0,1304
245,control,2026-03-10,1,805
246,control,2026-03-14,1,1317
247,treatment,2026-03-04,0,1334
248,control,2026-03-02,0,2112
249,control,2026-03-04,1,1025
250,control,2026-03-05,0,1198
251,treatment,2026-03-14,0,1619
252,treatment,2026-03-12,0,1411
253,treatment,2026-03-09,0,1157
254,control,2026-03-13,0,1735
255,control,2026-03-02,0,1333
256,control,2026-03-15,1,1197
257,control,2026-03-04,0,882
258,treatment,2026-03-04,1,1904
259,control,2026-03-15,1,1979
260,treatment,2026-03-12,0,1672
261,treatment,2026-03-07,0,512
262,treatment,2026-03-04,1,1044
263,control,2026-03-11,1,760
264,control,2026-03-12,1,918
265,treatment,2026-03-14,0,1053
266,control,2026-03-06,1,1086
267,control,2026-03-05,1,1842
268,control,2026-03-10,1,825
269,control,2026-03-13,0,878
270,control,2026-03-02,0,1023
271,treatment,2026-03-13,1,1468
272,control,2026-03-06,1,617
273,treatment,2026-03-02,1,1414
274,control,2026-03-02,1,1524
275,control,2026-03-13,0,1211
276,treatment,2026-03-08,0,2162
277,treatment,2026-03-07,0,1411
278,treatment,2026-03-05,0,1501
279,control,2026-03-03,0,1445
280,control,2026-03-12,1,1332
281,control,2026-03-11,0,791
282,treatment,2026-03-12,1,1687
283,treatment,2026-03-11,0,1016
284,treatment,2026-03-05,0,975
285,treatment,2026-03-02,1,2024
286,treatment,2026-03-08,0,1521
287,treatment,2026-03-12,0,1288
288,control,2026-03-04,0,627
289,treatment,2026-03-02,1,1214
290,treatment,2026-03-09,1,847
291,control,2026-03-15,0,1723
292,treatment,2026-03-07,0,1399
293,treatment,2026-03-13,1,3896
294,control,2026-03-14,1,1223
295,treatment,2026-03-12,1,1276
296,treatment,2026-03-15,0,1886
297,control,2026-03-06,0,1226
298,treatment,2026-03-14,0,1644
299,treatment,2026-03-08,0,1170
300,control,2026-03-10,1,450
301,control,2026-03-03,0,902
302,control,2026-03-13,0,1193
303,control,2026-03-05,0,812
304,control,2026-03-09,0,1240
305,treatment,2026-03-11,0,1460
306,control,2026-03-09,1,584
307,treatment,2026-03-09,1,1034
308,treatment,2026-03-08,0,1632
309,control,2026-03-10,0,1526
310,control,2026-03-02,1,1810
311,control,2026-03-15,0,1384
312,control,2026-03-08,0,943
313,control,2026-03-14,0,1635
314,control,2026-03-12,0,783
315,control,2026-03-10,0,1527
316,treatment,2026-03-15,1,888
317,control,2026-03-10,0,1167
318,control,2026-03-06,1,988
319,treatment,2026-03-06,1,1520
320,treatment,2026-03-11,1,1199
321,control,2026-03-12,0,1151
322,treatment,2026-03-03,1,1158
323,control,2026-03-14,0,1173
324,control,2026-03-13,0,1606
325,control,2026-03-07,0,1210
326,treatment,2026-03-06,1,1142
327,control,2026-03-09,1,1656
328,control,2026-03-08,0,1268
329,treatment,2026-03-12,1,1921
330,treatment,2026-03-04,1,2440
331,control,2026-03-10,1,1759
332,control,2026-03-11,1,839
333,control,2026-03-10,0,1897
334,control,2026-03-11,0,2145
335,control,2026-03-12,0,1045
336,treatment,2026-03-12,0,1061
337,control,2026-03-10,0,1503
338,treatment,2026-03-04,0,2072
339,treatment,2026-03-07,1,1462
340,treatment,2026-03-08,0,1256
341,treatment,2026-03-10,1,1945
342,control,2026-03-07,0,875
343,treatment,2026-03-07,0,715
344,treatment,2026-03-06,1,1227
345,treatment,2026-03-14,0,1115
346,treatment,2026-03-15,0,1508
347,treatment,2026-03-03,1,1655
348,treatment,2026-03-09,0,1415
349,control,2026-03-08,1,905
350,control,2026-03-15,0,961
351,treatment,2026-03-12,0,1564
352,control,2026-03-02,0,1347
353,control,2026-03-04,0,1120
354,treatment,2026-03-15,1,2589
355,control,2026-03-11,0,877
356,control,2026-03-08,1,667
357,treatment,2026-03-11,0,1477
358,control,2026-03-02,0,541
359,control,2026-03-06,0,1061
360,control,2026-03-03,0,1424
361,treatment,2026-03-03,0,1795
362,control,2026-03-10,0,1695
363,treatment,2026-03-15,1,1368
364,control,2026-03-06,0,1074
365,control,2026-03-06,0,937
366,treatment,2026-03-12,0,1342
367,control,2026-03-09,0,1117
368,treatment,2026-03-05,0,1401
369,control,2026-03-11,0,1936
370,treatment,2026-03-12,0,2849
371,control,2026-03-07,0,855
372,control,2026-03-06,0,983
373,control,2026-03-04,0,2050
374,treatment,2026-03-10,1,1416
375,treatment,2026-03-04,0,1851
376,control,2026-03-11,1,1051
377,treatment,2026-03-13,0,1359
378,treatment,2026-03-11,0,1696
379,control,2026-03-07,0,680
380,treatment,2026-03-13,0,1082
381,control,2026-03-05,0,1402
382,treatment,2026-03-04,0,906
383,treatment,2026-03-14,0,1201
384,control,2026-03-05,0,1058
385,control,2026-03-11,0,638
386,treatment,2026-03-11,0,1406
387,control,2026-03-02,0,1092
388,control,2026-03-15,1,2054
389,treatment,2026-03-14,0,1444
390,control,2026-03-06,1,1525
391,treatment,2026-03-12,0,795
392,control,2026-03-11,0,1353
393,treatment,2026-03-03,1,1599
394,control,2026-03-15,1,1129
395,control,2026-03-10,0,727
396,treatment,2026-03-05,0,1183
397,control,2026-03-13,1,1080
398,treatment,2026-03-06,0,1803
399,control,2026-03-09,1,1030
400,treatment,2026-03-11,0,1357
401,control,2026-03-12,1,1750
402,treatment,2026-03-14,1,1428
403,control,2026-03-11,0,1078
404,treatment,2026-03-10,0,1288
405,control,2026-03-13,0,1367
406,treatment,2026-03-08,0,1770
407,control,2026-03-05,1,473
408,treatment,2026-03-03,0,2084
409,control,2026-03-09,0,1183
410,treatment,2026-03-06,1,1407
411,control,2026-03-09,0,1209
412,treatment,2026-03-15,0,1414
413,treatment,2026-03-11,0,1832
414,treatment,2026-03-15,0,1465
415,control,2026-03-09,0,1310
416,control,2026-03-15,0,1810
417,control,2026-03-05,1,922
418,control,2026-03-08,1,1119
419,control,2026-03-12,1,973
420,treatment,2026-03-02,0,1783
421,treatment,2026-03-10,0,1249
422,treatment,2026-03-04,0,1778
423,treatment,2026-03-12,0,1469
424,treatment,2026-03-09,0,826
425,control,2026-03-03,1,1665
426,control,2026-03-08,1,769
427,control,2026-03-15,0,1360
428,control,2026-03-14,0,1521
429,control,2026-03-14,0,885
430,control,2026-03-10,0,1625
431,treatment,2026-03-15,0,1281
432,control,2026-03-12,0,604
433,treatment,2026-03-11,0,785
434,treatment,2026-03-04,1,616
435,treatment,2026-03-13,0,1519
436,control,2026-03-15,0,618
437,control,2026-03-05,1,883
438,treatment,2026-03-13,0,2170
439,control,2026-03-05,1,1640
440,control,2026-03-09,1,1252
441,treatment,2026-03-04,1,896
442,control,2026-03-04,0,1154
443,control,2026-03-13,0,2701
444,treatment,2026-03-09,0,634
445,control,2026-03-09,0,1116
446,treatment,2026-03-02,0,1669
447,control,2026-03-05,1,1406
448,treatment,2026-03-07,1,2309
449,treatment,2026-03-03,1,1329
450,treatment,2026-03-03,1,1285
451,treatment,2026-03-07,0,916
452,control,2026-03-12,0,1752
453,treatment,2026-03-08,0,1142
454,treatment,2026-03-15,0,677
455,treatment,2026-03-09,0,1874
456,control,2026-03-04,0,1135
457,treatment,2026-03-02,0,1163
458,control,2026-03-10,0,1362
459,control,2026-03-15,1,1033
460,control,2026-03-05,0,775
461,treatment,2026-03-13,0,1308
462,treatment,2026-03-15,0,1484
463,treatment,2026-03-09,0,1184
464,treatment,2026-03-13,0,1382
465,control,2026-03-08,0,1234
466,control,2026-03-15,1,1267
467,control,2026-03-07,0,930
468,control,2026-03-14,0,1934
469,treatment,2026-03-15,1,2054
470,control,2026-03-02,0,785
471,control,2026-03-09,0,1581
472,treatment,2026-03-04,0,1246
473,treatment,2026-03-04,0,1196
474,control,2026-03-05,0,1635
475,treatment,2026-03-14,1,1248
476,treatment,2026-03-12,0,940
477,treatment,2026-03-05,0,1631
478,treatment,2026-03-04,1,1541
479,control,2026-03-15,0,1311
480,treatment,2026-03-13,0,805
481,treatment,2026-03-10,1,1048
482,treatment,2026-03-02,0,878
483,control,2026-03-06,1,2142
484,control,2026-03-14,0,777
485,treatment,2026-03-05,0,1289
486,control,2026-03-12,1,1196
487,control,2026-03-10,1,1256
488,treatment,2026-03-15,1,1161
489,control,2026-03-06,0,1279
490,control,2026-03-04,0,1506
491,control,2026-03-03,0,586
492,control,2026-03-05,0,1155
493,treatment,2026-03-06,1,1194
494,treatment,2026-03-02,0,1608
495,treatment,2026-03-09,0,1428
496,treatment,2026-03-11,0,1695
497,treatment,2026-03-15,1,1073
498,control,2026-03-15,1,975
499,control,2026-03-12,1,1492
500,treatment,2026-03-07,0,1505
501,treatment,2026-03-09,0,741
502,control,2026-03-03,1,919
503,treatment,2026-03-13,1,3037
504,control,2026-03-15,1,990
505,control,2026-03-10,0,991
506,treatment,2026-03-14,1,1462
507,treatment,2026-03-08,0,2181
508,treatment,2026-03-10,1,759
509,treatment,2026-03-06,1,896
510,control,2026-03-03,0,991
511,treatment,2026-03-06,1,899
512,control,2026-03-09,0,2772
513,treatment,2026-03-13,0,683
514,treatment,2026-03-15,0,1780
515,control,2026-03-08,0,1283
516,treatment,2026-03-08,0,1441
517,treatment,2026-03-10,1,1572
518,control,2026-03-06,0,1507
519,control,2026-03-05,0,1101
520,control,2026-03-06,0,832
521,treatment,2026-03-13,1,1414
522,treatment,2026-03-14,1,712
523,treatment,2026-03-04,0,1022
524,treatment,2026-03-02,1,1581
525,treatment,2026-03-14,0,1327
526,control,2026-03-06,0,801
527,treatment,2026-03-04,0,1100
528,treatment,2026-03-03,1,2227
529,control,2026-03-04,0,1258
530,control,2026-03-05,0,1571
531,treatment,2026-03-04,1,1291
532,treatment,2026-03-12,0,935
533,treatment,2026-03-04,1,497
534,control,2026-03-15,0,1253
535,treatment,2026-03-05,0,1313
536,treatment,2026-03-07,0,1683
537,treatment,2026-03-03,1,930
538,control,2026-03-05,1,1050
539,control,2026-03-12,1,977
540,treatment,2026-03-03,1,1067
541,control,2026-03-13,0,1859
542,control,2026-03-02,0,864
543,treatment,2026-03-06,0,954
544,control,2026-03-10,0,1439
545,treatment,2026-03-06,1,783
546,treatment,2026-03-07,0,584
547,control,2026-03-14,0,1300
548,treatment,2026-03-03,1,1131
549,treatment,2026-03-10,0,962
550,treatment,2026-03-12,1,761
551,control,2026-03-08,0,1161
552,treatment,2026-03-03,0,1049
553,control,2026-03-05,0,1634
554,control,2026-03-07,1,1441
555,control,2026-03-07,0,2589
556,treatment,2026-03-15,1,1557
557,treatment,2026-03-15,0,1351
558,control,2026-03-02,0,1102
559,control,2026-03-09,0,911
560,control,2026-03-07,0,1388
561,control,2026-03-11,0,717
562,control,2026-03-10,0,628
563,control,2026-03-05,0,1059
564,control,2026-03-04,1,2871
565,control,2026-03-04,0,1161
566,treatment,2026-03-15,0,2097
567,control,2026-03-12,0,890
568,control,2026-03-05,0,1213
569,treatment,2026-03-13,0,1664
570,treatment,2026-03-11,0,1582
571,control,2026-03-06,1,1286
572,control,2026-03-07,1,1070
573,control,2026-03-12,0,368
574,treatment,2026-03-15,0,1016
575,control,2026-03-12,1,1132
576,control,2026-03-04,0,1021
577,control,2026-03-15,0,1599
578,control,2026-03-13,1,1004
579,control,2026-03-07,0,1481
580,treatment,2026-03-13,1,1590
581,treatment,2026-03-10,1,1971
582,treatment,2026-03-07,0,1336
583,control,2026-03-13,0,1439
584,control,2026-03-04,0,945
585,treatment,2026-03-03,0,1351
586,control,2026-03-04,0,528
587,treatment,2026-03-09,0,1550
588,treatment,2026-03-12,1,894
589,treatment,2026-03-10,0,1486
590,treatment,2026-03-10,0,1705
591,treatment,2026-03-07,0,1446
592,control,2026-03-03,0,535
593,treatment,2026-03-05,1,1622
594,control,2026-03-07,0,944
595,treatment,2026-03-03,0,1029
596,treatment,2026-03-02,0,1655
597,control,2026-03-03,0,672
598,treatment,2026-03-11,1,1424
599,control,2026-03-06,1,1048
600,treatment,2026-03-10,0,985
601,control,2026-03-10,1,836
602,treatment,2026-03-02,1,1851
603,control,2026-03-12,1,1381
604,treatment,2026-03-08,0,2027
605,treatment,2026-03-15,1,1412
606,control,2026-03-05,1,672
607,treatment,2026-03-15,1,903
608,treatment,2026-03-03,0,2347
609,treatment,2026-03-05,1,1298
610,control,2026-03-12,1,2413
611,control,2026-03-12,1,1465
612,treatment,2026-03-02,1,1274
613,control,2026-03-11,0,1250
614,control,2026-03-09,0,1503
615,treatment,2026-03-10,1,882
616,treatment,2026-03-13,0,1784
617,treatment,2026-03-03,1,689
618,control,2026-03-11,0,1353
619,treatment,2026-03-10,1,1896
620,treatment,2026-03-11,0,1144
621,treatment,2026-03-11,1,1503
622,control,2026-03-10,0,1780
623,control,2026-03-15,0,1954
624,control,2026-03-14,0,1526
625,control,2026-03-07,1,2329
626,treatment,2026-03-02,0,953
627,control,2026-03-09,1,1380
628,control,2026-03-04,0,915
629,control,2026-03-11,0,940
630,treatment,2026-03-14,0,1111
631,control,2026-03-07,1,964
632,treatment,2026-03-03,0,1397
633,control,2026-03-13,1,1357
634,control,2026-03-08,0,909
635,treatment,2026-03-14,1,1371
636,treatment,2026-03-06,0,1079
637,treatment,2026-03-08,0,2293
638,control,2026-03-11,1,1153
639,control,2026-03-13,0,1561
640,treatment,2026-03-14,0,1814
641,treatment,2026-03-12,1,1688
642,treatment,2026-03-11,0,2113
643,control,2026-03-03,0,1250
644,treatment,2026-03-09,1,1529
645,treatment,2026-03-05,1,1418
646,treatment,2026-03-15,0,2350
647,control,2026-03-14,0,747
648,control,2026-03-15,0,1868
649,control,2026-03-06,1,1336
650,control,2026-03-12,0,1439
651,control,2026-03-15,0,1845
652,control,2026-03-12,0,2844
653,control,2026-03-11,1,1812
654,treatment,2026-03-03,0,1494
655,treatment,2026-03-05,1,995
656,control,2026-03-06,0,1511
657,treatment,2026-03-13,0,1446
658,treatment,2026-03-12,0,1096
659,control,2026-03-09,1,1069
660,treatment,2026-03-04,0,1724
661,treatment,2026-03-06,0,2045
662,treatment,2026-03-13,0,1329
663,control,2026-03-15,0,1117
664,treatment,2026-03-14,0,1922
665,control,2026-03-02,1,930
666,control,2026-03-06,1,1046
667,control,2026-03-07,0,1983
668,treatment,2026-03-09,0,945
669,control,2026-03-02,0,1127
670,control,2026-03-13,1,1706
671,treatment,2026-03-11,1,2549
672,treatment,2026-03-14,0,914
673,control,2026-03-04,1,1806
674,treatment,2026-03-10,0,2738
675,control,2026-03-09,0,1018
676,control,2026-03-02,0,3341
677,control,2026-03-02,0,1022
678,control,2026-03-09,0,1386
679,control,2026-03-10,0,1348
680,treatment,2026-03-14,1,1937
681,treatment,2026-03-05,0,1231
682,treatment,2026-03-04,1,1815
683,control,2026-03-04,0,1147
684,control,2026-03-08,0,1171
685,control,2026-03-14,0,1748
686,treatment,2026-03-08,1,1201
687,control,2026-03-14,0,1405
688,treatment,2026-03-06,0,1611
689,treatment,2026-03-08,0,1831
690,treatment,2026-03-09,1,1935
691,control,2026-03-08,0,1891
692,treatment,2026-03-03,1,1073
693,control,2026-03-08,1,990
694,control,2026-03-04,1,912
695,treatment,2026-03-05,0,579
696,treatment,2026-03-09,1,1644
697,treatment,2026-03-06,0,1291
698,treatment,2026-03-13,1,1031
699,treatment,2026-03-12,1,1798
700,control,2026-03-02,1,1116
701,treatment,2026-03-03,1,1469
702,control,2026-03-03,1,983
703,treatment,2026-03-09,1,1349
704,treatment,2026-03-05,0,1472
705,control,2026-03-13,0,723
706,control,2026-03-05,1,1331
707,treatment,2026-03-03,0,1191
708,treatment,2026-03-05,0,1585
709,control,2026-03-06,0,959
710,control,2026-03-09,1,1922
711,treatment,2026-03-11,0,1340
712,treatment,2026-03-08,1,640
713,treatment,2026-03-08,0,1159
714,control,2026-03-11,1,944
715,control,2026-03-11,0,1096
716,treatment,2026-03-12,1,1335
717,treatment,2026-03-09,0,945
718,treatment,2026-03-12,1,1535
719,treatment,2026-03-05,0,1846
720,treatment,2026-03-13,0,2089
721,control,2026-03-15,1,1245
722,control,2026-03-06,0,1251
723,treatment,2026-03-11,0,937
724,treatment,2026-03-11,1,1438
725,control,2026-03-07,1,1009
726,treatment,2026-03-02,0,1808
727,control,2026-03-15,0,1212
728,control,2026-03-09,0,1031
729,treatment,2026-03-08,0,2844
730,control,2026-03-11,1,720
731,treatment,2026-03-04,1,888
732,control,2026-03-11,0,1076
733,control,2026-03-06,0,879
734,treatment,2026-03-11,0,1267
735,treatment,2026-03-10,1,1068
736,treatment,2026-03-14,0,967
737,treatment,2026-03-05,1,2178
738,control,2026-03-08,1,1044
739,treatment,2026-03-07,1,1609
740,treatment,2026-03-12,0,1044
741,control,2026-03-14,1,1321
742,control,2026-03-04,1,1233
743,control,2026-03-08,1,888
744,control,2026-03-10,0,1579
745,control,2026-03-10,0,1036
746,control,2026-03-11,1,1664
747,control,2026-03-12,1,1547
748,treatment,2026-03-13,1,1238
749,treatment,2026-03-07,0,1689
750,control,2026-03-02,1,835
751,control,2026-03-14,0,1761
752,control,2026-03-12,0,2643
753,treatment,2026-03-14,1,1296
754,treatment,2026-03-11,1,1818
755,control,2026-03-06,0,1441
756,treatment,2026-03-11,0,2893
757,control,2026-03-08,0,1800
758,control,2026-03-12,0,1682
759,treatment,2026-03-09,1,1569
760,treatment,2026-03-07,0,1247
761,control,2026-03-14,0,1306
762,control,2026-03-06,0,639
763,treatment,2026-03-12,0,1254
764,control,2026-03-08,0,923
765,control,2026-03-05,1,980
766,control,2026-03-15,1,844
767,treatment,2026-03-02,0,1026
768,treatment,2026-03-10,1,1227
769,treatment,2026-03-02,1,1708
770,control,2026-03-12,0,1494
771,treatment,2026-03-04,1,1222
772,control,2026-03-15,0,1139
773,control,2026-03-08,0,961
774,treatment,2026-03-03,0,1098
775,treatment,2026-03-08,1,1001
776,treatment,2026-03-14,1,1939
777,treatment,2026-03-04,1,1641
778,control,2026-03-06,0,528
779,control,2026-03-06,0,1362
780,treatment,2026-03-08,0,1316
781,treatment,2026-03-07,1,734
782,treatment,2026-03-11,1,936
783,control,2026-03-13,0,1451
784,control,2026-03-04,1,1196
785,treatment,2026-03-14,1,1215
786,treatment,2026-03-10,1,1152
787,control,2026-03-04,0,1568
788,treatment,2026-03-11,0,1366
789,treatment,2026-03-02,1,2395
790,treatment,2026-03-09,0,1051
791,treatment,2026-03-12,0,2032
792,control,2026-03-06,1,1384
793,control,2026-03-15,1,1208
794,control,2026-03-11,1,1610
795,control,2026-03-14,1,1578
796,treatment,2026-03-10,0,1500
797,control,2026-03-15,0,827
798,control,2026-03-02,0,1684
799,control,2026-03-15,0,1580
800,treatment,2026-03-07,1,1518
801,control,2026-03-08,0,746
802,control,2026-03-08,0,1455
803,treatment,2026-03-10,0,700
804,control,2026-03-07,1,1145
805,treatment,2026-03-10,0,1047
806,treatment,2026-03-03,1,1058
807,treatment,2026-03-08,0,586
808,control,2026-03-14,1,1134
809,control,2026-03-09,0,1769
810,control,2026-03-09,0,1754
811,control,2026-03-12,1,598
812,control,2026-03-10,1,1075
813,treatment,2026-03-03,0,1230
814,control,2026-03-03,0,1274
815,treatment,2026-03-10,0,2085
816,treatment,2026-03-10,1,1533
817,control,2026-03-05,0,1536
818,treatment,2026-03-14,0,1011
819,control,2026-03-05,0,839
820,control,2026-03-06,1,2067
821,control,2026-03-09,0,1284
822,control,2026-03-03,1,1039
823,control,2026-03-09,0,1059
824,control,2026-03-07,1,1451
825,treatment,2026-03-11,1,1415
826,control,2026-03-11,0,1075
827,control,2026-03-02,0,1101
828,treatment,2026-03-09,1,1017
829,control,2026-03-05,0,1212
830,control,2026-03-02,1,913
831,treatment,2026-03-07,0,1498
832,control,2026-03-05,0,1446
833,control,2026-03-10,1,1314
834,treatment,2026-03-04,0,1822
835,control,2026-03-10,1,1283
836,treatment,2026-03-11,0,785
837,control,2026-03-13,1,2257
838,treatment,2026-03-03,1,3294
839,control,2026-03-15,0,2068
840,control,2026-03-07,0,1458
841,treatment,2026-03-14,1,1891
842,control,2026-03-09,0,3273
843,control,2026-03-11,1,1063
844,control,2026-03-11,0,2602
845,control,2026-03-03,0,1291
846,control,2026-03-06,0,1024
847,control,2026-03-09,0,1802
848,treatment,2026-03-02,1,755
849,control,2026-03-11,0,1115
850,control,2026-03-02,0,1267
851,treatment,2026-03-10,0,1687
852,control,2026-03-08,1,2079
853,control,2026-03-10,1,2098
854,treatment,2026-03-04,1,1621
855,control,2026-03-08,0,1460
856,control,2026-03-15,0,598
857,control,2026-03-06,0,1199
858,control,2026-03-06,1,820
859,control,2026-03-05,0,2606
860,treatment,2026-03-05,1,1060
861,control,2026-03-03,0,1228
862,treatment,2026-03-13,0,1305
863,treatment,2026-03-09,0,2122
864,control,2026-03-14,1,1408
865,treatment,2026-03-09,1,1053
866,control,2026-03-05,0,1666
867,control,2026-03-06,0,1015
868,treatment,2026-03-11,0,1214
869,control,2026-03-10,0,1624
870,treatment,2026-03-14,0,1110
871,treatment,2026-03-09,0,3029
872,control,2026-03-07,1,1297
873,treatment,2026-03-06,1,1269
874,treatment,2026-03-15,1,2043
875,control,2026-03-13,1,1191
876,treatment,2026-03-05,0,2467
877,control,2026-03-05,1,1047
878,control,2026-03-07,1,1119
879,control,2026-03-05,0,1048
880,treatment,2026-03-03,0,1592
881,treatment,2026-03-08,0,1207
882,control,2026-03-08,0,853
883,treatment,2026-03-13,0,1624
884,control,2026-03-11,0,666
885,control,2026-03-06,1,1223
886,treatment,2026-03-13,0,1507
887,control,2026-03-14,0,2051
888,control,2026-03-04,1,795
889,treatment,2026-03-03,0,654
890,treatment,2026-03-13,1,1527
891,control,2026-03-13,0,732
892,treatment,2026-03-05,0,2926
893,control,2026-03-15,0,1272
894,treatment,2026-03-05,0,1370
895,control,2026-03-07,1,955
896,control,2026-03-15,0,1605
897,control,2026-03-14,0,1894
898,control,2026-03-14,1,1521
899,control,2026-03-13,1,816
900,treatment,2026-03-07,1,1000
901,control,2026-03-08,1,936
902,treatment,2026-03-08,0,1251
903,treatment,2026-03-11,0,1030
904,treatment,2026-03-02,1,1181
905,treatment,2026-03-15,1,1122
906,treatment,2026-03-13,0,1856
907,treatment,2026-03-05,1,1196
908,control,2026-03-14,1,1379
909,control,2026-03-07,1,872
910,control,2026-03-09,1,1556
911,treatment,2026-03-15,1,1763
912,control,2026-03-05,0,890
913,control,2026-03-15,0,847
914,control,2026-03-09,0,515
915,treatment,2026-03-09,0,902
916,treatment,2026-03-06,0,690
917,treatment,2026-03-13,0,541
918,control,2026-03-14,0,2492
919,treatment,2026-03-04,1,1360
920,control,2026-03-11,1,1751
921,control,2026-03-04,0,892
922,treatment,2026-03-12,0,1334
923,treatment,2026-03-02,0,1165
924,treatment,2026-03-08,0,970
925,control,2026-03-06,0,1971
926,control,2026-03-05,0,3066
927,control,2026-03-03,0,1002
928,treatment,2026-03-13,0,1647
929,control,2026-03-07,1,1400
930,control,2026-03-02,0,1156
931,treatment,2026-03-04,0,1390
932,control,2026-03-13,1,1592
933,control,2026-03-08,1,819
934,treatment,2026-03-04,0,1040
935,treatment,2026-03-10,0,2599
936,control,2026-03-03,0,2302
937,treatment,2026-03-12,1,1058
938,treatment,2026-03-04,1,1895
939,control,2026-03-10,0,1581
940,control,2026-03-02,0,1073
941,treatment,2026-03-13,0,1798
942,treatment,2026-03-12,0,1759
943,treatment,2026-03-03,0,831
944,treatment,2026-03-06,1,1035
945,control,2026-03-06,0,1557
946,control,2026-03-10,0,1594
947,treatment,2026-03-13,1,1536
948,treatment,2026-03-13,0,1801
949,treatment,2026-03-05,1,1432
950,treatment,2026-03-06,0,2019
951,control,2026-03-09,0,1968
952,control,2026-03-03,0,1359
953,control,2026-03-03,0,1078
954,treatment,2026-03-06,0,2004
955,treatment,2026-03-07,0,1642
956,control,2026-03-02,0,948
957,treatment,2026-03-12,0,1258
958,control,2026-03-04,1,541
959,treatment,2026-03-12,0,1299
960,control,2026-03-10,1,1712
961,treatment,2026-03-09,0,873
962,treatment,2026-03-05,0,1186
963,treatment,2026-03-03,0,2018
964,treatment,2026-03-14,1,1308
965,control,2026-03-06,1,1472
966,treatment,2026-03-13,0,1070
967,treatment,2026-03-06,0,1161
968,treatment,2026-03-12,0,1659
969,control,2026-03-09,0,945
970,treatment,2026-03-14,1,1161
971,treatment,2026-03-05,0,1920
972,treatment,2026-03-10,0,2397
973,control,2026-03-05,0,1007
974,control,2026-03-02,1,2762
975,control,2026-03-10,0,1529
976,treatment,2026-03-07,0,1854
977,treatment,2026-03-04,0,1730
978,treatment,2026-03-08,0,1504
979,treatment,2026-03-15,0,1537
980,control,2026-03-03,1,1287
981,control,2026-03-13,0,1354
982,treatment,2026-03-14,0,1419
983,control,2026-03-05,1,1305
984,treatment,2026-03-04,0,1540
985,control,2026-03-12,1,1512
986,treatment,2026-03-10,0,1074
987,control,2026-03-10,1,1321
988,treatment,2026-03-05,0,1138
989,control,2026-03-04,1,899
990,control,2026-03-08,0,2131
991,treatment,2026-03-14,1,864
992,treatment,2026-03-04,0,1591
993,control,2026-03-06,0,929
994,control,2026-03-03,1,927
995,control,2026-03-07,1,1012
996,treatment,2026-03-13,1,964
997,treatment,2026-03-06,1,1827
998,treatment,2026-03-06,0,1095
999,control,2026-03-03,1,1141
1000,control,2026-03-08,0,737
1001,treatment,2026-03-03,0,877
1002,control,2026-03-14,0,1679
1003,control,2026-03-09,0,1266
1004,control,2026-03-07,0,1236
1005,control,2026-03-13,0,1415
1006,control,2026-03-11,0,1258
1007,treatment,2026-03-04,0,2125
1008,control,2026-03-14,1,1635
1009,treatment,2026-03-05,1,877
1010,treatment,2026-03-12,0,1777
1011,treatment,2026-03-12,0,1436
1012,control,2026-03-09,0,1470
1013,control,2026-03-13,0,921
1014,control,2026-03-10,1,1264
1015,control,2026-03-07,0,1450
1016,treatment,2026-03-09,0,1920
1017,control,2026-03-05,1,1821
1018,treatment,2026-03-15,0,708
1019,treatment,2026-03-11,0,898
1020,control,2026-03-08,0,1591
1021,control,2026-03-06,1,898
1022,control,2026-03-15,1,1840
1023,control,2026-03-06,0,906
1024,control,2026-03-05,0,1099
1025,control,2026-03-02,0,1754
1026,treatment,2026-03-05,0,1712
1027,control,2026-03-15,1,1702
1028,treatment,2026-03-03,1,827
1029,control,2026-03-06,1,1178
1030,treatment,2026-03-08,0,1749
1031,control,2026-03-05,0,943
1032,treatment,2026-03-11,0,1090
1033,treatment,2026-03-08,0,1151
1034,treatment,2026-03-05,1,1924
1035,control,2026-03-09,0,829
1036,treatment,2026-03-03,0,969
1037,treatment,2026-03-06,0,1153
1038,treatment,2026-03-05,1,1029
1039,control,2026-03-06,1,1317
1040,control,2026-03-11,0,722
1041,treatment,2026-03-13,0,1456
1042,control,2026-03-15,1,1561
1043,treatment,2026-03-10,0,856
1044,control,2026-03-13,0,1520
1045,control,2026-03-11,0,727
1046,control,2026-03-05,0,974
1047,control,2026-03-07,1,645
1048,control,2026-03-08,0,1325
1049,treatment,2026-03-07,1,1481
1050,control,2026-03-02,0,1428
1051,control,2026-03-09,0,777
1052,control,2026-03-11,1,1334
1053,control,2026-03-03,0,1975
1054,control,2026-03-04,0,1397
1055,treatment,2026-03-04,0,1580
1056,treatment,2026-03-10,1,796
1057,treatment,2026-03-09,0,1188
1058,control,2026-03-06,0,1093
1059,control,2026-03-09,0,1483
1060,control,2026-03-11,0,854
1061,treatment,2026-03-05,0,894
1062,control,2026-03-02,0,1900
1063,treatment,2026-03-13,0,958
1064,treatment,2026-03-04,0,1513
1065,control,2026-03-10,0,1434
1066,treatment,2026-03-11,1,1527
1067,control,2026-03-08,1,636
1068,treatment,2026-03-12,1,1657
1069,control,2026-03-03,0,768
1070,control,2026-03-15,1,1287
1071,treatment,2026-03-07,0,3526
1072,control,2026-03-09,0,1208
1073,control,2026-03-04,0,1315
1074,control,2026-03-10,0,1488
1075,treatment,2026-03-04,1,1135
1076,treatment,2026-03-10,1,828
1077,treatment,2026-03-02,0,1261
1078,control,2026-03-02,0,2382
1079,control,2026-03-06,1,1027
1080,control,2026-03-07,0,1084
1081,control,2026-03-03,0,1814
1082,control,2026-03-06,1,1714
1083,treatment,2026-03-14,0,1075
1084,control,2026-03-08,0,1915
1085,control,2026-03-05,0,1237
1086,control,2026-03-07,1,785
1087,treatment,2026-03-11,0,906
1088,control,2026-03-15,0,817
1089,treatment,2026-03-04,0,862
1090,treatment,2026-03-03,1,1186
1091,treatment,2026-03-05,1,1425
1092,treatment,2026-03-06,0,1311
1093,treatment,2026-03-06,0,1589
1094,control,2026-03-06,0,1320
1095,treatment,2026-03-12,1,1269
1096,treatment,2026-03-11,0,2540
1097,treatment,2026-03-04,1,1034
1098,control,2026-03-12,0,1899
1099,control,2026-03-07,1,1682
1100,treatment,2026-03-06,0,1391
1101,treatment,2026-03-15,0,2879
1102,treatment,2026-03-15,0,2054
1103,treatment,2026-03-08,1,2291
1104,control,2026-03-08,1,1595
1105,control,2026-03-11,1,1294
1106,control,2026-03-03,0,1626
1107,control,2026-03-05,1,1246
1108,control,2026-03-15,0,530
1109,control,2026-03-10,0,677
1110,treatment,2026-03-09,1,1717
1111,control,2026-03-11,0,653
1112,treatment,2026-03-06,0,1534
1113,control,2026-03-09,0,1235
1114,treatment,2026-03-10,0,1950
1115,control,2026-03-15,1,1389
1116,treatment,2026-03-06,0,689
1117,treatment,2026-03-04,0,1847
1118,control,2026-03-13,0,2754
1119,control,2026-03-09,1,1216
1120,control,2026-03-06,0,1112
1121,control,2026-03-13,0,966
1122,control,2026-03-06,0,1008
1123,treatment,2026-03-04,0,4197
1124,control,2026-03-03,1,1447
1125,treatment,2026-03-07,1,1621
1126,control,2026-03-07,0,1551
1127,control,2026-03-15,1,2018
1128,control,2026-03-06,0,1295
1129,control,2026-03-07,0,833
1130,control,2026-03-14,1,1066
1131,treatment,2026-03-06,1,1339
1132,treatment,2026-03-08,1,2000
1133,treatment,2026-03-09,0,1211
1134,control,2026-03-08,1,1427
1135,control,2026-03-04,1,2116
1136,control,2026-03-10,1,896
1137,control,2026-03-11,0,893
1138,control,2026-03-15,1,1669
1139,control,2026-03-12,1,1220
1140,control,2026-03-08,1,969
1141,treatment,2026-03-09,1,1140
1142,control,2026-03-14,0,1882
1143,control,2026-03-12,0,2154
1144,treatment,2026-03-12,1,1612
1145,treatment,2026-03-02,1,1763
1146,control,2026-03-08,0,1352
1147,treatment,2026-03-13,1,1578
1148,control,2026-03-13,1,1256
1149,treatment,2026-03-06,0,1400
1150,control,2026-03-06,0,1763
1151,treatment,2026-03-03,0,1443
1152,treatment,2026-03-14,1,1300
1153,control,2026-03-07,0,831
1154,control,2026-03-11,0,1777
1155,control,2026-03-11,0,679
1156,treatment,2026-03-03,0,1968
1157,control,2026-03-07,1,804
1158,treatment,2026-03-09,1,1455
1159,control,2026-03-10,0,748
1160,control,2026-03-10,0,819
1161,control,2026-03-14,1,803
1162,control,2026-03-13,1,1655
1163,control,2026-03-09,0,598
1164,treatment,2026-03-04,0,2195
1165,treatment,2026-03-09,1,1443
1166,control,2026-03-12,0,960
1167,treatment,2026-03-04,0,1811
1168,control,2026-03-07,0,1626
1169,treatment,2026-03-12,1,2702
1170,treatment,2026-03-05,0,766
1171,treatment,2026-03-07,0,890
1172,control,2026-03-06,0,2256
1173,control,2026-03-04,0,1803
1174,control,2026-03-11,0,1413
1175,control,2026-03-08,0,1486
1176,control,2026-03-03,1,682
1177,control,2026-03-02,0,1535
1178,treatment,2026-03-08,1,1320
1179,control,2026-03-09,0,1372
1180,control,2026-03-10,0,1142
1181,treatment,2026-03-05,0,1443
1182,treatment,2026-03-03,0,1003
1183,control,2026-03-14,0,1592
1184,control,2026-03-03,1,1390
1185,treatment,2026-03-07,0,2142
1186,treatment,2026-03-05,0,2083
1187,treatment,2026-03-12,1,1494
1188,control,2026-03-12,0,1507
1189,control,2026-03-14,1,1297
1190,control,2026-03-05,0,1523
1191,control,2026-03-05,1,1710
1192,control,2026-03-15,0,1252
1193,treatment,2026-03-06,1,2094
1194,treatment,2026-03-11,0,699
1195,treatment,2026-03-04,0,1436
1196,treatment,2026-03-10,0,1468
1197,control,2026-03-07,0,1147
1198,treatment,2026-03-10,0,1659
1199,treatment,2026-03-09,0,1741
1200,treatment,2026-03-02,0,1298
1201,control,2026-03-12,0,575
1202,control,2026-03-09,0,658
1203,control,2026-03-07,0,2246
1204,treatment,2026-03-03,1,1215
1205,control,2026-03-05,0,1277
1206,control,2026-03-12,1,1900
1207,control,2026-03-09,0,1207
1208,control,2026-03-10,0,821
1209,control,2026-03-13,0,933
1210,treatment,2026-03-15,1,2198
1211,treatment,2026-03-05,1,1385
1212,control,2026-03-04,1,1729
1213,control,2026-03-10,0,2258
1214,treatment,2026-03-12,0,972
1215,control,2026-03-13,1,906
1216,treatment,2026-03-12,0,1584
1217,control,2026-03-12,1,1124
1218,control,2026-03-07,0,1831
1219,control,2026-03-10,0,1655
1220,treatment,2026-03-09,0,1768
1221,treatment,2026-03-08,0,1151
1222,control,2026-03-15,0,1189
1223,treatment,2026-03-06,1,1095
1224,treatment,2026-03-10,0,1387
1225,treatment,2026-03-05,0,1203
1226,control,2026-03-07,0,1641
1227,control,2026-03-09,0,1723
1228,control,2026-03-14,1,749
1229,treatment,2026-03-09,1,843
1230,treatment,2026-03-09,0,1160
1231,control,2026-03-10,0,1501
1232,control,2026-03-13,0,1102
1233,control,2026-03-13,1,875
1234,control,2026-03-03,0,672
1235,treatment,2026-03-15,0,1446
1236,treatment,2026-03-04,1,1804
1237,treatment,2026-03-07,1,1575
1238,treatment,2026-03-10,0,1175
1239,treatment,2026-03-05,0,1814
1240,treatment,2026-03-03,0,1440
1241,treatment,2026-03-11,0,1213
1242,treatment,2026-03-02,1,1240
1243,treatment,2026-03-02,0,1634
1244,control,2026-03-11,1,960
1245,control,2026-03-13,1,1147
1246,control,2026-03-10,1,1356
1247,control,2026-03-09,0,1251
1248,treatment,2026-03-04,0,1586
1249,control,2026-03-06,0,2344
1250,treatment,2026-03-07,0,1325
1251,treatment,2026-03-12,0,1348
1252,treatment,2026-03-14,0,1165
1253,treatment,2026-03-04,0,2039
1254,control,2026-03-12,0,1474
1255,control,2026-03-09,0,1707
1256,treatment,2026-03-14,1,1250
1257,treatment,2026-03-06,0,809
1258,treatment,2026-03-06,0,1687
1259,control,2026-03-02,0,1023
1260,treatment,2026-03-09,0,1872
1261,control,2026-03-15,1,1535
1262,control,2026-03-14,1,1189
1263,treatment,2026-03-04,0,1173
1264,treatment,2026-03-13,0,1689
1265,treatment,2026-03-10,0,1258
1266,control,2026-03-08,0,2193
1267,control,2026-03-02,0,1798
1268,control,2026-03-07,0,1237
1269,treatment,2026-03-11,0,2994
1270,treatment,2026-03-04,1,1614
1271,treatment,2026-03-07,0,1107
1272,control,2026-03-15,1,1055
1273,control,2026-03-13,1,1665
1274,control,2026-03-06,0,1532
1275,treatment,2026-03-10,0,1569
1276,control,2026-03-04,0,1631
1277,treatment,2026-03-15,0,1648
1278,control,2026-03-14,1,1182
1279,treatment,2026-03-13,1,910
1280,treatment,2026-03-11,0,1131
1281,control,2026-03-11,0,2213
1282,treatment,2026-03-11,1,1034
1283,treatment,2026-03-08,0,2052
1284,treatment,2026-03-05,0,1313
1285,treatment,2026-03-05,1,1579
1286,treatment,2026-03-07,1,1160
1287,control,2026-03-06,0,841
1288,control,2026-03-11,0,1217
1289,control,2026-03-12,0,1706
1290,control,2026-03-13,1,840
1291,control,2026-03-09,0,1087
1292,treatment,2026-03-13,1,1642
1293,treatment,2026-03-08,0,2242
1294,treatment,2026-03-09,1,1660
1295,treatment,2026-03-12,1,1045
1296,treatment,2026-03-10,1,1729
1297,treatment,2026-03-07,0,757
1298,treatment,2026-03-11,1,1415
1299,treatment,2026-03-09,1,1268
1300,control,2026-03-10,0,1147
1301,control,2026-03-08,0,1893
1302,control,2026-03-07,0,1772
1303,treatment,2026-03-07,0,1903
1304,treatment,2026-03-12,1,1276
1305,control,2026-03-06,0,1142
1306,control,2026-03-03,0,1287
1307,control,2026-03-12,0,1227
1308,control,2026-03-08,0,1388
1309,control,2026-03-05,0,1704
1310,treatment,2026-03-04,1,1210
1311,treatment,2026-03-03,1,1061
1312,treatment,2026-03-05,0,906
1313,treatment,2026-03-10,1,2033
1314,treatment,2026-03-04,0,766
1315,control,2026-03-02,0,1343
1316,control,2026-03-13,1,810
1317,treatment,2026-03-09,1,1066
1318,treatment,2026-03-06,0,1059
1319,control,2026-03-07,0,1874
1320,control,2026-03-05,0,1252
1321,control,2026-03-04,1,877
1322,control,2026-03-04,0,723
1323,control,2026-03-15,1,939
1324,control,2026-03-07,0,2300
1325,treatment,2026-03-15,0,1206
1326,control,2026-03-03,0,3726
1327,control,2026-03-04,1,1047
1328,control,2026-03-08,0,706
1329,control,2026-03-08,0,994
1330,control,2026-03-11,0,1401
1331,control,2026-03-14,0,1210
1332,treatment,2026-03-06,0,1190
1333,control,2026-03-04,0,1056
1334,treatment,2026-03-07,0,1118
1335,treatment,2026-03-13,0,801
1336,control,2026-03-14,0,1375
1337,treatment,2026-03-02,0,1340
1338,control,2026-03-15,0,1450
1339,treatment,2026-03-05,0,1860
1340,treatment,2026-03-11,1,2830
1341,control,2026-03-03,0,2167
1342,control,2026-03-04,1,416
1343,control,2026-03-14,0,1687
1344,treatment,2026-03-14,1,1560
1345,control,2026-03-13,0,1169
1346,control,2026-03-09,1,1052
1347,control,2026-03-12,0,2245
1348,treatment,2026-03-13,0,1227
1349,treatment,2026-03-11,0,1365
1350,treatment,2026-03-13,0,1184
1351,control,2026-03-04,0,1450
1352,control,2026-03-13,1,1093
1353,control,2026-03-03,0,1204
1354,treatment,2026-03-14,1,900
1355,control,2026-03-08,1,2126
1356,treatment,2026-03-11,1,1538
1357,control,2026-03-07,0,704
1358,treatment,2026-03-02,0,1159
1359,treatment,2026-03-07,0,2051
1360,control,2026-03-05,0,759
1361,control,2026-03-05,0,2478
1362,control,2026-03-11,1,1243
1363,treatment,2026-03-13,1,2207
1364,treatment,2026-03-14,0,1098
1365,treatment,2026-03-11,0,1336
1366,treatment,2026-03-10,0,1404
1367,control,2026-03-02,1,961
1368,control,2026-03-09,0,1324
1369,treatment,2026-03-15,0,2240
1370,control,2026-03-07,0,900
1371,treatment,2026-03-08,1,1565
1372,control,2026-03-11,0,1131
1373,control,2026-03-11,0,1583
1374,treatment,2026-03-02,0,944
1375,control,2026-03-06,0,954
1376,control,2026-03-14,1,1817
1377,treatment,2026-03-08,0,866
1378,control,2026-03-04,0,905
1379,treatment,2026-03-10,0,2329
1380,treatment,2026-03-10,0,1082
1381,control,2026-03-13,1,988
1382,control,2026-03-05,1,665
1383,treatment,2026-03-13,0,1711
1384,treatment,2026-03-02,1,2142
1385,control,2026-03-10,0,1379
1386,treatment,2026-03-03,0,1170
1387,treatment,2026-03-07,1,1244
1388,control,2026-03-09,0,1330
1389,control,2026-03-02,1,3091
1390,control,2026-03-06,1,1326
1391,control,2026-03-04,0,924
1392,treatment,2026-03-11,0,1725
1393,treatment,2026-03-12,0,1018
1394,control,2026-03-14,0,863
1395,control,2026-03-05,1,776
1396,control,2026-03-05,0,1021
1397,treatment,2026-03-07,0,1659
1398,control,2026-03-10,0,1100
1399,treatment,2026-03-09,1,1866
1400,control,2026-03-05,1,1523
1401,treatment,2026-03-10,0,1253
1402,control,2026-03-08,0,1048
1403,control,2026-03-02,0,1665
1404,control,2026-03-02,1,957
1405,treatment,2026-03-13,0,1531
1406,control,2026-03-10,0,1978
1407,control,2026-03-03,0,706
1408,control,2026-03-07,1,1692
1409,treatment,2026-03-13,0,1314
1410,control,2026-03-11,0,1155
1411,treatment,2026-03-02,0,1640
1412,control,2026-03-13,0,1410
1413,control,2026-03-04,1,1384
1414,treatment,2026-03-03,1,1963
1415,control,2026-03-09,0,711
1416,treatment,2026-03-07,1,2173
1417,control,2026-03-12,1,585
1418,control,2026-03-07,1,757
1419,control,2026-03-07,1,1455
1420,control,2026-03-15,1,609
1421,control,2026-03-13,1,2212
1422,control,2026-03-09,0,1291
1423,treatment,2026-03-02,0,2257
1424,treatment,2026-03-05,0,1494
1425,treatment,2026-03-04,1,1170
1426,control,2026-03-14,0,992
1427,control,2026-03-08,1,736
1428,control,2026-03-03,0,908
1429,treatment,2026-03-07,1,2884
1430,treatment,2026-03-04,0,539
1431,control,2026-03-05,0,1098
1432,control,2026-03-05,0,834
1433,treatment,2026-03-13,0,1732
1434,treatment,2026-03-04,0,1918
1435,control,2026-03-14,0,1780
1436,control,2026-03-08,0,2465
1437,treatment,2026-03-15,0,1225
1438,treatment,2026-03-02,1,2183
1439,treatment,2026-03-06,0,999
1440,treatment,2026-03-07,0,1286
1441,treatment,2026-03-11,0,1142
1442,treatment,2026-03-06,0,1731
1443,control,2026-03-04,1,1801
1444,control,2026-03-09,1,2316
1445,treatment,2026-03-11,0,1134
1446,treatment,2026-03-02,1,1461
1447,control,2026-03-10,0,1093
1448,treatment,2026-03-13,0,1515
1449,control,2026-03-11,1,1338
1450,control,2026-03-08,0,828
1451,treatment,2026-03-05,0,2719
1452,treatment,2026-03-14,0,1880
1453,control,2026-03-11,0,674
1454,treatment,2026-03-11,0,1671
1455,treatment,2026-03-14,1,801
1456,control,2026-03-09,1,1055
1457,treatment,2026-03-05,1,875
1458,control,2026-03-03,0,1322
1459,control,2026-03-02,1,1512
1460,control,2026-03-08,0,1062
1461,treatment,2026-03-15,1,1548
1462,control,2026-03-14,0,927
1463,treatment,2026-03-05,0,1343
1464,control,2026-03-06,1,1352
1465,control,2026-03-11,0,1076
1466,treatment,2026-03-12,0,1046
1467,control,2026-03-09,0,952
1468,treatment,2026-03-10,0,1367
1469,control,2026-03-13,0,1850
1470,control,2026-03-13,0,637
1471,control,2026-03-06,0,678
1472,control,2026-03-04,0,945
1473,control,2026-03-12,0,1863
1474,treatment,2026-03-04,0,1155
1475,control,2026-03-09,0,932
1476,treatment,2026-03-09,0,1578
1477,treatment,2026-03-06,0,1347
1478,control,2026-03-04,1,1103
1479,treatment,2026-03-14,1,1650
1480,control,2026-03-08,0,1648
1481,treatment,2026-03-07,0,1342
1482,treatment,2026-03-11,1,1340
1483,control,2026-03-06,0,1216
1484,control,2026-03-13,1,1588
1485,treatment,2026-03-03,0,1278
1486,treatment,2026-03-06,0,1236
1487,treatment,2026-03-07,0,1410
1488,control,2026-03-08,0,968
1489,treatment,2026-03-15,0,2934
1490,treatment,2026-03-06,1,1112
1491,treatment,2026-03-03,1,2309
1492,treatment,2026-03-12,0,1287
1493,treatment,2026-03-13,1,925
1494,treatment,2026-03-10,0,1530
1495,treatment,2026-03-15,0,1119
1496,control,2026-03-15,0,590
1497,control,2026-03-03,0,1267
1498,treatment,2026-03-15,0,1141
1499,control,2026-03-13,0,1521
1500,control,2026-03-10,1,890
1501,control,2026-03-06,0,1065
1502,control,2026-03-04,0,1997
1503,treatment,2026-03-06,0,921
1504,treatment,2026-03-13,0,1464
1505,control,2026-03-03,0,1974
1506,control,2026-03-14,1,1248
1507,control,2026-03-10,1,751
1508,treatment,2026-03-09,0,892
1509,treatment,2026-03-05,0,1190
1510,treatment,2026-03-06,0,2953
1511,treatment,2026-03-12,1,1708
1512,treatment,2026-03-05,1,1407
1513,control,2026-03-08,0,595
1514,treatment,2026-03-11,0,1206
1515,control,2026-03-03,1,1069
1516,control,2026-03-03,0,1775
1517,treatment,2026-03-13,1,1585
1518,treatment,2026-03-15,1,1652
1519,treatment,2026-03-06,0,1300
1520,control,2026-03-08,0,1619
1521,treatment,2026-03-05,1,1339
1522,control,2026-03-12,1,739
1523,treatment,2026-03-02,1,1471
1524,treatment,2026-03-13,0,1291
1525,treatment,2026-03-09,0,1968
1526,treatment,2026-03-07,0,1371
1527,control,2026-03-08,1,1572
1528,control,2026-03-10,0,1678
1529,treatment,2026-03-09,0,1199
1530,control,2026-03-13,1,1632
1531,control,2026-03-03,0,926
1532,treatment,2026-03-14,1,1205
1533,treatment,2026-03-05,1,837
1534,treatment,2026-03-08,1,1617
1535,control,2026-03-05,0,1213
1536,treatment,2026-03-05,1,1630
1537,control,2026-03-08,1,611
1538,treatment,2026-03-08,0,1679
1539,control,2026-03-03,0,2297
1540,treatment,2026-03-11,0,1167
1541,control,2026-03-11,0,1736
1542,control,2026-03-02,0,1901
1543,control,2026-03-07,0,799
1544,treatment,2026-03-06,0,1354
1545,treatment,2026-03-08,1,2126
1546,control,2026-03-12,1,1165
1547,treatment,2026-03-07,0,1262
1548,treatment,2026-03-04,1,1117
1549,control,2026-03-03,1,1133
1550,control,2026-03-15,0,850
1551,control,2026-03-08,0,1533
1552,treatment,2026-03-10,0,1528
1553,treatment,2026-03-06,0,1397
1554,control,2026-03-09,0,1178
1555,treatment,2026-03-15,0,1761
1556,control,2026-03-02,0,1001
1557,treatment,2026-03-08,0,1078
1558,control,2026-03-06,0,2155
1559,control,2026-03-03,1,760
1560,control,2026-03-08,0,1241
1561,treatment,2026-03-13,0,1051
1562,treatment,2026-03-12,0,1767
1563,control,2026-03-11,1,1150
1564,control,2026-03-12,1,1590
1565,treatment,2026-03-11,0,1915
1566,treatment,2026-03-10,1,1478
1567,treatment,2026-03-15,0,1735
1568,control,2026-03-15,0,977
1569,treatment,2026-03-10,0,973
1570,control,2026-03-12,1,995
1571,control,2026-03-03,0,2098
1572,control,2026-03-11,1,1259
1573,treatment,2026-03-12,1,1558
1574,treatment,2026-03-02,0,1825
1575,control,2026-03-06,0,768
1576,control,2026-03-05,0,1176
1577,control,2026-03-09,0,1263
1578,treatment,2026-03-15,1,1090
1579,control,2026-03-05,0,1192
1580,control,2026-03-05,1,1328
1581,treatment,2026-03-14,0,1030
1582,control,2026-03-04,1,925
1583,control,2026-03-14,1,1266
1584,control,2026-03-12,1,1125
1585,control,2026-03-07,1,1553
1586,treatment,2026-03-09,0,1459
1587,treatment,2026-03-12,0,1212
1588,treatment,2026-03-13,1,1007
1589,treatment,2026-03-02,1,877
1590,treatment,2026-03-09,1,1596
1591,treatment,2026-03-04,1,1175
1592,treatment,2026-03-02,1,967
1593,treatment,2026-03-12,0,2589
1594,control,2026-03-13,0,951
1595,treatment,2026-03-10,0,488
1596,treatment,2026-03-12,0,2165
1597,treatment,2026-03-05,0,1028
1598,treatment,2026-03-02,1,2251
1599,treatment,2026-03-03,0,1065
1600,treatment,2026-03-11,1,2092
1601,treatment,2026-03-09,0,1268
1602,treatment,2026-03-04,0,1500
1603,treatment,2026-03-10,0,667
1604,treatment,2026-03-10,1,1021
1605,treatment,2026-03-05,1,1004
1606,control,2026-03-02,1,1558
1607,control,2026-03-11,0,1399
1608,treatment,2026-03-12,1,2000
1609,control,2026-03-12,0,919
1610,control,2026-03-09,0,1038
1611,control,2026-03-13,0,1707
1612,treatment,2026-03-04,0,1480
1613,control,2026-03-03,1,1124
1614,control,2026-03-13,0,1342
1615,treatment,2026-03-15,1,1469
1616,control,2026-03-14,1,1717
1617,control,2026-03-08,0,1443
1618,control,2026-03-03,1,1218
1619,treatment,2026-03-06,1,1862
1620,treatment,2026-03-07,1,994
1621,treatment,2026-03-08,0,1228
1622,treatment,2026-03-09,1,1558
1623,treatment,2026-03-12,0,1131
1624,control,2026-03-11,0,1525
1625,control,2026-03-11,1,1789
1626,treatment,2026-03-02,1,1934
1627,treatment,2026-03-03,1,2183
1628,control,2026-03-10,1,1111
1629,control,2026-03-12,0,1300
1630,treatment,2026-03-08,0,986
1631,treatment,2026-03-03,1,846
1632,treatment,2026-03-15,1,912
1633,control,2026-03-04,0,1896
1634,treatment,2026-03-05,0,2209
1635,treatment,2026-03-02,1,896
1636,control,2026-03-08,0,1287
1637,control,2026-03-11,1,568
1638,treatment,2026-03-15,1,1708
1639,control,2026-03-10,0,994
1640,treatment,2026-03-03,0,1136
1641,treatment,2026-03-05,0,760
1642,treatment,2026-03-14,0,914
1643,treatment,2026-03-10,0,1787
1644,control,2026-03-09,1,1716
1645,control,2026-03-08,0,1149
1646,control,2026-03-12,0,905
1647,treatment,2026-03-03,1,1106
1648,treatment,2026-03-06,0,918
1649,control,2026-03-11,0,1152
1650,control,2026-03-06,0,1528
1651,control,2026-03-11,1,598
1652,control,2026-03-10,0,1002
1653,control,2026-03-06,0,1697
1654,treatment,2026-03-11,1,1639
1655,treatment,2026-03-03,0,1477
1656,treatment,2026-03-02,0,2841
1657,control,2026-03-05,1,1253
1658,treatment,2026-03-14,1,1626
1659,treatment,2026-03-10,1,2186
1660,control,2026-03-09,1,1315
1661,control,2026-03-12,1,2037
1662,control,2026-03-07,0,806
1663,control,2026-03-08,1,1110
1664,control,2026-03-08,0,1272
1665,control,2026-03-15,0,1216
1666,control,2026-03-14,1,808
1667,treatment,2026-03-13,0,3128
1668,treatment,2026-03-03,0,1607
1669,treatment,2026-03-08,1,1873
1670,treatment,2026-03-05,0,1042
1671,control,2026-03-13,0,1056
1672,treatment,2026-03-08,0,2285
1673,control,2026-03-04,0,1971
1674,control,2026-03-02,0,2543
1675,control,2026-03-08,1,2256
1676,treatment,2026-03-10,0,1370
1677,control,2026-03-02,1,611
1678,control,2026-03-10,1,1143
1679,control,2026-03-14,0,1076
1680,control,2026-03-08,1,802
1681,treatment,2026-03-14,1,1456
1682,control,2026-03-08,0,874
1683,control,2026-03-07,0,1613
1684,control,2026-03-03,0,1451
1685,control,2026-03-02,1,2014
1686,control,2026-03-06,1,1288
1687,control,2026-03-14,0,538
1688,control,2026-03-04,0,1522
1689,treatment,2026-03-07,0,2786
1690,treatment,2026-03-06,0,777
1691,control,2026-03-09,0,903
1692,treatment,2026-03-10,1,1254
1693,treatment,2026-03-14,0,1173
1694,control,2026-03-15,0,646
1695,treatment,2026-03-06,1,3731
1696,treatment,2026-03-08,0,1293
1697,treatment,2026-03-13,0,1679
1698,control,2026-03-12,0,1088
1699,control,2026-03-12,0,1214
1700,treatment,2026-03-05,0,1062
1701,treatment,2026-03-11,0,1174
1702,control,2026-03-02,0,892
1703,control,2026-03-11,0,1073
1704,control,2026-03-08,1,1282
1705,treatment,2026-03-04,0,1350
1706,control,2026-03-09,0,986
1707,treatment,2026-03-06,1,1198
1708,control,2026-03-09,1,1155
1709,treatment,2026-03-15,1,3265
1710,treatment,2026-03-02,0,1436
1711,control,2026-03-06,1,565
1712,control,2026-03-06,0,825
1713,control,2026-03-08,0,2635
1714,treatment,2026-03-05,0,1461
1715,treatment,2026-03-06,1,929
1716,treatment,2026-03-09,1,1115
1717,control,2026-03-07,1,806
1718,treatment,2026-03-05,0,781
1719,control,2026-03-09,1,1810
1720,control,2026-03-13,1,1043
1721,control,2026-03-11,0,1764
1722,control,2026-03-05,1,1081
1723,control,2026-03-09,0,1130
1724,control,2026-03-15,0,1544
1725,control,2026-03-13,0,1267
1726,control,2026-03-05,0,1620
1727,control,2026-03-04,0,1229
1728,treatment,2026-03-09,1,1302
1729,treatment,2026-03-10,1,1305
1730,treatment,2026-03-07,0,1466
1731,treatment,2026-03-04,0,1851
1732,control,2026-03-14,0,699
1733,control,2026-03-06,0,687
1734,treatment,2026-03-02,1,1040
1735,control,2026-03-08,0,1175
1736,control,2026-03-03,0,770
1737,control,2026-03-09,0,1982
1738,control,2026-03-12,1,980
1739,treatment,2026-03-09,1,1718
1740,treatment,2026-03-15,0,924
1741,control,2026-03-11,1,823
1742,treatment,2026-03-04,0,1396
1743,treatment,2026-03-05,1,1228
1744,treatment,2026-03-14,0,1871
1745,treatment,2026-03-02,0,1413
1746,treatment,2026-03-02,0,771
1747,control,2026-03-08,0,883
1748,control,2026-03-06,0,990
1749,control,2026-03-12,0,1522
1750,control,2026-03-12,0,1406
1751,control,2026-03-13,1,1724
1752,control,2026-03-04,1,615
1753,control,2026-03-04,0,856
1754,control,2026-03-11,0,1661
1755,treatment,2026-03-11,1,1120
1756,treatment,2026-03-04,0,2145
1757,control,2026-03-02,0,1081
1758,control,2026-03-11,1,1192
1759,treatment,2026-03-05,0,2613
1760,control,2026-03-04,0,1832
1761,control,2026-03-14,1,622
1762,control,2026-03-05,1,2104
1763,treatment,2026-03-14,1,2125
1764,control,2026-03-15,0,1139
1765,control,2026-03-04,1,1239
1766,treatment,2026-03-07,0,1356
1767,treatment,2026-03-09,0,1173
1768,treatment,2026-03-12,0,1744
1769,control,2026-03-04,0,1002
1770,treatment,2026-03-07,0,2227
1771,treatment,2026-03-03,0,1144
1772,control,2026-03-04,1,845
1773,control,2026-03-06,0,1234
1774,control,2026-03-05,0,1776
1775,control,2026-03-11,0,2328
1776,treatment,2026-03-13,1,1261
1777,control,2026-03-12,1,1249
1778,treatment,2026-03-04,0,899
1779,treatment,2026-03-05,1,1757
1780,treatment,2026-03-12,1,1451
1781,treatment,2026-03-09,0,1999
1782,control,2026-03-05,1,1825
1783,control,2026-03-09,0,1476
1784,control,2026-03-02,1,1910
1785,treatment,2026-03-04,0,2338
1786,control,2026-03-03,0,976
1787,treatment,2026-03-05,0,889
1788,control,2026-03-12,0,2102
1789,treatment,2026-03-14,0,1208
1790,control,2026-03-15,0,1272
1791,treatment,2026-03-09,0,1115
1792,treatment,2026-03-07,0,845
1793,control,2026-03-09,0,1403
1794,treatment,2026-03-04,0,1201
1795,control,2026-03-06,0,671
1796,treatment,2026-03-02,1,1539
1797,control,2026-03-04,1,3468
1798,control,2026-03-02,0,1840
1799,control,2026-03-10,1,1213
1800,treatment,2026-03-03,1,1185
1801,treatment,2026-03-12,1,1438
1802,control,2026-03-10,0,1296
1803,treatment,2026-03-06,1,824
1804,treatment,2026-03-12,1,751
1805,treatment,2026-03-04,1,2044
1806,treatment,2026-03-14,1,1698
1807,control,2026-03-15,0,1049
1808,treatment,2026-03-02,0,697
1809,treatment,2026-03-10,0,2687
1810,control,2026-03-06,1,697
1811,control,2026-03-05,0,852
1812,control,2026-03-14,1,626
1813,treatment,2026-03-10,0,1233
1814,control,2026-03-09,1,1776
1815,control,2026-03-14,1,1111
1816,treatment,2026-03-02,0,2206
1817,treatment,2026-03-09,1,1180
1818,control,2026-03-09,0,1132
1819,control,2026-03-04,1,2078
1820,control,2026-03-03,1,1173
1821,treatment,2026-03-08,0,832
1822,treatment,2026-03-09,0,2576
1823,control,2026-03-13,0,944
1824,control,2026-03-03,0,1121
1825,control,2026-03-15,0,1000
1826,control,2026-03-05,1,1791
1827,treatment,2026-03-05,0,2891
1828,treatment,2026-03-02,1,1274
1829,control,2026-03-11,0,638
1830,control,2026-03-06,0,1068
1831,control,2026-03-11,1,684
1832,control,2026-03-03,0,2512
1833,control,2026-03-08,0,1568
1834,control,2026-03-02,0,1375
1835,treatment,2026-03-05,0,1985
1836,treatment,2026-03-11,0,1063
1837,control,2026-03-13,0,693
1838,control,2026-03-12,0,666
1839,treatment,2026-03-11,0,1004
1840,treatment,2026-03-03,0,1183
1841,treatment,2026-03-14,1,1344
1842,control,2026-03-12,0,1057
1843,control,2026-03-14,0,594
1844,treatment,2026-03-11,0,925
1845,control,2026-03-05,0,1355
1846,treatment,2026-03-04,0,1695
1847,control,2026-03-11,1,982
1848,control,2026-03-15,0,1376
1849,treatment,2026-03-03,1,1020
1850,control,2026-03-11,1,2810
1851,control,2026-03-14,0,1201
1852,treatment,2026-03-04,0,1105
1853,control,2026-03-07,0,1140
1854,treatment,2026-03-15,0,1808
1855,treatment,2026-03-13,0,688
1856,treatment,2026-03-12,1,1391
1857,control,2026-03-09,1,896
1858,treatment,2026-03-10,0,709
1859,control,2026-03-15,0,1480
1860,treatment,2026-03-09,0,1115
1861,control,2026-03-05,0,1469
1862,treatment,2026-03-14,0,2079
1863,control,2026-03-03,0,1973
1864,treatment,2026-03-06,1,915
1865,control,2026-03-09,0,1586
1866,control,2026-03-06,0,1364
1867,treatment,2026-03-06,1,1389
1868,control,2026-03-12,1,1569
1869,treatment,2026-03-09,1,1022
1870,control,2026-03-14,0,1056
1871,control,2026-03-08,0,2257
1872,control,2026-03-11,1,905
1873,treatment,2026-03-15,0,2198
1874,control,2026-03-12,0,1105
1875,control,2026-03-14,0,1485
1876,control,2026-03-15,0,827
1877,treatment,2026-03-13,0,870
1878,control,2026-03-14,0,2405
1879,control,2026-03-02,0,1088
1880,treatment,2026-03-06,1,2113
1881,control,2026-03-12,1,2095
1882,control,2026-03-04,1,774
1883,treatment,2026-03-10,1,2046
1884,treatment,2026-03-06,1,2251
1885,control,2026-03-11,1,1351
1886,treatment,2026-03-13,0,1023
1887,treatment,2026-03-06,1,1817
1888,treatment,2026-03-14,1,771
1889,treatment,2026-03-08,1,3283
1890,control,2026-03-07,0,1096
1891,control,2026-03-11,0,776
1892,control,2026-03-07,1,1236
1893,treatment,2026-03-04,1,3072
1894,treatment,2026-03-11,1,3157
1895,treatment,2026-03-06,0,1221
1896,control,2026-03-13,1,1722
1897,treatment,2026-03-15,1,1693
1898,treatment,2026-03-09,1,965
1899,control,2026-03-02,1,1459
1900,treatment,2026-03-11,0,1348
1901,control,2026-03-12,0,1608
1902,control,2026-03-11,1,897
1903,treatment,2026-03-10,0,2337
1904,control,2026-03-11,0,1881
1905,treatment,2026-03-02,0,1506
1906,control,2026-03-15,0,819
1907,control,2026-03-15,0,1307
1908,control,2026-03-07,0,698
1909,treatment,2026-03-12,0,1587
1910,control,2026-03-02,0,987
1911,control,2026-03-02,0,886
1912,treatment,2026-03-15,1,1274
1913,treatment,2026-03-08,0,2431
1914,control,2026-03-03,1,947
1915,control,2026-03-05,1,2052
1916,treatment,2026-03-04,1,1942
1917,treatment,2026-03-09,1,1680
1918,control,2026-03-02,0,1832
1919,control,2026-03-08,1,1603
1920,treatment,2026-03-12,0,1534
1921,control,2026-03-07,1,1231
1922,treatment,2026-03-06,0,1842
1923,control,2026-03-05,0,1020
1924,control,2026-03-05,1,775
1925,treatment,2026-03-11,0,943
1926,control,2026-03-03,0,1035
1927,treatment,2026-03-04,0,2261
1928,treatment,2026-03-14,1,1424
1929,treatment,2026-03-02,1,1618
1930,treatment,2026-03-13,0,1266
1931,treatment,2026-03-09,0,2161
1932,treatment,2026-03-06,0,1676
1933,treatment,2026-03-07,0,950
1934,control,2026-03-09,0,1240
1935,control,2026-03-03,0,1049
1936,control,2026-03-10,1,1358
1937,treatment,2026-03-06,0,649
1938,treatment,2026-03-07,0,1624
1939,control,2026-03-09,0,1370
1940,control,2026-03-13,0,1637
1941,treatment,2026-03-09,1,983
1942,control,2026-03-09,0,1028
1943,treatment,2026-03-05,0,979
1944,control,2026-03-08,0,1030
1945,control,2026-03-13,0,1625
1946,control,2026-03-02,0,1199
1947,treatment,2026-03-03,1,1331
1948,control,2026-03-06,1,2376
1949,control,2026-03-02,0,905
1950,control,2026-03-07,0,671
1951,treatment,2026-03-06,1,709
1952,treatment,2026-03-06,0,876
1953,control,2026-03-12,1,1490
1954,control,2026-03-08,1,1393
1955,treatment,2026-03-14,0,1328
1956,treatment,2026-03-03,1,2547
1957,treatment,2026-03-13,0,1343
1958,control,2026-03-14,1,1452
1959,treatment,2026-03-05,0,1371
1960,control,2026-03-02,0,926
1961,control,2026-03-11,0,1903
1962,treatment,2026-03-09,0,1282
1963,control,2026-03-02,0,708
1964,treatment,2026-03-05,1,1285
1965,control,2026-03-08,1,1128
1966,control,2026-03-04,0,1279
1967,treatment,2026-03-08,0,825
1968,control,2026-03-13,0,1852
1969,control,2026-03-02,1,1464
1970,treatment,2026-03-15,0,1489
1971,control,2026-03-15,0,966
1972,treatment,2026-03-15,1,1248
1973,treatment,2026-03-04,0,1093
1974,control,2026-03-04,0,690
1975,treatment,2026-03-08,1,1499
1976,treatment,2026-03-02,1,929
1977,control,2026-03-15,0,1250
1978,control,2026-03-05,1,1970
1979,treatment,2026-03-10,1,1216
1980,control,2026-03-11,0,1338
1981,treatment,2026-03-10,0,1413
1982,control,2026-03-12,0,1351
1983,treatment,2026-03-02,1,1753
1984,treatment,2026-03-15,0,1806
1985,treatment,2026-03-14,0,1604
1986,control,2026-03-08,0,1437
1987,treatment,2026-03-11,0,1643
1988,control,2026-03-08,1,978
1989,control,2026-03-09,1,1018
1990,treatment,2026-03-15,1,1202
1991,treatment,2026-03-06,0,2457
1992,treatment,2026-03-09,1,1603
1993,control,2026-03-15,0,1410
1994,treatment,2026-03-04,0,791
1995,control,2026-03-11,1,1353
1996,treatment,2026-03-14,0,2710
1997,control,2026-03-06,1,1152
1998,treatment,2026-03-15,0,1895
1999,treatment,2026-03-06,1,1305
2000,control,2026-03-06,0,988
2001,treatment,2026-03-06,0,1312
2002,control,2026-03-10,0,1474
2003,control,2026-03-02,0,1341
2004,treatment,2026-03-12,0,1766
2005,treatment,2026-03-07,0,1557
2006,control,2026-03-12,0,870
2007,control,2026-03-13,0,2007
2008,control,2026-03-02,1,406
2009,treatment,2026-03-15,1,930
2010,treatment,2026-03-11,0,1560
2011,treatment,2026-03-04,1,2316
2012,treatment,2026-03-07,0,1047
2013,treatment,2026-03-13,0,2602
2014,treatment,2026-03-11,1,1593
2015,treatment,2026-03-05,1,1111
2016,treatment,2026-03-06,1,1694
2017,control,2026-03-10,0,1265
2018,treatment,2026-03-15,0,970
2019,treatment,2026-03-07,0,2092
2020,treatment,2026-03-04,1,1064
2021,treatment,2026-03-08,0,998
2022,control,2026-03-04,0,1664
2023,control,2026-03-12,0,1229
2024,control,2026-03-13,0,1344
2025,treatment,2026-03-12,1,1049
2026,control,2026-03-06,0,1409
2027,control,2026-03-14,0,897
2028,treatment,2026-03-14,1,2392
2029,treatment,2026-03-02,0,705
2030,treatment,2026-03-13,1,984
2031,control,2026-03-07,0,961
2032,control,2026-03-11,0,608
2033,control,2026-03-13,0,1921
2034,treatment,2026-03-11,0,839
2035,control,2026-03-08,1,1614
2036,control,2026-03-14,0,1924
2037,control,2026-03-07,0,803
2038,treatment,2026-03-09,0,2031
2039,control,2026-03-06,1,1638
2040,treatment,2026-03-04,0,1403
2041,control,2026-03-03,0,1832
2042,control,2026-03-10,1,1972
2043,treatment,2026-03-06,0,1178
2044,treatment,2026-03-04,0,1408
2045,treatment,2026-03-05,0,871
2046,control,2026-03-06,1,1183
2047,treatment,2026-03-08,0,1118
2048,control,2026-03-15,1,1347
2049,control,2026-03-08,0,1559
2050,control,2026-03-13,1,1117
2051,control,2026-03-03,0,1453
2052,treatment,2026-03-04,1,1759
2053,control,2026-03-10,0,855
2054,treatment,2026-03-04,1,1362
2055,treatment,2026-03-13,1,1777
2056,treatment,2026-03-15,1,1209
2057,treatment,2026-03-15,0,1428
2058,treatment,2026-03-06,0,2191
2059,control,2026-03-12,1,1373
2060,control,2026-03-02,0,1185
2061,treatment,2026-03-14,1,2814
2062,control,2026-03-06,1,1810
2063,control,2026-03-02,0,941
2064,treatment,2026-03-11,1,2119
2065,treatment,2026-03-08,0,1137
2066,control,2026-03-05,1,846
2067,treatment,2026-03-10,0,2114
2068,treatment,2026-03-04,0,2535
2069,control,2026-03-07,0,1147
2070,control,2026-03-02,1,1344
2071,treatment,2026-03-04,0,1431
2072,control,2026-03-03,0,791
2073,treatment,2026-03-12,0,1322
2074,treatment,2026-03-07,0,1350
2075,control,2026-03-13,0,1380
2076,control,2026-03-02,0,1660
2077,treatment,2026-03-03,1,964
2078,control,2026-03-14,0,1494
2079,treatment,2026-03-15,1,1333
2080,control,2026-03-04,0,1469
2081,control,2026-03-02,0,1322
2082,control,2026-03-04,1,1338
2083,treatment,2026-03-11,1,1812
2084,control,2026-03-12,1,1844
2085,treatment,2026-03-14,0,906
2086,control,2026-03-04,0,1100
2087,control,2026-03-03,0,1236
2088,treatment,2026-03-09,1,1030
2089,control,2026-03-14,1,1506
2090,control,2026-03-12,0,1152
2091,control,2026-03-03,0,633
2092,treatment,2026-03-11,1,1284
2093,treatment,2026-03-04,1,776
2094,treatment,2026-03-08,1,1426
2095,treatment,2026-03-10,1,948
2096,treatment,2026-03-09,1,1236
2097,treatment,2026-03-15,1,1492
2098,control,2026-03-07,0,1563
2099,control,2026-03-12,1,789
2100,control,2026-03-11,0,1256
2101,treatment,2026-03-13,1,2447
2102,control,2026-03-03,0,530
2103,control,2026-03-14,0,1171
2104,control,2026-03-13,0,2141
2105,treatment,2026-03-06,0,814
2106,treatment,2026-03-02,0,1831
2107,control,2026-03-05,0,950
2108,control,2026-03-11,0,2188
2109,treatment,2026-03-13,0,899
2110,treatment,2026-03-05,0,1746
2111,control,2026-03-12,1,1151
2112,treatment,2026-03-05,0,1331
2113,control,2026-03-08,0,1137
2114,treatment,2026-03-13,0,1591
2115,treatment,2026-03-15,0,1483
2116,control,2026-03-06,1,1580
2117,control,2026-03-13,0,1179
2118,control,2026-03-07,0,614
2119,control,2026-03-08,1,1080
2120,treatment,2026-03-12,0,1784
2121,control,2026-03-15,1,948
2122,control,2026-03-12,1,2412
2123,treatment,2026-03-11,0,1673
2124,treatment,2026-03-07,1,1978
2125,control,2026-03-13,1,1253
2126,treatment,2026-03-06,0,1301
2127,treatment,2026-03-07,1,1412
2128,control,2026-03-03,0,1137
2129,treatment,2026-03-03,1,1111
2130,control,2026-03-07,0,1987
2131,treatment,2026-03-06,0,1549
2132,treatment,2026-03-02,1,919
2133,control,2026-03-13,1,1348
2134,control,2026-03-07,0,1311
2135,control,2026-03-05,0,943
2136,control,2026-03-03,0,753
2137,control,2026-03-03,0,646
2138,treatment,2026-03-14,1,1715
2139,treatment,2026-03-04,0,1059
2140,treatment,2026-03-14,0,1053
2141,treatment,2026-03-03,1,694
2142,control,2026-03-11,0,1306
2143,treatment,2026-03-12,1,2040
2144,treatment,2026-03-12,0,1090
2145,control,2026-03-04,0,628
2146,control,2026-03-02,1,1080
2147,control,2026-03-12,0,1206
2148,control,2026-03-08,0,1554
2149,treatment,2026-03-04,0,1346
2150,control,2026-03-08,0,652
2151,control,2026-03-04,0,2474
2152,control,2026-03-10,0,977
2153,control,2026-03-11,1,956
2154,treatment,2026-03-09,1,1600
2155,control,2026-03-13,0,1276
2156,control,2026-03-15,1,1583
2157,treatment,2026-03-02,0,1671
2158,control,2026-03-04,1,1904
2159,treatment,2026-03-09,1,1274
2160,treatment,2026-03-09,0,1301
2161,control,2026-03-09,0,2002
2162,control,2026-03-09,1,848
2163,control,2026-03-09,0,1551
2164,treatment,2026-03-08,0,1554
2165,control,2026-03-07,1,1423
2166,treatment,2026-03-03,0,1642
2167,control,2026-03-13,0,1219
2168,treatment,2026-03-07,1,1384
2169,control,2026-03-11,1,1118
2170,treatment,2026-03-06,0,1412
2171,control,2026-03-02,0,1421
2172,treatment,2026-03-02,0,551
2173,treatment,2026-03-07,0,1207
2174,control,2026-03-06,0,816
2175,control,2026-03-04,0,1398
2176,treatment,2026-03-02,0,1526
2177,treatment,2026-03-05,0,1366
2178,control,2026-03-07,0,1268
2179,control,2026-03-14,0,701
2180,control,2026-03-15,0,1993
2181,control,2026-03-10,0,1521
2182,control,2026-03-15,1,945
2183,treatment,2026-03-08,0,1024
2184,control,2026-03-09,0,2060
2185,treatment,2026-03-15,0,2164
2186,treatment,2026-03-14,0,1676
2187,treatment,2026-03-06,0,1252
2188,control,2026-03-03,0,2021
2189,treatment,2026-03-13,0,2188
2190,control,2026-03-02,1,1254
2191,treatment,2026-03-04,1,988
2192,control,2026-03-14,0,829
2193,control,2026-03-12,0,443
2194,treatment,2026-03-15,0,1023
2195,control,2026-03-12,1,1052
2196,treatment,2026-03-02,0,2383
2197,treatment,2026-03-04,0,1843
2198,control,2026-03-05,0,1739
2199,treatment,2026-03-06,1,939
2200,control,2026-03-02,0,810
2201,treatment,2026-03-10,0,2017
2202,control,2026-03-14,0,1496
2203,control,2026-03-09,0,1039
2204,control,2026-03-13,0,1565
2205,control,2026-03-15,0,1012
2206,treatment,2026-03-03,0,2501
2207,control,2026-03-02,0,1045
2208,control,2026-03-07,1,1274
2209,treatment,2026-03-12,1,1102
2210,treatment,2026-03-03,0,1595
2211,treatment,2026-03-08,1,1224
2212,control,2026-03-07,1,1163
2213,treatment,2026-03-04,0,1842
2214,treatment,2026-03-03,0,545
2215,treatment,2026-03-05,0,1899
2216,treatment,2026-03-14,0,2164
2217,treatment,2026-03-14,1,1611
2218,treatment,2026-03-07,0,1208
2219,control,2026-03-13,1,809
2220,control,2026-03-11,1,1267
2221,control,2026-03-13,1,1069
2222,treatment,2026-03-15,1,1633
2223,treatment,2026-03-08,0,1202
2224,treatment,2026-03-15,1,2716
2225,control,2026-03-08,0,1676
2226,control,2026-03-04,0,1236
2227,treatment,2026-03-12,0,1863
2228,treatment,2026-03-03,1,1574
2229,control,2026-03-02,0,1481
2230,treatment,2026-03-09,0,1487
2231,control,2026-03-12,1,1594
2232,control,2026-03-04,0,1303
2233,control,2026-03-09,0,1208
2234,treatment,2026-03-05,0,1409
2235,control,2026-03-05,0,856
2236,control,2026-03-09,0,1155
2237,treatment,2026-03-05,0,1642
2238,treatment,2026-03-12,0,2652
2239,treatment,2026-03-15,0,1832
2240,control,2026-03-02,0,1840
2241,control,2026-03-12,0,898
2242,control,2026-03-11,1,1159
2243,control,2026-03-02,1,1361
2244,treatment,2026-03-06,1,1245
2245,control,2026-03-05,0,1272
2246,treatment,2026-03-08,0,1530
2247,control,2026-03-04,1,1033
2248,treatment,2026-03-02,0,825
2249,treatment,2026-03-13,0,971
2250,control,2026-03-03,0,1237
2251,control,2026-03-09,0,1033
2252,control,2026-03-08,0,1660
2253,treatment,2026-03-03,0,1188
2254,control,2026-03-11,1,983
2255,control,2026-03-07,0,1539
2256,treatment,2026-03-15,1,1388
2257,treatment,2026-03-06,1,1349
2258,control,2026-03-09,0,811
2259,control,2026-03-02,0,855
2260,treatment,2026-03-02,0,1059
2261,treatment,2026-03-05,0,1390
2262,treatment,2026-03-12,0,1537
2263,treatment,2026-03-06,0,2851
2264,treatment,2026-03-07,0,1304
2265,control,2026-03-14,0,614
2266,treatment,2026-03-09,0,984
2267,treatment,2026-03-15,1,1814
2268,treatment,2026-03-08,1,1464
2269,control,2026-03-04,1,1525
2270,treatment,2026-03-15,1,1169
2271,treatment,2026-03-12,1,1410
2272,control,2026-03-07,0,2145
2273,control,2026-03-09,0,1227
2274,control,2026-03-07,0,1296
2275,treatment,2026-03-08,0,1206
2276,treatment,2026-03-14,0,816
2277,control,2026-03-04,0,1713
2278,treatment,2026-03-12,1,1527
2279,control,2026-03-06,0,2027
2280,treatment,2026-03-11,0,915
2281,control,2026-03-11,0,895
2282,control,2026-03-15,0,1356
2283,treatment,2026-03-08,0,1147
2284,control,2026-03-13,0,1032
2285,control,2026-03-14,0,931
2286,treatment,2026-03-03,1,1284
2287,treatment,2026-03-09,1,1071
2288,treatment,2026-03-09,1,922
2289,control,2026-03-02,0,1505
2290,control,2026-03-07,1,1599
2291,treatment,2026-03-02,1,1980
2292,treatment,2026-03-03,0,711
2293,treatment,2026-03-10,0,1038
2294,control,2026-03-08,1,1283
2295,treatment,2026-03-12,0,2209
2296,treatment,2026-03-02,0,776
2297,control,2026-03-10,0,699
2298,control,2026-03-11,1,1069
2299,control,2026-03-05,0,1067
2300,treatment,2026-03-04,1,1740
2301,treatment,2026-03-15,1,2043
2302,treatment,2026-03-03,0,1175
2303,treatment,2026-03-12,0,932
2304,treatment,2026-03-07,0,1140
2305,control,2026-03-10,0,927
2306,treatment,2026-03-13,0,832
2307,treatment,2026-03-03,0,967
2308,control,2026-03-10,0,832
2309,treatment,2026-03-15,0,1174
2310,treatment,2026-03-10,0,1191
2311,treatment,2026-03-05,0,1333
2312,control,2026-03-02,1,882
2313,treatment,2026-03-15,0,1261
2314,control,2026-03-03,1,1347
2315,control,2026-03-02,0,618
2316,treatment,2026-03-15,1,772
2317,control,2026-03-13,0,1737
2318,treatment,2026-03-10,0,1853
2319,treatment,2026-03-06,0,885
2320,control,2026-03-15,0,922
2321,control,2026-03-11,0,1311
2322,treatment,2026-03-05,1,498
2323,control,2026-03-15,0,1172
2324,treatment,2026-03-11,0,990
2325,treatment,2026-03-11,0,941
2326,treatment,2026-03-11,0,1345
2327,treatment,2026-03-05,1,1324
2328,treatment,2026-03-13,0,1152
2329,control,2026-03-09,0,915
2330,treatment,2026-03-08,1,2105
2331,treatment,2026-03-03,1,1532
2332,control,2026-03-06,1,2440
2333,treatment,2026-03-02,1,887
2334,treatment,2026-03-04,0,2964
2335,control,2026-03-02,0,1687
2336,control,2026-03-11,1,1375
2337,control,2026-03-05,0,1697
2338,control,2026-03-15,0,1547
2339,treatment,2026-03-09,1,1680
2340,treatment,2026-03-08,0,1559
2341,control,2026-03-13,1,1212
2342,treatment,2026-03-06,0,1250
2343,control,2026-03-12,0,1434
2344,control,2026-03-05,1,1303
2345,control,2026-03-05,0,1004
2346,control,2026-03-15,0,2485
2347,control,2026-03-02,0,1282
2348,treatment,2026-03-03,0,656
2349,treatment,2026-03-08,1,1508
2350,treatment,2026-03-10,0,1984
2351,treatment,2026-03-06,0,1713
2352,control,2026-03-02,0,942
2353,treatment,2026-03-11,0,1746
2354,treatment,2026-03-09,0,1021
2355,control,2026-03-04,0,1700
2356,control,2026-03-12,1,1057
2357,control,2026-03-13,0,1944
2358,treatment,2026-03-12,0,1634
2359,treatment,2026-03-15,0,1362
2360,treatment,2026-03-13,0,1265
2361,control,2026-03-08,0,981
2362,treatment,2026-03-05,1,1499
2363,control,2026-03-03,0,1153
2364,control,2026-03-11,0,1020
2365,treatment,2026-03-11,0,1055
2366,control,2026-03-08,1,1475
2367,control,2026-03-06,1,1773
2368,control,2026-03-15,1,1069
2369,treatment,2026-03-11,1,1483
2370,treatment,2026-03-12,1,1128
2371,treatment,2026-03-08,0,1612
2372,treatment,2026-03-08,1,1091
2373,control,2026-03-10,0,658
2374,treatment,2026-03-13,0,1457
2375,control,2026-03-11,1,1847
2376,treatment,2026-03-10,0,651
2377,control,2026-03-08,0,1472
2378,treatment,2026-03-12,0,958
2379,control,2026-03-06,1,1013
2380,treatment,2026-03-09,0,1135
2381,treatment,2026-03-12,0,1279
2382,control,2026-03-14,0,1429
2383,treatment,2026-03-02,0,2092
2384,treatment,2026-03-08,0,1224
2385,treatment,2026-03-11,1,991
2386,treatment,2026-03-05,0,1864
2387,control,2026-03-13,0,944
2388,control,2026-03-09,1,1584
2389,control,2026-03-13,0,989
2390,treatment,2026-03-06,0,1262
2391,treatment,2026-03-11,1,1381
2392,treatment,2026-03-11,0,888
2393,control,2026-03-07,0,1928
2394,control,2026-03-03,0,1122
2395,control,2026-03-15,1,942
2396,treatment,2026-03-10,0,1030
2397,treatment,2026-03-10,1,1205
2398,control,2026-03-07,0,2322
2399,treatment,2026-03-12,1,1929
2400,control,2026-03-11,0,1509
2401,treatment,2026-03-10,0,1249
2402,treatment,2026-03-05,0,2756
2403,control,2026-03-14,1,1157
2404,treatment,2026-03-12,0,1791
2405,control,2026-03-04,0,1434
2406,control,2026-03-13,0,1338
2407,treatment,2026-03-15,1,535
2408,treatment,2026-03-08,0,3848
2409,control,2026-03-08,0,732
2410,control,2026-03-04,1,1434
2411,control,2026-03-08,0,781
2412,treatment,2026-03-03,0,1348
2413,control,2026-03-14,1,764
2414,treatment,2026-03-09,0,1076
2415,control,2026-03-07,1,1198
2416,treatment,2026-03-02,0,1266
2417,control,2026-03-13,0,868
2418,treatment,2026-03-02,0,1887
2419,treatment,2026-03-06,0,1775
2420,treatment,2026-03-06,1,2732
2421,treatment,2026-03-15,0,1057
2422,control,2026-03-05,0,1453
2423,control,2026-03-06,1,800
2424,treatment,2026-03-05,0,1174
2425,treatment,2026-03-13,1,1114
2426,treatment,2026-03-13,0,1595
2427,control,2026-03-02,1,1987
2428,treatment,2026-03-09,1,864
2429,treatment,2026-03-13,0,1643
2430,control,2026-03-03,0,763
2431,control,2026-03-08,0,1599
2432,treatment,2026-03-07,1,1113
2433,control,2026-03-05,1,1443
2434,control,2026-03-12,1,1336
2435,treatment,2026-03-03,0,1295
2436,control,2026-03-10,1,1039
2437,control,2026-03-03,0,1509
2438,treatment,2026-03-13,0,2274
2439,control,2026-03-04,1,1213
2440,treatment,2026-03-08,0,1922
2441,control,2026-03-08,0,1429
2442,treatment,2026-03-03,0,977
2443,treatment,2026-03-02,0,1275
2444,treatment,2026-03-06,0,1825
2445,control,2026-03-05,0,807
2446,treatment,2026-03-08,0,1624
2447,control,2026-03-04,1,471
2448,treatment,2026-03-15,0,1379
2449,control,2026-03-07,1,1652
2450,control,2026-03-05,0,621
2451,control,2026-03-08,1,808
2452,treatment,2026-03-05,1,869
2453,treatment,2026-03-06,0,1064
2454,treatment,2026-03-14,1,1769
2455,treatment,2026-03-03,0,1585
2456,treatment,2026-03-06,0,1062
2457,control,2026-03-09,0,1719
2458,control,2026-03-03,0,735
2459,control,2026-03-03,1,996
2460,control,2026-03-13,0,943
2461,treatment,2026-03-08,0,1532
2462,control,2026-03-08,0,728
2463,treatment,2026-03-09,1,1322
2464,treatment,2026-03-07,0,2254
2465,treatment,2026-03-13,1,741
2466,treatment,2026-03-04,0,1535
2467,control,2026-03-12,1,993
2468,treatment,2026-03-15,0,2014
2469,control,2026-03-02,1,1368
2470,control,2026-03-08,0,1043
2471,control,2026-03-13,1,1789
2472,control,2026-03-09,1,685
2473,treatment,2026-03-07,1,621
2474,treatment,2026-03-09,1,1897
2475,control,2026-03-06,0,946
2476,treatment,2026-03-02,1,1867
2477,treatment,2026-03-08,1,1701
2478,control,2026-03-11,0,1361
2479,control,2026-03-08,0,1128
2480,control,2026-03-12,1,856
2481,treatment,2026-03-10,1,774
2482,treatment,2026-03-04,0,1143
2483,control,2026-03-14,0,1623
2484,treatment,2026-03-06,1,2041
2485,treatment,2026-03-13,1,1435
2486,treatment,2026-03-09,0,2949
2487,treatment,2026-03-02,1,1044
2488,control,2026-03-05,0,1142
2489,control,2026-03-04,0,943
2490,treatment,2026-03-12,0,1577
2491,control,2026-03-04,0,1258
2492,control,2026-03-04,0,998
2493,treatment,2026-03-07,0,1317
2494,treatment,2026-03-11,1,2537
2495,control,2026-03-07,0,1402
2496,control,2026-03-04,0,1243
2497,control,2026-03-15,0,1239
2498,treatment,2026-03-08,0,1294
2499,control,2026-03-12,0,1083
2500,treatment,2026-03-07,0,1338
2501,control,2026-03-14,1,2860
2502,treatment,2026-03-13,0,1775
2503,control,2026-03-15,0,709
2504,treatment,2026-03-07,0,1217
2505,treatment,2026-03-03,0,987
2506,control,2026-03-07,1,989
2507,control,2026-03-07,0,878
2508,control,2026-03-06,0,1217
2509,treatment,2026-03-07,0,2706
2510,control,2026-03-12,1,1009
2511,control,2026-03-07,1,1638
2512,treatment,2026-03-12,0,947
2513,control,2026-03-12,1,1570
2514,control,2026-03-14,1,1478
2515,control,2026-03-12,0,1275
2516,treatment,2026-03-02,0,1266
2517,control,2026-03-07,1,1438
2518,control,2026-03-04,0,965
2519,treatment,2026-03-07,0,1180
2520,treatment,2026-03-12,0,1161
2521,treatment,2026-03-04,0,1502
2522,control,2026-03-15,0,1778
2523,control,2026-03-11,0,907
2524,treatment,2026-03-12,1,2486
2525,control,2026-03-06,0,911
2526,control,2026-03-15,1,2197
2527,treatment,2026-03-09,0,1866
2528,treatment,2026-03-05,0,1553
2529,control,2026-03-13,0,1106
2530,treatment,2026-03-05,0,1555
2531,treatment,2026-03-08,1,1191
2532,treatment,2026-03-14,1,671
2533,treatment,2026-03-03,0,1915
2534,control,2026-03-10,1,1076
2535,control,2026-03-07,0,1427
2536,treatment,2026-03-15,1,1330
2537,control,2026-03-12,0,1245
2538,control,2026-03-12,0,826
2539,treatment,2026-03-08,1,957
2540,treatment,2026-03-11,0,1259
2541,control,2026-03-11,0,982
2542,control,2026-03-14,0,1213
2543,control,2026-03-07,0,1691
2544,treatment,2026-03-05,1,851
2545,control,2026-03-13,1,884
2546,control,2026-03-14,0,1163
2547,control,2026-03-09,0,993
2548,treatment,2026-03-09,1,1160
2549,control,2026-03-05,1,803
2550,control,2026-03-13,0,1610
2551,treatment,2026-03-09,0,835
2552,control,2026-03-05,0,632
2553,control,2026-03-09,0,756
2554,control,2026-03-11,0,1750
2555,treatment,2026-03-02,0,1282
2556,control,2026-03-09,0,1406
2557,control,2026-03-11,1,1196
2558,treatment,2026-03-13,0,1190
2559,treatment,2026-03-07,0,2358
2560,treatment,2026-03-09,1,2577
2561,control,2026-03-02,0,719
2562,control,2026-03-03,0,1405
2563,treatment,2026-03-15,1,2229
2564,control,2026-03-12,0,1333
2565,treatment,2026-03-04,0,1530
2566,treatment,2026-03-14,0,2765
2567,control,2026-03-11,1,1244
2568,control,2026-03-07,0,779
2569,control,2026-03-10,0,1249
2570,treatment,2026-03-07,0,1090
2571,treatment,2026-03-14,0,1079
2572,control,2026-03-04,0,1212
2573,treatment,2026-03-04,0,1949
2574,treatment,2026-03-02,0,787
2575,treatment,2026-03-08,1,1277
2576,control,2026-03-02,1,926
2577,treatment,2026-03-10,0,2175
2578,control,2026-03-11,0,865
2579,treatment,2026-03-11,0,718
2580,control,2026-03-08,1,1252
2581,treatment,2026-03-09,1,3151
2582,control,2026-03-03,0,1609
2583,treatment,2026-03-09,0,2149
2584,treatment,2026-03-04,0,1326
2585,treatment,2026-03-03,0,1608
2586,control,2026-03-04,1,1809
2587,control,2026-03-07,0,1141
2588,treatment,2026-03-15,1,1828
2589,control,2026-03-09,0,593
2590,treatment,2026-03-12,1,1980
2591,treatment,2026-03-02,1,1313
2592,treatment,2026-03-11,0,927
2593,control,2026-03-09,0,2012
2594,treatment,2026-03-15,0,1367
2595,treatment,2026-03-04,0,1383
2596,treatment,2026-03-04,1,1389
2597,control,2026-03-08,1,814
2598,treatment,2026-03-06,0,2967
2599,treatment,2026-03-05,0,1183
2600,control,2026-03-04,0,933
2601,control,2026-03-10,0,1298
2602,control,2026-03-05,1,1243
2603,control,2026-03-13,0,978
2604,control,2026-03-07,0,1332
2605,treatment,2026-03-10,0,2324
2606,treatment,2026-03-04,0,722
2607,treatment,2026-03-12,0,1740
2608,control,2026-03-02,1,1215
2609,control,2026-03-11,0,1055
2610,control,2026-03-12,0,1432
2611,control,2026-03-10,0,914
2612,control,2026-03-14,1,679
2613,treatment,2026-03-11,0,1074
2614,control,2026-03-15,0,906
2615,treatment,2026-03-14,1,1762
2616,treatment,2026-03-14,0,1622
2617,treatment,2026-03-02,0,3660
2618,control,2026-03-05,0,583
2619,control,2026-03-02,1,1665
2620,control,2026-03-13,0,600
2621,control,2026-03-11,1,803
2622,treatment,2026-03-04,1,2487
2623,treatment,2026-03-08,0,992
2624,control,2026-03-15,0,1182
2625,control,2026-03-03,0,663
2626,treatment,2026-03-11,0,1580
2627,treatment,2026-03-08,0,798
2628,treatment,2026-03-05,1,2106
2629,treatment,2026-03-14,0,882
2630,treatment,2026-03-13,0,1510
2631,treatment,2026-03-08,1,816
2632,control,2026-03-14,0,2704
2633,control,2026-03-08,0,1969
2634,treatment,2026-03-08,0,1137
2635,control,2026-03-06,1,956
2636,control,2026-03-08,0,1690
2637,control,2026-03-08,0,857
2638,treatment,2026-03-11,1,781
2639,control,2026-03-11,0,918
2640,control,2026-03-03,1,1039
2641,control,2026-03-07,0,2293
2642,treatment,2026-03-11,1,1725
2643,treatment,2026-03-06,1,478
2644,control,2026-03-04,1,2943
2645,control,2026-03-05,0,1454
2646,treatment,2026-03-08,1,2274
2647,control,2026-03-06,1,2189
2648,control,2026-03-05,0,731
2649,control,2026-03-12,0,1279
2650,control,2026-03-14,0,1303
2651,control,2026-03-13,0,860
2652,control,2026-03-06,0,1911
2653,treatment,2026-03-13,0,1105
2654,control,2026-03-14,0,1909
2655,treatment,2026-03-13,1,1485
2656,control,2026-03-03,1,1437
2657,control,2026-03-02,0,1431
2658,control,2026-03-07,0,1919
2659,treatment,2026-03-12,0,1082
2660,treatment,2026-03-06,0,1077
2661,treatment,2026-03-12,0,1598
2662,control,2026-03-14,1,1823
2663,treatment,2026-03-09,0,936
2664,treatment,2026-03-14,0,1046
2665,control,2026-03-14,0,503
2666,treatment,2026-03-14,0,1257
2667,control,2026-03-04,0,1326
2668,control,2026-03-09,1,1253
2669,control,2026-03-03,0,880
2670,treatment,2026-03-13,0,1108
2671,treatment,2026-03-02,1,1549
2672,control,2026-03-12,1,814
2673,treatment,2026-03-07,1,1393
2674,control,2026-03-02,0,1333
2675,control,2026-03-08,0,1308
2676,treatment,2026-03-04,0,1005
2677,treatment,2026-03-05,1,899
2678,control,2026-03-15,0,577
2679,control,2026-03-04,0,1017
2680,control,2026-03-14,0,1124
2681,control,2026-03-03,0,1503
2682,control,2026-03-10,0,1153
2683,treatment,2026-03-06,1,2107
2684,control,2026-03-14,0,901
2685,treatment,2026-03-15,0,1159
2686,control,2026-03-11,0,1170
2687,control,2026-03-14,1,669
2688,control,2026-03-05,1,804
2689,treatment,2026-03-07,0,1171
2690,control,2026-03-09,0,1360
2691,treatment,2026-03-05,1,1033
2692,control,2026-03-06,0,2093
2693,control,2026-03-03,0,2433
2694,treatment,2026-03-14,0,1067
2695,control,2026-03-13,0,1331
2696,treatment,2026-03-14,0,2302
2697,control,2026-03-11,1,1483
2698,treatment,2026-03-12,0,646
2699,control,2026-03-07,0,1326
2700,control,2026-03-03,1,800
2701,control,2026-03-08,0,1415
2702,treatment,2026-03-05,0,1171
2703,treatment,2026-03-02,1,1240
2704,treatment,2026-03-09,1,1398
2705,treatment,2026-03-13,0,1592
2706,control,2026-03-11,1,1351
2707,treatment,2026-03-09,0,1510
2708,control,2026-03-06,1,838
2709,treatment,2026-03-07,1,933
2710,control,2026-03-09,1,1161
2711,control,2026-03-14,0,1383
2712,control,2026-03-13,1,1369
2713,treatment,2026-03-13,1,2469
2714,control,2026-03-03,0,1341
2715,control,2026-03-14,0,1492
2716,treatment,2026-03-09,1,794
2717,treatment,2026-03-11,0,2185
2718,control,2026-03-05,0,1246
2719,treatment,2026-03-02,0,779
2720,treatment,2026-03-07,1,2198
2721,treatment,2026-03-15,0,1486
2722,treatment,2026-03-12,0,1176
2723,control,2026-03-04,0,1306
2724,treatment,2026-03-14,0,1276
2725,treatment,2026-03-06,0,1583
2726,control,2026-03-15,0,1417
2727,control,2026-03-11,0,970
2728,control,2026-03-08,0,936
2729,treatment,2026-03-02,0,1879
2730,control,2026-03-12,0,814
2731,treatment,2026-03-04,1,590
2732,treatment,2026-03-07,1,1201
2733,control,2026-03-05,0,907
2734,treatment,2026-03-08,1,924
2735,treatment,2026-03-05,0,927
2736,treatment,2026-03-02,0,1277
2737,control,2026-03-06,0,1547
2738,control,2026-03-05,1,730
2739,treatment,2026-03-05,0,2740
2740,control,2026-03-11,0,1014
2741,control,2026-03-05,0,1055
2742,treatment,2026-03-07,0,2657
2743,treatment,2026-03-14,1,1149
2744,control,2026-03-09,1,847
2745,treatment,2026-03-02,1,1921
2746,treatment,2026-03-11,0,2250
2747,treatment,2026-03-02,0,1503
2748,control,2026-03-14,1,1564
2749,treatment,2026-03-04,1,1766
2750,control,2026-03-13,0,751
2751,treatment,2026-03-02,0,2186
2752,control,2026-03-05,0,1106
2753,treatment,2026-03-02,1,1072
2754,control,2026-03-10,0,860
2755,control,2026-03-07,0,1021
2756,control,2026-03-03,1,1320
2757,treatment,2026-03-07,0,1152
2758,control,2026-03-06,1,1275
2759,control,2026-03-13,1,2201
2760,treatment,2026-03-10,1,2312
2761,treatment,2026-03-06,0,940
2762,control,2026-03-13,0,1124
2763,control,2026-03-08,0,2454
2764,treatment,2026-03-05,1,1833
2765,control,2026-03-06,1,786
2766,treatment,2026-03-04,0,555
2767,treatment,2026-03-02,1,745
2768,treatment,2026-03-13,0,1004
2769,control,2026-03-13,0,1633
2770,control,2026-03-11,1,787
2771,treatment,2026-03-12,0,1759
2772,treatment,2026-03-09,1,1053
2773,treatment,2026-03-02,1,1180
2774,treatment,2026-03-11,0,1567
2775,control,2026-03-11,0,1068
2776,control,2026-03-15,1,499
2777,treatment,2026-03-09,1,897
2778,treatment,2026-03-09,1,1607
2779,treatment,2026-03-05,1,1014
2780,control,2026-03-06,1,986
2781,control,2026-03-05,0,734
2782,control,2026-03-10,1,954
2783,control,2026-03-04,0,1369
2784,control,2026-03-03,0,1614
2785,treatment,2026-03-04,0,1325
2786,control,2026-03-03,0,970
2787,treatment,2026-03-02,0,1148
2788,treatment,2026-03-10,0,2362
2789,control,2026-03-06,0,1236
2790,control,2026-03-07,0,699
2791,treatment,2026-03-05,0,779
2792,treatment,2026-03-02,0,722
2793,treatment,2026-03-09,0,2557
2794,control,2026-03-10,0,1200
2795,treatment,2026-03-03,0,485
2796,control,2026-03-09,1,860
2797,treatment,2026-03-15,0,1745
2798,control,2026-03-09,0,1246
2799,control,2026-03-02,0,1461
2800,treatment,2026-03-02,1,1081
2801,treatment,2026-03-11,0,1936
2802,control,2026-03-12,1,1304
2803,control,2026-03-14,0,882
2804,treatment,2026-03-10,0,1626
2805,treatment,2026-03-13,0,758
2806,control,2026-03-06,0,1182
2807,treatment,2026-03-09,0,699
2808,treatment,2026-03-12,0,1909
2809,control,2026-03-03,0,1477
2810,treatment,2026-03-10,0,639
2811,treatment,2026-03-08,1,1495
2812,control,2026-03-08,1,1037
2813,control,2026-03-07,1,1607
2814,control,2026-03-08,0,726
2815,control,2026-03-13,0,1703
2816,control,2026-03-04,0,1080
2817,treatment,2026-03-06,0,2736
2818,treatment,2026-03-12,0,988
2819,control,2026-03-05,0,1480
2820,control,2026-03-06,1,1025
2821,control,2026-03-12,0,1391
2822,treatment,2026-03-11,0,1255
2823,treatment,2026-03-05,0,1558
2824,control,2026-03-15,1,1400
2825,treatment,2026-03-08,0,2222
2826,control,2026-03-02,0,1925
2827,treatment,2026-03-05,0,1658
2828,treatment,2026-03-11,1,2519
2829,control,2026-03-13,0,1205
2830,treatment,2026-03-10,0,1424
2831,treatment,2026-03-04,0,1424
2832,treatment,2026-03-04,1,2360
2833,treatment,2026-03-08,1,881
2834,control,2026-03-03,1,797
2835,treatment,2026-03-06,0,873
2836,treatment,2026-03-05,0,781
2837,control,2026-03-06,1,1656
2838,treatment,2026-03-09,1,1401
2839,treatment,2026-03-09,0,1263
2840,control,2026-03-08,0,766
2841,control,2026-03-08,1,1093
2842,control,2026-03-12,0,2413
2843,control,2026-03-05,1,644
2844,treatment,2026-03-14,0,743
2845,control,2026-03-14,0,2513
2846,control,2026-03-15,0,982
2847,treatment,2026-03-06,1,2245
2848,treatment,2026-03-14,1,1677
2849,control,2026-03-05,0,763
2850,treatment,2026-03-13,0,1019
2851,control,2026-03-07,0,1759
2852,control,2026-03-04,0,1165
2853,control,2026-03-07,1,578
2854,treatment,2026-03-14,1,1049
2855,control,2026-03-04,1,1220
2856,control,2026-03-14,1,1291
2857,control,2026-03-02,1,1346
2858,control,2026-03-03,1,1243
2859,treatment,2026-03-05,1,1001
2860,treatment,2026-03-08,1,1544
2861,treatment,2026-03-15,1,1325
2862,treatment,2026-03-11,0,2084
2863,treatment,2026-03-06,1,917
2864,treatment,2026-03-05,0,1881
2865,treatment,2026-03-13,1,1826
2866,treatment,2026-03-12,1,1178
2867,treatment,2026-03-04,0,1162
2868,control,2026-03-11,0,1073
2869,treatment,2026-03-08,0,2009
2870,control,2026-03-04,0,1703
2871,treatment,2026-03-09,0,1385
2872,control,2026-03-09,0,1328
2873,treatment,2026-03-11,0,1620
2874,treatment,2026-03-15,0,1453
2875,treatment,2026-03-04,1,1222
2876,treatment,2026-03-05,1,1567
2877,treatment,2026-03-06,0,1334
2878,treatment,2026-03-11,0,1409
2879,control,2026-03-04,0,1480
2880,treatment,2026-03-15,0,1842
2881,control,2026-03-05,0,486
2882,treatment,2026-03-02,1,1383
2883,control,2026-03-04,1,920
2884,control,2026-03-15,0,878
2885,treatment,2026-03-09,0,1244
2886,treatment,2026-03-04,0,1065
2887,treatment,2026-03-11,0,1533
2888,control,2026-03-11,0,791
2889,control,2026-03-06,1,873
2890,control,2026-03-04,1,2670
2891,treatment,2026-03-04,1,1971
2892,control,2026-03-09,0,1089
2893,control,2026-03-04,0,1524
2894,control,2026-03-06,0,1289
2895,treatment,2026-03-04,0,1446
2896,treatment,2026-03-04,0,1620
2897,control,2026-03-06,0,1574
2898,treatment,2026-03-05,1,3403
2899,treatment,2026-03-12,0,1009
2900,treatment,2026-03-02,0,970
2901,control,2026-03-03,1,863
2902,treatment,2026-03-09,0,1731
2903,treatment,2026-03-15,0,875
2904,control,2026-03-09,0,1881
2905,control,2026-03-04,0,1205
2906,treatment,2026-03-02,1,1630
2907,treatment,2026-03-03,1,1121
2908,treatment,2026-03-11,1,1795
2909,treatment,2026-03-09,0,474
2910,control,2026-03-05,0,1406
2911,treatment,2026-03-07,1,1794
2912,control,2026-03-08,1,1723
2913,treatment,2026-03-12,0,1578
2914,control,2026-03-11,1,1466
2915,control,2026-03-11,0,634
2916,treatment,2026-03-15,1,1629
2917,control,2026-03-04,0,1326
2918,treatment,2026-03-11,0,1483
2919,treatment,2026-03-02,0,1269
2920,control,2026-03-10,0,739
2921,control,2026-03-04,1,3010
2922,control,2026-03-05,1,1268
2923,treatment,2026-03-10,1,1288
2924,control,2026-03-11,0,1586
2925,control,2026-03-11,0,1274
2926,treatment,2026-03-12,1,915
2927,control,2026-03-09,0,2068
2928,treatment,2026-03-13,0,1451
2929,control,2026-03-03,0,935
2930,control,2026-03-03,1,1073
2931,treatment,2026-03-04,0,804
2932,control,2026-03-05,0,774
2933,control,2026-03-06,1,1025
2934,treatment,2026-03-14,1,2237
2935,treatment,2026-03-09,1,1218
2936,control,2026-03-04,0,2155
2937,control,2026-03-11,0,1184
2938,treatment,2026-03-15,0,712
2939,control,2026-03-11,0,1375
2940,treatment,2026-03-06,0,822
2941,control,2026-03-02,1,989
2942,control,2026-03-14,1,1812
2943,control,2026-03-04,0,1231
2944,control,2026-03-05,0,1055
2945,control,2026-03-05,0,901
2946,treatment,2026-03-04,0,1091
2947,treatment,2026-03-08,0,1046
2948,control,2026-03-03,1,1654
2949,control,2026-03-07,1,1330
2950,control,2026-03-07,0,829
2951,control,2026-03-10,1,2517
2952,control,2026-03-03,0,2092
2953,treatment,2026-03-10,1,2237
2954,treatment,2026-03-05,0,1188
2955,control,2026-03-12,1,1068
2956,control,2026-03-13,0,3046
2957,control,2026-03-02,0,1461
2958,treatment,2026-03-02,1,2263
2959,treatment,2026-03-13,1,1632
2960,control,2026-03-10,1,3183
2961,treatment,2026-03-03,1,807
2962,treatment,2026-03-07,1,2122
2963,treatment,2026-03-07,0,1736
2964,control,2026-03-02,0,1337
2965,control,2026-03-04,0,1381
2966,control,2026-03-15,1,1255
2967,treatment,2026-03-13,1,2135
2968,treatment,2026-03-04,0,1264
2969,treatment,2026-03-08,0,2450
2970,treatment,2026-03-13,0,3284
2971,treatment,2026-03-04,0,1783
2972,control,2026-03-10,0,942
2973,control,2026-03-13,1,605
2974,control,2026-03-13,0,810
2975,control,2026-03-10,1,482
2976,control,2026-03-09,1,1205
2977,control,2026-03-13,0,1136
2978,control,2026-03-09,0,1269
2979,treatment,2026-03-04,0,3415
2980,treatment,2026-03-12,0,2065
2981,treatment,2026-03-14,0,1363
2982,treatment,2026-03-02,0,1645
2983,treatment,2026-03-13,0,1406
2984,treatment,2026-03-14,0,1642
2985,treatment,2026-03-07,0,1779
2986,treatment,2026-03-14,1,1985
2987,treatment,2026-03-03,0,2139
2988,treatment,2026-03-13,0,958
2989,control,2026-03-12,0,1377
2990,treatment,2026-03-06,0,1042
2991,treatment,2026-03-13,1,1565
2992,control,2026-03-13,1,818
2993,control,2026-03-04,0,1451
2994,treatment,2026-03-15,0,1516
2995,treatment,2026-03-09,0,1280
2996,control,2026-03-10,0,645
2997,control,2026-03-02,1,2069
2998,control,2026-03-09,0,2214
2999,treatment,2026-03-03,0,1478
3000,control,2026-03-15,0,991
3001,control,2026-03-05,1,600
3002,treatment,2026-03-08,0,1112
3003,treatment,2026-03-02,1,962
3004,treatment,2026-03-09,1,1511
3005,treatment,2026-03-03,0,1137
3006,treatment,2026-03-05,1,929
3007,treatment,2026-03-08,0,3240
3008,treatment,2026-03-07,0,2773
3009,control,2026-03-12,0,912
3010,control,2026-03-13,1,1161
3011,control,2026-03-11,0,1100
3012,control,2026-03-14,1,971
3013,control,2026-03-11,0,982
3014,treatment,2026-03-14,0,1580
3015,control,2026-03-10,0,1402
3016,control,2026-03-08,0,1063
3017,control,2026-03-03,1,593
3018,treatment,2026-03-02,0,1588
3019,treatment,2026-03-10,0,1421
3020,treatment,2026-03-11,0,1657
3021,treatment,2026-03-14,1,750
3022,control,2026-03-13,0,928
3023,treatment,2026-03-13,0,1748
3024,control,2026-03-03,0,923
3025,control,2026-03-04,1,1474
3026,treatment,2026-03-15,0,830
3027,control,2026-03-07,0,1868
3028,control,2026-03-12,1,841
3029,control,2026-03-07,0,1163
3030,treatment,2026-03-03,0,1335
3031,control,2026-03-06,1,705
3032,control,2026-03-13,1,1280
3033,treatment,2026-03-10,0,1496
3034,control,2026-03-09,0,740
3035,control,2026-03-11,1,1155
3036,control,2026-03-13,0,1125
3037,control,2026-03-06,0,666
3038,treatment,2026-03-14,0,700
3039,control,2026-03-05,0,1763
3040,control,2026-03-09,0,1092
3041,control,2026-03-04,0,758
3042,control,2026-03-07,1,1695
3043,treatment,2026-03-07,1,1629
3044,control,2026-03-09,0,1442
3045,control,2026-03-06,0,940
3046,control,2026-03-09,0,1257
3047,control,2026-03-04,1,807
3048,treatment,2026-03-03,0,1489
3049,treatment,2026-03-04,0,1562
3050,treatment,2026-03-06,0,1941
3051,control,2026-03-13,1,1525
3052,treatment,2026-03-14,0,1278
3053,control,2026-03-02,1,1300
3054,control,2026-03-04,0,1277
3055,control,2026-03-14,1,589
3056,treatment,2026-03-08,1,986
3057,control,2026-03-02,0,699
3058,control,2026-03-11,0,1310
3059,control,2026-03-04,0,1574
3060,control,2026-03-09,0,1463
3061,treatment,2026-03-04,1,1983
3062,control,2026-03-08,0,1943
3063,treatment,2026-03-09,1,1152
3064,control,2026-03-11,0,1803
3065,treatment,2026-03-08,1,1061
3066,control,2026-03-10,0,986
3067,control,2026-03-15,0,1207
3068,treatment,2026-03-05,0,602
3069,control,2026-03-13,1,1163
3070,control,2026-03-12,1,1774
3071,treatment,2026-03-10,0,2923
3072,treatment,2026-03-12,0,587
3073,treatment,2026-03-04,0,1550
3074,treatment,2026-03-02,0,1890
3075,treatment,2026-03-08,0,1061
3076,control,2026-03-07,1,1103
3077,control,2026-03-08,0,1256
3078,control,2026-03-12,1,533
3079,control,2026-03-14,0,1394
3080,control,2026-03-08,1,1107
3081,control,2026-03-11,0,1226
3082,control,2026-03-06,1,1350
3083,control,2026-03-07,0,1442
3084,control,2026-03-03,1,2484
3085,treatment,2026-03-12,0,1745
3086,control,2026-03-10,0,1804
3087,treatment,2026-03-04,0,589
3088,control,2026-03-09,0,1091
3089,control,2026-03-02,0,1584
3090,treatment,2026-03-03,0,1195
3091,treatment,2026-03-06,0,1313
3092,control,2026-03-14,0,1262
3093,control,2026-03-15,1,889
3094,treatment,2026-03-09,0,2618
3095,control,2026-03-03,1,1275
3096,treatment,2026-03-15,0,1318
3097,treatment,2026-03-11,0,1174
3098,control,2026-03-15,0,2071
3099,control,2026-03-12,0,1909
3100,treatment,2026-03-04,0,1854
3101,control,2026-03-14,1,1068
3102,control,2026-03-09,0,1707
3103,control,2026-03-02,1,1319
3104,control,2026-03-15,0,843
3105,treatment,2026-03-05,1,1224
3106,treatment,2026-03-10,0,1729
3107,treatment,2026-03-12,0,1458
3108,control,2026-03-10,1,634
3109,treatment,2026-03-03,0,1672
3110,control,2026-03-02,0,1042
3111,control,2026-03-12,0,1121
3112,control,2026-03-13,1,1134
3113,control,2026-03-15,0,1456
3114,treatment,2026-03-05,0,1555
3115,control,2026-03-13,1,1307
3116,treatment,2026-03-03,0,1357
3117,treatment,2026-03-13,0,1908
3118,control,2026-03-12,0,1017
3119,treatment,2026-03-15,1,842
3120,treatment,2026-03-05,0,925
3121,treatment,2026-03-11,1,658
3122,treatment,2026-03-04,1,1284
3123,treatment,2026-03-03,0,1567
3124,control,2026-03-09,0,1100
3125,control,2026-03-10,0,1075
3126,control,2026-03-14,0,957
3127,treatment,2026-03-03,1,1143
3128,control,2026-03-07,0,973
3129,control,2026-03-09,0,877
3130,treatment,2026-03-08,0,2353
3131,control,2026-03-07,1,807
3132,treatment,2026-03-15,0,1914
3133,control,2026-03-08,0,611
3134,control,2026-03-10,1,850
3135,control,2026-03-08,1,2108
3136,control,2026-03-11,0,1102
3137,treatment,2026-03-13,0,1931
3138,control,2026-03-07,1,1630
3139,control,2026-03-04,0,1290
3140,control,2026-03-09,1,1711
3141,control,2026-03-09,1,1344
3142,control,2026-03-11,0,989
3143,control,2026-03-05,0,1520
3144,treatment,2026-03-09,0,1044
3145,treatment,2026-03-13,0,2082
3146,treatment,2026-03-03,0,1366
3147,treatment,2026-03-08,0,2346
3148,treatment,2026-03-08,0,1000
3149,control,2026-03-05,0,3205
3150,control,2026-03-08,0,1511
3151,treatment,2026-03-06,0,980
3152,control,2026-03-02,0,1639
3153,treatment,2026-03-02,1,1399
3154,control,2026-03-13,0,1085
3155,treatment,2026-03-11,0,1270
3156,control,2026-03-04,0,994
3157,control,2026-03-15,1,949
3158,treatment,2026-03-07,0,913
3159,control,2026-03-07,1,1368
3160,control,2026-03-03,0,1149
3161,treatment,2026-03-12,1,1075
3162,treatment,2026-03-12,0,1077
3163,treatment,2026-03-03,0,979
3164,treatment,2026-03-10,0,1281
3165,control,2026-03-04,0,1226
3166,treatment,2026-03-06,0,2569
3167,treatment,2026-03-05,1,1308
3168,control,2026-03-08,0,1089
3169,control,2026-03-04,0,995
3170,treatment,2026-03-15,0,2160
3171,control,2026-03-12,1,880
3172,control,2026-03-04,1,1508
3173,treatment,2026-03-07,0,1412
3174,control,2026-03-08,0,1682
3175,treatment,2026-03-15,1,1618
3176,control,2026-03-09,0,992
3177,treatment,2026-03-09,0,873
3178,treatment,2026-03-02,0,1123
3179,control,2026-03-06,0,738
3180,control,2026-03-05,0,812
3181,treatment,2026-03-13,1,1522
3182,treatment,2026-03-11,0,1102
3183,treatment,2026-03-06,0,1173
3184,control,2026-03-02,0,690
3185,treatment,2026-03-05,1,2094
3186,control,2026-03-14,1,2109
3187,control,2026-03-08,1,1969
3188,control,2026-03-03,1,1260
3189,treatment,2026-03-05,0,1676
3190,control,2026-03-14,0,2179
3191,control,2026-03-04,0,831
3192,treatment,2026-03-06,0,1664
3193,treatment,2026-03-07,1,863
3194,control,2026-03-10,0,1767
3195,control,2026-03-10,0,934
3196,treatment,2026-03-15,0,1616
3197,treatment,2026-03-05,0,1991
3198,treatment,2026-03-13,0,2644
3199,control,2026-03-15,0,1198
3200,treatment,2026-03-07,1,1967
3201,control,2026-03-11,0,2102
3202,control,2026-03-06,1,1965
3203,treatment,2026-03-02,0,1472
3204,treatment,2026-03-05,1,1074
3205,control,2026-03-06,0,1653
3206,treatment,2026-03-13,0,1573
3207,control,2026-03-07,0,1210
3208,control,2026-03-02,0,1781
3209,control,2026-03-11,1,902
3210,treatment,2026-03-14,1,886
3211,control,2026-03-05,0,811
3212,control,2026-03-06,0,1628
3213,control,2026-03-15,0,666
3214,treatment,2026-03-03,0,850
3215,treatment,2026-03-14,0,2828
3216,treatment,2026-03-08,0,1014
3217,control,2026-03-04,0,1021
3218,treatment,2026-03-14,1,1482
3219,control,2026-03-13,0,1935
3220,treatment,2026-03-10,1,1489
3221,treatment,2026-03-10,1,1820
3222,control,2026-03-15,0,1207
3223,control,2026-03-11,0,1548
3224,control,2026-03-02,0,1234
3225,treatment,2026-03-13,1,1485
3226,treatment,2026-03-09,0,2145
3227,treatment,2026-03-10,1,1691
3228,treatment,2026-03-12,1,2296
3229,control,2026-03-15,0,1299
3230,control,2026-03-11,0,1483
3231,treatment,2026-03-12,0,1315
3232,treatment,2026-03-10,0,1772
3233,control,2026-03-14,1,1440
3234,control,2026-03-06,0,2164
3235,treatment,2026-03-08,0,1205
3236,control,2026-03-05,1,1506
3237,treatment,2026-03-15,0,696
3238,treatment,2026-03-10,0,1250
3239,treatment,2026-03-09,0,1495
3240,treatment,2026-03-11,0,808
3241,treatment,2026-03-10,0,1348
3242,control,2026-03-11,0,1153
3243,treatment,2026-03-07,0,3163
3244,control,2026-03-13,0,725
3245,treatment,2026-03-14,1,933
3246,treatment,2026-03-14,0,1994
3247,control,2026-03-08,0,1515
3248,control,2026-03-10,1,1006
3249,treatment,2026-03-03,0,841
3250,control,2026-03-07,1,1308
3251,treatment,2026-03-06,1,687
3252,treatment,2026-03-06,0,3069
3253,control,2026-03-12,0,1242
3254,control,2026-03-12,0,1364
3255,control,2026-03-12,0,1251
3256,control,2026-03-06,0,1161
3257,treatment,2026-03-15,1,999
3258,treatment,2026-03-02,1,1264
3259,control,2026-03-15,0,1457
3260,treatment,2026-03-02,0,1066
3261,treatment,2026-03-10,1,1728
3262,treatment,2026-03-13,0,791
3263,treatment,2026-03-06,0,819
3264,control,2026-03-14,0,644
3265,control,2026-03-12,0,1387
3266,treatment,2026-03-02,0,1734
3267,treatment,2026-03-05,0,1024
3268,control,2026-03-05,1,1319
3269,control,2026-03-14,0,1435
3270,control,2026-03-12,1,1198
3271,control,2026-03-07,0,813
3272,control,2026-03-13,0,934
3273,control,2026-03-03,1,1149
3274,treatment,2026-03-08,1,3974
3275,treatment,2026-03-08,0,589
3276,control,2026-03-13,0,1507
3277,control,2026-03-07,0,1980
3278,treatment,2026-03-09,0,676
3279,treatment,2026-03-04,0,1321
3280,control,2026-03-14,0,1095
3281,treatment,2026-03-04,0,2053
3282,treatment,2026-03-05,1,1216
3283,control,2026-03-13,1,1767
3284,treatment,2026-03-13,1,2713
3285,control,2026-03-12,0,1027
3286,control,2026-03-13,0,1489
3287,control,2026-03-14,1,806
3288,control,2026-03-12,0,1137
3289,control,2026-03-03,0,1659
3290,treatment,2026-03-10,1,1767
3291,treatment,2026-03-08,1,1132
3292,treatment,2026-03-05,0,884
3293,treatment,2026-03-02,1,1279
3294,treatment,2026-03-04,0,961
3295,control,2026-03-10,1,760
3296,treatment,2026-03-11,1,1386
3297,control,2026-03-11,1,1142
3298,control,2026-03-14,1,1810
3299,treatment,2026-03-02,0,1214
3300,control,2026-03-07,0,1218
3301,control,2026-03-14,1,1307
3302,control,2026-03-14,1,1171
3303,treatment,2026-03-05,1,914
3304,control,2026-03-04,0,1765
3305,treatment,2026-03-10,1,1799
3306,treatment,2026-03-02,1,1150
3307,treatment,2026-03-02,1,1435
3308,treatment,2026-03-11,0,1413
3309,control,2026-03-12,0,1241
3310,treatment,2026-03-08,0,1312
3311,treatment,2026-03-12,1,1467
3312,control,2026-03-12,0,1842
3313,treatment,2026-03-10,0,1734
3314,treatment,2026-03-11,0,1024
3315,control,2026-03-10,0,445
3316,treatment,2026-03-05,1,1643
3317,treatment,2026-03-13,0,1251
3318,control,2026-03-12,0,954
3319,treatment,2026-03-04,0,956
3320,control,2026-03-10,0,2055
3321,control,2026-03-04,0,1053
3322,control,2026-03-07,0,718
3323,control,2026-03-15,0,1261
3324,control,2026-03-06,1,1265
3325,control,2026-03-12,1,905
3326,control,2026-03-03,1,909
3327,treatment,2026-03-15,0,2182
3328,treatment,2026-03-05,0,745
3329,control,2026-03-10,0,1657
3330,control,2026-03-13,0,770
3331,control,2026-03-12,0,674
3332,control,2026-03-13,1,1961
3333,treatment,2026-03-04,1,1602
3334,treatment,2026-03-14,0,1122
3335,treatment,2026-03-09,0,875
3336,treatment,2026-03-13,0,748
3337,treatment,2026-03-10,0,951
3338,treatment,2026-03-15,0,888
3339,treatment,2026-03-15,0,1372
3340,control,2026-03-06,0,1599
3341,treatment,2026-03-14,0,2447
3342,treatment,2026-03-04,0,1241
3343,treatment,2026-03-02,1,2921
3344,control,2026-03-06,0,634
3345,control,2026-03-03,0,2514
3346,treatment,2026-03-08,0,1225
3347,control,2026-03-15,1,1090
3348,control,2026-03-02,1,1321
3349,treatment,2026-03-07,0,1270
3350,control,2026-03-13,0,967
3351,treatment,2026-03-04,1,964
3352,control,2026-03-05,1,934
3353,control,2026-03-08,0,908
3354,control,2026-03-05,1,1169
3355,control,2026-03-02,0,794
3356,treatment,2026-03-10,1,871
3357,treatment,2026-03-12,1,2062
3358,control,2026-03-04,0,834
3359,control,2026-03-05,1,1100
3360,treatment,2026-03-07,0,1884
3361,control,2026-03-10,0,982
3362,control,2026-03-09,1,679
3363,treatment,2026-03-05,0,1468
3364,treatment,2026-03-05,0,1557
3365,treatment,2026-03-13,0,732
3366,control,2026-03-09,0,1167
3367,control,2026-03-06,0,812
3368,control,2026-03-14,0,2129
3369,treatment,2026-03-05,0,1549
3370,control,2026-03-09,1,915
3371,treatment,2026-03-15,1,2111
3372,treatment,2026-03-06,0,842
3373,treatment,2026-03-09,0,1526
3374,control,2026-03-11,0,1987
3375,treatment,2026-03-07,1,976
3376,treatment,2026-03-13,0,1913
3377,treatment,2026-03-02,0,1939
3378,control,2026-03-02,1,990
3379,control,2026-03-15,0,893
3380,treatment,2026-03-03,1,1110
3381,treatment,2026-03-07,0,2240
3382,control,2026-03-07,1,927
3383,treatment,2026-03-12,0,1517
3384,control,2026-03-08,0,722
3385,treatment,2026-03-06,0,1067
3386,control,2026-03-07,0,886
3387,control,2026-03-06,0,1177
3388,treatment,2026-03-12,1,1554
3389,control,2026-03-13,0,2017
3390,control,2026-03-15,1,933
3391,control,2026-03-02,0,1135
3392,treatment,2026-03-14,0,1830
3393,control,2026-03-09,0,908
3394,treatment,2026-03-11,0,1924
3395,control,2026-03-07,0,2343
3396,control,2026-03-11,0,1216
3397,control,2026-03-13,0,726
3398,control,2026-03-02,1,998
3399,control,2026-03-12,1,1714
3400,control,2026-03-07,0,753
3401,treatment,2026-03-04,1,748
3402,treatment,2026-03-04,0,2119
3403,treatment,2026-03-04,0,2130
3404,control,2026-03-08,0,1034
3405,control,2026-03-03,1,864
3406,treatment,2026-03-08,0,1710
3407,treatment,2026-03-09,0,1518
3408,treatment,2026-03-11,0,1418
3409,treatment,2026-03-14,0,1182
3410,treatment,2026-03-15,0,2375
3411,control,2026-03-15,1,1407
3412,treatment,2026-03-02,0,923
3413,control,2026-03-09,1,1765
3414,treatment,2026-03-03,0,1150
3415,treatment,2026-03-02,0,1063
3416,treatment,2026-03-03,0,988
3417,control,2026-03-12,0,1767
3418,treatment,2026-03-10,1,2219
3419,treatment,2026-03-08,0,1973
3420,control,2026-03-07,1,1508
3421,control,2026-03-05,0,1546
3422,treatment,2026-03-03,1,1461
3423,treatment,2026-03-13,0,2286
3424,control,2026-03-13,0,1491
3425,treatment,2026-03-09,1,729
3426,treatment,2026-03-06,0,1285
3427,control,2026-03-10,0,1433
3428,treatment,2026-03-03,0,1618
3429,control,2026-03-05,1,1156
3430,treatment,2026-03-05,0,1176
3431,control,2026-03-15,1,2304
3432,control,2026-03-05,1,1273
3433,treatment,2026-03-02,0,1094
3434,control,2026-03-15,0,688
3435,control,2026-03-05,1,2213
3436,control,2026-03-15,0,1405
3437,control,2026-03-04,1,2721
3438,treatment,2026-03-07,0,1820
3439,control,2026-03-12,0,1056
3440,control,2026-03-05,1,1650
3441,control,2026-03-15,0,919
3442,control,2026-03-14,1,1660
3443,control,2026-03-06,1,1650
3444,control,2026-03-07,1,1413
3445,control,2026-03-06,0,770
3446,treatment,2026-03-09,0,940
3447,treatment,2026-03-09,0,1456
3448,treatment,2026-03-12,1,2577
3449,treatment,2026-03-06,1,1571
3450,treatment,2026-03-08,0,1092
3451,control,2026-03-05,0,1224
3452,treatment,2026-03-11,0,1165
3453,control,2026-03-04,1,980
3454,treatment,2026-03-14,1,828
3455,control,2026-03-11,0,1272
3456,treatment,2026-03-09,1,1348
3457,control,2026-03-08,1,1668
3458,control,2026-03-04,0,1210
3459,control,2026-03-11,0,1571
3460,control,2026-03-15,1,1003
3461,control,2026-03-07,0,1966
3462,treatment,2026-03-07,1,1642
3463,control,2026-03-02,0,1231
3464,treatment,2026-03-14,0,1331
3465,control,2026-03-12,0,714
3466,control,2026-03-13,0,1495
3467,control,2026-03-13,0,1588
3468,control,2026-03-03,1,901
3469,control,2026-03-04,0,1219
3470,control,2026-03-04,1,1178
3471,treatment,2026-03-05,0,1494
3472,control,2026-03-10,1,1296
3473,treatment,2026-03-07,1,789
3474,control,2026-03-06,1,1097
3475,control,2026-03-14,0,1209
3476,control,2026-03-08,1,1482
3477,treatment,2026-03-03,1,1412
3478,control,2026-03-02,1,2292
3479,control,2026-03-03,0,1236
3480,control,2026-03-08,0,894
3481,treatment,2026-03-04,1,1460
3482,control,2026-03-11,0,1729
3483,treatment,2026-03-10,1,1220
3484,control,2026-03-04,0,986
3485,treatment,2026-03-08,0,809
3486,control,2026-03-03,1,912
3487,treatment,2026-03-05,1,1367
3488,treatment,2026-03-15,0,698
3489,treatment,2026-03-03,0,1291
3490,treatment,2026-03-13,1,1148
3491,control,2026-03-06,1,2235
3492,control,2026-03-03,0,1236
3493,treatment,2026-03-12,1,916
3494,control,2026-03-07,0,1154
3495,control,2026-03-15,0,880
3496,treatment,2026-03-04,0,606
3497,treatment,2026-03-03,0,1551
3498,control,2026-03-12,1,816
3499,treatment,2026-03-12,0,1263
3500,control,2026-03-07,0,976
3501,control,2026-03-13,1,795
3502,treatment,2026-03-05,0,774
3503,control,2026-03-03,0,744
3504,control,2026-03-11,0,1174
3505,treatment,2026-03-02,0,1661
3506,treatment,2026-03-13,0,2622
3507,control,2026-03-08,0,1323
3508,control,2026-03-02,0,1514
3509,control,2026-03-03,0,2399
3510,treatment,2026-03-12,0,1030
3511,treatment,2026-03-08,0,963
3512,treatment,2026-03-02,1,1298
3513,treatment,2026-03-04,0,1899
3514,treatment,2026-03-05,0,1027
3515,treatment,2026-03-06,0,1824
3516,treatment,2026-03-14,1,1261
3517,treatment,2026-03-07,1,944
3518,control,2026-03-10,0,619
3519,control,2026-03-06,0,2318
3520,control,2026-03-10,1,1615
3521,control,2026-03-14,0,1523
3522,treatment,2026-03-04,0,2555
3523,control,2026-03-15,1,928
3524,control,2026-03-02,1,940
3525,treatment,2026-03-11,1,980
3526,treatment,2026-03-14,0,1355
3527,control,2026-03-04,0,1041
3528,control,2026-03-15,0,1201
3529,treatment,2026-03-03,0,1390
3530,control,2026-03-09,1,918
3531,control,2026-03-15,0,905
3532,control,2026-03-13,0,634
3533,treatment,2026-03-03,0,1980
3534,treatment,2026-03-13,0,1016
3535,treatment,2026-03-06,0,808
3536,treatment,2026-03-14,0,1013
3537,treatment,2026-03-08,1,1262
3538,control,2026-03-03,0,1604
3539,treatment,2026-03-10,1,1912
3540,treatment,2026-03-02,0,835
3541,control,2026-03-14,0,590
3542,control,2026-03-10,0,1077
3543,control,2026-03-03,1,1237
3544,treatment,2026-03-02,0,1171
3545,treatment,2026-03-15,1,1079
3546,control,2026-03-11,0,1434
3547,treatment,2026-03-13,1,1413
3548,control,2026-03-14,1,1045
3549,treatment,2026-03-03,0,951
3550,treatment,2026-03-13,0,2501
3551,treatment,2026-03-08,1,2386
3552,treatment,2026-03-11,0,2076
3553,treatment,2026-03-08,1,1103
3554,control,2026-03-14,1,1842
3555,control,2026-03-06,1,1522
3556,control,2026-03-06,0,700
3557,control,2026-03-08,0,2125
3558,treatment,2026-03-02,0,1983
3559,treatment,2026-03-13,1,1471
3560,control,2026-03-12,0,970
3561,control,2026-03-12,0,974
3562,control,2026-03-10,0,2951
3563,control,2026-03-02,1,1353
3564,treatment,2026-03-02,0,1438
3565,treatment,2026-03-07,1,1124
3566,control,2026-03-12,1,1102
3567,control,2026-03-04,0,1096
3568,control,2026-03-07,0,2165
3569,treatment,2026-03-11,0,1947
3570,treatment,2026-03-10,0,2415
3571,treatment,2026-03-12,0,1321
3572,control,2026-03-15,0,1369
3573,control,2026-03-13,0,789
3574,treatment,2026-03-12,0,1359
3575,treatment,2026-03-09,0,1671
3576,control,2026-03-13,1,1437
3577,treatment,2026-03-04,0,3564
3578,treatment,2026-03-14,0,930
3579,treatment,2026-03-04,0,1412
3580,control,2026-03-15,0,1849
3581,control,2026-03-10,0,992
3582,control,2026-03-08,0,1408
3583,treatment,2026-03-06,0,1461
3584,treatment,2026-03-15,0,612
3585,control,2026-03-06,0,1511
3586,treatment,2026-03-03,1,1086
3587,control,2026-03-05,1,794
3588,treatment,2026-03-10,1,1191
3589,control,2026-03-11,0,1339
3590,treatment,2026-03-13,1,1005
3591,control,2026-03-08,0,1972
3592,control,2026-03-03,0,1080
3593,control,2026-03-10,0,2444
3594,treatment,2026-03-12,0,1078
3595,control,2026-03-06,0,841
3596,control,2026-03-15,1,1139
3597,control,2026-03-03,0,1466
3598,control,2026-03-15,0,751
3599,treatment,2026-03-09,0,1129
3600,control,2026-03-08,0,980
3601,treatment,2026-03-10,1,1446
3602,treatment,2026-03-05,1,1928
3603,control,2026-03-02,0,1603
3604,control,2026-03-04,0,1239
3605,treatment,2026-03-03,0,953
3606,treatment,2026-03-05,1,1402
3607,control,2026-03-15,0,1556
3608,treatment,2026-03-15,0,1319
3609,control,2026-03-07,0,1052
3610,treatment,2026-03-10,0,1148
3611,treatment,2026-03-15,0,1685
3612,control,2026-03-03,1,1055
3613,control,2026-03-11,0,867
3614,control,2026-03-10,0,1008
3615,treatment,2026-03-09,0,1262
3616,treatment,2026-03-03,0,1433
3617,treatment,2026-03-07,1,854
3618,control,2026-03-07,0,994
3619,treatment,2026-03-04,0,1419
3620,treatment,2026-03-02,1,2154
3621,treatment,2026-03-07,0,1558
3622,treatment,2026-03-09,1,1715
3623,treatment,2026-03-03,0,1142
3624,control,2026-03-14,0,975
3625,control,2026-03-08,0,1080
3626,treatment,2026-03-11,0,1002
3627,control,2026-03-02,1,1056
3628,treatment,2026-03-09,0,1023
3629,treatment,2026-03-15,1,1069
3630,control,2026-03-14,0,806
3631,control,2026-03-02,0,1541
3632,control,2026-03-06,1,1423
3633,control,2026-03-13,0,772
3634,treatment,2026-03-06,1,1166
3635,control,2026-03-12,0,1727
3636,treatment,2026-03-05,0,1723
3637,control,2026-03-09,0,903
3638,treatment,2026-03-04,0,1314
3639,treatment,2026-03-13,0,1668
3640,control,2026-03-14,0,927
3641,treatment,2026-03-15,0,1075
3642,control,2026-03-14,0,1174
3643,control,2026-03-08,0,642
3644,control,2026-03-03,0,1551
3645,control,2026-03-04,1,1434
3646,control,2026-03-09,0,1585
3647,treatment,2026-03-12,0,2023
3648,control,2026-03-08,0,1480
3649,control,2026-03-12,1,2304
3650,treatment,2026-03-14,1,1058
3651,control,2026-03-10,1,1085
3652,control,2026-03-14,1,672
3653,control,2026-03-06,0,2044
3654,control,2026-03-02,1,820
3655,control,2026-03-02,1,786
3656,treatment,2026-03-07,1,1141
3657,control,2026-03-07,0,1330
3658,control,2026-03-03,0,1347
3659,treatment,2026-03-03,0,705
3660,treatment,2026-03-03,1,1464
3661,treatment,2026-03-09,0,578
3662,treatment,2026-03-12,1,1000
3663,treatment,2026-03-07,0,1368
3664,control,2026-03-09,0,1154
3665,treatment,2026-03-05,1,987
3666,treatment,2026-03-13,0,1171
3667,control,2026-03-07,0,1334
3668,control,2026-03-15,0,1410
3669,treatment,2026-03-14,1,1266
3670,treatment,2026-03-06,0,1273
3671,treatment,2026-03-10,1,1239
3672,control,2026-03-02,1,2554
3673,control,2026-03-10,0,1238
3674,treatment,2026-03-14,1,1393
3675,treatment,2026-03-13,0,949
3676,treatment,2026-03-10,0,1286
3677,control,2026-03-11,1,1425
3678,treatment,2026-03-09,1,1784
3679,control,2026-03-08,1,1879
3680,control,2026-03-13,0,1494
3681,treatment,2026-03-09,1,1373
3682,treatment,2026-03-12,0,1677
3683,treatment,2026-03-07,0,1439
3684,control,2026-03-11,1,1042
3685,treatment,2026-03-09,1,1867
3686,treatment,2026-03-02,0,1381
3687,treatment,2026-03-07,0,1240
3688,treatment,2026-03-03,0,1133
3689,control,2026-03-02,0,477
3690,control,2026-03-15,0,1889
3691,control,2026-03-12,0,848
3692,treatment,2026-03-05,0,1106
3693,treatment,2026-03-06,1,788
3694,control,2026-03-09,1,1091
3695,treatment,2026-03-08,0,631
3696,control,2026-03-04,0,2469
3697,treatment,2026-03-07,0,1037
3698,control,2026-03-14,0,2208
3699,treatment,2026-03-02,1,2114
3700,treatment,2026-03-13,0,1941
3701,treatment,2026-03-12,0,724
3702,control,2026-03-05,1,2859
3703,control,2026-03-11,1,1183
3704,control,2026-03-07,1,1382
3705,control,2026-03-12,1,1480
3706,control,2026-03-02,0,1049
3707,control,2026-03-02,1,1891
3708,control,2026-03-09,1,738
3709,control,2026-03-11,0,651
3710,control,2026-03-11,1,1051
3711,control,2026-03-03,0,977
3712,treatment,2026-03-13,0,1545
3713,treatment,2026-03-10,1,1704
3714,treatment,2026-03-04,0,1448
3715,control,2026-03-12,0,1326
3716,control,2026-03-06,0,1822
3717,treatment,2026-03-05,0,2338
3718,control,2026-03-09,0,1547
3719,control,2026-03-15,0,743
3720,control,2026-03-13,1,586
3721,treatment,2026-03-13,1,1600
3722,treatment,2026-03-03,0,1834
3723,control,2026-03-13,0,1310
3724,control,2026-03-05,0,1075
3725,control,2026-03-05,0,2151
3726,treatment,2026-03-12,1,1375
3727,treatment,2026-03-13,0,1978
3728,treatment,2026-03-05,0,1557
3729,control,2026-03-11,0,1026
3730,control,2026-03-04,0,617
3731,control,2026-03-04,0,816
3732,control,2026-03-05,1,738
3733,control,2026-03-08,0,1016
3734,control,2026-03-02,0,1685
3735,control,2026-03-15,1,1810
3736,control,2026-03-07,0,1397
3737,treatment,2026-03-07,0,1182
3738,control,2026-03-15,1,1642
3739,control,2026-03-06,0,685
3740,control,2026-03-11,0,730
3741,treatment,2026-03-10,1,2481
3742,control,2026-03-02,1,1260
3743,treatment,2026-03-13,1,801
3744,control,2026-03-09,0,875
3745,control,2026-03-14,0,800
3746,treatment,2026-03-03,0,2287
3747,control,2026-03-05,1,2091
3748,control,2026-03-13,1,832
3749,treatment,2026-03-06,1,1215
3750,treatment,2026-03-08,1,1867
3751,control,2026-03-13,1,1935
3752,control,2026-03-07,0,807
3753,treatment,2026-03-02,1,1926
3754,control,2026-03-08,0,2319
3755,treatment,2026-03-06,1,1096
3756,treatment,2026-03-06,0,2458
3757,treatment,2026-03-08,0,1752
3758,treatment,2026-03-03,1,2026
3759,treatment,2026-03-10,1,1799
3760,control,2026-03-08,1,1185
3761,treatment,2026-03-15,1,691
3762,control,2026-03-15,1,1558
3763,treatment,2026-03-05,1,1329
3764,treatment,2026-03-11,0,906
3765,treatment,2026-03-09,0,1357
3766,control,2026-03-03,1,928
3767,control,2026-03-06,0,1605
3768,control,2026-03-06,0,885
3769,control,2026-03-11,0,932
3770,treatment,2026-03-03,1,987
3771,treatment,2026-03-03,1,1039
3772,treatment,2026-03-12,0,910
3773,control,2026-03-09,0,1327
3774,control,2026-03-11,0,1243
3775,control,2026-03-11,0,979
3776,treatment,2026-03-13,0,1706
3777,control,2026-03-05,1,2182
3778,control,2026-03-14,1,1017
3779,control,2026-03-13,1,951
3780,control,2026-03-02,0,1244
3781,treatment,2026-03-02,0,1459
3782,control,2026-03-15,0,1468
3783,treatment,2026-03-11,0,1295
3784,control,2026-03-09,0,1138
3785,treatment,2026-03-04,1,1704
3786,treatment,2026-03-08,0,1752
3787,control,2026-03-04,1,965
3788,treatment,2026-03-08,0,1756
3789,treatment,2026-03-10,1,1064
3790,treatment,2026-03-09,0,1491
3791,treatment,2026-03-13,1,1306
3792,control,2026-03-08,0,1427
3793,control,2026-03-13,0,1433
3794,control,2026-03-13,0,868
3795,treatment,2026-03-15,1,2024
3796,treatment,2026-03-09,0,1898
3797,control,2026-03-09,1,852
3798,control,2026-03-10,1,1210
3799,treatment,2026-03-02,0,969
3800,treatment,2026-03-11,0,1353
3801,treatment,2026-03-05,0,1989
3802,treatment,2026-03-10,0,842
3803,control,2026-03-14,0,921
3804,treatment,2026-03-04,0,1198
3805,control,2026-03-10,1,877
3806,treatment,2026-03-09,1,1028
3807,treatment,2026-03-06,0,2609
3808,treatment,2026-03-13,0,2107
3809,treatment,2026-03-11,0,1260
3810,control,2026-03-14,1,1463
3811,control,2026-03-14,0,599
3812,control,2026-03-08,1,491
3813,treatment,2026-03-03,1,1514
3814,treatment,2026-03-14,1,984
3815,treatment,2026-03-07,1,974
3816,control,2026-03-15,0,973
3817,control,2026-03-07,1,1221
3818,treatment,2026-03-05,1,1628
3819,control,2026-03-13,1,1372
3820,control,2026-03-10,0,1445
3821,control,2026-03-09,1,1927
3822,control,2026-03-07,0,1176
3823,treatment,2026-03-03,0,1232
3824,treatment,2026-03-15,0,1511
3825,control,2026-03-15,1,993
3826,treatment,2026-03-11,1,1831
3827,treatment,2026-03-04,1,1343
3828,control,2026-03-15,1,1263
3829,control,2026-03-08,1,1542
3830,control,2026-03-06,0,1431
3831,control,2026-03-11,0,1373
3832,control,2026-03-12,0,1795
3833,control,2026-03-07,0,1398
3834,treatment,2026-03-04,1,1780
3835,control,2026-03-06,0,1763
3836,treatment,2026-03-09,1,2301
3837,treatment,2026-03-15,0,1488
3838,treatment,2026-03-05,0,941
3839,control,2026-03-11,0,673
3840,treatment,2026-03-05,0,2167
3841,control,2026-03-07,1,712
3842,control,2026-03-04,0,949
3843,control,2026-03-10,1,781
3844,control,2026-03-10,1,1396
3845,control,2026-03-15,0,2202
3846,control,2026-03-07,0,1568
3847,control,2026-03-07,0,972
3848,control,2026-03-09,0,1213
3849,treatment,2026-03-10,0,1110
3850,control,2026-03-03,1,1097
3851,control,2026-03-14,1,770
3852,treatment,2026-03-05,0,1656
3853,control,2026-03-08,0,1723
3854,treatment,2026-03-05,0,1190
3855,treatment,2026-03-12,1,1897
3856,treatment,2026-03-10,1,2327
3857,treatment,2026-03-12,1,1021
3858,control,2026-03-13,0,1936
3859,treatment,2026-03-14,0,2612
3860,treatment,2026-03-08,0,1078
3861,treatment,2026-03-03,1,799
3862,control,2026-03-13,1,1184
3863,control,2026-03-15,0,1302
3864,treatment,2026-03-04,1,1597
3865,control,2026-03-03,1,1182
3866,treatment,2026-03-03,1,2633
3867,control,2026-03-09,0,517
3868,control,2026-03-05,0,1190
3869,treatment,2026-03-11,0,905
3870,treatment,2026-03-10,0,940
3871,treatment,2026-03-12,0,921
3872,treatment,2026-03-14,1,2397
3873,control,2026-03-14,0,1657
3874,control,2026-03-03,0,1123
3875,treatment,2026-03-05,0,2257
3876,control,2026-03-11,0,985
3877,treatment,2026-03-15,0,1160
3878,control,2026-03-03,0,959
3879,treatment,2026-03-05,0,2188
3880,treatment,2026-03-05,0,1442
3881,control,2026-03-08,1,530
3882,treatment,2026-03-13,0,1176
3883,control,2026-03-03,0,1022
3884,treatment,2026-03-12,0,914
3885,control,2026-03-09,0,1558
3886,control,2026-03-15,0,839
3887,treatment,2026-03-02,1,1764
3888,treatment,2026-03-05,0,1892
3889,control,2026-03-14,0,1049
3890,treatment,2026-03-13,1,1599
3891,treatment,2026-03-07,1,1029
3892,treatment,2026-03-12,0,1095
3893,treatment,2026-03-02,0,1313
3894,treatment,2026-03-11,0,2377
3895,control,2026-03-10,1,1431
3896,control,2026-03-08,0,1137
3897,control,2026-03-03,1,1276
3898,treatment,2026-03-07,0,1636
3899,control,2026-03-04,1,879
3900,control,2026-03-11,0,1844
3901,treatment,2026-03-12,1,1293
3902,treatment,2026-03-13,1,1766
3903,control,2026-03-09,0,928
3904,control,2026-03-13,1,738
3905,treatment,2026-03-07,0,1006
3906,control,2026-03-04,0,2114
3907,treatment,2026-03-12,0,1226
3908,treatment,2026-03-05,0,1910
3909,treatment,2026-03-12,0,1127
3910,control,2026-03-06,0,721
3911,treatment,2026-03-03,0,2328
3912,treatment,2026-03-08,0,1452
3913,control,2026-03-13,0,1563
3914,control,2026-03-12,0,1084
3915,control,2026-03-07,0,1019
3916,treatment,2026-03-07,1,1425
3917,control,2026-03-05,1,894
3918,treatment,2026-03-13,0,1503
3919,treatment,2026-03-07,0,2002
3920,control,2026-03-05,0,881
3921,control,2026-03-07,0,1304
3922,control,2026-03-10,1,1404
3923,control,2026-03-09,0,1529
3924,control,2026-03-11,1,1301
3925,treatment,2026-03-07,1,2564
3926,treatment,2026-03-11,0,841
3927,control,2026-03-04,1,914
3928,treatment,2026-03-07,1,1503
3929,control,2026-03-02,1,1733
3930,treatment,2026-03-04,1,1370
3931,treatment,2026-03-06,0,1126
3932,control,2026-03-15,0,759
3933,treatment,2026-03-10,0,1246
3934,treatment,2026-03-13,0,1029
3935,control,2026-03-03,1,1261
3936,treatment,2026-03-12,0,1302
3937,control,2026-03-15,1,1135
3938,treatment,2026-03-13,0,829
3939,control,2026-03-11,0,1394
3940,treatment,2026-03-02,1,572
3941,control,2026-03-04,0,973
3942,treatment,2026-03-14,1,1221
3943,treatment,2026-03-08,1,969
3944,treatment,2026-03-08,1,1371
3945,treatment,2026-03-02,0,831
3946,control,2026-03-02,1,1056
3947,treatment,2026-03-14,0,1081
3948,control,2026-03-10,0,1697
3949,treatment,2026-03-04,1,1550
3950,treatment,2026-03-11,0,814
3951,control,2026-03-02,0,731
3952,control,2026-03-09,0,1253
3953,control,2026-03-06,0,2161
3954,control,2026-03-06,1,1240
3955,control,2026-03-06,1,1514
3956,treatment,2026-03-15,0,1346
3957,control,2026-03-15,0,930
3958,control,2026-03-03,1,1054
3959,treatment,2026-03-10,1,2071
3960,treatment,2026-03-14,1,1041
3961,treatment,2026-03-02,1,1741
3962,treatment,2026-03-09,0,1691
3963,control,2026-03-05,0,1306
3964,treatment,2026-03-02,0,2199
3965,control,2026-03-15,1,716
3966,treatment,2026-03-04,0,863
3967,treatment,2026-03-12,1,1818
3968,treatment,2026-03-03,1,1272
3969,control,2026-03-07,0,1034
3970,treatment,2026-03-12,1,1701
3971,treatment,2026-03-06,0,2305
3972,control,2026-03-09,0,995
3973,control,2026-03-06,0,1554
3974,treatment,2026-03-11,0,994
3975,control,2026-03-07,0,1098
3976,treatment,2026-03-07,0,800
3977,control,2026-03-14,0,1174
3978,control,2026-03-13,1,1585
3979,control,2026-03-07,1,565
3980,control,2026-03-07,0,1070
3981,control,2026-03-03,1,1384
3982,control,2026-03-12,0,1049
3983,treatment,2026-03-08,0,1158
3984,treatment,2026-03-06,0,993
3985,control,2026-03-10,0,1037
3986,control,2026-03-11,0,1292
3987,control,2026-03-13,0,1617
3988,treatment,2026-03-13,1,1587
3989,control,2026-03-05,0,1765
3990,control,2026-03-06,0,686
3991,treatment,2026-03-06,1,1168
3992,control,2026-03-09,0,1064
3993,control,2026-03-08,0,1182
3994,treatment,2026-03-11,1,1283
3995,control,2026-03-07,0,1071
3996,treatment,2026-03-05,1,2333
3997,control,2026-03-06,0,706
3998,treatment,2026-03-03,0,761
3999,control,2026-03-05,1,1385
4000,control,2026-03-09,0,965
4001,control,2026-03-12,0,1407
4002,control,2026-03-04,0,1181
4003,control,2026-03-04,1,1185
4004,treatment,2026-03-08,1,1903
4005,control,2026-03-12,1,648
4006,control,2026-03-09,1,2097
4007,control,2026-03-08,0,2088
4008,control,2026-03-11,1,889
4009,treatment,2026-03-15,1,1184
4010,control,2026-03-14,0,887
4011,treatment,2026-03-07,0,2100
4012,control,2026-03-02,0,1773
4013,control,2026-03-14,0,1516
4014,control,2026-03-02,1,629
4015,treatment,2026-03-04,0,1522
4016,control,2026-03-10,0,776
4017,treatment,2026-03-07,1,2138
4018,control,2026-03-02,1,752
4019,treatment,2026-03-02,0,2957
4020,control,2026-03-02,0,1763
4021,treatment,2026-03-08,0,931
4022,control,2026-03-03,0,1899
4023,control,2026-03-14,0,1597
4024,treatment,2026-03-09,0,1768
4025,control,2026-03-10,1,1641
4026,treatment,2026-03-12,0,2132
4027,treatment,2026-03-08,0,1352
4028,control,2026-03-11,1,1034
4029,treatment,2026-03-02,0,1142
4030,treatment,2026-03-03,1,1858
4031,control,2026-03-05,0,1563
4032,treatment,2026-03-11,0,1353
4033,treatment,2026-03-03,0,1013
4034,control,2026-03-07,0,1929
4035,treatment,2026-03-14,1,816
4036,treatment,2026-03-13,0,1240
4037,treatment,2026-03-15,0,1271
4038,control,2026-03-13,0,2049
4039,control,2026-03-11,0,1556
4040,control,2026-03-04,0,1362
4041,treatment,2026-03-11,0,1097
4042,treatment,2026-03-06,0,1161
4043,treatment,2026-03-09,1,2829
4044,treatment,2026-03-15,0,1003
4045,control,2026-03-02,1,1364
4046,control,2026-03-13,1,1273
4047,control,2026-03-03,0,1798
4048,control,2026-03-07,0,1954
4049,control,2026-03-14,0,907
4050,control,2026-03-12,0,865
4051,control,2026-03-07,0,1471
4052,treatment,2026-03-12,0,1061
4053,control,2026-03-15,0,1189
4054,control,2026-03-04,0,1284
4055,control,2026-03-09,1,1247
4056,control,2026-03-15,1,921
4057,treatment,2026-03-05,0,1552
4058,control,2026-03-14,1,689
4059,treatment,2026-03-12,1,1377
4060,treatment,2026-03-09,1,1302
4061,treatment,2026-03-05,0,1815
4062,treatment,2026-03-02,0,1052
4063,control,2026-03-09,1,949
4064,control,2026-03-13,0,993
4065,treatment,2026-03-15,1,1187
4066,control,2026-03-14,0,2521
4067,treatment,2026-03-02,0,1901
4068,control,2026-03-09,0,812
4069,treatment,2026-03-10,0,2035
4070,treatment,2026-03-08,0,1240
4071,control,2026-03-07,0,713
4072,treatment,2026-03-14,1,1244
4073,treatment,2026-03-06,0,1138
4074,treatment,2026-03-05,1,2883
4075,control,2026-03-07,0,1925
4076,treatment,2026-03-10,0,2041
4077,control,2026-03-11,0,1165
4078,control,2026-03-08,0,1052
4079,control,2026-03-13,0,1334
4080,control,2026-03-15,0,1548
4081,treatment,2026-03-09,0,1443
4082,control,2026-03-12,0,1116
4083,treatment,2026-03-13,0,1401
4084,treatment,2026-03-03,1,1047
4085,control,2026-03-06,0,1095
4086,treatment,2026-03-10,1,1519
4087,control,2026-03-10,1,1753
4088,control,2026-03-12,0,966
4089,control,2026-03-08,1,1322
4090,control,2026-03-14,0,1030
4091,treatment,2026-03-10,1,1271
4092,control,2026-03-08,0,769
4093,control,2026-03-06,1,980
4094,treatment,2026-03-09,0,604
4095,treatment,2026-03-08,0,2487
4096,treatment,2026-03-02,0,2148
4097,control,2026-03-04,0,1350
4098,control,2026-03-05,0,1255
4099,control,2026-03-04,0,1249
4100,treatment,2026-03-11,1,1433
4101,treatment,2026-03-12,0,2153
4102,control,2026-03-12,0,1764
4103,control,2026-03-02,0,1041
4104,treatment,2026-03-07,0,943
4105,treatment,2026-03-15,0,1335
4106,control,2026-03-05,1,1613
4107,control,2026-03-05,1,1775
4108,treatment,2026-03-11,1,1740
4109,treatment,2026-03-13,0,1514
4110,treatment,2026-03-06,0,831
4111,control,2026-03-09,0,994
4112,treatment,2026-03-08,0,1262
4113,control,2026-03-11,0,1064
4114,control,2026-03-10,0,1413
4115,control,2026-03-06,0,990
4116,control,2026-03-09,0,1065
4117,treatment,2026-03-12,1,1387
4118,treatment,2026-03-09,1,945
4119,treatment,2026-03-14,1,1950
4120,control,2026-03-09,0,1555
4121,treatment,2026-03-06,0,772
4122,control,2026-03-13,0,1448
4123,control,2026-03-15,1,645
4124,control,2026-03-14,1,1145
4125,control,2026-03-02,0,917
4126,control,2026-03-06,1,1674
4127,treatment,2026-03-10,1,1340
4128,treatment,2026-03-05,0,1090
4129,control,2026-03-09,1,893
4130,treatment,2026-03-12,0,1878
4131,treatment,2026-03-13,0,760
4132,control,2026-03-03,1,1567
4133,control,2026-03-04,0,1101
4134,control,2026-03-13,0,1208
4135,control,2026-03-05,0,1231
4136,treatment,2026-03-15,0,926
4137,control,2026-03-06,0,1180
4138,control,2026-03-11,0,1470
4139,treatment,2026-03-08,0,1911
4140,control,2026-03-14,0,867
4141,control,2026-03-07,0,879
4142,treatment,2026-03-12,1,1624
4143,control,2026-03-14,1,1024
4144,control,2026-03-14,0,1341
4145,treatment,2026-03-12,1,1104
4146,control,2026-03-04,1,1435
4147,treatment,2026-03-07,1,917
4148,treatment,2026-03-08,1,1123
4149,control,2026-03-06,0,1090
4150,control,2026-03-09,1,1904
4151,control,2026-03-15,0,658
4152,treatment,2026-03-08,1,700
4153,control,2026-03-07,1,1963
4154,control,2026-03-15,0,946
4155,treatment,2026-03-06,1,1345
4156,treatment,2026-03-06,0,1756
4157,treatment,2026-03-13,0,1400
4158,treatment,2026-03-08,0,964
4159,control,2026-03-10,1,1968
4160,control,2026-03-14,0,1212
4161,treatment,2026-03-07,0,1299
4162,treatment,2026-03-11,0,847
4163,control,2026-03-03,1,1809
4164,treatment,2026-03-10,0,2068
4165,control,2026-03-12,1,1278
4166,control,2026-03-11,1,1475
4167,treatment,2026-03-11,0,1530
4168,control,2026-03-03,1,1088
4169,treatment,2026-03-05,1,2666
4170,control,2026-03-06,1,980
4171,control,2026-03-09,0,1405
4172,control,2026-03-02,1,1209
4173,control,2026-03-11,1,1492
4174,treatment,2026-03-04,0,1537
4175,control,2026-03-11,0,1063
4176,treatment,2026-03-11,0,2073
4177,control,2026-03-10,0,2019
4178,treatment,2026-03-02,0,884
4179,treatment,2026-03-07,0,776
4180,control,2026-03-12,0,1600
4181,treatment,2026-03-15,1,2350
4182,control,2026-03-03,0,1482
4183,treatment,2026-03-03,0,1067
4184,control,2026-03-07,0,773
4185,control,2026-03-06,0,1028
4186,treatment,2026-03-04,0,2488
4187,control,2026-03-08,1,1635
4188,treatment,2026-03-02,1,1097
4189,control,2026-03-09,0,1276
4190,treatment,2026-03-05,1,1943
4191,control,2026-03-13,0,1670
4192,treatment,2026-03-13,0,1146
4193,control,2026-03-02,0,1474
4194,treatment,2026-03-11,0,1504
4195,control,2026-03-09,0,1555
4196,control,2026-03-13,0,1409
4197,control,2026-03-07,0,2640
4198,treatment,2026-03-05,1,1279
4199,control,2026-03-08,0,1831
4200,treatment,2026-03-07,0,864
4201,control,2026-03-08,0,867
4202,control,2026-03-08,0,891
4203,control,2026-03-02,0,812
4204,control,2026-03-04,0,1520
4205,treatment,2026-03-02,0,1571
4206,treatment,2026-03-14,0,1770
4207,control,2026-03-05,0,1792
4208,treatment,2026-03-02,1,1154
4209,treatment,2026-03-10,0,1525
4210,treatment,2026-03-14,0,1199
4211,treatment,2026-03-10,0,895
4212,treatment,2026-03-09,1,1407
4213,treatment,2026-03-10,1,1046
4214,treatment,2026-03-02,0,2196
4215,control,2026-03-07,0,1265
4216,treatment,2026-03-15,0,1144
4217,treatment,2026-03-04,0,908
4218,treatment,2026-03-13,0,1887
4219,control,2026-03-10,0,1296
4220,treatment,2026-03-03,0,1043
4221,control,2026-03-08,0,1464
4222,control,2026-03-15,1,1159
4223,treatment,2026-03-05,0,1836
4224,treatment,2026-03-06,0,2304
4225,control,2026-03-04,0,966
4226,control,2026-03-04,0,1854
4227,treatment,2026-03-12,1,1123
4228,treatment,2026-03-04,0,1126
4229,treatment,2026-03-14,1,1379
4230,treatment,2026-03-12,0,953
4231,treatment,2026-03-13,1,1659
4232,control,2026-03-09,0,688
4233,control,2026-03-02,0,613
4234,control,2026-03-15,1,1115
4235,treatment,2026-03-04,0,1806
4236,treatment,2026-03-07,0,786
4237,treatment,2026-03-04,1,1112
4238,treatment,2026-03-08,0,1554
4239,control,2026-03-04,1,1136
4240,control,2026-03-03,0,1485
4241,treatment,2026-03-07,1,3030
4242,treatment,2026-03-06,1,1722
4243,control,2026-03-12,1,761
4244,treatment,2026-03-15,0,2100
4245,treatment,2026-03-03,0,1661
4246,treatment,2026-03-08,0,1399
4247,control,2026-03-07,0,679
4248,treatment,2026-03-05,0,895
4249,treatment,2026-03-06,0,2289
4250,treatment,2026-03-09,0,1119
4251,treatment,2026-03-10,0,1278
4252,treatment,2026-03-15,0,1259
4253,control,2026-03-03,1,625
4254,control,2026-03-08,1,894
4255,treatment,2026-03-04,0,1381
4256,treatment,2026-03-07,0,1274
4257,control,2026-03-07,1,1082
4258,treatment,2026-03-09,0,1407
4259,treatment,2026-03-03,0,966
4260,treatment,2026-03-11,1,814
4261,control,2026-03-09,0,1247
4262,treatment,2026-03-10,0,1374
4263,treatment,2026-03-14,1,1871
4264,treatment,2026-03-08,0,1357
4265,treatment,2026-03-13,0,1880
4266,treatment,2026-03-11,1,855
4267,treatment,2026-03-14,1,1716
4268,treatment,2026-03-15,1,1955
4269,treatment,2026-03-07,0,1316
4270,control,2026-03-10,0,750
4271,treatment,2026-03-06,1,1297
4272,control,2026-03-06,1,1506
4273,control,2026-03-08,0,1114
4274,treatment,2026-03-10,1,1781
4275,control,2026-03-10,1,1048
4276,treatment,2026-03-12,1,1146
4277,treatment,2026-03-08,0,2688
4278,treatment,2026-03-13,1,1926
4279,treatment,2026-03-11,1,2551
4280,control,2026-03-11,1,2233
4281,control,2026-03-04,1,723
4282,control,2026-03-06,0,1670
4283,treatment,2026-03-10,1,1400
4284,treatment,2026-03-15,1,1295
4285,control,2026-03-15,0,1042
4286,control,2026-03-08,1,1141
4287,treatment,2026-03-05,0,1273
4288,treatment,2026-03-14,1,1854
4289,control,2026-03-09,0,920
4290,control,2026-03-07,1,1610
4291,treatment,2026-03-13,0,1807
4292,treatment,2026-03-02,1,570
4293,control,2026-03-03,0,768
4294,treatment,2026-03-09,1,1273
4295,control,2026-03-04,1,588
4296,control,2026-03-12,1,1355
4297,control,2026-03-04,0,1072
4298,control,2026-03-11,0,1581
4299,treatment,2026-03-11,1,1756
4300,treatment,2026-03-10,1,1410
4301,control,2026-03-08,0,1025
4302,control,2026-03-03,1,1403
4303,treatment,2026-03-05,1,1192
4304,control,2026-03-05,1,1515
4305,control,2026-03-12,0,2086
4306,control,2026-03-08,0,854
4307,treatment,2026-03-12,1,1073
4308,control,2026-03-07,1,853
4309,control,2026-03-13,0,1178
4310,treatment,2026-03-12,1,1003
4311,treatment,2026-03-08,0,443
4312,treatment,2026-03-10,0,2516
4313,treatment,2026-03-03,1,1392
4314,control,2026-03-11,1,1446
4315,treatment,2026-03-07,1,1280
4316,treatment,2026-03-13,0,1864
4317,treatment,2026-03-04,1,1729
4318,treatment,2026-03-06,0,1423
4319,treatment,2026-03-13,0,1082
4320,treatment,2026-03-06,0,1256
4321,treatment,2026-03-12,0,1738
4322,control,2026-03-15,1,596
4323,treatment,2026-03-13,0,822
4324,control,2026-03-15,1,1823
4325,treatment,2026-03-03,0,856
4326,treatment,2026-03-05,0,629
4327,treatment,2026-03-15,1,960
4328,treatment,2026-03-04,0,1604
4329,treatment,2026-03-06,1,1280
4330,treatment,2026-03-03,1,1329
4331,treatment,2026-03-03,1,1399
4332,control,2026-03-13,0,1576
4333,treatment,2026-03-13,0,1201
4334,control,2026-03-03,0,1061
4335,treatment,2026-03-04,1,824
4336,control,2026-03-15,0,1202
4337,control,2026-03-15,1,1610
4338,treatment,2026-03-02,0,753
4339,treatment,2026-03-11,1,1816
4340,control,2026-03-12,0,948
4341,treatment,2026-03-06,1,1470
4342,control,2026-03-02,0,934
4343,treatment,2026-03-04,0,2350
4344,treatment,2026-03-03,0,1788
4345,treatment,2026-03-09,0,1191
4346,control,2026-03-06,0,1754
4347,control,2026-03-10,0,1826
4348,control,2026-03-04,1,948
4349,control,2026-03-03,0,1651
4350,control,2026-03-13,0,1169
4351,treatment,2026-03-15,1,1412
4352,treatment,2026-03-02,1,1132
4353,control,2026-03-13,0,1366
4354,control,2026-03-11,0,778
4355,treatment,2026-03-03,0,1460
4356,control,2026-03-03,1,1097
4357,control,2026-03-10,0,825
4358,treatment,2026-03-11,0,1481
4359,control,2026-03-12,0,785
4360,control,2026-03-13,0,605
4361,treatment,2026-03-15,0,1983
4362,control,2026-03-12,0,782
4363,treatment,2026-03-06,1,1488
4364,treatment,2026-03-03,0,1296
4365,control,2026-03-06,1,828
4366,treatment,2026-03-11,0,1257
4367,treatment,2026-03-04,0,2369
4368,treatment,2026-03-14,1,1224
4369,control,2026-03-06,0,1871
4370,treatment,2026-03-14,0,1595
4371,treatment,2026-03-12,0,3658
4372,treatment,2026-03-11,1,974
4373,treatment,2026-03-02,0,1685
4374,treatment,2026-03-10,0,2343
4375,control,2026-03-04,0,1325
4376,treatment,2026-03-13,0,2343
4377,control,2026-03-11,1,1000
4378,control,2026-03-12,0,1049
4379,control,2026-03-14,0,1004
4380,treatment,2026-03-09,1,1621
4381,control,2026-03-13,0,962
4382,control,2026-03-05,1,733
4383,treatment,2026-03-10,1,802
4384,treatment,2026-03-04,1,1468
4385,treatment,2026-03-06,1,1285
4386,control,2026-03-12,1,1232
4387,control,2026-03-03,0,1467
4388,control,2026-03-08,0,1433
4389,treatment,2026-03-05,0,2431
4390,control,2026-03-02,0,798
4391,treatment,2026-03-15,0,1397
4392,control,2026-03-04,0,907
4393,control,2026-03-04,1,1863
4394,control,2026-03-12,1,1475
4395,treatment,2026-03-05,1,1818
4396,treatment,2026-03-10,0,859
4397,treatment,2026-03-03,1,1589
4398,control,2026-03-08,0,1039
4399,treatment,2026-03-08,0,1106
4400,control,2026-03-08,1,1249
4401,control,2026-03-04,1,1353
4402,treatment,2026-03-02,1,923
4403,control,2026-03-02,0,1156
4404,treatment,2026-03-06,1,1265
4405,control,2026-03-11,0,1247
4406,control,2026-03-09,0,1188
4407,treatment,2026-03-08,1,929
4408,control,2026-03-07,0,1763
4409,treatment,2026-03-07,1,2521
4410,control,2026-03-07,0,752
4411,control,2026-03-09,1,1788
4412,control,2026-03-05,0,1314
4413,treatment,2026-03-07,0,1376
4414,control,2026-03-15,1,992
4415,treatment,2026-03-08,1,1246
4416,control,2026-03-12,0,798
4417,control,2026-03-07,0,1233
4418,control,2026-03-14,0,1516
4419,treatment,2026-03-10,0,664
4420,control,2026-03-07,0,1542
4421,control,2026-03-11,0,1140
4422,treatment,2026-03-15,0,1281
4423,treatment,2026-03-02,1,1776
4424,control,2026-03-05,1,1445
4425,treatment,2026-03-05,1,1724
4426,control,2026-03-15,0,1144
4427,treatment,2026-03-14,0,2400
4428,control,2026-03-08,0,1647
4429,treatment,2026-03-03,0,1666
4430,control,2026-03-12,0,1243
4431,treatment,2026-03-03,1,1535
4432,treatment,2026-03-14,1,1175
4433,control,2026-03-06,0,1626
4434,treatment,2026-03-10,1,772
4435,control,2026-03-05,0,747
4436,treatment,2026-03-09,1,952
4437,treatment,2026-03-11,0,1055
4438,control,2026-03-10,0,1970
4439,treatment,2026-03-10,1,1728
4440,control,2026-03-13,1,1317
4441,control,2026-03-09,0,1376
4442,control,2026-03-09,1,1106
4443,control,2026-03-12,0,1036
4444,treatment,2026-03-03,1,1449
4445,control,2026-03-05,1,1383
4446,control,2026-03-07,0,2380
4447,treatment,2026-03-06,1,1949
4448,treatment,2026-03-02,0,926
4449,control,2026-03-15,1,844
4450,control,2026-03-09,0,1203
4451,treatment,2026-03-10,0,1629
4452,control,2026-03-15,0,679
4453,control,2026-03-03,1,1270
4454,treatment,2026-03-11,1,1264
4455,control,2026-03-10,0,1186
4456,control,2026-03-10,0,762
4457,treatment,2026-03-03,0,1974
4458,control,2026-03-07,0,1454
4459,treatment,2026-03-10,1,1258
4460,treatment,2026-03-04,0,1051
4461,treatment,2026-03-02,1,2689
4462,control,2026-03-14,0,1424
4463,treatment,2026-03-02,0,1301
4464,control,2026-03-04,0,821
4465,treatment,2026-03-02,0,1423
4466,treatment,2026-03-13,1,1577
4467,treatment,2026-03-06,1,908
4468,treatment,2026-03-03,0,1952
4469,treatment,2026-03-05,1,750
4470,treatment,2026-03-04,0,1225
4471,control,2026-03-07,0,923
4472,treatment,2026-03-13,0,762
4473,control,2026-03-14,0,821
4474,treatment,2026-03-15,0,1201
4475,treatment,2026-03-04,0,1351
4476,treatment,2026-03-07,1,1544
4477,control,2026-03-13,0,965
4478,control,2026-03-10,0,899
4479,treatment,2026-03-15,1,791
4480,control,2026-03-02,1,958
4481,control,2026-03-11,1,923
4482,treatment,2026-03-08,0,1291
4483,control,2026-03-02,0,1000
4484,control,2026-03-08,0,1822
4485,control,2026-03-09,0,600
4486,control,2026-03-14,1,3181
4487,control,2026-03-05,0,1204
4488,treatment,2026-03-06,0,1507
4489,treatment,2026-03-15,0,1204
4490,control,2026-03-14,0,1742
4491,treatment,2026-03-11,0,1038
4492,treatment,2026-03-10,0,1056
4493,treatment,2026-03-07,1,1095
4494,treatment,2026-03-05,1,1039
4495,treatment,2026-03-09,0,1147
4496,control,2026-03-03,0,1649
4497,control,2026-03-09,0,819
4498,treatment,2026-03-04,0,1770
4499,control,2026-03-02,0,1185
4500,treatment,2026-03-13,0,1838
4501,treatment,2026-03-10,0,1212
4502,control,2026-03-05,0,1182
4503,control,2026-03-06,0,1250
4504,control,2026-03-12,0,604
4505,treatment,2026-03-05,1,1525
4506,control,2026-03-15,0,974
4507,treatment,2026-03-10,1,766
4508,treatment,2026-03-05,1,2196
4509,treatment,2026-03-04,0,2456
4510,treatment,2026-03-02,1,1366
4511,treatment,2026-03-02,1,1425
4512,treatment,2026-03-09,0,1342
4513,treatment,2026-03-13,1,2070
4514,treatment,2026-03-04,0,1338
4515,control,2026-03-14,1,1208
4516,treatment,2026-03-03,0,1406
4517,control,2026-03-02,0,1259
4518,treatment,2026-03-11,1,838
4519,control,2026-03-06,0,922
4520,treatment,2026-03-02,0,977
4521,treatment,2026-03-10,1,2140
4522,treatment,2026-03-02,1,1864
4523,control,2026-03-05,1,887
4524,control,2026-03-05,0,1687
4525,treatment,2026-03-14,1,930
4526,control,2026-03-07,1,1383
4527,control,2026-03-15,1,1416
4528,treatment,2026-03-02,1,2651
4529,control,2026-03-07,0,1185
4530,control,2026-03-10,0,1512
4531,treatment,2026-03-07,0,1433
4532,treatment,2026-03-03,1,1018
4533,control,2026-03-10,0,1202
4534,control,2026-03-10,0,863
4535,treatment,2026-03-03,1,2188
4536,control,2026-03-02,0,735
4537,control,2026-03-15,1,1291
4538,control,2026-03-14,0,1266
4539,control,2026-03-08,1,809
4540,control,2026-03-08,1,1167
4541,treatment,2026-03-10,1,1630
4542,control,2026-03-15,0,794
4543,treatment,2026-03-15,0,1159
4544,control,2026-03-05,0,1803
4545,control,2026-03-06,1,1307
4546,treatment,2026-03-08,1,2571
4547,treatment,2026-03-04,0,1484
4548,treatment,2026-03-07,1,1741
4549,treatment,2026-03-05,0,761
4550,control,2026-03-06,1,1367
4551,control,2026-03-09,0,1242
4552,control,2026-03-02,1,798
4553,treatment,2026-03-10,1,1834
4554,control,2026-03-14,0,2017
4555,treatment,2026-03-03,0,1523
4556,control,2026-03-08,0,1040
4557,control,2026-03-14,0,1260
4558,control,2026-03-05,1,1322
4559,control,2026-03-02,0,1298
4560,treatment,2026-03-14,0,1142
4561,control,2026-03-10,1,383
4562,control,2026-03-14,1,1073
4563,control,2026-03-08,1,972
4564,control,2026-03-11,0,1585
4565,control,2026-03-04,0,1377
4566,treatment,2026-03-04,0,788
4567,treatment,2026-03-08,0,980
4568,control,2026-03-03,0,641
4569,control,2026-03-11,0,1669
4570,treatment,2026-03-08,1,1539
4571,treatment,2026-03-09,0,1308
4572,control,2026-03-04,0,922
4573,treatment,2026-03-02,0,1079
4574,treatment,2026-03-10,0,1260
4575,treatment,2026-03-12,0,1680
4576,treatment,2026-03-03,1,1654
4577,control,2026-03-04,1,1265
4578,control,2026-03-05,1,1559
4579,control,2026-03-03,1,1782
4580,treatment,2026-03-09,1,1109
4581,treatment,2026-03-10,1,1223
4582,treatment,2026-03-02,0,1589
4583,treatment,2026-03-11,1,702
4584,treatment,2026-03-08,0,937
4585,control,2026-03-08,1,559
4586,control,2026-03-09,1,1016
4587,treatment,2026-03-08,0,1590
4588,control,2026-03-15,1,1051
4589,treatment,2026-03-11,0,822
4590,treatment,2026-03-02,0,956
4591,control,2026-03-02,1,1414
4592,treatment,2026-03-02,0,2503
4593,control,2026-03-02,1,1530
4594,control,2026-03-04,0,2182
4595,treatment,2026-03-09,1,764
4596,treatment,2026-03-07,0,1590
4597,control,2026-03-02,0,1109
4598,control,2026-03-10,0,1087
4599,treatment,2026-03-11,1,1567
4600,control,2026-03-15,0,1361
4601,control,2026-03-09,1,1803
4602,control,2026-03-04,0,1603
4603,treatment,2026-03-12,0,1609
4604,control,2026-03-15,0,1190
4605,treatment,2026-03-15,0,1148
4606,control,2026-03-03,0,2378
4607,control,2026-03-08,0,1031
4608,control,2026-03-15,1,1252
4609,treatment,2026-03-04,0,940
4610,treatment,2026-03-08,0,1243
4611,control,2026-03-08,0,1401
4612,treatment,2026-03-15,0,1833
4613,treatment,2026-03-13,1,1862
4614,treatment,2026-03-03,1,1216
4615,treatment,2026-03-03,1,1325
4616,treatment,2026-03-05,0,1924
4617,control,2026-03-10,1,1052
4618,control,2026-03-12,0,864
4619,treatment,2026-03-07,0,1761
4620,control,2026-03-09,1,1944
4621,control,2026-03-06,0,996
4622,treatment,2026-03-13,0,1848
4623,control,2026-03-02,0,1251
4624,treatment,2026-03-04,0,1118
4625,treatment,2026-03-04,0,1476
4626,control,2026-03-14,0,1599
4627,treatment,2026-03-03,0,3156
4628,control,2026-03-15,0,1251
4629,control,2026-03-04,0,1072
4630,treatment,2026-03-14,1,1130
4631,control,2026-03-08,0,901
4632,treatment,2026-03-07,1,945
4633,control,2026-03-12,0,1369
4634,control,2026-03-09,1,635
4635,treatment,2026-03-07,1,1890
4636,treatment,2026-03-14,0,695
4637,treatment,2026-03-04,0,927
4638,control,2026-03-14,0,1751
4639,treatment,2026-03-14,1,859
4640,treatment,2026-03-03,0,817
4641,treatment,2026-03-05,1,3024
4642,treatment,2026-03-03,0,1120
4643,treatment,2026-03-07,1,1762
4644,treatment,2026-03-13,0,2570
4645,control,2026-03-07,0,1033
4646,treatment,2026-03-14,1,1236
4647,control,2026-03-09,1,1727
4648,treatment,2026-03-15,0,2100
4649,control,2026-03-03,1,1482
4650,control,2026-03-02,0,1128
4651,control,2026-03-02,0,1142
4652,treatment,2026-03-12,0,1017
4653,treatment,2026-03-12,0,1657
4654,treatment,2026-03-02,1,1256
4655,control,2026-03-05,1,996
4656,treatment,2026-03-11,0,972
4657,control,2026-03-05,0,1089
4658,control,2026-03-11,1,1309
4659,control,2026-03-09,1,1297
4660,treatment,2026-03-04,1,3913
4661,control,2026-03-04,0,1857
4662,treatment,2026-03-04,0,1467
4663,treatment,2026-03-13,0,993
4664,control,2026-03-14,0,1090
4665,control,2026-03-06,1,1067
4666,control,2026-03-08,0,485
4667,treatment,2026-03-05,0,1049
4668,control,2026-03-13,0,636
4669,control,2026-03-11,0,1445
4670,control,2026-03-04,0,898
4671,control,2026-03-02,0,1079
4672,control,2026-03-10,0,1069
4673,treatment,2026-03-15,0,1081
4674,control,2026-03-09,1,969
4675,treatment,2026-03-06,1,1397
4676,control,2026-03-14,0,1668
4677,control,2026-03-09,1,892
4678,treatment,2026-03-12,0,2216
4679,control,2026-03-04,0,1015
4680,control,2026-03-15,0,712
4681,control,2026-03-09,0,1626
4682,control,2026-03-13,0,1440
4683,control,2026-03-13,0,849
4684,treatment,2026-03-10,0,1593
4685,treatment,2026-03-14,0,1025
4686,treatment,2026-03-15,0,1205
4687,treatment,2026-03-03,0,2191
4688,control,2026-03-08,1,1046
4689,control,2026-03-12,1,1130
4690,treatment,2026-03-13,0,1331
4691,control,2026-03-05,1,1069
4692,treatment,2026-03-13,0,2000
4693,control,2026-03-14,0,1527
4694,treatment,2026-03-07,0,1024
4695,treatment,2026-03-07,0,966
4696,control,2026-03-15,1,2600
4697,control,2026-03-10,0,1086
4698,control,2026-03-06,0,2003
4699,treatment,2026-03-09,1,1986
4700,control,2026-03-03,0,1166
4701,treatment,2026-03-02,0,1408
4702,control,2026-03-12,0,2584
4703,control,2026-03-11,1,860
4704,treatment,2026-03-04,0,945
4705,control,2026-03-07,1,517
4706,control,2026-03-08,0,1089
4707,control,2026-03-04,0,831
4708,control,2026-03-15,0,1386
4709,control,2026-03-06,1,1200
4710,control,2026-03-14,0,1023
4711,treatment,2026-03-09,0,843
4712,treatment,2026-03-15,0,1480
4713,treatment,2026-03-03,0,1742
4714,control,2026-03-10,0,1641
4715,control,2026-03-04,0,746
4716,treatment,2026-03-13,0,1720
4717,control,2026-03-12,0,1475
4718,treatment,2026-03-08,1,2069
4719,treatment,2026-03-13,0,2035
4720,control,2026-03-03,0,1572
4721,treatment,2026-03-04,1,1795
4722,treatment,2026-03-11,0,832
4723,treatment,2026-03-05,1,1289
4724,control,2026-03-13,0,1330
4725,control,2026-03-13,0,1681
4726,treatment,2026-03-09,1,1396
4727,treatment,2026-03-07,0,2113
4728,control,2026-03-15,0,1372
4729,treatment,2026-03-02,0,946
4730,control,2026-03-05,0,979
4731,treatment,2026-03-05,0,1793
4732,treatment,2026-03-09,0,892
4733,control,2026-03-15,0,974
4734,treatment,2026-03-06,1,1308
4735,treatment,2026-03-14,0,1205
4736,control,2026-03-02,0,1150
4737,control,2026-03-12,0,954
4738,control,2026-03-02,0,1229
4739,control,2026-03-08,1,1881
4740,control,2026-03-03,0,1152
4741,control,2026-03-11,1,1245
4742,control,2026-03-11,1,1095
4743,treatment,2026-03-07,0,1172
4744,treatment,2026-03-04,0,1215
4745,control,2026-03-02,0,2009
4746,treatment,2026-03-06,0,980
4747,control,2026-03-10,1,1223
4748,control,2026-03-10,0,963
4749,treatment,2026-03-05,1,1089
4750,treatment,2026-03-07,0,2070
4751,control,2026-03-06,0,1057
4752,treatment,2026-03-12,0,1302
4753,treatment,2026-03-02,1,1730
4754,treatment,2026-03-10,0,3067
4755,treatment,2026-03-10,1,3517
4756,treatment,2026-03-06,1,1200
4757,control,2026-03-06,1,1148
4758,treatment,2026-03-07,1,1012
4759,treatment,2026-03-08,1,2049
4760,treatment,2026-03-08,0,1519
4761,control,2026-03-12,0,1364
4762,control,2026-03-11,0,848
4763,treatment,2026-03-03,0,1314
4764,treatment,2026-03-15,1,1041
4765,treatment,2026-03-13,1,605
4766,control,2026-03-10,0,491
4767,treatment,2026-03-13,0,1261
4768,control,2026-03-07,0,1179
4769,control,2026-03-05,0,569
4770,control,2026-03-04,0,799
4771,control,2026-03-04,0,1160
4772,treatment,2026-03-09,0,1042
4773,treatment,2026-03-14,0,978
4774,control,2026-03-15,1,1448
4775,control,2026-03-14,0,445
4776,treatment,2026-03-02,0,2504
4777,treatment,2026-03-09,0,1255
4778,treatment,2026-03-03,0,1675
4779,treatment,2026-03-03,0,1624
4780,treatment,2026-03-03,0,723
4781,treatment,2026-03-02,1,1669
4782,treatment,2026-03-06,1,1407
4783,control,2026-03-05,0,966
4784,treatment,2026-03-08,0,683
4785,treatment,2026-03-10,0,2456
4786,control,2026-03-08,0,1077
4787,control,2026-03-15,1,1362
4788,control,2026-03-15,0,1060
4789,treatment,2026-03-05,1,1549
4790,control,2026-03-13,0,1347
4791,treatment,2026-03-06,1,888
4792,control,2026-03-03,0,825
4793,treatment,2026-03-06,0,2254
4794,treatment,2026-03-14,1,840
4795,control,2026-03-06,0,1668
4796,treatment,2026-03-12,0,1198
4797,treatment,2026-03-04,1,1705
4798,control,2026-03-14,0,1364
4799,control,2026-03-09,0,676
4800,treatment,2026-03-08,1,1555
4801,control,2026-03-07,0,2073
4802,treatment,2026-03-15,0,896
4803,treatment,2026-03-15,1,1951
4804,treatment,2026-03-09,0,1315
4805,treatment,2026-03-12,0,2804
4806,treatment,2026-03-04,0,1566
4807,control,2026-03-09,1,714
4808,treatment,2026-03-06,1,876
4809,treatment,2026-03-11,0,881
4810,treatment,2026-03-12,0,1237
4811,control,2026-03-13,0,2047
4812,control,2026-03-09,0,534
4813,control,2026-03-13,0,733
4814,treatment,2026-03-02,0,1112
4815,treatment,2026-03-04,1,628
4816,treatment,2026-03-12,0,1845
4817,control,2026-03-11,0,1099
4818,control,2026-03-15,0,898
4819,treatment,2026-03-09,0,1009
4820,treatment,2026-03-03,1,1791
4821,treatment,2026-03-02,0,784
4822,treatment,2026-03-05,0,1349
4823,treatment,2026-03-05,0,1876
4824,control,2026-03-06,1,1084
4825,treatment,2026-03-11,0,1476
4826,treatment,2026-03-02,0,2038
4827,control,2026-03-03,1,1308
4828,treatment,2026-03-14,0,1322
4829,treatment,2026-03-03,0,2109
4830,treatment,2026-03-04,1,1930
4831,control,2026-03-09,1,877
4832,treatment,2026-03-14,1,1447
4833,treatment,2026-03-15,0,1015
4834,control,2026-03-09,0,1171
4835,control,2026-03-02,0,2595
4836,control,2026-03-03,1,1313
4837,control,2026-03-03,0,1633
4838,control,2026-03-15,0,1022
4839,treatment,2026-03-13,1,1660
4840,treatment,2026-03-13,0,1507
4841,treatment,2026-03-04,1,2396
4842,control,2026-03-03,0,797
4843,control,2026-03-08,1,793
4844,control,2026-03-07,1,1261
4845,treatment,2026-03-06,0,1027
4846,treatment,2026-03-11,1,1290
4847,treatment,2026-03-14,0,823
4848,treatment,2026-03-09,1,1238
4849,control,2026-03-12,1,1175
4850,treatment,2026-03-10,0,1696
4851,treatment,2026-03-09,0,2062
4852,control,2026-03-10,1,1785
4853,treatment,2026-03-08,0,513
4854,treatment,2026-03-11,0,1376
4855,control,2026-03-13,0,1333
4856,control,2026-03-04,0,563
4857,control,2026-03-12,1,768
4858,treatment,2026-03-09,0,1400
4859,treatment,2026-03-12,1,1709
4860,control,2026-03-15,0,960
4861,control,2026-03-02,0,769
4862,control,2026-03-10,1,1787
4863,treatment,2026-03-04,1,1266
4864,control,2026-03-08,0,1019
4865,control,2026-03-14,0,2417
4866,control,2026-03-04,0,1115
4867,control,2026-03-06,0,1152
4868,treatment,2026-03-05,1,3044
4869,control,2026-03-12,0,871
4870,treatment,2026-03-03,0,2067
4871,treatment,2026-03-06,0,1420
4872,treatment,2026-03-11,0,995
4873,control,2026-03-10,0,859
4874,control,2026-03-15,1,1489
4875,treatment,2026-03-07,1,818
4876,control,2026-03-11,1,1262
4877,treatment,2026-03-14,0,1430
4878,treatment,2026-03-14,1,910
4879,control,2026-03-14,1,1040
4880,treatment,2026-03-12,0,1279
4881,treatment,2026-03-06,0,1086
4882,control,2026-03-15,1,695
4883,treatment,2026-03-08,0,1525
4884,treatment,2026-03-10,1,1707
4885,control,2026-03-10,1,1200
4886,treatment,2026-03-04,0,1147
4887,treatment,2026-03-08,1,726
4888,treatment,2026-03-02,0,1942
4889,treatment,2026-03-14,0,1291
4890,control,2026-03-08,0,1105
4891,treatment,2026-03-02,0,2737
4892,treatment,2026-03-08,1,1297
4893,control,2026-03-02,1,826
4894,control,2026-03-15,1,1055
4895,control,2026-03-07,1,1636
4896,treatment,2026-03-13,0,1163
4897,control,2026-03-14,0,1025
4898,treatment,2026-03-12,0,2020
4899,control,2026-03-07,0,1682
4900,treatment,2026-03-09,1,1324
4901,treatment,2026-03-04,0,1937
4902,treatment,2026-03-07,1,3204
4903,treatment,2026-03-02,0,2078
4904,control,2026-03-10,0,1798
4905,control,2026-03-11,0,828
4906,control,2026-03-06,1,1175
4907,treatment,2026-03-02,0,895
4908,control,2026-03-14,0,828
4909,treatment,2026-03-13,0,2505
4910,control,2026-03-12,0,1140
4911,control,2026-03-07,0,1334
4912,treatment,2026-03-12,1,1329
4913,control,2026-03-11,0,1174
4914,control,2026-03-09,0,1766
4915,treatment,2026-03-13,0,1213
4916,control,2026-03-14,0,1206
4917,treatment,2026-03-07,1,1121
4918,treatment,2026-03-05,0,678
4919,treatment,2026-03-07,0,1187
4920,control,2026-03-12,0,2431
4921,control,2026-03-07,1,979
4922,treatment,2026-03-04,0,1739
4923,treatment,2026-03-11,0,1054
4924,control,2026-03-12,1,1803
4925,control,2026-03-02,1,1768
4926,control,2026-03-03,1,760
4927,treatment,2026-03-04,0,1105
4928,treatment,2026-03-03,1,1087
4929,control,2026-03-13,1,1766
4930,control,2026-03-06,0,849
4931,control,2026-03-03,0,847
4932,treatment,2026-03-09,0,1433
4933,control,2026-03-04,1,1271
4934,control,2026-03-14,0,1838
4935,treatment,2026-03-10,0,956
4936,treatment,2026-03-04,1,1062
4937,control,2026-03-03,0,599
4938,control,2026-03-02,0,1505
4939,control,2026-03-15,0,1146
4940,treatment,2026-03-05,0,1651
4941,treatment,2026-03-03,0,1164
4942,control,2026-03-12,1,897
4943,control,2026-03-12,1,1860
4944,control,2026-03-14,1,966
4945,control,2026-03-15,0,1639
4946,control,2026-03-05,1,938
4947,control,2026-03-03,1,1006
4948,control,2026-03-15,0,1945
4949,treatment,2026-03-15,1,1560
4950,control,2026-03-07,0,2346
4951,control,2026-03-14,0,1655
4952,treatment,2026-03-04,0,1593
4953,control,2026-03-02,0,1095
4954,control,2026-03-05,0,1124
4955,control,2026-03-11,0,845
4956,treatment,2026-03-12,0,1985
4957,control,2026-03-13,1,1412
4958,treatment,2026-03-05,0,1626
4959,control,2026-03-10,0,1631
4960,control,2026-03-09,0,1227
4961,treatment,2026-03-08,1,2154
4962,treatment,2026-03-03,0,1528
4963,treatment,2026-03-14,1,1218
4964,control,2026-03-02,1,1664
4965,control,2026-03-05,1,1023
4966,treatment,2026-03-09,1,1694
4967,treatment,2026-03-05,1,923
4968,control,2026-03-09,0,676
4969,control,2026-03-12,0,925
4970,control,2026-03-14,0,2907
4971,control,2026-03-15,1,1566
4972,treatment,2026-03-09,0,1037
4973,control,2026-03-08,0,1635
4974,treatment,2026-03-10,0,1152
4975,control,2026-03-08,1,1079
4976,treatment,2026-03-02,0,911
4977,treatment,2026-03-10,0,888
4978,treatment,2026-03-02,0,1092
4979,treatment,2026-03-14,1,1349
4980,treatment,2026-03-11,0,1740
4981,treatment,2026-03-10,0,2414
4982,control,2026-03-13,0,1511
4983,control,2026-03-09,0,897
4984,treatment,2026-03-12,0,1632
4985,treatment,2026-03-06,0,1395
4986,control,2026-03-12,1,1001
4987,control,2026-03-03,0,834
4988,control,2026-03-04,1,1130
4989,treatment,2026-03-06,0,1191
4990,treatment,2026-03-05,1,1200
4991,treatment,2026-03-03,0,1110
4992,control,2026-03-04,0,1539
4993,control,2026-03-02,1,1251
4994,control,2026-03-05,1,1310
4995,treatment,2026-03-15,0,1537
4996,control,2026-03-12,0,547
4997,treatment,2026-03-14,0,2120
4998,treatment,2026-03-09,0,2674
4999,control,2026-03-14,1,919
5000,treatment,2026-03-05,1,1511
5001,control,2026-03-14,1,994
5002,treatment,2026-03-14,0,1299
5003,treatment,2026-03-15,1,1760
5004,control,2026-03-06,0,654
5005,control,2026-03-06,1,1200
5006,treatment,2026-03-10,1,2574
5007,treatment,2026-03-09,1,1183
5008,treatment,2026-03-10,1,992
5009,control,2026-03-02,1,1725
5010,treatment,2026-03-06,0,891
5011,treatment,2026-03-08,1,1168
5012,treatment,2026-03-02,0,2422
5013,treatment,2026-03-04,1,2331
5014,control,2026-03-03,0,745
5015,control,2026-03-03,1,1132
5016,treatment,2026-03-09,1,2158
5017,treatment,2026-03-03,1,1384
5018,treatment,2026-03-10,1,1085
5019,control,2026-03-14,0,661
5020,control,2026-03-03,0,1286
5021,treatment,2026-03-03,1,1050
5022,control,2026-03-11,0,820
5023,treatment,2026-03-12,0,1667
5024,treatment,2026-03-06,0,2066
5025,treatment,2026-03-07,0,1018
5026,treatment,2026-03-10,0,1081
5027,treatment,2026-03-12,0,1305
5028,control,2026-03-08,1,1447
5029,control,2026-03-03,0,1728
5030,treatment,2026-03-11,1,1040
5031,control,2026-03-05,1,1302
5032,treatment,2026-03-15,1,1173
5033,treatment,2026-03-03,1,1604
5034,treatment,2026-03-07,0,998
5035,control,2026-03-05,0,1393
5036,control,2026-03-04,0,1184
5037,control,2026-03-13,0,2499
5038,treatment,2026-03-03,0,1536
5039,control,2026-03-07,1,1074
5040,control,2026-03-08,1,1378
5041,treatment,2026-03-06,1,1680
5042,control,2026-03-02,0,1008
5043,treatment,2026-03-05,0,1764
5044,treatment,2026-03-11,0,1083
5045,control,2026-03-10,0,1154
5046,treatment,2026-03-08,0,1799
5047,treatment,2026-03-10,0,735
5048,treatment,2026-03-13,0,2328
5049,control,2026-03-03,0,1093
5050,control,2026-03-15,0,896
5051,control,2026-03-10,0,1109
5052,control,2026-03-10,1,869
5053,control,2026-03-15,1,1704
5054,control,2026-03-06,0,1004
5055,treatment,2026-03-14,1,898
5056,treatment,2026-03-07,0,1976
5057,control,2026-03-07,1,1007
5058,treatment,2026-03-05,1,561
5059,control,2026-03-15,1,2256
5060,treatment,2026-03-11,0,1333
5061,control,2026-03-14,1,799
5062,treatment,2026-03-05,1,1194
5063,control,2026-03-10,1,1427
5064,treatment,2026-03-07,1,1125
5065,control,2026-03-10,0,1937
5066,treatment,2026-03-02,0,928
5067,treatment,2026-03-08,0,827
5068,treatment,2026-03-03,1,2373
5069,treatment,2026-03-12,0,2191
5070,control,2026-03-07,0,503
5071,control,2026-03-05,1,1392
5072,treatment,2026-03-11,0,1231
5073,control,2026-03-05,0,2558
5074,treatment,2026-03-04,1,1389
5075,treatment,2026-03-14,0,1367
5076,control,2026-03-14,1,795
5077,control,2026-03-06,1,853
5078,control,2026-03-12,0,1486
5079,treatment,2026-03-12,1,1134
5080,treatment,2026-03-09,1,1483
5081,control,2026-03-14,0,855
5082,treatment,2026-03-09,0,886
5083,control,2026-03-12,0,1276
5084,control,2026-03-11,0,870
5085,treatment,2026-03-12,0,852
5086,treatment,2026-03-05,0,1070
5087,treatment,2026-03-10,0,933
5088,treatment,2026-03-07,0,1595
5089,treatment,2026-03-12,0,1439
5090,control,2026-03-06,1,1617
5091,control,2026-03-15,1,632
5092,control,2026-03-07,0,1008
5093,control,2026-03-12,1,1301
5094,control,2026-03-09,0,1351
5095,treatment,2026-03-03,0,1273
5096,treatment,2026-03-05,0,2857
5097,control,2026-03-04,1,1459
5098,control,2026-03-08,0,2292
5099,control,2026-03-10,1,1111
5100,treatment,2026-03-11,0,1523
5101,treatment,2026-03-07,0,911
5102,control,2026-03-11,1,1126
5103,control,2026-03-02,0,1440
5104,treatment,2026-03-07,0,2082
5105,treatment,2026-03-12,0,1311
5106,control,2026-03-06,1,1179
5107,treatment,2026-03-04,1,1100
5108,control,2026-03-15,0,1608
5109,control,2026-03-05,0,1284
5110,treatment,2026-03-14,1,5019
5111,control,2026-03-09,0,1353
5112,treatment,2026-03-05,0,1547
5113,treatment,2026-03-03,1,963
5114,control,2026-03-14,0,1598
5115,control,2026-03-07,0,1595
5116,treatment,2026-03-12,0,745
5117,treatment,2026-03-06,0,1998
5118,control,2026-03-09,0,881
5119,control,2026-03-15,1,1358
5120,treatment,2026-03-12,1,724
5121,treatment,2026-03-06,1,1580
5122,treatment,2026-03-10,1,1832
5123,treatment,2026-03-10,1,1171
5124,control,2026-03-08,1,1236
5125,control,2026-03-06,0,1999
5126,control,2026-03-13,1,1533
5127,control,2026-03-05,0,1370
5128,control,2026-03-09,0,1982
5129,treatment,2026-03-05,0,1250
5130,treatment,2026-03-07,0,1235
5131,treatment,2026-03-05,1,1608
5132,treatment,2026-03-08,0,885
5133,treatment,2026-03-05,0,1768
5134,control,2026-03-10,1,1080
5135,control,2026-03-15,1,1167
5136,treatment,2026-03-03,1,1622
5137,treatment,2026-03-13,0,794
5138,control,2026-03-08,1,1560
5139,treatment,2026-03-14,0,1132
5140,control,2026-03-09,0,1722
5141,treatment,2026-03-13,0,1129
5142,treatment,2026-03-03,1,1014
5143,control,2026-03-04,0,1241
5144,treatment,2026-03-14,0,1679
5145,treatment,2026-03-11,0,938
5146,control,2026-03-12,0,593
5147,treatment,2026-03-05,1,2694
5148,treatment,2026-03-10,0,1296
5149,control,2026-03-06,0,743
5150,treatment,2026-03-11,1,1473
5151,control,2026-03-13,0,722
5152,treatment,2026-03-03,0,1000
5153,treatment,2026-03-07,0,1153
5154,treatment,2026-03-12,0,1075
5155,control,2026-03-11,1,993
5156,treatment,2026-03-13,1,1226
5157,treatment,2026-03-10,1,1555
5158,control,2026-03-06,1,1527
5159,control,2026-03-14,0,708
5160,control,2026-03-08,1,1418
5161,control,2026-03-04,0,1547
5162,treatment,2026-03-07,0,1767
5163,treatment,2026-03-09,0,1587
5164,control,2026-03-06,0,865
5165,control,2026-03-09,1,1238
5166,treatment,2026-03-15,0,1725
5167,treatment,2026-03-13,0,1069
5168,control,2026-03-02,1,1888
5169,treatment,2026-03-15,0,956
5170,treatment,2026-03-09,0,665
5171,control,2026-03-03,1,1243
5172,control,2026-03-10,1,1187
5173,treatment,2026-03-11,0,1220
5174,control,2026-03-15,0,1420
5175,treatment,2026-03-08,0,1006
5176,control,2026-03-09,1,1670
5177,treatment,2026-03-05,1,706
5178,control,2026-03-05,0,957
5179,control,2026-03-07,0,1269
5180,treatment,2026-03-06,0,1178
5181,treatment,2026-03-13,1,1203
5182,control,2026-03-13,0,1608
5183,treatment,2026-03-10,0,1820
5184,treatment,2026-03-13,0,1008
5185,control,2026-03-06,0,793
5186,control,2026-03-12,1,1226
5187,control,2026-03-04,0,1413
5188,control,2026-03-03,0,2195
5189,treatment,2026-03-07,0,1667
5190,treatment,2026-03-05,1,847
5191,control,2026-03-15,1,1161
5192,control,2026-03-15,0,1159
5193,control,2026-03-05,1,1147
5194,control,2026-03-04,1,2707
5195,control,2026-03-07,1,1059
5196,control,2026-03-12,1,1556
5197,treatment,2026-03-10,0,1595
5198,treatment,2026-03-06,0,1901
5199,control,2026-03-09,0,1274
5200,control,2026-03-06,1,1499
5201,control,2026-03-06,0,3264
5202,control,2026-03-02,1,918
5203,control,2026-03-05,1,1921
5204,treatment,2026-03-05,0,1185
5205,control,2026-03-08,1,887
5206,treatment,2026-03-06,1,887
5207,control,2026-03-11,0,888
5208,treatment,2026-03-03,1,1392
5209,treatment,2026-03-15,0,1435
5210,treatment,2026-03-08,0,1469
5211,treatment,2026-03-13,0,2314
5212,treatment,2026-03-10,1,1577
5213,treatment,2026-03-08,1,2092
5214,control,2026-03-07,0,1333
5215,treatment,2026-03-06,0,670
5216,control,2026-03-05,1,1019
5217,control,2026-03-09,1,744
5218,control,2026-03-10,1,679
5219,treatment,2026-03-02,1,2041
5220,control,2026-03-03,0,1280
5221,treatment,2026-03-07,0,1969
5222,control,2026-03-02,1,1374
5223,treatment,2026-03-08,0,3087
5224,control,2026-03-13,0,734
5225,control,2026-03-10,1,1420
5226,control,2026-03-10,1,1677
5227,control,2026-03-11,0,1889
5228,treatment,2026-03-15,0,712
5229,treatment,2026-03-04,0,1419
5230,control,2026-03-10,0,2088
5231,control,2026-03-11,0,1019
5232,control,2026-03-04,0,2329
5233,control,2026-03-14,0,1284
5234,control,2026-03-06,0,586
5235,control,2026-03-13,0,1104
5236,treatment,2026-03-08,1,1587
5237,control,2026-03-10,1,1218
5238,control,2026-03-05,0,1119
5239,treatment,2026-03-05,0,750
5240,control,2026-03-03,0,633
5241,treatment,2026-03-09,0,1787
5242,control,2026-03-13,1,2035
5243,treatment,2026-03-05,0,2094
5244,control,2026-03-03,0,1009
5245,treatment,2026-03-13,0,1533
5246,control,2026-03-08,0,892
5247,control,2026-03-11,0,1464
5248,treatment,2026-03-03,0,1526
5249,treatment,2026-03-12,0,2583
5250,treatment,2026-03-07,1,1563
5251,treatment,2026-03-04,1,1103
5252,control,2026-03-08,1,1595
5253,control,2026-03-08,0,793
5254,treatment,2026-03-14,1,834
5255,treatment,2026-03-08,0,1049
5256,treatment,2026-03-08,0,1325
5257,control,2026-03-06,0,3329
5258,treatment,2026-03-12,1,1272
5259,control,2026-03-11,0,1956
5260,treatment,2026-03-09,1,2024
5261,treatment,2026-03-04,0,1875
5262,treatment,2026-03-06,0,1669
5263,control,2026-03-09,0,2247
5264,control,2026-03-02,1,1863
5265,treatment,2026-03-11,0,1291
5266,treatment,2026-03-15,0,3018
5267,control,2026-03-09,0,1550
5268,control,2026-03-09,1,1109
5269,treatment,2026-03-02,1,997
5270,control,2026-03-04,0,1812
5271,treatment,2026-03-07,0,1480
5272,control,2026-03-07,0,1432
5273,control,2026-03-04,0,788
5274,treatment,2026-03-09,0,1896
5275,treatment,2026-03-11,0,1499
5276,treatment,2026-03-13,0,852
5277,control,2026-03-10,1,1540
5278,treatment,2026-03-10,0,601
5279,control,2026-03-12,0,939
5280,treatment,2026-03-02,0,1736
5281,control,2026-03-06,0,731
5282,control,2026-03-06,0,1001
5283,control,2026-03-04,0,1311
5284,treatment,2026-03-11,0,2132
5285,control,2026-03-04,1,717
5286,treatment,2026-03-06,0,1692
5287,treatment,2026-03-09,0,2447
5288,treatment,2026-03-13,0,2482
5289,control,2026-03-04,1,1502
5290,treatment,2026-03-07,0,2359
5291,control,2026-03-12,0,1177
5292,treatment,2026-03-14,1,2030
5293,control,2026-03-12,0,2055
5294,treatment,2026-03-04,0,1280
5295,treatment,2026-03-09,1,1391
5296,control,2026-03-10,1,2252
5297,control,2026-03-03,0,2503
5298,control,2026-03-09,0,1180
5299,treatment,2026-03-12,0,1545
5300,treatment,2026-03-11,1,1472
5301,treatment,2026-03-06,0,1046
5302,control,2026-03-04,0,2034
5303,treatment,2026-03-06,1,1717
5304,treatment,2026-03-15,0,1634
5305,treatment,2026-03-14,1,1372
5306,treatment,2026-03-08,0,1762
5307,treatment,2026-03-03,0,1532
5308,treatment,2026-03-06,0,953
5309,treatment,2026-03-09,0,1025
5310,control,2026-03-08,0,1180
5311,control,2026-03-02,1,1114
5312,treatment,2026-03-03,0,1739
5313,treatment,2026-03-06,1,1089
5314,control,2026-03-12,0,765
5315,control,2026-03-12,1,1431
5316,control,2026-03-07,1,1147
5317,treatment,2026-03-04,1,2522
5318,treatment,2026-03-14,1,1463
5319,control,2026-03-08,0,2092
5320,treatment,2026-03-03,1,1419
5321,control,2026-03-12,0,2560
5322,treatment,2026-03-11,0,785
5323,treatment,2026-03-12,1,1551
5324,treatment,2026-03-04,0,1849
5325,treatment,2026-03-03,1,2004
5326,control,2026-03-12,0,1009
5327,control,2026-03-14,0,1555
5328,control,2026-03-09,0,1154
5329,treatment,2026-03-11,0,1733
5330,control,2026-03-12,0,1216
5331,treatment,2026-03-05,1,925
5332,treatment,2026-03-15,1,1842
5333,control,2026-03-14,0,1313
5334,control,2026-03-02,1,1676
5335,treatment,2026-03-06,1,1231
5336,control,2026-03-09,0,723
5337,treatment,2026-03-13,0,2568
5338,treatment,2026-03-11,0,888
5339,control,2026-03-07,0,959
5340,treatment,2026-03-08,0,1938
5341,treatment,2026-03-10,0,950
5342,treatment,2026-03-10,0,1140
5343,control,2026-03-03,0,974
5344,control,2026-03-04,0,790
5345,control,2026-03-13,0,1989
5346,control,2026-03-08,0,1215
5347,treatment,2026-03-05,1,3177
5348,treatment,2026-03-05,1,1742
5349,control,2026-03-12,0,1168
5350,treatment,2026-03-11,0,970
5351,treatment,2026-03-02,0,1558
5352,control,2026-03-04,0,1572
5353,control,2026-03-15,0,2301
5354,treatment,2026-03-13,0,1282
5355,control,2026-03-03,1,1302
5356,control,2026-03-11,1,1187
5357,treatment,2026-03-15,0,1382
5358,control,2026-03-10,0,1187
5359,control,2026-03-03,0,1047
5360,control,2026-03-14,0,2454
5361,treatment,2026-03-10,0,1842
5362,control,2026-03-06,1,1029
5363,control,2026-03-12,0,798
5364,treatment,2026-03-13,0,1366
5365,treatment,2026-03-11,1,964
5366,treatment,2026-03-03,0,1557
5367,control,2026-03-07,0,871
5368,treatment,2026-03-07,0,2309
5369,control,2026-03-03,0,1859
5370,control,2026-03-10,1,1100
5371,control,2026-03-07,1,1424
5372,control,2026-03-03,0,783
5373,control,2026-03-13,0,798
5374,control,2026-03-14,0,1343
5375,control,2026-03-05,1,1132
5376,control,2026-03-09,1,1626
5377,treatment,2026-03-06,1,1533
5378,treatment,2026-03-04,1,1253
5379,treatment,2026-03-08,0,1135
5380,treatment,2026-03-14,0,1294
5381,treatment,2026-03-06,1,827
5382,control,2026-03-10,0,1339
5383,treatment,2026-03-07,1,1319
5384,control,2026-03-08,0,2385
5385,treatment,2026-03-14,1,1074
5386,control,2026-03-15,1,1106
5387,treatment,2026-03-13,1,1899
5388,treatment,2026-03-08,0,1259
5389,treatment,2026-03-03,0,1467
5390,treatment,2026-03-07,1,1493
5391,control,2026-03-13,0,891
5392,treatment,2026-03-06,1,1456
5393,control,2026-03-02,0,2276
5394,treatment,2026-03-10,1,2554
5395,treatment,2026-03-10,1,1092
5396,treatment,2026-03-04,1,855
5397,treatment,2026-03-06,0,1017
5398,control,2026-03-04,1,1219
5399,control,2026-03-02,1,1029
5400,treatment,2026-03-02,0,1282
5401,control,2026-03-11,0,759
5402,treatment,2026-03-15,0,1392
5403,treatment,2026-03-12,0,1573
5404,treatment,2026-03-11,1,2524
5405,treatment,2026-03-13,0,1357
5406,treatment,2026-03-07,0,577
5407,treatment,2026-03-08,0,2203
5408,treatment,2026-03-09,0,1186
5409,treatment,2026-03-02,0,1290
5410,control,2026-03-13,1,1052
5411,control,2026-03-14,1,1513
5412,treatment,2026-03-02,0,1241
5413,treatment,2026-03-15,1,1068
5414,control,2026-03-10,0,1194
5415,control,2026-03-13,0,1420
5416,control,2026-03-02,0,1505
5417,treatment,2026-03-07,0,2208
5418,treatment,2026-03-11,1,1194
5419,treatment,2026-03-12,1,1921
5420,treatment,2026-03-15,0,1241
5421,treatment,2026-03-09,1,1397
5422,control,2026-03-06,0,917
5423,control,2026-03-11,1,1359
5424,treatment,2026-03-13,0,1548
5425,treatment,2026-03-13,0,1146
5426,control,2026-03-13,0,919
5427,treatment,2026-03-09,1,859
5428,treatment,2026-03-13,0,1748
5429,control,2026-03-10,0,1175
5430,control,2026-03-07,0,872
5431,treatment,2026-03-04,0,1006
5432,control,2026-03-06,1,1408
5433,control,2026-03-14,0,788
5434,treatment,2026-03-15,1,823
5435,control,2026-03-10,0,2536
5436,control,2026-03-02,0,841
5437,treatment,2026-03-14,0,1147
5438,treatment,2026-03-11,1,1794
5439,control,2026-03-02,0,750
5440,treatment,2026-03-03,1,1090
5441,treatment,2026-03-13,0,1144
5442,control,2026-03-15,0,472
5443,control,2026-03-05,0,1670
5444,treatment,2026-03-07,1,1306
5445,treatment,2026-03-09,0,556
5446,treatment,2026-03-15,0,1080
5447,treatment,2026-03-14,0,1761
5448,treatment,2026-03-13,0,910
5449,treatment,2026-03-08,1,2513
5450,treatment,2026-03-02,1,900
5451,control,2026-03-09,0,3239
5452,treatment,2026-03-13,1,1177
5453,control,2026-03-08,0,1230
5454,control,2026-03-03,0,595
5455,control,2026-03-13,0,1354
5456,control,2026-03-13,0,658
5457,control,2026-03-13,0,787
5458,control,2026-03-14,0,1072
5459,control,2026-03-07,0,1650
5460,treatment,2026-03-06,0,1765
5461,control,2026-03-07,0,1726
5462,control,2026-03-08,0,1267
5463,treatment,2026-03-02,0,1598
5464,treatment,2026-03-08,1,1415
5465,control,2026-03-11,1,830
5466,control,2026-03-03,0,681
5467,treatment,2026-03-04,1,1284
5468,control,2026-03-03,1,1573
5469,treatment,2026-03-02,1,1508
5470,control,2026-03-06,1,960
5471,control,2026-03-02,1,1383
5472,control,2026-03-09,0,1153
5473,treatment,2026-03-12,0,1993
5474,treatment,2026-03-09,0,940
5475,treatment,2026-03-12,0,1460
5476,treatment,2026-03-08,0,1370
5477,control,2026-03-15,0,1815
5478,control,2026-03-02,1,1721
5479,control,2026-03-03,1,1413
5480,treatment,2026-03-14,0,1246
5481,control,2026-03-03,0,411
5482,control,2026-03-06,1,1024
5483,control,2026-03-04,0,975
5484,control,2026-03-10,0,1759
5485,treatment,2026-03-15,0,2800
5486,control,2026-03-14,0,1697
5487,control,2026-03-07,1,1453
5488,treatment,2026-03-13,0,1170
5489,treatment,2026-03-02,0,813
5490,control,2026-03-10,1,1024
5491,treatment,2026-03-12,0,1390
5492,treatment,2026-03-09,0,1487
5493,treatment,2026-03-12,0,1187
5494,treatment,2026-03-09,1,1141
5495,treatment,2026-03-13,0,1950
5496,treatment,2026-03-03,1,2905
5497,control,2026-03-15,0,1885
5498,control,2026-03-15,1,1449
5499,control,2026-03-09,0,1283
5500,treatment,2026-03-04,0,1340
5501,treatment,2026-03-06,1,1428
5502,treatment,2026-03-15,1,866
5503,treatment,2026-03-05,0,1142
5504,control,2026-03-08,0,1058
5505,control,2026-03-12,1,1590
5506,treatment,2026-03-15,0,602
5507,treatment,2026-03-14,0,1682
5508,control,2026-03-03,1,1458
5509,treatment,2026-03-12,0,1074
5510,control,2026-03-09,1,2199
5511,treatment,2026-03-02,0,1345
5512,treatment,2026-03-02,0,1094
5513,treatment,2026-03-05,1,1281
5514,control,2026-03-03,0,1084
5515,treatment,2026-03-07,0,828
5516,treatment,2026-03-13,0,1436
5517,treatment,2026-03-09,0,1364
5518,treatment,2026-03-05,0,2668
5519,control,2026-03-09,0,898
5520,control,2026-03-04,0,2005
5521,control,2026-03-11,1,962
5522,control,2026-03-13,1,962
5523,control,2026-03-12,0,1056
5524,treatment,2026-03-14,1,1728
5525,control,2026-03-15,1,1362
5526,treatment,2026-03-11,1,1758
5527,control,2026-03-11,0,1297
5528,treatment,2026-03-12,0,1287
5529,control,2026-03-05,1,1868
5530,control,2026-03-15,0,803
5531,control,2026-03-02,1,1272
5532,treatment,2026-03-11,1,3140
5533,treatment,2026-03-04,1,1270
5534,treatment,2026-03-13,0,932
5535,control,2026-03-08,1,846
5536,treatment,2026-03-02,1,1341
5537,treatment,2026-03-08,1,1723
5538,treatment,2026-03-12,1,697
5539,control,2026-03-13,1,742
5540,control,2026-03-04,0,1536
5541,treatment,2026-03-02,1,1616
5542,control,2026-03-15,0,940
5543,control,2026-03-14,0,1010
5544,treatment,2026-03-02,1,562
5545,control,2026-03-13,0,843
5546,control,2026-03-02,1,871
5547,treatment,2026-03-12,0,1455
5548,control,2026-03-13,0,1247
5549,control,2026-03-14,1,607
5550,control,2026-03-03,0,1947
5551,control,2026-03-06,1,1428
5552,control,2026-03-03,0,889
5553,treatment,2026-03-13,1,1213
5554,treatment,2026-03-12,0,752
5555,treatment,2026-03-09,0,1525
5556,treatment,2026-03-14,0,1593
5557,control,2026-03-06,0,1230
5558,control,2026-03-09,0,1202
5559,control,2026-03-04,1,1268
5560,control,2026-03-04,0,1269
5561,control,2026-03-06,1,1207
5562,treatment,2026-03-15,0,1925
5563,control,2026-03-12,1,2291
5564,treatment,2026-03-03,1,1578
5565,control,2026-03-03,0,1013
5566,control,2026-03-11,1,1615
5567,treatment,2026-03-15,0,1785
5568,treatment,2026-03-03,1,1955
5569,control,2026-03-03,1,1421
5570,control,2026-03-05,0,1032
5571,control,2026-03-02,1,884
5572,treatment,2026-03-07,0,1070
5573,control,2026-03-13,1,2296
5574,treatment,2026-03-11,0,931
5575,control,2026-03-07,0,1221
5576,treatment,2026-03-03,1,2015
5577,treatment,2026-03-13,0,1512
5578,control,2026-03-15,0,1110
5579,control,2026-03-07,0,873
5580,treatment,2026-03-02,0,1049
5581,control,2026-03-02,0,1500
5582,treatment,2026-03-02,0,1864
5583,treatment,2026-03-11,0,1905
5584,control,2026-03-09,1,1004
5585,control,2026-03-14,0,2063
5586,control,2026-03-04,1,2165
5587,treatment,2026-03-14,1,1814
5588,control,2026-03-12,0,888
5589,treatment,2026-03-05,1,1017
5590,control,2026-03-14,0,944
5591,control,2026-03-04,0,929
5592,control,2026-03-04,0,1077
5593,treatment,2026-03-11,0,1614
5594,treatment,2026-03-15,0,2059
5595,control,2026-03-13,1,1247
5596,control,2026-03-11,0,1414
5597,treatment,2026-03-08,0,1356
5598,control,2026-03-04,1,886
5599,control,2026-03-04,1,653
5600,treatment,2026-03-04,1,1631
5601,control,2026-03-04,0,1346
5602,control,2026-03-05,0,1236
5603,treatment,2026-03-10,0,1330
5604,treatment,2026-03-13,0,1143
5605,control,2026-03-12,0,1345
5606,treatment,2026-03-06,0,881
5607,control,2026-03-02,0,1098
5608,control,2026-03-07,0,2243
5609,treatment,2026-03-09,1,1285
5610,control,2026-03-14,1,2339
5611,control,2026-03-10,0,954
5612,treatment,2026-03-03,0,1909
5613,control,2026-03-04,0,1518
5614,treatment,2026-03-09,1,1433
5615,treatment,2026-03-11,0,1782
5616,control,2026-03-09,1,1207
5617,control,2026-03-06,0,904
5618,control,2026-03-05,0,1617
5619,treatment,2026-03-08,0,1353
5620,treatment,2026-03-09,0,3725
5621,treatment,2026-03-11,0,1367
5622,control,2026-03-13,0,881
5623,treatment,2026-03-04,0,1772
5624,treatment,2026-03-15,0,1299
5625,treatment,2026-03-02,0,2475
5626,control,2026-03-02,1,739
5627,treatment,2026-03-05,0,1787
5628,treatment,2026-03-03,1,657
5629,treatment,2026-03-08,0,1267
5630,treatment,2026-03-09,0,940
5631,treatment,2026-03-09,1,1716
5632,treatment,2026-03-13,0,897
5633,control,2026-03-02,0,973
5634,treatment,2026-03-03,1,1440
5635,treatment,2026-03-09,0,1100
5636,control,2026-03-09,1,1127
5637,treatment,2026-03-15,1,1650
5638,control,2026-03-11,0,2307
5639,control,2026-03-05,0,1945
5640,control,2026-03-05,0,1990
5641,treatment,2026-03-07,1,1640
5642,control,2026-03-03,1,610
5643,control,2026-03-14,1,1250
5644,treatment,2026-03-03,1,2274
5645,control,2026-03-12,0,1655
5646,control,2026-03-11,0,1082
5647,treatment,2026-03-04,1,1623
5648,control,2026-03-05,0,1640
5649,control,2026-03-04,1,1059
5650,treatment,2026-03-04,1,1212
5651,treatment,2026-03-07,1,1630
5652,control,2026-03-13,0,2129
5653,treatment,2026-03-15,1,1235
5654,control,2026-03-04,0,829
5655,control,2026-03-03,0,995
5656,control,2026-03-05,1,1126
5657,treatment,2026-03-14,0,1125
5658,treatment,2026-03-12,1,1483
5659,control,2026-03-15,0,841
5660,control,2026-03-15,0,990
5661,treatment,2026-03-12,1,1055
5662,control,2026-03-07,1,1175
5663,control,2026-03-13,0,882
5664,control,2026-03-10,0,1081
5665,control,2026-03-09,1,1906
5666,control,2026-03-06,1,932
5667,treatment,2026-03-09,1,1033
5668,treatment,2026-03-08,1,2309
5669,treatment,2026-03-03,0,1995
5670,control,2026-03-13,1,1056
5671,treatment,2026-03-13,1,701
5672,control,2026-03-02,0,773
5673,control,2026-03-03,1,972
5674,treatment,2026-03-13,0,1489
5675,control,2026-03-09,1,967
5676,treatment,2026-03-05,1,1280
5677,control,2026-03-03,0,772
5678,treatment,2026-03-12,0,1273
5679,treatment,2026-03-12,0,2517
5680,treatment,2026-03-07,1,1400
5681,treatment,2026-03-05,0,1014
5682,control,2026-03-13,0,892
5683,control,2026-03-06,1,1020
5684,treatment,2026-03-05,0,1300
5685,control,2026-03-14,0,1301
5686,control,2026-03-07,0,655
5687,control,2026-03-02,0,1115
5688,control,2026-03-05,0,1162
5689,control,2026-03-10,1,1500
5690,treatment,2026-03-11,0,1623
5691,control,2026-03-07,0,719
5692,treatment,2026-03-07,0,761
5693,control,2026-03-09,0,995
5694,control,2026-03-02,0,826
5695,treatment,2026-03-14,1,995
5696,control,2026-03-08,1,1634
5697,control,2026-03-05,1,1237
5698,control,2026-03-03,1,1116
5699,treatment,2026-03-07,1,1541
5700,control,2026-03-03,1,920
5701,treatment,2026-03-02,0,1791
5702,control,2026-03-08,0,1459
5703,treatment,2026-03-06,0,1479
5704,treatment,2026-03-13,1,1629
5705,control,2026-03-08,1,1532
5706,treatment,2026-03-09,1,1833
5707,treatment,2026-03-02,0,1203
5708,treatment,2026-03-06,0,773
5709,control,2026-03-15,0,1059
5710,control,2026-03-03,0,1455
5711,treatment,2026-03-12,1,797
5712,control,2026-03-09,0,1218
5713,treatment,2026-03-13,1,2564
5714,treatment,2026-03-08,0,860
5715,control,2026-03-07,0,1380
5716,treatment,2026-03-02,0,983
5717,control,2026-03-06,0,1158
5718,treatment,2026-03-11,1,1330
5719,control,2026-03-09,0,1133
5720,treatment,2026-03-12,0,1522
5721,treatment,2026-03-05,1,1474
5722,treatment,2026-03-02,0,829
5723,treatment,2026-03-08,0,1044
5724,treatment,2026-03-12,0,1939
5725,treatment,2026-03-15,0,858
5726,control,2026-03-11,0,1382
5727,treatment,2026-03-15,0,1889
5728,treatment,2026-03-07,0,1268
5729,control,2026-03-14,0,1179
5730,treatment,2026-03-04,1,1714
5731,treatment,2026-03-14,0,870
5732,treatment,2026-03-06,1,916
5733,control,2026-03-12,0,910
5734,treatment,2026-03-15,1,919
5735,treatment,2026-03-13,1,1093
5736,treatment,2026-03-02,1,905
5737,treatment,2026-03-13,1,1002
5738,treatment,2026-03-14,0,1294
5739,control,2026-03-06,1,603
5740,control,2026-03-06,0,1016
5741,treatment,2026-03-13,1,1179
5742,treatment,2026-03-02,0,1694
5743,control,2026-03-07,0,1520
5744,treatment,2026-03-13,0,1660
5745,treatment,2026-03-05,1,1298
5746,treatment,2026-03-04,1,959
5747,control,2026-03-04,0,2788
5748,treatment,2026-03-07,0,1321
5749,control,2026-03-03,0,897
5750,treatment,2026-03-03,1,1066
5751,treatment,2026-03-04,0,2120
5752,control,2026-03-13,0,794
5753,treatment,2026-03-15,1,592
5754,control,2026-03-13,0,1928
5755,treatment,2026-03-09,0,2139
5756,control,2026-03-12,1,881
5757,treatment,2026-03-10,1,1117
5758,treatment,2026-03-11,1,1363
5759,treatment,2026-03-12,0,2183
5760,control,2026-03-12,0,831
5761,control,2026-03-06,1,999
5762,treatment,2026-03-03,0,1069
5763,control,2026-03-02,0,873
5764,treatment,2026-03-05,0,1793
5765,treatment,2026-03-05,0,2071
5766,treatment,2026-03-03,1,1460
5767,treatment,2026-03-12,1,579
5768,treatment,2026-03-11,0,2119
5769,control,2026-03-09,1,2221
5770,control,2026-03-08,0,2126
5771,control,2026-03-07,0,711
5772,control,2026-03-15,1,1259
5773,treatment,2026-03-10,0,835
5774,treatment,2026-03-05,1,1431
5775,control,2026-03-06,1,742
5776,control,2026-03-05,0,1909
5777,control,2026-03-02,0,1543
5778,control,2026-03-06,0,2701
5779,control,2026-03-13,0,906
5780,treatment,2026-03-11,0,1163
5781,control,2026-03-13,1,1462
5782,treatment,2026-03-05,1,1255
5783,control,2026-03-03,0,1789
5784,control,2026-03-11,0,1299
5785,control,2026-03-11,0,1853
5786,treatment,2026-03-15,1,1738
5787,control,2026-03-06,0,1160
5788,treatment,2026-03-02,1,2349
5789,treatment,2026-03-06,1,850
5790,treatment,2026-03-08,0,685
5791,control,2026-03-15,0,541
5792,treatment,2026-03-10,0,1308
5793,treatment,2026-03-15,0,1896
5794,control,2026-03-06,0,966
5795,control,2026-03-08,1,1556
5796,control,2026-03-09,1,1918
5797,treatment,2026-03-11,1,1191
5798,control,2026-03-06,0,703
5799,control,2026-03-02,1,987
5800,treatment,2026-03-03,1,1483
5801,treatment,2026-03-05,1,2096
5802,treatment,2026-03-09,1,1071
5803,control,2026-03-02,0,2171
5804,control,2026-03-08,0,1560
5805,treatment,2026-03-10,0,1541
5806,control,2026-03-09,0,1811
5807,treatment,2026-03-14,0,2238
5808,treatment,2026-03-15,1,1330
5809,treatment,2026-03-11,0,1975
5810,control,2026-03-04,0,1085
5811,control,2026-03-07,0,641
5812,control,2026-03-04,1,1351
5813,treatment,2026-03-09,0,1186
5814,treatment,2026-03-02,1,1583
5815,treatment,2026-03-05,1,991
5816,treatment,2026-03-13,0,1228
5817,control,2026-03-11,0,1439
5818,control,2026-03-05,1,1231
5819,treatment,2026-03-11,0,2294
5820,control,2026-03-06,0,1018
5821,treatment,2026-03-13,0,4473
5822,control,2026-03-05,0,611
5823,treatment,2026-03-13,0,1479
5824,treatment,2026-03-07,0,1690
5825,control,2026-03-14,0,965
5826,treatment,2026-03-13,0,3742
5827,treatment,2026-03-13,0,1237
5828,treatment,2026-03-05,0,1877
5829,control,2026-03-10,1,1002
5830,treatment,2026-03-02,1,974
5831,control,2026-03-12,0,1111
5832,treatment,2026-03-05,1,1424
5833,control,2026-03-06,1,1162
5834,treatment,2026-03-12,0,1706
5835,treatment,2026-03-15,0,1014
5836,control,2026-03-07,1,1274
5837,treatment,2026-03-14,0,1415
5838,control,2026-03-03,0,1550
5839,control,2026-03-09,0,1531
5840,control,2026-03-11,1,1330
5841,treatment,2026-03-07,0,1584
5842,treatment,2026-03-09,1,1268
5843,control,2026-03-09,0,1984
5844,control,2026-03-04,1,1402
5845,treatment,2026-03-07,0,1392
5846,control,2026-03-03,0,3379
5847,treatment,2026-03-12,0,901
5848,treatment,2026-03-05,0,2696
5849,treatment,2026-03-04,1,1159
5850,control,2026-03-04,1,1715
5851,control,2026-03-09,0,1544
5852,control,2026-03-11,1,571
5853,control,2026-03-13,1,1161
5854,treatment,2026-03-03,0,1366
5855,treatment,2026-03-13,0,713
5856,control,2026-03-13,0,2010
5857,control,2026-03-08,0,1228
5858,treatment,2026-03-15,1,1096
5859,control,2026-03-14,1,1036
5860,control,2026-03-07,0,1689
5861,control,2026-03-13,1,1489
5862,control,2026-03-05,1,1314
5863,control,2026-03-10,0,1297
5864,treatment,2026-03-14,1,1907
5865,treatment,2026-03-04,0,1071
5866,control,2026-03-15,0,1126
5867,treatment,2026-03-10,1,1731
5868,treatment,2026-03-06,0,1891
5869,treatment,2026-03-07,1,871
5870,treatment,2026-03-07,1,1685
5871,treatment,2026-03-13,0,1617
5872,control,2026-03-09,0,833
5873,control,2026-03-09,0,789
5874,treatment,2026-03-05,1,1990
5875,treatment,2026-03-10,1,1096
5876,treatment,2026-03-15,1,1720
5877,control,2026-03-09,0,1368
5878,treatment,2026-03-14,0,857
5879,control,2026-03-07,0,1416
5880,control,2026-03-13,0,1916
5881,treatment,2026-03-02,1,1811
5882,treatment,2026-03-13,0,1303
5883,control,2026-03-14,1,1714
5884,treatment,2026-03-15,1,1976
5885,control,2026-03-11,1,1807
5886,treatment,2026-03-12,0,1996
5887,treatment,2026-03-06,0,909
5888,treatment,2026-03-07,1,1101
5889,treatment,2026-03-03,1,1869
5890,treatment,2026-03-02,0,2077
5891,treatment,2026-03-10,1,2444
5892,control,2026-03-03,1,1521
5893,treatment,2026-03-08,0,1870
5894,treatment,2026-03-10,1,1207
5895,treatment,2026-03-14,1,947
5896,control,2026-03-05,0,1160
5897,control,2026-03-06,0,737
5898,treatment,2026-03-04,0,1979
5899,treatment,2026-03-06,1,1724
5900,treatment,2026-03-10,1,2289
5901,control,2026-03-04,0,816
5902,treatment,2026-03-09,0,962
5903,treatment,2026-03-13,0,1415
5904,control,2026-03-03,1,1750
5905,control,2026-03-06,0,1808
5906,control,2026-03-15,1,1146
5907,treatment,2026-03-10,1,1976
5908,control,2026-03-13,0,1393
5909,treatment,2026-03-04,1,660
5910,treatment,2026-03-02,1,1260
5911,control,2026-03-10,0,2003
5912,control,2026-03-14,0,1628
5913,treatment,2026-03-11,0,1945
5914,control,2026-03-05,1,629
5915,treatment,2026-03-06,1,707
5916,treatment,2026-03-03,0,3457
5917,treatment,2026-03-03,0,1686
5918,treatment,2026-03-06,0,957
5919,treatment,2026-03-02,0,858
5920,control,2026-03-14,0,1586
5921,treatment,2026-03-04,0,1946
5922,control,2026-03-14,0,967
5923,control,2026-03-12,0,1458
5924,control,2026-03-05,1,802
5925,treatment,2026-03-07,1,919
5926,control,2026-03-13,0,1610
5927,control,2026-03-05,0,1602
5928,treatment,2026-03-07,0,605
5929,treatment,2026-03-13,0,1397
5930,treatment,2026-03-02,0,1130
5931,treatment,2026-03-14,0,1609
5932,treatment,2026-03-04,0,1697
5933,treatment,2026-03-11,0,2051
5934,treatment,2026-03-03,0,1288
5935,treatment,2026-03-10,0,1262
5936,control,2026-03-02,0,1145
5937,treatment,2026-03-07,1,1851
5938,control,2026-03-09,1,661
5939,treatment,2026-03-03,0,1068
5940,control,2026-03-14,0,825
5941,treatment,2026-03-06,0,1324
5942,treatment,2026-03-15,0,638
5943,treatment,2026-03-07,0,1367
5944,control,2026-03-08,0,920
5945,treatment,2026-03-02,0,1638
5946,treatment,2026-03-13,1,1279
5947,control,2026-03-12,1,1701
5948,treatment,2026-03-05,0,958
5949,treatment,2026-03-05,0,1491
5950,treatment,2026-03-03,0,1485
5951,control,2026-03-03,1,1866
5952,treatment,2026-03-03,1,1117
5953,treatment,2026-03-09,0,463
5954,control,2026-03-06,0,1073
5955,control,2026-03-04,0,1147
5956,treatment,2026-03-12,0,1186
5957,treatment,2026-03-10,0,1100
5958,control,2026-03-15,1,1143
5959,treatment,2026-03-04,1,2072
5960,control,2026-03-07,0,1150
5961,control,2026-03-11,1,1224
5962,control,2026-03-03,0,1463
5963,treatment,2026-03-04,0,1316
5964,control,2026-03-08,0,2178
5965,treatment,2026-03-10,0,1080
5966,control,2026-03-15,0,1144
5967,control,2026-03-15,1,877
5968,treatment,2026-03-03,0,1026
5969,control,2026-03-15,0,1699
5970,control,2026-03-05,1,1119
5971,treatment,2026-03-12,0,2206
5972,treatment,2026-03-09,0,987
5973,control,2026-03-14,0,1004
5974,control,2026-03-12,0,937
5975,treatment,2026-03-07,0,1439
5976,control,2026-03-06,1,1412
5977,control,2026-03-02,0,916
5978,control,2026-03-13,0,1466
5979,treatment,2026-03-04,1,1305
5980,treatment,2026-03-11,0,633
5981,control,2026-03-02,0,1298
5982,control,2026-03-05,1,1470
5983,control,2026-03-07,0,2060
5984,control,2026-03-11,0,1073
5985,control,2026-03-09,0,763
5986,treatment,2026-03-11,0,1816
5987,treatment,2026-03-10,0,1746
5988,control,2026-03-12,0,1397
5989,control,2026-03-07,0,2397
5990,treatment,2026-03-03,0,1605
5991,control,2026-03-05,1,1366
5992,treatment,2026-03-07,0,1704
5993,treatment,2026-03-04,1,1638
5994,treatment,2026-03-10,0,1777
5995,control,2026-03-04,1,771
5996,control,2026-03-13,0,1451
5997,treatment,2026-03-03,0,1059
5998,treatment,2026-03-12,0,1263
5999,control,2026-03-14,0,916
6000,treatment,2026-03-15,1,1613
6001,treatment,2026-03-14,0,1626
6002,control,2026-03-15,1,1205
6003,treatment,2026-03-15,1,1053
6004,treatment,2026-03-07,0,1054
6005,control,2026-03-12,0,1854
6006,treatment,2026-03-08,0,1825
6007,control,2026-03-08,0,1042
6008,control,2026-03-02,1,998
6009,control,2026-03-14,0,2065
6010,treatment,2026-03-07,0,1361
6011,treatment,2026-03-03,0,1226
6012,control,2026-03-05,1,950
6013,treatment,2026-03-02,1,1381
6014,treatment,2026-03-03,0,945
6015,control,2026-03-03,0,2103
6016,control,2026-03-03,1,1012
6017,control,2026-03-12,0,1060
6018,control,2026-03-13,0,887
6019,treatment,2026-03-10,0,1133
6020,control,2026-03-07,0,1112
6021,treatment,2026-03-14,0,1657
6022,control,2026-03-14,0,994
6023,treatment,2026-03-14,0,1919
6024,control,2026-03-03,1,1721
6025,control,2026-03-07,1,798
6026,control,2026-03-14,1,928
6027,treatment,2026-03-07,0,1367
6028,treatment,2026-03-03,0,878
6029,treatment,2026-03-14,0,2482
6030,control,2026-03-11,0,1304
6031,control,2026-03-03,0,1908
6032,control,2026-03-02,1,1113
6033,control,2026-03-14,0,919
6034,control,2026-03-14,0,944
6035,treatment,2026-03-11,0,1534
6036,control,2026-03-04,0,999
6037,treatment,2026-03-06,0,927
6038,control,2026-03-11,1,2017
6039,treatment,2026-03-12,0,1535
6040,treatment,2026-03-09,0,1309
6041,control,2026-03-03,0,900
6042,control,2026-03-09,1,1157
6043,treatment,2026-03-05,1,593
6044,control,2026-03-09,1,1496
6045,treatment,2026-03-10,1,1338
6046,treatment,2026-03-10,0,1332
6047,treatment,2026-03-11,1,1858
6048,control,2026-03-06,1,1212
6049,control,2026-03-15,0,1592
6050,treatment,2026-03-13,1,1416
6051,treatment,2026-03-11,1,1409
6052,treatment,2026-03-08,1,2454
6053,control,2026-03-15,1,946
6054,treatment,2026-03-08,1,1552
6055,treatment,2026-03-15,0,709
6056,control,2026-03-08,0,1314
6057,control,2026-03-02,1,731
6058,treatment,2026-03-13,0,1569
6059,control,2026-03-14,1,2410
6060,control,2026-03-08,1,1257
6061,treatment,2026-03-15,0,1768
6062,control,2026-03-02,0,767
6063,treatment,2026-03-06,1,949
6064,treatment,2026-03-11,1,1074
6065,treatment,2026-03-02,1,1160
6066,treatment,2026-03-06,0,664
6067,control,2026-03-06,1,1169
6068,treatment,2026-03-11,0,1556
6069,control,2026-03-04,0,694
6070,treatment,2026-03-06,0,1299
6071,treatment,2026-03-11,1,980
6072,treatment,2026-03-05,0,892
6073,treatment,2026-03-07,1,1945
6074,control,2026-03-04,0,1359
6075,control,2026-03-14,1,867
6076,control,2026-03-06,0,828
6077,treatment,2026-03-02,1,912
6078,control,2026-03-06,1,2081
6079,treatment,2026-03-02,0,1217
6080,control,2026-03-14,1,916
6081,control,2026-03-07,0,1423
6082,treatment,2026-03-10,1,906
6083,control,2026-03-09,1,1459
6084,treatment,2026-03-10,0,922
6085,control,2026-03-13,0,1603
6086,control,2026-03-09,1,2377
6087,treatment,2026-03-11,1,1122
6088,control,2026-03-09,0,651
6089,treatment,2026-03-05,1,2316
6090,treatment,2026-03-13,0,2199
6091,control,2026-03-06,0,909
6092,treatment,2026-03-05,1,1246
6093,control,2026-03-07,1,1500
6094,treatment,2026-03-12,0,1166
6095,treatment,2026-03-13,1,1549
6096,treatment,2026-03-04,0,1291
6097,treatment,2026-03-02,1,889
6098,control,2026-03-08,1,799
6099,treatment,2026-03-02,0,1132
6100,control,2026-03-13,1,1530
6101,control,2026-03-05,0,2138
6102,control,2026-03-09,0,910
6103,control,2026-03-03,0,1914
6104,treatment,2026-03-03,0,1714
6105,treatment,2026-03-13,0,910
6106,treatment,2026-03-14,1,1686
6107,control,2026-03-13,0,591
6108,treatment,2026-03-10,1,2429
6109,control,2026-03-04,1,614
6110,treatment,2026-03-06,0,1988
6111,control,2026-03-13,0,957
6112,control,2026-03-02,0,1513
6113,treatment,2026-03-12,0,991
6114,treatment,2026-03-10,1,2907
6115,treatment,2026-03-04,1,815
6116,control,2026-03-14,0,1263
6117,treatment,2026-03-10,1,1427
6118,treatment,2026-03-08,1,1435
6119,treatment,2026-03-04,0,1473
6120,treatment,2026-03-14,0,2059
6121,treatment,2026-03-12,0,1358
6122,control,2026-03-02,0,1671
6123,treatment,2026-03-08,0,1777
6124,control,2026-03-13,0,690
6125,treatment,2026-03-12,0,905
6126,treatment,2026-03-10,1,1528
6127,treatment,2026-03-10,0,1172
6128,treatment,2026-03-09,0,1207
6129,treatment,2026-03-07,1,2087
6130,treatment,2026-03-11,0,1419
6131,treatment,2026-03-07,1,790
6132,treatment,2026-03-03,1,895
6133,control,2026-03-15,1,1163
6134,treatment,2026-03-05,0,2054
6135,control,2026-03-06,1,736
6136,treatment,2026-03-10,1,1022
6137,control,2026-03-09,0,902
6138,control,2026-03-15,0,1480
6139,treatment,2026-03-15,1,2390
6140,control,2026-03-14,0,1587
6141,treatment,2026-03-15,0,1420
6142,control,2026-03-03,0,1213
6143,control,2026-03-13,1,1556
6144,control,2026-03-04,1,841
6145,control,2026-03-05,1,2127
6146,treatment,2026-03-15,1,1468
6147,control,2026-03-15,0,1300
6148,treatment,2026-03-08,0,734
6149,control,2026-03-11,1,1076
6150,treatment,2026-03-12,0,1900
6151,control,2026-03-14,0,1704
6152,treatment,2026-03-13,0,2158
6153,treatment,2026-03-05,1,1315
6154,treatment,2026-03-03,0,704
6155,control,2026-03-09,0,1311
6156,treatment,2026-03-05,0,2372
6157,treatment,2026-03-15,0,1119
6158,treatment,2026-03-04,0,1315
6159,control,2026-03-03,0,1445
6160,control,2026-03-14,0,980
6161,control,2026-03-04,0,1085
6162,treatment,2026-03-10,1,1097
6163,control,2026-03-08,0,894
6164,control,2026-03-11,1,1068
6165,control,2026-03-07,0,1583
6166,treatment,2026-03-07,0,980
6167,treatment,2026-03-15,0,2238
6168,treatment,2026-03-14,1,2052
6169,treatment,2026-03-03,0,1126
6170,treatment,2026-03-15,0,1096
6171,control,2026-03-09,1,1547
6172,control,2026-03-04,0,1239
6173,treatment,2026-03-13,1,1544
6174,control,2026-03-12,0,503
6175,control,2026-03-10,1,977
6176,treatment,2026-03-09,0,1018
6177,treatment,2026-03-14,0,1137
6178,control,2026-03-05,1,555
6179,treatment,2026-03-03,1,1513
6180,control,2026-03-08,0,1249
6181,treatment,2026-03-08,0,1857
6182,treatment,2026-03-08,0,968
6183,treatment,2026-03-03,0,1390
6184,treatment,2026-03-06,1,2158
6185,treatment,2026-03-10,1,1184
6186,control,2026-03-07,0,1360
6187,control,2026-03-05,0,2185
6188,control,2026-03-10,0,2311
6189,control,2026-03-06,1,660
6190,treatment,2026-03-07,0,1572
6191,treatment,2026-03-10,0,1170
6192,control,2026-03-14,0,1158
6193,control,2026-03-08,0,1088
6194,treatment,2026-03-14,0,1521
6195,treatment,2026-03-08,0,1792
6196,control,2026-03-12,1,972
6197,treatment,2026-03-11,0,1115
6198,treatment,2026-03-15,1,1354
6199,control,2026-03-06,1,1160
6200,control,2026-03-04,0,1141
6201,treatment,2026-03-05,0,1352
6202,control,2026-03-06,0,1156
6203,treatment,2026-03-14,0,1082
6204,treatment,2026-03-08,0,1959
6205,treatment,2026-03-05,0,1814
6206,control,2026-03-12,1,1994
6207,control,2026-03-13,1,636
6208,treatment,2026-03-15,1,2525
6209,treatment,2026-03-03,0,1888
6210,control,2026-03-11,1,1035
6211,control,2026-03-12,1,1262
6212,treatment,2026-03-06,0,1888
6213,treatment,2026-03-02,1,1425
6214,treatment,2026-03-12,0,2476
6215,treatment,2026-03-08,0,1370
6216,treatment,2026-03-05,0,2036
6217,control,2026-03-15,1,1396
6218,treatment,2026-03-05,1,742
6219,treatment,2026-03-07,0,1503
6220,treatment,2026-03-12,0,1651
6221,control,2026-03-15,0,1447
6222,control,2026-03-07,0,1442
6223,treatment,2026-03-05,1,1034
6224,treatment,2026-03-02,0,1363
6225,treatment,2026-03-06,1,2238
6226,treatment,2026-03-12,1,1419
6227,control,2026-03-14,0,952
6228,control,2026-03-02,1,1103
6229,control,2026-03-12,1,951
6230,control,2026-03-03,1,1378
6231,treatment,2026-03-08,1,1503
6232,treatment,2026-03-11,0,857
6233,control,2026-03-04,0,869
6234,control,2026-03-12,0,1616
6235,control,2026-03-08,1,1653
6236,control,2026-03-11,0,754
6237,treatment,2026-03-11,1,1078
6238,treatment,2026-03-10,1,1569
6239,treatment,2026-03-08,0,1381
6240,treatment,2026-03-11,0,1117
6241,treatment,2026-03-08,1,2160
6242,control,2026-03-15,0,1605
6243,treatment,2026-03-09,0,1543
6244,control,2026-03-08,0,1645
6245,control,2026-03-06,1,1661
6246,control,2026-03-12,0,2650
6247,treatment,2026-03-14,0,3570
6248,treatment,2026-03-12,1,895
6249,control,2026-03-02,1,1436
6250,treatment,2026-03-10,0,1790
6251,control,2026-03-12,0,2133
6252,control,2026-03-15,0,2135
6253,control,2026-03-10,0,1607
6254,control,2026-03-15,0,1998
6255,treatment,2026-03-11,1,1548
6256,treatment,2026-03-02,1,1085
6257,control,2026-03-03,0,2031
6258,treatment,2026-03-13,0,1286
6259,control,2026-03-02,1,900
6260,treatment,2026-03-04,1,623
6261,treatment,2026-03-04,0,1802
6262,control,2026-03-05,0,1282
6263,treatment,2026-03-12,0,1330
6264,treatment,2026-03-07,1,1163
6265,control,2026-03-13,0,684
6266,control,2026-03-12,0,1329
6267,control,2026-03-13,1,1150
6268,treatment,2026-03-05,1,1488
6269,treatment,2026-03-06,0,1079
6270,control,2026-03-02,0,2119
6271,control,2026-03-02,0,924
6272,treatment,2026-03-14,0,1422
6273,treatment,2026-03-09,1,2296
6274,treatment,2026-03-09,0,938
6275,control,2026-03-04,1,1178
6276,treatment,2026-03-05,1,1474
6277,control,2026-03-04,0,792
6278,control,2026-03-02,0,1966
6279,treatment,2026-03-08,1,1486
6280,control,2026-03-14,0,1421
6281,control,2026-03-11,0,1121
6282,treatment,2026-03-08,1,806
6283,treatment,2026-03-05,0,1317
6284,treatment,2026-03-03,1,1267
6285,treatment,2026-03-12,0,758
6286,control,2026-03-06,1,463
6287,control,2026-03-04,0,2001
6288,treatment,2026-03-08,0,987
6289,treatment,2026-03-14,0,1675
6290,treatment,2026-03-10,0,2706
6291,control,2026-03-07,0,3338
6292,treatment,2026-03-02,0,1705
6293,treatment,2026-03-12,0,1376
6294,control,2026-03-12,0,2366
6295,treatment,2026-03-13,0,1516
6296,treatment,2026-03-07,1,1644
6297,control,2026-03-03,0,969
6298,treatment,2026-03-02,1,1497
6299,control,2026-03-05,1,1922
6300,treatment,2026-03-15,1,996
6301,control,2026-03-07,1,1323
6302,treatment,2026-03-03,1,641
6303,treatment,2026-03-05,1,1836
6304,control,2026-03-05,0,1247
6305,treatment,2026-03-07,0,1058
6306,treatment,2026-03-11,1,1035
6307,control,2026-03-08,0,861
6308,treatment,2026-03-15,0,1359
6309,treatment,2026-03-11,0,1253
6310,control,2026-03-07,1,786
6311,control,2026-03-12,1,976
6312,treatment,2026-03-13,0,1105
6313,control,2026-03-12,1,1245
6314,treatment,2026-03-07,1,1245
6315,control,2026-03-10,0,1088
6316,control,2026-03-11,0,1397
6317,control,2026-03-09,0,1201
6318,control,2026-03-12,0,653
6319,control,2026-03-10,1,960
6320,control,2026-03-15,1,1695
6321,treatment,2026-03-15,0,1708
6322,control,2026-03-12,1,1566
6323,control,2026-03-12,0,726
6324,treatment,2026-03-03,0,1448
6325,treatment,2026-03-12,1,1683
6326,treatment,2026-03-10,0,1463
6327,treatment,2026-03-06,1,2282
6328,control,2026-03-08,0,842
6329,control,2026-03-13,0,1628
6330,control,2026-03-14,0,881
6331,treatment,2026-03-08,1,1061
6332,treatment,2026-03-08,0,1497
6333,control,2026-03-13,0,1249
6334,control,2026-03-10,1,1050
6335,treatment,2026-03-05,0,3162
6336,treatment,2026-03-04,0,1786
6337,treatment,2026-03-04,0,1105
6338,treatment,2026-03-07,1,3134
6339,treatment,2026-03-08,0,2260
6340,treatment,2026-03-09,0,1616
6341,treatment,2026-03-13,0,1429
6342,treatment,2026-03-02,1,807
6343,control,2026-03-09,0,1111
6344,treatment,2026-03-14,0,1886
6345,treatment,2026-03-06,0,1105
6346,treatment,2026-03-15,0,1587
6347,control,2026-03-14,0,634
6348,control,2026-03-12,0,2040
6349,control,2026-03-07,1,860
6350,treatment,2026-03-06,0,1575
6351,control,2026-03-12,0,1128
6352,treatment,2026-03-15,0,1725
6353,treatment,2026-03-03,0,887
6354,treatment,2026-03-05,1,1207
6355,treatment,2026-03-11,1,2443
6356,treatment,2026-03-04,0,1337
6357,control,2026-03-09,1,694
6358,control,2026-03-11,1,1978
6359,control,2026-03-12,0,961
6360,control,2026-03-05,0,1733
6361,treatment,2026-03-04,0,1366
6362,treatment,2026-03-05,1,923
6363,treatment,2026-03-06,0,2084
6364,control,2026-03-12,0,957
6365,treatment,2026-03-07,1,1370
6366,treatment,2026-03-05,1,1950
6367,treatment,2026-03-08,0,1148
6368,control,2026-03-15,0,758
6369,control,2026-03-07,0,1331
6370,control,2026-03-05,0,1504
6371,control,2026-03-11,0,702
6372,control,2026-03-05,0,1410
6373,treatment,2026-03-13,0,1059
6374,treatment,2026-03-03,1,2256
6375,control,2026-03-03,0,1033
6376,treatment,2026-03-03,0,1309
6377,control,2026-03-09,1,1916
6378,treatment,2026-03-13,0,1384
6379,treatment,2026-03-13,0,852
6380,treatment,2026-03-04,0,1161
6381,control,2026-03-02,1,1239
6382,control,2026-03-14,0,1277
6383,treatment,2026-03-08,1,975
6384,control,2026-03-08,1,738
6385,control,2026-03-15,0,2021
6386,control,2026-03-15,1,1324
6387,treatment,2026-03-10,0,1628
6388,treatment,2026-03-03,0,1792
6389,control,2026-03-05,0,926
6390,control,2026-03-04,1,2179
6391,treatment,2026-03-15,0,542
6392,treatment,2026-03-04,0,1350
6393,control,2026-03-05,1,604
6394,control,2026-03-08,1,1089
6395,treatment,2026-03-08,0,1602
6396,control,2026-03-04,0,1077
6397,control,2026-03-05,0,1081
6398,control,2026-03-15,0,929
6399,control,2026-03-11,0,1592
6400,control,2026-03-03,0,1126
6401,control,2026-03-11,1,2716
6402,treatment,2026-03-15,1,1126
6403,treatment,2026-03-14,0,1415
6404,control,2026-03-15,1,1283
6405,control,2026-03-03,0,903
6406,control,2026-03-05,0,1760
6407,treatment,2026-03-09,0,1342
6408,control,2026-03-07,0,1410
6409,treatment,2026-03-15,0,1418
6410,treatment,2026-03-10,0,1582
6411,treatment,2026-03-12,0,1803
6412,control,2026-03-08,0,1132
6413,control,2026-03-02,0,1434
6414,treatment,2026-03-08,0,831
6415,treatment,2026-03-14,0,1442
6416,control,2026-03-08,1,1648
6417,treatment,2026-03-03,0,1664
6418,treatment,2026-03-04,0,650
6419,treatment,2026-03-07,0,1737
6420,control,2026-03-11,0,1870
6421,treatment,2026-03-02,0,4134
6422,treatment,2026-03-02,1,3003
6423,treatment,2026-03-07,0,1680
6424,control,2026-03-02,1,1012
6425,treatment,2026-03-09,1,739
6426,treatment,2026-03-14,1,1624
6427,treatment,2026-03-07,0,1337
6428,treatment,2026-03-15,0,2237
6429,control,2026-03-05,0,1490
6430,treatment,2026-03-06,0,1960
6431,treatment,2026-03-09,0,877
6432,control,2026-03-11,0,1148
6433,treatment,2026-03-14,1,824
6434,control,2026-03-03,0,1145
6435,treatment,2026-03-10,0,1184
6436,control,2026-03-05,0,1456
6437,treatment,2026-03-13,0,1421
6438,treatment,2026-03-10,0,982
6439,treatment,2026-03-11,1,1773
6440,control,2026-03-04,0,747
6441,control,2026-03-06,0,1478
6442,treatment,2026-03-04,0,2897
6443,control,2026-03-11,0,834
6444,treatment,2026-03-05,1,1943
6445,treatment,2026-03-13,1,1049
6446,control,2026-03-14,0,1110
6447,treatment,2026-03-07,0,1171
6448,control,2026-03-02,1,1434
6449,treatment,2026-03-12,1,1061
6450,control,2026-03-13,1,1493
6451,control,2026-03-06,0,1310
6452,treatment,2026-03-09,1,1270
6453,control,2026-03-04,1,1289
6454,control,2026-03-06,0,1271
6455,control,2026-03-07,1,1137
6456,control,2026-03-09,0,1666
6457,treatment,2026-03-03,0,1367
6458,control,2026-03-13,1,2840
6459,treatment,2026-03-04,0,1656
6460,control,2026-03-10,0,906
6461,treatment,2026-03-08,1,1959
6462,treatment,2026-03-02,0,655
6463,treatment,2026-03-06,0,1571
6464,control,2026-03-09,0,1485
6465,treatment,2026-03-07,0,2454
6466,treatment,2026-03-12,1,1422
6467,control,2026-03-10,0,1233
6468,control,2026-03-08,0,883
6469,control,2026-03-04,1,1703
6470,treatment,2026-03-13,0,1986
6471,control,2026-03-06,1,2038
6472,treatment,2026-03-07,1,1191
6473,control,2026-03-15,0,1458
6474,treatment,2026-03-10,0,1468
6475,treatment,2026-03-03,1,2000
6476,control,2026-03-05,1,1072
6477,control,2026-03-10,1,876
6478,treatment,2026-03-02,1,1701
6479,control,2026-03-13,1,865
6480,treatment,2026-03-07,0,1109
6481,control,2026-03-11,0,1573
6482,treatment,2026-03-15,0,1462
6483,treatment,2026-03-15,0,1796
6484,control,2026-03-14,0,1234
6485,control,2026-03-06,1,2000
6486,treatment,2026-03-10,1,1041
6487,treatment,2026-03-15,0,1303
6488,control,2026-03-13,1,1874
6489,control,2026-03-07,1,1469
6490,treatment,2026-03-05,1,1924
6491,control,2026-03-06,1,1118
6492,control,2026-03-10,0,574
6493,treatment,2026-03-15,0,1401
6494,treatment,2026-03-09,0,1400
6495,treatment,2026-03-05,1,1975
6496,treatment,2026-03-06,1,814
6497,control,2026-03-11,0,915
6498,control,2026-03-03,0,403
6499,control,2026-03-08,1,783
6500,treatment,2026-03-11,0,980
6501,treatment,2026-03-15,0,1631
6502,treatment,2026-03-09,0,1605
6503,control,2026-03-07,1,2568
6504,control,2026-03-04,1,713
6505,treatment,2026-03-08,1,2211
6506,treatment,2026-03-02,0,1593
6507,control,2026-03-09,0,825
6508,control,2026-03-04,1,2059
6509,treatment,2026-03-07,1,1078
6510,control,2026-03-08,1,1688
6511,treatment,2026-03-15,0,815
6512,treatment,2026-03-15,0,832
6513,control,2026-03-10,1,1034
6514,control,2026-03-05,1,695
6515,control,2026-03-14,0,1585
6516,control,2026-03-09,1,609
6517,control,2026-03-05,0,686
6518,treatment,2026-03-07,0,2142
6519,treatment,2026-03-11,1,1231
6520,control,2026-03-14,0,1007
6521,control,2026-03-11,1,2182
6522,control,2026-03-10,0,850
6523,treatment,2026-03-08,0,1317
6524,control,2026-03-05,0,1203
6525,control,2026-03-09,1,1520
6526,treatment,2026-03-14,1,649
6527,control,2026-03-10,0,987
6528,treatment,2026-03-11,0,1622
6529,control,2026-03-08,1,1078
6530,treatment,2026-03-04,0,1736
6531,treatment,2026-03-08,0,1188
6532,treatment,2026-03-15,1,856
6533,treatment,2026-03-03,0,1164
6534,control,2026-03-11,0,1203
6535,control,2026-03-05,0,1137
6536,treatment,2026-03-07,0,1688
6537,control,2026-03-11,0,1413
6538,treatment,2026-03-04,1,1631
6539,control,2026-03-14,0,714
6540,treatment,2026-03-06,1,1014
6541,treatment,2026-03-04,0,1653
6542,control,2026-03-14,0,783
6543,treatment,2026-03-03,1,2090
6544,control,2026-03-02,1,1387
6545,treatment,2026-03-10,0,813
6546,treatment,2026-03-06,0,1737
6547,control,2026-03-03,1,1289
6548,control,2026-03-15,0,1487
6549,control,2026-03-15,0,1966
6550,treatment,2026-03-07,0,1098
6551,control,2026-03-06,1,800
6552,control,2026-03-09,1,1117
6553,treatment,2026-03-12,0,1475
6554,control,2026-03-12,0,893
6555,treatment,2026-03-10,1,1616
6556,treatment,2026-03-12,0,803
6557,treatment,2026-03-02,0,1620
6558,treatment,2026-03-06,0,2556
6559,control,2026-03-08,1,788
6560,treatment,2026-03-10,1,981
6561,control,2026-03-12,1,1612
6562,treatment,2026-03-03,0,2462
6563,treatment,2026-03-13,0,807
6564,treatment,2026-03-10,0,729
6565,control,2026-03-05,0,2570
6566,control,2026-03-05,0,512
6567,treatment,2026-03-05,0,1450
6568,treatment,2026-03-08,0,1127
6569,control,2026-03-10,1,604
6570,treatment,2026-03-14,0,1087
6571,control,2026-03-12,1,1657
6572,treatment,2026-03-06,1,1517
6573,control,2026-03-08,0,1392
6574,control,2026-03-06,1,672
6575,treatment,2026-03-12,1,1464
6576,control,2026-03-07,1,901
6577,control,2026-03-13,0,949
6578,treatment,2026-03-10,0,2911
6579,treatment,2026-03-13,1,1657
6580,treatment,2026-03-04,0,1890
6581,control,2026-03-08,0,2415
6582,control,2026-03-03,0,936
6583,treatment,2026-03-14,0,1335
6584,control,2026-03-03,1,2381
6585,control,2026-03-05,0,2069
6586,control,2026-03-10,1,1118
6587,control,2026-03-06,0,1155
6588,treatment,2026-03-06,1,1238
6589,control,2026-03-09,1,1376
6590,control,2026-03-13,1,1180
6591,treatment,2026-03-08,0,1772
6592,control,2026-03-12,1,1236
6593,control,2026-03-11,1,689
6594,treatment,2026-03-15,1,527
6595,treatment,2026-03-12,0,2119
6596,control,2026-03-06,1,960
6597,control,2026-03-06,1,2616
6598,control,2026-03-15,1,1086
6599,control,2026-03-03,1,1766
6600,control,2026-03-11,0,2646
6601,treatment,2026-03-12,0,1275
6602,treatment,2026-03-15,0,769
6603,control,2026-03-10,0,758
6604,treatment,2026-03-08,1,1653
6605,control,2026-03-10,0,855
6606,treatment,2026-03-09,0,821
6607,control,2026-03-04,1,1214
6608,treatment,2026-03-11,1,1397
6609,control,2026-03-07,0,710
6610,treatment,2026-03-11,0,1379
6611,control,2026-03-12,1,1279
6612,control,2026-03-11,1,1440
6613,treatment,2026-03-02,0,2268
6614,control,2026-03-02,0,952
6615,control,2026-03-14,1,791
6616,control,2026-03-08,0,1163
6617,treatment,2026-03-13,0,2263
6618,control,2026-03-04,0,742
6619,treatment,2026-03-09,1,2240
6620,treatment,2026-03-06,1,2391
6621,control,2026-03-04,0,2288
6622,control,2026-03-08,1,1152
6623,treatment,2026-03-07,0,981
6624,treatment,2026-03-13,0,1452
6625,treatment,2026-03-12,0,740
6626,control,2026-03-04,0,631
6627,control,2026-03-02,0,1202
6628,control,2026-03-09,1,777
6629,treatment,2026-03-11,0,1348
6630,control,2026-03-09,0,1266
6631,treatment,2026-03-11,0,796
6632,control,2026-03-13,0,1107
6633,control,2026-03-15,1,647
6634,control,2026-03-08,1,971
6635,treatment,2026-03-04,1,998
6636,treatment,2026-03-03,0,2195
6637,treatment,2026-03-02,1,935
6638,control,2026-03-11,0,1309
6639,treatment,2026-03-09,1,1340
6640,treatment,2026-03-09,1,2341
6641,control,2026-03-07,0,1021
6642,treatment,2026-03-13,1,1242
6643,treatment,2026-03-03,0,1899
6644,treatment,2026-03-06,0,1591
6645,control,2026-03-14,0,1527
6646,treatment,2026-03-03,0,1141
6647,treatment,2026-03-13,0,1961
6648,control,2026-03-13,0,1905
6649,control,2026-03-13,1,803
6650,treatment,2026-03-10,1,1734
6651,control,2026-03-15,1,1000
6652,treatment,2026-03-06,0,1211
6653,treatment,2026-03-06,1,2901
6654,treatment,2026-03-10,1,1254
6655,control,2026-03-02,0,1288
6656,control,2026-03-03,0,1243
6657,treatment,2026-03-04,0,1719
6658,treatment,2026-03-08,0,1086
6659,treatment,2026-03-07,1,795
6660,control,2026-03-15,0,1169
6661,control,2026-03-04,0,1044
6662,control,2026-03-14,0,1064
6663,control,2026-03-03,0,1091
6664,control,2026-03-09,1,1765
6665,control,2026-03-03,0,648
6666,treatment,2026-03-13,1,2786
6667,control,2026-03-15,0,1443
6668,treatment,2026-03-05,0,1146
6669,control,2026-03-06,0,751
6670,control,2026-03-14,0,774
6671,control,2026-03-10,0,970
6672,treatment,2026-03-13,0,794
6673,control,2026-03-08,0,1526
6674,control,2026-03-04,1,1430
6675,treatment,2026-03-15,0,2699
6676,treatment,2026-03-12,0,1650
6677,control,2026-03-09,0,954
6678,control,2026-03-13,0,797
6679,treatment,2026-03-09,1,1543
6680,control,2026-03-11,0,1095
6681,treatment,2026-03-02,0,1277
6682,control,2026-03-04,1,1233
6683,control,2026-03-15,0,2275
6684,treatment,2026-03-13,0,753
6685,control,2026-03-02,0,1361
6686,control,2026-03-08,0,1383
6687,control,2026-03-11,1,1711
6688,treatment,2026-03-02,0,980
6689,control,2026-03-13,0,1616
6690,treatment,2026-03-14,0,1142
6691,treatment,2026-03-12,0,1065
6692,treatment,2026-03-03,0,1947
6693,control,2026-03-12,0,1289
6694,control,2026-03-07,0,1790
6695,treatment,2026-03-02,0,1459
6696,control,2026-03-09,0,1340
6697,treatment,2026-03-06,0,1598
6698,treatment,2026-03-08,0,1745
6699,treatment,2026-03-10,0,1554
6700,control,2026-03-12,0,1539
6701,treatment,2026-03-09,0,3478
6702,control,2026-03-08,0,1554
6703,control,2026-03-09,0,709
6704,treatment,2026-03-02,0,1573
6705,control,2026-03-13,0,1541
6706,treatment,2026-03-07,1,2259
6707,treatment,2026-03-07,0,1525
6708,treatment,2026-03-08,1,1414
6709,treatment,2026-03-08,0,3397
6710,control,2026-03-05,0,1539
6711,treatment,2026-03-07,1,2341
6712,control,2026-03-03,0,1216
6713,control,2026-03-12,0,2257
6714,treatment,2026-03-10,1,2012
6715,treatment,2026-03-02,0,2237
6716,treatment,2026-03-05,0,798
6717,treatment,2026-03-15,1,858
6718,treatment,2026-03-05,0,1558
6719,control,2026-03-11,0,1335
6720,treatment,2026-03-05,1,2295
6721,control,2026-03-09,0,2386
6722,treatment,2026-03-15,0,821
6723,control,2026-03-06,0,987
6724,treatment,2026-03-15,1,943
6725,treatment,2026-03-09,1,2813
6726,control,2026-03-06,0,1277
6727,control,2026-03-05,0,1894
6728,treatment,2026-03-02,0,1715
6729,control,2026-03-08,1,1219
6730,control,2026-03-14,0,1235
6731,control,2026-03-10,1,1706
6732,control,2026-03-07,0,1589
6733,control,2026-03-05,0,1809
6734,control,2026-03-08,0,2130
6735,control,2026-03-15,0,1354
6736,treatment,2026-03-10,0,2418
6737,control,2026-03-02,0,676
6738,control,2026-03-15,0,1955
6739,control,2026-03-05,0,758
6740,treatment,2026-03-14,0,1622
6741,treatment,2026-03-04,0,1015
6742,control,2026-03-03,0,1121
6743,control,2026-03-08,0,801
6744,treatment,2026-03-10,0,1486
6745,treatment,2026-03-08,0,999
6746,treatment,2026-03-08,0,1127
6747,treatment,2026-03-14,0,920
6748,control,2026-03-14,1,553
6749,treatment,2026-03-15,0,1060
6750,treatment,2026-03-10,0,1194
6751,control,2026-03-02,0,1197
6752,control,2026-03-15,0,1189
6753,treatment,2026-03-06,0,1499
6754,control,2026-03-05,0,1727
6755,treatment,2026-03-02,0,1056
6756,treatment,2026-03-07,1,1428
6757,treatment,2026-03-07,1,1165
6758,treatment,2026-03-08,0,2247
6759,treatment,2026-03-06,1,2065
6760,control,2026-03-05,0,1362
6761,control,2026-03-10,0,1444
6762,treatment,2026-03-13,1,1572
6763,control,2026-03-04,1,982
6764,treatment,2026-03-15,0,1710
6765,control,2026-03-08,1,1836
6766,treatment,2026-03-09,0,1581
6767,control,2026-03-03,1,877
6768,treatment,2026-03-10,0,986
6769,treatment,2026-03-10,0,2244
6770,treatment,2026-03-02,1,1641
6771,control,2026-03-13,0,1196
6772,control,2026-03-11,0,906
6773,treatment,2026-03-05,0,2391
6774,treatment,2026-03-15,1,1368
6775,treatment,2026-03-12,0,1175
6776,control,2026-03-06,0,1056
6777,control,2026-03-10,1,843
6778,control,2026-03-09,1,1897
6779,control,2026-03-11,0,896
6780,control,2026-03-02,0,1485
6781,control,2026-03-10,1,997
6782,treatment,2026-03-13,1,1313
6783,control,2026-03-13,0,1149
6784,control,2026-03-07,0,2151
6785,control,2026-03-15,0,1168
6786,treatment,2026-03-13,0,1769
6787,control,2026-03-12,0,1396
6788,control,2026-03-12,1,610
6789,treatment,2026-03-03,0,1117
6790,control,2026-03-06,1,1241
6791,control,2026-03-02,1,778
6792,treatment,2026-03-05,1,1942
6793,control,2026-03-03,0,981
6794,treatment,2026-03-09,1,1212
6795,control,2026-03-13,0,2503
6796,control,2026-03-13,0,1936
6797,control,2026-03-04,0,1049
6798,control,2026-03-07,1,478
6799,treatment,2026-03-14,0,1135
6800,control,2026-03-07,1,1437
6801,control,2026-03-03,1,1369
6802,control,2026-03-08,0,1018
6803,treatment,2026-03-03,0,1470
6804,treatment,2026-03-02,1,703
6805,treatment,2026-03-14,1,1687
6806,treatment,2026-03-08,1,1665
6807,control,2026-03-08,0,1130
6808,treatment,2026-03-10,1,976
6809,treatment,2026-03-08,0,2392
6810,control,2026-03-08,1,805
6811,treatment,2026-03-15,1,1076
6812,treatment,2026-03-07,0,1061
6813,treatment,2026-03-05,0,1786
6814,treatment,2026-03-12,1,2720
6815,control,2026-03-07,0,1053
6816,treatment,2026-03-08,0,1517
6817,treatment,2026-03-09,0,1596
6818,control,2026-03-03,1,1131
6819,control,2026-03-09,1,916
6820,control,2026-03-03,0,934
6821,treatment,2026-03-12,0,2183
6822,control,2026-03-05,0,765
6823,treatment,2026-03-14,1,1164
6824,treatment,2026-03-08,0,1528
6825,treatment,2026-03-04,0,939
6826,control,2026-03-08,0,1988
6827,control,2026-03-08,0,2648
6828,control,2026-03-06,0,990
6829,treatment,2026-03-12,0,1604
6830,treatment,2026-03-11,1,807
6831,treatment,2026-03-12,0,1494
6832,control,2026-03-09,0,1197
6833,control,2026-03-14,0,753
6834,control,2026-03-11,0,1007
6835,treatment,2026-03-13,1,1576
6836,treatment,2026-03-05,1,1628
6837,treatment,2026-03-07,0,776
6838,control,2026-03-03,1,1014
6839,treatment,2026-03-07,0,954
6840,control,2026-03-05,0,956
6841,control,2026-03-04,0,954
6842,control,2026-03-06,0,781
6843,treatment,2026-03-12,1,3353
6844,treatment,2026-03-03,0,2470
6845,control,2026-03-06,0,1118
6846,control,2026-03-14,0,1955
6847,treatment,2026-03-09,0,1460
6848,treatment,2026-03-14,0,798
6849,treatment,2026-03-07,0,801
6850,control,2026-03-02,0,1092
6851,treatment,2026-03-12,1,1120
6852,control,2026-03-06,0,657
6853,control,2026-03-12,0,1669
6854,control,2026-03-10,0,1890
6855,control,2026-03-14,1,1080
6856,treatment,2026-03-02,0,776
6857,treatment,2026-03-12,1,897
6858,control,2026-03-14,0,772
6859,treatment,2026-03-06,1,1173
6860,control,2026-03-03,0,1373
6861,treatment,2026-03-06,0,2143
6862,treatment,2026-03-03,1,1115
6863,treatment,2026-03-08,1,1506
6864,treatment,2026-03-12,1,1439
6865,control,2026-03-09,1,932
6866,treatment,2026-03-03,1,1431
6867,treatment,2026-03-03,0,1334
6868,treatment,2026-03-06,0,1996
6869,control,2026-03-10,0,1468
6870,control,2026-03-06,0,800
6871,control,2026-03-10,0,1007
6872,control,2026-03-15,0,1275
6873,control,2026-03-13,0,1799
6874,control,2026-03-12,1,1191
6875,control,2026-03-04,0,890
6876,treatment,2026-03-11,1,1249
6877,treatment,2026-03-14,0,1530
6878,treatment,2026-03-02,1,1811
6879,control,2026-03-05,0,1148
6880,control,2026-03-07,0,865
6881,treatment,2026-03-09,0,1160
6882,control,2026-03-03,1,1141
6883,treatment,2026-03-02,1,1253
6884,treatment,2026-03-13,0,878
6885,treatment,2026-03-11,1,1393
6886,control,2026-03-12,0,971
6887,treatment,2026-03-10,1,2059
6888,control,2026-03-03,0,1429
6889,control,2026-03-13,1,1167
6890,treatment,2026-03-03,0,1433
6891,control,2026-03-03,0,1252
6892,treatment,2026-03-11,0,1080
6893,treatment,2026-03-10,1,1850
6894,control,2026-03-11,0,382
6895,treatment,2026-03-07,1,944
6896,control,2026-03-13,0,1136
6897,control,2026-03-08,0,948
6898,control,2026-03-03,0,1260
6899,treatment,2026-03-11,0,1487
6900,control,2026-03-02,0,1179
6901,treatment,2026-03-08,0,1791
6902,control,2026-03-05,0,1510
6903,control,2026-03-14,1,505
6904,control,2026-03-11,1,1740
6905,treatment,2026-03-13,1,2609
6906,control,2026-03-15,1,969
6907,treatment,2026-03-05,1,1231
6908,treatment,2026-03-07,1,1638
6909,treatment,2026-03-09,0,371
6910,control,2026-03-02,0,1848
6911,treatment,2026-03-08,0,1737
6912,treatment,2026-03-15,0,1196
6913,control,2026-03-15,1,1267
6914,treatment,2026-03-10,0,1024
6915,control,2026-03-13,1,1178
6916,control,2026-03-06,1,2105
6917,control,2026-03-09,1,1014
6918,treatment,2026-03-10,0,1649
6919,control,2026-03-06,0,1815
6920,control,2026-03-02,1,1124
6921,control,2026-03-13,1,882
6922,control,2026-03-11,0,1403
6923,control,2026-03-11,0,662
6924,treatment,2026-03-13,0,1484
6925,treatment,2026-03-12,0,1481
6926,control,2026-03-11,0,1232
6927,treatment,2026-03-12,0,1425
6928,control,2026-03-05,1,1201
6929,treatment,2026-03-04,0,3100
6930,treatment,2026-03-13,1,881
6931,control,2026-03-04,0,1599
6932,treatment,2026-03-04,0,1636
6933,treatment,2026-03-02,0,2213
6934,treatment,2026-03-08,1,1260
6935,control,2026-03-04,0,963
6936,treatment,2026-03-02,0,1825
6937,control,2026-03-14,1,1611
6938,treatment,2026-03-05,1,906
6939,control,2026-03-14,0,1370
6940,control,2026-03-15,0,908
6941,treatment,2026-03-06,0,1306
6942,control,2026-03-14,1,1282
6943,control,2026-03-12,1,1247
6944,treatment,2026-03-15,1,2073
6945,control,2026-03-03,0,1220
6946,treatment,2026-03-05,0,1411
6947,control,2026-03-07,0,1737
6948,control,2026-03-14,1,966
6949,treatment,2026-03-03,0,1312
6950,treatment,2026-03-11,1,2443
6951,control,2026-03-08,0,607
6952,treatment,2026-03-09,0,601
6953,treatment,2026-03-14,1,1302
6954,treatment,2026-03-05,0,1896
6955,treatment,2026-03-15,0,1916
6956,treatment,2026-03-07,0,2121
6957,control,2026-03-06,1,1144
6958,control,2026-03-15,1,1496
6959,treatment,2026-03-08,1,1261
6960,treatment,2026-03-04,1,685
6961,treatment,2026-03-13,0,2033
6962,treatment,2026-03-04,0,1310
6963,control,2026-03-06,0,2595
6964,control,2026-03-15,0,683
6965,control,2026-03-02,0,1188
6966,treatment,2026-03-02,1,1995
6967,treatment,2026-03-11,1,786
6968,control,2026-03-04,0,1468
6969,control,2026-03-03,0,1013
6970,control,2026-03-12,0,1901
6971,treatment,2026-03-02,0,2340
6972,treatment,2026-03-09,0,1715
6973,treatment,2026-03-14,0,1595
6974,treatment,2026-03-14,0,1055
6975,control,2026-03-07,1,913
6976,treatment,2026-03-14,0,2003
6977,control,2026-03-04,1,1062
6978,treatment,2026-03-06,1,1544
6979,treatment,2026-03-09,0,1635
6980,treatment,2026-03-04,0,1393
6981,control,2026-03-07,0,1542
6982,treatment,2026-03-04,0,1142
6983,treatment,2026-03-15,0,1119
6984,control,2026-03-15,0,1143
6985,control,2026-03-03,0,742
6986,treatment,2026-03-05,0,823
6987,treatment,2026-03-11,1,1028
6988,treatment,2026-03-09,1,1607
6989,control,2026-03-04,1,686
6990,control,2026-03-15,0,881
6991,control,2026-03-12,0,1172
6992,control,2026-03-15,0,1094
6993,control,2026-03-03,0,1625
6994,treatment,2026-03-03,0,1556
6995,control,2026-03-07,1,897
6996,control,2026-03-12,0,1016
6997,treatment,2026-03-13,1,1996
6998,treatment,2026-03-05,0,1675
6999,treatment,2026-03-14,0,1135
7000,control,2026-03-15,0,1049
7001,control,2026-03-10,1,1776
7002,treatment,2026-03-03,1,1895
7003,treatment,2026-03-06,0,981
7004,control,2026-03-15,1,1427
7005,control,2026-03-09,1,597
7006,control,2026-03-04,0,1133
7007,control,2026-03-02,1,2380
7008,treatment,2026-03-06,0,1079
7009,treatment,2026-03-15,0,1369
7010,control,2026-03-13,0,699
7011,control,2026-03-10,1,1302
7012,treatment,2026-03-03,1,994
7013,control,2026-03-04,0,842
7014,control,2026-03-02,0,733
7015,control,2026-03-11,1,785
7016,control,2026-03-08,0,1119
7017,treatment,2026-03-06,0,1952
7018,control,2026-03-05,0,977
7019,control,2026-03-15,0,1905
7020,treatment,2026-03-04,1,1529
7021,control,2026-03-13,0,1124
7022,treatment,2026-03-04,0,1267
7023,control,2026-03-14,1,728
7024,treatment,2026-03-08,1,1586
7025,control,2026-03-10,0,896
7026,treatment,2026-03-15,1,1692
7027,treatment,2026-03-02,0,913
7028,control,2026-03-03,0,1159
7029,control,2026-03-12,0,1372
7030,treatment,2026-03-14,1,2223
7031,control,2026-03-05,0,990
7032,treatment,2026-03-07,1,1957
7033,control,2026-03-05,0,1297
7034,control,2026-03-02,0,1606
7035,treatment,2026-03-05,1,1519
7036,treatment,2026-03-10,0,1154
7037,treatment,2026-03-13,0,920
7038,control,2026-03-09,1,2053
7039,control,2026-03-03,0,1167
7040,treatment,2026-03-15,0,1187
7041,control,2026-03-08,0,859
7042,treatment,2026-03-07,0,1284
7043,treatment,2026-03-12,1,730
7044,control,2026-03-07,0,917
7045,treatment,2026-03-09,1,1548
7046,treatment,2026-03-15,0,861
7047,treatment,2026-03-08,0,1289
7048,control,2026-03-08,0,825
7049,control,2026-03-07,0,840
7050,control,2026-03-03,1,753
7051,treatment,2026-03-04,1,1268
7052,treatment,2026-03-07,0,1347
7053,treatment,2026-03-08,1,1715
7054,treatment,2026-03-13,1,1420
7055,control,2026-03-09,1,893
7056,treatment,2026-03-08,0,812
7057,treatment,2026-03-03,1,1145
7058,control,2026-03-15,0,702
7059,treatment,2026-03-03,0,1078
7060,treatment,2026-03-05,0,1237
7061,control,2026-03-10,0,1072
7062,control,2026-03-09,1,978
7063,treatment,2026-03-09,0,2400
7064,treatment,2026-03-12,1,1575
7065,control,2026-03-14,0,1366
7066,treatment,2026-03-14,1,1071
7067,control,2026-03-04,0,1110
7068,treatment,2026-03-07,1,1910
7069,control,2026-03-04,0,1338
7070,control,2026-03-05,1,538
7071,treatment,2026-03-02,1,1243
7072,treatment,2026-03-13,0,1631
7073,treatment,2026-03-14,0,1753
7074,control,2026-03-07,0,1001
7075,control,2026-03-09,0,1286
7076,control,2026-03-11,1,980
7077,treatment,2026-03-08,0,2217
7078,control,2026-03-14,1,898
7079,treatment,2026-03-06,1,2001
7080,control,2026-03-04,0,1171
7081,treatment,2026-03-08,0,1785
7082,control,2026-03-15,0,1046
7083,control,2026-03-14,0,476
7084,control,2026-03-04,0,942
7085,control,2026-03-15,0,1179
7086,control,2026-03-06,1,473
7087,treatment,2026-03-02,0,1085
7088,control,2026-03-02,0,1032
7089,treatment,2026-03-14,1,1884
7090,treatment,2026-03-12,1,1101
7091,treatment,2026-03-09,1,1391
7092,treatment,2026-03-04,0,963
7093,control,2026-03-07,0,667
7094,treatment,2026-03-02,1,1310
7095,treatment,2026-03-15,1,3586
7096,treatment,2026-03-06,0,803
7097,control,2026-03-03,0,1696
7098,control,2026-03-12,0,1331
7099,treatment,2026-03-07,1,1232
7100,control,2026-03-15,0,946
7101,treatment,2026-03-13,0,1101
7102,treatment,2026-03-04,0,1392
7103,treatment,2026-03-04,0,1858
7104,control,2026-03-13,0,1525
7105,treatment,2026-03-15,1,766
7106,treatment,2026-03-13,1,1165
7107,control,2026-03-11,1,1945
7108,treatment,2026-03-07,0,2020
7109,treatment,2026-03-15,1,1275
7110,control,2026-03-08,0,2828
7111,control,2026-03-11,0,835
7112,treatment,2026-03-15,1,1155
7113,control,2026-03-12,0,1995
7114,treatment,2026-03-10,0,1685
7115,control,2026-03-14,0,1201
7116,treatment,2026-03-14,0,2330
7117,control,2026-03-11,1,1134
7118,control,2026-03-09,0,1489
7119,control,2026-03-10,0,1852
7120,control,2026-03-11,0,1336
7121,control,2026-03-06,0,849
7122,control,2026-03-15,0,2247
7123,treatment,2026-03-15,0,1107
7124,control,2026-03-12,0,764
7125,treatment,2026-03-02,0,894
7126,treatment,2026-03-15,1,2248
7127,treatment,2026-03-04,1,906
7128,control,2026-03-08,0,883
7129,control,2026-03-13,0,1097
7130,control,2026-03-07,0,1507
7131,control,2026-03-06,0,827
7132,control,2026-03-09,0,790
7133,control,2026-03-12,0,1465
7134,control,2026-03-12,1,643
7135,treatment,2026-03-08,0,2492
7136,treatment,2026-03-08,1,1007
7137,treatment,2026-03-05,0,1988
7138,treatment,2026-03-12,0,797
7139,control,2026-03-07,0,2124
7140,control,2026-03-02,0,1351
7141,control,2026-03-08,1,1449
7142,treatment,2026-03-05,0,1362
7143,treatment,2026-03-06,0,1611
7144,treatment,2026-03-08,1,1603
7145,treatment,2026-03-15,0,1058
7146,control,2026-03-15,0,995
7147,treatment,2026-03-06,0,1039
7148,treatment,2026-03-04,0,1543
7149,control,2026-03-05,1,884
7150,treatment,2026-03-08,0,1040
7151,control,2026-03-12,0,1278
7152,treatment,2026-03-11,0,1190
7153,treatment,2026-03-07,1,1036
7154,control,2026-03-13,0,1122
7155,control,2026-03-11,1,1031
7156,control,2026-03-15,1,1295
7157,treatment,2026-03-04,1,1570
7158,treatment,2026-03-08,0,799
7159,control,2026-03-08,0,1483
7160,control,2026-03-08,1,951
7161,treatment,2026-03-06,0,631
7162,treatment,2026-03-14,0,2422
7163,control,2026-03-13,0,1541
7164,treatment,2026-03-07,1,1253
7165,control,2026-03-09,1,783
7166,treatment,2026-03-08,0,1308
7167,treatment,2026-03-07,0,1016
7168,treatment,2026-03-12,1,1868
7169,treatment,2026-03-06,1,1623
7170,control,2026-03-07,1,1001
7171,control,2026-03-06,0,613
7172,treatment,2026-03-08,0,1054
7173,treatment,2026-03-06,1,2786
7174,control,2026-03-04,0,1423
7175,treatment,2026-03-10,1,2029
7176,control,2026-03-14,0,610
7177,treatment,2026-03-13,1,1964
7178,treatment,2026-03-09,0,935
7179,control,2026-03-09,1,789
7180,control,2026-03-08,0,604
7181,treatment,2026-03-05,0,1259
7182,treatment,2026-03-08,0,3220
7183,treatment,2026-03-15,1,1033
7184,treatment,2026-03-13,0,1895
7185,treatment,2026-03-03,0,1412
7186,treatment,2026-03-13,0,1913
7187,treatment,2026-03-07,0,1475
7188,control,2026-03-09,0,1906
7189,control,2026-03-05,1,1252
7190,treatment,2026-03-04,0,1545
7191,treatment,2026-03-05,1,1157
7192,control,2026-03-06,0,1116
7193,control,2026-03-11,0,1887
7194,control,2026-03-03,1,1471
7195,treatment,2026-03-13,0,2523
7196,treatment,2026-03-13,0,725
7197,treatment,2026-03-11,1,2170
7198,control,2026-03-09,1,1061
7199,control,2026-03-03,0,602
7200,treatment,2026-03-06,1,1444
7201,control,2026-03-05,0,924
7202,control,2026-03-07,1,1832
7203,control,2026-03-08,0,1210
7204,control,2026-03-02,1,1163
7205,treatment,2026-03-15,0,1335
7206,treatment,2026-03-02,0,2552
7207,control,2026-03-05,1,1489
7208,control,2026-03-11,1,2121
7209,treatment,2026-03-06,0,1036
7210,control,2026-03-08,0,671
7211,treatment,2026-03-14,0,2941
7212,treatment,2026-03-10,0,732
7213,treatment,2026-03-04,1,1237
7214,control,2026-03-12,1,1613
7215,control,2026-03-12,1,1213
7216,treatment,2026-03-15,0,1276
7217,control,2026-03-13,1,897
7218,control,2026-03-02,0,1589
7219,treatment,2026-03-11,1,2879
7220,control,2026-03-12,0,1088
7221,treatment,2026-03-03,0,1840
7222,treatment,2026-03-14,0,1220
7223,treatment,2026-03-08,1,899
7224,control,2026-03-09,0,1431
7225,control,2026-03-04,0,671
7226,treatment,2026-03-02,0,1397
7227,treatment,2026-03-07,0,2111
7228,treatment,2026-03-12,1,1587
7229,treatment,2026-03-15,1,2078
7230,treatment,2026-03-02,1,830
7231,treatment,2026-03-09,0,850
7232,treatment,2026-03-14,0,1180
7233,treatment,2026-03-12,0,748
7234,treatment,2026-03-04,0,1728
7235,control,2026-03-11,0,1464
7236,treatment,2026-03-09,1,1315
7237,treatment,2026-03-11,0,1848
7238,control,2026-03-03,1,1365
7239,control,2026-03-14,1,1545
7240,treatment,2026-03-15,0,1305
7241,treatment,2026-03-10,0,1564
7242,treatment,2026-03-07,1,1361
7243,control,2026-03-03,0,996
7244,treatment,2026-03-04,1,1263
7245,control,2026-03-10,0,518
7246,control,2026-03-04,0,1127
7247,control,2026-03-07,1,816
7248,control,2026-03-10,0,1970
7249,treatment,2026-03-06,0,1670
7250,control,2026-03-03,0,2163
7251,control,2026-03-11,0,698
7252,control,2026-03-12,0,1564
7253,control,2026-03-12,0,1362
7254,treatment,2026-03-09,1,2061
7255,treatment,2026-03-07,0,917
7256,treatment,2026-03-05,0,1102
7257,treatment,2026-03-13,1,1352
7258,treatment,2026-03-10,1,1134
7259,control,2026-03-08,0,1221
7260,treatment,2026-03-15,1,1279
7261,control,2026-03-02,0,1057
7262,treatment,2026-03-02,0,729
7263,control,2026-03-08,0,679
7264,control,2026-03-06,0,812
7265,control,2026-03-15,0,1362
7266,control,2026-03-15,1,774
7267,treatment,2026-03-15,0,1242
7268,treatment,2026-03-14,0,1634
7269,treatment,2026-03-02,1,1005
7270,control,2026-03-03,0,1260
7271,treatment,2026-03-07,1,1507
7272,treatment,2026-03-10,1,1253
7273,treatment,2026-03-13,0,1226
7274,treatment,2026-03-07,1,1005
7275,control,2026-03-04,0,2219
7276,control,2026-03-15,0,1220
7277,treatment,2026-03-08,0,1020
7278,treatment,2026-03-11,1,1728
7279,control,2026-03-02,0,1657
7280,treatment,2026-03-14,0,1409
7281,control,2026-03-14,1,1288
7282,treatment,2026-03-11,0,1841
7283,treatment,2026-03-10,0,1591
7284,control,2026-03-05,1,1289
7285,control,2026-03-02,0,934
7286,control,2026-03-06,0,1060
7287,control,2026-03-03,0,1355
7288,control,2026-03-03,1,1396
7289,treatment,2026-03-03,0,3144
7290,control,2026-03-09,0,1069
7291,control,2026-03-04,0,1486
7292,treatment,2026-03-14,0,1627
7293,treatment,2026-03-07,0,1289
7294,treatment,2026-03-08,0,1707
7295,treatment,2026-03-03,1,809
7296,treatment,2026-03-09,0,1090
7297,treatment,2026-03-12,0,2228
7298,treatment,2026-03-03,1,1400
7299,treatment,2026-03-15,0,1477
7300,treatment,2026-03-02,0,727
7301,treatment,2026-03-10,1,1247
7302,control,2026-03-04,1,1088
7303,control,2026-03-05,0,1101
7304,control,2026-03-03,1,1699
7305,treatment,2026-03-15,1,987
7306,control,2026-03-09,0,1299
7307,control,2026-03-10,0,1976
7308,treatment,2026-03-14,0,1262
7309,control,2026-03-10,0,1115
7310,treatment,2026-03-07,1,1598
7311,control,2026-03-02,0,883
7312,treatment,2026-03-07,0,1583
7313,control,2026-03-15,1,820
7314,treatment,2026-03-06,1,1519
7315,control,2026-03-09,0,1541
7316,treatment,2026-03-15,1,1087
7317,treatment,2026-03-04,0,1916
7318,control,2026-03-11,0,1314
7319,control,2026-03-02,1,1331
7320,treatment,2026-03-14,0,3121
7321,treatment,2026-03-10,0,1040
7322,treatment,2026-03-13,0,1063
7323,treatment,2026-03-11,0,2007
7324,treatment,2026-03-08,0,2017
7325,control,2026-03-09,0,1128
7326,treatment,2026-03-02,0,1325
7327,treatment,2026-03-02,0,698
7328,control,2026-03-15,1,1096
7329,treatment,2026-03-02,0,1506
7330,control,2026-03-14,0,2285
7331,control,2026-03-02,0,1866
7332,control,2026-03-02,0,735
7333,control,2026-03-04,1,1215
7334,control,2026-03-11,0,1041
7335,treatment,2026-03-06,0,960
7336,control,2026-03-10,1,1277
7337,control,2026-03-04,1,1157
7338,treatment,2026-03-10,1,1018
7339,treatment,2026-03-05,1,1249
7340,treatment,2026-03-07,0,1616
7341,control,2026-03-03,1,662
7342,treatment,2026-03-04,0,2959
7343,treatment,2026-03-05,0,1908
7344,control,2026-03-02,0,1369
7345,control,2026-03-03,0,1910
7346,treatment,2026-03-04,0,999
7347,control,2026-03-02,0,762
7348,treatment,2026-03-11,0,1695
7349,control,2026-03-05,0,1740
7350,control,2026-03-12,0,1491
7351,control,2026-03-02,0,1740
7352,treatment,2026-03-11,1,827
7353,treatment,2026-03-04,1,1206
7354,treatment,2026-03-14,1,1216
7355,treatment,2026-03-12,0,1096
7356,treatment,2026-03-08,1,863
7357,treatment,2026-03-08,0,1555
7358,control,2026-03-03,0,1204
7359,control,2026-03-15,0,964
7360,control,2026-03-07,0,1152
7361,treatment,2026-03-06,0,992
7362,treatment,2026-03-11,0,977
7363,treatment,2026-03-02,0,2500
7364,treatment,2026-03-09,0,1709
7365,control,2026-03-10,0,1640
7366,control,2026-03-15,0,1028
7367,control,2026-03-14,0,1377
7368,treatment,2026-03-05,1,1336
7369,treatment,2026-03-06,1,1159
7370,control,2026-03-10,0,775
7371,treatment,2026-03-15,0,1063
7372,treatment,2026-03-04,0,1298
7373,treatment,2026-03-12,1,1234
7374,control,2026-03-03,0,1059
7375,treatment,2026-03-12,1,1979
7376,control,2026-03-02,1,1316
7377,control,2026-03-15,0,1174
7378,control,2026-03-11,0,1205
7379,control,2026-03-06,1,937
7380,control,2026-03-11,1,898
7381,treatment,2026-03-12,0,1242
7382,control,2026-03-12,0,868
7383,treatment,2026-03-03,1,1525
7384,control,2026-03-10,0,579
7385,control,2026-03-10,1,1052
7386,treatment,2026-03-14,0,1132
7387,treatment,2026-03-15,1,1833
7388,treatment,2026-03-05,0,1248
7389,treatment,2026-03-06,0,2426
7390,control,2026-03-10,1,1091
7391,treatment,2026-03-13,0,886
7392,treatment,2026-03-03,1,2462
7393,control,2026-03-14,1,2089
7394,control,2026-03-08,0,1384
7395,control,2026-03-11,0,1839
7396,control,2026-03-05,0,1421
7397,treatment,2026-03-08,0,2346
7398,control,2026-03-10,0,1163
7399,control,2026-03-13,0,1482
7400,treatment,2026-03-10,0,1006
7401,treatment,2026-03-10,1,1177
7402,treatment,2026-03-04,0,999
7403,treatment,2026-03-04,1,1544
7404,treatment,2026-03-05,0,2117
7405,treatment,2026-03-06,1,1152
7406,control,2026-03-06,1,1254
7407,control,2026-03-04,0,1040
7408,control,2026-03-06,1,1424
7409,control,2026-03-07,0,654
7410,treatment,2026-03-06,0,1332
7411,control,2026-03-02,1,1504
7412,treatment,2026-03-09,0,1818
7413,treatment,2026-03-11,0,1512
7414,treatment,2026-03-11,0,1471
7415,control,2026-03-03,0,1096
7416,control,2026-03-02,1,901
7417,control,2026-03-10,0,950
7418,control,2026-03-14,0,1134
7419,treatment,2026-03-03,0,1662
7420,control,2026-03-06,0,1432
7421,control,2026-03-07,0,1074
7422,treatment,2026-03-03,0,1449
7423,control,2026-03-10,0,1669
7424,treatment,2026-03-07,0,2139
7425,control,2026-03-09,0,1269
7426,treatment,2026-03-04,0,1080
7427,control,2026-03-04,0,847
7428,control,2026-03-10,0,1246
7429,control,2026-03-05,0,720
7430,treatment,2026-03-08,1,1134
7431,treatment,2026-03-10,1,1480
7432,control,2026-03-14,0,903
7433,treatment,2026-03-11,0,1467
7434,treatment,2026-03-05,0,1142
7435,control,2026-03-06,0,846
7436,control,2026-03-03,0,1476
7437,treatment,2026-03-12,1,1721
7438,treatment,2026-03-02,1,1091
7439,control,2026-03-03,1,1754
7440,treatment,2026-03-08,0,1127
7441,treatment,2026-03-14,1,1438
7442,control,2026-03-02,1,790
7443,treatment,2026-03-05,0,1098
7444,control,2026-03-10,0,991
7445,control,2026-03-04,0,935
7446,control,2026-03-09,1,1019
7447,treatment,2026-03-12,0,1950
7448,treatment,2026-03-05,1,798
7449,control,2026-03-06,0,1487
7450,control,2026-03-02,0,1565
7451,treatment,2026-03-05,0,1058
7452,treatment,2026-03-15,1,1420
7453,control,2026-03-04,0,1332
7454,control,2026-03-07,0,575
7455,control,2026-03-10,1,1757
7456,control,2026-03-15,0,1193
7457,control,2026-03-12,1,1094
7458,treatment,2026-03-06,0,1577
7459,control,2026-03-15,0,1525
7460,control,2026-03-13,1,978
7461,treatment,2026-03-10,0,1202
7462,control,2026-03-10,0,1333
7463,treatment,2026-03-10,0,2319
7464,control,2026-03-06,0,1321
7465,control,2026-03-10,1,1871
7466,treatment,2026-03-09,0,2794
7467,treatment,2026-03-02,0,1860
7468,control,2026-03-08,0,797
7469,treatment,2026-03-13,0,1771
7470,control,2026-03-10,1,1116
7471,treatment,2026-03-13,0,2729
7472,treatment,2026-03-13,1,908
7473,control,2026-03-02,1,1430
7474,treatment,2026-03-05,0,2282
7475,control,2026-03-08,1,807
7476,treatment,2026-03-14,1,1330
7477,control,2026-03-06,0,1055
7478,control,2026-03-12,1,1114
7479,treatment,2026-03-11,1,1648
7480,control,2026-03-02,0,1161
7481,treatment,2026-03-14,0,2700
7482,control,2026-03-12,1,780
7483,control,2026-03-08,1,1285
7484,control,2026-03-13,1,1115
7485,control,2026-03-05,1,1403
7486,treatment,2026-03-04,1,1256
7487,treatment,2026-03-08,0,1421
7488,control,2026-03-14,0,2011
7489,control,2026-03-09,0,1656
7490,control,2026-03-10,0,1448
7491,treatment,2026-03-02,1,1927
7492,control,2026-03-04,0,2367
7493,treatment,2026-03-10,1,1652
7494,control,2026-03-12,0,1421
7495,control,2026-03-11,0,1410
7496,control,2026-03-11,0,1209
7497,control,2026-03-12,1,898
7498,treatment,2026-03-10,1,1420
7499,treatment,2026-03-09,0,1475
7500,treatment,2026-03-04,0,877
7501,control,2026-03-08,0,766
7502,treatment,2026-03-07,1,1671
7503,treatment,2026-03-12,0,1434
7504,control,2026-03-05,0,1175
7505,treatment,2026-03-08,0,1692
7506,control,2026-03-09,1,696
7507,treatment,2026-03-15,0,1591
7508,control,2026-03-06,0,3350
7509,control,2026-03-10,0,872
7510,treatment,2026-03-12,0,4699
7511,control,2026-03-10,0,976
7512,treatment,2026-03-14,0,1206
7513,treatment,2026-03-04,0,2142
7514,treatment,2026-03-13,1,830
7515,treatment,2026-03-04,1,866
7516,control,2026-03-08,1,741
7517,control,2026-03-04,0,1026
7518,control,2026-03-06,1,1254
7519,control,2026-03-12,1,1559
7520,control,2026-03-15,0,716
7521,treatment,2026-03-03,1,413
7522,control,2026-03-03,0,1204
7523,control,2026-03-04,0,1789
7524,treatment,2026-03-07,0,1118
7525,treatment,2026-03-15,1,1767
7526,treatment,2026-03-07,0,784
7527,control,2026-03-07,0,988
7528,treatment,2026-03-07,0,1561
7529,treatment,2026-03-13,0,1522
7530,treatment,2026-03-05,1,1157
7531,treatment,2026-03-13,0,1289
7532,treatment,2026-03-03,0,2301
7533,control,2026-03-13,1,1624
7534,control,2026-03-11,1,1011
7535,treatment,2026-03-03,1,1432
7536,control,2026-03-02,0,1046
7537,control,2026-03-07,1,1176
7538,control,2026-03-06,0,486
7539,control,2026-03-07,0,1565
7540,control,2026-03-08,0,1774
7541,treatment,2026-03-08,1,1308
7542,treatment,2026-03-10,1,2510
7543,control,2026-03-10,1,990
7544,treatment,2026-03-14,0,1377
7545,control,2026-03-02,0,1339
7546,treatment,2026-03-09,0,2153
7547,treatment,2026-03-13,0,1144
7548,control,2026-03-09,0,1154
7549,treatment,2026-03-12,1,685
7550,control,2026-03-11,0,931
7551,control,2026-03-05,1,788
7552,treatment,2026-03-03,0,1100
7553,treatment,2026-03-12,0,1790
7554,treatment,2026-03-04,0,1847
7555,treatment,2026-03-14,1,2662
7556,control,2026-03-09,0,2110
7557,control,2026-03-04,0,1455
7558,control,2026-03-11,1,2363
7559,treatment,2026-03-10,0,1687
7560,treatment,2026-03-09,1,2306
7561,treatment,2026-03-08,0,1410
7562,treatment,2026-03-07,1,996
7563,control,2026-03-12,1,1090
7564,treatment,2026-03-15,0,1778
7565,treatment,2026-03-13,1,1420
7566,control,2026-03-07,1,1308
7567,control,2026-03-15,0,696
7568,control,2026-03-08,1,517
7569,treatment,2026-03-15,0,2222
7570,control,2026-03-15,1,1488
7571,control,2026-03-02,0,1593
7572,treatment,2026-03-13,1,1044
7573,treatment,2026-03-03,1,2294
7574,control,2026-03-09,0,1228
7575,control,2026-03-07,1,950
7576,treatment,2026-03-05,0,912
7577,control,2026-03-14,0,1199
7578,control,2026-03-08,0,992
7579,control,2026-03-15,0,1349
7580,control,2026-03-05,1,646
7581,treatment,2026-03-04,1,1601
7582,treatment,2026-03-13,0,1994
7583,treatment,2026-03-14,1,1643
7584,control,2026-03-10,1,2141
7585,control,2026-03-07,0,1742
7586,control,2026-03-02,0,1029
7587,treatment,2026-03-04,0,1192
7588,control,2026-03-09,1,1049
7589,treatment,2026-03-05,0,1264
7590,control,2026-03-07,1,680
7591,treatment,2026-03-11,0,1417
7592,control,2026-03-09,1,670
7593,control,2026-03-02,1,978
7594,control,2026-03-05,1,1135
7595,control,2026-03-09,1,1576
7596,control,2026-03-06,0,1429
7597,treatment,2026-03-03,1,627
7598,treatment,2026-03-14,0,698
7599,treatment,2026-03-10,0,1632
7600,control,2026-03-06,0,1302
7601,control,2026-03-07,1,1533
7602,control,2026-03-11,1,1161
7603,treatment,2026-03-06,1,1042
7604,treatment,2026-03-10,0,1137
7605,control,2026-03-12,0,1029
7606,treatment,2026-03-08,1,1375
7607,control,2026-03-08,0,1031
7608,control,2026-03-03,0,910
7609,treatment,2026-03-14,1,2130
7610,control,2026-03-04,1,523
7611,treatment,2026-03-13,1,1765
7612,control,2026-03-14,0,733
7613,control,2026-03-07,0,1222
7614,treatment,2026-03-15,0,1409
7615,treatment,2026-03-07,1,1089
7616,treatment,2026-03-12,1,648
7617,control,2026-03-13,0,1013
7618,treatment,2026-03-14,1,912
7619,control,2026-03-12,0,870
7620,control,2026-03-11,0,1145
7621,treatment,2026-03-02,0,2317
7622,control,2026-03-12,1,1205
7623,control,2026-03-02,1,835
7624,treatment,2026-03-02,0,1789
7625,control,2026-03-03,1,988
7626,treatment,2026-03-15,0,1406
7627,control,2026-03-05,0,1216
7628,treatment,2026-03-06,0,1925
7629,treatment,2026-03-08,1,1343
7630,treatment,2026-03-14,0,1525
7631,treatment,2026-03-02,0,1428
7632,treatment,2026-03-09,0,1142
7633,control,2026-03-09,0,684
7634,treatment,2026-03-03,0,1458
7635,control,2026-03-08,1,1199
7636,control,2026-03-14,1,1285
7637,treatment,2026-03-08,0,819
7638,control,2026-03-07,0,1297
7639,treatment,2026-03-07,0,2040
7640,control,2026-03-08,0,1890
7641,treatment,2026-03-11,0,1421
7642,control,2026-03-10,1,1522
7643,control,2026-03-09,0,1107
7644,control,2026-03-15,1,788
7645,control,2026-03-07,1,1299
7646,control,2026-03-07,1,1533
7647,treatment,2026-03-13,1,1057
7648,treatment,2026-03-11,0,1866
7649,treatment,2026-03-09,1,1256
7650,treatment,2026-03-13,0,1087
7651,control,2026-03-06,0,829
7652,control,2026-03-11,0,756
7653,control,2026-03-12,1,1097
7654,control,2026-03-02,0,962
7655,control,2026-03-08,0,1862
7656,treatment,2026-03-04,1,1933
7657,control,2026-03-09,0,1891
7658,control,2026-03-02,1,1627
7659,control,2026-03-13,0,936
7660,control,2026-03-13,0,1455
7661,treatment,2026-03-15,0,1951
7662,control,2026-03-08,1,843
7663,treatment,2026-03-12,0,1516
7664,treatment,2026-03-07,1,1056
7665,treatment,2026-03-05,0,1927
7666,treatment,2026-03-06,1,1197
7667,treatment,2026-03-03,0,1893
7668,treatment,2026-03-10,0,1663
7669,control,2026-03-14,1,1159
7670,treatment,2026-03-08,0,1294
7671,control,2026-03-03,0,1412
7672,control,2026-03-13,1,1000
7673,treatment,2026-03-07,0,1865
7674,control,2026-03-10,0,1551
7675,treatment,2026-03-11,0,711
7676,control,2026-03-10,1,1768
7677,treatment,2026-03-12,0,1708
7678,treatment,2026-03-03,0,2284
7679,control,2026-03-08,1,1509
7680,treatment,2026-03-05,0,1259
7681,control,2026-03-05,1,886
7682,control,2026-03-09,1,1357
7683,control,2026-03-07,0,1051
7684,control,2026-03-15,0,1057
7685,control,2026-03-11,1,1101
7686,control,2026-03-10,0,1854
7687,treatment,2026-03-07,1,934
7688,treatment,2026-03-15,0,1481
7689,control,2026-03-08,1,812
7690,treatment,2026-03-08,0,1746
7691,control,2026-03-04,0,524
7692,control,2026-03-02,0,1515
7693,treatment,2026-03-12,1,1114
7694,treatment,2026-03-02,1,749
7695,treatment,2026-03-13,0,1641
7696,treatment,2026-03-10,0,1903
7697,control,2026-03-15,0,1458
7698,control,2026-03-13,1,1189
7699,control,2026-03-13,0,1508
7700,control,2026-03-10,1,741
7701,treatment,2026-03-06,1,1096
7702,control,2026-03-12,1,1346
7703,treatment,2026-03-03,0,635
7704,control,2026-03-02,0,1398
7705,treatment,2026-03-15,1,2125
7706,control,2026-03-13,0,577
7707,treatment,2026-03-08,0,860
7708,control,2026-03-09,0,586
7709,control,2026-03-14,1,1461
7710,treatment,2026-03-15,0,2465
7711,control,2026-03-12,1,2133
7712,control,2026-03-10,1,2299
7713,treatment,2026-03-04,0,1294
7714,control,2026-03-15,1,1218
7715,control,2026-03-04,0,1336
7716,control,2026-03-15,0,1055
7717,treatment,2026-03-05,0,2282
7718,control,2026-03-06,0,1212
7719,treatment,2026-03-15,0,1715
7720,control,2026-03-06,0,1055
7721,control,2026-03-13,1,1213
7722,control,2026-03-08,0,1813
7723,control,2026-03-12,0,1161
7724,treatment,2026-03-03,1,2009
7725,treatment,2026-03-09,1,2124
7726,control,2026-03-08,0,1332
7727,control,2026-03-12,0,1350
7728,treatment,2026-03-05,0,2204
7729,control,2026-03-10,0,904
7730,treatment,2026-03-05,0,1070
7731,treatment,2026-03-10,0,1266
7732,control,2026-03-02,1,2594
7733,treatment,2026-03-12,1,1906
7734,treatment,2026-03-13,0,1471
7735,treatment,2026-03-04,0,2035
7736,control,2026-03-03,0,1288
7737,control,2026-03-06,0,1276
7738,treatment,2026-03-12,0,1789
7739,treatment,2026-03-14,0,892
7740,treatment,2026-03-06,0,1185
7741,treatment,2026-03-08,1,2196
7742,treatment,2026-03-09,1,1356
7743,control,2026-03-03,1,1141
7744,treatment,2026-03-14,1,1248
7745,control,2026-03-03,0,1069
7746,control,2026-03-10,1,833
7747,control,2026-03-15,1,1540
7748,treatment,2026-03-13,0,1670
7749,treatment,2026-03-10,0,1158
7750,treatment,2026-03-14,0,1031
7751,treatment,2026-03-02,0,839
7752,treatment,2026-03-11,0,1383
7753,control,2026-03-13,0,1094
7754,treatment,2026-03-15,0,597
7755,treatment,2026-03-14,1,732
7756,control,2026-03-04,1,1100
7757,treatment,2026-03-12,1,1023
7758,control,2026-03-06,1,1495
7759,treatment,2026-03-07,0,950
7760,treatment,2026-03-14,0,1078
7761,control,2026-03-05,0,943
7762,control,2026-03-13,0,1038
7763,treatment,2026-03-09,1,3090
7764,treatment,2026-03-08,1,610
7765,control,2026-03-05,0,974
7766,control,2026-03-02,1,1243
7767,treatment,2026-03-02,0,2052
7768,control,2026-03-12,1,2097
7769,treatment,2026-03-09,0,1253
7770,control,2026-03-11,1,809
7771,control,2026-03-12,0,648
7772,treatment,2026-03-13,0,1574
7773,treatment,2026-03-08,1,2215
7774,control,2026-03-14,0,1361
7775,treatment,2026-03-12,0,1255
7776,treatment,2026-03-06,0,1251
7777,treatment,2026-03-04,1,1852
7778,control,2026-03-04,1,1946
7779,treatment,2026-03-13,1,980
7780,control,2026-03-08,0,1444
7781,control,2026-03-04,1,1586
7782,treatment,2026-03-13,0,981
7783,treatment,2026-03-03,0,1926
7784,treatment,2026-03-06,0,1836
7785,treatment,2026-03-06,0,1687
7786,treatment,2026-03-04,1,1331
7787,treatment,2026-03-06,0,948
7788,control,2026-03-06,0,2474
7789,treatment,2026-03-10,0,1751
7790,treatment,2026-03-12,0,1179
7791,treatment,2026-03-13,0,1374
7792,control,2026-03-10,0,959
7793,control,2026-03-11,1,1432
7794,control,2026-03-04,0,1030
7795,control,2026-03-15,1,2184
7796,control,2026-03-02,0,1362
7797,treatment,2026-03-05,1,967
7798,control,2026-03-06,1,1310
7799,control,2026-03-08,1,927
7800,treatment,2026-03-15,0,1297
7801,control,2026-03-14,1,842
7802,treatment,2026-03-10,1,1259
7803,control,2026-03-03,0,1763
7804,treatment,2026-03-10,1,827
7805,treatment,2026-03-10,0,1342
7806,control,2026-03-13,0,1927
7807,treatment,2026-03-09,0,1421
7808,treatment,2026-03-10,0,2501
7809,treatment,2026-03-04,0,1323
7810,treatment,2026-03-06,0,966
7811,control,2026-03-02,0,1435
7812,control,2026-03-05,0,889
7813,treatment,2026-03-11,0,2138
7814,control,2026-03-13,1,2208
7815,control,2026-03-06,1,616
7816,control,2026-03-13,0,1012
7817,control,2026-03-03,0,1444
7818,control,2026-03-14,1,964
7819,control,2026-03-02,0,919
7820,treatment,2026-03-04,0,717
7821,control,2026-03-04,1,1359
7822,control,2026-03-09,0,938
7823,treatment,2026-03-14,0,1698
7824,treatment,2026-03-08,0,1230
7825,treatment,2026-03-07,1,1897
7826,control,2026-03-09,1,945
7827,control,2026-03-04,0,1844
7828,control,2026-03-13,0,457
7829,treatment,2026-03-12,1,1135
7830,treatment,2026-03-02,1,1418
7831,control,2026-03-08,0,2001
7832,control,2026-03-15,0,1337
7833,control,2026-03-11,1,1716
7834,control,2026-03-02,0,835
7835,treatment,2026-03-04,0,2259
7836,control,2026-03-03,0,1148
7837,control,2026-03-08,1,1055
7838,control,2026-03-13,0,1120
7839,treatment,2026-03-06,0,1406
7840,treatment,2026-03-11,0,1704
7841,control,2026-03-12,0,931
7842,treatment,2026-03-15,0,1742
7843,control,2026-03-02,0,1182
7844,treatment,2026-03-08,0,1301
7845,treatment,2026-03-12,0,1070
7846,treatment,2026-03-08,1,1992
7847,treatment,2026-03-10,0,1731
7848,control,2026-03-14,0,1472
7849,treatment,2026-03-02,0,2631
7850,control,2026-03-14,0,1699
7851,treatment,2026-03-08,0,2100
7852,control,2026-03-13,1,1607
7853,control,2026-03-03,0,1256
7854,treatment,2026-03-13,0,953
7855,control,2026-03-08,0,1427
7856,control,2026-03-09,1,1439
7857,control,2026-03-07,0,948
7858,treatment,2026-03-15,1,1542
7859,treatment,2026-03-04,0,2204
7860,control,2026-03-06,0,1921
7861,treatment,2026-03-14,0,2244
7862,treatment,2026-03-03,0,1332
7863,control,2026-03-08,0,536
7864,treatment,2026-03-13,1,1387
7865,treatment,2026-03-09,0,1328
7866,treatment,2026-03-07,0,1461
7867,control,2026-03-12,1,821
7868,control,2026-03-05,0,1382
7869,treatment,2026-03-05,1,2063
7870,control,2026-03-02,0,1578
7871,control,2026-03-05,0,2281
7872,control,2026-03-07,0,1719
7873,treatment,2026-03-09,1,1810
7874,treatment,2026-03-02,0,1951
7875,treatment,2026-03-11,0,2305
7876,treatment,2026-03-07,0,1772
7877,control,2026-03-08,0,723
7878,control,2026-03-09,1,988
7879,treatment,2026-03-04,0,814
7880,treatment,2026-03-11,1,1066
7881,treatment,2026-03-09,0,2350
7882,treatment,2026-03-12,0,1197
7883,control,2026-03-06,1,2028
7884,control,2026-03-14,0,1972
7885,control,2026-03-14,0,732
7886,control,2026-03-14,1,1445
7887,treatment,2026-03-02,1,1732
7888,control,2026-03-13,1,1221
7889,treatment,2026-03-12,0,1625
7890,treatment,2026-03-05,0,1201
7891,control,2026-03-11,0,2344
7892,treatment,2026-03-13,1,1812
7893,treatment,2026-03-03,1,1992
7894,control,2026-03-14,0,929
7895,control,2026-03-02,1,1870
7896,control,2026-03-04,0,1330
7897,control,2026-03-08,1,1173
7898,control,2026-03-15,0,1115
7899,treatment,2026-03-13,0,1191
7900,treatment,2026-03-05,1,1390
7901,control,2026-03-14,1,871
7902,control,2026-03-03,0,1139
7903,treatment,2026-03-11,0,1573
7904,treatment,2026-03-05,1,1567
7905,control,2026-03-07,0,670
7906,control,2026-03-09,0,1898
7907,control,2026-03-05,0,1242
7908,treatment,2026-03-11,0,1143
7909,treatment,2026-03-07,1,2039
7910,control,2026-03-03,0,1651
7911,control,2026-03-09,0,1207
7912,control,2026-03-14,1,995
7913,control,2026-03-08,0,802
7914,control,2026-03-09,0,1197
7915,treatment,2026-03-11,1,1285
7916,treatment,2026-03-06,0,1494
7917,control,2026-03-09,0,1001
7918,treatment,2026-03-06,0,1454
7919,treatment,2026-03-04,1,1135
7920,control,2026-03-09,0,992
7921,treatment,2026-03-05,1,1738
7922,control,2026-03-11,0,2337
7923,control,2026-03-11,0,919
7924,control,2026-03-07,0,862
7925,control,2026-03-09,1,2742
7926,control,2026-03-08,0,1040
7927,treatment,2026-03-15,0,992
7928,control,2026-03-11,0,1147
7929,control,2026-03-13,0,587
7930,control,2026-03-06,0,1748
7931,treatment,2026-03-12,1,1459
7932,control,2026-03-13,1,1292
7933,treatment,2026-03-02,0,1560
7934,treatment,2026-03-15,1,1507
7935,control,2026-03-07,1,833
7936,treatment,2026-03-14,0,2065
7937,control,2026-03-11,1,671
7938,treatment,2026-03-13,1,1223
7939,control,2026-03-02,0,885
7940,control,2026-03-08,0,1493
7941,treatment,2026-03-10,1,1361
7942,treatment,2026-03-06,1,1764
7943,treatment,2026-03-12,1,2723
7944,treatment,2026-03-12,0,1547
7945,treatment,2026-03-09,1,771
7946,control,2026-03-03,0,1654
7947,control,2026-03-13,1,2738
7948,treatment,2026-03-12,0,1331
7949,treatment,2026-03-12,0,1847
7950,treatment,2026-03-12,0,1884
7951,treatment,2026-03-04,0,1105
7952,treatment,2026-03-13,1,1472
7953,treatment,2026-03-05,1,1334
7954,treatment,2026-03-06,0,2491
7955,treatment,2026-03-11,0,849
7956,treatment,2026-03-10,1,1197
7957,control,2026-03-02,0,1220
7958,treatment,2026-03-12,0,1716
7959,control,2026-03-07,0,1411
7960,control,2026-03-03,0,894
7961,control,2026-03-05,0,612
7962,treatment,2026-03-15,1,1567
7963,treatment,2026-03-10,0,1082
7964,control,2026-03-06,1,1159
7965,control,2026-03-03,1,1794
7966,treatment,2026-03-05,0,1304
7967,treatment,2026-03-06,0,961
7968,treatment,2026-03-13,0,1720
7969,treatment,2026-03-11,0,1785
7970,control,2026-03-05,0,1444
7971,treatment,2026-03-05,0,1500
7972,control,2026-03-04,0,1047
7973,treatment,2026-03-12,1,1361
7974,treatment,2026-03-02,0,1879
7975,control,2026-03-10,0,1660
7976,treatment,2026-03-02,0,1067
7977,control,2026-03-12,0,1080
7978,treatment,2026-03-08,0,2643
7979,treatment,2026-03-10,0,1017
7980,control,2026-03-08,0,1168
7981,control,2026-03-06,0,831
7982,control,2026-03-14,0,440
7983,control,2026-03-03,0,1387
7984,treatment,2026-03-10,0,1284
7985,control,2026-03-09,1,1553
7986,treatment,2026-03-12,0,1135
7987,treatment,2026-03-13,0,1142
7988,control,2026-03-05,0,1487
7989,treatment,2026-03-12,1,1541
7990,treatment,2026-03-05,0,1625
7991,treatment,2026-03-14,0,1123
7992,treatment,2026-03-07,0,1625
7993,control,2026-03-06,0,1268
7994,treatment,2026-03-10,0,1714
7995,treatment,2026-03-02,1,1305
7996,treatment,2026-03-11,0,859
7997,control,2026-03-06,1,1315
7998,treatment,2026-03-02,0,881
7999,control,2026-03-07,0,1078
8000,control,2026-03-15,0,1534
8001,treatment,2026-03-06,0,991
8002,treatment,2026-03-04,0,1688
8003,treatment,2026-03-03,0,1747
8004,treatment,2026-03-11,0,1129
8005,control,2026-03-14,0,1360
8006,treatment,2026-03-03,1,1410
8007,control,2026-03-05,0,989
8008,control,2026-03-14,1,1045
8009,treatment,2026-03-10,0,1045
8010,control,2026-03-08,0,963
8011,treatment,2026-03-13,1,1438
8012,control,2026-03-14,0,1778
8013,control,2026-03-10,1,1608
8014,control,2026-03-05,1,921
8015,control,2026-03-05,0,1341
8016,treatment,2026-03-11,0,825
8017,treatment,2026-03-06,1,920
8018,control,2026-03-09,1,944
8019,control,2026-03-14,0,1631
8020,treatment,2026-03-09,1,1593
8021,control,2026-03-09,0,790
8022,treatment,2026-03-15,0,748
8023,control,2026-03-15,1,1577
8024,control,2026-03-14,0,838
8025,treatment,2026-03-05,1,764
8026,treatment,2026-03-12,1,1971
8027,treatment,2026-03-08,0,1567
8028,treatment,2026-03-03,1,2405
8029,control,2026-03-03,0,842
8030,control,2026-03-05,0,690
8031,control,2026-03-10,1,938
8032,treatment,2026-03-13,1,2052
8033,treatment,2026-03-12,0,1412
8034,control,2026-03-13,0,1738
8035,control,2026-03-02,0,1637
8036,control,2026-03-05,0,1332
8037,treatment,2026-03-06,1,1452
8038,control,2026-03-13,1,2146
8039,treatment,2026-03-11,0,1582
8040,control,2026-03-06,1,1815
8041,control,2026-03-15,1,555
8042,control,2026-03-10,0,1012
8043,control,2026-03-13,0,1675
8044,control,2026-03-07,1,1023
8045,treatment,2026-03-05,1,1166
8046,control,2026-03-10,0,1498
8047,treatment,2026-03-04,0,1233
8048,control,2026-03-05,1,1334
8049,treatment,2026-03-03,0,1072
8050,control,2026-03-11,0,590
8051,treatment,2026-03-07,0,997
8052,control,2026-03-03,0,1633
8053,treatment,2026-03-11,1,1220
8054,control,2026-03-02,0,1290
8055,control,2026-03-03,0,1266
8056,control,2026-03-08,1,1238
8057,control,2026-03-12,1,1620
8058,treatment,2026-03-15,0,1189
8059,treatment,2026-03-02,0,647
8060,treatment,2026-03-15,0,1219
8061,treatment,2026-03-02,0,569
8062,treatment,2026-03-09,0,1280
8063,treatment,2026-03-09,0,2333
8064,control,2026-03-13,1,1963
8065,treatment,2026-03-10,1,1429
8066,treatment,2026-03-11,0,1116
8067,treatment,2026-03-06,0,1191
8068,treatment,2026-03-09,0,1683
8069,control,2026-03-15,0,2009
8070,treatment,2026-03-02,1,771
8071,control,2026-03-13,1,1502
8072,control,2026-03-12,1,1250
8073,treatment,2026-03-13,1,880
8074,treatment,2026-03-13,1,1555
8075,treatment,2026-03-15,1,843
8076,treatment,2026-03-04,0,1609
8077,treatment,2026-03-08,0,1532
8078,treatment,2026-03-05,1,1579
8079,treatment,2026-03-07,1,1785
8080,control,2026-03-07,0,1066
8081,treatment,2026-03-10,1,849
8082,treatment,2026-03-12,0,3231
8083,treatment,2026-03-13,0,810
8084,treatment,2026-03-06,0,1402
8085,treatment,2026-03-10,1,748
8086,control,2026-03-15,0,618
8087,control,2026-03-15,1,1743
8088,treatment,2026-03-15,0,831
8089,control,2026-03-02,0,941
8090,treatment,2026-03-04,0,1435
8091,control,2026-03-11,0,721
8092,treatment,2026-03-14,0,2636
8093,control,2026-03-08,0,1124
8094,treatment,2026-03-03,1,1776
8095,control,2026-03-06,0,978
8096,treatment,2026-03-10,0,1720
8097,treatment,2026-03-07,0,1402
8098,treatment,2026-03-04,0,971
8099,control,2026-03-11,0,1260
8100,control,2026-03-12,0,902
8101,control,2026-03-12,0,1389
8102,treatment,2026-03-03,0,1959
8103,treatment,2026-03-13,1,1509
8104,treatment,2026-03-11,0,1947
8105,treatment,2026-03-13,0,1595
8106,treatment,2026-03-10,1,1709
8107,treatment,2026-03-02,0,1389
8108,control,2026-03-11,0,586
8109,treatment,2026-03-11,1,1171
8110,treatment,2026-03-02,1,1925
8111,control,2026-03-04,0,1382
8112,treatment,2026-03-10,0,783
8113,control,2026-03-10,0,940
8114,treatment,2026-03-14,0,1254
8115,control,2026-03-02,1,2236
8116,treatment,2026-03-04,0,1088
8117,treatment,2026-03-02,0,2545
8118,control,2026-03-06,0,928
8119,treatment,2026-03-08,0,1514
8120,treatment,2026-03-15,0,1411
8121,treatment,2026-03-12,1,1525
8122,treatment,2026-03-11,1,1194
8123,treatment,2026-03-12,1,1423
8124,treatment,2026-03-13,1,1365
8125,treatment,2026-03-13,0,1082
8126,treatment,2026-03-05,1,1211
8127,control,2026-03-12,1,1187
8128,control,2026-03-05,0,1395
8129,treatment,2026-03-11,1,1443
8130,control,2026-03-05,0,1050
8131,treatment,2026-03-13,0,1339
8132,control,2026-03-07,1,1118
8133,treatment,2026-03-15,0,1440
8134,control,2026-03-15,0,780
8135,control,2026-03-12,0,1406
8136,control,2026-03-13,0,1444
8137,control,2026-03-07,1,1903
8138,control,2026-03-11,0,1465
8139,treatment,2026-03-15,1,1450
8140,control,2026-03-15,0,1634
8141,treatment,2026-03-12,0,1449
8142,treatment,2026-03-10,1,1258
8143,treatment,2026-03-06,1,3021
8144,control,2026-03-06,0,1719
8145,treatment,2026-03-13,0,1448
8146,treatment,2026-03-03,0,939
8147,treatment,2026-03-10,1,2243
8148,control,2026-03-03,0,1749
8149,control,2026-03-03,1,1306
8150,treatment,2026-03-07,0,1768
8151,control,2026-03-05,1,1283
8152,treatment,2026-03-07,0,1764
8153,control,2026-03-11,0,958
8154,control,2026-03-15,0,807
8155,control,2026-03-02,0,1108
8156,treatment,2026-03-15,1,1098
8157,control,2026-03-12,0,1034
8158,control,2026-03-08,0,838
8159,control,2026-03-05,1,899
8160,control,2026-03-05,1,2134
8161,control,2026-03-12,1,1406
8162,treatment,2026-03-15,1,1144
8163,treatment,2026-03-11,0,3134
8164,control,2026-03-10,1,1033
8165,control,2026-03-04,0,1588
8166,control,2026-03-02,0,1135
8167,control,2026-03-12,0,909
8168,treatment,2026-03-03,0,1310
8169,treatment,2026-03-12,0,2472
8170,control,2026-03-02,1,981
8171,treatment,2026-03-15,1,1810
8172,control,2026-03-09,0,1968
8173,control,2026-03-05,0,1912
8174,control,2026-03-14,0,1274
8175,treatment,2026-03-11,0,1861
8176,control,2026-03-02,0,3199
8177,control,2026-03-03,0,1203
8178,treatment,2026-03-04,1,1663
8179,treatment,2026-03-06,0,1048
8180,control,2026-03-12,0,784
8181,treatment,2026-03-15,1,654
8182,control,2026-03-08,1,1004
8183,treatment,2026-03-13,0,1256
8184,control,2026-03-07,1,996
8185,treatment,2026-03-15,0,1179
8186,treatment,2026-03-13,1,1570
8187,control,2026-03-14,1,1160
8188,control,2026-03-09,1,1232
8189,treatment,2026-03-10,0,2447
8190,treatment,2026-03-12,0,1548
8191,treatment,2026-03-14,0,1208
8192,control,2026-03-07,0,1270
8193,control,2026-03-13,0,1779
8194,control,2026-03-15,1,1046
8195,control,2026-03-03,0,1480
8196,treatment,2026-03-02,0,1737
8197,treatment,2026-03-10,0,2257
8198,control,2026-03-10,1,1291
8199,control,2026-03-09,0,916
8200,treatment,2026-03-08,0,4391
8201,control,2026-03-10,0,1761
8202,control,2026-03-06,0,2785
8203,treatment,2026-03-15,1,1590
8204,treatment,2026-03-14,1,1982
8205,control,2026-03-04,0,1269
8206,treatment,2026-03-07,0,1424
8207,treatment,2026-03-14,0,942
8208,treatment,2026-03-10,0,1157
8209,treatment,2026-03-09,1,986
8210,treatment,2026-03-13,0,1494
8211,treatment,2026-03-11,0,2308
8212,treatment,2026-03-03,1,1550
8213,treatment,2026-03-13,0,1316
8214,control,2026-03-06,0,1403
8215,treatment,2026-03-12,0,1022
8216,control,2026-03-08,1,1386
8217,treatment,2026-03-14,0,1057
8218,control,2026-03-15,0,1022
8219,treatment,2026-03-03,1,1079
8220,control,2026-03-04,0,729
8221,treatment,2026-03-12,0,2410
8222,treatment,2026-03-10,0,1650
8223,treatment,2026-03-15,0,1449
8224,control,2026-03-11,1,1146
8225,control,2026-03-15,0,1197
8226,control,2026-03-12,1,1808
8227,control,2026-03-09,0,661
8228,control,2026-03-03,0,1050
8229,control,2026-03-07,0,1363
8230,treatment,2026-03-08,0,1671
8231,control,2026-03-11,0,1980
8232,control,2026-03-11,0,2152
8233,treatment,2026-03-14,0,1432
8234,control,2026-03-10,1,1021
8235,control,2026-03-10,0,1852
8236,control,2026-03-05,0,1059
8237,control,2026-03-09,0,943
8238,control,2026-03-04,0,1634
8239,control,2026-03-14,1,1209
8240,treatment,2026-03-11,0,1306
8241,treatment,2026-03-10,1,1532
8242,treatment,2026-03-04,0,1540
8243,treatment,2026-03-05,0,841
8244,treatment,2026-03-09,0,691
8245,control,2026-03-08,0,2019
8246,treatment,2026-03-15,1,1889
8247,control,2026-03-07,1,1177
8248,control,2026-03-11,0,1363
8249,treatment,2026-03-03,0,2122
8250,treatment,2026-03-03,1,1674
8251,control,2026-03-08,1,1181
8252,treatment,2026-03-09,0,1581
8253,control,2026-03-06,0,1509
8254,treatment,2026-03-08,1,892
8255,treatment,2026-03-04,0,1465
8256,control,2026-03-14,0,2100
8257,treatment,2026-03-08,0,1722
8258,treatment,2026-03-07,1,1113
8259,treatment,2026-03-14,1,1930
8260,control,2026-03-14,1,1675
8261,control,2026-03-07,0,1727
8262,treatment,2026-03-12,0,1277
8263,treatment,2026-03-02,1,1159
8264,treatment,2026-03-12,1,1284
8265,control,2026-03-09,0,1736
8266,treatment,2026-03-14,1,1076
8267,treatment,2026-03-14,1,2435
8268,control,2026-03-06,0,1339
8269,treatment,2026-03-05,1,843
8270,control,2026-03-04,0,1297
8271,treatment,2026-03-08,0,1534
8272,control,2026-03-04,1,1207
8273,control,2026-03-04,0,1779
8274,control,2026-03-03,0,915
8275,treatment,2026-03-09,0,913
8276,treatment,2026-03-13,0,2418
8277,treatment,2026-03-14,0,907
8278,control,2026-03-07,0,1679
8279,treatment,2026-03-02,1,1467
8280,control,2026-03-05,0,1365
8281,treatment,2026-03-04,1,1253
8282,control,2026-03-05,0,2044
8283,treatment,2026-03-15,0,2390
8284,control,2026-03-04,1,2325
8285,control,2026-03-11,0,1759
8286,treatment,2026-03-04,1,1589
8287,control,2026-03-14,0,1351
8288,control,2026-03-10,0,1744
8289,control,2026-03-11,0,2399
8290,treatment,2026-03-02,1,1845
8291,treatment,2026-03-08,1,1022
8292,control,2026-03-04,0,1271
8293,control,2026-03-07,0,739
8294,treatment,2026-03-06,1,1355
8295,control,2026-03-13,0,678
8296,control,2026-03-11,0,1360
8297,treatment,2026-03-10,1,1463
8298,treatment,2026-03-02,0,1058
8299,treatment,2026-03-09,1,1302
8300,control,2026-03-08,1,677
8301,treatment,2026-03-08,0,956
8302,treatment,2026-03-14,0,1000
8303,treatment,2026-03-09,1,1092
8304,treatment,2026-03-10,1,1642
8305,treatment,2026-03-09,0,1016
8306,treatment,2026-03-07,0,1051
8307,treatment,2026-03-12,0,2415
8308,control,2026-03-02,1,1272
8309,control,2026-03-05,1,1237
8310,control,2026-03-04,0,749
8311,control,2026-03-13,1,1886
8312,treatment,2026-03-11,1,1595
8313,control,2026-03-08,0,899
8314,treatment,2026-03-08,1,1595
8315,control,2026-03-10,1,1339
8316,treatment,2026-03-10,0,1387
8317,treatment,2026-03-08,0,872
8318,control,2026-03-02,0,1545
8319,control,2026-03-15,1,1097
8320,treatment,2026-03-08,1,1369
8321,control,2026-03-08,1,947
8322,treatment,2026-03-12,0,1258
8323,control,2026-03-04,1,2132
8324,treatment,2026-03-02,1,2137
8325,control,2026-03-12,0,1900
8326,control,2026-03-05,0,1021
8327,treatment,2026-03-11,1,1158
8328,treatment,2026-03-02,0,978
8329,control,2026-03-11,1,1873
8330,control,2026-03-15,0,1650
8331,control,2026-03-09,0,1004
8332,control,2026-03-02,0,1369
8333,treatment,2026-03-11,1,1762
8334,control,2026-03-11,0,1540
8335,treatment,2026-03-11,0,812
8336,treatment,2026-03-06,0,1447
8337,control,2026-03-06,0,1681
8338,treatment,2026-03-14,0,969
8339,treatment,2026-03-12,0,1032
8340,treatment,2026-03-04,1,961
8341,control,2026-03-11,1,1300
8342,treatment,2026-03-15,0,1893
8343,treatment,2026-03-07,1,1300
8344,treatment,2026-03-08,1,1917
8345,treatment,2026-03-07,1,1528
8346,control,2026-03-04,0,555
8347,control,2026-03-05,1,1961
8348,control,2026-03-14,1,1555
8349,treatment,2026-03-12,1,1173
8350,treatment,2026-03-09,1,1441
8351,treatment,2026-03-05,1,785
8352,control,2026-03-03,0,1592
8353,control,2026-03-08,0,1773
8354,treatment,2026-03-04,1,2011
8355,control,2026-03-07,0,1025
8356,treatment,2026-03-13,1,1211
8357,control,2026-03-02,0,829
8358,control,2026-03-06,1,1340
8359,treatment,2026-03-06,0,1513
8360,control,2026-03-15,0,1562
8361,treatment,2026-03-11,0,1380
8362,treatment,2026-03-12,0,1742
8363,treatment,2026-03-04,0,1165
8364,control,2026-03-10,1,670
8365,treatment,2026-03-03,0,847
8366,treatment,2026-03-03,0,1481
8367,treatment,2026-03-04,0,2017
8368,treatment,2026-03-07,1,2002
8369,treatment,2026-03-05,1,1805
8370,treatment,2026-03-02,1,490
8371,treatment,2026-03-07,0,1705
8372,control,2026-03-03,1,809
8373,control,2026-03-14,0,984
8374,control,2026-03-05,0,1880
8375,treatment,2026-03-08,0,1082
8376,control,2026-03-12,0,1830
8377,control,2026-03-12,0,926
8378,treatment,2026-03-07,1,1496
8379,treatment,2026-03-08,0,1640
8380,control,2026-03-15,1,930
8381,treatment,2026-03-05,1,1115
8382,treatment,2026-03-05,0,950
8383,control,2026-03-02,0,2101
8384,control,2026-03-09,0,1394
8385,treatment,2026-03-07,0,874
8386,control,2026-03-04,0,1281
8387,treatment,2026-03-06,1,1594
8388,control,2026-03-11,0,915
8389,treatment,2026-03-06,0,1473
8390,treatment,2026-03-04,1,1430
8391,treatment,2026-03-11,0,1489
8392,treatment,2026-03-03,0,2085
8393,control,2026-03-15,1,1185
8394,treatment,2026-03-13,0,1982
8395,control,2026-03-10,0,1229
8396,control,2026-03-15,0,850
8397,treatment,2026-03-06,1,891
8398,treatment,2026-03-12,1,1048
8399,treatment,2026-03-13,1,2553
8400,control,2026-03-15,0,2014
8401,control,2026-03-09,1,1708
8402,control,2026-03-04,1,1072
8403,control,2026-03-06,0,1486
8404,treatment,2026-03-08,0,1652
8405,control,2026-03-08,0,606
8406,treatment,2026-03-14,0,1225
8407,control,2026-03-03,0,1899
8408,treatment,2026-03-12,0,1994
8409,control,2026-03-13,0,1334
8410,control,2026-03-06,0,1606
8411,control,2026-03-08,1,1451
8412,treatment,2026-03-07,0,1857
8413,treatment,2026-03-02,1,954
8414,control,2026-03-10,0,939
8415,control,2026-03-02,0,671
8416,treatment,2026-03-11,0,2412
8417,control,2026-03-03,0,1720
8418,control,2026-03-02,0,2027
8419,treatment,2026-03-10,0,736
8420,control,2026-03-10,0,1973
8421,treatment,2026-03-08,1,1254
8422,treatment,2026-03-12,0,1120
8423,treatment,2026-03-12,0,1573
8424,treatment,2026-03-07,0,613
8425,control,2026-03-13,0,1262
8426,treatment,2026-03-15,1,811
8427,treatment,2026-03-10,0,928
8428,treatment,2026-03-12,1,1518
8429,control,2026-03-08,1,926
8430,treatment,2026-03-14,0,1890
8431,treatment,2026-03-07,0,1152
8432,treatment,2026-03-09,1,1997
8433,treatment,2026-03-12,0,962
8434,treatment,2026-03-05,0,1980
8435,treatment,2026-03-03,1,1370
8436,treatment,2026-03-11,0,1092
8437,treatment,2026-03-12,0,1201
8438,control,2026-03-11,0,578
8439,control,2026-03-10,0,768
8440,treatment,2026-03-10,0,1066
8441,treatment,2026-03-13,1,2379
8442,control,2026-03-08,1,1407
8443,treatment,2026-03-08,0,1149
8444,control,2026-03-08,0,1056
8445,treatment,2026-03-07,1,1601
8446,treatment,2026-03-02,1,2455
8447,control,2026-03-06,0,2301
8448,treatment,2026-03-02,1,1489
8449,treatment,2026-03-10,0,2238
8450,control,2026-03-12,1,1529
8451,treatment,2026-03-10,0,1323
8452,control,2026-03-09,1,1683
8453,control,2026-03-07,0,1258
8454,treatment,2026-03-10,0,1501
8455,control,2026-03-03,1,2438
8456,control,2026-03-06,0,1097
8457,control,2026-03-15,1,1242
8458,control,2026-03-04,0,773
8459,control,2026-03-08,0,1022
8460,control,2026-03-08,0,835
8461,control,2026-03-04,0,1876
8462,control,2026-03-08,0,610
8463,treatment,2026-03-04,0,1270
8464,control,2026-03-04,0,641
8465,control,2026-03-02,0,1178
8466,control,2026-03-10,0,1489
8467,control,2026-03-05,0,781
8468,treatment,2026-03-05,0,1495
8469,treatment,2026-03-05,1,960
8470,treatment,2026-03-15,0,1056
8471,treatment,2026-03-05,0,1458
8472,control,2026-03-03,0,1196
8473,control,2026-03-10,0,1596
8474,control,2026-03-05,0,1454
8475,treatment,2026-03-13,0,1986
8476,control,2026-03-09,0,930
8477,control,2026-03-02,0,1095
8478,control,2026-03-10,1,1106
8479,control,2026-03-02,0,1321
8480,treatment,2026-03-14,0,902
8481,control,2026-03-11,1,504
8482,treatment,2026-03-15,0,2567
8483,treatment,2026-03-15,0,1698
8484,control,2026-03-14,0,668
8485,treatment,2026-03-08,0,1541
8486,treatment,2026-03-02,0,679
8487,control,2026-03-12,0,954
8488,treatment,2026-03-04,0,1064
8489,treatment,2026-03-05,1,1205
8490,treatment,2026-03-09,0,1458
8491,treatment,2026-03-14,1,538
8492,control,2026-03-08,1,995
8493,treatment,2026-03-03,0,2401
8494,control,2026-03-08,0,1209
8495,control,2026-03-11,0,1075
8496,control,2026-03-13,0,608
8497,control,2026-03-04,1,1077
8498,control,2026-03-08,1,1344
8499,control,2026-03-05,0,1297
8500,treatment,2026-03-08,1,1188
8501,treatment,2026-03-10,0,1376
8502,control,2026-03-11,0,1091
8503,control,2026-03-03,0,921
8504,treatment,2026-03-07,1,2134
8505,control,2026-03-08,1,1523
8506,control,2026-03-13,0,1662
8507,control,2026-03-13,0,2628
8508,treatment,2026-03-04,1,1733
8509,treatment,2026-03-04,0,1776
8510,control,2026-03-02,0,937
8511,control,2026-03-04,0,1279
8512,control,2026-03-11,0,1406
8513,control,2026-03-02,1,1583
8514,treatment,2026-03-14,0,1348
8515,control,2026-03-07,0,1202
8516,control,2026-03-11,0,409
8517,treatment,2026-03-03,0,808
8518,treatment,2026-03-15,1,1107
8519,control,2026-03-04,1,904
8520,treatment,2026-03-02,0,1710
8521,control,2026-03-03,0,1435
8522,control,2026-03-14,0,1831
8523,control,2026-03-07,0,979
8524,control,2026-03-05,0,1424
8525,treatment,2026-03-11,0,1297
8526,treatment,2026-03-10,1,1149
8527,treatment,2026-03-03,0,1863
8528,treatment,2026-03-04,1,1781
8529,treatment,2026-03-12,1,1782
8530,treatment,2026-03-04,0,1807
8531,treatment,2026-03-09,1,1197
8532,treatment,2026-03-04,0,1144
8533,control,2026-03-04,1,2085
8534,control,2026-03-03,0,1093
8535,control,2026-03-10,1,936
8536,treatment,2026-03-07,0,2426
8537,treatment,2026-03-13,1,1298
8538,control,2026-03-03,0,1922
8539,treatment,2026-03-12,0,1805
8540,control,2026-03-02,0,1994
8541,control,2026-03-05,1,1020
8542,treatment,2026-03-11,0,2187
8543,treatment,2026-03-11,1,1599
8544,treatment,2026-03-14,0,1786
8545,treatment,2026-03-03,1,1289
8546,treatment,2026-03-04,0,1615
8547,treatment,2026-03-08,0,953
8548,control,2026-03-11,0,757
8549,treatment,2026-03-11,0,1517
8550,treatment,2026-03-14,1,1319
8551,control,2026-03-14,1,2063
8552,control,2026-03-06,1,1133
8553,treatment,2026-03-03,0,1508
8554,treatment,2026-03-05,1,1018
8555,treatment,2026-03-10,0,2301
8556,control,2026-03-05,0,1144
8557,treatment,2026-03-04,1,2262
8558,control,2026-03-05,1,1350
8559,control,2026-03-13,0,1857
8560,control,2026-03-14,0,1659
8561,control,2026-03-05,0,830
8562,treatment,2026-03-08,0,960
8563,control,2026-03-10,0,1029
8564,treatment,2026-03-04,0,991
8565,control,2026-03-12,0,584
8566,treatment,2026-03-11,0,1150
8567,treatment,2026-03-09,0,1884
8568,treatment,2026-03-12,0,915
8569,treatment,2026-03-11,1,1613
8570,control,2026-03-10,0,818
8571,treatment,2026-03-15,0,1597
8572,treatment,2026-03-09,1,1569
8573,treatment,2026-03-11,0,1510
8574,control,2026-03-08,0,656
8575,control,2026-03-15,0,1195
8576,treatment,2026-03-06,0,1411
8577,treatment,2026-03-12,0,1173
8578,treatment,2026-03-06,0,1715
8579,treatment,2026-03-03,0,1275
8580,treatment,2026-03-11,1,1393
8581,control,2026-03-06,0,1845
8582,treatment,2026-03-07,0,2168
8583,treatment,2026-03-10,0,1292
8584,treatment,2026-03-07,1,1052
8585,control,2026-03-13,1,1237
8586,control,2026-03-05,0,886
8587,control,2026-03-14,0,1836
8588,treatment,2026-03-11,0,1837
8589,treatment,2026-03-02,0,2051
8590,treatment,2026-03-12,0,931
8591,control,2026-03-11,0,978
8592,control,2026-03-03,0,820
8593,control,2026-03-14,1,938
8594,treatment,2026-03-09,1,1700
8595,control,2026-03-09,0,1028
8596,control,2026-03-04,1,1818
8597,control,2026-03-08,1,1158
8598,treatment,2026-03-04,1,2649
8599,control,2026-03-14,0,502
8600,control,2026-03-08,0,1113
8601,control,2026-03-07,0,1561
8602,control,2026-03-13,0,1834
8603,control,2026-03-08,0,1251
8604,treatment,2026-03-14,1,1581
8605,control,2026-03-07,0,1156
8606,control,2026-03-09,1,1058
8607,control,2026-03-05,1,2165
8608,treatment,2026-03-15,0,1768
8609,treatment,2026-03-14,1,1744
8610,control,2026-03-05,0,1100
8611,treatment,2026-03-09,1,1261
8612,control,2026-03-07,0,1467
8613,treatment,2026-03-02,1,1982
8614,treatment,2026-03-11,0,3024
8615,treatment,2026-03-12,0,1705
8616,control,2026-03-10,0,981
8617,control,2026-03-05,0,744
8618,control,2026-03-02,0,1452
8619,control,2026-03-05,1,702
8620,control,2026-03-05,0,885
8621,control,2026-03-04,0,1754
8622,treatment,2026-03-08,1,1369
8623,control,2026-03-09,1,1052
8624,treatment,2026-03-12,0,1698
8625,control,2026-03-08,1,2114
8626,treatment,2026-03-09,1,1394
8627,treatment,2026-03-14,0,1522
8628,treatment,2026-03-08,0,1131
8629,control,2026-03-10,0,1863
8630,treatment,2026-03-03,1,1126
8631,treatment,2026-03-03,0,1097
8632,control,2026-03-05,1,1067
8633,control,2026-03-09,0,1283
8634,treatment,2026-03-15,0,1295
8635,control,2026-03-04,0,971
8636,control,2026-03-13,0,861
8637,control,2026-03-12,1,1233
8638,control,2026-03-05,0,1079
8639,control,2026-03-07,0,917
8640,control,2026-03-13,0,1356
8641,treatment,2026-03-12,1,1932
8642,control,2026-03-12,0,1793
8643,treatment,2026-03-09,1,930
8644,control,2026-03-06,1,908
8645,control,2026-03-07,0,1060
8646,control,2026-03-08,0,1276
8647,control,2026-03-06,0,1734
8648,control,2026-03-08,0,867
8649,treatment,2026-03-08,0,1322
8650,control,2026-03-12,1,1159
8651,control,2026-03-04,0,1251
8652,treatment,2026-03-06,0,1225
8653,control,2026-03-06,1,1127
8654,treatment,2026-03-05,1,894
8655,treatment,2026-03-06,1,1039
8656,control,2026-03-02,1,652
8657,treatment,2026-03-08,0,1693
8658,treatment,2026-03-13,0,897
8659,control,2026-03-04,1,1916
8660,control,2026-03-11,0,1532
8661,control,2026-03-07,1,1585
8662,treatment,2026-03-08,0,1637
8663,control,2026-03-08,1,2420
8664,treatment,2026-03-04,1,941
8665,control,2026-03-06,0,690
8666,treatment,2026-03-14,1,754
8667,treatment,2026-03-09,0,1599
8668,treatment,2026-03-05,0,1907
8669,treatment,2026-03-08,0,1818
8670,control,2026-03-12,0,1091
8671,treatment,2026-03-03,0,1546
8672,control,2026-03-08,0,1120
8673,treatment,2026-03-08,1,1075
8674,control,2026-03-12,1,1006
8675,treatment,2026-03-12,0,1653
8676,control,2026-03-07,0,1475
8677,treatment,2026-03-12,0,1872
8678,control,2026-03-02,1,1379
8679,control,2026-03-03,0,2642
8680,treatment,2026-03-14,0,1742
8681,treatment,2026-03-11,0,1434
8682,control,2026-03-10,0,1469
8683,treatment,2026-03-12,1,1079
8684,control,2026-03-08,0,1272
8685,treatment,2026-03-14,1,781
8686,control,2026-03-14,0,1257
8687,treatment,2026-03-04,0,1277
8688,control,2026-03-12,1,1586
8689,treatment,2026-03-07,0,1791
8690,control,2026-03-07,0,1203
8691,treatment,2026-03-03,0,994
8692,treatment,2026-03-08,0,1195
8693,treatment,2026-03-08,1,808
8694,treatment,2026-03-13,0,1657
8695,treatment,2026-03-02,0,2729
8696,control,2026-03-14,0,1604
8697,control,2026-03-03,1,1018
8698,control,2026-03-13,0,867
8699,treatment,2026-03-05,0,1411
8700,treatment,2026-03-07,0,1738
8701,treatment,2026-03-09,1,1563
8702,control,2026-03-15,0,1029
8703,treatment,2026-03-08,1,1288
8704,treatment,2026-03-05,1,1590
8705,treatment,2026-03-11,0,1993
8706,control,2026-03-13,0,1650
8707,control,2026-03-02,0,1873
8708,control,2026-03-02,1,1064
8709,control,2026-03-03,0,1859
8710,treatment,2026-03-07,1,1721
8711,control,2026-03-04,0,599
8712,control,2026-03-13,0,1477
8713,control,2026-03-10,0,1546
8714,treatment,2026-03-09,0,1722
8715,control,2026-03-12,0,1511
8716,treatment,2026-03-11,0,867
8717,control,2026-03-04,0,550
8718,treatment,2026-03-05,1,1608
8719,control,2026-03-08,0,1360
8720,treatment,2026-03-05,0,1435
8721,control,2026-03-14,1,1647
8722,control,2026-03-04,0,2089
8723,treatment,2026-03-12,0,1629
8724,control,2026-03-04,1,987
8725,control,2026-03-13,1,1140
8726,treatment,2026-03-14,0,1831
8727,treatment,2026-03-02,0,954
8728,control,2026-03-07,0,793
8729,control,2026-03-06,0,2715
8730,treatment,2026-03-14,0,1352
8731,control,2026-03-13,0,971
8732,treatment,2026-03-12,1,1689
8733,treatment,2026-03-07,0,1012
8734,control,2026-03-08,0,1955
8735,control,2026-03-13,0,2106
8736,control,2026-03-05,1,1492
8737,control,2026-03-10,1,1283
8738,control,2026-03-06,1,980
8739,treatment,2026-03-05,1,1151
8740,control,2026-03-08,0,1504
8741,treatment,2026-03-14,1,2001
8742,control,2026-03-14,1,1123
8743,treatment,2026-03-06,1,1353
8744,treatment,2026-03-09,0,677
8745,treatment,2026-03-09,1,2003
8746,treatment,2026-03-02,1,2966
8747,treatment,2026-03-11,0,799
8748,control,2026-03-07,0,1110
8749,control,2026-03-09,0,2698
8750,control,2026-03-06,1,1693
8751,treatment,2026-03-09,1,2295
8752,control,2026-03-15,0,1969
8753,treatment,2026-03-03,0,1537
8754,control,2026-03-04,0,1131
8755,treatment,2026-03-06,0,1217
8756,control,2026-03-04,0,2213
8757,treatment,2026-03-05,0,869
8758,treatment,2026-03-02,0,1355
8759,treatment,2026-03-06,0,2197
8760,treatment,2026-03-13,0,1659
8761,control,2026-03-15,0,1274
8762,treatment,2026-03-07,0,1696
8763,treatment,2026-03-12,0,1057
8764,control,2026-03-12,0,984
8765,treatment,2026-03-06,0,1910
8766,control,2026-03-12,0,937
8767,treatment,2026-03-03,1,1683
8768,treatment,2026-03-06,1,2525
8769,treatment,2026-03-12,0,1593
8770,control,2026-03-13,0,1561
8771,control,2026-03-08,0,2092
8772,treatment,2026-03-08,0,1137
8773,treatment,2026-03-09,0,1240
8774,control,2026-03-04,1,1385
8775,control,2026-03-04,0,832
8776,control,2026-03-05,1,1266
8777,treatment,2026-03-11,0,1176
8778,treatment,2026-03-05,0,687
8779,control,2026-03-12,1,1664
8780,treatment,2026-03-03,1,1274
8781,treatment,2026-03-10,0,1229
8782,treatment,2026-03-15,1,2045
8783,control,2026-03-12,0,1040
8784,treatment,2026-03-04,0,2522
8785,treatment,2026-03-07,0,1604
8786,control,2026-03-11,0,1146
8787,control,2026-03-10,1,1189
8788,control,2026-03-06,0,1896
8789,treatment,2026-03-03,0,1323
8790,control,2026-03-10,0,1574
8791,treatment,2026-03-10,1,1480
8792,control,2026-03-12,0,1048
8793,control,2026-03-05,1,1271
8794,control,2026-03-04,0,864
8795,control,2026-03-05,1,1046
8796,control,2026-03-13,0,572
8797,treatment,2026-03-02,0,1479
8798,treatment,2026-03-05,1,1271
8799,control,2026-03-07,0,946
8800,treatment,2026-03-02,0,1345
8801,control,2026-03-10,0,1488
8802,treatment,2026-03-07,0,1598
8803,control,2026-03-02,0,971
8804,treatment,2026-03-08,0,1294
8805,control,2026-03-08,0,1356
8806,treatment,2026-03-15,1,1271
8807,treatment,2026-03-04,0,1178
8808,control,2026-03-14,0,1088
8809,control,2026-03-09,0,799
8810,treatment,2026-03-15,0,969
8811,control,2026-03-10,1,986
8812,treatment,2026-03-09,0,1232
8813,treatment,2026-03-07,1,689
8814,treatment,2026-03-09,1,906
8815,control,2026-03-10,0,1581
8816,control,2026-03-07,1,1804
8817,control,2026-03-03,0,1119
8818,treatment,2026-03-09,0,916
8819,treatment,2026-03-12,0,1470
8820,treatment,2026-03-04,0,1625
8821,treatment,2026-03-09,1,2205
8822,control,2026-03-11,0,2789
8823,treatment,2026-03-04,0,707
8824,control,2026-03-13,0,1522
8825,treatment,2026-03-04,0,2238
8826,control,2026-03-09,1,1645
8827,control,2026-03-08,0,1244
8828,treatment,2026-03-08,1,1380
8829,control,2026-03-11,0,1529
8830,control,2026-03-07,1,2211
8831,treatment,2026-03-06,0,1005
8832,control,2026-03-12,0,2565
8833,control,2026-03-04,0,1006
8834,control,2026-03-06,0,1069
8835,treatment,2026-03-10,1,1556
8836,treatment,2026-03-03,0,2928
8837,treatment,2026-03-11,0,1218
8838,treatment,2026-03-03,0,885
8839,treatment,2026-03-05,1,1652
8840,control,2026-03-05,0,1561
8841,treatment,2026-03-13,0,1340
8842,control,2026-03-13,0,1151
8843,treatment,2026-03-06,1,735
8844,treatment,2026-03-07,0,1507
8845,control,2026-03-02,1,1824
8846,treatment,2026-03-12,1,1899
8847,control,2026-03-05,0,1939
8848,treatment,2026-03-12,0,1133
8849,control,2026-03-04,0,677
8850,control,2026-03-12,0,1374
8851,control,2026-03-03,0,1727
8852,treatment,2026-03-06,0,1748
8853,treatment,2026-03-10,0,949
8854,treatment,2026-03-09,0,1540
8855,control,2026-03-07,0,1696
8856,control,2026-03-12,0,1883
8857,treatment,2026-03-12,0,1464
8858,control,2026-03-06,1,1468
8859,control,2026-03-06,0,717
8860,treatment,2026-03-02,0,1075
8861,control,2026-03-10,1,1870
8862,treatment,2026-03-05,1,898
8863,treatment,2026-03-09,1,835
8864,control,2026-03-09,0,1030
8865,treatment,2026-03-12,0,2146
8866,control,2026-03-13,0,601
8867,treatment,2026-03-08,0,1603
8868,treatment,2026-03-10,1,1445
8869,treatment,2026-03-15,1,1340
8870,treatment,2026-03-04,0,2553
8871,treatment,2026-03-10,0,1012
8872,treatment,2026-03-03,1,1909
8873,control,2026-03-08,0,1413
8874,treatment,2026-03-15,0,1694
8875,treatment,2026-03-15,1,1179
8876,treatment,2026-03-08,0,1368
8877,treatment,2026-03-08,0,1610
8878,control,2026-03-03,0,677
8879,treatment,2026-03-06,1,1887
8880,treatment,2026-03-09,0,1613
8881,treatment,2026-03-06,0,1648
8882,control,2026-03-09,1,647
8883,treatment,2026-03-10,1,1408
8884,control,2026-03-15,1,1098
8885,treatment,2026-03-11,1,2260
8886,control,2026-03-12,0,848
8887,treatment,2026-03-04,0,1718
8888,control,2026-03-11,0,1834
8889,treatment,2026-03-06,0,2046
8890,control,2026-03-08,1,1602
8891,control,2026-03-09,0,916
8892,control,2026-03-11,0,1065
8893,treatment,2026-03-03,0,1670
8894,treatment,2026-03-02,0,2152
8895,treatment,2026-03-13,1,1384
8896,treatment,2026-03-11,1,2041
8897,treatment,2026-03-04,0,1163
8898,treatment,2026-03-02,0,796
8899,control,2026-03-14,0,1374
8900,treatment,2026-03-09,1,1866
8901,treatment,2026-03-12,0,1321
8902,treatment,2026-03-15,0,1210
8903,control,2026-03-10,0,783
8904,control,2026-03-06,0,1116
8905,control,2026-03-07,1,923
8906,control,2026-03-12,0,906
8907,treatment,2026-03-15,0,1006
8908,control,2026-03-10,0,857
8909,control,2026-03-05,0,756
8910,treatment,2026-03-10,1,1522
8911,treatment,2026-03-10,1,1341
8912,control,2026-03-02,0,1135
8913,control,2026-03-05,0,1210
8914,control,2026-03-12,0,993
8915,treatment,2026-03-02,1,1873
8916,control,2026-03-06,0,1043
8917,control,2026-03-15,0,933
8918,treatment,2026-03-09,0,1944
8919,treatment,2026-03-15,0,1304
8920,treatment,2026-03-03,1,1185
8921,control,2026-03-04,0,2046
8922,treatment,2026-03-11,0,1298
8923,treatment,2026-03-15,0,1126
8924,treatment,2026-03-04,0,1533
8925,control,2026-03-06,0,424
8926,treatment,2026-03-07,0,834
8927,treatment,2026-03-10,1,1312
8928,treatment,2026-03-10,0,3478
8929,treatment,2026-03-06,0,2370
8930,treatment,2026-03-14,1,1290
8931,control,2026-03-11,1,807
8932,treatment,2026-03-10,1,1473
8933,control,2026-03-08,0,859
8934,control,2026-03-08,0,1030
8935,control,2026-03-13,0,1393
8936,control,2026-03-14,1,1959
8937,treatment,2026-03-02,1,3741
8938,control,2026-03-08,1,1187
8939,treatment,2026-03-14,1,517
8940,control,2026-03-08,1,796
8941,control,2026-03-05,0,1161
8942,treatment,2026-03-12,0,769
8943,treatment,2026-03-07,0,2067
8944,control,2026-03-03,1,819
8945,control,2026-03-12,0,1134
8946,treatment,2026-03-05,0,1535
8947,treatment,2026-03-15,1,1684
8948,control,2026-03-04,0,1882
8949,control,2026-03-06,0,1101
8950,treatment,2026-03-15,0,1433
8951,treatment,2026-03-12,0,1811
8952,treatment,2026-03-15,0,874
8953,control,2026-03-07,0,1563
8954,control,2026-03-11,1,1205
8955,treatment,2026-03-04,1,1446
8956,control,2026-03-05,0,1507
8957,control,2026-03-03,0,1226
8958,control,2026-03-06,1,936
8959,control,2026-03-03,0,865
8960,treatment,2026-03-07,1,1464
8961,treatment,2026-03-10,0,1195
8962,treatment,2026-03-10,0,933
8963,treatment,2026-03-05,0,1320
8964,treatment,2026-03-11,0,1736
8965,treatment,2026-03-03,1,1610
8966,control,2026-03-07,0,1926
8967,treatment,2026-03-13,0,1058
8968,treatment,2026-03-03,1,1661
8969,treatment,2026-03-08,1,885
8970,treatment,2026-03-02,1,1823
8971,control,2026-03-02,0,1431
8972,control,2026-03-02,0,958
8973,control,2026-03-12,0,588
8974,control,2026-03-06,1,2351
8975,treatment,2026-03-09,0,2560
8976,treatment,2026-03-03,0,1269
8977,control,2026-03-14,1,1224
8978,control,2026-03-02,0,1224
8979,treatment,2026-03-05,0,714
8980,control,2026-03-08,1,1346
8981,control,2026-03-15,0,1545
8982,control,2026-03-12,1,986
8983,control,2026-03-10,1,1292
8984,treatment,2026-03-03,0,791
8985,control,2026-03-08,0,619
8986,control,2026-03-08,0,1257
8987,control,2026-03-14,0,1905
8988,treatment,2026-03-06,1,1136
8989,treatment,2026-03-13,0,1349
8990,treatment,2026-03-13,0,1725
8991,control,2026-03-14,0,1448
8992,control,2026-03-07,0,1105
8993,treatment,2026-03-02,0,577
8994,treatment,2026-03-04,1,2013
8995,control,2026-03-11,0,721
8996,control,2026-03-07,0,947
8997,treatment,2026-03-13,1,1858
8998,control,2026-03-09,1,401
8999,treatment,2026-03-08,0,1121
9000,treatment,2026-03-09,0,955
9001,control,2026-03-03,1,1571
9002,control,2026-03-11,0,1733
9003,control,2026-03-14,0,1257
9004,treatment,2026-03-13,0,837
9005,control,2026-03-02,0,1227
9006,treatment,2026-03-10,1,1510
9007,control,2026-03-13,0,1095
9008,control,2026-03-08,0,978
9009,treatment,2026-03-03,1,1585
9010,control,2026-03-04,0,1865
9011,control,2026-03-05,0,1081
9012,control,2026-03-05,0,1796
9013,treatment,2026-03-15,0,597
9014,treatment,2026-03-03,0,2675
9015,treatment,2026-03-06,0,1479
9016,treatment,2026-03-13,1,747
9017,control,2026-03-07,0,1163
9018,treatment,2026-03-03,0,1657
9019,control,2026-03-13,0,569
9020,treatment,2026-03-14,0,1174
9021,treatment,2026-03-14,0,1849
9022,treatment,2026-03-15,0,1015
9023,control,2026-03-05,0,1088
9024,treatment,2026-03-08,1,1349
9025,treatment,2026-03-11,0,1542
9026,control,2026-03-12,1,2137
9027,control,2026-03-04,0,1183
9028,control,2026-03-12,0,654
9029,control,2026-03-06,1,738
9030,treatment,2026-03-04,0,1370
9031,treatment,2026-03-04,1,1024
9032,treatment,2026-03-05,0,1044
9033,treatment,2026-03-08,1,2259
9034,treatment,2026-03-06,1,747
9035,treatment,2026-03-10,0,1080
9036,treatment,2026-03-07,1,1564
9037,treatment,2026-03-08,0,1691
9038,control,2026-03-12,0,775
9039,control,2026-03-06,0,1592
9040,control,2026-03-13,0,1960
9041,treatment,2026-03-14,0,1223
9042,treatment,2026-03-15,0,1543
9043,control,2026-03-05,0,1768
9044,control,2026-03-08,0,1377
9045,control,2026-03-04,1,1302
9046,treatment,2026-03-11,1,1438
9047,treatment,2026-03-05,0,1303
9048,control,2026-03-11,0,696
9049,control,2026-03-05,0,1058
9050,treatment,2026-03-06,0,822
9051,control,2026-03-06,0,752
9052,control,2026-03-15,0,1341
9053,control,2026-03-03,0,996
9054,control,2026-03-02,0,1117
9055,treatment,2026-03-15,0,1768
9056,treatment,2026-03-15,0,1721
9057,treatment,2026-03-11,0,1326
9058,control,2026-03-05,0,1094
9059,treatment,2026-03-03,1,3017
9060,control,2026-03-09,0,1331
9061,treatment,2026-03-09,0,1314
9062,treatment,2026-03-03,1,1413
9063,control,2026-03-12,0,840
9064,control,2026-03-10,1,1058
9065,control,2026-03-05,1,1461
9066,control,2026-03-08,0,1071
9067,control,2026-03-10,1,741
9068,treatment,2026-03-14,0,1818
9069,treatment,2026-03-11,0,1725
9070,control,2026-03-14,0,737
9071,control,2026-03-07,0,674
9072,control,2026-03-13,0,1337
9073,treatment,2026-03-12,0,840
9074,treatment,2026-03-07,0,1034
9075,control,2026-03-09,0,686
9076,treatment,2026-03-12,0,951
9077,treatment,2026-03-15,0,889
9078,treatment,2026-03-07,0,2434
9079,treatment,2026-03-12,0,2575
9080,treatment,2026-03-10,0,892
9081,treatment,2026-03-15,0,1469
9082,control,2026-03-13,1,576
9083,treatment,2026-03-12,1,1216
9084,control,2026-03-12,1,1379
9085,control,2026-03-02,1,1456
9086,treatment,2026-03-06,0,1414
9087,treatment,2026-03-11,1,1140
9088,control,2026-03-11,0,960
9089,treatment,2026-03-11,0,1221
9090,treatment,2026-03-10,0,2259
9091,treatment,2026-03-15,1,3129
9092,treatment,2026-03-12,1,1384
9093,control,2026-03-15,0,2025
9094,treatment,2026-03-02,0,1503
9095,control,2026-03-15,1,1205
9096,treatment,2026-03-15,0,2097
9097,control,2026-03-07,1,1354
9098,treatment,2026-03-11,0,2189
9099,treatment,2026-03-10,1,1163
9100,treatment,2026-03-09,0,846
9101,control,2026-03-09,1,1637
9102,control,2026-03-12,0,536
9103,control,2026-03-15,0,2037
9104,treatment,2026-03-02,0,520
9105,control,2026-03-14,0,1730
9106,control,2026-03-13,0,1285
9107,control,2026-03-10,1,830
9108,control,2026-03-12,0,1204
9109,control,2026-03-02,0,949
9110,treatment,2026-03-13,0,705
9111,treatment,2026-03-11,0,699
9112,treatment,2026-03-09,0,1259
9113,treatment,2026-03-14,1,1213
9114,control,2026-03-04,1,819
9115,control,2026-03-14,0,1978
9116,treatment,2026-03-07,1,1097
9117,control,2026-03-09,1,1280
9118,control,2026-03-07,0,1277
9119,control,2026-03-04,0,1005
9120,treatment,2026-03-15,0,1078
9121,treatment,2026-03-07,0,768
9122,control,2026-03-14,1,609
9123,treatment,2026-03-15,0,3235
9124,control,2026-03-05,1,835
9125,control,2026-03-06,0,1085
9126,treatment,2026-03-08,0,2410
9127,control,2026-03-09,0,1148
9128,treatment,2026-03-10,1,3265
9129,treatment,2026-03-09,0,4412
9130,treatment,2026-03-09,0,2475
9131,treatment,2026-03-11,0,1379
9132,control,2026-03-15,0,1334
9133,treatment,2026-03-02,0,1569
9134,control,2026-03-05,0,1310
9135,treatment,2026-03-07,0,1490
9136,treatment,2026-03-06,1,906
9137,control,2026-03-14,0,1408
9138,treatment,2026-03-15,0,1336
9139,control,2026-03-12,1,1482
9140,control,2026-03-10,0,2527
9141,treatment,2026-03-09,1,973
9142,control,2026-03-02,0,1687
9143,control,2026-03-04,0,812
9144,treatment,2026-03-13,0,1835
9145,treatment,2026-03-10,0,2002
9146,treatment,2026-03-04,0,2275
9147,control,2026-03-02,1,1199
9148,control,2026-03-13,0,774
9149,control,2026-03-06,0,827
9150,treatment,2026-03-11,0,659
9151,control,2026-03-03,1,745
9152,control,2026-03-07,0,1392
9153,control,2026-03-09,1,1799
9154,control,2026-03-03,1,937
9155,treatment,2026-03-12,0,1750
9156,treatment,2026-03-12,0,1295
9157,control,2026-03-09,1,1151
9158,treatment,2026-03-13,1,1028
9159,control,2026-03-02,0,1189
9160,control,2026-03-14,1,990
9161,control,2026-03-07,1,1041
9162,control,2026-03-05,0,1668
9163,control,2026-03-03,1,723
9164,control,2026-03-13,0,1177
9165,control,2026-03-05,1,1258
9166,treatment,2026-03-04,0,1433
9167,control,2026-03-13,1,1685
9168,treatment,2026-03-04,0,1009
9169,control,2026-03-14,0,978
9170,treatment,2026-03-11,1,1076
9171,control,2026-03-08,0,2182
9172,control,2026-03-08,0,647
9173,treatment,2026-03-09,0,2397
9174,treatment,2026-03-12,1,1151
9175,treatment,2026-03-02,0,783
9176,treatment,2026-03-07,1,938
9177,control,2026-03-08,1,1121
9178,control,2026-03-13,0,1668
9179,treatment,2026-03-02,1,979
9180,control,2026-03-02,1,842
9181,control,2026-03-05,0,1329
9182,treatment,2026-03-09,0,827
9183,treatment,2026-03-03,0,1373
9184,control,2026-03-06,0,1520
9185,control,2026-03-14,0,1401
9186,treatment,2026-03-03,1,1086
9187,treatment,2026-03-07,1,1209
9188,control,2026-03-07,0,2315
9189,treatment,2026-03-15,0,1345
9190,control,2026-03-04,0,941
9191,control,2026-03-11,0,1974
9192,treatment,2026-03-02,0,704
9193,control,2026-03-11,1,1678
9194,treatment,2026-03-06,0,2856
9195,control,2026-03-02,0,1431
9196,control,2026-03-05,0,850
9197,control,2026-03-05,1,1425
9198,treatment,2026-03-11,0,1045
9199,control,2026-03-15,0,1193
9200,treatment,2026-03-02,1,1696
9201,treatment,2026-03-14,0,1168
9202,treatment,2026-03-05,0,1396
9203,treatment,2026-03-08,1,1489
9204,treatment,2026-03-04,0,1217
9205,control,2026-03-10,0,2177
9206,treatment,2026-03-10,0,3485
9207,control,2026-03-14,1,1364
9208,control,2026-03-06,1,1874
9209,control,2026-03-05,1,1121
9210,control,2026-03-12,0,1756
9211,control,2026-03-05,0,1320
9212,control,2026-03-07,0,1630
9213,control,2026-03-12,0,1150
9214,treatment,2026-03-11,0,933
9215,treatment,2026-03-15,1,1825
9216,control,2026-03-15,0,1561
9217,treatment,2026-03-03,0,677
9218,treatment,2026-03-03,0,1206
9219,treatment,2026-03-07,0,1201
9220,treatment,2026-03-15,1,1088
9221,control,2026-03-02,1,786
9222,control,2026-03-04,1,1554
9223,treatment,2026-03-08,0,1404
9224,control,2026-03-04,0,1307
9225,control,2026-03-14,1,1096
9226,control,2026-03-05,0,1267
9227,treatment,2026-03-06,0,3178
9228,control,2026-03-14,1,1165
9229,treatment,2026-03-11,0,2393
9230,treatment,2026-03-07,0,1061
9231,control,2026-03-05,1,1375
9232,control,2026-03-02,1,1485
9233,treatment,2026-03-08,1,3136
9234,control,2026-03-13,1,1589
9235,treatment,2026-03-12,0,814
9236,treatment,2026-03-11,1,1363
9237,control,2026-03-13,0,1273
9238,treatment,2026-03-06,0,1386
9239,treatment,2026-03-02,0,1472
9240,control,2026-03-13,1,743
9241,treatment,2026-03-10,0,1229
9242,control,2026-03-03,1,1548
9243,treatment,2026-03-14,0,1853
9244,treatment,2026-03-06,1,1414
9245,control,2026-03-04,0,1406
9246,control,2026-03-08,0,1251
9247,control,2026-03-04,0,1113
9248,treatment,2026-03-06,0,1571
9249,treatment,2026-03-02,0,1034
9250,treatment,2026-03-15,0,1368
9251,control,2026-03-15,0,1512
9252,control,2026-03-04,0,1156
9253,treatment,2026-03-07,0,1374
9254,control,2026-03-06,0,1609
9255,treatment,2026-03-08,0,2743
9256,treatment,2026-03-08,1,1225
9257,treatment,2026-03-08,0,1222
9258,control,2026-03-15,1,1873
9259,treatment,2026-03-15,0,1436
9260,treatment,2026-03-07,1,1353
9261,treatment,2026-03-03,0,1843
9262,treatment,2026-03-13,0,1993
9263,control,2026-03-09,1,1726
9264,control,2026-03-13,0,1638
9265,control,2026-03-07,0,1564
9266,treatment,2026-03-02,1,1917
9267,treatment,2026-03-15,0,1117
9268,control,2026-03-07,0,1194
9269,treatment,2026-03-09,0,1710
9270,treatment,2026-03-07,1,1450
9271,treatment,2026-03-12,1,1109
9272,treatment,2026-03-05,0,1097
9273,control,2026-03-12,0,1088
9274,treatment,2026-03-11,0,1117
9275,control,2026-03-08,0,825
9276,treatment,2026-03-13,1,1545
9277,treatment,2026-03-08,0,942
9278,treatment,2026-03-13,0,942
9279,control,2026-03-03,0,1245
9280,control,2026-03-12,0,1055
9281,treatment,2026-03-15,0,1235
9282,treatment,2026-03-10,0,1746
9283,control,2026-03-13,1,1391
9284,treatment,2026-03-10,0,1882
9285,control,2026-03-09,0,929
9286,control,2026-03-12,0,999
9287,treatment,2026-03-10,1,2002
9288,treatment,2026-03-05,0,2092
9289,treatment,2026-03-04,0,2908
9290,treatment,2026-03-13,1,1745
9291,treatment,2026-03-05,0,1403
9292,control,2026-03-12,1,865
9293,treatment,2026-03-10,0,756
9294,control,2026-03-09,0,1286
9295,treatment,2026-03-07,0,2138
9296,treatment,2026-03-12,0,751
9297,treatment,2026-03-10,0,1060
9298,control,2026-03-04,0,952
9299,control,2026-03-02,1,622
9300,control,2026-03-03,0,1957
9301,treatment,2026-03-03,1,1407
9302,control,2026-03-07,0,1090
9303,control,2026-03-03,0,773
9304,control,2026-03-11,0,1092
9305,treatment,2026-03-07,0,1356
9306,control,2026-03-15,0,1132
9307,control,2026-03-03,0,1887
9308,control,2026-03-12,1,1465
9309,control,2026-03-15,0,1393
9310,treatment,2026-03-13,0,2059
9311,control,2026-03-15,0,1011
9312,control,2026-03-06,1,1509
9313,treatment,2026-03-10,0,1410
9314,control,2026-03-06,0,2200
9315,treatment,2026-03-02,0,1283
9316,control,2026-03-09,1,2070
9317,control,2026-03-12,0,1199
9318,treatment,2026-03-11,1,789
9319,control,2026-03-06,0,991
9320,control,2026-03-14,0,2658
9321,control,2026-03-02,1,1017
9322,treatment,2026-03-14,1,954
9323,treatment,2026-03-05,0,2086
9324,treatment,2026-03-14,0,796
9325,control,2026-03-02,0,967
9326,control,2026-03-05,0,1890
9327,treatment,2026-03-14,0,978
9328,control,2026-03-14,0,905
9329,control,2026-03-12,1,1411
9330,treatment,2026-03-07,0,805
9331,control,2026-03-06,0,1571
9332,control,2026-03-15,0,1700
9333,treatment,2026-03-04,0,1753
9334,control,2026-03-10,0,1273
9335,treatment,2026-03-05,1,1555
9336,treatment,2026-03-02,1,1506
9337,control,2026-03-02,1,888
9338,control,2026-03-10,0,1132
9339,treatment,2026-03-15,0,851
9340,treatment,2026-03-02,0,1220
9341,treatment,2026-03-10,0,2160
9342,treatment,2026-03-02,1,1412
9343,control,2026-03-09,1,1462
9344,treatment,2026-03-10,1,695
9345,treatment,2026-03-09,0,1358
9346,treatment,2026-03-05,1,1170
9347,treatment,2026-03-05,0,1835
9348,control,2026-03-15,0,746
9349,treatment,2026-03-15,0,719
9350,treatment,2026-03-05,1,1528
9351,treatment,2026-03-14,0,2041
9352,control,2026-03-08,1,1069
9353,control,2026-03-04,1,1422
9354,treatment,2026-03-06,1,1505
9355,treatment,2026-03-02,0,1467
9356,control,2026-03-06,1,2503
9357,control,2026-03-10,1,1035
9358,control,2026-03-15,1,558
9359,control,2026-03-03,1,867
9360,control,2026-03-02,1,1754
9361,treatment,2026-03-15,1,1301
9362,treatment,2026-03-04,0,2728
9363,control,2026-03-03,1,2085
9364,control,2026-03-09,0,1224
9365,treatment,2026-03-09,0,1639
9366,treatment,2026-03-05,0,681
9367,treatment,2026-03-08,0,3143
9368,treatment,2026-03-09,1,1268
9369,control,2026-03-13,0,1050
9370,treatment,2026-03-04,1,1504
9371,control,2026-03-13,1,1141
9372,control,2026-03-14,1,1541
9373,treatment,2026-03-05,0,2264
9374,control,2026-03-08,1,1026
9375,treatment,2026-03-02,0,897
9376,control,2026-03-06,0,902
9377,treatment,2026-03-02,1,1517
9378,control,2026-03-05,1,2119
9379,treatment,2026-03-15,1,2760
9380,control,2026-03-13,0,458
9381,control,2026-03-08,1,1455
9382,treatment,2026-03-06,0,1310
9383,control,2026-03-04,0,1019
9384,treatment,2026-03-12,1,1416
9385,treatment,2026-03-02,0,998
9386,control,2026-03-12,0,924
9387,control,2026-03-08,1,922
9388,control,2026-03-04,1,1753
9389,control,2026-03-15,0,1212
9390,control,2026-03-10,0,1667
9391,control,2026-03-15,1,1630
9392,treatment,2026-03-12,0,918
9393,treatment,2026-03-02,0,1891
9394,control,2026-03-13,1,824
9395,control,2026-03-04,1,674
9396,control,2026-03-11,0,1986
9397,control,2026-03-09,0,1273
9398,treatment,2026-03-09,0,1261
9399,treatment,2026-03-07,1,1061
9400,treatment,2026-03-10,0,1502
9401,control,2026-03-11,0,1457
9402,control,2026-03-08,0,700
9403,treatment,2026-03-09,0,2619
9404,treatment,2026-03-02,0,2565
9405,treatment,2026-03-15,1,752
9406,treatment,2026-03-08,0,1558
9407,treatment,2026-03-09,0,1400
9408,treatment,2026-03-12,0,922
9409,treatment,2026-03-08,0,1482
9410,treatment,2026-03-10,0,1648
9411,treatment,2026-03-10,0,1331
9412,treatment,2026-03-11,0,775
9413,treatment,2026-03-09,0,868
9414,control,2026-03-11,0,1263
9415,treatment,2026-03-05,1,1008
9416,control,2026-03-13,0,1035
9417,treatment,2026-03-02,0,1443
9418,treatment,2026-03-10,0,2566
9419,control,2026-03-14,0,1033
9420,treatment,2026-03-03,1,869
9421,treatment,2026-03-04,0,1290
9422,treatment,2026-03-04,0,2215
9423,control,2026-03-03,0,1301
9424,control,2026-03-13,0,1486
9425,treatment,2026-03-02,1,789
9426,control,2026-03-10,1,1492
9427,control,2026-03-05,0,603
9428,control,2026-03-13,0,1659
9429,treatment,2026-03-03,1,1091
9430,treatment,2026-03-11,0,1028
9431,control,2026-03-07,0,1136
9432,treatment,2026-03-11,0,884
9433,treatment,2026-03-02,1,1556
9434,treatment,2026-03-09,0,1488
9435,control,2026-03-03,0,1422
9436,control,2026-03-10,0,1464
9437,treatment,2026-03-13,0,1396
9438,treatment,2026-03-05,0,2561
9439,control,2026-03-03,0,1671
9440,treatment,2026-03-07,1,986
9441,treatment,2026-03-04,1,1209
9442,treatment,2026-03-08,0,1807
9443,control,2026-03-08,0,1258
9444,treatment,2026-03-10,1,721
9445,control,2026-03-02,1,576
9446,treatment,2026-03-08,1,745
9447,treatment,2026-03-09,0,1722
9448,control,2026-03-03,0,1318
9449,treatment,2026-03-03,1,1047
9450,treatment,2026-03-02,1,1253
9451,control,2026-03-09,0,1697
9452,treatment,2026-03-03,0,1151
9453,treatment,2026-03-02,0,1095
9454,treatment,2026-03-03,0,2277
9455,treatment,2026-03-13,0,1214
9456,treatment,2026-03-09,0,1544
9457,control,2026-03-05,0,1240
9458,control,2026-03-08,0,842
9459,control,2026-03-02,1,2397
9460,control,2026-03-11,0,1405
9461,control,2026-03-08,1,714
9462,control,2026-03-08,0,782
9463,treatment,2026-03-09,1,1331
9464,treatment,2026-03-10,1,1142
9465,control,2026-03-03,1,1416
9466,treatment,2026-03-14,0,1380
9467,control,2026-03-13,1,1492
9468,control,2026-03-06,1,1501
9469,treatment,2026-03-09,1,2821
9470,treatment,2026-03-13,1,891
9471,control,2026-03-10,1,1262
9472,treatment,2026-03-09,0,615
9473,treatment,2026-03-05,0,1476
9474,treatment,2026-03-06,0,1455
9475,control,2026-03-02,0,1572
9476,control,2026-03-14,0,1124
9477,treatment,2026-03-03,0,1509
9478,control,2026-03-14,0,1316
9479,control,2026-03-07,0,644
9480,treatment,2026-03-07,1,1653
9481,control,2026-03-08,0,1245
9482,control,2026-03-07,1,1780
9483,control,2026-03-05,0,996
9484,treatment,2026-03-08,1,1208
9485,treatment,2026-03-02,0,2584
9486,control,2026-03-12,0,855
9487,treatment,2026-03-07,0,1471
9488,control,2026-03-03,0,1075
9489,control,2026-03-15,0,1472
9490,treatment,2026-03-10,0,1164
9491,control,2026-03-05,1,1394
9492,control,2026-03-11,0,723
9493,control,2026-03-13,0,1765
9494,control,2026-03-05,0,1257
9495,control,2026-03-03,0,1190
9496,control,2026-03-06,0,753
9497,treatment,2026-03-07,0,2563
9498,treatment,2026-03-13,0,2067
9499,control,2026-03-05,1,1157
9500,treatment,2026-03-15,1,871
9501,control,2026-03-12,0,1129
9502,treatment,2026-03-09,0,1705
9503,control,2026-03-03,1,2729
9504,control,2026-03-06,1,1136
9505,control,2026-03-02,0,574
9506,treatment,2026-03-14,0,2696
9507,control,2026-03-10,0,1466
9508,control,2026-03-05,0,1453
9509,treatment,2026-03-03,1,1471
9510,treatment,2026-03-08,0,965
9511,treatment,2026-03-10,1,855
9512,control,2026-03-10,0,1379
9513,control,2026-03-12,0,1384
9514,treatment,2026-03-04,0,2701
9515,control,2026-03-04,1,813
9516,control,2026-03-07,0,1985
9517,control,2026-03-07,1,1270
9518,treatment,2026-03-05,1,1247
9519,control,2026-03-03,0,1376
9520,treatment,2026-03-11,1,1058
9521,treatment,2026-03-09,1,1223
9522,control,2026-03-09,1,907
9523,treatment,2026-03-04,0,1597
9524,control,2026-03-07,1,1253
9525,treatment,2026-03-04,0,2254
9526,control,2026-03-15,0,1076
9527,control,2026-03-03,0,1109
9528,control,2026-03-02,1,1799
9529,control,2026-03-09,1,1454
9530,treatment,2026-03-09,1,1393
9531,control,2026-03-06,0,657
9532,control,2026-03-11,0,1319
9533,treatment,2026-03-09,1,1188
9534,control,2026-03-02,0,1209
9535,control,2026-03-10,0,1435
9536,control,2026-03-07,0,985
9537,treatment,2026-03-04,1,2042
9538,treatment,2026-03-06,1,1984
9539,control,2026-03-06,0,1097
9540,treatment,2026-03-10,0,1580
9541,control,2026-03-11,0,1257
9542,control,2026-03-06,1,901
9543,control,2026-03-09,0,802
9544,control,2026-03-03,0,1018
9545,treatment,2026-03-12,0,1995
9546,control,2026-03-04,0,789
9547,treatment,2026-03-05,0,2048
9548,treatment,2026-03-11,0,1118
9549,treatment,2026-03-14,1,1115
9550,treatment,2026-03-03,0,1038
9551,treatment,2026-03-08,1,1099
9552,control,2026-03-07,0,785
9553,treatment,2026-03-06,1,1501
9554,treatment,2026-03-03,1,1372
9555,control,2026-03-13,0,2497
9556,treatment,2026-03-04,1,457
9557,treatment,2026-03-06,0,1492
9558,control,2026-03-06,0,1503
9559,treatment,2026-03-02,0,1324
9560,control,2026-03-08,1,722
9561,control,2026-03-14,0,649
9562,treatment,2026-03-11,0,2263
9563,control,2026-03-08,0,1298
9564,control,2026-03-13,1,1075
9565,control,2026-03-07,0,833
9566,treatment,2026-03-02,0,740
9567,control,2026-03-07,0,2116
9568,control,2026-03-06,0,1041
9569,treatment,2026-03-05,1,1966
9570,control,2026-03-03,1,954
9571,treatment,2026-03-12,0,1712
9572,treatment,2026-03-14,0,1069
9573,treatment,2026-03-08,0,889
9574,treatment,2026-03-02,0,2255
9575,treatment,2026-03-02,1,1701
9576,control,2026-03-15,1,759
9577,treatment,2026-03-06,1,1149
9578,control,2026-03-05,1,1311
9579,control,2026-03-06,0,844
9580,treatment,2026-03-07,0,1526
9581,treatment,2026-03-04,0,947
9582,treatment,2026-03-15,0,1983
9583,control,2026-03-10,1,1171
9584,control,2026-03-15,1,882
9585,control,2026-03-06,0,1309
9586,control,2026-03-15,0,1753
9587,treatment,2026-03-02,1,841
9588,control,2026-03-05,0,2259
9589,control,2026-03-07,1,1603
9590,treatment,2026-03-05,0,1019
9591,control,2026-03-02,0,1248
9592,control,2026-03-14,1,1755
9593,treatment,2026-03-03,0,1405
9594,treatment,2026-03-12,0,1864
9595,control,2026-03-06,1,752
9596,control,2026-03-02,1,726
9597,control,2026-03-13,0,1084
9598,control,2026-03-09,1,765
9599,treatment,2026-03-09,1,1185
9600,control,2026-03-05,0,1152
9601,control,2026-03-08,0,1076
9602,control,2026-03-03,0,1369
9603,control,2026-03-10,1,2054
9604,control,2026-03-03,0,852
9605,control,2026-03-05,1,1078
9606,control,2026-03-02,1,959
9607,control,2026-03-13,1,1200
9608,treatment,2026-03-14,0,2411
9609,control,2026-03-08,1,740
9610,control,2026-03-14,1,784
9611,control,2026-03-03,0,1395
9612,control,2026-03-13,0,901
9613,control,2026-03-10,0,1527
9614,treatment,2026-03-14,0,624
9615,control,2026-03-07,1,1050
9616,treatment,2026-03-10,0,1533
9617,control,2026-03-07,0,1276
9618,control,2026-03-06,1,988
9619,treatment,2026-03-08,0,611
9620,treatment,2026-03-13,1,1355
9621,control,2026-03-07,0,1475
9622,treatment,2026-03-08,1,1542
9623,control,2026-03-13,0,853
9624,treatment,2026-03-06,0,963
9625,treatment,2026-03-04,0,1678
9626,treatment,2026-03-06,1,1473
9627,control,2026-03-09,1,753
9628,treatment,2026-03-10,1,950
9629,treatment,2026-03-08,1,1502
9630,treatment,2026-03-14,0,1307
9631,treatment,2026-03-09,1,1315
9632,treatment,2026-03-07,0,1724
9633,control,2026-03-13,1,1443
9634,treatment,2026-03-06,0,1436
9635,treatment,2026-03-05,0,1508
9636,control,2026-03-08,0,824
9637,treatment,2026-03-07,0,2013
9638,control,2026-03-11,1,1385
9639,control,2026-03-07,0,1965
9640,treatment,2026-03-03,1,1069
9641,control,2026-03-13,1,1677
9642,treatment,2026-03-03,0,1660
9643,treatment,2026-03-15,0,1871
9644,treatment,2026-03-13,0,997
9645,treatment,2026-03-10,1,1237
9646,treatment,2026-03-11,0,1477
9647,control,2026-03-15,0,1476
9648,treatment,2026-03-08,0,2328
9649,control,2026-03-03,0,1107
9650,control,2026-03-05,1,1088
9651,control,2026-03-13,1,1630
9652,control,2026-03-07,1,894
9653,treatment,2026-03-06,1,1061
9654,treatment,2026-03-10,0,2915
9655,control,2026-03-06,0,831
9656,control,2026-03-08,0,898
9657,control,2026-03-08,1,906
9658,treatment,2026-03-13,0,1490
9659,treatment,2026-03-06,1,1047
9660,control,2026-03-13,1,794
9661,treatment,2026-03-13,1,1508
9662,control,2026-03-08,1,1658
9663,control,2026-03-13,0,861
9664,control,2026-03-07,0,1087
9665,treatment,2026-03-02,1,1638
9666,treatment,2026-03-06,1,991
9667,treatment,2026-03-04,0,1317
9668,control,2026-03-08,0,983
9669,treatment,2026-03-02,1,1301
9670,treatment,2026-03-09,0,1188
9671,control,2026-03-11,0,921
9672,control,2026-03-06,1,1866
9673,treatment,2026-03-09,0,1404
9674,treatment,2026-03-09,1,1112
9675,control,2026-03-12,1,864
9676,treatment,2026-03-14,0,908
9677,treatment,2026-03-08,0,624
9678,control,2026-03-07,0,816
9679,treatment,2026-03-09,1,1148
9680,treatment,2026-03-09,0,1415
9681,control,2026-03-02,1,1015
9682,control,2026-03-02,1,1287
9683,treatment,2026-03-11,0,1059
9684,control,2026-03-07,0,1543
9685,control,2026-03-06,1,1007
9686,treatment,2026-03-02,0,603
9687,treatment,2026-03-03,0,1850
9688,control,2026-03-06,0,910
9689,control,2026-03-14,0,1053
9690,treatment,2026-03-06,0,1043
9691,control,2026-03-12,1,1101
9692,treatment,2026-03-02,0,1546
9693,treatment,2026-03-13,0,1204
9694,treatment,2026-03-08,0,2316
9695,control,2026-03-13,0,1225
9696,control,2026-03-03,0,1600
9697,treatment,2026-03-03,0,697
9698,treatment,2026-03-15,0,1619
9699,control,2026-03-15,0,1459
9700,treatment,2026-03-13,0,2623
9701,control,2026-03-15,1,863
9702,control,2026-03-04,1,1020
9703,treatment,2026-03-12,0,1024
9704,control,2026-03-14,1,1373
9705,treatment,2026-03-09,0,2036
9706,treatment,2026-03-04,0,958
9707,control,2026-03-08,1,644
9708,control,2026-03-06,0,950
9709,control,2026-03-02,0,1485
9710,treatment,2026-03-06,0,938
9711,treatment,2026-03-04,0,1315
9712,treatment,2026-03-03,0,2183
9713,control,2026-03-06,0,630
9714,control,2026-03-12,1,1042
9715,treatment,2026-03-15,1,1057
9716,control,2026-03-02,1,941
9717,treatment,2026-03-12,1,1355
9718,treatment,2026-03-02,1,1320
9719,treatment,2026-03-04,0,1260
9720,control,2026-03-13,0,1365
9721,treatment,2026-03-11,1,1635
9722,treatment,2026-03-08,1,876
9723,control,2026-03-06,0,1395
9724,treatment,2026-03-13,1,1940
9725,treatment,2026-03-06,0,1270
9726,control,2026-03-15,0,2558
9727,treatment,2026-03-02,1,1330
9728,control,2026-03-12,0,974
9729,treatment,2026-03-05,0,937
9730,treatment,2026-03-10,1,1767
9731,treatment,2026-03-14,0,1711
9732,treatment,2026-03-07,0,1146
9733,control,2026-03-09,1,1742
9734,treatment,2026-03-09,1,1538
9735,treatment,2026-03-05,0,1885
9736,control,2026-03-08,0,916
9737,treatment,2026-03-13,1,1088
9738,control,2026-03-07,0,1351
9739,control,2026-03-02,1,1325
9740,control,2026-03-10,1,1317
9741,control,2026-03-08,0,1696
9742,control,2026-03-06,0,1389
9743,treatment,2026-03-05,0,1227
9744,control,2026-03-14,0,1825
9745,treatment,2026-03-13,1,1010
9746,control,2026-03-09,0,1077
9747,control,2026-03-06,1,1922
9748,control,2026-03-14,0,988
9749,control,2026-03-12,1,1711
9750,control,2026-03-04,1,828
9751,treatment,2026-03-08,0,1402
9752,treatment,2026-03-08,1,1103
9753,treatment,2026-03-07,0,2308
9754,treatment,2026-03-09,1,692
9755,control,2026-03-05,0,1334
9756,treatment,2026-03-13,0,1603
9757,treatment,2026-03-03,1,823
9758,control,2026-03-03,0,1087
9759,control,2026-03-03,0,1408
9760,treatment,2026-03-14,0,879
9761,treatment,2026-03-12,0,2134
9762,control,2026-03-07,1,1809
9763,treatment,2026-03-10,0,2184
9764,treatment,2026-03-14,0,1278
9765,treatment,2026-03-14,0,1339
9766,control,2026-03-14,1,1756
9767,control,2026-03-14,0,1297
9768,control,2026-03-12,1,1103
9769,control,2026-03-02,0,1533
9770,control,2026-03-11,0,645
9771,treatment,2026-03-12,1,1447
9772,control,2026-03-04,1,1292
9773,control,2026-03-14,0,1198
9774,control,2026-03-15,0,1235
9775,control,2026-03-15,0,933
9776,treatment,2026-03-14,1,1440
9777,control,2026-03-05,0,1121
9778,treatment,2026-03-04,0,1393
9779,control,2026-03-12,0,1760
9780,treatment,2026-03-09,0,1234
9781,treatment,2026-03-13,0,2058
9782,treatment,2026-03-13,1,1303
9783,control,2026-03-08,1,610
9784,control,2026-03-07,1,1457
9785,control,2026-03-08,1,1058
9786,treatment,2026-03-08,0,1149
9787,control,2026-03-04,1,1207
9788,control,2026-03-13,1,1128
9789,treatment,2026-03-13,0,1528
9790,treatment,2026-03-11,0,1092
9791,control,2026-03-04,0,889
9792,control,2026-03-15,1,1010
9793,treatment,2026-03-11,0,2084
9794,control,2026-03-03,0,728
9795,control,2026-03-11,1,1564
9796,control,2026-03-08,0,2566
9797,treatment,2026-03-12,1,1720
9798,control,2026-03-05,1,976
9799,treatment,2026-03-03,0,2355
9800,treatment,2026-03-10,0,2431
9801,control,2026-03-07,1,1170
9802,treatment,2026-03-07,1,1765
9803,control,2026-03-11,1,766
9804,control,2026-03-08,1,1047
9805,treatment,2026-03-11,0,1268
9806,control,2026-03-02,0,1618
9807,control,2026-03-02,0,1128
9808,treatment,2026-03-05,1,1619
9809,control,2026-03-15,0,854
9810,treatment,2026-03-02,0,1256
9811,treatment,2026-03-02,0,1271
9812,treatment,2026-03-07,0,1360
9813,control,2026-03-13,0,592
9814,control,2026-03-14,1,1314
9815,treatment,2026-03-04,1,930
9816,control,2026-03-06,0,1311
9817,control,2026-03-06,0,1742
9818,control,2026-03-15,1,1468
9819,control,2026-03-02,1,2688
9820,control,2026-03-11,0,983
9821,control,2026-03-03,0,1024
9822,treatment,2026-03-06,1,802
9823,treatment,2026-03-13,0,916
9824,treatment,2026-03-03,1,1186
9825,control,2026-03-09,0,788
9826,treatment,2026-03-11,1,2032
9827,treatment,2026-03-07,0,2785
9828,control,2026-03-13,1,1064
9829,control,2026-03-10,0,1631
9830,control,2026-03-02,1,1074
9831,treatment,2026-03-02,0,1283
9832,treatment,2026-03-14,1,1983
9833,treatment,2026-03-08,1,1214
9834,treatment,2026-03-07,0,1055
9835,treatment,2026-03-09,0,1358
9836,treatment,2026-03-15,0,1899
9837,treatment,2026-03-15,1,1048
9838,control,2026-03-05,0,2579
9839,treatment,2026-03-02,0,1207
9840,control,2026-03-10,0,742
9841,control,2026-03-02,0,969
9842,treatment,2026-03-15,0,1208
9843,treatment,2026-03-07,0,1349
9844,control,2026-03-15,0,1807
9845,treatment,2026-03-15,0,1265
9846,control,2026-03-09,0,1318
9847,treatment,2026-03-13,1,1588
9848,treatment,2026-03-06,0,1385
9849,control,2026-03-03,1,1247
9850,control,2026-03-02,1,589
9851,treatment,2026-03-14,0,931
9852,treatment,2026-03-09,1,753
9853,treatment,2026-03-07,0,2450
9854,control,2026-03-06,1,1022
9855,treatment,2026-03-14,0,1284
9856,treatment,2026-03-04,1,1430
9857,treatment,2026-03-08,1,1221
9858,treatment,2026-03-08,0,1325
9859,control,2026-03-12,1,1508
9860,control,2026-03-02,0,708
9861,treatment,2026-03-13,0,864
9862,control,2026-03-08,1,1346
9863,control,2026-03-09,1,2590
9864,treatment,2026-03-02,1,1874
9865,treatment,2026-03-05,1,4129
9866,treatment,2026-03-13,0,2208
9867,treatment,2026-03-02,1,1061
9868,control,2026-03-02,1,1180
9869,treatment,2026-03-12,0,1211
9870,control,2026-03-14,0,1075
9871,treatment,2026-03-06,0,1584
9872,control,2026-03-11,1,1081
9873,treatment,2026-03-14,1,2987
9874,treatment,2026-03-06,0,1031
9875,control,2026-03-04,0,1504
9876,treatment,2026-03-05,0,959
9877,treatment,2026-03-10,0,985
9878,treatment,2026-03-05,1,1069
9879,control,2026-03-03,1,1082
9880,treatment,2026-03-02,0,897
9881,control,2026-03-10,0,1571
9882,control,2026-03-05,0,1302
9883,treatment,2026-03-03,0,1515
9884,treatment,2026-03-08,0,1402
9885,control,2026-03-12,1,826
9886,treatment,2026-03-14,0,670
9887,treatment,2026-03-13,0,1848
9888,treatment,2026-03-12,0,1305
9889,treatment,2026-03-06,1,1883
9890,treatment,2026-03-13,0,4080
9891,treatment,2026-03-14,0,1634
9892,treatment,2026-03-08,0,1075
9893,treatment,2026-03-06,1,807
9894,control,2026-03-07,0,1364
9895,treatment,2026-03-05,0,1024
9896,treatment,2026-03-08,1,1871
9897,treatment,2026-03-13,0,1516
9898,treatment,2026-03-09,0,1544
9899,treatment,2026-03-13,0,1215
9900,treatment,2026-03-12,0,1766
9901,treatment,2026-03-06,1,2226
9902,treatment,2026-03-12,0,1524
9903,control,2026-03-11,0,1823
9904,control,2026-03-12,0,782
9905,treatment,2026-03-14,0,967
9906,treatment,2026-03-09,0,1689
9907,treatment,2026-03-10,0,3499
9908,control,2026-03-04,0,1034
9909,control,2026-03-04,1,783
9910,treatment,2026-03-05,1,2415
9911,control,2026-03-12,0,1603
9912,treatment,2026-03-03,1,1373
9913,control,2026-03-11,0,1726
9914,control,2026-03-04,0,1136
9915,control,2026-03-04,0,1841
9916,control,2026-03-07,1,1339
9917,treatment,2026-03-05,1,1047
9918,control,2026-03-08,1,1587
9919,control,2026-03-11,0,1057
9920,treatment,2026-03-05,0,649
9921,control,2026-03-02,1,1335
9922,control,2026-03-15,0,1462
9923,control,2026-03-11,0,1366
9924,control,2026-03-10,0,1535
9925,control,2026-03-03,1,2442
9926,treatment,2026-03-05,1,770
9927,control,2026-03-06,0,1663
9928,control,2026-03-05,0,974
9929,treatment,2026-03-08,0,1081
9930,control,2026-03-06,0,1190
9931,control,2026-03-08,0,2375
9932,control,2026-03-13,0,964
9933,treatment,2026-03-12,0,1147
9934,control,2026-03-05,0,1168
9935,treatment,2026-03-03,1,1277
9936,control,2026-03-04,1,1016
9937,control,2026-03-13,0,1743
9938,control,2026-03-15,1,1513
9939,treatment,2026-03-15,0,1071
9940,control,2026-03-08,1,1366
9941,control,2026-03-09,0,1033
9942,control,2026-03-14,0,1001
9943,treatment,2026-03-07,1,1494
9944,control,2026-03-08,1,1161
9945,control,2026-03-08,0,1914
9946,treatment,2026-03-15,0,1377
9947,control,2026-03-15,0,1644
9948,control,2026-03-07,0,1060
9949,treatment,2026-03-07,0,1264
9950,treatment,2026-03-05,0,527
9951,treatment,2026-03-10,0,1065
9952,treatment,2026-03-03,0,895
9953,treatment,2026-03-02,0,1699
9954,control,2026-03-14,0,588
9955,control,2026-03-02,0,2160
9956,treatment,2026-03-06,0,3026
9957,treatment,2026-03-02,0,1888
9958,treatment,2026-03-03,0,1166
9959,treatment,2026-03-09,1,1738
9960,control,2026-03-14,0,1010
9961,control,2026-03-07,0,592
9962,control,2026-03-03,1,1738
9963,treatment,2026-03-02,0,1239
9964,control,2026-03-06,0,953
9965,treatment,2026-03-08,0,2191
9966,control,2026-03-13,1,2077
9967,treatment,2026-03-15,0,1733
9968,control,2026-03-04,1,723
9969,control,2026-03-08,0,862
9970,control,2026-03-10,1,1694
9971,control,2026-03-10,1,421
9972,treatment,2026-03-07,0,938
9973,treatment,2026-03-10,0,2197
9974,control,2026-03-11,0,540
9975,treatment,2026-03-12,0,1184
9976,treatment,2026-03-10,1,1706
9977,treatment,2026-03-09,0,1046
9978,control,2026-03-09,0,1444
9979,treatment,2026-03-15,0,1166
9980,control,2026-03-11,0,1639
9981,treatment,2026-03-03,0,1717
9982,control,2026-03-08,1,2142
9983,control,2026-03-06,0,1738
9984,treatment,2026-03-05,0,3611
9985,treatment,2026-03-04,0,1415
9986,treatment,2026-03-12,1,1477
9987,treatment,2026-03-11,0,1329
9988,control,2026-03-03,0,1515
9989,control,2026-03-15,0,1731
9990,treatment,2026-03-04,0,1611
9991,control,2026-03-04,1,1562
9992,control,2026-03-09,0,876
9993,control,2026-03-11,1,1155
9994,treatment,2026-03-02,0,1988
9995,control,2026-03-09,0,1030
9996,treatment,2026-03-11,0,1186
9997,treatment,2026-03-08,0,1503
9998,control,2026-03-03,0,865
9999,treatment,2026-03-13,1,1065
10000,control,2026-03-03,0,1087
