user_id,variant,assignment_date,sessions_14d,retained_30d
1,control,2026-03-02,10,1
2,treatment,2026-03-12,12,0
3,treatment,2026-03-14,8,1
4,treatment,2026-03-08,11,1
5,treatment,2026-03-05,12,0
6,treatment,2026-03-05,9,1
7,treatment,2026-03-03,17,0
8,treatment,2026-03-03,10,0
9,control,2026-03-04,7,0
10,control,2026-03-08,7,1
11,control,2026-03-12,11,1
12,treatment,2026-03-11,6,1
13,treatment,2026-03-11,11,1
14,treatment,2026-03-02,11,0
15,control,2026-03-04,12,1
16,control,2026-03-03,5,0
17,control,2026-03-07,4,0
18,treatment,2026-03-06,10,1
19,control,2026-03-09,11,0
20,treatment,2026-03-12,4,1
21,control,2026-03-09,6,0
22,treatment,2026-03-15,8,0
23,control,2026-03-04,8,1
24,control,2026-03-09,6,0
25,control,2026-03-08,8,1
26,control,2026-03-03,4,1
27,control,2026-03-07,8,0
28,control,2026-03-14,8,0
29,control,2026-03-04,6,1
30,control,2026-03-06,6,0
31,treatment,2026-03-08,9,0
32,control,2026-03-04,4,1
33,treatment,2026-03-14,13,0
34,treatment,2026-03-11,9,0
35,treatment,2026-03-14,6,0
36,treatment,2026-03-15,10,0
37,control,2026-03-02,6,0
38,treatment,2026-03-09,10,0
39,treatment,2026-03-10,11,0
40,treatment,2026-03-02,8,1
41,control,2026-03-02,4,0
42,treatment,2026-03-02,9,0
43,control,2026-03-13,2,0
44,control,2026-03-12,6,0
45,treatment,2026-03-02,5,0
46,treatment,2026-03-10,7,1
47,treatment,2026-03-04,9,0
48,treatment,2026-03-06,2,1
49,treatment,2026-03-12,7,0
50,treatment,2026-03-05,5,1
51,control,2026-03-14,10,0
52,treatment,2026-03-03,6,1
53,treatment,2026-03-05,6,1
54,control,2026-03-04,5,1
55,treatment,2026-03-02,11,0
56,control,2026-03-07,9,1
57,control,2026-03-10,8,0
58,control,2026-03-03,19,1
59,treatment,2026-03-14,6,0
60,control,2026-03-03,12,0
61,treatment,2026-03-09,13,1
62,control,2026-03-07,6,0
63,treatment,2026-03-04,8,1
64,treatment,2026-03-07,10,1
65,treatment,2026-03-15,16,1
66,control,2026-03-11,5,0
67,treatment,2026-03-11,8,1
68,treatment,2026-03-13,9,0
69,treatment,2026-03-13,11,1
70,control,2026-03-07,6,1
71,treatment,2026-03-02,10,0
72,control,2026-03-03,6,1
73,control,2026-03-11,10,1
74,control,2026-03-13,7,0
75,control,2026-03-05,11,0
76,control,2026-03-03,8,1
77,treatment,2026-03-10,8,1
78,treatment,2026-03-03,9,0
79,treatment,2026-03-15,5,0
80,treatment,2026-03-04,8,1
81,treatment,2026-03-15,6,1
82,control,2026-03-03,6,1
83,control,2026-03-07,7,1
84,treatment,2026-03-03,10,0
85,control,2026-03-11,7,1
86,treatment,2026-03-07,10,0
87,treatment,2026-03-07,10,0
88,control,2026-03-07,11,0
89,control,2026-03-14,9,1
90,control,2026-03-09,6,1
91,control,2026-03-05,3,1
92,control,2026-03-08,10,0
93,treatment,2026-03-13,7,1
94,control,2026-03-11,8,0
95,control,2026-03-05,5,0
96,treatment,2026-03-12,4,0
97,control,2026-03-09,8,0
98,treatment,2026-03-04,6,0
99,control,2026-03-13,10,0
100,treatment,2026-03-15,10,0
101,control,2026-03-09,8,0
102,control,2026-03-07,10,0
103,control,2026-03-09,9,0
104,control,2026-03-08,9,0
105,control,2026-03-10,7,1
106,treatment,2026-03-06,8,0
107,treatment,2026-03-05,10,0
108,control,2026-03-10,6,1
109,treatment,2026-03-04,10,1
110,treatment,2026-03-06,12,0
111,control,2026-03-13,11,0
112,treatment,2026-03-04,5,0
113,treatment,2026-03-13,9,1
114,treatment,2026-03-11,9,0
115,treatment,2026-03-15,14,0
116,treatment,2026-03-09,5,1
117,control,2026-03-12,3,0
118,treatment,2026-03-06,8,1
119,treatment,2026-03-05,10,0
120,control,2026-03-15,8,0
121,control,2026-03-15,3,0
122,treatment,2026-03-11,9,0
123,control,2026-03-08,11,0
124,treatment,2026-03-14,6,1
125,control,2026-03-05,11,0
126,control,2026-03-02,9,0
127,control,2026-03-02,9,1
128,control,2026-03-10,11,0
129,control,2026-03-03,9,0
130,treatment,2026-03-05,11,1
131,treatment,2026-03-15,7,0
132,control,2026-03-11,13,1
133,treatment,2026-03-05,12,1
134,control,2026-03-06,9,0
135,treatment,2026-03-04,11,1
136,treatment,2026-03-11,7,0
137,control,2026-03-11,7,0
138,treatment,2026-03-05,13,1
139,treatment,2026-03-15,8,0
140,treatment,2026-03-08,10,1
141,control,2026-03-12,6,0
142,treatment,2026-03-11,6,0
143,treatment,2026-03-13,10,0
144,control,2026-03-02,9,1
145,control,2026-03-05,8,0
146,treatment,2026-03-13,7,0
147,control,2026-03-04,8,0
148,control,2026-03-12,10,0
149,treatment,2026-03-02,5,0
150,treatment,2026-03-10,9,1
151,treatment,2026-03-09,6,0
152,control,2026-03-15,9,0
153,control,2026-03-11,13,0
154,treatment,2026-03-14,8,1
155,control,2026-03-13,13,0
156,treatment,2026-03-11,9,1
157,treatment,2026-03-13,5,0
158,treatment,2026-03-08,8,0
159,treatment,2026-03-07,7,1
160,treatment,2026-03-10,9,1
161,treatment,2026-03-02,12,0
162,treatment,2026-03-12,10,0
163,treatment,2026-03-04,13,0
164,treatment,2026-03-07,9,0
165,control,2026-03-08,8,0
166,treatment,2026-03-13,5,1
167,control,2026-03-10,10,0
168,treatment,2026-03-02,9,1
169,control,2026-03-03,8,0
170,treatment,2026-03-15,4,1
171,control,2026-03-03,10,1
172,treatment,2026-03-10,10,0
173,control,2026-03-02,5,0
174,treatment,2026-03-05,10,1
175,treatment,2026-03-13,10,1
176,control,2026-03-12,8,0
177,treatment,2026-03-08,10,0
178,control,2026-03-12,5,1
179,treatment,2026-03-04,8,0
180,control,2026-03-10,8,1
181,treatment,2026-03-10,12,1
182,control,2026-03-11,5,0
183,treatment,2026-03-11,6,1
184,treatment,2026-03-13,15,1
185,control,2026-03-07,6,0
186,treatment,2026-03-10,6,0
187,treatment,2026-03-04,13,0
188,control,2026-03-03,8,1
189,control,2026-03-02,14,0
190,treatment,2026-03-02,8,1
191,control,2026-03-03,11,1
192,treatment,2026-03-07,10,1
193,treatment,2026-03-15,8,0
194,treatment,2026-03-08,8,0
195,treatment,2026-03-03,10,1
196,control,2026-03-12,4,1
197,control,2026-03-15,3,1
198,treatment,2026-03-02,6,1
199,control,2026-03-04,9,0
200,control,2026-03-05,6,0
201,treatment,2026-03-11,8,1
202,treatment,2026-03-10,9,0
203,control,2026-03-02,11,0
204,control,2026-03-07,9,1
205,control,2026-03-05,8,0
206,treatment,2026-03-08,7,1
207,treatment,2026-03-07,8,1
208,control,2026-03-06,7,0
209,treatment,2026-03-03,9,0
210,control,2026-03-15,9,1
211,treatment,2026-03-05,6,1
212,control,2026-03-06,8,0
213,treatment,2026-03-11,7,1
214,control,2026-03-04,9,1
215,treatment,2026-03-04,9,1
216,control,2026-03-05,6,1
217,control,2026-03-15,10,0
218,control,2026-03-13,11,1
219,control,2026-03-05,6,0
220,control,2026-03-08,11,1
221,control,2026-03-04,6,0
222,treatment,2026-03-14,9,0
223,control,2026-03-02,5,0
224,treatment,2026-03-09,9,0
225,treatment,2026-03-11,12,1
226,control,2026-03-04,7,0
227,control,2026-03-12,9,0
228,control,2026-03-12,8,0
229,control,2026-03-02,3,1
230,treatment,2026-03-07,2,0
231,control,2026-03-07,8,1
232,treatment,2026-03-07,11,0
233,control,2026-03-10,9,0
234,treatment,2026-03-05,7,1
235,control,2026-03-04,6,1
236,treatment,2026-03-04,11,1
237,treatment,2026-03-14,6,1
238,treatment,2026-03-12,9,0
239,control,2026-03-14,8,0
240,control,2026-03-14,10,0
241,treatment,2026-03-04,9,0
242,treatment,2026-03-06,5,1
243,control,2026-03-06,10,0
244,control,2026-03-15,8,1
245,treatment,2026-03-10,9,1
246,control,2026-03-11,15,0
247,control,2026-03-10,7,0
248,treatment,2026-03-09,10,1
249,treatment,2026-03-14,10,0
250,control,2026-03-04,12,0
251,control,2026-03-12,12,0
252,control,2026-03-15,8,1
253,control,2026-03-12,9,1
254,control,2026-03-08,9,1
255,control,2026-03-15,11,1
256,control,2026-03-03,5,0
257,treatment,2026-03-11,9,1
258,control,2026-03-06,11,1
259,treatment,2026-03-03,13,0
260,control,2026-03-04,12,0
261,control,2026-03-14,3,0
262,treatment,2026-03-15,6,0
263,control,2026-03-03,7,0
264,control,2026-03-09,5,0
265,control,2026-03-05,14,1
266,control,2026-03-10,8,0
267,treatment,2026-03-09,10,0
268,treatment,2026-03-07,16,0
269,control,2026-03-07,4,1
270,treatment,2026-03-12,5,0
271,control,2026-03-07,7,1
272,control,2026-03-08,12,0
273,control,2026-03-14,10,0
274,treatment,2026-03-09,7,1
275,control,2026-03-11,13,1
276,treatment,2026-03-12,10,0
277,control,2026-03-05,12,0
278,control,2026-03-14,8,0
279,control,2026-03-06,13,0
280,control,2026-03-08,7,0
281,control,2026-03-13,9,1
282,control,2026-03-15,8,1
283,control,2026-03-10,15,0
284,treatment,2026-03-15,16,0
285,control,2026-03-10,6,1
286,control,2026-03-08,10,1
287,control,2026-03-15,12,1
288,control,2026-03-04,11,0
289,control,2026-03-04,3,0
290,control,2026-03-02,10,1
291,control,2026-03-07,8,0
292,control,2026-03-07,5,1
293,treatment,2026-03-03,10,0
294,control,2026-03-05,10,1
295,control,2026-03-07,7,1
296,control,2026-03-05,8,0
297,control,2026-03-04,5,1
298,treatment,2026-03-05,8,0
299,treatment,2026-03-09,8,0
300,control,2026-03-02,8,1
301,control,2026-03-05,8,1
302,treatment,2026-03-11,9,0
303,control,2026-03-15,8,1
304,control,2026-03-05,10,0
305,treatment,2026-03-07,6,1
306,treatment,2026-03-10,11,1
307,treatment,2026-03-15,8,0
308,treatment,2026-03-04,8,1
309,control,2026-03-15,8,1
310,control,2026-03-04,2,1
311,control,2026-03-05,3,0
312,treatment,2026-03-10,13,1
313,control,2026-03-02,5,1
314,control,2026-03-02,12,0
315,treatment,2026-03-02,10,0
316,control,2026-03-02,6,0
317,control,2026-03-07,8,0
318,treatment,2026-03-07,5,0
319,control,2026-03-07,8,0
320,treatment,2026-03-06,8,1
321,control,2026-03-04,9,1
322,control,2026-03-08,9,1
323,control,2026-03-05,7,0
324,treatment,2026-03-08,6,0
325,treatment,2026-03-09,8,1
326,control,2026-03-04,6,0
327,treatment,2026-03-11,9,0
328,control,2026-03-08,6,0
329,treatment,2026-03-07,6,1
330,control,2026-03-04,9,1
331,control,2026-03-08,7,1
332,treatment,2026-03-14,9,1
333,treatment,2026-03-07,7,0
334,control,2026-03-08,10,0
335,treatment,2026-03-06,8,0
336,control,2026-03-04,11,1
337,control,2026-03-09,3,0
338,control,2026-03-06,10,0
339,treatment,2026-03-10,5,0
340,treatment,2026-03-15,6,0
341,treatment,2026-03-10,11,0
342,control,2026-03-11,15,0
343,treatment,2026-03-04,6,1
344,treatment,2026-03-02,8,0
345,treatment,2026-03-14,7,0
346,control,2026-03-06,11,1
347,treatment,2026-03-10,18,1
348,treatment,2026-03-03,11,1
349,control,2026-03-11,6,0
350,treatment,2026-03-04,5,0
351,treatment,2026-03-07,9,1
352,control,2026-03-14,8,0
353,control,2026-03-06,5,1
354,treatment,2026-03-15,5,1
355,treatment,2026-03-02,8,0
356,treatment,2026-03-03,10,0
357,control,2026-03-05,13,1
358,control,2026-03-06,8,0
359,treatment,2026-03-07,7,1
360,control,2026-03-11,7,0
361,treatment,2026-03-03,9,1
362,control,2026-03-02,9,0
363,control,2026-03-02,12,0
364,control,2026-03-11,9,1
365,control,2026-03-02,12,0
366,treatment,2026-03-13,7,0
367,control,2026-03-06,7,0
368,treatment,2026-03-10,11,1
369,treatment,2026-03-08,6,0
370,treatment,2026-03-03,6,1
371,treatment,2026-03-07,16,0
372,treatment,2026-03-13,12,0
373,treatment,2026-03-05,12,0
374,control,2026-03-02,9,0
375,treatment,2026-03-02,6,1
376,treatment,2026-03-11,13,0
377,control,2026-03-11,13,1
378,treatment,2026-03-06,11,0
379,control,2026-03-08,8,0
380,control,2026-03-12,6,0
381,control,2026-03-07,8,0
382,control,2026-03-08,2,1
383,control,2026-03-11,7,0
384,control,2026-03-14,11,0
385,treatment,2026-03-15,12,1
386,control,2026-03-05,5,0
387,treatment,2026-03-09,8,1
388,treatment,2026-03-15,11,1
389,treatment,2026-03-13,7,1
390,control,2026-03-11,8,1
391,control,2026-03-04,10,0
392,control,2026-03-05,7,0
393,control,2026-03-13,9,1
394,treatment,2026-03-12,7,0
395,treatment,2026-03-07,8,0
396,treatment,2026-03-14,6,0
397,control,2026-03-12,9,0
398,treatment,2026-03-08,9,1
399,treatment,2026-03-05,12,1
400,treatment,2026-03-07,9,0
401,treatment,2026-03-02,12,0
402,control,2026-03-05,7,0
403,treatment,2026-03-03,9,1
404,control,2026-03-02,8,1
405,control,2026-03-11,6,1
406,treatment,2026-03-15,14,0
407,treatment,2026-03-12,7,0
408,control,2026-03-08,7,0
409,control,2026-03-04,8,0
410,control,2026-03-10,13,1
411,treatment,2026-03-05,10,1
412,treatment,2026-03-08,7,0
413,treatment,2026-03-13,11,1
414,treatment,2026-03-05,16,0
415,control,2026-03-12,9,0
416,control,2026-03-04,12,0
417,control,2026-03-08,7,0
418,treatment,2026-03-13,7,1
419,treatment,2026-03-14,11,0
420,control,2026-03-12,10,1
421,control,2026-03-15,8,1
422,control,2026-03-10,9,0
423,control,2026-03-07,6,0
424,treatment,2026-03-05,13,0
425,control,2026-03-15,8,1
426,treatment,2026-03-15,8,1
427,control,2026-03-09,4,0
428,treatment,2026-03-10,10,1
429,treatment,2026-03-06,10,0
430,control,2026-03-15,6,0
431,control,2026-03-05,7,0
432,control,2026-03-15,5,1
433,control,2026-03-10,5,0
434,control,2026-03-13,4,1
435,treatment,2026-03-07,11,1
436,treatment,2026-03-07,6,0
437,treatment,2026-03-09,2,0
438,treatment,2026-03-14,13,0
439,treatment,2026-03-12,4,0
440,treatment,2026-03-09,12,0
441,treatment,2026-03-03,7,0
442,control,2026-03-11,11,1
443,treatment,2026-03-09,12,0
444,control,2026-03-04,5,1
445,control,2026-03-07,7,1
446,treatment,2026-03-03,12,0
447,control,2026-03-07,2,0
448,control,2026-03-14,5,1
449,control,2026-03-02,10,0
450,treatment,2026-03-04,5,1
451,treatment,2026-03-06,11,0
452,control,2026-03-09,6,0
453,control,2026-03-02,7,0
454,control,2026-03-15,8,0
455,control,2026-03-15,8,1
456,treatment,2026-03-07,5,1
457,control,2026-03-13,6,1
458,treatment,2026-03-05,7,0
459,treatment,2026-03-05,9,0
460,control,2026-03-04,6,0
461,control,2026-03-12,5,1
462,control,2026-03-09,2,0
463,control,2026-03-10,8,0
464,treatment,2026-03-14,10,0
465,treatment,2026-03-13,5,1
466,control,2026-03-10,6,0
467,control,2026-03-08,11,1
468,control,2026-03-11,9,0
469,treatment,2026-03-03,8,0
470,treatment,2026-03-04,12,0
471,control,2026-03-07,9,1
472,control,2026-03-07,7,1
473,control,2026-03-10,3,0
474,treatment,2026-03-06,9,0
475,treatment,2026-03-07,11,0
476,control,2026-03-09,11,0
477,control,2026-03-10,10,0
478,control,2026-03-08,9,0
479,treatment,2026-03-02,7,1
480,treatment,2026-03-02,8,1
481,control,2026-03-15,10,0
482,control,2026-03-14,7,0
483,treatment,2026-03-07,8,0
484,treatment,2026-03-07,9,1
485,control,2026-03-05,9,1
486,control,2026-03-02,6,0
487,treatment,2026-03-14,6,0
488,control,2026-03-10,6,1
489,treatment,2026-03-12,7,1
490,control,2026-03-08,9,0
491,treatment,2026-03-14,2,0
492,treatment,2026-03-13,9,0
493,treatment,2026-03-13,12,1
494,treatment,2026-03-13,8,1
495,control,2026-03-02,6,1
496,treatment,2026-03-07,6,0
497,control,2026-03-14,8,0
498,control,2026-03-15,4,0
499,control,2026-03-13,8,1
500,treatment,2026-03-14,11,0
501,control,2026-03-03,4,0
502,control,2026-03-07,13,0
503,treatment,2026-03-02,6,0
504,treatment,2026-03-06,7,0
505,treatment,2026-03-09,10,1
506,treatment,2026-03-02,12,1
507,treatment,2026-03-13,6,0
508,control,2026-03-06,7,0
509,treatment,2026-03-08,13,1
510,treatment,2026-03-07,9,1
511,treatment,2026-03-09,13,0
512,treatment,2026-03-12,5,0
513,control,2026-03-15,8,0
514,treatment,2026-03-02,11,1
515,control,2026-03-04,12,1
516,control,2026-03-04,10,1
517,treatment,2026-03-05,11,1
518,control,2026-03-06,8,0
519,control,2026-03-12,12,0
520,treatment,2026-03-05,17,0
521,treatment,2026-03-02,13,0
522,treatment,2026-03-06,15,1
523,control,2026-03-15,8,0
524,treatment,2026-03-15,6,0
525,treatment,2026-03-02,6,0
526,control,2026-03-08,10,1
527,treatment,2026-03-14,13,1
528,control,2026-03-10,9,1
529,control,2026-03-09,8,0
530,treatment,2026-03-12,11,1
531,control,2026-03-11,8,1
532,control,2026-03-13,6,0
533,treatment,2026-03-14,7,0
534,control,2026-03-04,11,1
535,treatment,2026-03-05,12,0
536,treatment,2026-03-13,12,0
537,control,2026-03-07,3,1
538,treatment,2026-03-06,9,0
539,control,2026-03-13,10,0
540,control,2026-03-11,10,0
541,treatment,2026-03-14,4,0
542,control,2026-03-13,6,1
543,treatment,2026-03-06,6,0
544,treatment,2026-03-06,8,0
545,control,2026-03-13,10,0
546,treatment,2026-03-02,16,1
547,treatment,2026-03-08,9,1
548,control,2026-03-07,10,0
549,treatment,2026-03-10,10,0
550,treatment,2026-03-09,6,1
551,treatment,2026-03-14,8,1
552,treatment,2026-03-14,7,0
553,treatment,2026-03-11,6,0
554,treatment,2026-03-13,8,1
555,control,2026-03-11,12,0
556,treatment,2026-03-02,10,0
557,treatment,2026-03-07,12,0
558,control,2026-03-09,3,1
559,treatment,2026-03-02,4,0
560,control,2026-03-10,8,0
561,control,2026-03-07,7,0
562,control,2026-03-04,13,1
563,treatment,2026-03-09,13,0
564,treatment,2026-03-06,13,0
565,treatment,2026-03-13,8,1
566,treatment,2026-03-02,7,0
567,treatment,2026-03-10,8,1
568,treatment,2026-03-06,8,1
569,treatment,2026-03-06,10,0
570,treatment,2026-03-08,9,0
571,treatment,2026-03-13,6,1
572,control,2026-03-11,2,0
573,control,2026-03-14,7,0
574,treatment,2026-03-04,5,1
575,control,2026-03-11,12,0
576,treatment,2026-03-09,4,0
577,treatment,2026-03-08,16,0
578,control,2026-03-08,4,1
579,treatment,2026-03-04,6,0
580,treatment,2026-03-09,9,0
581,treatment,2026-03-10,4,0
582,treatment,2026-03-09,10,0
583,control,2026-03-07,5,0
584,control,2026-03-06,4,0
585,control,2026-03-09,9,1
586,control,2026-03-02,11,0
587,treatment,2026-03-06,10,0
588,control,2026-03-06,3,1
589,treatment,2026-03-08,8,1
590,treatment,2026-03-08,9,0
591,control,2026-03-14,8,1
592,control,2026-03-12,6,1
593,treatment,2026-03-02,6,0
594,treatment,2026-03-10,8,0
595,treatment,2026-03-06,8,0
596,control,2026-03-06,6,0
597,treatment,2026-03-13,7,0
598,treatment,2026-03-03,5,0
599,control,2026-03-14,11,0
600,treatment,2026-03-12,12,0
601,treatment,2026-03-15,16,1
602,control,2026-03-05,11,1
603,treatment,2026-03-06,4,0
604,control,2026-03-13,9,1
605,treatment,2026-03-06,6,0
606,control,2026-03-09,14,1
607,control,2026-03-07,8,0
608,control,2026-03-13,9,1
609,treatment,2026-03-07,7,0
610,treatment,2026-03-08,10,1
611,control,2026-03-04,6,1
612,control,2026-03-02,9,1
613,treatment,2026-03-02,7,0
614,control,2026-03-04,7,0
615,control,2026-03-12,6,1
616,control,2026-03-10,12,1
617,control,2026-03-06,5,0
618,treatment,2026-03-11,8,0
619,control,2026-03-11,7,0
620,treatment,2026-03-03,7,0
621,treatment,2026-03-02,9,0
622,treatment,2026-03-07,12,1
623,treatment,2026-03-14,8,1
624,treatment,2026-03-10,4,0
625,treatment,2026-03-10,5,0
626,treatment,2026-03-14,9,0
627,treatment,2026-03-03,10,1
628,control,2026-03-05,8,1
629,treatment,2026-03-06,13,0
630,treatment,2026-03-03,9,0
631,control,2026-03-15,9,1
632,treatment,2026-03-04,8,1
633,treatment,2026-03-04,10,1
634,control,2026-03-15,7,1
635,control,2026-03-02,8,0
636,control,2026-03-11,5,1
637,control,2026-03-11,6,0
638,treatment,2026-03-11,3,0
639,treatment,2026-03-13,10,1
640,control,2026-03-13,12,0
641,control,2026-03-06,5,0
642,control,2026-03-07,7,1
643,treatment,2026-03-09,7,0
644,treatment,2026-03-08,13,0
645,treatment,2026-03-04,12,1
646,control,2026-03-02,8,0
647,treatment,2026-03-13,2,0
648,control,2026-03-07,9,0
649,control,2026-03-10,7,0
650,treatment,2026-03-06,8,0
651,treatment,2026-03-08,11,1
652,control,2026-03-04,7,0
653,treatment,2026-03-09,9,1
654,treatment,2026-03-14,12,0
655,control,2026-03-12,5,0
656,treatment,2026-03-07,9,0
657,treatment,2026-03-13,3,0
658,control,2026-03-13,4,1
659,control,2026-03-06,15,0
660,treatment,2026-03-08,14,1
661,control,2026-03-05,3,1
662,control,2026-03-02,2,1
663,treatment,2026-03-13,11,1
664,control,2026-03-09,8,0
665,treatment,2026-03-05,6,0
666,control,2026-03-02,11,0
667,control,2026-03-14,10,1
668,treatment,2026-03-07,10,0
669,treatment,2026-03-12,7,0
670,control,2026-03-06,10,0
671,control,2026-03-05,5,0
672,control,2026-03-08,6,0
673,treatment,2026-03-08,7,1
674,control,2026-03-06,8,1
675,treatment,2026-03-08,10,0
676,treatment,2026-03-14,10,0
677,control,2026-03-12,8,1
678,control,2026-03-03,9,1
679,treatment,2026-03-05,11,0
680,control,2026-03-13,8,0
681,treatment,2026-03-06,7,1
682,control,2026-03-11,8,0
683,control,2026-03-05,8,0
684,control,2026-03-09,11,1
685,control,2026-03-03,7,0
686,control,2026-03-09,12,0
687,treatment,2026-03-14,9,1
688,treatment,2026-03-04,9,1
689,treatment,2026-03-10,8,0
690,treatment,2026-03-12,9,1
691,control,2026-03-13,8,0
692,treatment,2026-03-11,14,1
693,control,2026-03-14,3,0
694,treatment,2026-03-14,11,1
695,control,2026-03-04,9,0
696,control,2026-03-14,10,1
697,control,2026-03-15,6,0
698,treatment,2026-03-09,7,0
699,treatment,2026-03-09,8,1
700,treatment,2026-03-11,4,0
701,treatment,2026-03-10,9,0
702,control,2026-03-05,5,0
703,treatment,2026-03-15,6,1
704,treatment,2026-03-02,6,0
705,treatment,2026-03-05,8,0
706,treatment,2026-03-08,9,1
707,control,2026-03-15,8,0
708,control,2026-03-14,8,1
709,control,2026-03-05,13,1
710,treatment,2026-03-15,9,0
711,control,2026-03-06,9,1
712,treatment,2026-03-09,7,0
713,treatment,2026-03-07,12,0
714,control,2026-03-04,12,0
715,control,2026-03-11,12,0
716,control,2026-03-15,5,0
717,control,2026-03-14,2,0
718,treatment,2026-03-13,7,1
719,treatment,2026-03-11,6,1
720,treatment,2026-03-14,10,1
721,control,2026-03-05,13,1
722,treatment,2026-03-12,6,0
723,control,2026-03-13,5,0
724,treatment,2026-03-09,7,1
725,control,2026-03-05,7,1
726,treatment,2026-03-12,9,0
727,control,2026-03-04,7,0
728,treatment,2026-03-07,7,1
729,treatment,2026-03-02,7,0
730,control,2026-03-13,11,0
731,treatment,2026-03-05,14,1
732,control,2026-03-10,5,0
733,control,2026-03-05,4,0
734,control,2026-03-11,6,0
735,control,2026-03-05,9,0
736,treatment,2026-03-12,13,1
737,treatment,2026-03-04,4,1
738,control,2026-03-15,7,1
739,treatment,2026-03-03,4,0
740,control,2026-03-05,8,1
741,treatment,2026-03-08,7,1
742,treatment,2026-03-14,13,0
743,control,2026-03-08,9,1
744,control,2026-03-10,9,0
745,control,2026-03-05,6,0
746,control,2026-03-05,11,1
747,control,2026-03-09,7,1
748,treatment,2026-03-03,10,0
749,treatment,2026-03-03,4,1
750,treatment,2026-03-12,5,0
751,treatment,2026-03-07,9,0
752,treatment,2026-03-08,10,1
753,control,2026-03-13,10,0
754,treatment,2026-03-13,8,0
755,control,2026-03-15,8,1
756,control,2026-03-06,3,0
757,treatment,2026-03-04,11,0
758,control,2026-03-14,1,1
759,treatment,2026-03-10,6,0
760,treatment,2026-03-02,10,0
761,treatment,2026-03-06,7,0
762,control,2026-03-10,9,1
763,treatment,2026-03-05,5,1
764,treatment,2026-03-07,3,1
765,treatment,2026-03-15,8,0
766,control,2026-03-08,8,0
767,treatment,2026-03-14,16,0
768,treatment,2026-03-03,11,0
769,control,2026-03-03,6,0
770,control,2026-03-08,8,1
771,treatment,2026-03-05,3,0
772,control,2026-03-13,7,1
773,treatment,2026-03-09,9,1
774,control,2026-03-08,11,1
775,treatment,2026-03-08,9,1
776,treatment,2026-03-14,9,1
777,treatment,2026-03-05,11,1
778,treatment,2026-03-14,13,1
779,control,2026-03-15,8,0
780,control,2026-03-04,13,0
781,treatment,2026-03-07,12,0
782,treatment,2026-03-09,6,1
783,control,2026-03-14,6,0
784,control,2026-03-06,17,1
785,treatment,2026-03-15,5,0
786,control,2026-03-12,8,0
787,control,2026-03-03,11,0
788,treatment,2026-03-02,10,1
789,control,2026-03-14,7,1
790,treatment,2026-03-15,8,0
791,treatment,2026-03-11,7,0
792,control,2026-03-13,10,0
793,control,2026-03-08,10,0
794,control,2026-03-12,8,0
795,treatment,2026-03-11,8,1
796,control,2026-03-10,12,1
797,treatment,2026-03-10,6,1
798,control,2026-03-04,2,1
799,control,2026-03-05,13,1
800,treatment,2026-03-04,11,1
801,treatment,2026-03-10,6,1
802,control,2026-03-14,10,0
803,treatment,2026-03-12,7,0
804,control,2026-03-07,9,0
805,treatment,2026-03-12,8,0
806,treatment,2026-03-12,14,1
807,control,2026-03-03,10,1
808,treatment,2026-03-04,9,0
809,control,2026-03-13,7,1
810,treatment,2026-03-12,6,0
811,treatment,2026-03-09,10,0
812,control,2026-03-10,11,0
813,control,2026-03-14,11,0
814,treatment,2026-03-12,8,0
815,control,2026-03-03,11,0
816,treatment,2026-03-10,10,0
817,control,2026-03-09,8,1
818,control,2026-03-02,6,1
819,control,2026-03-06,2,1
820,control,2026-03-06,10,1
821,treatment,2026-03-08,9,1
822,control,2026-03-04,5,0
823,treatment,2026-03-09,13,1
824,treatment,2026-03-05,8,1
825,control,2026-03-11,11,0
826,control,2026-03-03,8,1
827,control,2026-03-02,8,1
828,control,2026-03-08,13,1
829,control,2026-03-10,10,1
830,treatment,2026-03-03,6,0
831,control,2026-03-07,8,0
832,control,2026-03-02,5,0
833,treatment,2026-03-06,12,1
834,control,2026-03-14,13,0
835,control,2026-03-08,11,0
836,treatment,2026-03-10,9,1
837,control,2026-03-09,4,1
838,control,2026-03-03,10,0
839,treatment,2026-03-13,8,0
840,control,2026-03-04,11,1
841,treatment,2026-03-06,8,1
842,treatment,2026-03-10,8,0
843,treatment,2026-03-03,8,1
844,control,2026-03-03,12,0
845,treatment,2026-03-14,10,0
846,treatment,2026-03-08,10,1
847,control,2026-03-09,8,0
848,control,2026-03-14,12,1
849,treatment,2026-03-14,11,0
850,control,2026-03-13,10,0
851,control,2026-03-02,9,0
852,treatment,2026-03-05,6,0
853,treatment,2026-03-11,9,1
854,control,2026-03-07,5,0
855,control,2026-03-04,8,0
856,control,2026-03-10,7,0
857,control,2026-03-02,3,1
858,control,2026-03-05,9,1
859,control,2026-03-07,9,0
860,control,2026-03-02,7,1
861,treatment,2026-03-09,5,1
862,control,2026-03-08,10,0
863,treatment,2026-03-15,4,0
864,treatment,2026-03-03,8,1
865,control,2026-03-03,7,0
866,treatment,2026-03-11,8,0
867,treatment,2026-03-04,17,0
868,control,2026-03-12,8,1
869,control,2026-03-13,5,0
870,control,2026-03-13,10,0
871,control,2026-03-08,11,1
872,treatment,2026-03-07,19,1
873,control,2026-03-11,11,1
874,control,2026-03-05,7,0
875,control,2026-03-08,6,0
876,control,2026-03-06,6,0
877,treatment,2026-03-15,7,0
878,treatment,2026-03-10,3,1
879,control,2026-03-12,4,0
880,treatment,2026-03-11,4,1
881,treatment,2026-03-09,10,0
882,control,2026-03-12,7,0
883,treatment,2026-03-12,6,0
884,control,2026-03-14,3,1
885,treatment,2026-03-13,6,1
886,control,2026-03-07,12,0
887,treatment,2026-03-02,8,0
888,treatment,2026-03-06,15,0
889,treatment,2026-03-15,9,1
890,control,2026-03-14,6,0
891,control,2026-03-02,7,0
892,treatment,2026-03-04,8,0
893,treatment,2026-03-04,11,1
894,control,2026-03-02,16,0
895,treatment,2026-03-05,8,0
896,treatment,2026-03-04,8,0
897,control,2026-03-05,4,0
898,control,2026-03-03,15,0
899,treatment,2026-03-14,4,0
900,control,2026-03-14,9,0
901,control,2026-03-13,9,0
902,treatment,2026-03-14,3,1
903,control,2026-03-06,9,0
904,treatment,2026-03-04,11,0
905,treatment,2026-03-02,12,0
906,treatment,2026-03-05,12,1
907,treatment,2026-03-07,13,1
908,control,2026-03-10,10,0
909,treatment,2026-03-07,12,1
910,treatment,2026-03-11,9,1
911,control,2026-03-03,9,0
912,control,2026-03-03,10,1
913,control,2026-03-14,9,0
914,control,2026-03-02,4,1
915,treatment,2026-03-06,6,0
916,control,2026-03-14,8,1
917,control,2026-03-07,10,0
918,treatment,2026-03-11,9,1
919,control,2026-03-14,11,0
920,treatment,2026-03-03,6,1
921,treatment,2026-03-10,7,0
922,control,2026-03-05,7,1
923,control,2026-03-04,11,1
924,control,2026-03-15,12,1
925,control,2026-03-14,8,0
926,control,2026-03-04,10,0
927,control,2026-03-11,8,0
928,treatment,2026-03-13,15,0
929,control,2026-03-08,7,0
930,control,2026-03-03,6,1
931,treatment,2026-03-08,6,1
932,control,2026-03-03,12,0
933,control,2026-03-15,9,0
934,treatment,2026-03-06,5,1
935,control,2026-03-12,9,1
936,control,2026-03-07,9,1
937,treatment,2026-03-11,4,0
938,treatment,2026-03-13,12,1
939,control,2026-03-04,12,0
940,treatment,2026-03-04,9,0
941,treatment,2026-03-02,4,1
942,control,2026-03-03,7,0
943,control,2026-03-05,7,0
944,treatment,2026-03-12,10,0
945,control,2026-03-09,13,0
946,treatment,2026-03-09,8,0
947,treatment,2026-03-09,9,1
948,treatment,2026-03-06,10,0
949,control,2026-03-03,6,0
950,treatment,2026-03-10,6,1
951,control,2026-03-03,8,0
952,control,2026-03-12,7,1
953,treatment,2026-03-08,10,0
954,control,2026-03-13,6,0
955,control,2026-03-03,12,0
956,control,2026-03-09,10,0
957,control,2026-03-05,7,0
958,treatment,2026-03-03,15,0
959,control,2026-03-05,7,0
960,control,2026-03-03,10,0
961,control,2026-03-15,5,0
962,treatment,2026-03-05,12,1
963,treatment,2026-03-07,7,0
964,treatment,2026-03-07,5,1
965,treatment,2026-03-06,10,1
966,control,2026-03-05,7,0
967,control,2026-03-03,13,0
968,treatment,2026-03-02,9,0
969,treatment,2026-03-04,9,1
970,control,2026-03-07,11,0
971,control,2026-03-08,15,1
972,control,2026-03-03,9,0
973,control,2026-03-13,3,0
974,control,2026-03-14,9,1
975,control,2026-03-12,9,1
976,treatment,2026-03-11,5,0
977,treatment,2026-03-09,12,1
978,treatment,2026-03-10,12,0
979,treatment,2026-03-14,11,0
980,control,2026-03-10,8,1
981,control,2026-03-15,5,1
982,treatment,2026-03-12,10,0
983,treatment,2026-03-10,10,1
984,treatment,2026-03-15,11,1
985,treatment,2026-03-15,9,0
986,treatment,2026-03-08,4,0
987,treatment,2026-03-03,6,0
988,treatment,2026-03-03,18,1
989,control,2026-03-09,5,0
990,treatment,2026-03-15,8,0
991,control,2026-03-11,8,1
992,treatment,2026-03-06,10,0
993,treatment,2026-03-14,4,1
994,treatment,2026-03-08,14,0
995,control,2026-03-06,4,1
996,treatment,2026-03-10,11,1
997,treatment,2026-03-03,9,1
998,control,2026-03-14,8,1
999,treatment,2026-03-03,6,1
1000,treatment,2026-03-06,10,0
1001,control,2026-03-15,11,1
1002,treatment,2026-03-07,11,0
1003,control,2026-03-05,5,0
1004,treatment,2026-03-12,7,1
1005,control,2026-03-04,4,1
1006,treatment,2026-03-03,16,0
1007,control,2026-03-05,12,1
1008,control,2026-03-12,6,0
1009,control,2026-03-03,10,1
1010,control,2026-03-09,6,1
1011,control,2026-03-02,4,0
1012,control,2026-03-12,9,0
1013,treatment,2026-03-15,15,0
1014,control,2026-03-04,12,0
1015,treatment,2026-03-04,7,0
1016,control,2026-03-12,10,1
1017,treatment,2026-03-11,10,1
1018,control,2026-03-12,7,1
1019,control,2026-03-06,7,0
1020,control,2026-03-11,8,0
1021,control,2026-03-11,8,1
1022,treatment,2026-03-02,8,0
1023,control,2026-03-15,7,1
1024,control,2026-03-06,10,1
1025,treatment,2026-03-11,15,0
1026,control,2026-03-03,10,1
1027,treatment,2026-03-13,10,0
1028,control,2026-03-03,6,0
1029,treatment,2026-03-14,10,0
1030,treatment,2026-03-13,8,0
1031,control,2026-03-14,13,1
1032,treatment,2026-03-15,9,0
1033,treatment,2026-03-05,6,0
1034,treatment,2026-03-02,5,1
1035,treatment,2026-03-08,11,1
1036,treatment,2026-03-11,10,0
1037,treatment,2026-03-12,10,1
1038,treatment,2026-03-15,8,1
1039,control,2026-03-14,8,1
1040,control,2026-03-11,9,0
1041,treatment,2026-03-05,12,0
1042,treatment,2026-03-15,9,0
1043,treatment,2026-03-09,7,1
1044,treatment,2026-03-11,10,1
1045,treatment,2026-03-13,9,0
1046,treatment,2026-03-15,12,0
1047,control,2026-03-10,8,1
1048,treatment,2026-03-14,13,1
1049,treatment,2026-03-07,11,0
1050,treatment,2026-03-12,6,1
1051,control,2026-03-13,9,1
1052,control,2026-03-03,6,1
1053,treatment,2026-03-07,10,0
1054,treatment,2026-03-05,12,1
1055,treatment,2026-03-15,7,1
1056,treatment,2026-03-05,9,1
1057,control,2026-03-07,5,0
1058,treatment,2026-03-10,10,1
1059,control,2026-03-05,4,1
1060,treatment,2026-03-12,12,0
1061,treatment,2026-03-15,11,1
1062,treatment,2026-03-11,8,0
1063,control,2026-03-14,11,1
1064,control,2026-03-15,7,0
1065,control,2026-03-07,7,0
1066,control,2026-03-05,7,0
1067,treatment,2026-03-15,9,0
1068,control,2026-03-13,10,0
1069,treatment,2026-03-02,12,0
1070,control,2026-03-03,4,0
1071,control,2026-03-08,9,0
1072,control,2026-03-12,7,0
1073,treatment,2026-03-06,6,0
1074,control,2026-03-04,10,1
1075,control,2026-03-09,13,0
1076,treatment,2026-03-09,7,0
1077,treatment,2026-03-03,7,0
1078,treatment,2026-03-09,18,1
1079,treatment,2026-03-05,11,1
1080,control,2026-03-10,8,1
1081,treatment,2026-03-15,9,1
1082,treatment,2026-03-06,18,1
1083,control,2026-03-08,8,1
1084,treatment,2026-03-03,5,0
1085,control,2026-03-05,10,1
1086,control,2026-03-14,6,1
1087,treatment,2026-03-06,13,1
1088,control,2026-03-09,8,1
1089,control,2026-03-06,6,0
1090,treatment,2026-03-09,5,0
1091,control,2026-03-08,12,1
1092,treatment,2026-03-02,6,1
1093,control,2026-03-12,9,0
1094,treatment,2026-03-08,5,1
1095,treatment,2026-03-06,7,1
1096,control,2026-03-15,9,1
1097,control,2026-03-10,10,0
1098,treatment,2026-03-15,9,0
1099,control,2026-03-02,6,1
1100,control,2026-03-13,6,0
1101,control,2026-03-07,7,0
1102,treatment,2026-03-15,7,1
1103,treatment,2026-03-12,11,1
1104,treatment,2026-03-05,6,1
1105,control,2026-03-15,6,0
1106,treatment,2026-03-06,7,0
1107,treatment,2026-03-12,11,1
1108,control,2026-03-07,6,0
1109,control,2026-03-02,6,0
1110,treatment,2026-03-13,9,1
1111,treatment,2026-03-14,11,1
1112,treatment,2026-03-10,14,1
1113,treatment,2026-03-14,10,0
1114,control,2026-03-02,11,0
1115,control,2026-03-08,10,0
1116,treatment,2026-03-03,6,0
1117,control,2026-03-02,5,0
1118,control,2026-03-13,3,0
1119,control,2026-03-04,4,0
1120,control,2026-03-07,8,0
1121,control,2026-03-14,5,1
1122,treatment,2026-03-15,12,0
1123,treatment,2026-03-08,8,0
1124,control,2026-03-09,13,1
1125,control,2026-03-03,3,1
1126,control,2026-03-04,12,0
1127,treatment,2026-03-09,8,0
1128,treatment,2026-03-04,13,0
1129,control,2026-03-10,14,1
1130,treatment,2026-03-08,8,1
1131,treatment,2026-03-07,4,0
1132,treatment,2026-03-05,6,0
1133,treatment,2026-03-10,12,0
1134,control,2026-03-12,7,1
1135,treatment,2026-03-14,6,0
1136,control,2026-03-11,9,1
1137,control,2026-03-14,6,0
1138,treatment,2026-03-07,8,0
1139,control,2026-03-04,7,0
1140,control,2026-03-08,18,1
1141,control,2026-03-15,10,1
1142,treatment,2026-03-02,9,0
1143,control,2026-03-13,14,1
1144,treatment,2026-03-08,3,0
1145,treatment,2026-03-05,9,1
1146,control,2026-03-07,13,1
1147,treatment,2026-03-04,10,0
1148,treatment,2026-03-07,5,0
1149,treatment,2026-03-12,4,0
1150,control,2026-03-13,11,1
1151,control,2026-03-06,4,0
1152,control,2026-03-08,11,1
1153,treatment,2026-03-07,10,0
1154,treatment,2026-03-10,12,1
1155,control,2026-03-14,11,1
1156,treatment,2026-03-02,11,1
1157,control,2026-03-11,9,0
1158,control,2026-03-09,4,0
1159,control,2026-03-15,8,0
1160,control,2026-03-03,5,0
1161,control,2026-03-07,10,0
1162,treatment,2026-03-10,10,0
1163,control,2026-03-02,9,0
1164,control,2026-03-12,8,1
1165,treatment,2026-03-07,6,0
1166,treatment,2026-03-12,13,1
1167,treatment,2026-03-09,11,1
1168,treatment,2026-03-15,12,0
1169,treatment,2026-03-11,6,0
1170,control,2026-03-08,7,1
1171,control,2026-03-02,5,0
1172,control,2026-03-06,10,1
1173,control,2026-03-05,2,0
1174,control,2026-03-03,10,1
1175,control,2026-03-12,6,0
1176,control,2026-03-11,1,1
1177,control,2026-03-05,9,1
1178,control,2026-03-03,8,0
1179,treatment,2026-03-06,12,0
1180,control,2026-03-03,8,0
1181,treatment,2026-03-06,11,0
1182,treatment,2026-03-06,9,0
1183,treatment,2026-03-11,11,0
1184,control,2026-03-04,8,1
1185,treatment,2026-03-14,9,0
1186,treatment,2026-03-15,14,0
1187,treatment,2026-03-05,11,0
1188,treatment,2026-03-03,10,1
1189,control,2026-03-09,6,0
1190,treatment,2026-03-03,9,1
1191,treatment,2026-03-12,4,1
1192,control,2026-03-09,11,0
1193,treatment,2026-03-07,6,1
1194,treatment,2026-03-12,8,0
1195,control,2026-03-02,7,0
1196,treatment,2026-03-08,3,0
1197,control,2026-03-05,7,0
1198,control,2026-03-15,10,1
1199,treatment,2026-03-15,11,0
1200,treatment,2026-03-05,7,1
1201,treatment,2026-03-15,10,0
1202,treatment,2026-03-09,11,0
1203,treatment,2026-03-02,8,1
1204,treatment,2026-03-15,7,1
1205,control,2026-03-07,7,1
1206,treatment,2026-03-12,11,0
1207,treatment,2026-03-02,4,1
1208,control,2026-03-04,6,0
1209,treatment,2026-03-05,8,1
1210,control,2026-03-14,8,0
1211,treatment,2026-03-02,10,0
1212,control,2026-03-12,12,0
1213,control,2026-03-07,8,0
1214,control,2026-03-11,7,0
1215,control,2026-03-09,5,0
1216,control,2026-03-04,6,0
1217,treatment,2026-03-07,10,0
1218,control,2026-03-15,17,1
1219,treatment,2026-03-09,5,0
1220,treatment,2026-03-02,10,0
1221,treatment,2026-03-07,7,0
1222,treatment,2026-03-05,7,0
1223,treatment,2026-03-15,11,1
1224,treatment,2026-03-11,10,0
1225,treatment,2026-03-13,13,0
1226,treatment,2026-03-15,7,0
1227,control,2026-03-13,8,0
1228,control,2026-03-09,9,0
1229,treatment,2026-03-08,11,1
1230,treatment,2026-03-12,12,1
1231,control,2026-03-14,12,0
1232,treatment,2026-03-08,12,0
1233,treatment,2026-03-02,3,0
1234,control,2026-03-13,10,0
1235,control,2026-03-03,9,0
1236,control,2026-03-03,7,1
1237,treatment,2026-03-05,8,0
1238,treatment,2026-03-04,7,1
1239,control,2026-03-04,13,1
1240,treatment,2026-03-11,10,1
1241,control,2026-03-03,10,1
1242,control,2026-03-02,7,1
1243,treatment,2026-03-05,14,0
1244,control,2026-03-04,11,1
1245,treatment,2026-03-05,11,1
1246,control,2026-03-07,8,0
1247,treatment,2026-03-10,10,1
1248,control,2026-03-12,6,1
1249,control,2026-03-02,6,1
1250,control,2026-03-10,7,1
1251,control,2026-03-10,11,0
1252,control,2026-03-10,9,1
1253,control,2026-03-09,9,0
1254,treatment,2026-03-10,9,0
1255,treatment,2026-03-15,6,1
1256,control,2026-03-12,8,0
1257,control,2026-03-14,8,0
1258,treatment,2026-03-06,10,1
1259,control,2026-03-15,9,0
1260,treatment,2026-03-03,9,0
1261,treatment,2026-03-05,2,0
1262,treatment,2026-03-03,16,0
1263,treatment,2026-03-13,8,1
1264,control,2026-03-05,9,1
1265,control,2026-03-14,6,1
1266,control,2026-03-14,7,1
1267,treatment,2026-03-04,9,1
1268,control,2026-03-15,8,0
1269,control,2026-03-08,10,0
1270,treatment,2026-03-15,12,1
1271,treatment,2026-03-11,5,0
1272,treatment,2026-03-12,9,1
1273,control,2026-03-11,12,0
1274,treatment,2026-03-02,9,0
1275,treatment,2026-03-04,5,1
1276,control,2026-03-10,4,0
1277,control,2026-03-04,13,1
1278,control,2026-03-11,6,0
1279,treatment,2026-03-12,9,0
1280,control,2026-03-11,3,1
1281,treatment,2026-03-08,13,1
1282,treatment,2026-03-06,10,1
1283,control,2026-03-06,7,0
1284,control,2026-03-05,10,0
1285,control,2026-03-14,6,0
1286,treatment,2026-03-06,4,0
1287,treatment,2026-03-05,11,0
1288,control,2026-03-13,6,1
1289,control,2026-03-06,7,0
1290,control,2026-03-12,11,1
1291,control,2026-03-02,7,1
1292,treatment,2026-03-08,10,1
1293,treatment,2026-03-04,9,0
1294,treatment,2026-03-14,13,1
1295,treatment,2026-03-15,8,0
1296,treatment,2026-03-05,5,0
1297,treatment,2026-03-15,5,0
1298,control,2026-03-02,7,0
1299,control,2026-03-06,9,1
1300,treatment,2026-03-13,6,1
1301,treatment,2026-03-07,7,0
1302,treatment,2026-03-04,8,0
1303,control,2026-03-10,4,0
1304,treatment,2026-03-09,12,1
1305,treatment,2026-03-15,10,0
1306,treatment,2026-03-06,14,1
1307,treatment,2026-03-13,7,1
1308,treatment,2026-03-02,14,0
1309,treatment,2026-03-12,7,0
1310,control,2026-03-02,12,1
1311,control,2026-03-07,9,1
1312,treatment,2026-03-05,9,0
1313,treatment,2026-03-04,10,1
1314,control,2026-03-02,11,1
1315,treatment,2026-03-10,18,0
1316,treatment,2026-03-04,3,1
1317,control,2026-03-13,6,0
1318,treatment,2026-03-14,6,0
1319,control,2026-03-15,13,0
1320,treatment,2026-03-02,7,0
1321,control,2026-03-15,14,1
1322,treatment,2026-03-14,10,0
1323,control,2026-03-04,3,1
1324,treatment,2026-03-10,7,1
1325,treatment,2026-03-05,10,0
1326,control,2026-03-12,6,0
1327,control,2026-03-05,13,1
1328,control,2026-03-08,6,1
1329,control,2026-03-10,9,0
1330,control,2026-03-13,9,0
1331,treatment,2026-03-03,7,1
1332,control,2026-03-08,6,1
1333,treatment,2026-03-14,10,1
1334,control,2026-03-13,15,0
1335,treatment,2026-03-07,9,0
1336,treatment,2026-03-11,4,0
1337,treatment,2026-03-06,7,0
1338,control,2026-03-04,10,0
1339,control,2026-03-11,6,0
1340,treatment,2026-03-14,10,0
1341,control,2026-03-08,3,1
1342,treatment,2026-03-02,9,0
1343,treatment,2026-03-15,9,1
1344,treatment,2026-03-15,11,1
1345,control,2026-03-04,6,0
1346,control,2026-03-05,5,0
1347,control,2026-03-02,6,0
1348,treatment,2026-03-08,8,1
1349,treatment,2026-03-12,7,1
1350,treatment,2026-03-03,9,0
1351,control,2026-03-10,9,0
1352,treatment,2026-03-05,10,1
1353,control,2026-03-07,8,0
1354,treatment,2026-03-14,11,1
1355,treatment,2026-03-15,4,1
1356,treatment,2026-03-14,11,0
1357,treatment,2026-03-06,10,1
1358,control,2026-03-06,6,0
1359,control,2026-03-15,9,0
1360,treatment,2026-03-15,11,0
1361,control,2026-03-10,8,0
1362,treatment,2026-03-05,9,1
1363,control,2026-03-11,6,0
1364,control,2026-03-09,13,0
1365,treatment,2026-03-04,6,0
1366,treatment,2026-03-05,5,1
1367,treatment,2026-03-15,5,0
1368,control,2026-03-10,4,1
1369,control,2026-03-03,10,1
1370,control,2026-03-11,5,1
1371,treatment,2026-03-10,6,1
1372,treatment,2026-03-10,10,0
1373,treatment,2026-03-06,15,0
1374,treatment,2026-03-05,7,0
1375,control,2026-03-02,6,0
1376,treatment,2026-03-13,9,0
1377,treatment,2026-03-08,7,1
1378,treatment,2026-03-06,9,1
1379,treatment,2026-03-12,14,1
1380,control,2026-03-12,6,1
1381,treatment,2026-03-05,13,0
1382,control,2026-03-07,8,0
1383,treatment,2026-03-03,7,1
1384,control,2026-03-05,9,0
1385,control,2026-03-15,11,1
1386,treatment,2026-03-08,6,0
1387,control,2026-03-04,9,1
1388,treatment,2026-03-05,13,0
1389,treatment,2026-03-09,8,0
1390,treatment,2026-03-15,11,0
1391,control,2026-03-03,10,1
1392,treatment,2026-03-14,7,0
1393,treatment,2026-03-05,6,0
1394,control,2026-03-05,14,0
1395,control,2026-03-05,6,0
1396,treatment,2026-03-09,7,0
1397,control,2026-03-03,7,1
1398,control,2026-03-06,11,0
1399,treatment,2026-03-08,19,0
1400,treatment,2026-03-09,8,0
1401,treatment,2026-03-06,7,1
1402,control,2026-03-06,6,0
1403,treatment,2026-03-04,9,0
1404,treatment,2026-03-08,5,0
1405,control,2026-03-14,8,0
1406,treatment,2026-03-11,6,0
1407,treatment,2026-03-11,7,1
1408,control,2026-03-05,7,1
1409,treatment,2026-03-04,11,0
1410,control,2026-03-14,11,0
1411,control,2026-03-13,6,1
1412,control,2026-03-05,10,0
1413,treatment,2026-03-06,10,0
1414,control,2026-03-05,10,0
1415,treatment,2026-03-04,8,1
1416,treatment,2026-03-14,15,0
1417,control,2026-03-05,7,0
1418,control,2026-03-15,10,0
1419,treatment,2026-03-04,8,0
1420,treatment,2026-03-15,9,0
1421,treatment,2026-03-09,6,0
1422,treatment,2026-03-13,6,0
1423,treatment,2026-03-03,13,0
1424,control,2026-03-06,7,1
1425,control,2026-03-13,4,0
1426,control,2026-03-04,8,0
1427,control,2026-03-12,8,0
1428,treatment,2026-03-14,7,1
1429,control,2026-03-03,5,1
1430,treatment,2026-03-15,9,1
1431,treatment,2026-03-02,12,0
1432,control,2026-03-09,12,0
1433,treatment,2026-03-06,10,0
1434,treatment,2026-03-14,7,1
1435,control,2026-03-05,4,0
1436,control,2026-03-08,7,1
1437,control,2026-03-11,5,0
1438,treatment,2026-03-10,7,0
1439,treatment,2026-03-07,15,0
1440,treatment,2026-03-15,10,0
1441,treatment,2026-03-10,9,1
1442,treatment,2026-03-04,6,1
1443,treatment,2026-03-04,8,0
1444,treatment,2026-03-06,12,0
1445,control,2026-03-08,8,0
1446,control,2026-03-08,9,0
1447,treatment,2026-03-15,7,0
1448,treatment,2026-03-13,12,0
1449,control,2026-03-11,8,0
1450,treatment,2026-03-08,9,1
1451,treatment,2026-03-06,10,0
1452,treatment,2026-03-10,9,1
1453,control,2026-03-05,8,1
1454,control,2026-03-12,8,0
1455,treatment,2026-03-06,16,1
1456,control,2026-03-08,10,0
1457,treatment,2026-03-05,7,1
1458,control,2026-03-10,9,1
1459,treatment,2026-03-03,12,1
1460,control,2026-03-13,7,0
1461,treatment,2026-03-02,8,0
1462,control,2026-03-14,8,0
1463,treatment,2026-03-03,10,1
1464,treatment,2026-03-13,9,0
1465,control,2026-03-03,6,1
1466,treatment,2026-03-03,7,0
1467,treatment,2026-03-14,15,0
1468,treatment,2026-03-15,15,0
1469,control,2026-03-05,11,0
1470,control,2026-03-07,8,0
1471,treatment,2026-03-07,8,0
1472,control,2026-03-12,5,0
1473,control,2026-03-05,10,0
1474,control,2026-03-04,9,1
1475,control,2026-03-03,7,1
1476,control,2026-03-12,12,0
1477,control,2026-03-06,6,0
1478,control,2026-03-03,8,0
1479,treatment,2026-03-11,8,0
1480,treatment,2026-03-12,5,0
1481,control,2026-03-11,3,1
1482,control,2026-03-06,5,0
1483,treatment,2026-03-14,8,0
1484,control,2026-03-05,8,0
1485,control,2026-03-07,8,1
1486,treatment,2026-03-15,11,1
1487,control,2026-03-15,11,0
1488,treatment,2026-03-04,13,1
1489,treatment,2026-03-04,10,0
1490,control,2026-03-05,10,1
1491,control,2026-03-06,10,1
1492,control,2026-03-04,11,0
1493,treatment,2026-03-05,7,0
1494,treatment,2026-03-11,11,1
1495,treatment,2026-03-10,6,1
1496,treatment,2026-03-11,12,0
1497,control,2026-03-14,9,0
1498,treatment,2026-03-09,9,0
1499,control,2026-03-07,8,1
1500,treatment,2026-03-02,11,0
1501,control,2026-03-08,11,0
1502,control,2026-03-14,10,0
1503,control,2026-03-08,6,0
1504,control,2026-03-13,10,0
1505,treatment,2026-03-13,12,0
1506,control,2026-03-11,12,0
1507,treatment,2026-03-06,14,0
1508,control,2026-03-15,10,0
1509,control,2026-03-03,6,1
1510,control,2026-03-08,3,0
1511,control,2026-03-06,8,0
1512,treatment,2026-03-02,12,0
1513,treatment,2026-03-07,7,0
1514,control,2026-03-09,6,1
1515,control,2026-03-02,6,0
1516,treatment,2026-03-10,8,0
1517,control,2026-03-14,11,0
1518,control,2026-03-06,7,0
1519,control,2026-03-13,9,0
1520,control,2026-03-15,4,1
1521,control,2026-03-03,5,1
1522,control,2026-03-10,5,0
1523,control,2026-03-02,6,1
1524,control,2026-03-12,4,0
1525,treatment,2026-03-06,10,0
1526,control,2026-03-07,6,0
1527,control,2026-03-06,6,0
1528,treatment,2026-03-10,8,0
1529,control,2026-03-06,8,1
1530,treatment,2026-03-14,9,0
1531,control,2026-03-08,8,0
1532,control,2026-03-15,8,0
1533,control,2026-03-03,10,1
1534,treatment,2026-03-06,13,1
1535,treatment,2026-03-05,4,1
1536,control,2026-03-06,8,1
1537,control,2026-03-13,5,1
1538,treatment,2026-03-13,10,1
1539,treatment,2026-03-12,6,1
1540,treatment,2026-03-02,14,0
1541,treatment,2026-03-08,5,0
1542,control,2026-03-07,9,0
1543,treatment,2026-03-04,7,1
1544,treatment,2026-03-03,6,1
1545,treatment,2026-03-07,11,0
1546,treatment,2026-03-13,4,1
1547,control,2026-03-03,6,1
1548,treatment,2026-03-11,12,1
1549,control,2026-03-15,9,1
1550,treatment,2026-03-14,5,1
1551,control,2026-03-05,7,1
1552,control,2026-03-09,8,0
1553,treatment,2026-03-08,10,0
1554,control,2026-03-10,8,1
1555,treatment,2026-03-14,11,0
1556,treatment,2026-03-06,13,0
1557,treatment,2026-03-03,11,0
1558,treatment,2026-03-07,11,0
1559,treatment,2026-03-12,9,1
1560,treatment,2026-03-15,10,0
1561,treatment,2026-03-15,11,1
1562,control,2026-03-03,5,1
1563,treatment,2026-03-06,9,0
1564,control,2026-03-12,8,0
1565,control,2026-03-05,13,0
1566,treatment,2026-03-06,10,1
1567,treatment,2026-03-05,9,0
1568,treatment,2026-03-02,14,1
1569,treatment,2026-03-08,5,0
1570,control,2026-03-02,5,0
1571,treatment,2026-03-14,9,0
1572,control,2026-03-07,8,0
1573,control,2026-03-07,3,1
1574,treatment,2026-03-15,5,0
1575,treatment,2026-03-04,7,1
1576,treatment,2026-03-08,13,0
1577,control,2026-03-07,6,1
1578,treatment,2026-03-13,5,0
1579,control,2026-03-08,9,0
1580,control,2026-03-14,8,0
1581,treatment,2026-03-02,11,0
1582,treatment,2026-03-07,8,1
1583,treatment,2026-03-11,15,1
1584,control,2026-03-12,9,0
1585,control,2026-03-12,6,1
1586,treatment,2026-03-06,11,0
1587,control,2026-03-15,7,0
1588,treatment,2026-03-14,12,0
1589,treatment,2026-03-09,6,0
1590,control,2026-03-05,6,1
1591,treatment,2026-03-08,3,0
1592,treatment,2026-03-07,10,1
1593,control,2026-03-06,9,0
1594,control,2026-03-14,6,1
1595,treatment,2026-03-06,12,0
1596,treatment,2026-03-11,17,1
1597,treatment,2026-03-09,9,0
1598,control,2026-03-06,4,0
1599,control,2026-03-03,8,0
1600,control,2026-03-07,9,1
1601,treatment,2026-03-05,13,0
1602,treatment,2026-03-04,10,0
1603,control,2026-03-15,6,1
1604,treatment,2026-03-05,7,0
1605,treatment,2026-03-05,8,1
1606,treatment,2026-03-10,11,1
1607,control,2026-03-04,6,0
1608,treatment,2026-03-07,5,0
1609,treatment,2026-03-09,7,1
1610,control,2026-03-13,8,0
1611,treatment,2026-03-13,12,0
1612,control,2026-03-02,7,1
1613,control,2026-03-07,10,1
1614,control,2026-03-07,5,1
1615,treatment,2026-03-04,8,0
1616,control,2026-03-15,9,0
1617,control,2026-03-15,5,1
1618,control,2026-03-07,10,0
1619,control,2026-03-03,12,0
1620,treatment,2026-03-06,11,1
1621,treatment,2026-03-15,6,0
1622,treatment,2026-03-09,11,0
1623,treatment,2026-03-05,10,1
1624,control,2026-03-15,9,1
1625,treatment,2026-03-10,3,0
1626,control,2026-03-09,8,1
1627,control,2026-03-08,12,0
1628,treatment,2026-03-03,13,1
1629,control,2026-03-06,8,1
1630,control,2026-03-07,9,1
1631,control,2026-03-04,11,0
1632,control,2026-03-10,6,0
1633,control,2026-03-11,3,0
1634,treatment,2026-03-03,10,1
1635,treatment,2026-03-06,12,0
1636,treatment,2026-03-10,7,0
1637,treatment,2026-03-04,9,0
1638,control,2026-03-13,10,1
1639,treatment,2026-03-09,8,0
1640,control,2026-03-02,12,1
1641,control,2026-03-07,8,1
1642,treatment,2026-03-05,4,1
1643,control,2026-03-08,6,0
1644,treatment,2026-03-05,7,1
1645,control,2026-03-04,11,0
1646,control,2026-03-13,4,0
1647,treatment,2026-03-09,6,0
1648,control,2026-03-09,5,0
1649,treatment,2026-03-08,14,0
1650,treatment,2026-03-15,14,0
1651,treatment,2026-03-10,9,0
1652,control,2026-03-04,5,1
1653,treatment,2026-03-11,4,1
1654,treatment,2026-03-10,11,0
1655,treatment,2026-03-14,7,1
1656,control,2026-03-04,6,1
1657,control,2026-03-15,7,0
1658,control,2026-03-04,13,0
1659,control,2026-03-10,5,0
1660,treatment,2026-03-02,5,0
1661,treatment,2026-03-08,8,1
1662,treatment,2026-03-07,6,0
1663,treatment,2026-03-06,12,1
1664,treatment,2026-03-04,15,0
1665,control,2026-03-09,9,1
1666,control,2026-03-12,10,0
1667,treatment,2026-03-13,6,0
1668,control,2026-03-08,8,0
1669,control,2026-03-12,3,0
1670,treatment,2026-03-03,15,0
1671,control,2026-03-14,6,1
1672,control,2026-03-14,4,1
1673,treatment,2026-03-13,11,0
1674,control,2026-03-04,7,0
1675,treatment,2026-03-02,2,0
1676,treatment,2026-03-02,14,0
1677,treatment,2026-03-13,8,0
1678,control,2026-03-10,10,0
1679,control,2026-03-05,11,1
1680,control,2026-03-06,4,0
1681,control,2026-03-09,6,1
1682,control,2026-03-15,8,0
1683,control,2026-03-07,6,1
1684,treatment,2026-03-04,8,1
1685,control,2026-03-15,8,0
1686,control,2026-03-07,5,1
1687,treatment,2026-03-03,14,1
1688,control,2026-03-06,7,0
1689,treatment,2026-03-08,5,1
1690,treatment,2026-03-11,12,1
1691,control,2026-03-14,5,0
1692,treatment,2026-03-07,15,0
1693,treatment,2026-03-09,10,0
1694,treatment,2026-03-11,4,0
1695,control,2026-03-08,6,1
1696,control,2026-03-15,5,0
1697,control,2026-03-08,10,0
1698,control,2026-03-15,7,0
1699,treatment,2026-03-15,11,1
1700,treatment,2026-03-13,6,1
1701,treatment,2026-03-08,6,0
1702,control,2026-03-04,8,0
1703,control,2026-03-06,9,0
1704,control,2026-03-12,7,0
1705,control,2026-03-13,9,0
1706,control,2026-03-11,10,1
1707,control,2026-03-07,11,0
1708,treatment,2026-03-08,7,0
1709,control,2026-03-06,8,1
1710,control,2026-03-04,6,0
1711,treatment,2026-03-12,8,1
1712,treatment,2026-03-13,11,0
1713,treatment,2026-03-04,9,0
1714,control,2026-03-03,4,0
1715,control,2026-03-09,13,0
1716,control,2026-03-02,7,0
1717,treatment,2026-03-06,8,1
1718,control,2026-03-15,6,1
1719,control,2026-03-10,9,0
1720,treatment,2026-03-15,9,0
1721,treatment,2026-03-08,13,1
1722,treatment,2026-03-04,9,0
1723,treatment,2026-03-08,8,1
1724,treatment,2026-03-14,13,1
1725,treatment,2026-03-14,11,0
1726,treatment,2026-03-15,15,0
1727,control,2026-03-15,10,0
1728,treatment,2026-03-12,10,1
1729,control,2026-03-12,7,0
1730,treatment,2026-03-08,6,0
1731,treatment,2026-03-08,13,1
1732,treatment,2026-03-12,13,1
1733,treatment,2026-03-05,5,1
1734,treatment,2026-03-14,11,1
1735,control,2026-03-10,10,1
1736,treatment,2026-03-12,9,0
1737,treatment,2026-03-02,11,1
1738,control,2026-03-04,5,0
1739,control,2026-03-02,7,0
1740,control,2026-03-02,5,0
1741,control,2026-03-12,4,1
1742,treatment,2026-03-07,11,1
1743,treatment,2026-03-06,7,0
1744,control,2026-03-03,8,0
1745,treatment,2026-03-09,6,1
1746,control,2026-03-12,10,0
1747,control,2026-03-13,6,0
1748,control,2026-03-10,9,0
1749,treatment,2026-03-09,9,1
1750,treatment,2026-03-08,12,1
1751,treatment,2026-03-11,5,1
1752,treatment,2026-03-13,7,0
1753,treatment,2026-03-08,8,1
1754,control,2026-03-10,7,0
1755,control,2026-03-04,5,0
1756,treatment,2026-03-08,11,1
1757,control,2026-03-07,6,0
1758,treatment,2026-03-13,9,1
1759,control,2026-03-15,6,0
1760,control,2026-03-11,8,1
1761,control,2026-03-15,9,0
1762,control,2026-03-12,16,0
1763,treatment,2026-03-15,10,1
1764,treatment,2026-03-10,12,0
1765,control,2026-03-06,10,1
1766,treatment,2026-03-11,11,0
1767,treatment,2026-03-06,6,0
1768,treatment,2026-03-10,9,0
1769,treatment,2026-03-05,18,0
1770,control,2026-03-14,9,1
1771,control,2026-03-03,7,0
1772,control,2026-03-11,6,1
1773,treatment,2026-03-06,13,0
1774,treatment,2026-03-14,10,0
1775,control,2026-03-07,9,0
1776,treatment,2026-03-04,11,0
1777,treatment,2026-03-02,13,1
1778,treatment,2026-03-15,10,0
1779,treatment,2026-03-04,7,0
1780,control,2026-03-14,7,0
1781,treatment,2026-03-13,11,1
1782,control,2026-03-02,7,0
1783,control,2026-03-11,5,0
1784,control,2026-03-05,4,0
1785,control,2026-03-12,6,1
1786,treatment,2026-03-06,12,0
1787,treatment,2026-03-15,10,0
1788,treatment,2026-03-11,6,0
1789,control,2026-03-02,6,0
1790,treatment,2026-03-13,8,0
1791,control,2026-03-05,12,0
1792,treatment,2026-03-12,9,1
1793,treatment,2026-03-10,5,0
1794,treatment,2026-03-02,11,0
1795,treatment,2026-03-09,8,1
1796,treatment,2026-03-04,6,0
1797,control,2026-03-10,13,1
1798,control,2026-03-07,8,0
1799,control,2026-03-13,8,0
1800,treatment,2026-03-08,8,0
1801,treatment,2026-03-07,12,1
1802,treatment,2026-03-08,7,0
1803,control,2026-03-07,9,1
1804,control,2026-03-07,6,0
1805,treatment,2026-03-11,5,0
1806,control,2026-03-09,13,0
1807,treatment,2026-03-03,6,0
1808,control,2026-03-10,9,0
1809,control,2026-03-08,5,1
1810,control,2026-03-03,12,1
1811,treatment,2026-03-08,10,1
1812,control,2026-03-07,8,0
1813,control,2026-03-09,9,1
1814,treatment,2026-03-12,5,0
1815,control,2026-03-02,11,1
1816,control,2026-03-08,2,0
1817,control,2026-03-02,12,0
1818,treatment,2026-03-11,14,1
1819,treatment,2026-03-12,8,1
1820,treatment,2026-03-09,8,0
1821,treatment,2026-03-05,12,1
1822,treatment,2026-03-02,12,0
1823,control,2026-03-06,7,0
1824,control,2026-03-15,9,0
1825,control,2026-03-07,13,1
1826,control,2026-03-08,11,0
1827,treatment,2026-03-14,6,1
1828,control,2026-03-13,5,0
1829,treatment,2026-03-08,8,0
1830,treatment,2026-03-02,6,1
1831,treatment,2026-03-02,12,0
1832,treatment,2026-03-15,12,1
1833,control,2026-03-11,6,0
1834,control,2026-03-10,11,0
1835,control,2026-03-05,5,1
1836,control,2026-03-11,7,0
1837,control,2026-03-14,13,0
1838,treatment,2026-03-11,6,1
1839,treatment,2026-03-12,13,1
1840,treatment,2026-03-13,6,0
1841,treatment,2026-03-10,4,0
1842,treatment,2026-03-09,5,1
1843,control,2026-03-09,7,0
1844,treatment,2026-03-02,7,1
1845,control,2026-03-12,6,1
1846,treatment,2026-03-03,17,1
1847,control,2026-03-12,8,0
1848,control,2026-03-10,8,0
1849,control,2026-03-12,5,1
1850,treatment,2026-03-15,10,0
1851,treatment,2026-03-12,11,0
1852,treatment,2026-03-11,7,1
1853,control,2026-03-09,10,0
1854,control,2026-03-14,4,0
1855,control,2026-03-02,10,0
1856,control,2026-03-02,6,0
1857,control,2026-03-08,9,1
1858,treatment,2026-03-08,7,1
1859,control,2026-03-08,6,1
1860,treatment,2026-03-15,11,1
1861,treatment,2026-03-03,6,0
1862,treatment,2026-03-02,4,0
1863,control,2026-03-11,10,0
1864,control,2026-03-07,7,0
1865,control,2026-03-09,3,0
1866,treatment,2026-03-06,14,0
1867,control,2026-03-10,14,1
1868,control,2026-03-10,8,0
1869,treatment,2026-03-09,11,0
1870,control,2026-03-15,7,0
1871,control,2026-03-03,6,0
1872,treatment,2026-03-08,10,0
1873,control,2026-03-04,13,0
1874,control,2026-03-15,7,0
1875,treatment,2026-03-08,8,0
1876,control,2026-03-05,7,0
1877,control,2026-03-08,11,0
1878,treatment,2026-03-04,15,1
1879,treatment,2026-03-11,6,0
1880,treatment,2026-03-15,9,1
1881,treatment,2026-03-12,5,0
1882,control,2026-03-05,8,1
1883,treatment,2026-03-11,12,1
1884,treatment,2026-03-07,11,0
1885,treatment,2026-03-05,8,1
1886,treatment,2026-03-14,6,0
1887,control,2026-03-07,5,1
1888,treatment,2026-03-06,6,1
1889,control,2026-03-08,10,0
1890,control,2026-03-14,5,1
1891,treatment,2026-03-02,12,0
1892,treatment,2026-03-09,11,0
1893,treatment,2026-03-10,7,0
1894,treatment,2026-03-03,7,1
1895,control,2026-03-09,8,0
1896,treatment,2026-03-12,3,1
1897,treatment,2026-03-15,6,1
1898,control,2026-03-10,8,1
1899,treatment,2026-03-12,7,0
1900,treatment,2026-03-12,3,0
1901,control,2026-03-15,5,1
1902,control,2026-03-07,7,0
1903,treatment,2026-03-15,11,1
1904,control,2026-03-07,5,0
1905,control,2026-03-10,7,0
1906,control,2026-03-14,8,0
1907,treatment,2026-03-13,7,1
1908,control,2026-03-06,12,1
1909,control,2026-03-02,14,0
1910,treatment,2026-03-14,7,1
1911,treatment,2026-03-04,8,0
1912,treatment,2026-03-08,7,0
1913,control,2026-03-09,11,0
1914,treatment,2026-03-10,10,0
1915,control,2026-03-10,9,0
1916,treatment,2026-03-15,9,0
1917,control,2026-03-05,7,1
1918,treatment,2026-03-14,8,0
1919,treatment,2026-03-07,7,1
1920,treatment,2026-03-13,4,0
1921,treatment,2026-03-03,8,1
1922,treatment,2026-03-06,10,0
1923,treatment,2026-03-13,8,1
1924,treatment,2026-03-02,9,0
1925,control,2026-03-15,12,1
1926,control,2026-03-14,17,0
1927,treatment,2026-03-13,8,1
1928,treatment,2026-03-02,8,1
1929,treatment,2026-03-08,8,0
1930,treatment,2026-03-04,12,0
1931,control,2026-03-15,5,0
1932,treatment,2026-03-09,7,1
1933,control,2026-03-12,8,1
1934,control,2026-03-15,6,1
1935,control,2026-03-02,9,0
1936,control,2026-03-15,4,1
1937,treatment,2026-03-05,10,0
1938,treatment,2026-03-15,10,1
1939,treatment,2026-03-06,12,0
1940,treatment,2026-03-10,8,1
1941,treatment,2026-03-06,7,0
1942,control,2026-03-03,9,1
1943,treatment,2026-03-14,11,0
1944,treatment,2026-03-02,12,1
1945,treatment,2026-03-09,10,0
1946,treatment,2026-03-05,9,1
1947,control,2026-03-03,13,0
1948,treatment,2026-03-06,7,0
1949,treatment,2026-03-14,7,0
1950,control,2026-03-15,11,1
1951,treatment,2026-03-08,12,1
1952,control,2026-03-04,14,0
1953,control,2026-03-02,6,0
1954,control,2026-03-02,13,0
1955,treatment,2026-03-11,10,0
1956,treatment,2026-03-08,5,0
1957,control,2026-03-07,9,1
1958,control,2026-03-04,10,0
1959,treatment,2026-03-03,6,0
1960,treatment,2026-03-03,10,0
1961,treatment,2026-03-05,7,0
1962,control,2026-03-09,7,0
1963,treatment,2026-03-15,7,0
1964,control,2026-03-09,9,0
1965,control,2026-03-12,9,1
1966,control,2026-03-07,6,0
1967,treatment,2026-03-04,10,1
1968,treatment,2026-03-08,7,1
1969,treatment,2026-03-07,10,1
1970,treatment,2026-03-04,10,0
1971,treatment,2026-03-12,10,1
1972,control,2026-03-11,10,1
1973,control,2026-03-03,6,0
1974,control,2026-03-02,3,1
1975,control,2026-03-06,12,1
1976,treatment,2026-03-13,8,0
1977,control,2026-03-09,7,1
1978,treatment,2026-03-13,6,0
1979,treatment,2026-03-15,10,0
1980,control,2026-03-06,7,0
1981,control,2026-03-03,8,1
1982,treatment,2026-03-12,6,0
1983,control,2026-03-15,8,1
1984,treatment,2026-03-05,7,0
1985,treatment,2026-03-10,18,1
1986,control,2026-03-15,6,1
1987,control,2026-03-05,7,1
1988,control,2026-03-15,4,0
1989,control,2026-03-03,12,0
1990,treatment,2026-03-05,4,1
1991,control,2026-03-09,6,1
1992,treatment,2026-03-10,8,0
1993,control,2026-03-08,8,1
1994,treatment,2026-03-14,6,0
1995,control,2026-03-04,3,0
1996,control,2026-03-05,5,0
1997,treatment,2026-03-10,12,1
1998,control,2026-03-05,8,0
1999,treatment,2026-03-07,5,1
2000,control,2026-03-07,8,0
2001,control,2026-03-05,8,0
2002,treatment,2026-03-02,8,1
2003,treatment,2026-03-08,7,0
2004,control,2026-03-07,6,0
2005,control,2026-03-14,5,0
2006,control,2026-03-13,7,1
2007,control,2026-03-15,7,1
2008,control,2026-03-15,7,0
2009,control,2026-03-03,7,0
2010,treatment,2026-03-14,7,1
2011,treatment,2026-03-09,6,0
2012,treatment,2026-03-02,8,0
2013,treatment,2026-03-11,12,0
2014,treatment,2026-03-08,9,0
2015,treatment,2026-03-10,14,1
2016,treatment,2026-03-08,7,1
2017,control,2026-03-04,10,0
2018,treatment,2026-03-12,8,0
2019,treatment,2026-03-05,8,0
2020,treatment,2026-03-03,11,0
2021,treatment,2026-03-07,12,0
2022,control,2026-03-05,10,0
2023,control,2026-03-15,7,1
2024,treatment,2026-03-15,6,0
2025,control,2026-03-14,7,1
2026,control,2026-03-04,14,1
2027,treatment,2026-03-14,8,1
2028,control,2026-03-07,5,0
2029,control,2026-03-02,6,1
2030,control,2026-03-02,7,0
2031,treatment,2026-03-03,9,1
2032,control,2026-03-02,7,1
2033,treatment,2026-03-13,7,0
2034,control,2026-03-07,9,1
2035,treatment,2026-03-06,8,1
2036,treatment,2026-03-02,11,0
2037,control,2026-03-11,16,0
2038,control,2026-03-02,8,0
2039,treatment,2026-03-06,10,0
2040,treatment,2026-03-04,10,0
2041,treatment,2026-03-04,9,1
2042,treatment,2026-03-08,16,0
2043,treatment,2026-03-10,8,1
2044,treatment,2026-03-13,8,0
2045,treatment,2026-03-14,10,0
2046,treatment,2026-03-11,4,0
2047,control,2026-03-15,9,0
2048,control,2026-03-09,8,1
2049,treatment,2026-03-12,5,0
2050,control,2026-03-02,8,1
2051,treatment,2026-03-11,8,0
2052,treatment,2026-03-13,7,1
2053,treatment,2026-03-04,13,0
2054,control,2026-03-14,12,0
2055,control,2026-03-14,9,0
2056,control,2026-03-12,7,1
2057,control,2026-03-02,8,0
2058,control,2026-03-15,4,1
2059,treatment,2026-03-10,9,0
2060,treatment,2026-03-10,8,1
2061,control,2026-03-05,11,0
2062,treatment,2026-03-05,8,1
2063,treatment,2026-03-12,11,0
2064,treatment,2026-03-13,7,0
2065,control,2026-03-12,5,1
2066,treatment,2026-03-02,11,0
2067,treatment,2026-03-10,15,0
2068,treatment,2026-03-02,9,1
2069,control,2026-03-06,7,1
2070,control,2026-03-14,7,0
2071,treatment,2026-03-08,12,0
2072,control,2026-03-14,5,0
2073,control,2026-03-13,9,0
2074,control,2026-03-11,8,0
2075,treatment,2026-03-14,12,0
2076,control,2026-03-02,6,1
2077,treatment,2026-03-11,11,0
2078,treatment,2026-03-13,7,1
2079,control,2026-03-04,12,1
2080,control,2026-03-15,9,1
2081,treatment,2026-03-13,15,1
2082,control,2026-03-13,8,0
2083,control,2026-03-07,2,1
2084,treatment,2026-03-10,13,0
2085,control,2026-03-08,6,1
2086,control,2026-03-13,3,0
2087,control,2026-03-02,10,1
2088,control,2026-03-11,7,0
2089,treatment,2026-03-11,7,0
2090,treatment,2026-03-14,8,1
2091,treatment,2026-03-11,9,0
2092,treatment,2026-03-14,9,0
2093,treatment,2026-03-06,11,1
2094,treatment,2026-03-13,15,0
2095,control,2026-03-08,13,1
2096,control,2026-03-11,11,0
2097,treatment,2026-03-07,7,1
2098,treatment,2026-03-04,6,0
2099,control,2026-03-03,12,0
2100,control,2026-03-14,11,0
2101,treatment,2026-03-11,14,0
2102,treatment,2026-03-03,7,0
2103,treatment,2026-03-07,4,1
2104,control,2026-03-07,9,1
2105,treatment,2026-03-12,8,0
2106,control,2026-03-09,4,0
2107,treatment,2026-03-06,8,1
2108,control,2026-03-15,8,1
2109,control,2026-03-13,6,1
2110,control,2026-03-06,7,0
2111,control,2026-03-03,9,0
2112,treatment,2026-03-12,9,0
2113,control,2026-03-09,12,1
2114,control,2026-03-07,6,1
2115,treatment,2026-03-04,6,0
2116,treatment,2026-03-06,8,1
2117,treatment,2026-03-15,7,0
2118,treatment,2026-03-13,9,0
2119,treatment,2026-03-13,13,1
2120,control,2026-03-11,7,0
2121,control,2026-03-10,11,0
2122,control,2026-03-03,8,1
2123,control,2026-03-09,8,0
2124,control,2026-03-14,4,0
2125,control,2026-03-04,6,1
2126,treatment,2026-03-06,15,1
2127,treatment,2026-03-13,12,0
2128,treatment,2026-03-14,10,1
2129,treatment,2026-03-02,6,1
2130,control,2026-03-09,6,1
2131,control,2026-03-09,8,1
2132,control,2026-03-07,12,1
2133,treatment,2026-03-02,13,0
2134,control,2026-03-03,7,0
2135,control,2026-03-05,12,0
2136,control,2026-03-14,7,0
2137,treatment,2026-03-03,5,0
2138,control,2026-03-11,9,0
2139,treatment,2026-03-03,8,1
2140,control,2026-03-10,10,0
2141,control,2026-03-13,3,1
2142,treatment,2026-03-05,8,1
2143,control,2026-03-13,6,0
2144,control,2026-03-03,9,0
2145,control,2026-03-11,11,0
2146,treatment,2026-03-07,7,1
2147,control,2026-03-04,9,0
2148,treatment,2026-03-12,8,1
2149,treatment,2026-03-12,10,1
2150,treatment,2026-03-12,11,1
2151,treatment,2026-03-15,8,1
2152,treatment,2026-03-02,11,1
2153,control,2026-03-13,6,0
2154,treatment,2026-03-07,13,0
2155,treatment,2026-03-03,10,0
2156,treatment,2026-03-12,11,1
2157,treatment,2026-03-12,13,1
2158,treatment,2026-03-11,14,1
2159,control,2026-03-03,13,0
2160,control,2026-03-13,8,0
2161,control,2026-03-02,7,0
2162,treatment,2026-03-08,8,1
2163,treatment,2026-03-09,7,0
2164,treatment,2026-03-12,13,1
2165,treatment,2026-03-14,7,1
2166,treatment,2026-03-08,10,0
2167,control,2026-03-09,9,1
2168,control,2026-03-04,5,1
2169,treatment,2026-03-14,13,0
2170,control,2026-03-09,10,0
2171,control,2026-03-09,15,0
2172,treatment,2026-03-14,8,0
2173,treatment,2026-03-14,11,0
2174,control,2026-03-15,10,0
2175,treatment,2026-03-03,11,0
2176,control,2026-03-02,7,0
2177,treatment,2026-03-12,8,1
2178,control,2026-03-08,5,0
2179,treatment,2026-03-04,11,1
2180,treatment,2026-03-13,16,0
2181,treatment,2026-03-11,4,0
2182,treatment,2026-03-14,10,0
2183,control,2026-03-05,5,0
2184,control,2026-03-04,4,1
2185,treatment,2026-03-10,9,0
2186,treatment,2026-03-07,8,1
2187,control,2026-03-04,12,1
2188,control,2026-03-11,4,1
2189,control,2026-03-13,8,0
2190,treatment,2026-03-04,3,0
2191,treatment,2026-03-06,9,0
2192,control,2026-03-13,6,0
2193,treatment,2026-03-06,8,0
2194,control,2026-03-13,2,0
2195,treatment,2026-03-11,9,0
2196,control,2026-03-12,11,0
2197,control,2026-03-04,11,1
2198,treatment,2026-03-12,14,1
2199,control,2026-03-06,10,1
2200,treatment,2026-03-13,8,0
2201,treatment,2026-03-04,6,0
2202,control,2026-03-10,4,1
2203,control,2026-03-15,6,0
2204,control,2026-03-12,7,0
2205,treatment,2026-03-06,10,0
2206,control,2026-03-08,10,1
2207,control,2026-03-05,10,0
2208,control,2026-03-15,7,1
2209,treatment,2026-03-14,13,1
2210,control,2026-03-08,11,0
2211,treatment,2026-03-03,8,1
2212,treatment,2026-03-02,18,0
2213,treatment,2026-03-14,14,1
2214,control,2026-03-15,12,1
2215,treatment,2026-03-13,9,0
2216,treatment,2026-03-14,11,0
2217,control,2026-03-10,10,0
2218,control,2026-03-08,9,0
2219,control,2026-03-09,9,1
2220,control,2026-03-09,10,0
2221,treatment,2026-03-12,7,0
2222,treatment,2026-03-08,5,0
2223,treatment,2026-03-13,4,1
2224,treatment,2026-03-14,10,0
2225,treatment,2026-03-05,5,1
2226,treatment,2026-03-03,14,0
2227,treatment,2026-03-04,11,0
2228,control,2026-03-04,10,0
2229,control,2026-03-07,9,1
2230,treatment,2026-03-14,5,0
2231,control,2026-03-13,4,0
2232,treatment,2026-03-07,10,1
2233,treatment,2026-03-12,13,1
2234,control,2026-03-10,10,0
2235,control,2026-03-05,5,0
2236,control,2026-03-14,7,1
2237,treatment,2026-03-15,9,1
2238,treatment,2026-03-09,14,0
2239,treatment,2026-03-08,9,0
2240,treatment,2026-03-06,5,0
2241,treatment,2026-03-08,17,1
2242,control,2026-03-07,6,0
2243,treatment,2026-03-07,7,1
2244,treatment,2026-03-07,6,0
2245,control,2026-03-08,2,1
2246,treatment,2026-03-06,7,0
2247,treatment,2026-03-09,17,0
2248,control,2026-03-09,12,0
2249,treatment,2026-03-10,3,0
2250,treatment,2026-03-11,5,0
2251,control,2026-03-12,5,0
2252,control,2026-03-02,14,0
2253,control,2026-03-06,7,1
2254,treatment,2026-03-13,6,1
2255,treatment,2026-03-06,6,0
2256,control,2026-03-09,6,0
2257,treatment,2026-03-05,8,1
2258,treatment,2026-03-12,8,0
2259,treatment,2026-03-02,7,0
2260,control,2026-03-03,10,0
2261,control,2026-03-15,9,0
2262,treatment,2026-03-14,7,1
2263,control,2026-03-11,9,1
2264,treatment,2026-03-10,12,1
2265,treatment,2026-03-12,12,1
2266,treatment,2026-03-02,10,1
2267,treatment,2026-03-12,8,0
2268,treatment,2026-03-15,4,0
2269,control,2026-03-13,7,1
2270,control,2026-03-13,10,1
2271,control,2026-03-06,13,1
2272,treatment,2026-03-09,8,0
2273,treatment,2026-03-03,7,0
2274,control,2026-03-15,11,0
2275,treatment,2026-03-12,12,0
2276,control,2026-03-02,13,1
2277,control,2026-03-11,10,0
2278,control,2026-03-03,13,0
2279,control,2026-03-02,13,0
2280,treatment,2026-03-14,9,0
2281,treatment,2026-03-08,16,1
2282,treatment,2026-03-14,9,0
2283,treatment,2026-03-03,12,1
2284,control,2026-03-03,11,1
2285,control,2026-03-11,13,1
2286,treatment,2026-03-06,15,0
2287,control,2026-03-03,7,1
2288,control,2026-03-02,14,0
2289,treatment,2026-03-05,13,0
2290,treatment,2026-03-10,8,1
2291,treatment,2026-03-06,10,0
2292,treatment,2026-03-07,13,0
2293,treatment,2026-03-08,7,1
2294,treatment,2026-03-14,12,1
2295,treatment,2026-03-09,7,0
2296,treatment,2026-03-09,8,0
2297,treatment,2026-03-08,9,0
2298,control,2026-03-07,8,0
2299,treatment,2026-03-10,13,0
2300,control,2026-03-12,14,0
2301,treatment,2026-03-11,5,0
2302,control,2026-03-12,8,0
2303,control,2026-03-14,6,0
2304,treatment,2026-03-15,10,1
2305,control,2026-03-12,5,0
2306,treatment,2026-03-11,14,0
2307,control,2026-03-09,3,1
2308,control,2026-03-13,10,0
2309,treatment,2026-03-03,8,1
2310,control,2026-03-06,8,0
2311,control,2026-03-02,5,1
2312,treatment,2026-03-14,10,1
2313,control,2026-03-09,9,0
2314,control,2026-03-07,10,1
2315,control,2026-03-11,7,1
2316,treatment,2026-03-10,10,0
2317,treatment,2026-03-12,6,0
2318,control,2026-03-06,9,0
2319,control,2026-03-12,8,0
2320,treatment,2026-03-04,6,0
2321,treatment,2026-03-13,8,0
2322,control,2026-03-15,7,0
2323,treatment,2026-03-10,6,0
2324,treatment,2026-03-11,12,0
2325,control,2026-03-13,9,0
2326,treatment,2026-03-04,12,0
2327,control,2026-03-05,7,0
2328,control,2026-03-06,8,1
2329,control,2026-03-07,1,1
2330,treatment,2026-03-05,12,1
2331,treatment,2026-03-09,11,0
2332,control,2026-03-08,6,0
2333,treatment,2026-03-12,9,1
2334,control,2026-03-09,8,0
2335,control,2026-03-15,3,0
2336,treatment,2026-03-07,6,0
2337,treatment,2026-03-10,11,1
2338,treatment,2026-03-08,14,1
2339,treatment,2026-03-08,9,1
2340,treatment,2026-03-06,5,1
2341,control,2026-03-07,6,1
2342,control,2026-03-13,10,0
2343,treatment,2026-03-15,8,0
2344,treatment,2026-03-15,16,0
2345,treatment,2026-03-08,7,1
2346,control,2026-03-08,5,0
2347,treatment,2026-03-02,3,0
2348,control,2026-03-10,2,0
2349,control,2026-03-05,8,1
2350,control,2026-03-15,5,0
2351,control,2026-03-15,5,0
2352,control,2026-03-02,6,1
2353,treatment,2026-03-10,11,0
2354,control,2026-03-06,4,1
2355,control,2026-03-11,9,1
2356,treatment,2026-03-03,9,0
2357,control,2026-03-09,6,1
2358,treatment,2026-03-04,12,1
2359,treatment,2026-03-13,9,0
2360,treatment,2026-03-11,4,0
2361,treatment,2026-03-11,15,0
2362,treatment,2026-03-10,16,0
2363,control,2026-03-14,13,0
2364,control,2026-03-10,9,0
2365,treatment,2026-03-15,9,0
2366,control,2026-03-08,6,1
2367,control,2026-03-11,9,0
2368,treatment,2026-03-04,4,0
2369,control,2026-03-13,6,0
2370,treatment,2026-03-08,12,1
2371,treatment,2026-03-04,4,0
2372,control,2026-03-12,9,1
2373,treatment,2026-03-15,11,0
2374,treatment,2026-03-07,7,1
2375,control,2026-03-06,6,0
2376,control,2026-03-08,12,1
2377,control,2026-03-14,15,0
2378,treatment,2026-03-02,4,0
2379,control,2026-03-06,5,0
2380,control,2026-03-07,8,0
2381,control,2026-03-11,7,0
2382,control,2026-03-12,7,0
2383,treatment,2026-03-07,7,0
2384,treatment,2026-03-02,9,1
2385,control,2026-03-10,9,1
2386,control,2026-03-08,5,1
2387,control,2026-03-03,10,0
2388,treatment,2026-03-09,8,0
2389,treatment,2026-03-03,8,0
2390,control,2026-03-15,6,1
2391,control,2026-03-13,10,1
2392,treatment,2026-03-07,9,0
2393,control,2026-03-09,6,0
2394,control,2026-03-08,11,1
2395,control,2026-03-06,7,0
2396,treatment,2026-03-09,7,0
2397,treatment,2026-03-11,6,0
2398,control,2026-03-10,7,0
2399,treatment,2026-03-02,7,0
2400,treatment,2026-03-10,10,0
2401,control,2026-03-04,7,1
2402,control,2026-03-12,10,0
2403,treatment,2026-03-15,11,0
2404,treatment,2026-03-07,12,0
2405,treatment,2026-03-06,12,0
2406,control,2026-03-07,9,1
2407,treatment,2026-03-11,7,1
2408,treatment,2026-03-04,9,1
2409,treatment,2026-03-04,11,0
2410,treatment,2026-03-13,8,0
2411,control,2026-03-05,3,0
2412,treatment,2026-03-04,11,0
2413,control,2026-03-02,9,1
2414,control,2026-03-06,5,0
2415,control,2026-03-03,5,1
2416,treatment,2026-03-08,8,1
2417,treatment,2026-03-02,4,0
2418,treatment,2026-03-08,9,0
2419,control,2026-03-09,5,0
2420,control,2026-03-05,12,1
2421,treatment,2026-03-14,11,0
2422,control,2026-03-09,9,1
2423,treatment,2026-03-14,8,1
2424,control,2026-03-04,6,1
2425,treatment,2026-03-15,9,0
2426,control,2026-03-03,4,0
2427,treatment,2026-03-09,6,0
2428,treatment,2026-03-04,11,0
2429,treatment,2026-03-14,11,0
2430,control,2026-03-08,4,1
2431,control,2026-03-08,6,0
2432,treatment,2026-03-09,5,0
2433,control,2026-03-04,15,1
2434,treatment,2026-03-10,11,0
2435,control,2026-03-09,9,0
2436,control,2026-03-03,8,0
2437,control,2026-03-07,14,0
2438,control,2026-03-02,9,0
2439,control,2026-03-06,10,0
2440,control,2026-03-11,11,1
2441,treatment,2026-03-06,9,1
2442,control,2026-03-11,9,0
2443,treatment,2026-03-05,10,0
2444,control,2026-03-04,9,1
2445,treatment,2026-03-02,5,0
2446,treatment,2026-03-06,8,0
2447,control,2026-03-14,11,1
2448,control,2026-03-13,8,1
2449,control,2026-03-14,6,1
2450,treatment,2026-03-06,6,1
2451,control,2026-03-11,13,1
2452,treatment,2026-03-15,2,0
2453,treatment,2026-03-02,8,0
2454,treatment,2026-03-11,6,0
2455,treatment,2026-03-11,7,0
2456,treatment,2026-03-04,8,0
2457,treatment,2026-03-09,10,0
2458,treatment,2026-03-09,12,0
2459,control,2026-03-12,10,0
2460,control,2026-03-08,11,0
2461,treatment,2026-03-05,5,1
2462,treatment,2026-03-05,7,0
2463,treatment,2026-03-09,9,0
2464,control,2026-03-12,8,1
2465,control,2026-03-02,10,0
2466,treatment,2026-03-02,8,1
2467,control,2026-03-13,12,1
2468,control,2026-03-03,7,0
2469,control,2026-03-03,11,0
2470,treatment,2026-03-04,6,1
2471,control,2026-03-06,6,1
2472,treatment,2026-03-04,5,1
2473,treatment,2026-03-02,4,0
2474,treatment,2026-03-08,5,1
2475,control,2026-03-14,5,1
2476,treatment,2026-03-09,11,1
2477,control,2026-03-05,7,0
2478,control,2026-03-02,2,0
2479,control,2026-03-04,6,0
2480,control,2026-03-09,7,0
2481,control,2026-03-14,8,1
2482,control,2026-03-13,12,0
2483,control,2026-03-07,6,1
2484,treatment,2026-03-07,5,0
2485,treatment,2026-03-02,10,1
2486,treatment,2026-03-05,8,0
2487,treatment,2026-03-02,5,0
2488,treatment,2026-03-13,7,1
2489,treatment,2026-03-13,5,0
2490,treatment,2026-03-10,10,1
2491,treatment,2026-03-02,5,1
2492,treatment,2026-03-11,9,0
2493,treatment,2026-03-12,8,0
2494,control,2026-03-03,10,0
2495,treatment,2026-03-09,5,1
2496,control,2026-03-12,6,0
2497,treatment,2026-03-05,8,1
2498,treatment,2026-03-07,9,0
2499,control,2026-03-04,5,0
2500,control,2026-03-08,8,0
2501,treatment,2026-03-12,9,1
2502,control,2026-03-02,7,1
2503,control,2026-03-13,8,0
2504,control,2026-03-14,7,0
2505,control,2026-03-13,6,0
2506,control,2026-03-14,7,0
2507,control,2026-03-09,11,1
2508,treatment,2026-03-11,10,1
2509,control,2026-03-12,9,0
2510,treatment,2026-03-10,10,0
2511,control,2026-03-03,7,0
2512,treatment,2026-03-14,5,0
2513,treatment,2026-03-06,7,0
2514,control,2026-03-09,12,1
2515,treatment,2026-03-08,11,0
2516,treatment,2026-03-11,8,0
2517,control,2026-03-03,8,0
2518,control,2026-03-15,9,0
2519,control,2026-03-08,3,1
2520,control,2026-03-10,10,0
2521,treatment,2026-03-13,6,0
2522,control,2026-03-15,8,0
2523,treatment,2026-03-13,11,0
2524,control,2026-03-07,12,0
2525,control,2026-03-05,11,0
2526,control,2026-03-06,8,1
2527,treatment,2026-03-13,4,0
2528,control,2026-03-08,11,0
2529,treatment,2026-03-15,10,0
2530,treatment,2026-03-15,6,0
2531,treatment,2026-03-02,9,0
2532,treatment,2026-03-09,9,0
2533,control,2026-03-12,14,0
2534,control,2026-03-05,6,0
2535,control,2026-03-10,7,0
2536,treatment,2026-03-02,9,1
2537,control,2026-03-14,7,0
2538,control,2026-03-14,9,0
2539,treatment,2026-03-06,10,1
2540,treatment,2026-03-03,5,0
2541,control,2026-03-13,10,0
2542,treatment,2026-03-05,9,0
2543,treatment,2026-03-12,10,0
2544,treatment,2026-03-15,14,0
2545,treatment,2026-03-04,7,0
2546,control,2026-03-05,6,0
2547,control,2026-03-06,8,1
2548,control,2026-03-09,6,1
2549,treatment,2026-03-13,10,0
2550,control,2026-03-11,6,0
2551,treatment,2026-03-09,9,1
2552,treatment,2026-03-06,12,0
2553,treatment,2026-03-02,8,0
2554,treatment,2026-03-15,11,1
2555,treatment,2026-03-09,9,0
2556,treatment,2026-03-12,7,0
2557,control,2026-03-13,9,0
2558,control,2026-03-04,13,1
2559,treatment,2026-03-11,9,1
2560,treatment,2026-03-12,11,0
2561,control,2026-03-02,11,1
2562,treatment,2026-03-08,7,1
2563,control,2026-03-15,3,0
2564,treatment,2026-03-14,8,1
2565,treatment,2026-03-08,6,0
2566,treatment,2026-03-15,10,1
2567,control,2026-03-12,7,1
2568,treatment,2026-03-15,5,0
2569,treatment,2026-03-10,9,0
2570,treatment,2026-03-04,5,0
2571,control,2026-03-05,6,0
2572,treatment,2026-03-09,12,1
2573,treatment,2026-03-04,6,1
2574,control,2026-03-03,4,1
2575,treatment,2026-03-12,10,0
2576,control,2026-03-08,9,0
2577,control,2026-03-12,7,0
2578,control,2026-03-08,5,0
2579,control,2026-03-15,13,0
2580,treatment,2026-03-11,7,0
2581,control,2026-03-13,10,0
2582,treatment,2026-03-09,11,0
2583,treatment,2026-03-12,13,0
2584,control,2026-03-12,5,0
2585,control,2026-03-06,9,1
2586,control,2026-03-11,8,1
2587,treatment,2026-03-11,11,0
2588,treatment,2026-03-05,5,0
2589,treatment,2026-03-14,9,1
2590,control,2026-03-13,13,0
2591,control,2026-03-08,9,0
2592,control,2026-03-04,9,1
2593,control,2026-03-15,4,0
2594,control,2026-03-06,14,0
2595,control,2026-03-05,5,0
2596,treatment,2026-03-11,10,0
2597,control,2026-03-07,12,1
2598,control,2026-03-09,10,1
2599,treatment,2026-03-15,9,0
2600,treatment,2026-03-10,8,0
2601,treatment,2026-03-12,11,0
2602,treatment,2026-03-08,11,0
2603,control,2026-03-06,9,0
2604,control,2026-03-14,8,1
2605,treatment,2026-03-11,4,0
2606,treatment,2026-03-06,13,1
2607,treatment,2026-03-13,11,1
2608,control,2026-03-05,6,1
2609,treatment,2026-03-09,9,1
2610,treatment,2026-03-13,10,0
2611,control,2026-03-04,6,0
2612,treatment,2026-03-08,8,1
2613,treatment,2026-03-08,8,1
2614,treatment,2026-03-10,10,0
2615,treatment,2026-03-14,8,0
2616,treatment,2026-03-04,12,0
2617,control,2026-03-11,9,1
2618,control,2026-03-06,8,0
2619,treatment,2026-03-12,5,0
2620,control,2026-03-15,9,1
2621,control,2026-03-08,10,1
2622,treatment,2026-03-05,9,1
2623,control,2026-03-08,10,0
2624,control,2026-03-07,7,0
2625,control,2026-03-02,9,1
2626,treatment,2026-03-06,5,0
2627,treatment,2026-03-05,7,0
2628,treatment,2026-03-09,10,0
2629,control,2026-03-07,8,0
2630,control,2026-03-02,7,1
2631,treatment,2026-03-13,5,0
2632,control,2026-03-02,9,1
2633,control,2026-03-06,7,1
2634,control,2026-03-12,7,0
2635,control,2026-03-08,8,1
2636,control,2026-03-07,3,0
2637,treatment,2026-03-12,8,0
2638,treatment,2026-03-05,10,0
2639,control,2026-03-14,8,0
2640,control,2026-03-05,11,0
2641,control,2026-03-09,12,0
2642,treatment,2026-03-04,5,0
2643,treatment,2026-03-15,10,0
2644,treatment,2026-03-05,12,0
2645,treatment,2026-03-11,4,1
2646,treatment,2026-03-14,8,1
2647,treatment,2026-03-14,4,0
2648,treatment,2026-03-04,8,0
2649,control,2026-03-13,7,1
2650,treatment,2026-03-06,14,0
2651,control,2026-03-13,10,0
2652,treatment,2026-03-11,11,1
2653,control,2026-03-02,10,0
2654,treatment,2026-03-13,11,1
2655,control,2026-03-06,2,0
2656,control,2026-03-09,5,1
2657,treatment,2026-03-02,9,1
2658,treatment,2026-03-14,8,1
2659,control,2026-03-12,8,1
2660,treatment,2026-03-03,11,1
2661,control,2026-03-09,6,1
2662,control,2026-03-13,9,0
2663,treatment,2026-03-15,10,0
2664,treatment,2026-03-11,7,0
2665,treatment,2026-03-07,5,0
2666,treatment,2026-03-02,16,0
2667,treatment,2026-03-15,9,0
2668,control,2026-03-13,11,1
2669,control,2026-03-10,5,0
2670,treatment,2026-03-13,7,0
2671,treatment,2026-03-04,4,0
2672,treatment,2026-03-13,13,0
2673,control,2026-03-11,8,0
2674,control,2026-03-06,8,0
2675,treatment,2026-03-11,10,1
2676,control,2026-03-05,4,0
2677,control,2026-03-08,10,0
2678,treatment,2026-03-09,6,0
2679,control,2026-03-06,5,1
2680,treatment,2026-03-06,5,0
2681,control,2026-03-02,8,0
2682,control,2026-03-05,10,0
2683,control,2026-03-03,6,1
2684,control,2026-03-08,11,0
2685,treatment,2026-03-13,11,1
2686,treatment,2026-03-05,9,0
2687,treatment,2026-03-02,8,0
2688,treatment,2026-03-13,14,1
2689,treatment,2026-03-09,8,0
2690,control,2026-03-15,4,1
2691,treatment,2026-03-12,8,0
2692,treatment,2026-03-09,11,0
2693,treatment,2026-03-13,11,0
2694,treatment,2026-03-03,13,0
2695,treatment,2026-03-11,7,1
2696,control,2026-03-06,11,1
2697,control,2026-03-15,11,0
2698,control,2026-03-15,5,0
2699,treatment,2026-03-07,11,0
2700,control,2026-03-02,4,1
2701,treatment,2026-03-15,5,1
2702,treatment,2026-03-13,9,0
2703,treatment,2026-03-13,8,1
2704,control,2026-03-05,7,0
2705,control,2026-03-13,10,0
2706,treatment,2026-03-05,9,0
2707,treatment,2026-03-06,8,0
2708,control,2026-03-14,15,0
2709,treatment,2026-03-03,9,0
2710,control,2026-03-09,4,1
2711,treatment,2026-03-03,1,0
2712,control,2026-03-09,8,0
2713,control,2026-03-07,5,0
2714,treatment,2026-03-04,8,1
2715,treatment,2026-03-10,17,0
2716,treatment,2026-03-06,12,0
2717,treatment,2026-03-07,10,0
2718,control,2026-03-10,12,0
2719,treatment,2026-03-08,11,1
2720,control,2026-03-14,10,1
2721,treatment,2026-03-12,8,0
2722,treatment,2026-03-09,6,1
2723,treatment,2026-03-15,7,0
2724,treatment,2026-03-04,3,0
2725,treatment,2026-03-05,13,0
2726,control,2026-03-03,11,0
2727,control,2026-03-09,10,1
2728,treatment,2026-03-07,8,1
2729,treatment,2026-03-12,5,1
2730,treatment,2026-03-03,11,1
2731,control,2026-03-05,10,0
2732,treatment,2026-03-15,10,1
2733,control,2026-03-12,7,1
2734,treatment,2026-03-03,13,0
2735,treatment,2026-03-10,11,0
2736,treatment,2026-03-12,12,0
2737,control,2026-03-12,7,1
2738,control,2026-03-10,11,1
2739,control,2026-03-08,6,0
2740,control,2026-03-11,15,1
2741,treatment,2026-03-04,7,0
2742,treatment,2026-03-14,11,0
2743,treatment,2026-03-08,6,0
2744,treatment,2026-03-10,8,1
2745,control,2026-03-14,6,0
2746,control,2026-03-03,7,0
2747,treatment,2026-03-07,10,0
2748,treatment,2026-03-05,12,0
2749,control,2026-03-05,9,1
2750,control,2026-03-10,7,0
2751,treatment,2026-03-11,6,0
2752,treatment,2026-03-11,7,1
2753,treatment,2026-03-05,8,0
2754,control,2026-03-13,5,0
2755,control,2026-03-14,3,0
2756,treatment,2026-03-09,7,1
2757,treatment,2026-03-03,12,1
2758,treatment,2026-03-05,14,0
2759,control,2026-03-15,6,1
2760,control,2026-03-13,5,0
2761,control,2026-03-13,7,1
2762,treatment,2026-03-15,4,0
2763,control,2026-03-07,6,0
2764,control,2026-03-15,9,0
2765,treatment,2026-03-06,9,0
2766,treatment,2026-03-04,8,0
2767,control,2026-03-03,11,0
2768,control,2026-03-07,4,0
2769,control,2026-03-13,8,1
2770,treatment,2026-03-06,11,0
2771,treatment,2026-03-07,7,0
2772,control,2026-03-14,9,1
2773,treatment,2026-03-09,9,0
2774,control,2026-03-07,7,1
2775,treatment,2026-03-04,7,0
2776,treatment,2026-03-05,13,0
2777,treatment,2026-03-08,12,1
2778,treatment,2026-03-13,11,1
2779,treatment,2026-03-06,6,1
2780,treatment,2026-03-08,11,0
2781,control,2026-03-14,8,0
2782,treatment,2026-03-08,14,0
2783,treatment,2026-03-07,10,0
2784,treatment,2026-03-15,4,0
2785,treatment,2026-03-12,10,0
2786,control,2026-03-07,11,0
2787,control,2026-03-07,11,1
2788,control,2026-03-14,5,1
2789,treatment,2026-03-14,10,1
2790,treatment,2026-03-14,7,0
2791,control,2026-03-15,13,0
2792,control,2026-03-04,9,0
2793,treatment,2026-03-15,8,1
2794,treatment,2026-03-12,8,0
2795,treatment,2026-03-06,10,0
2796,treatment,2026-03-15,10,1
2797,control,2026-03-10,9,0
2798,treatment,2026-03-09,6,1
2799,control,2026-03-12,4,0
2800,control,2026-03-07,6,0
2801,control,2026-03-10,4,0
2802,treatment,2026-03-02,11,1
2803,treatment,2026-03-10,14,0
2804,control,2026-03-08,4,0
2805,control,2026-03-02,8,0
2806,treatment,2026-03-12,5,0
2807,control,2026-03-12,12,1
2808,control,2026-03-08,5,1
2809,treatment,2026-03-15,3,0
2810,control,2026-03-07,5,1
2811,control,2026-03-15,7,1
2812,treatment,2026-03-13,8,1
2813,treatment,2026-03-12,11,1
2814,control,2026-03-12,5,0
2815,control,2026-03-15,7,0
2816,treatment,2026-03-06,11,1
2817,control,2026-03-13,9,1
2818,treatment,2026-03-13,9,0
2819,control,2026-03-04,10,1
2820,treatment,2026-03-08,9,0
2821,treatment,2026-03-10,10,0
2822,treatment,2026-03-12,15,1
2823,treatment,2026-03-13,6,0
2824,treatment,2026-03-09,9,0
2825,treatment,2026-03-06,12,0
2826,control,2026-03-12,7,0
2827,control,2026-03-12,6,0
2828,treatment,2026-03-08,8,1
2829,control,2026-03-14,5,1
2830,control,2026-03-09,10,1
2831,control,2026-03-07,10,1
2832,treatment,2026-03-06,9,0
2833,treatment,2026-03-04,8,0
2834,control,2026-03-07,9,0
2835,treatment,2026-03-09,7,1
2836,control,2026-03-10,7,0
2837,treatment,2026-03-15,7,0
2838,control,2026-03-15,10,0
2839,control,2026-03-10,6,0
2840,control,2026-03-02,5,1
2841,control,2026-03-04,9,0
2842,control,2026-03-04,15,0
2843,treatment,2026-03-08,12,1
2844,treatment,2026-03-05,13,0
2845,treatment,2026-03-07,8,1
2846,treatment,2026-03-15,6,0
2847,control,2026-03-02,14,0
2848,treatment,2026-03-06,7,1
2849,control,2026-03-03,8,0
2850,control,2026-03-04,10,1
2851,treatment,2026-03-02,6,1
2852,control,2026-03-11,7,0
2853,treatment,2026-03-14,12,0
2854,control,2026-03-12,4,1
2855,control,2026-03-05,5,0
2856,treatment,2026-03-07,10,0
2857,treatment,2026-03-14,12,0
2858,treatment,2026-03-13,8,1
2859,control,2026-03-15,8,0
2860,treatment,2026-03-04,6,1
2861,control,2026-03-12,10,1
2862,treatment,2026-03-11,9,0
2863,control,2026-03-14,5,0
2864,control,2026-03-12,3,1
2865,treatment,2026-03-14,11,1
2866,treatment,2026-03-10,9,0
2867,control,2026-03-12,4,0
2868,treatment,2026-03-05,9,0
2869,treatment,2026-03-02,10,0
2870,treatment,2026-03-15,9,0
2871,treatment,2026-03-05,6,1
2872,treatment,2026-03-11,10,1
2873,treatment,2026-03-08,10,0
2874,treatment,2026-03-15,5,0
2875,treatment,2026-03-02,6,0
2876,treatment,2026-03-03,5,0
2877,treatment,2026-03-04,5,1
2878,treatment,2026-03-14,5,1
2879,control,2026-03-05,9,0
2880,control,2026-03-06,13,0
2881,control,2026-03-12,5,1
2882,treatment,2026-03-15,4,1
2883,control,2026-03-07,7,1
2884,control,2026-03-03,9,0
2885,control,2026-03-05,10,1
2886,control,2026-03-15,6,0
2887,control,2026-03-05,8,1
2888,control,2026-03-15,10,0
2889,control,2026-03-10,7,1
2890,control,2026-03-10,6,1
2891,treatment,2026-03-14,8,0
2892,control,2026-03-13,11,1
2893,control,2026-03-13,6,0
2894,control,2026-03-10,9,0
2895,control,2026-03-06,8,0
2896,control,2026-03-04,8,0
2897,treatment,2026-03-07,7,0
2898,treatment,2026-03-02,13,1
2899,treatment,2026-03-14,10,1
2900,control,2026-03-03,4,1
2901,control,2026-03-10,9,1
2902,treatment,2026-03-08,6,0
2903,control,2026-03-03,7,0
2904,control,2026-03-11,5,0
2905,control,2026-03-11,11,0
2906,treatment,2026-03-05,12,1
2907,control,2026-03-09,11,1
2908,control,2026-03-13,6,0
2909,control,2026-03-07,9,1
2910,control,2026-03-11,11,0
2911,control,2026-03-03,8,1
2912,control,2026-03-02,7,0
2913,control,2026-03-07,5,0
2914,control,2026-03-03,6,0
2915,treatment,2026-03-03,14,0
2916,control,2026-03-08,10,1
2917,treatment,2026-03-09,11,0
2918,treatment,2026-03-07,12,0
2919,treatment,2026-03-02,5,0
2920,treatment,2026-03-03,5,1
2921,control,2026-03-04,9,1
2922,control,2026-03-04,7,0
2923,control,2026-03-06,17,0
2924,treatment,2026-03-11,7,0
2925,control,2026-03-11,6,0
2926,treatment,2026-03-08,8,1
2927,treatment,2026-03-05,7,0
2928,treatment,2026-03-15,9,1
2929,control,2026-03-07,7,0
2930,control,2026-03-04,5,0
2931,control,2026-03-07,7,0
2932,treatment,2026-03-06,8,1
2933,control,2026-03-12,13,0
2934,control,2026-03-05,11,0
2935,treatment,2026-03-04,8,0
2936,control,2026-03-13,9,1
2937,control,2026-03-13,13,1
2938,control,2026-03-05,8,1
2939,treatment,2026-03-09,6,0
2940,control,2026-03-15,8,0
2941,treatment,2026-03-10,10,1
2942,control,2026-03-05,5,1
2943,treatment,2026-03-06,6,0
2944,control,2026-03-10,9,1
2945,control,2026-03-13,9,1
2946,treatment,2026-03-09,4,0
2947,treatment,2026-03-08,7,0
2948,treatment,2026-03-15,8,0
2949,control,2026-03-05,7,0
2950,control,2026-03-04,14,1
2951,control,2026-03-13,8,0
2952,treatment,2026-03-09,7,1
2953,control,2026-03-09,11,0
2954,treatment,2026-03-03,7,1
2955,treatment,2026-03-07,13,0
2956,treatment,2026-03-04,17,1
2957,treatment,2026-03-15,9,0
2958,control,2026-03-12,6,0
2959,treatment,2026-03-08,9,0
2960,control,2026-03-03,7,1
2961,control,2026-03-11,4,0
2962,control,2026-03-09,6,0
2963,control,2026-03-10,11,0
2964,control,2026-03-04,8,1
2965,control,2026-03-14,9,0
2966,control,2026-03-12,5,0
2967,treatment,2026-03-12,8,1
2968,treatment,2026-03-03,14,1
2969,control,2026-03-08,8,0
2970,control,2026-03-15,11,0
2971,control,2026-03-02,9,0
2972,treatment,2026-03-10,8,0
2973,treatment,2026-03-04,7,0
2974,treatment,2026-03-02,14,0
2975,control,2026-03-10,6,0
2976,treatment,2026-03-09,14,0
2977,treatment,2026-03-02,7,0
2978,control,2026-03-11,9,0
2979,control,2026-03-03,11,1
2980,control,2026-03-05,8,1
2981,control,2026-03-12,10,0
2982,control,2026-03-15,8,0
2983,control,2026-03-09,11,0
2984,control,2026-03-11,8,0
2985,treatment,2026-03-08,11,0
2986,control,2026-03-12,10,0
2987,treatment,2026-03-09,10,0
2988,treatment,2026-03-02,8,0
2989,control,2026-03-14,7,1
2990,treatment,2026-03-10,15,1
2991,treatment,2026-03-06,10,0
2992,control,2026-03-08,6,1
2993,treatment,2026-03-12,8,1
2994,control,2026-03-04,10,1
2995,control,2026-03-11,4,1
2996,control,2026-03-15,7,0
2997,control,2026-03-07,6,0
2998,treatment,2026-03-14,6,0
2999,treatment,2026-03-10,13,1
3000,treatment,2026-03-14,9,1
3001,control,2026-03-13,8,0
3002,control,2026-03-05,6,0
3003,control,2026-03-07,3,1
3004,control,2026-03-03,5,0
3005,treatment,2026-03-06,14,0
3006,control,2026-03-11,8,0
3007,treatment,2026-03-11,8,1
3008,treatment,2026-03-15,9,0
3009,treatment,2026-03-10,5,0
3010,control,2026-03-06,6,0
3011,treatment,2026-03-11,13,0
3012,control,2026-03-12,13,1
3013,control,2026-03-12,10,1
3014,treatment,2026-03-03,4,0
3015,control,2026-03-10,5,0
3016,treatment,2026-03-05,10,0
3017,treatment,2026-03-07,13,0
3018,treatment,2026-03-10,5,1
3019,treatment,2026-03-11,8,0
3020,treatment,2026-03-09,10,1
3021,control,2026-03-10,8,0
3022,control,2026-03-09,15,0
3023,control,2026-03-15,9,0
3024,control,2026-03-10,6,0
3025,treatment,2026-03-06,10,0
3026,control,2026-03-10,18,0
3027,control,2026-03-05,3,1
3028,control,2026-03-05,5,1
3029,treatment,2026-03-02,7,0
3030,treatment,2026-03-07,7,0
3031,control,2026-03-05,8,0
3032,treatment,2026-03-02,7,0
3033,control,2026-03-02,9,0
3034,control,2026-03-03,12,0
3035,treatment,2026-03-05,9,0
3036,treatment,2026-03-11,6,0
3037,treatment,2026-03-11,11,1
3038,control,2026-03-13,10,1
3039,control,2026-03-14,6,1
3040,treatment,2026-03-03,8,1
3041,treatment,2026-03-06,10,0
3042,treatment,2026-03-15,9,0
3043,control,2026-03-06,10,0
3044,treatment,2026-03-14,7,1
3045,control,2026-03-04,8,0
3046,control,2026-03-12,10,0
3047,treatment,2026-03-10,7,1
3048,treatment,2026-03-10,7,1
3049,control,2026-03-12,11,0
3050,treatment,2026-03-07,8,1
3051,treatment,2026-03-05,12,1
3052,control,2026-03-02,9,1
3053,treatment,2026-03-12,9,0
3054,control,2026-03-03,11,0
3055,control,2026-03-11,9,0
3056,control,2026-03-15,6,0
3057,control,2026-03-04,8,0
3058,control,2026-03-08,9,1
3059,control,2026-03-03,9,1
3060,treatment,2026-03-07,9,0
3061,control,2026-03-08,3,1
3062,treatment,2026-03-09,6,1
3063,control,2026-03-08,7,0
3064,treatment,2026-03-03,9,1
3065,control,2026-03-11,5,0
3066,treatment,2026-03-09,6,1
3067,treatment,2026-03-03,4,0
3068,treatment,2026-03-04,9,0
3069,control,2026-03-05,9,0
3070,treatment,2026-03-08,10,0
3071,treatment,2026-03-08,9,0
3072,control,2026-03-12,6,1
3073,control,2026-03-04,10,1
3074,control,2026-03-11,8,0
3075,treatment,2026-03-03,8,0
3076,control,2026-03-15,3,0
3077,control,2026-03-06,7,1
3078,treatment,2026-03-04,4,0
3079,control,2026-03-06,7,0
3080,treatment,2026-03-10,7,0
3081,control,2026-03-12,5,0
3082,treatment,2026-03-13,7,0
3083,treatment,2026-03-10,12,0
3084,treatment,2026-03-10,7,1
3085,treatment,2026-03-04,9,0
3086,treatment,2026-03-04,11,1
3087,control,2026-03-03,4,1
3088,treatment,2026-03-10,13,0
3089,control,2026-03-13,8,1
3090,control,2026-03-10,8,0
3091,control,2026-03-15,13,1
3092,control,2026-03-04,12,0
3093,control,2026-03-15,13,1
3094,control,2026-03-03,7,1
3095,treatment,2026-03-07,9,1
3096,control,2026-03-11,10,1
3097,treatment,2026-03-06,14,0
3098,control,2026-03-10,3,0
3099,treatment,2026-03-11,8,1
3100,control,2026-03-15,6,1
3101,treatment,2026-03-06,12,0
3102,control,2026-03-13,16,0
3103,control,2026-03-10,8,0
3104,treatment,2026-03-06,11,0
3105,treatment,2026-03-10,11,0
3106,treatment,2026-03-14,8,1
3107,treatment,2026-03-06,11,1
3108,treatment,2026-03-15,5,0
3109,control,2026-03-07,11,0
3110,treatment,2026-03-06,7,1
3111,treatment,2026-03-15,5,1
3112,control,2026-03-14,7,0
3113,treatment,2026-03-09,12,0
3114,treatment,2026-03-07,10,0
3115,control,2026-03-05,9,1
3116,treatment,2026-03-14,10,0
3117,control,2026-03-02,10,1
3118,treatment,2026-03-07,12,1
3119,control,2026-03-03,9,0
3120,treatment,2026-03-10,4,0
3121,treatment,2026-03-03,9,0
3122,control,2026-03-05,8,1
3123,control,2026-03-08,7,1
3124,treatment,2026-03-14,10,0
3125,control,2026-03-07,10,0
3126,control,2026-03-03,10,0
3127,control,2026-03-10,4,1
3128,control,2026-03-13,5,0
3129,treatment,2026-03-05,6,1
3130,control,2026-03-15,10,1
3131,control,2026-03-14,7,1
3132,control,2026-03-11,2,0
3133,control,2026-03-15,9,0
3134,treatment,2026-03-11,6,0
3135,control,2026-03-08,10,0
3136,control,2026-03-14,3,0
3137,treatment,2026-03-02,10,1
3138,control,2026-03-11,8,0
3139,treatment,2026-03-06,10,0
3140,treatment,2026-03-15,7,1
3141,control,2026-03-04,3,0
3142,control,2026-03-15,7,1
3143,treatment,2026-03-04,8,1
3144,treatment,2026-03-13,6,0
3145,control,2026-03-09,11,0
3146,control,2026-03-13,9,0
3147,control,2026-03-07,6,0
3148,treatment,2026-03-02,12,1
3149,treatment,2026-03-07,8,1
3150,control,2026-03-02,8,0
3151,control,2026-03-06,10,0
3152,treatment,2026-03-08,6,1
3153,treatment,2026-03-10,5,0
3154,control,2026-03-15,8,0
3155,treatment,2026-03-14,4,1
3156,treatment,2026-03-10,10,1
3157,treatment,2026-03-02,8,0
3158,control,2026-03-04,9,0
3159,treatment,2026-03-06,14,0
3160,treatment,2026-03-10,3,0
3161,control,2026-03-14,10,0
3162,treatment,2026-03-13,4,1
3163,control,2026-03-03,6,0
3164,treatment,2026-03-13,7,1
3165,treatment,2026-03-04,8,1
3166,treatment,2026-03-14,6,1
3167,treatment,2026-03-04,14,0
3168,treatment,2026-03-13,16,0
3169,control,2026-03-06,13,0
3170,treatment,2026-03-07,6,0
3171,control,2026-03-11,7,0
3172,control,2026-03-13,13,1
3173,treatment,2026-03-10,10,1
3174,treatment,2026-03-12,14,0
3175,control,2026-03-13,10,1
3176,treatment,2026-03-14,7,1
3177,control,2026-03-11,8,0
3178,treatment,2026-03-10,8,0
3179,treatment,2026-03-08,11,1
3180,treatment,2026-03-15,17,0
3181,treatment,2026-03-13,10,1
3182,treatment,2026-03-13,11,1
3183,treatment,2026-03-07,13,1
3184,control,2026-03-15,11,0
3185,treatment,2026-03-07,8,1
3186,treatment,2026-03-11,10,0
3187,control,2026-03-13,5,1
3188,control,2026-03-02,8,0
3189,treatment,2026-03-07,9,0
3190,control,2026-03-05,5,1
3191,treatment,2026-03-15,7,1
3192,control,2026-03-13,10,0
3193,control,2026-03-08,5,0
3194,treatment,2026-03-10,6,0
3195,control,2026-03-11,12,0
3196,treatment,2026-03-08,5,0
3197,control,2026-03-03,6,0
3198,treatment,2026-03-04,11,0
3199,control,2026-03-13,5,0
3200,treatment,2026-03-14,8,0
3201,treatment,2026-03-02,7,0
3202,treatment,2026-03-05,12,0
3203,treatment,2026-03-02,10,0
3204,treatment,2026-03-04,10,0
3205,treatment,2026-03-11,12,1
3206,treatment,2026-03-07,6,1
3207,control,2026-03-12,9,0
3208,control,2026-03-05,8,0
3209,control,2026-03-15,6,0
3210,treatment,2026-03-05,4,1
3211,control,2026-03-04,10,0
3212,control,2026-03-07,9,0
3213,treatment,2026-03-07,5,0
3214,treatment,2026-03-05,12,1
3215,treatment,2026-03-13,10,0
3216,treatment,2026-03-13,10,0
3217,control,2026-03-04,8,1
3218,treatment,2026-03-09,9,1
3219,control,2026-03-10,8,0
3220,treatment,2026-03-08,6,0
3221,treatment,2026-03-02,5,0
3222,control,2026-03-05,5,1
3223,control,2026-03-05,10,0
3224,control,2026-03-04,8,1
3225,treatment,2026-03-02,10,0
3226,control,2026-03-02,5,0
3227,treatment,2026-03-05,6,0
3228,treatment,2026-03-09,4,0
3229,control,2026-03-06,8,1
3230,treatment,2026-03-02,7,0
3231,treatment,2026-03-15,5,0
3232,treatment,2026-03-07,13,1
3233,control,2026-03-13,5,1
3234,treatment,2026-03-05,7,0
3235,control,2026-03-03,8,0
3236,control,2026-03-13,8,1
3237,treatment,2026-03-10,9,1
3238,control,2026-03-06,12,0
3239,control,2026-03-02,3,1
3240,control,2026-03-05,6,1
3241,treatment,2026-03-08,11,1
3242,control,2026-03-07,9,0
3243,control,2026-03-02,14,1
3244,control,2026-03-04,13,1
3245,treatment,2026-03-06,7,0
3246,control,2026-03-10,5,0
3247,treatment,2026-03-07,12,0
3248,control,2026-03-11,6,0
3249,treatment,2026-03-04,11,1
3250,treatment,2026-03-06,5,0
3251,treatment,2026-03-14,8,0
3252,treatment,2026-03-15,7,0
3253,control,2026-03-02,5,1
3254,treatment,2026-03-07,14,0
3255,control,2026-03-03,8,0
3256,treatment,2026-03-10,13,0
3257,treatment,2026-03-10,12,0
3258,treatment,2026-03-03,12,0
3259,treatment,2026-03-08,9,1
3260,control,2026-03-09,5,1
3261,control,2026-03-13,9,1
3262,control,2026-03-10,8,1
3263,treatment,2026-03-04,11,0
3264,control,2026-03-11,8,1
3265,treatment,2026-03-14,7,0
3266,control,2026-03-02,6,1
3267,control,2026-03-05,6,0
3268,control,2026-03-10,6,0
3269,treatment,2026-03-02,9,0
3270,control,2026-03-05,13,1
3271,control,2026-03-07,12,0
3272,control,2026-03-05,5,0
3273,treatment,2026-03-10,6,0
3274,treatment,2026-03-05,8,0
3275,control,2026-03-04,16,1
3276,control,2026-03-07,10,1
3277,treatment,2026-03-08,8,0
3278,control,2026-03-10,7,1
3279,control,2026-03-08,7,1
3280,control,2026-03-14,5,0
3281,control,2026-03-15,10,1
3282,control,2026-03-14,9,1
3283,control,2026-03-03,13,0
3284,control,2026-03-13,8,1
3285,control,2026-03-14,6,1
3286,control,2026-03-09,6,1
3287,treatment,2026-03-11,7,1
3288,control,2026-03-09,10,0
3289,treatment,2026-03-15,7,0
3290,treatment,2026-03-03,14,1
3291,control,2026-03-15,10,0
3292,control,2026-03-07,10,0
3293,treatment,2026-03-06,8,0
3294,control,2026-03-07,10,0
3295,treatment,2026-03-07,10,0
3296,treatment,2026-03-03,12,1
3297,treatment,2026-03-11,2,0
3298,control,2026-03-04,6,1
3299,control,2026-03-11,5,0
3300,control,2026-03-11,5,0
3301,treatment,2026-03-02,6,0
3302,control,2026-03-03,6,1
3303,control,2026-03-06,8,1
3304,treatment,2026-03-04,6,1
3305,treatment,2026-03-09,6,0
3306,treatment,2026-03-03,13,0
3307,control,2026-03-02,9,1
3308,control,2026-03-02,13,1
3309,control,2026-03-11,6,0
3310,control,2026-03-02,7,0
3311,control,2026-03-12,12,0
3312,treatment,2026-03-07,3,1
3313,control,2026-03-10,11,0
3314,treatment,2026-03-15,10,0
3315,control,2026-03-04,6,0
3316,control,2026-03-05,3,0
3317,control,2026-03-03,5,1
3318,control,2026-03-11,6,0
3319,control,2026-03-12,10,0
3320,control,2026-03-12,6,1
3321,treatment,2026-03-05,7,0
3322,treatment,2026-03-08,8,1
3323,control,2026-03-11,5,0
3324,treatment,2026-03-05,8,0
3325,control,2026-03-07,9,1
3326,control,2026-03-10,4,0
3327,treatment,2026-03-14,8,1
3328,control,2026-03-15,5,0
3329,control,2026-03-08,12,1
3330,treatment,2026-03-02,6,0
3331,treatment,2026-03-09,8,0
3332,control,2026-03-10,11,0
3333,control,2026-03-09,8,0
3334,control,2026-03-07,5,0
3335,control,2026-03-09,5,0
3336,treatment,2026-03-07,8,1
3337,control,2026-03-08,6,1
3338,control,2026-03-08,6,1
3339,control,2026-03-04,7,1
3340,control,2026-03-12,10,0
3341,treatment,2026-03-09,9,0
3342,treatment,2026-03-05,5,0
3343,control,2026-03-11,7,1
3344,treatment,2026-03-06,8,0
3345,control,2026-03-07,7,0
3346,treatment,2026-03-07,4,0
3347,treatment,2026-03-12,8,1
3348,control,2026-03-06,6,0
3349,control,2026-03-04,7,0
3350,treatment,2026-03-12,11,1
3351,control,2026-03-07,7,0
3352,treatment,2026-03-11,11,1
3353,treatment,2026-03-02,9,0
3354,treatment,2026-03-05,8,0
3355,control,2026-03-08,11,1
3356,treatment,2026-03-08,9,0
3357,control,2026-03-04,7,0
3358,treatment,2026-03-10,6,0
3359,treatment,2026-03-07,7,0
3360,treatment,2026-03-06,10,0
3361,treatment,2026-03-04,10,1
3362,control,2026-03-15,11,1
3363,treatment,2026-03-12,13,0
3364,control,2026-03-08,12,0
3365,control,2026-03-13,8,0
3366,treatment,2026-03-15,13,0
3367,control,2026-03-07,10,0
3368,treatment,2026-03-08,14,1
3369,control,2026-03-12,5,0
3370,control,2026-03-11,9,0
3371,control,2026-03-03,9,1
3372,treatment,2026-03-09,6,0
3373,control,2026-03-11,8,0
3374,treatment,2026-03-12,5,0
3375,treatment,2026-03-10,13,0
3376,control,2026-03-10,3,0
3377,treatment,2026-03-15,10,0
3378,control,2026-03-13,12,0
3379,control,2026-03-14,10,0
3380,control,2026-03-04,9,0
3381,control,2026-03-04,8,0
3382,control,2026-03-09,5,0
3383,treatment,2026-03-09,14,0
3384,treatment,2026-03-06,9,1
3385,control,2026-03-05,5,0
3386,control,2026-03-06,8,0
3387,treatment,2026-03-06,8,1
3388,treatment,2026-03-02,9,0
3389,treatment,2026-03-13,7,0
3390,control,2026-03-03,9,0
3391,control,2026-03-07,4,1
3392,control,2026-03-09,6,1
3393,control,2026-03-03,8,1
3394,control,2026-03-07,8,0
3395,control,2026-03-02,8,0
3396,control,2026-03-11,7,0
3397,treatment,2026-03-08,12,0
3398,treatment,2026-03-09,9,1
3399,treatment,2026-03-14,7,0
3400,treatment,2026-03-14,9,1
3401,treatment,2026-03-03,8,1
3402,control,2026-03-10,3,0
3403,control,2026-03-03,8,1
3404,control,2026-03-02,7,0
3405,control,2026-03-06,13,1
3406,control,2026-03-08,7,0
3407,treatment,2026-03-02,7,0
3408,control,2026-03-03,12,1
3409,control,2026-03-06,8,0
3410,treatment,2026-03-08,6,0
3411,control,2026-03-15,12,0
3412,treatment,2026-03-14,7,1
3413,treatment,2026-03-11,4,0
3414,control,2026-03-15,12,1
3415,control,2026-03-10,8,0
3416,treatment,2026-03-13,12,0
3417,control,2026-03-15,7,1
3418,treatment,2026-03-08,11,0
3419,treatment,2026-03-12,12,1
3420,control,2026-03-13,9,0
3421,control,2026-03-11,5,0
3422,control,2026-03-10,4,0
3423,treatment,2026-03-03,9,1
3424,control,2026-03-04,9,1
3425,control,2026-03-14,14,1
3426,control,2026-03-10,8,0
3427,control,2026-03-05,7,0
3428,treatment,2026-03-07,5,1
3429,control,2026-03-03,12,1
3430,treatment,2026-03-02,8,0
3431,treatment,2026-03-07,7,0
3432,control,2026-03-14,7,0
3433,control,2026-03-14,10,1
3434,control,2026-03-14,10,0
3435,treatment,2026-03-11,7,1
3436,treatment,2026-03-13,8,0
3437,treatment,2026-03-13,8,0
3438,treatment,2026-03-07,9,0
3439,control,2026-03-05,9,0
3440,control,2026-03-10,14,1
3441,treatment,2026-03-03,6,1
3442,control,2026-03-13,6,0
3443,control,2026-03-05,7,1
3444,treatment,2026-03-10,8,0
3445,control,2026-03-15,10,1
3446,treatment,2026-03-09,9,0
3447,treatment,2026-03-04,10,0
3448,control,2026-03-06,7,1
3449,treatment,2026-03-12,11,0
3450,treatment,2026-03-04,7,1
3451,control,2026-03-13,6,1
3452,treatment,2026-03-08,9,1
3453,treatment,2026-03-06,9,1
3454,control,2026-03-07,4,1
3455,control,2026-03-14,10,0
3456,treatment,2026-03-08,7,1
3457,control,2026-03-14,11,0
3458,treatment,2026-03-10,10,0
3459,control,2026-03-11,9,0
3460,control,2026-03-09,9,1
3461,treatment,2026-03-05,12,0
3462,control,2026-03-15,8,0
3463,treatment,2026-03-15,12,1
3464,treatment,2026-03-05,9,0
3465,control,2026-03-04,10,0
3466,control,2026-03-08,12,1
3467,treatment,2026-03-03,7,0
3468,treatment,2026-03-09,6,1
3469,treatment,2026-03-15,7,0
3470,treatment,2026-03-13,10,1
3471,control,2026-03-15,10,1
3472,treatment,2026-03-11,9,0
3473,treatment,2026-03-09,12,0
3474,treatment,2026-03-11,11,0
3475,treatment,2026-03-03,5,0
3476,control,2026-03-10,7,1
3477,control,2026-03-02,5,1
3478,treatment,2026-03-15,9,0
3479,control,2026-03-10,12,0
3480,treatment,2026-03-07,8,0
3481,control,2026-03-07,8,0
3482,treatment,2026-03-14,13,1
3483,treatment,2026-03-13,11,1
3484,control,2026-03-11,6,0
3485,treatment,2026-03-09,12,1
3486,control,2026-03-12,9,1
3487,treatment,2026-03-06,7,1
3488,control,2026-03-10,1,1
3489,treatment,2026-03-14,5,0
3490,treatment,2026-03-14,9,0
3491,treatment,2026-03-02,5,0
3492,treatment,2026-03-02,10,0
3493,control,2026-03-03,8,0
3494,treatment,2026-03-03,7,0
3495,treatment,2026-03-05,9,1
3496,control,2026-03-10,8,0
3497,control,2026-03-03,8,1
3498,treatment,2026-03-03,15,1
3499,treatment,2026-03-13,10,0
3500,treatment,2026-03-03,12,1
3501,control,2026-03-11,13,0
3502,treatment,2026-03-07,11,1
3503,treatment,2026-03-13,12,1
3504,control,2026-03-09,10,0
3505,control,2026-03-10,6,0
3506,control,2026-03-12,8,0
3507,control,2026-03-05,9,0
3508,control,2026-03-03,4,1
3509,control,2026-03-11,16,1
3510,control,2026-03-04,6,0
3511,control,2026-03-02,9,0
3512,treatment,2026-03-06,6,1
3513,treatment,2026-03-10,7,0
3514,treatment,2026-03-04,9,0
3515,control,2026-03-12,7,0
3516,treatment,2026-03-05,12,0
3517,control,2026-03-14,7,0
3518,control,2026-03-10,9,0
3519,control,2026-03-13,9,0
3520,treatment,2026-03-09,9,1
3521,control,2026-03-07,3,0
3522,treatment,2026-03-14,15,0
3523,treatment,2026-03-09,8,0
3524,control,2026-03-07,10,1
3525,control,2026-03-03,7,0
3526,treatment,2026-03-14,10,0
3527,treatment,2026-03-08,10,1
3528,treatment,2026-03-03,10,0
3529,treatment,2026-03-04,8,0
3530,control,2026-03-12,6,0
3531,treatment,2026-03-14,8,1
3532,treatment,2026-03-15,9,0
3533,treatment,2026-03-10,9,0
3534,treatment,2026-03-06,6,0
3535,control,2026-03-03,10,1
3536,treatment,2026-03-13,9,1
3537,control,2026-03-13,4,0
3538,treatment,2026-03-07,6,1
3539,treatment,2026-03-10,9,1
3540,control,2026-03-07,10,0
3541,treatment,2026-03-14,9,0
3542,control,2026-03-09,9,1
3543,treatment,2026-03-07,7,1
3544,control,2026-03-04,7,1
3545,control,2026-03-06,7,1
3546,control,2026-03-06,5,1
3547,control,2026-03-10,7,0
3548,control,2026-03-11,9,1
3549,control,2026-03-07,6,0
3550,treatment,2026-03-14,9,0
3551,treatment,2026-03-02,11,0
3552,control,2026-03-04,6,1
3553,treatment,2026-03-05,10,1
3554,control,2026-03-05,12,1
3555,control,2026-03-05,4,0
3556,treatment,2026-03-06,7,1
3557,control,2026-03-03,7,1
3558,treatment,2026-03-10,7,0
3559,treatment,2026-03-05,8,0
3560,control,2026-03-04,5,1
3561,control,2026-03-13,9,0
3562,control,2026-03-12,16,1
3563,control,2026-03-04,8,0
3564,control,2026-03-07,9,0
3565,control,2026-03-02,8,1
3566,treatment,2026-03-09,10,0
3567,treatment,2026-03-08,9,0
3568,treatment,2026-03-07,9,0
3569,control,2026-03-06,9,1
3570,treatment,2026-03-05,9,0
3571,control,2026-03-03,9,0
3572,control,2026-03-05,5,1
3573,treatment,2026-03-05,9,0
3574,control,2026-03-08,4,1
3575,control,2026-03-13,12,1
3576,treatment,2026-03-06,5,0
3577,control,2026-03-10,8,1
3578,treatment,2026-03-07,4,0
3579,treatment,2026-03-11,5,0
3580,treatment,2026-03-06,6,1
3581,treatment,2026-03-06,6,0
3582,treatment,2026-03-13,11,0
3583,control,2026-03-15,7,1
3584,treatment,2026-03-02,5,0
3585,control,2026-03-03,13,0
3586,control,2026-03-12,6,1
3587,control,2026-03-02,7,0
3588,control,2026-03-13,12,0
3589,control,2026-03-08,6,0
3590,control,2026-03-12,10,0
3591,control,2026-03-08,9,0
3592,treatment,2026-03-13,7,0
3593,treatment,2026-03-12,14,0
3594,control,2026-03-04,3,1
3595,treatment,2026-03-07,6,1
3596,control,2026-03-04,5,0
3597,control,2026-03-11,4,1
3598,control,2026-03-03,6,0
3599,control,2026-03-08,7,0
3600,control,2026-03-06,4,0
3601,control,2026-03-09,9,0
3602,control,2026-03-02,11,1
3603,control,2026-03-14,13,1
3604,control,2026-03-03,8,1
3605,treatment,2026-03-05,6,1
3606,treatment,2026-03-04,10,1
3607,treatment,2026-03-04,5,0
3608,control,2026-03-06,13,1
3609,control,2026-03-14,8,0
3610,control,2026-03-08,6,1
3611,control,2026-03-13,3,0
3612,treatment,2026-03-02,9,1
3613,treatment,2026-03-04,9,1
3614,treatment,2026-03-09,4,1
3615,control,2026-03-06,9,0
3616,treatment,2026-03-04,5,1
3617,treatment,2026-03-02,3,1
3618,treatment,2026-03-15,6,0
3619,control,2026-03-11,7,1
3620,control,2026-03-09,5,1
3621,treatment,2026-03-07,9,0
3622,treatment,2026-03-06,8,1
3623,treatment,2026-03-14,9,0
3624,treatment,2026-03-04,14,1
3625,treatment,2026-03-13,6,0
3626,control,2026-03-02,7,1
3627,treatment,2026-03-14,5,0
3628,treatment,2026-03-02,5,1
3629,treatment,2026-03-08,13,1
3630,treatment,2026-03-09,8,0
3631,treatment,2026-03-02,6,0
3632,treatment,2026-03-02,10,1
3633,control,2026-03-11,11,0
3634,control,2026-03-10,7,1
3635,control,2026-03-13,8,0
3636,control,2026-03-14,8,0
3637,treatment,2026-03-02,10,1
3638,treatment,2026-03-15,7,0
3639,treatment,2026-03-07,11,0
3640,treatment,2026-03-08,7,1
3641,treatment,2026-03-15,8,1
3642,treatment,2026-03-04,8,0
3643,treatment,2026-03-07,8,0
3644,treatment,2026-03-13,8,1
3645,treatment,2026-03-14,12,0
3646,treatment,2026-03-06,7,0
3647,treatment,2026-03-10,2,0
3648,treatment,2026-03-07,3,1
3649,control,2026-03-10,12,0
3650,treatment,2026-03-04,11,1
3651,control,2026-03-03,4,0
3652,treatment,2026-03-14,16,0
3653,treatment,2026-03-06,8,0
3654,treatment,2026-03-04,8,1
3655,control,2026-03-03,6,0
3656,control,2026-03-06,9,0
3657,treatment,2026-03-03,7,1
3658,control,2026-03-13,9,0
3659,treatment,2026-03-11,2,1
3660,control,2026-03-14,11,0
3661,control,2026-03-06,5,1
3662,control,2026-03-04,7,0
3663,treatment,2026-03-14,7,1
3664,treatment,2026-03-08,8,0
3665,control,2026-03-04,9,0
3666,control,2026-03-13,8,0
3667,control,2026-03-09,15,0
3668,treatment,2026-03-08,13,0
3669,treatment,2026-03-06,5,0
3670,treatment,2026-03-02,8,0
3671,treatment,2026-03-10,7,1
3672,treatment,2026-03-05,6,0
3673,treatment,2026-03-12,6,1
3674,treatment,2026-03-08,6,0
3675,control,2026-03-12,10,0
3676,treatment,2026-03-09,5,0
3677,treatment,2026-03-11,9,0
3678,control,2026-03-14,9,1
3679,control,2026-03-15,9,0
3680,control,2026-03-12,2,1
3681,control,2026-03-02,8,0
3682,treatment,2026-03-10,10,1
3683,treatment,2026-03-02,4,0
3684,treatment,2026-03-14,11,0
3685,control,2026-03-11,6,0
3686,treatment,2026-03-15,7,1
3687,treatment,2026-03-09,8,0
3688,treatment,2026-03-09,8,1
3689,treatment,2026-03-12,13,1
3690,control,2026-03-10,8,1
3691,control,2026-03-15,7,0
3692,treatment,2026-03-11,14,0
3693,control,2026-03-10,8,0
3694,control,2026-03-11,11,1
3695,treatment,2026-03-04,8,0
3696,control,2026-03-05,11,0
3697,control,2026-03-14,11,0
3698,treatment,2026-03-13,9,0
3699,treatment,2026-03-15,7,0
3700,control,2026-03-10,11,0
3701,treatment,2026-03-15,11,1
3702,control,2026-03-06,5,0
3703,control,2026-03-03,7,0
3704,control,2026-03-12,10,1
3705,control,2026-03-14,6,0
3706,treatment,2026-03-14,11,0
3707,treatment,2026-03-05,6,0
3708,control,2026-03-09,8,0
3709,treatment,2026-03-07,12,1
3710,treatment,2026-03-10,10,1
3711,treatment,2026-03-15,9,0
3712,control,2026-03-11,7,1
3713,control,2026-03-08,8,1
3714,control,2026-03-12,10,0
3715,control,2026-03-03,13,1
3716,treatment,2026-03-14,8,0
3717,control,2026-03-10,6,0
3718,treatment,2026-03-03,5,0
3719,treatment,2026-03-11,12,0
3720,treatment,2026-03-02,5,0
3721,control,2026-03-04,12,0
3722,control,2026-03-06,17,1
3723,treatment,2026-03-12,11,0
3724,control,2026-03-07,8,1
3725,treatment,2026-03-05,8,1
3726,treatment,2026-03-11,9,0
3727,control,2026-03-11,5,1
3728,control,2026-03-13,9,0
3729,treatment,2026-03-11,9,1
3730,control,2026-03-12,5,0
3731,treatment,2026-03-03,10,0
3732,control,2026-03-05,6,1
3733,treatment,2026-03-05,14,0
3734,treatment,2026-03-15,11,0
3735,control,2026-03-14,11,0
3736,control,2026-03-05,8,0
3737,treatment,2026-03-14,14,1
3738,control,2026-03-15,5,1
3739,control,2026-03-12,5,0
3740,control,2026-03-05,9,0
3741,treatment,2026-03-13,6,1
3742,control,2026-03-02,5,0
3743,control,2026-03-14,4,1
3744,treatment,2026-03-15,8,1
3745,control,2026-03-05,5,0
3746,treatment,2026-03-02,7,0
3747,treatment,2026-03-05,8,1
3748,control,2026-03-07,7,0
3749,control,2026-03-06,15,0
3750,control,2026-03-15,7,0
3751,treatment,2026-03-08,6,0
3752,treatment,2026-03-08,11,1
3753,treatment,2026-03-06,14,0
3754,treatment,2026-03-05,3,0
3755,control,2026-03-06,8,0
3756,control,2026-03-07,7,0
3757,treatment,2026-03-09,6,0
3758,control,2026-03-10,7,1
3759,treatment,2026-03-13,11,0
3760,control,2026-03-08,10,1
3761,treatment,2026-03-14,14,0
3762,control,2026-03-11,10,0
3763,control,2026-03-11,8,0
3764,treatment,2026-03-11,6,0
3765,control,2026-03-04,3,0
3766,control,2026-03-03,6,0
3767,control,2026-03-11,9,1
3768,control,2026-03-03,2,1
3769,treatment,2026-03-03,6,0
3770,control,2026-03-10,4,1
3771,control,2026-03-13,6,0
3772,treatment,2026-03-07,7,1
3773,control,2026-03-14,10,0
3774,treatment,2026-03-12,9,1
3775,treatment,2026-03-13,10,0
3776,treatment,2026-03-12,9,0
3777,control,2026-03-03,9,0
3778,control,2026-03-02,5,0
3779,treatment,2026-03-05,12,1
3780,control,2026-03-04,6,1
3781,control,2026-03-14,6,1
3782,treatment,2026-03-02,16,1
3783,treatment,2026-03-06,5,0
3784,control,2026-03-11,5,0
3785,treatment,2026-03-15,13,1
3786,treatment,2026-03-06,6,0
3787,treatment,2026-03-09,7,1
3788,control,2026-03-08,7,0
3789,control,2026-03-05,9,0
3790,control,2026-03-11,5,0
3791,treatment,2026-03-02,5,1
3792,treatment,2026-03-14,8,0
3793,treatment,2026-03-02,13,0
3794,control,2026-03-14,9,0
3795,treatment,2026-03-07,5,0
3796,control,2026-03-10,7,0
3797,control,2026-03-10,11,0
3798,treatment,2026-03-11,10,0
3799,treatment,2026-03-14,12,0
3800,control,2026-03-08,12,1
3801,treatment,2026-03-11,11,1
3802,treatment,2026-03-08,14,1
3803,treatment,2026-03-13,17,0
3804,treatment,2026-03-05,11,0
3805,treatment,2026-03-09,10,0
3806,treatment,2026-03-06,7,1
3807,control,2026-03-15,13,1
3808,treatment,2026-03-07,11,0
3809,control,2026-03-04,10,0
3810,treatment,2026-03-13,9,0
3811,treatment,2026-03-07,10,1
3812,treatment,2026-03-11,10,0
3813,control,2026-03-11,7,0
3814,treatment,2026-03-15,2,0
3815,treatment,2026-03-08,3,0
3816,treatment,2026-03-02,9,1
3817,control,2026-03-07,5,0
3818,control,2026-03-06,10,0
3819,treatment,2026-03-05,12,0
3820,control,2026-03-03,15,0
3821,treatment,2026-03-05,8,1
3822,treatment,2026-03-13,11,0
3823,control,2026-03-07,8,0
3824,control,2026-03-03,11,1
3825,control,2026-03-06,7,1
3826,treatment,2026-03-02,7,0
3827,control,2026-03-10,4,0
3828,control,2026-03-07,11,1
3829,treatment,2026-03-05,8,0
3830,control,2026-03-09,11,0
3831,control,2026-03-02,13,0
3832,treatment,2026-03-14,12,0
3833,treatment,2026-03-03,11,0
3834,control,2026-03-02,13,0
3835,treatment,2026-03-12,15,1
3836,control,2026-03-11,8,1
3837,control,2026-03-10,12,1
3838,treatment,2026-03-10,8,0
3839,control,2026-03-02,7,1
3840,treatment,2026-03-03,6,0
3841,control,2026-03-10,7,0
3842,control,2026-03-06,9,0
3843,control,2026-03-05,13,0
3844,treatment,2026-03-10,8,0
3845,treatment,2026-03-10,7,1
3846,treatment,2026-03-15,6,0
3847,treatment,2026-03-13,10,0
3848,control,2026-03-14,9,1
3849,control,2026-03-15,7,1
3850,control,2026-03-10,11,1
3851,control,2026-03-11,8,1
3852,control,2026-03-05,6,0
3853,treatment,2026-03-09,9,1
3854,control,2026-03-08,3,1
3855,treatment,2026-03-03,7,0
3856,treatment,2026-03-05,8,0
3857,control,2026-03-06,9,0
3858,treatment,2026-03-08,11,0
3859,control,2026-03-06,5,1
3860,treatment,2026-03-10,5,0
3861,treatment,2026-03-08,5,1
3862,control,2026-03-06,8,0
3863,control,2026-03-09,5,1
3864,control,2026-03-03,6,1
3865,treatment,2026-03-13,11,1
3866,control,2026-03-04,10,1
3867,treatment,2026-03-07,3,1
3868,control,2026-03-07,5,1
3869,treatment,2026-03-12,11,0
3870,control,2026-03-13,6,1
3871,control,2026-03-07,7,1
3872,treatment,2026-03-04,7,1
3873,control,2026-03-07,9,0
3874,control,2026-03-14,10,1
3875,control,2026-03-07,6,0
3876,treatment,2026-03-07,13,0
3877,control,2026-03-07,7,1
3878,control,2026-03-04,6,1
3879,control,2026-03-11,7,0
3880,treatment,2026-03-02,6,1
3881,control,2026-03-14,5,0
3882,control,2026-03-02,10,0
3883,control,2026-03-11,6,0
3884,control,2026-03-07,3,0
3885,control,2026-03-13,9,0
3886,control,2026-03-11,7,0
3887,control,2026-03-11,7,0
3888,control,2026-03-05,2,1
3889,control,2026-03-08,1,1
3890,treatment,2026-03-06,7,0
3891,treatment,2026-03-08,10,1
3892,treatment,2026-03-11,8,1
3893,treatment,2026-03-05,8,0
3894,control,2026-03-09,9,1
3895,treatment,2026-03-03,7,0
3896,treatment,2026-03-08,8,0
3897,treatment,2026-03-05,9,0
3898,control,2026-03-06,2,1
3899,control,2026-03-05,11,1
3900,control,2026-03-11,5,1
3901,treatment,2026-03-09,4,0
3902,treatment,2026-03-09,10,0
3903,treatment,2026-03-05,9,1
3904,treatment,2026-03-12,11,0
3905,treatment,2026-03-11,8,1
3906,treatment,2026-03-10,9,1
3907,control,2026-03-08,12,1
3908,control,2026-03-06,8,0
3909,treatment,2026-03-06,9,0
3910,control,2026-03-12,10,0
3911,control,2026-03-12,9,1
3912,treatment,2026-03-05,11,0
3913,treatment,2026-03-15,13,1
3914,treatment,2026-03-06,11,0
3915,control,2026-03-11,4,1
3916,treatment,2026-03-11,5,1
3917,control,2026-03-02,7,1
3918,treatment,2026-03-11,5,0
3919,control,2026-03-03,6,0
3920,treatment,2026-03-03,8,0
3921,control,2026-03-13,7,0
3922,treatment,2026-03-15,8,1
3923,control,2026-03-11,4,0
3924,control,2026-03-12,13,0
3925,treatment,2026-03-11,9,0
3926,control,2026-03-11,11,0
3927,treatment,2026-03-04,13,0
3928,treatment,2026-03-09,5,1
3929,control,2026-03-06,5,1
3930,control,2026-03-15,7,0
3931,control,2026-03-12,11,0
3932,treatment,2026-03-05,13,0
3933,treatment,2026-03-03,9,0
3934,control,2026-03-09,9,1
3935,control,2026-03-10,6,1
3936,control,2026-03-08,5,1
3937,treatment,2026-03-04,8,0
3938,control,2026-03-03,7,0
3939,treatment,2026-03-07,4,0
3940,control,2026-03-05,8,1
3941,control,2026-03-08,11,0
3942,control,2026-03-05,4,1
3943,control,2026-03-11,11,0
3944,control,2026-03-09,5,1
3945,treatment,2026-03-07,13,1
3946,treatment,2026-03-07,9,1
3947,treatment,2026-03-14,9,1
3948,treatment,2026-03-06,3,0
3949,control,2026-03-10,7,1
3950,treatment,2026-03-12,4,0
3951,control,2026-03-15,9,0
3952,control,2026-03-05,5,1
3953,treatment,2026-03-05,9,0
3954,control,2026-03-08,12,1
3955,treatment,2026-03-09,10,0
3956,treatment,2026-03-14,14,1
3957,control,2026-03-07,6,1
3958,treatment,2026-03-13,8,0
3959,treatment,2026-03-06,7,0
3960,treatment,2026-03-15,7,0
3961,treatment,2026-03-08,9,0
3962,treatment,2026-03-11,11,1
3963,treatment,2026-03-07,15,0
3964,control,2026-03-15,8,0
3965,control,2026-03-06,3,1
3966,treatment,2026-03-12,9,0
3967,control,2026-03-03,9,1
3968,control,2026-03-15,12,1
3969,control,2026-03-14,12,0
3970,treatment,2026-03-09,11,0
3971,treatment,2026-03-10,10,0
3972,treatment,2026-03-02,5,0
3973,treatment,2026-03-04,11,0
3974,treatment,2026-03-06,11,1
3975,treatment,2026-03-13,8,0
3976,treatment,2026-03-08,8,0
3977,treatment,2026-03-07,9,0
3978,control,2026-03-14,11,1
3979,control,2026-03-15,5,0
3980,control,2026-03-14,7,0
3981,control,2026-03-15,4,1
3982,control,2026-03-05,11,1
3983,treatment,2026-03-10,9,1
3984,control,2026-03-09,5,0
3985,treatment,2026-03-09,8,0
3986,treatment,2026-03-07,8,0
3987,control,2026-03-05,12,0
3988,control,2026-03-15,9,1
3989,treatment,2026-03-10,8,0
3990,control,2026-03-06,2,1
3991,control,2026-03-02,4,1
3992,control,2026-03-15,5,1
3993,treatment,2026-03-08,5,1
3994,control,2026-03-08,8,0
3995,control,2026-03-10,12,0
3996,control,2026-03-11,9,0
3997,control,2026-03-10,13,0
3998,control,2026-03-10,4,0
3999,control,2026-03-03,8,0
4000,control,2026-03-09,8,1
4001,control,2026-03-08,9,1
4002,control,2026-03-14,10,0
4003,treatment,2026-03-15,8,0
4004,control,2026-03-10,7,0
4005,treatment,2026-03-10,11,0
4006,treatment,2026-03-09,11,0
4007,treatment,2026-03-10,6,0
4008,control,2026-03-02,9,0
4009,treatment,2026-03-02,13,1
4010,treatment,2026-03-03,7,1
4011,control,2026-03-05,8,0
4012,control,2026-03-15,12,0
4013,control,2026-03-04,7,0
4014,control,2026-03-03,8,0
4015,treatment,2026-03-05,7,0
4016,control,2026-03-05,6,0
4017,treatment,2026-03-06,4,1
4018,control,2026-03-11,9,0
4019,control,2026-03-15,11,1
4020,treatment,2026-03-03,10,1
4021,control,2026-03-10,13,1
4022,treatment,2026-03-09,3,0
4023,control,2026-03-05,8,0
4024,treatment,2026-03-03,7,0
4025,treatment,2026-03-14,15,0
4026,control,2026-03-03,12,0
4027,treatment,2026-03-04,12,0
4028,treatment,2026-03-13,10,1
4029,control,2026-03-09,5,1
4030,treatment,2026-03-14,7,1
4031,control,2026-03-09,8,0
4032,treatment,2026-03-12,8,0
4033,treatment,2026-03-15,8,0
4034,treatment,2026-03-05,11,0
4035,treatment,2026-03-13,11,1
4036,control,2026-03-12,9,1
4037,treatment,2026-03-03,10,0
4038,control,2026-03-11,9,0
4039,treatment,2026-03-14,3,1
4040,control,2026-03-07,10,1
4041,control,2026-03-02,13,1
4042,control,2026-03-12,6,0
4043,control,2026-03-04,10,1
4044,control,2026-03-08,5,1
4045,treatment,2026-03-12,11,1
4046,treatment,2026-03-03,11,0
4047,control,2026-03-12,8,0
4048,treatment,2026-03-04,8,0
4049,treatment,2026-03-08,12,0
4050,control,2026-03-02,6,0
4051,treatment,2026-03-03,6,0
4052,control,2026-03-09,1,1
4053,treatment,2026-03-13,16,0
4054,treatment,2026-03-15,10,0
4055,treatment,2026-03-11,5,0
4056,treatment,2026-03-08,13,0
4057,treatment,2026-03-02,7,0
4058,control,2026-03-15,7,1
4059,treatment,2026-03-14,9,0
4060,treatment,2026-03-07,5,1
4061,treatment,2026-03-04,5,0
4062,control,2026-03-14,10,0
4063,treatment,2026-03-04,10,0
4064,control,2026-03-09,6,0
4065,control,2026-03-05,7,1
4066,treatment,2026-03-06,8,1
4067,control,2026-03-03,10,0
4068,treatment,2026-03-13,13,0
4069,treatment,2026-03-08,5,1
4070,treatment,2026-03-07,6,0
4071,treatment,2026-03-03,5,0
4072,control,2026-03-06,5,0
4073,treatment,2026-03-06,8,1
4074,treatment,2026-03-03,10,0
4075,treatment,2026-03-02,8,1
4076,treatment,2026-03-02,8,1
4077,treatment,2026-03-10,10,1
4078,control,2026-03-03,12,1
4079,control,2026-03-06,6,0
4080,treatment,2026-03-11,14,0
4081,control,2026-03-03,9,0
4082,control,2026-03-02,13,0
4083,treatment,2026-03-04,9,0
4084,treatment,2026-03-12,14,0
4085,treatment,2026-03-03,10,1
4086,control,2026-03-13,6,1
4087,treatment,2026-03-14,5,1
4088,control,2026-03-02,4,0
4089,treatment,2026-03-15,14,1
4090,treatment,2026-03-09,14,0
4091,control,2026-03-04,6,0
4092,treatment,2026-03-12,8,0
4093,treatment,2026-03-14,9,0
4094,treatment,2026-03-13,6,0
4095,control,2026-03-05,2,0
4096,control,2026-03-09,8,0
4097,treatment,2026-03-08,14,1
4098,treatment,2026-03-04,8,0
4099,control,2026-03-11,9,1
4100,treatment,2026-03-09,12,0
4101,treatment,2026-03-14,11,0
4102,control,2026-03-10,8,1
4103,treatment,2026-03-03,7,1
4104,treatment,2026-03-14,11,0
4105,control,2026-03-03,8,1
4106,control,2026-03-13,7,0
4107,control,2026-03-14,4,1
4108,treatment,2026-03-02,19,0
4109,control,2026-03-06,7,1
4110,control,2026-03-06,8,0
4111,treatment,2026-03-12,12,0
4112,control,2026-03-07,5,1
4113,treatment,2026-03-09,7,0
4114,control,2026-03-12,8,0
4115,treatment,2026-03-15,7,0
4116,control,2026-03-09,7,0
4117,treatment,2026-03-15,9,1
4118,control,2026-03-12,7,1
4119,treatment,2026-03-03,11,1
4120,control,2026-03-13,11,0
4121,control,2026-03-06,6,0
4122,control,2026-03-11,8,0
4123,control,2026-03-06,8,0
4124,control,2026-03-05,4,0
4125,treatment,2026-03-02,15,1
4126,treatment,2026-03-13,3,1
4127,control,2026-03-12,6,0
4128,control,2026-03-06,7,0
4129,control,2026-03-05,5,1
4130,treatment,2026-03-03,7,0
4131,treatment,2026-03-14,9,0
4132,control,2026-03-07,4,0
4133,treatment,2026-03-07,9,1
4134,control,2026-03-08,6,0
4135,control,2026-03-03,14,1
4136,control,2026-03-12,4,0
4137,control,2026-03-02,7,0
4138,treatment,2026-03-12,13,0
4139,treatment,2026-03-03,14,1
4140,control,2026-03-14,10,1
4141,control,2026-03-08,9,0
4142,treatment,2026-03-11,5,0
4143,treatment,2026-03-10,10,1
4144,treatment,2026-03-08,9,1
4145,treatment,2026-03-08,7,0
4146,control,2026-03-13,4,0
4147,treatment,2026-03-13,10,0
4148,control,2026-03-09,9,1
4149,control,2026-03-11,11,0
4150,treatment,2026-03-02,11,0
4151,treatment,2026-03-08,5,0
4152,control,2026-03-11,12,0
4153,treatment,2026-03-12,10,1
4154,control,2026-03-08,6,1
4155,control,2026-03-11,9,1
4156,treatment,2026-03-14,10,0
4157,control,2026-03-08,9,0
4158,treatment,2026-03-10,10,1
4159,control,2026-03-14,7,0
4160,treatment,2026-03-03,14,1
4161,control,2026-03-13,8,0
4162,control,2026-03-02,6,0
4163,treatment,2026-03-06,15,0
4164,control,2026-03-05,11,0
4165,control,2026-03-06,11,0
4166,treatment,2026-03-08,12,0
4167,control,2026-03-15,9,0
4168,treatment,2026-03-14,7,1
4169,treatment,2026-03-08,8,1
4170,control,2026-03-12,5,0
4171,treatment,2026-03-02,4,1
4172,control,2026-03-09,7,0
4173,control,2026-03-13,9,1
4174,treatment,2026-03-02,7,0
4175,treatment,2026-03-09,11,0
4176,treatment,2026-03-04,6,0
4177,treatment,2026-03-05,12,0
4178,control,2026-03-11,4,0
4179,control,2026-03-06,6,1
4180,control,2026-03-15,8,0
4181,control,2026-03-08,3,0
4182,control,2026-03-06,3,1
4183,treatment,2026-03-05,3,0
4184,control,2026-03-06,10,1
4185,control,2026-03-09,6,1
4186,treatment,2026-03-11,6,0
4187,control,2026-03-05,10,0
4188,control,2026-03-06,9,0
4189,control,2026-03-03,8,0
4190,treatment,2026-03-03,11,0
4191,treatment,2026-03-11,3,0
4192,control,2026-03-05,3,1
4193,treatment,2026-03-03,7,0
4194,control,2026-03-06,9,1
4195,control,2026-03-13,4,1
4196,treatment,2026-03-14,11,0
4197,treatment,2026-03-15,8,0
4198,control,2026-03-09,9,0
4199,control,2026-03-13,5,1
4200,control,2026-03-11,10,0
4201,control,2026-03-08,9,0
4202,treatment,2026-03-02,8,0
4203,treatment,2026-03-15,9,0
4204,control,2026-03-10,5,1
4205,control,2026-03-04,1,0
4206,treatment,2026-03-06,9,1
4207,control,2026-03-08,9,0
4208,control,2026-03-07,6,0
4209,control,2026-03-15,4,1
4210,control,2026-03-07,7,1
4211,treatment,2026-03-05,10,0
4212,treatment,2026-03-08,7,0
4213,treatment,2026-03-04,11,1
4214,control,2026-03-15,9,0
4215,control,2026-03-03,7,0
4216,control,2026-03-08,9,0
4217,control,2026-03-09,4,1
4218,treatment,2026-03-11,11,0
4219,control,2026-03-12,8,0
4220,treatment,2026-03-07,6,0
4221,treatment,2026-03-07,3,0
4222,treatment,2026-03-04,6,0
4223,treatment,2026-03-10,7,0
4224,control,2026-03-03,7,0
4225,treatment,2026-03-13,8,0
4226,control,2026-03-07,6,0
4227,control,2026-03-07,11,0
4228,treatment,2026-03-14,12,1
4229,treatment,2026-03-09,5,1
4230,control,2026-03-10,6,0
4231,control,2026-03-04,5,0
4232,control,2026-03-05,9,0
4233,treatment,2026-03-05,8,1
4234,control,2026-03-13,11,0
4235,treatment,2026-03-09,5,0
4236,treatment,2026-03-05,9,0
4237,treatment,2026-03-12,9,1
4238,treatment,2026-03-12,8,0
4239,treatment,2026-03-08,5,1
4240,treatment,2026-03-08,13,1
4241,control,2026-03-04,6,1
4242,treatment,2026-03-14,7,0
4243,treatment,2026-03-05,10,0
4244,control,2026-03-12,9,0
4245,control,2026-03-14,9,0
4246,treatment,2026-03-09,8,0
4247,control,2026-03-14,11,0
4248,control,2026-03-09,7,0
4249,treatment,2026-03-09,7,1
4250,treatment,2026-03-12,13,0
4251,control,2026-03-09,9,0
4252,treatment,2026-03-03,6,1
4253,control,2026-03-08,8,1
4254,treatment,2026-03-07,14,1
4255,control,2026-03-09,8,0
4256,treatment,2026-03-06,11,1
4257,control,2026-03-14,6,0
4258,control,2026-03-05,8,0
4259,control,2026-03-02,11,0
4260,control,2026-03-14,5,0
4261,treatment,2026-03-12,7,1
4262,treatment,2026-03-03,8,0
4263,control,2026-03-04,8,0
4264,control,2026-03-14,15,0
4265,control,2026-03-02,5,0
4266,treatment,2026-03-12,10,1
4267,control,2026-03-09,11,0
4268,treatment,2026-03-12,10,1
4269,treatment,2026-03-10,7,0
4270,treatment,2026-03-04,6,1
4271,control,2026-03-06,6,1
4272,control,2026-03-15,5,1
4273,treatment,2026-03-02,9,0
4274,treatment,2026-03-06,7,0
4275,treatment,2026-03-15,7,1
4276,control,2026-03-08,10,1
4277,treatment,2026-03-05,7,0
4278,treatment,2026-03-02,12,0
4279,treatment,2026-03-10,7,1
4280,treatment,2026-03-04,13,0
4281,control,2026-03-09,7,1
4282,control,2026-03-11,7,1
4283,treatment,2026-03-12,6,1
4284,control,2026-03-05,12,1
4285,control,2026-03-08,8,1
4286,treatment,2026-03-14,12,0
4287,treatment,2026-03-09,11,1
4288,treatment,2026-03-09,8,0
4289,control,2026-03-13,9,1
4290,treatment,2026-03-08,18,1
4291,control,2026-03-08,7,0
4292,control,2026-03-13,9,0
4293,treatment,2026-03-15,10,1
4294,treatment,2026-03-14,7,0
4295,control,2026-03-09,4,0
4296,treatment,2026-03-13,10,1
4297,control,2026-03-04,9,1
4298,treatment,2026-03-08,10,0
4299,control,2026-03-12,7,0
4300,treatment,2026-03-14,10,0
4301,control,2026-03-10,5,0
4302,treatment,2026-03-08,10,1
4303,treatment,2026-03-08,6,1
4304,treatment,2026-03-03,12,1
4305,treatment,2026-03-12,11,0
4306,treatment,2026-03-07,8,0
4307,control,2026-03-09,8,0
4308,treatment,2026-03-11,8,0
4309,treatment,2026-03-15,14,0
4310,treatment,2026-03-11,13,1
4311,treatment,2026-03-02,6,0
4312,treatment,2026-03-10,4,1
4313,treatment,2026-03-13,6,0
4314,treatment,2026-03-08,8,1
4315,treatment,2026-03-14,2,0
4316,treatment,2026-03-11,4,0
4317,control,2026-03-05,15,1
4318,control,2026-03-13,8,1
4319,treatment,2026-03-13,6,1
4320,control,2026-03-14,13,0
4321,control,2026-03-14,10,1
4322,treatment,2026-03-14,15,1
4323,control,2026-03-12,5,0
4324,treatment,2026-03-08,12,0
4325,treatment,2026-03-02,6,0
4326,control,2026-03-08,11,1
4327,control,2026-03-04,14,1
4328,control,2026-03-15,13,0
4329,treatment,2026-03-10,8,0
4330,control,2026-03-07,10,1
4331,control,2026-03-15,9,1
4332,treatment,2026-03-15,9,1
4333,treatment,2026-03-02,9,0
4334,treatment,2026-03-05,6,0
4335,treatment,2026-03-12,9,1
4336,control,2026-03-13,9,0
4337,control,2026-03-03,10,0
4338,control,2026-03-12,10,1
4339,control,2026-03-02,13,0
4340,treatment,2026-03-03,6,1
4341,treatment,2026-03-08,4,0
4342,treatment,2026-03-03,6,1
4343,control,2026-03-08,8,0
4344,treatment,2026-03-08,10,0
4345,control,2026-03-07,1,1
4346,treatment,2026-03-11,6,1
4347,treatment,2026-03-10,7,0
4348,treatment,2026-03-07,11,0
4349,control,2026-03-04,9,0
4350,treatment,2026-03-05,7,1
4351,treatment,2026-03-02,12,0
4352,treatment,2026-03-06,3,1
4353,control,2026-03-10,8,1
4354,control,2026-03-02,9,1
4355,control,2026-03-13,10,0
4356,control,2026-03-14,6,1
4357,control,2026-03-09,7,1
4358,control,2026-03-03,13,0
4359,treatment,2026-03-14,7,0
4360,treatment,2026-03-09,8,1
4361,control,2026-03-08,9,0
4362,treatment,2026-03-04,5,0
4363,control,2026-03-05,6,1
4364,control,2026-03-09,8,0
4365,treatment,2026-03-12,11,0
4366,treatment,2026-03-07,8,0
4367,treatment,2026-03-10,9,1
4368,treatment,2026-03-14,4,1
4369,control,2026-03-13,6,0
4370,treatment,2026-03-11,4,1
4371,control,2026-03-12,10,0
4372,treatment,2026-03-13,8,1
4373,treatment,2026-03-02,17,0
4374,control,2026-03-06,8,0
4375,treatment,2026-03-14,5,0
4376,control,2026-03-07,11,0
4377,treatment,2026-03-07,15,1
4378,control,2026-03-14,4,1
4379,control,2026-03-04,6,1
4380,control,2026-03-13,6,1
4381,treatment,2026-03-03,6,1
4382,treatment,2026-03-13,4,0
4383,treatment,2026-03-04,3,1
4384,control,2026-03-04,7,1
4385,control,2026-03-04,9,1
4386,treatment,2026-03-14,10,1
4387,treatment,2026-03-03,7,0
4388,treatment,2026-03-13,9,0
4389,control,2026-03-03,13,0
4390,control,2026-03-11,7,1
4391,treatment,2026-03-04,3,1
4392,treatment,2026-03-10,6,0
4393,control,2026-03-08,8,1
4394,treatment,2026-03-07,9,0
4395,control,2026-03-02,6,0
4396,treatment,2026-03-04,11,0
4397,control,2026-03-14,6,1
4398,treatment,2026-03-03,10,1
4399,control,2026-03-05,10,1
4400,treatment,2026-03-14,9,0
4401,control,2026-03-04,5,0
4402,treatment,2026-03-04,11,1
4403,treatment,2026-03-03,6,0
4404,treatment,2026-03-02,4,0
4405,treatment,2026-03-06,9,0
4406,control,2026-03-14,8,0
4407,treatment,2026-03-10,14,0
4408,treatment,2026-03-05,7,0
4409,treatment,2026-03-10,6,0
4410,control,2026-03-09,6,1
4411,control,2026-03-12,4,1
4412,treatment,2026-03-04,6,0
4413,control,2026-03-05,7,1
4414,control,2026-03-04,6,0
4415,treatment,2026-03-05,6,1
4416,control,2026-03-04,8,1
4417,treatment,2026-03-06,13,0
4418,control,2026-03-15,13,0
4419,treatment,2026-03-12,4,0
4420,control,2026-03-15,10,1
4421,treatment,2026-03-08,8,1
4422,control,2026-03-12,4,0
4423,treatment,2026-03-10,10,0
4424,treatment,2026-03-09,6,0
4425,treatment,2026-03-14,9,0
4426,treatment,2026-03-13,11,0
4427,control,2026-03-14,10,0
4428,treatment,2026-03-09,12,0
4429,treatment,2026-03-07,11,0
4430,control,2026-03-04,6,0
4431,treatment,2026-03-02,10,0
4432,treatment,2026-03-10,9,0
4433,treatment,2026-03-07,10,1
4434,control,2026-03-12,7,0
4435,control,2026-03-15,3,0
4436,treatment,2026-03-07,8,1
4437,control,2026-03-11,10,0
4438,treatment,2026-03-02,13,0
4439,control,2026-03-03,3,1
4440,treatment,2026-03-06,6,0
4441,control,2026-03-07,6,1
4442,control,2026-03-05,10,0
4443,treatment,2026-03-05,13,0
4444,control,2026-03-13,8,1
4445,control,2026-03-10,12,0
4446,control,2026-03-15,3,1
4447,treatment,2026-03-06,8,0
4448,control,2026-03-13,11,0
4449,treatment,2026-03-04,10,0
4450,treatment,2026-03-05,7,1
4451,control,2026-03-10,5,0
4452,treatment,2026-03-15,7,0
4453,treatment,2026-03-14,8,0
4454,control,2026-03-03,7,1
4455,control,2026-03-09,8,0
4456,control,2026-03-09,3,1
4457,treatment,2026-03-14,10,0
4458,treatment,2026-03-07,13,0
4459,treatment,2026-03-04,10,0
4460,treatment,2026-03-09,10,0
4461,treatment,2026-03-06,12,1
4462,treatment,2026-03-04,11,0
4463,control,2026-03-06,6,0
4464,control,2026-03-10,5,1
4465,treatment,2026-03-04,15,1
4466,control,2026-03-03,8,0
4467,treatment,2026-03-02,14,1
4468,control,2026-03-12,9,0
4469,control,2026-03-07,9,0
4470,control,2026-03-07,7,0
4471,treatment,2026-03-09,6,0
4472,treatment,2026-03-03,7,1
4473,treatment,2026-03-15,10,0
4474,control,2026-03-11,11,0
4475,control,2026-03-08,5,1
4476,treatment,2026-03-03,16,1
4477,treatment,2026-03-14,6,0
4478,treatment,2026-03-06,7,0
4479,treatment,2026-03-07,12,1
4480,treatment,2026-03-09,12,0
4481,control,2026-03-13,5,1
4482,control,2026-03-15,5,1
4483,control,2026-03-08,13,1
4484,control,2026-03-06,6,1
4485,treatment,2026-03-12,7,1
4486,treatment,2026-03-03,9,0
4487,control,2026-03-04,7,0
4488,control,2026-03-02,6,1
4489,control,2026-03-12,4,0
4490,treatment,2026-03-07,8,1
4491,treatment,2026-03-13,10,0
4492,treatment,2026-03-12,11,0
4493,control,2026-03-11,7,0
4494,control,2026-03-13,9,0
4495,treatment,2026-03-14,9,0
4496,treatment,2026-03-02,15,0
4497,treatment,2026-03-09,13,0
4498,control,2026-03-03,6,0
4499,control,2026-03-10,2,0
4500,control,2026-03-14,6,0
4501,treatment,2026-03-12,10,1
4502,treatment,2026-03-04,5,1
4503,treatment,2026-03-11,9,0
4504,treatment,2026-03-07,18,1
4505,control,2026-03-05,7,1
4506,treatment,2026-03-12,10,1
4507,treatment,2026-03-06,8,0
4508,treatment,2026-03-02,8,1
4509,control,2026-03-13,10,0
4510,treatment,2026-03-11,6,1
4511,control,2026-03-06,13,0
4512,control,2026-03-14,9,1
4513,control,2026-03-04,13,0
4514,control,2026-03-15,10,1
4515,treatment,2026-03-14,9,0
4516,treatment,2026-03-14,9,0
4517,control,2026-03-07,11,0
4518,control,2026-03-14,5,1
4519,treatment,2026-03-11,12,1
4520,control,2026-03-03,5,0
4521,treatment,2026-03-08,10,0
4522,control,2026-03-06,5,1
4523,treatment,2026-03-06,12,0
4524,treatment,2026-03-08,9,0
4525,control,2026-03-14,10,1
4526,control,2026-03-05,9,0
4527,control,2026-03-06,5,0
4528,control,2026-03-15,11,0
4529,control,2026-03-02,5,1
4530,control,2026-03-08,12,1
4531,treatment,2026-03-02,5,1
4532,treatment,2026-03-05,8,1
4533,treatment,2026-03-03,6,0
4534,control,2026-03-05,6,0
4535,control,2026-03-04,13,0
4536,control,2026-03-03,8,0
4537,control,2026-03-07,8,0
4538,control,2026-03-05,8,0
4539,treatment,2026-03-05,4,1
4540,treatment,2026-03-08,8,0
4541,treatment,2026-03-10,9,1
4542,control,2026-03-03,9,0
4543,treatment,2026-03-08,6,0
4544,control,2026-03-07,5,0
4545,control,2026-03-12,7,0
4546,control,2026-03-08,8,0
4547,control,2026-03-07,2,1
4548,treatment,2026-03-04,13,1
4549,treatment,2026-03-15,7,0
4550,control,2026-03-13,0,0
4551,treatment,2026-03-14,10,0
4552,control,2026-03-08,7,0
4553,control,2026-03-06,5,1
4554,treatment,2026-03-09,7,1
4555,treatment,2026-03-09,5,1
4556,control,2026-03-07,6,1
4557,treatment,2026-03-04,4,1
4558,treatment,2026-03-10,7,0
4559,treatment,2026-03-14,5,0
4560,control,2026-03-10,11,1
4561,control,2026-03-13,10,0
4562,treatment,2026-03-14,7,0
4563,treatment,2026-03-13,10,0
4564,control,2026-03-12,10,0
4565,control,2026-03-15,8,0
4566,control,2026-03-03,9,1
4567,treatment,2026-03-09,12,1
4568,control,2026-03-11,7,1
4569,treatment,2026-03-02,6,0
4570,control,2026-03-09,8,0
4571,treatment,2026-03-13,5,0
4572,treatment,2026-03-09,3,1
4573,control,2026-03-07,8,0
4574,treatment,2026-03-10,11,1
4575,control,2026-03-08,5,1
4576,treatment,2026-03-10,4,0
4577,treatment,2026-03-05,8,1
4578,treatment,2026-03-09,12,1
4579,control,2026-03-12,3,0
4580,control,2026-03-10,12,0
4581,control,2026-03-14,10,1
4582,treatment,2026-03-06,12,0
4583,treatment,2026-03-08,9,0
4584,control,2026-03-14,10,0
4585,control,2026-03-11,9,1
4586,treatment,2026-03-10,7,1
4587,control,2026-03-11,8,0
4588,treatment,2026-03-11,4,1
4589,treatment,2026-03-02,8,0
4590,treatment,2026-03-14,10,0
4591,treatment,2026-03-06,11,0
4592,control,2026-03-02,15,0
4593,control,2026-03-12,12,0
4594,control,2026-03-12,8,0
4595,treatment,2026-03-05,7,0
4596,control,2026-03-13,10,1
4597,control,2026-03-11,9,0
4598,treatment,2026-03-11,12,0
4599,control,2026-03-13,8,0
4600,control,2026-03-10,10,1
4601,treatment,2026-03-02,6,0
4602,treatment,2026-03-06,8,1
4603,control,2026-03-09,6,0
4604,treatment,2026-03-14,9,0
4605,control,2026-03-10,3,0
4606,treatment,2026-03-12,10,0
4607,treatment,2026-03-08,10,1
4608,treatment,2026-03-10,6,1
4609,control,2026-03-06,13,0
4610,control,2026-03-12,5,0
4611,control,2026-03-11,11,1
4612,treatment,2026-03-05,11,0
4613,control,2026-03-02,4,0
4614,treatment,2026-03-05,7,0
4615,treatment,2026-03-11,7,1
4616,control,2026-03-09,10,0
4617,treatment,2026-03-14,15,0
4618,control,2026-03-03,4,0
4619,control,2026-03-12,7,0
4620,control,2026-03-07,5,1
4621,treatment,2026-03-13,11,0
4622,treatment,2026-03-05,9,0
4623,treatment,2026-03-02,9,0
4624,treatment,2026-03-13,8,1
4625,control,2026-03-05,5,1
4626,treatment,2026-03-11,15,1
4627,control,2026-03-03,6,0
4628,control,2026-03-14,10,1
4629,control,2026-03-14,6,0
4630,control,2026-03-13,5,0
4631,treatment,2026-03-14,8,1
4632,treatment,2026-03-11,8,1
4633,treatment,2026-03-07,12,0
4634,control,2026-03-10,8,1
4635,treatment,2026-03-12,7,0
4636,control,2026-03-05,15,0
4637,control,2026-03-15,9,1
4638,control,2026-03-12,6,1
4639,control,2026-03-08,6,1
4640,control,2026-03-06,12,0
4641,control,2026-03-04,7,1
4642,treatment,2026-03-14,3,1
4643,control,2026-03-13,10,0
4644,treatment,2026-03-04,9,1
4645,treatment,2026-03-12,9,0
4646,control,2026-03-07,5,0
4647,treatment,2026-03-12,7,0
4648,control,2026-03-10,4,1
4649,treatment,2026-03-02,11,1
4650,treatment,2026-03-10,10,0
4651,control,2026-03-06,3,0
4652,control,2026-03-02,8,0
4653,control,2026-03-13,16,0
4654,treatment,2026-03-06,9,1
4655,control,2026-03-14,12,0
4656,treatment,2026-03-13,10,0
4657,control,2026-03-15,9,0
4658,control,2026-03-14,7,0
4659,control,2026-03-06,7,0
4660,control,2026-03-05,14,0
4661,control,2026-03-13,6,0
4662,control,2026-03-13,6,0
4663,treatment,2026-03-08,8,1
4664,treatment,2026-03-12,7,0
4665,control,2026-03-09,12,1
4666,treatment,2026-03-13,7,0
4667,treatment,2026-03-07,11,0
4668,control,2026-03-10,4,0
4669,control,2026-03-09,9,0
4670,control,2026-03-08,6,0
4671,treatment,2026-03-14,9,0
4672,treatment,2026-03-08,6,0
4673,control,2026-03-09,6,0
4674,control,2026-03-10,8,1
4675,treatment,2026-03-06,5,0
4676,control,2026-03-04,6,1
4677,treatment,2026-03-02,6,0
4678,control,2026-03-02,9,1
4679,treatment,2026-03-04,8,1
4680,treatment,2026-03-13,14,0
4681,control,2026-03-09,5,1
4682,treatment,2026-03-07,12,0
4683,treatment,2026-03-06,14,0
4684,control,2026-03-09,10,1
4685,control,2026-03-11,7,0
4686,treatment,2026-03-08,6,0
4687,control,2026-03-11,3,0
4688,treatment,2026-03-09,9,0
4689,treatment,2026-03-03,5,1
4690,treatment,2026-03-06,5,0
4691,treatment,2026-03-07,10,1
4692,treatment,2026-03-10,9,0
4693,control,2026-03-07,2,0
4694,control,2026-03-14,2,1
4695,control,2026-03-13,14,1
4696,control,2026-03-03,9,1
4697,control,2026-03-14,9,1
4698,treatment,2026-03-04,8,0
4699,treatment,2026-03-15,9,1
4700,control,2026-03-06,8,1
4701,control,2026-03-09,7,1
4702,treatment,2026-03-03,13,0
4703,treatment,2026-03-13,8,1
4704,treatment,2026-03-13,12,0
4705,treatment,2026-03-10,3,0
4706,treatment,2026-03-13,8,1
4707,treatment,2026-03-12,8,0
4708,control,2026-03-10,8,0
4709,treatment,2026-03-09,7,0
4710,treatment,2026-03-04,13,1
4711,treatment,2026-03-12,5,1
4712,treatment,2026-03-15,7,0
4713,control,2026-03-14,9,1
4714,treatment,2026-03-13,5,0
4715,treatment,2026-03-13,10,1
4716,treatment,2026-03-07,6,0
4717,treatment,2026-03-12,12,0
4718,control,2026-03-05,6,0
4719,treatment,2026-03-09,7,0
4720,control,2026-03-11,9,0
4721,control,2026-03-02,5,0
4722,treatment,2026-03-02,7,0
4723,treatment,2026-03-11,5,0
4724,treatment,2026-03-05,13,0
4725,control,2026-03-13,14,0
4726,treatment,2026-03-02,8,0
4727,control,2026-03-07,9,1
4728,control,2026-03-06,6,1
4729,control,2026-03-07,6,1
4730,control,2026-03-06,8,0
4731,control,2026-03-14,8,0
4732,treatment,2026-03-10,7,1
4733,control,2026-03-14,8,0
4734,control,2026-03-11,8,1
4735,treatment,2026-03-05,8,1
4736,treatment,2026-03-07,14,0
4737,control,2026-03-13,7,1
4738,control,2026-03-11,13,0
4739,treatment,2026-03-14,8,0
4740,control,2026-03-14,14,0
4741,treatment,2026-03-10,7,0
4742,control,2026-03-08,10,0
4743,treatment,2026-03-10,9,0
4744,treatment,2026-03-05,7,1
4745,treatment,2026-03-11,13,0
4746,treatment,2026-03-05,12,1
4747,treatment,2026-03-14,5,1
4748,control,2026-03-13,8,0
4749,treatment,2026-03-03,12,0
4750,treatment,2026-03-10,12,0
4751,control,2026-03-14,11,1
4752,control,2026-03-08,4,0
4753,treatment,2026-03-11,9,1
4754,control,2026-03-04,8,0
4755,treatment,2026-03-09,8,0
4756,treatment,2026-03-14,11,1
4757,control,2026-03-07,4,0
4758,control,2026-03-15,16,0
4759,treatment,2026-03-05,12,0
4760,treatment,2026-03-05,9,0
4761,treatment,2026-03-13,6,1
4762,treatment,2026-03-10,11,0
4763,control,2026-03-15,9,0
4764,treatment,2026-03-08,5,0
4765,control,2026-03-09,9,1
4766,treatment,2026-03-07,5,0
4767,control,2026-03-08,10,0
4768,treatment,2026-03-11,9,0
4769,control,2026-03-06,5,0
4770,control,2026-03-13,6,1
4771,control,2026-03-06,5,0
4772,treatment,2026-03-02,16,0
4773,treatment,2026-03-11,11,0
4774,control,2026-03-11,14,0
4775,control,2026-03-03,6,1
4776,treatment,2026-03-07,10,0
4777,treatment,2026-03-12,5,1
4778,control,2026-03-15,4,1
4779,treatment,2026-03-10,10,0
4780,treatment,2026-03-02,6,0
4781,control,2026-03-09,9,0
4782,treatment,2026-03-13,7,0
4783,control,2026-03-14,8,0
4784,treatment,2026-03-13,14,1
4785,control,2026-03-13,3,1
4786,control,2026-03-11,5,0
4787,treatment,2026-03-14,6,0
4788,control,2026-03-15,10,1
4789,control,2026-03-10,10,0
4790,treatment,2026-03-02,5,0
4791,treatment,2026-03-15,11,0
4792,treatment,2026-03-03,11,0
4793,treatment,2026-03-14,8,0
4794,treatment,2026-03-02,12,0
4795,control,2026-03-08,7,1
4796,control,2026-03-11,14,0
4797,control,2026-03-07,7,0
4798,treatment,2026-03-02,12,1
4799,control,2026-03-06,5,0
4800,control,2026-03-11,11,1
4801,treatment,2026-03-14,9,1
4802,control,2026-03-13,5,0
4803,treatment,2026-03-02,7,1
4804,treatment,2026-03-10,10,1
4805,control,2026-03-03,5,0
4806,control,2026-03-06,7,0
4807,treatment,2026-03-03,9,1
4808,treatment,2026-03-10,6,0
4809,treatment,2026-03-07,11,1
4810,control,2026-03-13,14,1
4811,control,2026-03-06,4,0
4812,treatment,2026-03-12,7,0
4813,treatment,2026-03-11,6,0
4814,control,2026-03-14,10,0
4815,control,2026-03-08,8,0
4816,treatment,2026-03-12,13,1
4817,treatment,2026-03-08,13,1
4818,treatment,2026-03-10,8,0
4819,treatment,2026-03-08,8,1
4820,control,2026-03-03,5,0
4821,treatment,2026-03-14,15,1
4822,treatment,2026-03-05,10,0
4823,treatment,2026-03-07,5,0
4824,control,2026-03-14,17,1
4825,treatment,2026-03-09,6,1
4826,treatment,2026-03-14,9,0
4827,treatment,2026-03-12,12,0
4828,treatment,2026-03-04,8,1
4829,control,2026-03-11,10,0
4830,treatment,2026-03-10,8,0
4831,treatment,2026-03-05,9,0
4832,treatment,2026-03-03,9,0
4833,treatment,2026-03-08,4,0
4834,control,2026-03-08,8,1
4835,treatment,2026-03-06,10,0
4836,control,2026-03-14,5,1
4837,control,2026-03-04,6,0
4838,treatment,2026-03-14,6,1
4839,control,2026-03-05,6,1
4840,control,2026-03-11,8,0
4841,treatment,2026-03-05,9,0
4842,control,2026-03-09,10,1
4843,treatment,2026-03-05,5,0
4844,treatment,2026-03-06,8,1
4845,treatment,2026-03-14,10,1
4846,control,2026-03-05,9,1
4847,treatment,2026-03-03,5,0
4848,control,2026-03-15,8,0
4849,treatment,2026-03-15,6,0
4850,control,2026-03-04,8,1
4851,control,2026-03-10,7,0
4852,control,2026-03-13,2,0
4853,treatment,2026-03-14,9,0
4854,treatment,2026-03-06,10,1
4855,control,2026-03-03,9,1
4856,control,2026-03-11,4,0
4857,treatment,2026-03-10,8,0
4858,treatment,2026-03-15,7,1
4859,control,2026-03-12,6,0
4860,control,2026-03-13,9,1
4861,treatment,2026-03-04,9,0
4862,control,2026-03-13,4,1
4863,control,2026-03-12,6,1
4864,treatment,2026-03-05,15,0
4865,treatment,2026-03-13,5,0
4866,treatment,2026-03-06,7,1
4867,treatment,2026-03-12,8,0
4868,treatment,2026-03-14,9,0
4869,treatment,2026-03-03,12,0
4870,treatment,2026-03-15,9,1
4871,treatment,2026-03-06,7,0
4872,treatment,2026-03-05,14,0
4873,control,2026-03-02,9,0
4874,treatment,2026-03-09,6,0
4875,control,2026-03-10,8,0
4876,treatment,2026-03-07,13,0
4877,treatment,2026-03-09,7,0
4878,treatment,2026-03-10,3,1
4879,treatment,2026-03-14,9,1
4880,treatment,2026-03-08,6,0
4881,treatment,2026-03-03,10,0
4882,control,2026-03-11,5,1
4883,treatment,2026-03-12,4,0
4884,treatment,2026-03-12,13,0
4885,control,2026-03-06,5,1
4886,treatment,2026-03-06,8,1
4887,treatment,2026-03-12,6,0
4888,control,2026-03-04,6,1
4889,treatment,2026-03-03,9,0
4890,control,2026-03-11,9,0
4891,control,2026-03-10,5,0
4892,treatment,2026-03-15,8,0
4893,treatment,2026-03-08,9,1
4894,control,2026-03-15,2,1
4895,treatment,2026-03-07,13,1
4896,treatment,2026-03-06,6,0
4897,treatment,2026-03-15,8,0
4898,control,2026-03-05,8,0
4899,treatment,2026-03-15,6,0
4900,control,2026-03-12,4,1
4901,treatment,2026-03-13,10,0
4902,treatment,2026-03-15,5,0
4903,control,2026-03-12,8,1
4904,control,2026-03-07,14,0
4905,treatment,2026-03-13,7,1
4906,treatment,2026-03-10,4,0
4907,control,2026-03-11,7,1
4908,treatment,2026-03-08,9,0
4909,treatment,2026-03-02,14,1
4910,treatment,2026-03-12,14,1
4911,treatment,2026-03-09,8,1
4912,control,2026-03-14,6,0
4913,control,2026-03-12,5,0
4914,treatment,2026-03-15,11,0
4915,control,2026-03-02,2,1
4916,control,2026-03-03,8,1
4917,control,2026-03-06,9,0
4918,treatment,2026-03-08,9,0
4919,control,2026-03-07,8,1
4920,treatment,2026-03-15,8,0
4921,treatment,2026-03-03,7,0
4922,control,2026-03-14,7,0
4923,treatment,2026-03-09,14,0
4924,control,2026-03-06,6,0
4925,control,2026-03-13,14,0
4926,treatment,2026-03-06,12,1
4927,treatment,2026-03-09,10,0
4928,control,2026-03-11,6,0
4929,treatment,2026-03-14,9,0
4930,treatment,2026-03-15,8,1
4931,control,2026-03-07,9,0
4932,treatment,2026-03-11,12,0
4933,control,2026-03-05,6,1
4934,control,2026-03-02,6,0
4935,treatment,2026-03-14,9,0
4936,control,2026-03-09,12,0
4937,treatment,2026-03-03,8,0
4938,control,2026-03-09,9,0
4939,treatment,2026-03-03,8,1
4940,control,2026-03-02,5,0
4941,control,2026-03-15,8,0
4942,treatment,2026-03-03,8,1
4943,control,2026-03-03,7,1
4944,control,2026-03-02,5,1
4945,treatment,2026-03-13,8,1
4946,treatment,2026-03-04,5,0
4947,treatment,2026-03-03,11,0
4948,treatment,2026-03-08,8,0
4949,treatment,2026-03-02,9,0
4950,treatment,2026-03-11,10,0
4951,control,2026-03-03,6,1
4952,control,2026-03-05,10,0
4953,control,2026-03-08,10,1
4954,control,2026-03-08,9,1
4955,control,2026-03-09,7,1
4956,control,2026-03-09,4,0
4957,treatment,2026-03-10,13,1
4958,control,2026-03-02,15,1
4959,control,2026-03-02,5,1
4960,control,2026-03-06,16,0
4961,control,2026-03-08,8,0
4962,treatment,2026-03-11,12,0
4963,control,2026-03-13,13,1
4964,control,2026-03-14,15,1
4965,treatment,2026-03-14,8,1
4966,treatment,2026-03-08,7,0
4967,treatment,2026-03-07,10,1
4968,control,2026-03-03,15,0
4969,control,2026-03-13,11,1
4970,treatment,2026-03-07,10,0
4971,treatment,2026-03-13,13,1
4972,treatment,2026-03-10,6,0
4973,treatment,2026-03-05,6,0
4974,control,2026-03-11,13,0
4975,control,2026-03-04,7,0
4976,control,2026-03-08,8,0
4977,control,2026-03-08,7,1
4978,treatment,2026-03-12,8,0
4979,treatment,2026-03-05,7,1
4980,treatment,2026-03-06,10,0
4981,control,2026-03-11,12,1
4982,control,2026-03-13,12,0
4983,control,2026-03-15,15,0
4984,control,2026-03-02,9,0
4985,control,2026-03-05,6,0
4986,control,2026-03-13,3,1
4987,control,2026-03-14,5,1
4988,treatment,2026-03-11,11,1
4989,control,2026-03-03,10,1
4990,treatment,2026-03-05,11,1
4991,treatment,2026-03-05,11,0
4992,control,2026-03-06,8,0
4993,treatment,2026-03-04,5,1
4994,control,2026-03-05,5,0
4995,control,2026-03-05,11,0
4996,control,2026-03-04,6,0
4997,control,2026-03-14,9,1
4998,control,2026-03-03,8,1
4999,treatment,2026-03-08,10,0
5000,treatment,2026-03-06,8,0
5001,treatment,2026-03-11,6,0
5002,treatment,2026-03-05,8,0
5003,control,2026-03-12,9,0
5004,control,2026-03-04,10,0
5005,control,2026-03-04,4,0
5006,treatment,2026-03-14,5,1
5007,control,2026-03-03,7,0
5008,control,2026-03-15,6,0
5009,treatment,2026-03-03,8,1
5010,treatment,2026-03-13,6,0
5011,treatment,2026-03-13,6,0
5012,control,2026-03-10,10,0
5013,treatment,2026-03-09,14,0
5014,treatment,2026-03-11,6,0
5015,control,2026-03-09,10,1
5016,treatment,2026-03-06,10,0
5017,control,2026-03-04,5,1
5018,treatment,2026-03-03,2,1
5019,treatment,2026-03-08,15,0
5020,control,2026-03-08,6,0
5021,treatment,2026-03-02,13,0
5022,treatment,2026-03-14,7,0
5023,treatment,2026-03-08,8,1
5024,treatment,2026-03-07,11,1
5025,control,2026-03-04,10,0
5026,treatment,2026-03-11,10,0
5027,control,2026-03-10,11,1
5028,treatment,2026-03-08,12,0
5029,control,2026-03-06,8,1
5030,treatment,2026-03-13,10,0
5031,treatment,2026-03-13,9,0
5032,treatment,2026-03-12,11,0
5033,control,2026-03-08,11,0
5034,treatment,2026-03-11,6,0
5035,treatment,2026-03-11,6,1
5036,treatment,2026-03-07,8,1
5037,treatment,2026-03-09,10,0
5038,treatment,2026-03-03,6,0
5039,treatment,2026-03-08,13,0
5040,treatment,2026-03-09,12,1
5041,treatment,2026-03-10,9,0
5042,control,2026-03-04,6,0
5043,control,2026-03-15,13,0
5044,treatment,2026-03-13,13,0
5045,treatment,2026-03-15,6,0
5046,treatment,2026-03-02,11,0
5047,control,2026-03-05,12,1
5048,control,2026-03-12,7,1
5049,control,2026-03-11,12,0
5050,control,2026-03-02,9,0
5051,control,2026-03-13,6,1
5052,treatment,2026-03-10,8,0
5053,control,2026-03-03,9,1
5054,control,2026-03-04,4,0
5055,treatment,2026-03-15,5,0
5056,control,2026-03-14,7,0
5057,control,2026-03-10,12,0
5058,treatment,2026-03-11,7,1
5059,treatment,2026-03-12,11,0
5060,treatment,2026-03-07,6,1
5061,control,2026-03-03,2,0
5062,control,2026-03-04,9,1
5063,control,2026-03-14,7,0
5064,control,2026-03-14,7,0
5065,treatment,2026-03-08,6,0
5066,control,2026-03-06,7,0
5067,treatment,2026-03-11,7,1
5068,treatment,2026-03-07,14,0
5069,control,2026-03-11,8,0
5070,treatment,2026-03-13,6,1
5071,treatment,2026-03-02,3,0
5072,treatment,2026-03-07,6,0
5073,treatment,2026-03-10,13,0
5074,treatment,2026-03-15,10,0
5075,treatment,2026-03-07,10,0
5076,treatment,2026-03-09,7,0
5077,control,2026-03-05,8,0
5078,control,2026-03-13,10,1
5079,control,2026-03-08,8,0
5080,control,2026-03-14,10,1
5081,control,2026-03-02,7,0
5082,control,2026-03-12,3,1
5083,control,2026-03-08,6,1
5084,control,2026-03-02,11,0
5085,treatment,2026-03-07,16,0
5086,treatment,2026-03-12,10,0
5087,treatment,2026-03-10,7,0
5088,treatment,2026-03-13,4,1
5089,treatment,2026-03-08,6,0
5090,control,2026-03-07,9,1
5091,treatment,2026-03-14,9,1
5092,control,2026-03-10,11,1
5093,treatment,2026-03-09,8,1
5094,control,2026-03-02,8,0
5095,treatment,2026-03-04,3,0
5096,control,2026-03-12,5,1
5097,control,2026-03-10,13,1
5098,treatment,2026-03-13,10,0
5099,treatment,2026-03-11,5,0
5100,treatment,2026-03-13,12,1
5101,control,2026-03-14,7,0
5102,treatment,2026-03-10,7,0
5103,treatment,2026-03-08,11,1
5104,treatment,2026-03-03,10,1
5105,control,2026-03-13,11,0
5106,control,2026-03-13,12,0
5107,control,2026-03-14,10,1
5108,treatment,2026-03-10,7,0
5109,control,2026-03-12,11,1
5110,control,2026-03-08,6,0
5111,treatment,2026-03-15,8,1
5112,control,2026-03-10,6,0
5113,control,2026-03-06,9,1
5114,treatment,2026-03-04,5,1
5115,control,2026-03-09,5,0
5116,treatment,2026-03-15,11,0
5117,control,2026-03-10,7,1
5118,control,2026-03-02,8,0
5119,control,2026-03-10,7,0
5120,control,2026-03-04,8,0
5121,treatment,2026-03-04,7,1
5122,control,2026-03-09,17,0
5123,control,2026-03-08,12,1
5124,control,2026-03-11,5,1
5125,control,2026-03-03,7,0
5126,treatment,2026-03-06,8,1
5127,control,2026-03-05,13,0
5128,control,2026-03-02,10,1
5129,treatment,2026-03-04,9,0
5130,treatment,2026-03-11,5,1
5131,control,2026-03-09,6,1
5132,control,2026-03-05,7,0
5133,treatment,2026-03-04,10,1
5134,treatment,2026-03-08,9,1
5135,control,2026-03-05,11,1
5136,treatment,2026-03-04,10,0
5137,treatment,2026-03-08,8,0
5138,control,2026-03-09,5,0
5139,control,2026-03-14,4,0
5140,control,2026-03-06,12,1
5141,treatment,2026-03-02,7,0
5142,control,2026-03-08,8,0
5143,treatment,2026-03-10,12,1
5144,treatment,2026-03-11,12,1
5145,control,2026-03-13,12,1
5146,control,2026-03-05,6,0
5147,control,2026-03-02,2,0
5148,treatment,2026-03-07,8,1
5149,control,2026-03-03,11,0
5150,treatment,2026-03-03,12,1
5151,treatment,2026-03-08,9,0
5152,control,2026-03-03,5,0
5153,control,2026-03-15,5,1
5154,control,2026-03-13,3,1
5155,treatment,2026-03-03,12,0
5156,treatment,2026-03-10,7,1
5157,control,2026-03-09,12,1
5158,control,2026-03-07,5,0
5159,treatment,2026-03-08,9,1
5160,control,2026-03-08,5,0
5161,control,2026-03-05,3,1
5162,control,2026-03-11,13,1
5163,treatment,2026-03-04,7,0
5164,control,2026-03-12,9,1
5165,control,2026-03-10,12,0
5166,treatment,2026-03-12,11,1
5167,treatment,2026-03-13,11,0
5168,treatment,2026-03-03,9,1
5169,control,2026-03-02,4,0
5170,treatment,2026-03-14,6,0
5171,control,2026-03-09,9,0
5172,treatment,2026-03-05,7,0
5173,treatment,2026-03-05,10,0
5174,control,2026-03-05,10,1
5175,treatment,2026-03-02,12,1
5176,treatment,2026-03-06,11,1
5177,treatment,2026-03-14,8,1
5178,treatment,2026-03-12,8,0
5179,control,2026-03-09,5,1
5180,treatment,2026-03-10,11,0
5181,treatment,2026-03-13,12,0
5182,control,2026-03-08,9,0
5183,control,2026-03-07,5,0
5184,control,2026-03-07,5,1
5185,treatment,2026-03-08,6,0
5186,control,2026-03-13,7,0
5187,treatment,2026-03-07,7,0
5188,treatment,2026-03-13,3,0
5189,control,2026-03-10,6,1
5190,treatment,2026-03-15,11,1
5191,control,2026-03-13,5,1
5192,control,2026-03-09,8,1
5193,treatment,2026-03-08,8,0
5194,treatment,2026-03-05,8,1
5195,control,2026-03-06,11,0
5196,treatment,2026-03-13,16,0
5197,treatment,2026-03-08,8,0
5198,treatment,2026-03-03,9,1
5199,control,2026-03-03,10,0
5200,treatment,2026-03-03,9,0
5201,treatment,2026-03-02,4,1
5202,treatment,2026-03-13,11,0
5203,treatment,2026-03-06,10,1
5204,control,2026-03-09,12,0
5205,control,2026-03-13,9,1
5206,treatment,2026-03-12,7,0
5207,control,2026-03-05,10,0
5208,control,2026-03-09,13,1
5209,control,2026-03-02,8,0
5210,control,2026-03-07,7,0
5211,control,2026-03-06,6,0
5212,control,2026-03-11,7,1
5213,treatment,2026-03-02,7,1
5214,control,2026-03-04,9,0
5215,treatment,2026-03-03,10,0
5216,treatment,2026-03-10,18,1
5217,treatment,2026-03-02,11,0
5218,treatment,2026-03-08,8,1
5219,control,2026-03-02,6,0
5220,control,2026-03-13,11,1
5221,control,2026-03-12,5,1
5222,control,2026-03-12,5,0
5223,control,2026-03-11,6,1
5224,control,2026-03-15,6,1
5225,treatment,2026-03-04,11,1
5226,treatment,2026-03-03,13,0
5227,control,2026-03-02,9,0
5228,control,2026-03-10,3,0
5229,treatment,2026-03-05,13,1
5230,control,2026-03-15,9,1
5231,control,2026-03-06,4,1
5232,treatment,2026-03-08,8,0
5233,treatment,2026-03-04,9,0
5234,control,2026-03-05,13,0
5235,treatment,2026-03-10,12,0
5236,control,2026-03-05,7,1
5237,control,2026-03-04,11,1
5238,treatment,2026-03-09,15,1
5239,treatment,2026-03-12,10,1
5240,treatment,2026-03-11,3,0
5241,treatment,2026-03-11,8,1
5242,control,2026-03-07,7,0
5243,control,2026-03-09,8,1
5244,treatment,2026-03-09,10,1
5245,treatment,2026-03-02,6,1
5246,treatment,2026-03-10,10,1
5247,control,2026-03-07,9,0
5248,treatment,2026-03-15,9,0
5249,treatment,2026-03-07,7,0
5250,treatment,2026-03-02,7,0
5251,treatment,2026-03-03,11,1
5252,control,2026-03-06,11,0
5253,control,2026-03-11,7,0
5254,control,2026-03-04,11,0
5255,treatment,2026-03-09,8,0
5256,control,2026-03-14,6,1
5257,treatment,2026-03-03,8,1
5258,control,2026-03-06,10,0
5259,control,2026-03-10,9,0
5260,control,2026-03-07,5,1
5261,control,2026-03-06,6,1
5262,control,2026-03-03,7,0
5263,treatment,2026-03-06,7,1
5264,control,2026-03-14,8,0
5265,control,2026-03-03,7,1
5266,control,2026-03-06,7,1
5267,control,2026-03-11,5,0
5268,control,2026-03-03,2,0
5269,treatment,2026-03-13,9,0
5270,treatment,2026-03-07,9,0
5271,treatment,2026-03-09,10,1
5272,treatment,2026-03-07,8,1
5273,treatment,2026-03-05,12,0
5274,treatment,2026-03-11,7,0
5275,treatment,2026-03-12,8,0
5276,control,2026-03-04,13,1
5277,control,2026-03-02,8,0
5278,control,2026-03-07,9,0
5279,control,2026-03-03,7,1
5280,treatment,2026-03-12,11,0
5281,treatment,2026-03-14,10,1
5282,control,2026-03-11,2,0
5283,treatment,2026-03-05,8,0
5284,treatment,2026-03-10,11,1
5285,control,2026-03-06,6,0
5286,control,2026-03-09,5,0
5287,treatment,2026-03-06,9,1
5288,treatment,2026-03-05,6,1
5289,treatment,2026-03-15,10,0
5290,control,2026-03-14,10,1
5291,control,2026-03-15,5,1
5292,control,2026-03-07,7,0
5293,control,2026-03-04,4,0
5294,treatment,2026-03-10,9,0
5295,control,2026-03-14,9,1
5296,control,2026-03-07,8,0
5297,treatment,2026-03-07,4,0
5298,treatment,2026-03-11,6,0
5299,treatment,2026-03-12,7,0
5300,treatment,2026-03-14,8,0
5301,treatment,2026-03-03,8,0
5302,treatment,2026-03-10,6,0
5303,treatment,2026-03-04,8,1
5304,treatment,2026-03-02,8,1
5305,treatment,2026-03-13,9,0
5306,control,2026-03-10,7,0
5307,treatment,2026-03-03,5,1
5308,treatment,2026-03-02,7,0
5309,control,2026-03-14,7,1
5310,control,2026-03-02,8,0
5311,treatment,2026-03-10,6,0
5312,control,2026-03-14,6,0
5313,treatment,2026-03-08,13,1
5314,control,2026-03-13,5,0
5315,treatment,2026-03-13,5,1
5316,treatment,2026-03-06,4,0
5317,treatment,2026-03-03,7,0
5318,control,2026-03-04,5,1
5319,control,2026-03-15,8,0
5320,treatment,2026-03-10,12,0
5321,treatment,2026-03-03,6,1
5322,control,2026-03-02,8,0
5323,control,2026-03-15,5,0
5324,control,2026-03-12,7,0
5325,treatment,2026-03-07,14,0
5326,control,2026-03-09,10,0
5327,treatment,2026-03-11,5,1
5328,treatment,2026-03-07,18,0
5329,control,2026-03-13,7,1
5330,treatment,2026-03-15,8,0
5331,control,2026-03-14,7,0
5332,treatment,2026-03-13,12,1
5333,control,2026-03-12,4,0
5334,control,2026-03-08,12,1
5335,treatment,2026-03-09,11,1
5336,treatment,2026-03-11,8,1
5337,control,2026-03-13,6,0
5338,control,2026-03-07,12,1
5339,treatment,2026-03-04,10,0
5340,treatment,2026-03-10,5,0
5341,control,2026-03-03,8,1
5342,control,2026-03-06,6,1
5343,treatment,2026-03-13,8,0
5344,control,2026-03-07,6,0
5345,treatment,2026-03-10,8,0
5346,treatment,2026-03-06,7,0
5347,control,2026-03-13,4,0
5348,control,2026-03-03,7,0
5349,control,2026-03-04,6,0
5350,control,2026-03-11,5,0
5351,control,2026-03-09,7,1
5352,treatment,2026-03-04,10,0
5353,control,2026-03-11,8,0
5354,treatment,2026-03-07,8,1
5355,control,2026-03-09,11,0
5356,control,2026-03-03,10,1
5357,treatment,2026-03-15,11,0
5358,treatment,2026-03-07,11,0
5359,control,2026-03-15,7,1
5360,treatment,2026-03-13,8,0
5361,control,2026-03-05,4,0
5362,treatment,2026-03-08,11,0
5363,control,2026-03-03,6,1
5364,control,2026-03-03,7,1
5365,treatment,2026-03-12,9,1
5366,treatment,2026-03-05,19,0
5367,control,2026-03-07,12,1
5368,treatment,2026-03-07,11,0
5369,control,2026-03-08,7,0
5370,control,2026-03-12,9,0
5371,treatment,2026-03-08,8,0
5372,treatment,2026-03-04,5,0
5373,control,2026-03-10,4,0
5374,treatment,2026-03-10,7,0
5375,control,2026-03-07,10,0
5376,treatment,2026-03-04,11,0
5377,control,2026-03-11,6,0
5378,control,2026-03-10,8,1
5379,control,2026-03-03,8,0
5380,control,2026-03-14,15,0
5381,control,2026-03-11,8,0
5382,control,2026-03-05,10,0
5383,treatment,2026-03-07,9,0
5384,control,2026-03-06,7,0
5385,control,2026-03-04,4,0
5386,control,2026-03-15,8,1
5387,control,2026-03-04,7,0
5388,control,2026-03-09,10,0
5389,treatment,2026-03-03,6,0
5390,treatment,2026-03-06,8,1
5391,control,2026-03-03,13,0
5392,control,2026-03-04,4,0
5393,control,2026-03-08,6,1
5394,treatment,2026-03-02,13,0
5395,treatment,2026-03-11,14,0
5396,treatment,2026-03-11,8,0
5397,treatment,2026-03-02,9,1
5398,treatment,2026-03-09,6,0
5399,control,2026-03-09,6,0
5400,control,2026-03-12,5,0
5401,control,2026-03-14,8,0
5402,treatment,2026-03-06,8,0
5403,control,2026-03-15,5,1
5404,treatment,2026-03-04,12,0
5405,treatment,2026-03-10,10,0
5406,treatment,2026-03-09,12,1
5407,treatment,2026-03-09,11,0
5408,control,2026-03-02,5,1
5409,control,2026-03-09,8,1
5410,treatment,2026-03-07,6,0
5411,control,2026-03-06,10,1
5412,treatment,2026-03-08,14,0
5413,treatment,2026-03-03,11,0
5414,control,2026-03-11,12,1
5415,control,2026-03-04,6,1
5416,control,2026-03-08,13,0
5417,treatment,2026-03-11,5,0
5418,control,2026-03-14,9,1
5419,control,2026-03-12,10,0
5420,treatment,2026-03-07,4,1
5421,treatment,2026-03-14,13,1
5422,control,2026-03-14,10,0
5423,treatment,2026-03-03,4,0
5424,treatment,2026-03-04,5,0
5425,treatment,2026-03-04,10,0
5426,treatment,2026-03-03,8,0
5427,control,2026-03-06,10,1
5428,treatment,2026-03-14,14,1
5429,treatment,2026-03-15,11,0
5430,control,2026-03-07,3,0
5431,treatment,2026-03-04,11,1
5432,treatment,2026-03-06,12,0
5433,control,2026-03-14,4,1
5434,treatment,2026-03-12,9,1
5435,treatment,2026-03-11,11,0
5436,treatment,2026-03-03,10,1
5437,control,2026-03-11,10,1
5438,treatment,2026-03-07,15,0
5439,treatment,2026-03-08,6,0
5440,treatment,2026-03-05,7,0
5441,control,2026-03-06,8,1
5442,treatment,2026-03-04,5,1
5443,treatment,2026-03-09,5,0
5444,control,2026-03-12,9,0
5445,control,2026-03-11,3,0
5446,treatment,2026-03-03,11,0
5447,treatment,2026-03-06,6,1
5448,control,2026-03-08,7,0
5449,control,2026-03-07,4,1
5450,treatment,2026-03-12,10,0
5451,treatment,2026-03-05,9,0
5452,control,2026-03-12,10,1
5453,treatment,2026-03-08,11,0
5454,treatment,2026-03-12,6,0
5455,treatment,2026-03-11,13,0
5456,control,2026-03-13,9,1
5457,control,2026-03-12,9,0
5458,control,2026-03-05,3,0
5459,treatment,2026-03-06,10,1
5460,treatment,2026-03-05,11,0
5461,treatment,2026-03-13,10,1
5462,treatment,2026-03-12,11,0
5463,treatment,2026-03-06,7,1
5464,control,2026-03-10,12,0
5465,control,2026-03-13,10,0
5466,treatment,2026-03-02,9,0
5467,control,2026-03-08,7,0
5468,treatment,2026-03-07,10,0
5469,treatment,2026-03-03,15,0
5470,treatment,2026-03-14,3,0
5471,treatment,2026-03-08,8,1
5472,control,2026-03-04,13,0
5473,treatment,2026-03-14,9,1
5474,treatment,2026-03-09,14,0
5475,treatment,2026-03-08,8,0
5476,treatment,2026-03-02,8,0
5477,treatment,2026-03-15,8,0
5478,treatment,2026-03-08,9,1
5479,treatment,2026-03-15,11,0
5480,treatment,2026-03-02,10,0
5481,treatment,2026-03-12,11,0
5482,treatment,2026-03-04,10,0
5483,treatment,2026-03-03,3,1
5484,treatment,2026-03-14,7,1
5485,control,2026-03-03,3,1
5486,control,2026-03-15,13,0
5487,control,2026-03-13,11,1
5488,treatment,2026-03-12,9,0
5489,control,2026-03-12,8,1
5490,control,2026-03-03,9,0
5491,control,2026-03-05,10,0
5492,treatment,2026-03-10,7,0
5493,control,2026-03-11,10,0
5494,treatment,2026-03-10,9,0
5495,treatment,2026-03-09,7,0
5496,treatment,2026-03-05,8,0
5497,control,2026-03-04,13,1
5498,treatment,2026-03-03,8,0
5499,control,2026-03-15,5,1
5500,control,2026-03-08,8,0
5501,treatment,2026-03-07,5,0
5502,treatment,2026-03-03,10,0
5503,treatment,2026-03-04,9,1
5504,treatment,2026-03-04,12,0
5505,treatment,2026-03-08,14,0
5506,control,2026-03-06,5,0
5507,treatment,2026-03-11,8,0
5508,control,2026-03-10,7,0
5509,control,2026-03-13,6,0
5510,control,2026-03-07,4,0
5511,control,2026-03-09,9,1
5512,control,2026-03-06,1,0
5513,control,2026-03-03,10,0
5514,treatment,2026-03-05,5,1
5515,treatment,2026-03-07,11,1
5516,treatment,2026-03-14,12,0
5517,control,2026-03-04,7,0
5518,treatment,2026-03-09,8,0
5519,control,2026-03-02,7,0
5520,treatment,2026-03-11,7,1
5521,control,2026-03-03,5,1
5522,control,2026-03-02,10,1
5523,control,2026-03-15,8,1
5524,control,2026-03-08,8,1
5525,treatment,2026-03-14,9,0
5526,control,2026-03-08,10,0
5527,treatment,2026-03-12,6,1
5528,treatment,2026-03-11,11,0
5529,treatment,2026-03-12,7,0
5530,treatment,2026-03-09,15,0
5531,treatment,2026-03-14,6,0
5532,treatment,2026-03-07,13,1
5533,control,2026-03-15,4,0
5534,treatment,2026-03-04,7,0
5535,treatment,2026-03-08,6,0
5536,treatment,2026-03-10,9,0
5537,treatment,2026-03-15,7,0
5538,control,2026-03-14,4,1
5539,control,2026-03-06,6,0
5540,treatment,2026-03-08,5,0
5541,treatment,2026-03-12,10,0
5542,treatment,2026-03-09,5,0
5543,treatment,2026-03-08,11,0
5544,treatment,2026-03-04,8,0
5545,treatment,2026-03-11,6,1
5546,treatment,2026-03-10,11,0
5547,control,2026-03-07,9,0
5548,control,2026-03-09,7,0
5549,control,2026-03-03,8,0
5550,control,2026-03-13,4,1
5551,control,2026-03-05,10,0
5552,control,2026-03-02,9,1
5553,control,2026-03-12,12,0
5554,control,2026-03-13,5,0
5555,treatment,2026-03-08,8,1
5556,control,2026-03-02,9,1
5557,control,2026-03-08,6,1
5558,control,2026-03-06,9,0
5559,control,2026-03-11,7,0
5560,treatment,2026-03-03,12,0
5561,treatment,2026-03-15,9,1
5562,treatment,2026-03-09,11,1
5563,control,2026-03-06,8,0
5564,treatment,2026-03-12,13,1
5565,treatment,2026-03-07,10,0
5566,treatment,2026-03-10,8,0
5567,treatment,2026-03-13,8,0
5568,treatment,2026-03-03,13,1
5569,control,2026-03-14,7,0
5570,control,2026-03-13,8,1
5571,control,2026-03-10,7,0
5572,treatment,2026-03-03,5,0
5573,control,2026-03-02,12,1
5574,treatment,2026-03-10,8,0
5575,control,2026-03-11,10,0
5576,treatment,2026-03-02,7,0
5577,control,2026-03-06,7,0
5578,control,2026-03-06,9,1
5579,control,2026-03-15,9,1
5580,control,2026-03-09,5,1
5581,treatment,2026-03-15,11,1
5582,control,2026-03-14,11,0
5583,control,2026-03-15,5,1
5584,control,2026-03-02,7,0
5585,treatment,2026-03-09,4,1
5586,treatment,2026-03-02,5,0
5587,treatment,2026-03-05,11,0
5588,treatment,2026-03-03,6,0
5589,treatment,2026-03-02,7,1
5590,treatment,2026-03-14,10,0
5591,control,2026-03-11,7,0
5592,treatment,2026-03-11,7,0
5593,control,2026-03-05,7,0
5594,control,2026-03-15,8,1
5595,treatment,2026-03-05,14,0
5596,control,2026-03-02,6,0
5597,treatment,2026-03-14,6,0
5598,treatment,2026-03-07,6,1
5599,treatment,2026-03-08,9,0
5600,control,2026-03-09,10,1
5601,treatment,2026-03-02,7,0
5602,control,2026-03-14,9,1
5603,treatment,2026-03-07,12,0
5604,control,2026-03-02,6,0
5605,treatment,2026-03-02,8,0
5606,treatment,2026-03-14,14,0
5607,treatment,2026-03-06,7,0
5608,treatment,2026-03-03,11,0
5609,control,2026-03-11,8,1
5610,treatment,2026-03-15,10,0
5611,treatment,2026-03-03,7,0
5612,control,2026-03-08,8,0
5613,control,2026-03-13,10,1
5614,control,2026-03-04,8,0
5615,treatment,2026-03-05,5,0
5616,control,2026-03-15,9,1
5617,control,2026-03-11,10,1
5618,treatment,2026-03-12,6,0
5619,treatment,2026-03-07,9,1
5620,treatment,2026-03-10,7,0
5621,control,2026-03-10,10,0
5622,control,2026-03-02,5,0
5623,control,2026-03-08,9,0
5624,control,2026-03-02,6,0
5625,treatment,2026-03-06,7,1
5626,treatment,2026-03-08,14,0
5627,treatment,2026-03-06,5,0
5628,treatment,2026-03-04,4,0
5629,treatment,2026-03-05,7,1
5630,treatment,2026-03-02,4,1
5631,treatment,2026-03-10,6,0
5632,control,2026-03-13,11,0
5633,treatment,2026-03-10,10,0
5634,control,2026-03-07,6,0
5635,treatment,2026-03-10,11,0
5636,treatment,2026-03-11,5,0
5637,treatment,2026-03-06,4,1
5638,treatment,2026-03-05,5,1
5639,control,2026-03-15,5,0
5640,treatment,2026-03-11,8,1
5641,treatment,2026-03-09,11,1
5642,treatment,2026-03-12,6,0
5643,control,2026-03-06,10,0
5644,control,2026-03-14,9,1
5645,treatment,2026-03-09,11,0
5646,treatment,2026-03-09,13,1
5647,control,2026-03-10,11,1
5648,treatment,2026-03-15,15,0
5649,treatment,2026-03-15,7,1
5650,treatment,2026-03-11,7,0
5651,treatment,2026-03-05,8,0
5652,treatment,2026-03-14,5,1
5653,control,2026-03-03,9,1
5654,control,2026-03-14,11,0
5655,treatment,2026-03-12,9,0
5656,treatment,2026-03-13,10,1
5657,treatment,2026-03-03,9,1
5658,control,2026-03-08,7,0
5659,treatment,2026-03-14,14,0
5660,control,2026-03-03,8,0
5661,control,2026-03-02,6,1
5662,treatment,2026-03-05,9,0
5663,control,2026-03-15,9,0
5664,treatment,2026-03-08,7,1
5665,treatment,2026-03-12,7,1
5666,treatment,2026-03-11,10,1
5667,treatment,2026-03-02,7,0
5668,control,2026-03-10,6,0
5669,control,2026-03-02,12,1
5670,treatment,2026-03-11,7,0
5671,treatment,2026-03-14,4,0
5672,control,2026-03-03,8,0
5673,treatment,2026-03-13,8,0
5674,treatment,2026-03-07,7,0
5675,control,2026-03-13,16,0
5676,treatment,2026-03-10,10,0
5677,treatment,2026-03-03,14,1
5678,control,2026-03-08,9,1
5679,treatment,2026-03-14,7,1
5680,control,2026-03-02,10,1
5681,control,2026-03-09,7,0
5682,treatment,2026-03-15,13,0
5683,treatment,2026-03-04,5,0
5684,treatment,2026-03-15,10,0
5685,control,2026-03-11,6,0
5686,treatment,2026-03-02,10,0
5687,treatment,2026-03-11,11,0
5688,treatment,2026-03-08,9,0
5689,control,2026-03-09,11,0
5690,treatment,2026-03-10,6,0
5691,treatment,2026-03-03,5,0
5692,treatment,2026-03-15,9,0
5693,control,2026-03-12,6,1
5694,treatment,2026-03-15,6,0
5695,treatment,2026-03-08,7,0
5696,control,2026-03-08,8,0
5697,control,2026-03-15,10,0
5698,control,2026-03-08,9,0
5699,control,2026-03-08,8,1
5700,treatment,2026-03-12,12,1
5701,control,2026-03-14,3,1
5702,control,2026-03-08,8,1
5703,treatment,2026-03-10,10,0
5704,treatment,2026-03-10,10,1
5705,treatment,2026-03-10,9,0
5706,control,2026-03-03,9,1
5707,control,2026-03-10,10,1
5708,treatment,2026-03-10,7,0
5709,treatment,2026-03-04,4,1
5710,treatment,2026-03-02,6,0
5711,treatment,2026-03-03,13,0
5712,treatment,2026-03-02,2,0
5713,treatment,2026-03-02,10,1
5714,control,2026-03-13,11,0
5715,control,2026-03-08,7,1
5716,control,2026-03-14,6,0
5717,control,2026-03-05,8,1
5718,treatment,2026-03-06,11,0
5719,control,2026-03-10,7,0
5720,treatment,2026-03-15,6,0
5721,treatment,2026-03-10,13,1
5722,treatment,2026-03-12,12,0
5723,treatment,2026-03-08,9,0
5724,control,2026-03-02,5,0
5725,treatment,2026-03-03,10,1
5726,control,2026-03-10,4,0
5727,treatment,2026-03-10,9,0
5728,control,2026-03-14,8,1
5729,treatment,2026-03-10,9,1
5730,treatment,2026-03-05,10,1
5731,control,2026-03-15,7,0
5732,control,2026-03-03,5,1
5733,treatment,2026-03-11,10,0
5734,treatment,2026-03-06,7,0
5735,control,2026-03-05,5,0
5736,control,2026-03-09,10,0
5737,treatment,2026-03-12,8,0
5738,control,2026-03-10,4,0
5739,treatment,2026-03-14,8,0
5740,treatment,2026-03-04,2,0
5741,control,2026-03-06,3,0
5742,treatment,2026-03-11,4,0
5743,control,2026-03-05,10,0
5744,treatment,2026-03-04,8,1
5745,control,2026-03-06,4,0
5746,treatment,2026-03-11,11,1
5747,treatment,2026-03-02,9,1
5748,control,2026-03-07,10,0
5749,control,2026-03-06,12,1
5750,control,2026-03-12,6,0
5751,control,2026-03-07,11,0
5752,treatment,2026-03-11,10,0
5753,control,2026-03-12,10,1
5754,treatment,2026-03-09,14,0
5755,treatment,2026-03-12,8,1
5756,treatment,2026-03-15,7,1
5757,treatment,2026-03-15,8,1
5758,treatment,2026-03-03,9,0
5759,treatment,2026-03-03,11,1
5760,control,2026-03-07,4,1
5761,treatment,2026-03-14,8,1
5762,treatment,2026-03-06,11,0
5763,control,2026-03-07,5,1
5764,control,2026-03-15,13,1
5765,treatment,2026-03-14,8,0
5766,treatment,2026-03-09,14,0
5767,control,2026-03-11,6,0
5768,treatment,2026-03-10,14,0
5769,control,2026-03-08,10,1
5770,treatment,2026-03-14,8,0
5771,treatment,2026-03-11,9,0
5772,treatment,2026-03-14,16,1
5773,control,2026-03-11,5,0
5774,control,2026-03-02,8,1
5775,control,2026-03-06,7,1
5776,control,2026-03-08,14,0
5777,control,2026-03-14,2,1
5778,treatment,2026-03-13,14,0
5779,control,2026-03-08,8,1
5780,treatment,2026-03-04,13,0
5781,treatment,2026-03-04,9,1
5782,control,2026-03-13,10,0
5783,treatment,2026-03-14,9,0
5784,control,2026-03-05,12,0
5785,control,2026-03-04,14,1
5786,control,2026-03-07,8,1
5787,control,2026-03-08,6,0
5788,control,2026-03-07,5,1
5789,treatment,2026-03-13,8,0
5790,treatment,2026-03-04,13,0
5791,control,2026-03-04,8,0
5792,treatment,2026-03-07,7,0
5793,control,2026-03-09,6,1
5794,treatment,2026-03-14,7,0
5795,treatment,2026-03-02,11,0
5796,control,2026-03-05,9,1
5797,control,2026-03-05,7,0
5798,control,2026-03-02,11,0
5799,treatment,2026-03-03,13,0
5800,treatment,2026-03-09,11,0
5801,control,2026-03-02,14,0
5802,control,2026-03-14,8,1
5803,control,2026-03-03,8,1
5804,treatment,2026-03-15,8,0
5805,control,2026-03-09,11,0
5806,treatment,2026-03-10,11,1
5807,treatment,2026-03-04,11,0
5808,control,2026-03-14,3,1
5809,control,2026-03-04,8,0
5810,treatment,2026-03-02,5,0
5811,control,2026-03-02,5,1
5812,control,2026-03-08,11,0
5813,control,2026-03-15,7,0
5814,control,2026-03-02,10,0
5815,treatment,2026-03-13,11,0
5816,control,2026-03-06,7,0
5817,treatment,2026-03-09,11,0
5818,control,2026-03-12,5,0
5819,control,2026-03-04,4,0
5820,treatment,2026-03-02,6,0
5821,control,2026-03-03,7,0
5822,treatment,2026-03-13,9,0
5823,control,2026-03-04,8,1
5824,control,2026-03-07,8,0
5825,control,2026-03-11,10,0
5826,control,2026-03-14,7,0
5827,treatment,2026-03-09,6,0
5828,control,2026-03-05,8,0
5829,control,2026-03-02,5,0
5830,control,2026-03-07,7,1
5831,control,2026-03-11,7,1
5832,control,2026-03-15,8,1
5833,treatment,2026-03-02,3,1
5834,control,2026-03-08,8,0
5835,treatment,2026-03-08,7,0
5836,control,2026-03-05,11,0
5837,control,2026-03-13,7,0
5838,control,2026-03-04,7,0
5839,control,2026-03-08,8,0
5840,treatment,2026-03-03,12,0
5841,control,2026-03-13,10,1
5842,treatment,2026-03-05,6,0
5843,treatment,2026-03-14,7,1
5844,treatment,2026-03-14,7,0
5845,control,2026-03-08,18,0
5846,treatment,2026-03-03,9,0
5847,treatment,2026-03-04,14,0
5848,treatment,2026-03-08,10,0
5849,treatment,2026-03-10,5,1
5850,treatment,2026-03-12,13,0
5851,treatment,2026-03-02,12,0
5852,control,2026-03-03,11,1
5853,control,2026-03-09,8,1
5854,treatment,2026-03-05,10,1
5855,control,2026-03-10,5,1
5856,treatment,2026-03-15,4,0
5857,treatment,2026-03-13,5,0
5858,treatment,2026-03-02,7,0
5859,control,2026-03-07,6,0
5860,control,2026-03-06,6,0
5861,control,2026-03-13,13,1
5862,treatment,2026-03-13,13,0
5863,treatment,2026-03-02,12,0
5864,treatment,2026-03-04,7,1
5865,treatment,2026-03-02,6,0
5866,control,2026-03-10,12,1
5867,control,2026-03-15,11,0
5868,treatment,2026-03-05,8,1
5869,control,2026-03-04,12,0
5870,treatment,2026-03-15,9,1
5871,treatment,2026-03-10,13,0
5872,treatment,2026-03-15,12,0
5873,treatment,2026-03-04,13,0
5874,treatment,2026-03-02,8,1
5875,treatment,2026-03-13,6,0
5876,control,2026-03-07,7,1
5877,treatment,2026-03-02,11,1
5878,treatment,2026-03-14,5,1
5879,control,2026-03-07,10,1
5880,treatment,2026-03-03,10,0
5881,treatment,2026-03-03,7,0
5882,treatment,2026-03-05,11,0
5883,control,2026-03-07,5,0
5884,treatment,2026-03-15,7,0
5885,treatment,2026-03-15,9,0
5886,treatment,2026-03-14,6,1
5887,control,2026-03-04,12,1
5888,treatment,2026-03-03,15,1
5889,treatment,2026-03-03,9,1
5890,treatment,2026-03-10,8,0
5891,control,2026-03-14,7,0
5892,control,2026-03-14,5,0
5893,treatment,2026-03-10,6,0
5894,treatment,2026-03-09,8,1
5895,treatment,2026-03-03,7,0
5896,treatment,2026-03-15,6,1
5897,control,2026-03-14,11,0
5898,treatment,2026-03-14,12,1
5899,treatment,2026-03-14,14,1
5900,control,2026-03-12,6,1
5901,control,2026-03-13,9,0
5902,treatment,2026-03-11,8,1
5903,control,2026-03-05,9,0
5904,treatment,2026-03-15,11,0
5905,treatment,2026-03-12,10,0
5906,control,2026-03-11,7,0
5907,treatment,2026-03-13,8,1
5908,treatment,2026-03-08,12,1
5909,treatment,2026-03-13,9,0
5910,treatment,2026-03-11,15,1
5911,treatment,2026-03-13,8,0
5912,control,2026-03-15,15,0
5913,control,2026-03-06,8,0
5914,treatment,2026-03-04,8,1
5915,control,2026-03-14,5,1
5916,control,2026-03-14,12,1
5917,control,2026-03-15,8,0
5918,control,2026-03-05,12,0
5919,treatment,2026-03-14,11,0
5920,treatment,2026-03-03,8,1
5921,control,2026-03-05,10,1
5922,control,2026-03-04,11,0
5923,treatment,2026-03-12,10,0
5924,treatment,2026-03-08,14,0
5925,control,2026-03-08,9,0
5926,treatment,2026-03-08,10,1
5927,treatment,2026-03-12,5,1
5928,treatment,2026-03-15,11,0
5929,control,2026-03-06,10,1
5930,treatment,2026-03-09,13,1
5931,control,2026-03-14,11,0
5932,treatment,2026-03-14,9,0
5933,treatment,2026-03-06,9,0
5934,treatment,2026-03-11,6,0
5935,treatment,2026-03-13,8,1
5936,treatment,2026-03-07,9,1
5937,control,2026-03-12,8,1
5938,treatment,2026-03-06,10,1
5939,control,2026-03-14,8,0
5940,treatment,2026-03-10,9,1
5941,control,2026-03-10,13,1
5942,treatment,2026-03-08,7,1
5943,control,2026-03-07,15,0
5944,treatment,2026-03-02,10,0
5945,control,2026-03-12,6,0
5946,control,2026-03-08,3,0
5947,treatment,2026-03-10,7,0
5948,control,2026-03-12,12,0
5949,treatment,2026-03-04,9,1
5950,treatment,2026-03-09,10,1
5951,treatment,2026-03-08,7,0
5952,treatment,2026-03-02,12,1
5953,control,2026-03-13,15,0
5954,control,2026-03-11,10,0
5955,treatment,2026-03-08,10,0
5956,treatment,2026-03-12,11,0
5957,control,2026-03-11,15,1
5958,control,2026-03-09,6,1
5959,treatment,2026-03-10,9,0
5960,control,2026-03-08,6,1
5961,control,2026-03-06,6,0
5962,treatment,2026-03-07,10,0
5963,control,2026-03-03,12,0
5964,control,2026-03-02,10,1
5965,treatment,2026-03-15,12,1
5966,control,2026-03-07,10,1
5967,treatment,2026-03-15,4,0
5968,control,2026-03-06,6,0
5969,treatment,2026-03-05,7,1
5970,control,2026-03-11,5,1
5971,treatment,2026-03-07,6,1
5972,treatment,2026-03-13,3,1
5973,treatment,2026-03-07,10,0
5974,control,2026-03-08,9,0
5975,treatment,2026-03-10,7,0
5976,treatment,2026-03-11,6,0
5977,treatment,2026-03-10,6,1
5978,treatment,2026-03-08,9,0
5979,treatment,2026-03-13,15,1
5980,control,2026-03-09,8,1
5981,control,2026-03-11,5,0
5982,treatment,2026-03-15,13,0
5983,control,2026-03-15,5,1
5984,treatment,2026-03-06,7,0
5985,treatment,2026-03-05,7,1
5986,treatment,2026-03-10,9,0
5987,treatment,2026-03-04,11,1
5988,control,2026-03-04,1,1
5989,treatment,2026-03-02,5,1
5990,treatment,2026-03-03,10,1
5991,control,2026-03-05,7,0
5992,treatment,2026-03-15,5,0
5993,treatment,2026-03-13,5,1
5994,control,2026-03-10,7,1
5995,treatment,2026-03-15,7,1
5996,control,2026-03-12,12,0
5997,treatment,2026-03-02,6,0
5998,treatment,2026-03-09,9,0
5999,control,2026-03-08,9,0
6000,control,2026-03-13,5,0
6001,control,2026-03-14,10,1
6002,control,2026-03-11,4,1
6003,treatment,2026-03-06,12,1
6004,control,2026-03-04,7,1
6005,control,2026-03-04,8,1
6006,control,2026-03-06,9,1
6007,control,2026-03-03,11,1
6008,treatment,2026-03-09,8,0
6009,treatment,2026-03-10,12,0
6010,control,2026-03-10,7,0
6011,treatment,2026-03-06,8,0
6012,treatment,2026-03-03,8,1
6013,control,2026-03-03,8,0
6014,treatment,2026-03-03,14,1
6015,control,2026-03-12,11,0
6016,control,2026-03-12,4,0
6017,control,2026-03-03,2,1
6018,control,2026-03-04,8,1
6019,control,2026-03-02,11,0
6020,treatment,2026-03-15,6,0
6021,treatment,2026-03-11,7,1
6022,control,2026-03-07,12,0
6023,control,2026-03-04,8,0
6024,treatment,2026-03-14,12,1
6025,treatment,2026-03-08,7,0
6026,treatment,2026-03-13,6,0
6027,control,2026-03-09,5,0
6028,treatment,2026-03-13,10,1
6029,control,2026-03-05,8,0
6030,treatment,2026-03-05,8,0
6031,treatment,2026-03-08,5,0
6032,control,2026-03-05,8,1
6033,treatment,2026-03-09,13,0
6034,control,2026-03-06,9,0
6035,control,2026-03-09,8,1
6036,control,2026-03-13,3,0
6037,treatment,2026-03-03,6,0
6038,treatment,2026-03-13,11,1
6039,control,2026-03-04,6,1
6040,control,2026-03-05,7,0
6041,control,2026-03-09,11,0
6042,control,2026-03-06,6,1
6043,treatment,2026-03-04,9,0
6044,control,2026-03-09,9,0
6045,treatment,2026-03-10,11,1
6046,control,2026-03-03,6,1
6047,treatment,2026-03-05,3,0
6048,treatment,2026-03-06,5,0
6049,treatment,2026-03-14,10,0
6050,control,2026-03-05,8,1
6051,control,2026-03-15,8,0
6052,treatment,2026-03-03,9,0
6053,treatment,2026-03-04,9,0
6054,control,2026-03-06,4,1
6055,control,2026-03-06,8,1
6056,treatment,2026-03-10,8,0
6057,control,2026-03-10,6,0
6058,control,2026-03-05,7,1
6059,control,2026-03-05,7,0
6060,treatment,2026-03-15,13,1
6061,treatment,2026-03-06,6,0
6062,control,2026-03-14,5,0
6063,treatment,2026-03-11,10,1
6064,treatment,2026-03-12,8,1
6065,control,2026-03-13,6,0
6066,treatment,2026-03-05,9,0
6067,treatment,2026-03-05,9,1
6068,control,2026-03-06,7,0
6069,treatment,2026-03-09,16,0
6070,control,2026-03-08,6,1
6071,treatment,2026-03-04,12,1
6072,treatment,2026-03-04,12,0
6073,treatment,2026-03-05,5,1
6074,control,2026-03-02,12,1
6075,control,2026-03-09,4,1
6076,treatment,2026-03-04,5,1
6077,control,2026-03-10,7,0
6078,control,2026-03-10,5,0
6079,control,2026-03-11,10,0
6080,control,2026-03-11,7,0
6081,control,2026-03-09,6,1
6082,treatment,2026-03-15,11,0
6083,treatment,2026-03-03,11,0
6084,control,2026-03-12,6,1
6085,control,2026-03-10,13,0
6086,treatment,2026-03-02,10,1
6087,treatment,2026-03-02,5,0
6088,treatment,2026-03-14,6,0
6089,control,2026-03-15,8,0
6090,control,2026-03-10,11,0
6091,treatment,2026-03-02,9,1
6092,control,2026-03-11,6,1
6093,treatment,2026-03-06,10,0
6094,control,2026-03-04,11,0
6095,treatment,2026-03-06,6,0
6096,control,2026-03-06,6,1
6097,treatment,2026-03-08,8,0
6098,control,2026-03-12,9,0
6099,control,2026-03-06,9,0
6100,control,2026-03-12,14,0
6101,treatment,2026-03-15,10,0
6102,control,2026-03-06,9,1
6103,control,2026-03-15,5,1
6104,control,2026-03-02,14,0
6105,treatment,2026-03-04,10,0
6106,control,2026-03-07,8,1
6107,control,2026-03-02,8,0
6108,control,2026-03-09,9,0
6109,control,2026-03-04,7,0
6110,treatment,2026-03-06,8,0
6111,treatment,2026-03-07,8,0
6112,control,2026-03-15,7,1
6113,treatment,2026-03-13,10,0
6114,control,2026-03-02,8,0
6115,control,2026-03-13,12,0
6116,control,2026-03-04,4,0
6117,treatment,2026-03-07,13,1
6118,control,2026-03-03,5,1
6119,treatment,2026-03-11,17,1
6120,control,2026-03-05,9,0
6121,control,2026-03-09,5,0
6122,treatment,2026-03-13,7,0
6123,treatment,2026-03-02,8,0
6124,control,2026-03-14,7,1
6125,treatment,2026-03-13,9,0
6126,treatment,2026-03-14,10,1
6127,treatment,2026-03-04,7,0
6128,control,2026-03-12,11,1
6129,control,2026-03-04,4,0
6130,treatment,2026-03-11,8,0
6131,control,2026-03-03,12,1
6132,control,2026-03-10,7,0
6133,control,2026-03-06,8,1
6134,treatment,2026-03-06,6,1
6135,control,2026-03-11,5,0
6136,treatment,2026-03-07,7,1
6137,treatment,2026-03-09,12,0
6138,treatment,2026-03-13,7,0
6139,control,2026-03-11,7,1
6140,treatment,2026-03-03,8,0
6141,control,2026-03-08,7,0
6142,control,2026-03-11,11,1
6143,control,2026-03-11,13,1
6144,control,2026-03-12,11,1
6145,control,2026-03-09,9,0
6146,control,2026-03-06,7,0
6147,treatment,2026-03-12,12,1
6148,treatment,2026-03-12,8,0
6149,control,2026-03-05,5,1
6150,control,2026-03-11,10,0
6151,treatment,2026-03-07,7,0
6152,control,2026-03-07,9,1
6153,control,2026-03-03,9,1
6154,treatment,2026-03-09,6,1
6155,control,2026-03-09,9,1
6156,control,2026-03-02,12,0
6157,treatment,2026-03-02,10,0
6158,treatment,2026-03-15,13,1
6159,treatment,2026-03-02,8,0
6160,control,2026-03-11,12,0
6161,treatment,2026-03-08,13,0
6162,control,2026-03-07,9,0
6163,control,2026-03-09,7,1
6164,treatment,2026-03-03,13,1
6165,treatment,2026-03-04,8,0
6166,control,2026-03-07,6,1
6167,control,2026-03-03,8,1
6168,treatment,2026-03-14,11,0
6169,control,2026-03-15,8,0
6170,treatment,2026-03-05,10,0
6171,treatment,2026-03-14,9,0
6172,control,2026-03-05,13,0
6173,control,2026-03-12,6,1
6174,control,2026-03-03,10,0
6175,treatment,2026-03-11,3,0
6176,control,2026-03-05,6,1
6177,treatment,2026-03-07,8,0
6178,treatment,2026-03-03,7,1
6179,treatment,2026-03-02,11,0
6180,treatment,2026-03-12,5,1
6181,treatment,2026-03-13,10,0
6182,control,2026-03-07,10,1
6183,treatment,2026-03-05,10,1
6184,control,2026-03-07,8,0
6185,treatment,2026-03-08,10,0
6186,treatment,2026-03-10,4,0
6187,control,2026-03-15,9,0
6188,control,2026-03-07,3,0
6189,control,2026-03-09,7,0
6190,treatment,2026-03-11,11,1
6191,treatment,2026-03-14,5,1
6192,treatment,2026-03-10,7,0
6193,control,2026-03-15,9,1
6194,control,2026-03-11,9,0
6195,control,2026-03-02,3,0
6196,treatment,2026-03-02,14,1
6197,treatment,2026-03-03,9,1
6198,treatment,2026-03-04,7,1
6199,treatment,2026-03-03,8,0
6200,treatment,2026-03-05,7,0
6201,treatment,2026-03-12,7,0
6202,treatment,2026-03-14,7,0
6203,control,2026-03-15,11,0
6204,treatment,2026-03-07,9,0
6205,control,2026-03-08,9,0
6206,treatment,2026-03-03,14,1
6207,control,2026-03-11,14,1
6208,treatment,2026-03-11,11,0
6209,treatment,2026-03-14,9,1
6210,treatment,2026-03-06,8,1
6211,control,2026-03-15,4,0
6212,treatment,2026-03-15,13,0
6213,control,2026-03-14,13,0
6214,control,2026-03-07,4,1
6215,treatment,2026-03-05,8,1
6216,treatment,2026-03-02,10,1
6217,treatment,2026-03-03,6,1
6218,control,2026-03-11,13,0
6219,control,2026-03-14,14,0
6220,treatment,2026-03-13,8,1
6221,control,2026-03-11,11,0
6222,treatment,2026-03-04,5,1
6223,control,2026-03-04,6,0
6224,control,2026-03-06,5,0
6225,treatment,2026-03-06,9,1
6226,treatment,2026-03-11,7,1
6227,control,2026-03-02,10,1
6228,control,2026-03-10,11,1
6229,treatment,2026-03-09,12,1
6230,treatment,2026-03-10,8,1
6231,treatment,2026-03-02,8,0
6232,control,2026-03-04,7,0
6233,treatment,2026-03-05,6,0
6234,control,2026-03-05,7,1
6235,treatment,2026-03-14,8,1
6236,control,2026-03-04,7,0
6237,treatment,2026-03-05,4,0
6238,treatment,2026-03-09,6,1
6239,control,2026-03-13,5,1
6240,control,2026-03-05,14,1
6241,control,2026-03-02,9,1
6242,treatment,2026-03-10,8,1
6243,control,2026-03-07,6,0
6244,control,2026-03-08,6,0
6245,control,2026-03-12,4,1
6246,control,2026-03-07,3,0
6247,treatment,2026-03-02,6,0
6248,control,2026-03-14,4,1
6249,control,2026-03-08,12,0
6250,control,2026-03-13,5,1
6251,control,2026-03-13,12,0
6252,treatment,2026-03-11,7,0
6253,treatment,2026-03-13,13,0
6254,control,2026-03-11,4,1
6255,control,2026-03-04,11,1
6256,control,2026-03-05,4,1
6257,control,2026-03-02,10,0
6258,control,2026-03-12,9,0
6259,treatment,2026-03-03,12,0
6260,treatment,2026-03-02,8,0
6261,control,2026-03-14,9,1
6262,treatment,2026-03-02,4,1
6263,treatment,2026-03-08,10,1
6264,treatment,2026-03-03,9,0
6265,control,2026-03-07,15,0
6266,treatment,2026-03-14,8,1
6267,control,2026-03-09,12,0
6268,treatment,2026-03-09,13,0
6269,control,2026-03-02,6,1
6270,treatment,2026-03-07,8,0
6271,control,2026-03-15,11,1
6272,treatment,2026-03-06,11,0
6273,treatment,2026-03-08,7,1
6274,treatment,2026-03-04,9,1
6275,control,2026-03-06,8,0
6276,treatment,2026-03-07,7,0
6277,control,2026-03-02,8,1
6278,control,2026-03-02,12,0
6279,treatment,2026-03-08,8,1
6280,treatment,2026-03-09,12,0
6281,control,2026-03-03,4,1
6282,control,2026-03-11,6,1
6283,treatment,2026-03-15,13,0
6284,treatment,2026-03-09,10,0
6285,treatment,2026-03-03,13,1
6286,treatment,2026-03-11,11,1
6287,control,2026-03-07,12,1
6288,treatment,2026-03-13,9,1
6289,control,2026-03-07,8,0
6290,control,2026-03-02,10,1
6291,treatment,2026-03-04,7,0
6292,control,2026-03-04,10,0
6293,control,2026-03-12,10,0
6294,treatment,2026-03-14,9,1
6295,treatment,2026-03-02,9,0
6296,control,2026-03-13,9,0
6297,treatment,2026-03-03,7,0
6298,treatment,2026-03-03,10,1
6299,treatment,2026-03-11,9,1
6300,treatment,2026-03-12,16,0
6301,treatment,2026-03-04,16,0
6302,treatment,2026-03-09,12,0
6303,control,2026-03-12,7,1
6304,control,2026-03-02,9,1
6305,control,2026-03-04,6,0
6306,control,2026-03-14,13,0
6307,treatment,2026-03-03,6,1
6308,control,2026-03-14,8,0
6309,treatment,2026-03-02,10,1
6310,treatment,2026-03-12,11,1
6311,treatment,2026-03-09,12,0
6312,control,2026-03-11,5,1
6313,control,2026-03-12,12,1
6314,control,2026-03-07,7,1
6315,treatment,2026-03-02,7,0
6316,treatment,2026-03-02,4,1
6317,control,2026-03-09,7,1
6318,control,2026-03-10,11,1
6319,control,2026-03-05,11,1
6320,control,2026-03-11,7,0
6321,control,2026-03-08,8,0
6322,treatment,2026-03-15,7,1
6323,control,2026-03-15,5,1
6324,treatment,2026-03-07,12,0
6325,treatment,2026-03-12,7,0
6326,control,2026-03-03,5,0
6327,treatment,2026-03-05,8,0
6328,control,2026-03-05,12,0
6329,control,2026-03-08,9,0
6330,treatment,2026-03-13,11,0
6331,treatment,2026-03-14,10,0
6332,treatment,2026-03-10,8,0
6333,control,2026-03-05,9,0
6334,control,2026-03-07,17,0
6335,treatment,2026-03-07,8,0
6336,control,2026-03-04,8,0
6337,control,2026-03-14,7,1
6338,control,2026-03-06,6,1
6339,control,2026-03-03,9,0
6340,control,2026-03-12,11,0
6341,control,2026-03-07,9,0
6342,control,2026-03-10,3,0
6343,control,2026-03-15,11,1
6344,treatment,2026-03-14,9,1
6345,treatment,2026-03-07,7,0
6346,control,2026-03-11,5,0
6347,control,2026-03-02,7,1
6348,treatment,2026-03-14,6,0
6349,treatment,2026-03-10,11,1
6350,treatment,2026-03-04,5,1
6351,treatment,2026-03-06,9,1
6352,treatment,2026-03-02,11,0
6353,treatment,2026-03-02,10,0
6354,control,2026-03-04,6,0
6355,control,2026-03-05,10,0
6356,control,2026-03-13,4,0
6357,control,2026-03-08,6,1
6358,treatment,2026-03-14,5,0
6359,treatment,2026-03-15,13,0
6360,control,2026-03-03,7,0
6361,treatment,2026-03-10,8,0
6362,treatment,2026-03-04,6,0
6363,treatment,2026-03-13,2,1
6364,control,2026-03-14,15,0
6365,treatment,2026-03-03,8,1
6366,control,2026-03-04,2,0
6367,control,2026-03-15,9,1
6368,treatment,2026-03-10,7,1
6369,treatment,2026-03-04,8,0
6370,treatment,2026-03-08,9,1
6371,control,2026-03-13,5,0
6372,control,2026-03-06,7,0
6373,control,2026-03-04,9,0
6374,treatment,2026-03-07,6,1
6375,control,2026-03-10,9,1
6376,treatment,2026-03-09,9,0
6377,treatment,2026-03-10,10,0
6378,treatment,2026-03-13,10,1
6379,treatment,2026-03-07,5,0
6380,control,2026-03-12,8,0
6381,treatment,2026-03-15,9,0
6382,control,2026-03-07,5,0
6383,control,2026-03-08,5,0
6384,treatment,2026-03-14,15,0
6385,treatment,2026-03-13,6,0
6386,control,2026-03-09,7,1
6387,treatment,2026-03-05,11,0
6388,control,2026-03-02,8,0
6389,treatment,2026-03-03,7,1
6390,control,2026-03-03,11,1
6391,treatment,2026-03-07,5,0
6392,control,2026-03-14,9,0
6393,control,2026-03-06,13,1
6394,control,2026-03-12,7,0
6395,treatment,2026-03-10,8,1
6396,control,2026-03-10,8,0
6397,treatment,2026-03-13,8,0
6398,treatment,2026-03-12,7,0
6399,treatment,2026-03-06,10,0
6400,control,2026-03-03,9,0
6401,control,2026-03-08,5,1
6402,control,2026-03-05,7,0
6403,treatment,2026-03-11,10,0
6404,treatment,2026-03-06,10,0
6405,treatment,2026-03-06,7,0
6406,control,2026-03-09,9,0
6407,control,2026-03-07,5,0
6408,treatment,2026-03-07,12,0
6409,control,2026-03-10,8,1
6410,control,2026-03-12,8,1
6411,treatment,2026-03-12,14,0
6412,control,2026-03-07,6,0
6413,control,2026-03-08,6,1
6414,control,2026-03-06,7,1
6415,treatment,2026-03-13,8,0
6416,control,2026-03-04,7,0
6417,control,2026-03-11,14,0
6418,treatment,2026-03-05,7,0
6419,treatment,2026-03-10,7,0
6420,control,2026-03-13,5,0
6421,treatment,2026-03-06,9,0
6422,treatment,2026-03-07,7,0
6423,treatment,2026-03-10,11,0
6424,treatment,2026-03-09,2,0
6425,treatment,2026-03-05,8,0
6426,treatment,2026-03-10,5,0
6427,treatment,2026-03-06,9,1
6428,control,2026-03-03,9,1
6429,treatment,2026-03-12,7,0
6430,control,2026-03-07,6,1
6431,control,2026-03-15,8,1
6432,treatment,2026-03-02,7,0
6433,control,2026-03-03,4,0
6434,treatment,2026-03-12,5,0
6435,control,2026-03-06,5,1
6436,treatment,2026-03-09,7,0
6437,treatment,2026-03-05,7,0
6438,control,2026-03-08,7,0
6439,control,2026-03-05,3,1
6440,treatment,2026-03-11,14,1
6441,control,2026-03-12,2,1
6442,treatment,2026-03-12,11,1
6443,treatment,2026-03-05,13,0
6444,treatment,2026-03-13,9,1
6445,control,2026-03-11,9,1
6446,treatment,2026-03-07,9,0
6447,treatment,2026-03-07,18,0
6448,control,2026-03-03,7,0
6449,control,2026-03-13,8,1
6450,treatment,2026-03-11,9,0
6451,treatment,2026-03-06,14,0
6452,control,2026-03-06,4,0
6453,treatment,2026-03-04,9,0
6454,treatment,2026-03-10,7,1
6455,treatment,2026-03-07,16,0
6456,treatment,2026-03-05,12,0
6457,treatment,2026-03-06,6,0
6458,control,2026-03-07,7,0
6459,control,2026-03-06,10,1
6460,control,2026-03-05,8,1
6461,treatment,2026-03-10,12,1
6462,treatment,2026-03-02,6,0
6463,treatment,2026-03-15,11,0
6464,treatment,2026-03-02,7,0
6465,control,2026-03-08,7,1
6466,control,2026-03-03,7,1
6467,treatment,2026-03-11,11,0
6468,control,2026-03-08,9,1
6469,control,2026-03-05,12,0
6470,control,2026-03-11,6,0
6471,control,2026-03-02,3,0
6472,control,2026-03-07,5,1
6473,treatment,2026-03-10,7,0
6474,treatment,2026-03-09,14,0
6475,treatment,2026-03-02,8,0
6476,control,2026-03-05,5,0
6477,control,2026-03-15,9,0
6478,treatment,2026-03-06,9,0
6479,control,2026-03-15,12,1
6480,treatment,2026-03-10,8,0
6481,control,2026-03-04,11,0
6482,control,2026-03-04,8,1
6483,treatment,2026-03-12,8,1
6484,treatment,2026-03-13,6,0
6485,control,2026-03-03,12,1
6486,control,2026-03-08,8,1
6487,treatment,2026-03-10,9,0
6488,treatment,2026-03-07,12,0
6489,control,2026-03-03,11,1
6490,control,2026-03-11,5,0
6491,control,2026-03-13,9,0
6492,treatment,2026-03-12,11,1
6493,control,2026-03-11,6,0
6494,control,2026-03-15,9,0
6495,control,2026-03-05,7,0
6496,treatment,2026-03-11,3,1
6497,control,2026-03-07,7,0
6498,treatment,2026-03-11,6,0
6499,control,2026-03-07,7,0
6500,treatment,2026-03-14,11,0
6501,control,2026-03-10,11,1
6502,control,2026-03-14,10,1
6503,control,2026-03-04,15,0
6504,treatment,2026-03-10,11,0
6505,control,2026-03-09,5,1
6506,control,2026-03-13,8,0
6507,control,2026-03-12,8,0
6508,treatment,2026-03-10,8,1
6509,control,2026-03-08,8,1
6510,treatment,2026-03-07,10,0
6511,treatment,2026-03-13,11,1
6512,treatment,2026-03-06,10,1
6513,treatment,2026-03-14,12,0
6514,control,2026-03-11,4,1
6515,treatment,2026-03-04,6,0
6516,control,2026-03-14,9,0
6517,control,2026-03-07,8,0
6518,control,2026-03-07,7,1
6519,treatment,2026-03-11,9,0
6520,treatment,2026-03-12,12,1
6521,control,2026-03-12,8,1
6522,treatment,2026-03-12,7,0
6523,control,2026-03-09,3,0
6524,control,2026-03-09,2,0
6525,treatment,2026-03-04,6,0
6526,treatment,2026-03-11,15,0
6527,treatment,2026-03-02,9,0
6528,control,2026-03-12,9,1
6529,control,2026-03-13,7,1
6530,control,2026-03-15,5,1
6531,treatment,2026-03-04,10,0
6532,treatment,2026-03-08,2,1
6533,control,2026-03-13,12,1
6534,control,2026-03-14,5,0
6535,control,2026-03-08,7,0
6536,treatment,2026-03-03,10,1
6537,treatment,2026-03-02,6,0
6538,control,2026-03-15,8,0
6539,control,2026-03-06,6,0
6540,treatment,2026-03-07,12,1
6541,control,2026-03-11,6,1
6542,treatment,2026-03-05,9,1
6543,control,2026-03-04,9,0
6544,control,2026-03-02,7,0
6545,control,2026-03-03,7,0
6546,control,2026-03-08,8,0
6547,control,2026-03-08,18,1
6548,control,2026-03-11,9,0
6549,treatment,2026-03-10,8,0
6550,control,2026-03-11,4,0
6551,treatment,2026-03-13,7,0
6552,control,2026-03-06,6,0
6553,control,2026-03-06,14,0
6554,treatment,2026-03-03,7,0
6555,control,2026-03-13,5,1
6556,treatment,2026-03-07,9,1
6557,control,2026-03-15,7,0
6558,control,2026-03-15,16,0
6559,treatment,2026-03-06,4,0
6560,control,2026-03-12,3,0
6561,control,2026-03-02,7,1
6562,control,2026-03-02,12,0
6563,control,2026-03-12,8,1
6564,control,2026-03-02,11,0
6565,control,2026-03-08,6,0
6566,treatment,2026-03-12,10,0
6567,control,2026-03-10,8,0
6568,control,2026-03-13,12,1
6569,treatment,2026-03-11,9,1
6570,treatment,2026-03-09,8,1
6571,treatment,2026-03-05,11,1
6572,control,2026-03-15,12,0
6573,control,2026-03-14,12,1
6574,control,2026-03-10,3,1
6575,treatment,2026-03-07,7,0
6576,treatment,2026-03-11,11,0
6577,control,2026-03-09,5,0
6578,control,2026-03-08,10,1
6579,treatment,2026-03-13,7,0
6580,control,2026-03-14,13,1
6581,treatment,2026-03-12,7,1
6582,control,2026-03-05,9,1
6583,control,2026-03-06,10,0
6584,treatment,2026-03-09,6,1
6585,control,2026-03-15,15,0
6586,control,2026-03-09,13,0
6587,control,2026-03-07,6,0
6588,treatment,2026-03-08,7,1
6589,control,2026-03-09,10,1
6590,control,2026-03-03,7,0
6591,treatment,2026-03-14,13,0
6592,control,2026-03-04,5,0
6593,control,2026-03-03,4,0
6594,treatment,2026-03-08,16,1
6595,control,2026-03-05,10,0
6596,control,2026-03-06,4,0
6597,treatment,2026-03-06,8,0
6598,treatment,2026-03-15,10,1
6599,treatment,2026-03-10,7,1
6600,control,2026-03-07,6,1
6601,treatment,2026-03-14,9,0
6602,control,2026-03-07,14,1
6603,control,2026-03-11,7,0
6604,treatment,2026-03-05,8,0
6605,treatment,2026-03-10,10,0
6606,control,2026-03-11,8,0
6607,treatment,2026-03-07,5,0
6608,control,2026-03-05,9,0
6609,treatment,2026-03-04,13,1
6610,treatment,2026-03-10,10,1
6611,control,2026-03-12,2,1
6612,treatment,2026-03-07,8,0
6613,control,2026-03-15,4,0
6614,treatment,2026-03-04,9,0
6615,control,2026-03-13,7,0
6616,control,2026-03-02,7,1
6617,treatment,2026-03-10,11,0
6618,control,2026-03-15,4,1
6619,treatment,2026-03-12,11,0
6620,treatment,2026-03-12,13,0
6621,control,2026-03-07,12,0
6622,control,2026-03-07,12,0
6623,treatment,2026-03-15,9,1
6624,treatment,2026-03-11,8,0
6625,control,2026-03-10,5,1
6626,treatment,2026-03-06,9,0
6627,treatment,2026-03-03,6,0
6628,control,2026-03-12,7,1
6629,treatment,2026-03-14,14,1
6630,control,2026-03-02,11,0
6631,control,2026-03-06,9,0
6632,control,2026-03-04,10,0
6633,control,2026-03-14,7,0
6634,treatment,2026-03-06,11,0
6635,control,2026-03-03,11,0
6636,treatment,2026-03-04,10,0
6637,control,2026-03-07,4,1
6638,control,2026-03-10,3,1
6639,treatment,2026-03-03,7,1
6640,treatment,2026-03-07,17,0
6641,control,2026-03-11,8,1
6642,treatment,2026-03-03,7,0
6643,control,2026-03-13,3,0
6644,treatment,2026-03-13,11,1
6645,control,2026-03-15,13,0
6646,treatment,2026-03-02,10,1
6647,control,2026-03-14,7,1
6648,control,2026-03-11,9,0
6649,treatment,2026-03-11,11,1
6650,treatment,2026-03-13,7,0
6651,control,2026-03-03,7,0
6652,control,2026-03-11,3,1
6653,control,2026-03-05,9,0
6654,treatment,2026-03-13,7,0
6655,control,2026-03-15,9,0
6656,control,2026-03-11,6,0
6657,treatment,2026-03-11,9,1
6658,treatment,2026-03-14,10,0
6659,treatment,2026-03-09,9,0
6660,control,2026-03-02,7,1
6661,control,2026-03-12,9,0
6662,treatment,2026-03-14,9,0
6663,treatment,2026-03-08,5,0
6664,control,2026-03-05,13,1
6665,treatment,2026-03-12,9,1
6666,treatment,2026-03-14,7,1
6667,control,2026-03-04,7,0
6668,treatment,2026-03-06,9,1
6669,treatment,2026-03-05,9,0
6670,control,2026-03-07,6,0
6671,treatment,2026-03-03,10,0
6672,control,2026-03-05,7,1
6673,control,2026-03-08,10,0
6674,control,2026-03-02,3,0
6675,treatment,2026-03-12,3,1
6676,control,2026-03-04,5,0
6677,control,2026-03-12,5,0
6678,control,2026-03-14,11,0
6679,treatment,2026-03-06,7,0
6680,treatment,2026-03-06,8,0
6681,control,2026-03-05,5,0
6682,treatment,2026-03-15,8,0
6683,treatment,2026-03-03,9,1
6684,treatment,2026-03-05,10,0
6685,treatment,2026-03-03,9,1
6686,control,2026-03-04,9,0
6687,control,2026-03-03,9,1
6688,control,2026-03-10,11,0
6689,control,2026-03-15,8,0
6690,control,2026-03-11,7,1
6691,treatment,2026-03-04,5,0
6692,treatment,2026-03-09,7,0
6693,treatment,2026-03-06,18,0
6694,treatment,2026-03-10,8,0
6695,control,2026-03-02,7,0
6696,control,2026-03-13,6,1
6697,treatment,2026-03-04,8,1
6698,control,2026-03-03,11,0
6699,control,2026-03-10,12,1
6700,control,2026-03-02,5,1
6701,control,2026-03-05,4,0
6702,control,2026-03-05,8,0
6703,treatment,2026-03-08,9,1
6704,control,2026-03-06,8,0
6705,control,2026-03-04,11,0
6706,treatment,2026-03-04,10,1
6707,treatment,2026-03-14,10,1
6708,control,2026-03-12,11,0
6709,treatment,2026-03-05,7,0
6710,control,2026-03-04,7,1
6711,control,2026-03-10,9,1
6712,treatment,2026-03-03,12,1
6713,treatment,2026-03-03,8,0
6714,treatment,2026-03-07,6,0
6715,treatment,2026-03-02,7,1
6716,treatment,2026-03-04,8,0
6717,treatment,2026-03-04,7,1
6718,treatment,2026-03-13,7,0
6719,control,2026-03-10,7,0
6720,control,2026-03-05,7,1
6721,treatment,2026-03-14,14,0
6722,treatment,2026-03-09,6,0
6723,treatment,2026-03-15,6,0
6724,control,2026-03-14,4,0
6725,control,2026-03-06,10,0
6726,treatment,2026-03-13,8,0
6727,control,2026-03-10,9,0
6728,control,2026-03-13,8,1
6729,control,2026-03-15,9,1
6730,treatment,2026-03-04,6,1
6731,treatment,2026-03-10,13,0
6732,treatment,2026-03-10,9,0
6733,control,2026-03-04,3,0
6734,control,2026-03-11,8,0
6735,treatment,2026-03-10,16,0
6736,treatment,2026-03-12,5,0
6737,control,2026-03-06,9,1
6738,treatment,2026-03-10,12,0
6739,control,2026-03-14,6,1
6740,treatment,2026-03-08,10,1
6741,treatment,2026-03-14,11,1
6742,control,2026-03-10,9,0
6743,control,2026-03-05,11,0
6744,treatment,2026-03-04,9,0
6745,treatment,2026-03-09,9,0
6746,control,2026-03-03,8,0
6747,treatment,2026-03-11,12,0
6748,control,2026-03-13,4,1
6749,treatment,2026-03-04,6,1
6750,control,2026-03-05,4,1
6751,treatment,2026-03-08,4,1
6752,control,2026-03-06,10,0
6753,control,2026-03-09,7,0
6754,treatment,2026-03-15,12,0
6755,treatment,2026-03-09,11,1
6756,control,2026-03-14,5,0
6757,control,2026-03-02,8,0
6758,treatment,2026-03-15,14,0
6759,treatment,2026-03-13,13,0
6760,control,2026-03-13,8,0
6761,control,2026-03-06,4,1
6762,treatment,2026-03-03,11,0
6763,control,2026-03-15,6,1
6764,treatment,2026-03-10,10,0
6765,treatment,2026-03-12,10,0
6766,treatment,2026-03-05,9,0
6767,treatment,2026-03-14,8,0
6768,control,2026-03-04,10,0
6769,treatment,2026-03-10,5,1
6770,treatment,2026-03-11,8,0
6771,treatment,2026-03-15,13,1
6772,control,2026-03-07,7,0
6773,control,2026-03-12,7,1
6774,treatment,2026-03-11,10,1
6775,treatment,2026-03-11,11,0
6776,control,2026-03-10,5,0
6777,treatment,2026-03-11,8,0
6778,control,2026-03-09,8,0
6779,control,2026-03-02,6,0
6780,control,2026-03-10,6,0
6781,control,2026-03-12,3,1
6782,control,2026-03-15,7,1
6783,treatment,2026-03-07,7,0
6784,treatment,2026-03-15,13,1
6785,control,2026-03-07,4,0
6786,control,2026-03-02,2,1
6787,control,2026-03-09,12,1
6788,treatment,2026-03-13,6,0
6789,treatment,2026-03-09,10,0
6790,control,2026-03-04,14,0
6791,control,2026-03-09,6,1
6792,control,2026-03-06,5,0
6793,control,2026-03-14,5,1
6794,treatment,2026-03-08,10,0
6795,treatment,2026-03-12,9,1
6796,control,2026-03-10,5,0
6797,treatment,2026-03-15,7,0
6798,control,2026-03-02,7,1
6799,treatment,2026-03-12,15,0
6800,treatment,2026-03-04,8,0
6801,treatment,2026-03-04,8,1
6802,treatment,2026-03-15,14,1
6803,control,2026-03-04,7,0
6804,control,2026-03-04,9,0
6805,control,2026-03-15,9,0
6806,treatment,2026-03-05,11,0
6807,treatment,2026-03-03,10,0
6808,control,2026-03-11,13,0
6809,treatment,2026-03-05,12,1
6810,control,2026-03-09,10,1
6811,treatment,2026-03-15,4,0
6812,treatment,2026-03-05,9,1
6813,control,2026-03-10,7,0
6814,control,2026-03-08,5,0
6815,treatment,2026-03-03,5,0
6816,control,2026-03-10,12,0
6817,control,2026-03-14,6,0
6818,control,2026-03-09,5,1
6819,treatment,2026-03-06,14,1
6820,treatment,2026-03-11,13,0
6821,treatment,2026-03-15,17,1
6822,control,2026-03-03,10,0
6823,treatment,2026-03-08,4,0
6824,control,2026-03-03,7,0
6825,control,2026-03-12,9,0
6826,control,2026-03-10,12,1
6827,control,2026-03-04,11,1
6828,control,2026-03-14,12,1
6829,control,2026-03-04,9,1
6830,control,2026-03-03,10,1
6831,treatment,2026-03-11,9,0
6832,control,2026-03-08,8,0
6833,treatment,2026-03-02,11,0
6834,treatment,2026-03-10,5,0
6835,treatment,2026-03-13,7,0
6836,treatment,2026-03-09,5,0
6837,control,2026-03-03,11,0
6838,treatment,2026-03-09,7,0
6839,treatment,2026-03-10,3,1
6840,control,2026-03-08,3,1
6841,treatment,2026-03-14,10,1
6842,control,2026-03-07,7,1
6843,treatment,2026-03-03,17,1
6844,treatment,2026-03-15,6,0
6845,treatment,2026-03-09,9,0
6846,control,2026-03-12,7,0
6847,control,2026-03-12,5,1
6848,treatment,2026-03-14,4,0
6849,control,2026-03-02,6,0
6850,control,2026-03-04,5,0
6851,treatment,2026-03-09,13,0
6852,treatment,2026-03-12,9,0
6853,treatment,2026-03-09,14,0
6854,control,2026-03-03,6,0
6855,treatment,2026-03-03,5,1
6856,control,2026-03-08,7,0
6857,control,2026-03-10,8,0
6858,treatment,2026-03-08,17,1
6859,control,2026-03-03,11,1
6860,control,2026-03-10,8,0
6861,control,2026-03-10,6,0
6862,treatment,2026-03-12,7,0
6863,treatment,2026-03-06,6,0
6864,treatment,2026-03-03,13,0
6865,treatment,2026-03-12,7,0
6866,control,2026-03-06,6,1
6867,treatment,2026-03-12,9,1
6868,treatment,2026-03-13,8,1
6869,treatment,2026-03-15,8,1
6870,treatment,2026-03-08,10,0
6871,control,2026-03-07,6,0
6872,treatment,2026-03-08,8,0
6873,treatment,2026-03-12,13,1
6874,treatment,2026-03-07,8,0
6875,control,2026-03-09,11,0
6876,treatment,2026-03-02,7,1
6877,control,2026-03-04,1,1
6878,treatment,2026-03-10,4,0
6879,treatment,2026-03-08,8,1
6880,treatment,2026-03-13,10,0
6881,treatment,2026-03-03,8,0
6882,control,2026-03-10,12,0
6883,treatment,2026-03-08,9,0
6884,treatment,2026-03-14,7,1
6885,control,2026-03-08,4,1
6886,control,2026-03-14,6,0
6887,treatment,2026-03-04,9,1
6888,control,2026-03-14,9,0
6889,control,2026-03-12,8,0
6890,control,2026-03-09,7,1
6891,control,2026-03-08,2,1
6892,treatment,2026-03-14,12,1
6893,control,2026-03-03,6,0
6894,treatment,2026-03-10,6,1
6895,control,2026-03-14,10,1
6896,control,2026-03-05,8,0
6897,treatment,2026-03-12,7,0
6898,control,2026-03-13,5,1
6899,control,2026-03-07,9,1
6900,treatment,2026-03-15,6,0
6901,control,2026-03-03,12,0
6902,control,2026-03-07,13,1
6903,control,2026-03-12,10,1
6904,treatment,2026-03-15,10,0
6905,control,2026-03-08,12,0
6906,control,2026-03-10,4,0
6907,control,2026-03-05,3,0
6908,control,2026-03-04,4,0
6909,treatment,2026-03-06,17,0
6910,treatment,2026-03-04,11,0
6911,control,2026-03-03,8,0
6912,control,2026-03-05,10,0
6913,control,2026-03-05,13,0
6914,control,2026-03-11,6,0
6915,control,2026-03-04,12,0
6916,treatment,2026-03-15,5,0
6917,control,2026-03-13,8,1
6918,treatment,2026-03-06,8,0
6919,control,2026-03-14,7,1
6920,treatment,2026-03-06,10,1
6921,treatment,2026-03-11,9,1
6922,control,2026-03-10,8,0
6923,treatment,2026-03-14,12,1
6924,treatment,2026-03-14,10,1
6925,treatment,2026-03-03,11,1
6926,control,2026-03-11,16,0
6927,control,2026-03-12,5,0
6928,control,2026-03-09,7,0
6929,control,2026-03-15,11,0
6930,treatment,2026-03-11,5,0
6931,treatment,2026-03-03,8,0
6932,control,2026-03-13,6,0
6933,treatment,2026-03-10,6,0
6934,treatment,2026-03-15,4,1
6935,control,2026-03-06,9,0
6936,control,2026-03-03,5,1
6937,treatment,2026-03-12,13,0
6938,control,2026-03-04,9,1
6939,treatment,2026-03-08,16,0
6940,control,2026-03-05,10,1
6941,treatment,2026-03-02,11,0
6942,control,2026-03-08,7,0
6943,control,2026-03-07,6,0
6944,treatment,2026-03-02,8,0
6945,treatment,2026-03-05,6,0
6946,treatment,2026-03-06,5,0
6947,treatment,2026-03-07,16,0
6948,treatment,2026-03-13,14,0
6949,treatment,2026-03-14,14,0
6950,treatment,2026-03-11,10,1
6951,treatment,2026-03-02,7,0
6952,control,2026-03-11,7,1
6953,treatment,2026-03-12,11,0
6954,treatment,2026-03-04,6,1
6955,treatment,2026-03-07,11,1
6956,treatment,2026-03-15,15,0
6957,treatment,2026-03-02,3,0
6958,control,2026-03-09,9,0
6959,control,2026-03-14,5,0
6960,treatment,2026-03-08,6,0
6961,control,2026-03-02,13,1
6962,control,2026-03-05,8,1
6963,treatment,2026-03-06,13,1
6964,control,2026-03-14,6,0
6965,treatment,2026-03-13,9,0
6966,treatment,2026-03-12,3,1
6967,control,2026-03-02,9,1
6968,treatment,2026-03-05,9,0
6969,control,2026-03-09,7,1
6970,treatment,2026-03-11,6,1
6971,control,2026-03-04,9,0
6972,control,2026-03-08,11,1
6973,control,2026-03-05,8,0
6974,control,2026-03-03,6,0
6975,treatment,2026-03-11,9,1
6976,treatment,2026-03-15,4,0
6977,control,2026-03-15,11,0
6978,control,2026-03-10,8,1
6979,control,2026-03-07,7,0
6980,control,2026-03-06,5,0
6981,control,2026-03-10,7,0
6982,control,2026-03-10,10,1
6983,treatment,2026-03-13,8,0
6984,control,2026-03-03,8,1
6985,treatment,2026-03-03,3,1
6986,treatment,2026-03-11,9,0
6987,control,2026-03-06,9,1
6988,control,2026-03-05,7,1
6989,control,2026-03-11,10,1
6990,treatment,2026-03-04,7,0
6991,control,2026-03-13,7,0
6992,control,2026-03-06,7,1
6993,treatment,2026-03-15,9,1
6994,control,2026-03-09,4,1
6995,control,2026-03-07,7,0
6996,control,2026-03-03,9,0
6997,control,2026-03-10,7,1
6998,control,2026-03-05,6,0
6999,control,2026-03-12,6,1
7000,treatment,2026-03-14,7,0
7001,treatment,2026-03-10,14,0
7002,treatment,2026-03-07,7,0
7003,control,2026-03-15,7,0
7004,treatment,2026-03-03,9,1
7005,control,2026-03-14,10,0
7006,treatment,2026-03-07,13,0
7007,treatment,2026-03-11,13,1
7008,treatment,2026-03-03,8,0
7009,control,2026-03-06,8,0
7010,treatment,2026-03-12,10,0
7011,treatment,2026-03-02,12,1
7012,control,2026-03-03,15,0
7013,control,2026-03-11,7,1
7014,control,2026-03-03,8,0
7015,control,2026-03-04,7,1
7016,control,2026-03-12,8,0
7017,control,2026-03-14,15,1
7018,treatment,2026-03-04,7,0
7019,control,2026-03-13,4,1
7020,treatment,2026-03-11,6,0
7021,control,2026-03-08,6,1
7022,treatment,2026-03-14,5,0
7023,control,2026-03-10,9,1
7024,control,2026-03-05,9,0
7025,treatment,2026-03-06,8,1
7026,control,2026-03-10,5,1
7027,control,2026-03-13,8,0
7028,treatment,2026-03-15,6,1
7029,control,2026-03-09,11,0
7030,treatment,2026-03-07,10,0
7031,control,2026-03-05,5,0
7032,control,2026-03-07,9,1
7033,control,2026-03-04,10,1
7034,control,2026-03-07,8,1
7035,control,2026-03-14,7,0
7036,control,2026-03-03,8,0
7037,control,2026-03-09,4,1
7038,control,2026-03-05,11,1
7039,treatment,2026-03-04,6,1
7040,treatment,2026-03-07,7,1
7041,treatment,2026-03-02,7,0
7042,control,2026-03-13,9,1
7043,control,2026-03-12,12,1
7044,treatment,2026-03-14,5,0
7045,treatment,2026-03-05,10,0
7046,control,2026-03-06,13,1
7047,control,2026-03-09,13,1
7048,treatment,2026-03-10,6,0
7049,treatment,2026-03-04,6,0
7050,treatment,2026-03-08,12,0
7051,treatment,2026-03-04,8,0
7052,treatment,2026-03-08,13,0
7053,treatment,2026-03-07,14,1
7054,control,2026-03-11,14,1
7055,treatment,2026-03-09,5,1
7056,treatment,2026-03-06,14,0
7057,treatment,2026-03-02,5,1
7058,control,2026-03-11,5,0
7059,treatment,2026-03-06,14,1
7060,treatment,2026-03-05,7,1
7061,control,2026-03-02,9,1
7062,control,2026-03-03,5,0
7063,treatment,2026-03-02,13,1
7064,control,2026-03-07,8,1
7065,control,2026-03-04,6,1
7066,treatment,2026-03-03,3,1
7067,control,2026-03-09,7,1
7068,treatment,2026-03-08,10,0
7069,control,2026-03-08,11,1
7070,treatment,2026-03-15,10,1
7071,control,2026-03-06,12,1
7072,control,2026-03-02,9,0
7073,control,2026-03-15,8,0
7074,control,2026-03-11,7,0
7075,treatment,2026-03-11,9,0
7076,treatment,2026-03-08,13,0
7077,control,2026-03-02,10,1
7078,treatment,2026-03-05,14,0
7079,treatment,2026-03-15,6,1
7080,control,2026-03-07,2,0
7081,treatment,2026-03-15,11,0
7082,treatment,2026-03-12,5,0
7083,control,2026-03-13,7,0
7084,control,2026-03-07,7,1
7085,treatment,2026-03-07,10,0
7086,control,2026-03-11,2,0
7087,treatment,2026-03-04,11,0
7088,treatment,2026-03-05,11,0
7089,control,2026-03-04,6,0
7090,control,2026-03-02,11,0
7091,treatment,2026-03-07,12,0
7092,control,2026-03-05,9,0
7093,treatment,2026-03-03,7,0
7094,treatment,2026-03-10,7,1
7095,treatment,2026-03-04,10,1
7096,control,2026-03-13,3,0
7097,control,2026-03-13,8,0
7098,control,2026-03-07,8,1
7099,control,2026-03-07,6,1
7100,control,2026-03-02,10,1
7101,treatment,2026-03-08,9,0
7102,treatment,2026-03-02,15,0
7103,control,2026-03-05,6,1
7104,control,2026-03-14,6,1
7105,treatment,2026-03-14,5,0
7106,treatment,2026-03-12,7,0
7107,control,2026-03-15,9,0
7108,control,2026-03-06,16,0
7109,treatment,2026-03-10,9,0
7110,treatment,2026-03-13,11,0
7111,control,2026-03-13,9,0
7112,treatment,2026-03-05,8,0
7113,treatment,2026-03-03,9,0
7114,treatment,2026-03-13,4,0
7115,control,2026-03-08,9,1
7116,treatment,2026-03-09,12,1
7117,control,2026-03-08,7,0
7118,control,2026-03-06,6,0
7119,control,2026-03-03,8,1
7120,control,2026-03-03,7,0
7121,control,2026-03-12,8,0
7122,treatment,2026-03-11,6,1
7123,control,2026-03-15,7,0
7124,control,2026-03-14,8,0
7125,control,2026-03-05,14,1
7126,treatment,2026-03-11,4,1
7127,treatment,2026-03-05,17,1
7128,treatment,2026-03-15,8,0
7129,treatment,2026-03-11,7,1
7130,treatment,2026-03-06,12,0
7131,control,2026-03-06,6,0
7132,control,2026-03-10,8,0
7133,control,2026-03-06,5,1
7134,control,2026-03-11,10,0
7135,treatment,2026-03-03,5,0
7136,treatment,2026-03-13,13,0
7137,control,2026-03-12,7,0
7138,control,2026-03-11,9,0
7139,control,2026-03-08,6,0
7140,control,2026-03-02,5,0
7141,treatment,2026-03-05,9,0
7142,treatment,2026-03-08,10,0
7143,treatment,2026-03-13,8,1
7144,treatment,2026-03-10,8,0
7145,control,2026-03-05,8,1
7146,treatment,2026-03-02,14,0
7147,treatment,2026-03-05,11,1
7148,control,2026-03-15,9,0
7149,treatment,2026-03-10,11,1
7150,treatment,2026-03-07,9,0
7151,control,2026-03-13,7,0
7152,control,2026-03-05,6,0
7153,treatment,2026-03-12,8,1
7154,control,2026-03-15,11,0
7155,control,2026-03-15,7,1
7156,control,2026-03-06,5,1
7157,treatment,2026-03-09,6,1
7158,control,2026-03-10,9,0
7159,control,2026-03-02,4,0
7160,control,2026-03-11,10,1
7161,treatment,2026-03-04,12,0
7162,control,2026-03-07,6,1
7163,treatment,2026-03-07,8,0
7164,control,2026-03-11,4,1
7165,control,2026-03-14,13,0
7166,control,2026-03-07,7,0
7167,treatment,2026-03-14,12,0
7168,treatment,2026-03-12,9,0
7169,control,2026-03-12,11,1
7170,control,2026-03-12,10,1
7171,treatment,2026-03-11,8,1
7172,control,2026-03-08,10,1
7173,control,2026-03-12,10,0
7174,control,2026-03-02,9,0
7175,control,2026-03-15,8,0
7176,control,2026-03-02,4,0
7177,treatment,2026-03-15,9,0
7178,control,2026-03-15,5,0
7179,control,2026-03-07,15,0
7180,treatment,2026-03-12,14,0
7181,control,2026-03-05,7,0
7182,control,2026-03-03,9,0
7183,control,2026-03-11,8,0
7184,treatment,2026-03-05,4,0
7185,treatment,2026-03-02,7,1
7186,treatment,2026-03-11,7,0
7187,control,2026-03-12,11,1
7188,control,2026-03-06,12,0
7189,treatment,2026-03-05,5,1
7190,control,2026-03-07,11,0
7191,control,2026-03-11,5,1
7192,control,2026-03-14,13,1
7193,treatment,2026-03-10,10,1
7194,treatment,2026-03-07,12,1
7195,treatment,2026-03-10,7,0
7196,treatment,2026-03-03,7,1
7197,control,2026-03-07,8,1
7198,control,2026-03-13,9,0
7199,control,2026-03-04,7,0
7200,control,2026-03-11,5,0
7201,control,2026-03-11,5,0
7202,treatment,2026-03-05,17,1
7203,treatment,2026-03-02,6,1
7204,control,2026-03-06,10,1
7205,control,2026-03-02,9,0
7206,control,2026-03-04,4,1
7207,control,2026-03-02,6,0
7208,treatment,2026-03-15,11,0
7209,control,2026-03-07,6,1
7210,control,2026-03-11,8,1
7211,control,2026-03-03,9,0
7212,control,2026-03-07,6,1
7213,treatment,2026-03-06,8,1
7214,control,2026-03-08,4,0
7215,control,2026-03-12,4,0
7216,treatment,2026-03-12,5,1
7217,control,2026-03-07,13,0
7218,treatment,2026-03-08,1,1
7219,control,2026-03-05,4,0
7220,treatment,2026-03-12,5,0
7221,control,2026-03-08,7,1
7222,treatment,2026-03-09,6,1
7223,control,2026-03-14,11,0
7224,treatment,2026-03-05,9,0
7225,treatment,2026-03-11,4,0
7226,control,2026-03-06,6,0
7227,treatment,2026-03-13,10,0
7228,treatment,2026-03-04,10,1
7229,treatment,2026-03-14,5,1
7230,treatment,2026-03-11,4,1
7231,control,2026-03-06,16,0
7232,control,2026-03-05,8,0
7233,treatment,2026-03-05,12,1
7234,treatment,2026-03-04,5,0
7235,control,2026-03-06,3,1
7236,treatment,2026-03-10,3,0
7237,control,2026-03-11,5,1
7238,control,2026-03-02,6,0
7239,treatment,2026-03-10,5,0
7240,control,2026-03-13,15,1
7241,treatment,2026-03-04,13,1
7242,treatment,2026-03-04,7,0
7243,control,2026-03-05,10,0
7244,treatment,2026-03-10,6,0
7245,treatment,2026-03-13,4,0
7246,control,2026-03-02,9,0
7247,control,2026-03-05,6,0
7248,treatment,2026-03-02,11,0
7249,treatment,2026-03-03,6,0
7250,treatment,2026-03-02,6,0
7251,treatment,2026-03-14,6,0
7252,treatment,2026-03-03,7,0
7253,treatment,2026-03-02,6,1
7254,control,2026-03-11,3,1
7255,control,2026-03-02,12,0
7256,control,2026-03-05,4,1
7257,treatment,2026-03-06,9,1
7258,treatment,2026-03-11,6,1
7259,treatment,2026-03-07,10,1
7260,control,2026-03-07,5,1
7261,treatment,2026-03-15,12,0
7262,control,2026-03-02,6,0
7263,control,2026-03-14,9,0
7264,treatment,2026-03-07,7,0
7265,control,2026-03-13,11,0
7266,control,2026-03-13,4,0
7267,treatment,2026-03-11,6,1
7268,treatment,2026-03-13,12,1
7269,treatment,2026-03-06,10,0
7270,control,2026-03-15,7,0
7271,control,2026-03-13,7,1
7272,control,2026-03-07,2,1
7273,control,2026-03-13,16,0
7274,control,2026-03-12,12,0
7275,control,2026-03-13,6,1
7276,control,2026-03-03,12,0
7277,control,2026-03-09,9,0
7278,control,2026-03-11,2,1
7279,control,2026-03-04,6,0
7280,control,2026-03-14,8,0
7281,treatment,2026-03-15,11,0
7282,treatment,2026-03-05,6,1
7283,treatment,2026-03-04,11,0
7284,control,2026-03-09,10,0
7285,treatment,2026-03-14,4,0
7286,treatment,2026-03-15,10,0
7287,treatment,2026-03-08,7,0
7288,control,2026-03-07,3,1
7289,control,2026-03-03,5,1
7290,treatment,2026-03-15,5,1
7291,treatment,2026-03-12,6,0
7292,treatment,2026-03-09,9,1
7293,control,2026-03-12,8,1
7294,control,2026-03-09,9,0
7295,treatment,2026-03-05,10,0
7296,treatment,2026-03-08,5,1
7297,treatment,2026-03-12,8,1
7298,control,2026-03-10,5,0
7299,control,2026-03-04,4,0
7300,treatment,2026-03-10,7,1
7301,treatment,2026-03-02,6,1
7302,treatment,2026-03-08,7,1
7303,control,2026-03-03,9,0
7304,control,2026-03-08,11,0
7305,control,2026-03-05,12,1
7306,treatment,2026-03-15,14,1
7307,treatment,2026-03-04,9,0
7308,control,2026-03-04,6,1
7309,control,2026-03-08,7,1
7310,control,2026-03-07,11,1
7311,treatment,2026-03-10,9,0
7312,treatment,2026-03-06,6,1
7313,control,2026-03-09,7,1
7314,control,2026-03-09,7,1
7315,control,2026-03-15,8,0
7316,treatment,2026-03-03,4,0
7317,treatment,2026-03-08,6,0
7318,treatment,2026-03-03,6,0
7319,treatment,2026-03-11,11,0
7320,control,2026-03-04,6,1
7321,treatment,2026-03-13,16,0
7322,control,2026-03-08,12,0
7323,control,2026-03-08,9,1
7324,treatment,2026-03-10,11,0
7325,control,2026-03-04,14,0
7326,treatment,2026-03-10,10,0
7327,control,2026-03-03,8,0
7328,control,2026-03-13,5,0
7329,treatment,2026-03-05,5,1
7330,treatment,2026-03-03,9,0
7331,treatment,2026-03-15,8,0
7332,control,2026-03-07,11,1
7333,control,2026-03-12,7,1
7334,control,2026-03-13,3,0
7335,treatment,2026-03-09,12,0
7336,treatment,2026-03-06,5,1
7337,control,2026-03-14,2,0
7338,treatment,2026-03-04,16,0
7339,control,2026-03-06,13,0
7340,control,2026-03-13,7,0
7341,treatment,2026-03-05,10,0
7342,control,2026-03-04,11,0
7343,treatment,2026-03-15,12,1
7344,treatment,2026-03-12,9,0
7345,treatment,2026-03-14,8,0
7346,control,2026-03-12,6,0
7347,control,2026-03-07,10,0
7348,treatment,2026-03-07,8,1
7349,treatment,2026-03-11,10,0
7350,treatment,2026-03-05,15,0
7351,control,2026-03-12,10,1
7352,control,2026-03-05,7,1
7353,treatment,2026-03-14,10,0
7354,treatment,2026-03-06,7,0
7355,treatment,2026-03-11,11,0
7356,treatment,2026-03-06,9,0
7357,control,2026-03-06,9,0
7358,control,2026-03-09,12,0
7359,control,2026-03-04,13,1
7360,treatment,2026-03-02,12,0
7361,control,2026-03-13,5,0
7362,treatment,2026-03-08,9,0
7363,control,2026-03-02,7,1
7364,control,2026-03-10,6,0
7365,treatment,2026-03-14,8,1
7366,treatment,2026-03-10,7,0
7367,control,2026-03-08,9,0
7368,control,2026-03-13,9,0
7369,control,2026-03-07,6,0
7370,treatment,2026-03-02,8,0
7371,control,2026-03-06,6,1
7372,treatment,2026-03-13,4,0
7373,control,2026-03-04,9,0
7374,treatment,2026-03-07,13,0
7375,treatment,2026-03-03,8,0
7376,control,2026-03-14,10,0
7377,control,2026-03-09,8,1
7378,control,2026-03-13,9,0
7379,treatment,2026-03-04,10,0
7380,control,2026-03-03,10,0
7381,control,2026-03-15,13,1
7382,control,2026-03-05,9,1
7383,treatment,2026-03-15,7,0
7384,treatment,2026-03-15,8,0
7385,control,2026-03-15,10,1
7386,control,2026-03-10,7,1
7387,treatment,2026-03-09,12,1
7388,treatment,2026-03-13,6,0
7389,treatment,2026-03-10,8,0
7390,treatment,2026-03-08,6,1
7391,treatment,2026-03-12,10,1
7392,control,2026-03-12,9,0
7393,control,2026-03-06,13,0
7394,control,2026-03-09,3,1
7395,treatment,2026-03-05,14,0
7396,treatment,2026-03-09,7,0
7397,control,2026-03-15,12,0
7398,treatment,2026-03-05,6,0
7399,treatment,2026-03-12,9,0
7400,treatment,2026-03-13,5,1
7401,control,2026-03-15,9,0
7402,treatment,2026-03-07,13,1
7403,control,2026-03-05,9,0
7404,control,2026-03-09,10,0
7405,control,2026-03-06,9,0
7406,control,2026-03-10,7,1
7407,treatment,2026-03-03,10,1
7408,treatment,2026-03-11,7,0
7409,control,2026-03-07,6,1
7410,treatment,2026-03-12,7,1
7411,control,2026-03-06,8,0
7412,control,2026-03-03,11,0
7413,control,2026-03-06,15,0
7414,control,2026-03-03,12,0
7415,control,2026-03-15,9,1
7416,control,2026-03-11,5,0
7417,control,2026-03-05,8,1
7418,control,2026-03-10,6,1
7419,control,2026-03-08,5,1
7420,treatment,2026-03-10,11,0
7421,control,2026-03-03,9,1
7422,treatment,2026-03-04,13,0
7423,control,2026-03-12,4,1
7424,treatment,2026-03-14,5,0
7425,treatment,2026-03-13,6,0
7426,control,2026-03-12,2,0
7427,control,2026-03-09,13,0
7428,treatment,2026-03-04,12,0
7429,control,2026-03-06,6,0
7430,control,2026-03-13,6,1
7431,treatment,2026-03-02,7,0
7432,control,2026-03-09,7,0
7433,control,2026-03-02,2,0
7434,control,2026-03-03,7,0
7435,treatment,2026-03-13,6,1
7436,control,2026-03-10,8,1
7437,control,2026-03-13,8,0
7438,treatment,2026-03-09,13,0
7439,control,2026-03-03,6,0
7440,treatment,2026-03-06,10,0
7441,treatment,2026-03-03,5,0
7442,treatment,2026-03-12,10,1
7443,control,2026-03-06,9,1
7444,treatment,2026-03-07,9,1
7445,treatment,2026-03-03,11,0
7446,control,2026-03-05,9,0
7447,treatment,2026-03-09,7,0
7448,control,2026-03-14,8,0
7449,control,2026-03-09,7,0
7450,treatment,2026-03-11,13,0
7451,control,2026-03-14,5,0
7452,treatment,2026-03-11,10,1
7453,treatment,2026-03-02,5,1
7454,control,2026-03-07,4,1
7455,treatment,2026-03-12,5,1
7456,treatment,2026-03-07,5,1
7457,treatment,2026-03-10,11,0
7458,control,2026-03-08,10,1
7459,control,2026-03-07,7,1
7460,control,2026-03-14,9,0
7461,treatment,2026-03-10,7,0
7462,treatment,2026-03-11,10,0
7463,control,2026-03-07,6,0
7464,treatment,2026-03-08,10,0
7465,control,2026-03-09,12,0
7466,treatment,2026-03-11,15,0
7467,control,2026-03-15,6,0
7468,treatment,2026-03-13,8,1
7469,control,2026-03-06,8,0
7470,treatment,2026-03-09,6,0
7471,treatment,2026-03-14,7,1
7472,control,2026-03-13,10,0
7473,treatment,2026-03-09,8,1
7474,treatment,2026-03-13,11,1
7475,treatment,2026-03-11,7,0
7476,control,2026-03-14,7,0
7477,treatment,2026-03-13,11,0
7478,treatment,2026-03-08,6,0
7479,treatment,2026-03-09,11,1
7480,treatment,2026-03-05,5,1
7481,control,2026-03-03,11,0
7482,treatment,2026-03-10,5,0
7483,control,2026-03-15,9,0
7484,control,2026-03-12,5,1
7485,control,2026-03-10,8,1
7486,control,2026-03-07,8,0
7487,control,2026-03-06,10,0
7488,control,2026-03-02,7,0
7489,treatment,2026-03-03,10,1
7490,control,2026-03-05,9,0
7491,treatment,2026-03-08,11,0
7492,treatment,2026-03-14,5,0
7493,control,2026-03-05,9,0
7494,treatment,2026-03-03,9,1
7495,treatment,2026-03-12,5,0
7496,control,2026-03-06,7,1
7497,control,2026-03-10,7,1
7498,treatment,2026-03-10,5,1
7499,control,2026-03-05,11,0
7500,treatment,2026-03-03,9,0
7501,control,2026-03-08,4,0
7502,treatment,2026-03-12,6,0
7503,treatment,2026-03-13,10,0
7504,control,2026-03-04,10,0
7505,treatment,2026-03-05,13,0
7506,control,2026-03-04,12,0
7507,treatment,2026-03-08,5,0
7508,treatment,2026-03-10,10,1
7509,control,2026-03-14,5,0
7510,treatment,2026-03-04,7,1
7511,treatment,2026-03-15,4,1
7512,control,2026-03-13,5,0
7513,control,2026-03-03,4,0
7514,treatment,2026-03-14,10,1
7515,treatment,2026-03-15,9,0
7516,control,2026-03-06,2,0
7517,control,2026-03-10,4,0
7518,treatment,2026-03-06,6,1
7519,control,2026-03-08,8,0
7520,treatment,2026-03-15,7,0
7521,treatment,2026-03-12,5,0
7522,control,2026-03-15,4,0
7523,treatment,2026-03-15,11,0
7524,treatment,2026-03-13,5,0
7525,control,2026-03-15,10,0
7526,treatment,2026-03-14,7,1
7527,treatment,2026-03-14,7,1
7528,treatment,2026-03-15,3,0
7529,control,2026-03-11,8,0
7530,control,2026-03-05,5,0
7531,control,2026-03-05,5,0
7532,treatment,2026-03-03,11,0
7533,control,2026-03-06,6,0
7534,treatment,2026-03-13,10,0
7535,treatment,2026-03-13,8,1
7536,treatment,2026-03-13,7,0
7537,control,2026-03-14,6,0
7538,treatment,2026-03-05,10,0
7539,control,2026-03-08,9,1
7540,treatment,2026-03-10,6,1
7541,control,2026-03-13,4,1
7542,treatment,2026-03-07,8,0
7543,control,2026-03-03,10,0
7544,control,2026-03-02,10,0
7545,control,2026-03-04,10,0
7546,control,2026-03-13,6,0
7547,treatment,2026-03-04,9,1
7548,treatment,2026-03-06,9,0
7549,control,2026-03-11,12,0
7550,treatment,2026-03-11,10,1
7551,treatment,2026-03-12,7,0
7552,control,2026-03-08,7,0
7553,control,2026-03-14,7,1
7554,control,2026-03-08,9,1
7555,control,2026-03-12,6,1
7556,treatment,2026-03-02,5,1
7557,treatment,2026-03-04,5,0
7558,control,2026-03-02,6,1
7559,treatment,2026-03-15,8,1
7560,control,2026-03-13,13,0
7561,treatment,2026-03-02,10,0
7562,treatment,2026-03-12,10,0
7563,treatment,2026-03-04,5,1
7564,control,2026-03-09,8,0
7565,control,2026-03-10,10,0
7566,control,2026-03-04,9,0
7567,control,2026-03-14,5,0
7568,control,2026-03-02,7,1
7569,treatment,2026-03-06,12,0
7570,control,2026-03-14,8,0
7571,control,2026-03-14,7,0
7572,treatment,2026-03-07,14,0
7573,control,2026-03-03,8,1
7574,control,2026-03-14,7,0
7575,control,2026-03-06,8,1
7576,control,2026-03-03,13,0
7577,treatment,2026-03-14,9,0
7578,control,2026-03-14,6,0
7579,control,2026-03-12,11,0
7580,control,2026-03-11,11,0
7581,control,2026-03-02,11,0
7582,control,2026-03-12,6,0
7583,control,2026-03-09,9,0
7584,control,2026-03-10,8,0
7585,treatment,2026-03-11,5,1
7586,treatment,2026-03-05,9,0
7587,treatment,2026-03-07,4,1
7588,control,2026-03-02,4,0
7589,control,2026-03-04,8,0
7590,control,2026-03-05,11,0
7591,treatment,2026-03-03,8,1
7592,treatment,2026-03-14,14,0
7593,control,2026-03-02,13,1
7594,treatment,2026-03-09,5,0
7595,treatment,2026-03-05,11,1
7596,control,2026-03-11,4,0
7597,treatment,2026-03-07,8,0
7598,control,2026-03-04,7,0
7599,treatment,2026-03-02,8,0
7600,treatment,2026-03-08,15,1
7601,control,2026-03-10,9,0
7602,control,2026-03-13,8,0
7603,control,2026-03-13,8,0
7604,control,2026-03-11,6,1
7605,treatment,2026-03-09,4,1
7606,control,2026-03-15,10,0
7607,treatment,2026-03-08,10,0
7608,control,2026-03-07,5,0
7609,control,2026-03-08,15,0
7610,treatment,2026-03-03,8,0
7611,treatment,2026-03-03,7,0
7612,treatment,2026-03-09,15,1
7613,control,2026-03-12,12,0
7614,treatment,2026-03-06,4,1
7615,treatment,2026-03-09,14,0
7616,treatment,2026-03-13,9,1
7617,control,2026-03-13,9,1
7618,control,2026-03-05,8,1
7619,treatment,2026-03-08,13,0
7620,treatment,2026-03-14,7,0
7621,treatment,2026-03-03,5,0
7622,control,2026-03-05,10,1
7623,treatment,2026-03-14,7,0
7624,control,2026-03-04,4,0
7625,treatment,2026-03-15,8,1
7626,control,2026-03-15,6,0
7627,control,2026-03-03,7,1
7628,control,2026-03-05,11,1
7629,control,2026-03-02,7,1
7630,treatment,2026-03-15,7,0
7631,treatment,2026-03-09,13,1
7632,control,2026-03-15,8,1
7633,control,2026-03-06,7,0
7634,treatment,2026-03-10,11,1
7635,control,2026-03-15,10,0
7636,control,2026-03-10,10,1
7637,control,2026-03-05,5,0
7638,control,2026-03-11,9,0
7639,control,2026-03-11,7,0
7640,control,2026-03-14,7,0
7641,control,2026-03-07,8,0
7642,treatment,2026-03-15,4,0
7643,treatment,2026-03-02,15,0
7644,treatment,2026-03-04,7,0
7645,control,2026-03-11,5,0
7646,treatment,2026-03-02,8,0
7647,control,2026-03-04,5,1
7648,treatment,2026-03-09,9,0
7649,treatment,2026-03-11,10,0
7650,treatment,2026-03-07,8,1
7651,treatment,2026-03-11,9,1
7652,treatment,2026-03-08,11,0
7653,treatment,2026-03-10,13,1
7654,treatment,2026-03-08,10,0
7655,treatment,2026-03-12,7,1
7656,treatment,2026-03-03,15,1
7657,control,2026-03-11,4,0
7658,treatment,2026-03-05,8,0
7659,control,2026-03-03,9,1
7660,control,2026-03-04,7,0
7661,control,2026-03-04,6,1
7662,control,2026-03-07,10,0
7663,treatment,2026-03-10,14,1
7664,treatment,2026-03-10,14,0
7665,treatment,2026-03-14,5,0
7666,control,2026-03-10,7,0
7667,control,2026-03-05,11,1
7668,control,2026-03-03,8,1
7669,control,2026-03-14,11,1
7670,treatment,2026-03-02,10,1
7671,treatment,2026-03-09,6,0
7672,treatment,2026-03-02,7,1
7673,treatment,2026-03-08,14,0
7674,control,2026-03-04,11,0
7675,control,2026-03-02,7,0
7676,treatment,2026-03-12,7,0
7677,control,2026-03-12,8,1
7678,treatment,2026-03-13,5,0
7679,control,2026-03-04,10,0
7680,control,2026-03-09,4,1
7681,treatment,2026-03-10,7,1
7682,control,2026-03-13,7,1
7683,treatment,2026-03-06,3,0
7684,control,2026-03-05,12,0
7685,control,2026-03-15,12,0
7686,control,2026-03-10,12,1
7687,treatment,2026-03-12,8,0
7688,control,2026-03-03,7,1
7689,control,2026-03-09,8,0
7690,control,2026-03-11,9,1
7691,control,2026-03-05,7,0
7692,control,2026-03-13,12,0
7693,treatment,2026-03-09,8,1
7694,control,2026-03-06,9,0
7695,treatment,2026-03-15,17,0
7696,control,2026-03-14,8,0
7697,treatment,2026-03-13,4,1
7698,treatment,2026-03-15,8,1
7699,control,2026-03-07,10,0
7700,control,2026-03-03,5,0
7701,control,2026-03-09,9,0
7702,treatment,2026-03-08,14,1
7703,treatment,2026-03-09,5,1
7704,treatment,2026-03-06,12,0
7705,control,2026-03-13,5,0
7706,control,2026-03-04,6,1
7707,treatment,2026-03-10,10,1
7708,treatment,2026-03-08,7,0
7709,treatment,2026-03-07,10,1
7710,treatment,2026-03-02,9,1
7711,control,2026-03-13,8,0
7712,treatment,2026-03-11,9,0
7713,control,2026-03-11,7,0
7714,treatment,2026-03-08,10,1
7715,control,2026-03-11,5,1
7716,control,2026-03-08,10,1
7717,control,2026-03-03,10,1
7718,control,2026-03-03,7,1
7719,treatment,2026-03-04,11,0
7720,treatment,2026-03-11,13,0
7721,treatment,2026-03-11,8,0
7722,treatment,2026-03-10,8,0
7723,control,2026-03-07,8,1
7724,control,2026-03-06,11,0
7725,control,2026-03-02,7,0
7726,treatment,2026-03-02,11,1
7727,treatment,2026-03-11,7,1
7728,treatment,2026-03-15,6,1
7729,control,2026-03-03,6,0
7730,treatment,2026-03-11,14,1
7731,treatment,2026-03-15,4,1
7732,control,2026-03-13,6,1
7733,treatment,2026-03-12,7,1
7734,treatment,2026-03-07,9,1
7735,treatment,2026-03-08,9,1
7736,treatment,2026-03-12,10,1
7737,control,2026-03-14,5,0
7738,treatment,2026-03-12,13,0
7739,control,2026-03-02,7,1
7740,control,2026-03-11,5,0
7741,treatment,2026-03-02,15,0
7742,control,2026-03-12,12,0
7743,treatment,2026-03-06,4,0
7744,control,2026-03-06,12,0
7745,control,2026-03-10,14,1
7746,control,2026-03-07,7,0
7747,control,2026-03-06,11,1
7748,control,2026-03-13,9,0
7749,control,2026-03-06,12,0
7750,treatment,2026-03-09,17,1
7751,treatment,2026-03-12,7,0
7752,treatment,2026-03-07,7,1
7753,control,2026-03-10,5,1
7754,treatment,2026-03-08,16,0
7755,control,2026-03-11,7,0
7756,control,2026-03-15,12,0
7757,treatment,2026-03-08,13,1
7758,control,2026-03-02,12,0
7759,control,2026-03-09,9,1
7760,treatment,2026-03-05,4,0
7761,treatment,2026-03-08,6,1
7762,control,2026-03-10,11,1
7763,control,2026-03-12,6,0
7764,control,2026-03-08,5,1
7765,control,2026-03-13,7,0
7766,control,2026-03-11,13,1
7767,control,2026-03-10,9,1
7768,treatment,2026-03-07,10,0
7769,treatment,2026-03-10,5,0
7770,treatment,2026-03-15,6,1
7771,treatment,2026-03-08,8,0
7772,control,2026-03-11,7,0
7773,treatment,2026-03-02,11,0
7774,treatment,2026-03-02,11,0
7775,treatment,2026-03-12,7,1
7776,treatment,2026-03-06,6,1
7777,control,2026-03-06,6,0
7778,treatment,2026-03-10,17,1
7779,treatment,2026-03-06,5,0
7780,treatment,2026-03-13,9,0
7781,control,2026-03-13,9,1
7782,control,2026-03-03,14,1
7783,control,2026-03-14,11,0
7784,control,2026-03-12,8,0
7785,control,2026-03-09,6,1
7786,control,2026-03-06,7,0
7787,control,2026-03-05,7,0
7788,control,2026-03-09,11,0
7789,treatment,2026-03-13,6,0
7790,treatment,2026-03-15,6,0
7791,control,2026-03-15,9,0
7792,control,2026-03-03,10,1
7793,treatment,2026-03-14,8,0
7794,control,2026-03-13,7,1
7795,treatment,2026-03-05,8,1
7796,treatment,2026-03-06,11,0
7797,treatment,2026-03-03,2,0
7798,control,2026-03-07,7,0
7799,treatment,2026-03-10,4,0
7800,control,2026-03-10,9,1
7801,treatment,2026-03-08,11,1
7802,control,2026-03-12,10,1
7803,treatment,2026-03-14,8,0
7804,control,2026-03-14,11,1
7805,treatment,2026-03-15,13,0
7806,control,2026-03-05,12,0
7807,treatment,2026-03-10,9,1
7808,treatment,2026-03-06,10,0
7809,control,2026-03-12,6,0
7810,treatment,2026-03-13,10,0
7811,treatment,2026-03-12,6,1
7812,control,2026-03-13,6,0
7813,control,2026-03-06,6,0
7814,control,2026-03-11,7,1
7815,treatment,2026-03-14,10,0
7816,control,2026-03-15,9,1
7817,treatment,2026-03-14,10,1
7818,control,2026-03-04,2,0
7819,control,2026-03-14,8,1
7820,control,2026-03-02,11,0
7821,control,2026-03-07,11,1
7822,control,2026-03-11,11,1
7823,treatment,2026-03-04,5,0
7824,treatment,2026-03-07,9,1
7825,treatment,2026-03-09,8,0
7826,treatment,2026-03-09,6,0
7827,control,2026-03-13,10,1
7828,control,2026-03-02,6,0
7829,control,2026-03-07,8,1
7830,treatment,2026-03-03,10,1
7831,control,2026-03-11,7,0
7832,control,2026-03-04,7,0
7833,control,2026-03-04,10,0
7834,treatment,2026-03-03,10,0
7835,treatment,2026-03-11,6,1
7836,treatment,2026-03-10,3,0
7837,control,2026-03-04,8,0
7838,treatment,2026-03-09,9,0
7839,control,2026-03-09,10,1
7840,treatment,2026-03-09,5,1
7841,control,2026-03-12,9,0
7842,control,2026-03-10,10,1
7843,control,2026-03-06,7,1
7844,control,2026-03-03,8,0
7845,control,2026-03-14,8,0
7846,treatment,2026-03-08,9,0
7847,control,2026-03-02,7,0
7848,treatment,2026-03-05,11,0
7849,control,2026-03-06,6,0
7850,control,2026-03-15,8,0
7851,control,2026-03-11,4,0
7852,control,2026-03-11,8,0
7853,control,2026-03-02,13,0
7854,control,2026-03-15,7,0
7855,control,2026-03-05,7,0
7856,treatment,2026-03-13,9,1
7857,treatment,2026-03-15,8,1
7858,treatment,2026-03-13,2,0
7859,control,2026-03-09,13,1
7860,control,2026-03-13,7,0
7861,treatment,2026-03-03,8,1
7862,control,2026-03-11,6,0
7863,treatment,2026-03-08,11,0
7864,control,2026-03-10,7,1
7865,control,2026-03-10,6,0
7866,treatment,2026-03-09,12,1
7867,control,2026-03-12,11,0
7868,treatment,2026-03-14,12,0
7869,control,2026-03-13,9,1
7870,treatment,2026-03-13,8,1
7871,control,2026-03-02,6,0
7872,treatment,2026-03-10,9,1
7873,control,2026-03-13,7,0
7874,treatment,2026-03-10,9,1
7875,treatment,2026-03-08,14,1
7876,treatment,2026-03-13,8,0
7877,control,2026-03-05,7,1
7878,treatment,2026-03-11,11,1
7879,treatment,2026-03-09,15,0
7880,treatment,2026-03-13,5,1
7881,control,2026-03-11,5,0
7882,treatment,2026-03-11,9,0
7883,treatment,2026-03-13,6,1
7884,control,2026-03-05,6,0
7885,control,2026-03-03,6,0
7886,control,2026-03-15,5,1
7887,treatment,2026-03-10,9,1
7888,control,2026-03-13,4,1
7889,control,2026-03-10,6,1
7890,treatment,2026-03-02,8,1
7891,control,2026-03-12,6,0
7892,treatment,2026-03-06,10,0
7893,control,2026-03-05,9,0
7894,treatment,2026-03-08,11,0
7895,control,2026-03-13,9,1
7896,treatment,2026-03-12,7,0
7897,control,2026-03-08,9,0
7898,control,2026-03-09,6,0
7899,control,2026-03-12,11,0
7900,treatment,2026-03-08,4,1
7901,treatment,2026-03-15,7,0
7902,treatment,2026-03-07,8,0
7903,treatment,2026-03-13,9,0
7904,treatment,2026-03-08,6,0
7905,control,2026-03-14,6,0
7906,treatment,2026-03-13,7,1
7907,treatment,2026-03-07,8,0
7908,control,2026-03-15,6,1
7909,treatment,2026-03-13,11,1
7910,treatment,2026-03-11,7,0
7911,control,2026-03-02,10,0
7912,treatment,2026-03-15,11,0
7913,treatment,2026-03-14,2,1
7914,treatment,2026-03-11,10,1
7915,treatment,2026-03-07,11,0
7916,treatment,2026-03-13,6,0
7917,treatment,2026-03-15,6,0
7918,treatment,2026-03-04,9,0
7919,control,2026-03-14,9,0
7920,control,2026-03-15,6,0
7921,control,2026-03-05,9,0
7922,treatment,2026-03-02,11,1
7923,control,2026-03-11,5,1
7924,control,2026-03-11,10,0
7925,control,2026-03-02,5,0
7926,treatment,2026-03-13,5,0
7927,treatment,2026-03-11,10,0
7928,treatment,2026-03-04,8,0
7929,control,2026-03-07,4,1
7930,control,2026-03-14,9,1
7931,control,2026-03-13,6,1
7932,control,2026-03-10,10,0
7933,control,2026-03-04,6,0
7934,control,2026-03-08,9,0
7935,control,2026-03-11,4,0
7936,treatment,2026-03-03,4,0
7937,control,2026-03-04,5,0
7938,treatment,2026-03-10,8,1
7939,control,2026-03-12,8,1
7940,treatment,2026-03-03,13,1
7941,treatment,2026-03-07,7,0
7942,control,2026-03-11,12,0
7943,treatment,2026-03-03,9,1
7944,treatment,2026-03-12,16,1
7945,control,2026-03-03,6,1
7946,control,2026-03-02,10,0
7947,control,2026-03-12,8,0
7948,treatment,2026-03-11,9,0
7949,treatment,2026-03-02,12,0
7950,control,2026-03-15,7,0
7951,control,2026-03-15,10,0
7952,control,2026-03-08,4,0
7953,treatment,2026-03-10,9,1
7954,control,2026-03-03,10,1
7955,control,2026-03-12,10,1
7956,control,2026-03-04,6,0
7957,treatment,2026-03-03,5,0
7958,control,2026-03-12,8,0
7959,control,2026-03-04,8,0
7960,control,2026-03-12,10,0
7961,control,2026-03-09,6,0
7962,treatment,2026-03-07,11,0
7963,control,2026-03-13,9,1
7964,control,2026-03-03,12,0
7965,treatment,2026-03-14,10,0
7966,control,2026-03-08,9,0
7967,treatment,2026-03-11,8,0
7968,control,2026-03-10,10,0
7969,treatment,2026-03-14,7,1
7970,control,2026-03-13,10,1
7971,control,2026-03-04,7,0
7972,treatment,2026-03-13,8,0
7973,treatment,2026-03-13,8,0
7974,treatment,2026-03-02,13,0
7975,treatment,2026-03-12,10,1
7976,treatment,2026-03-13,11,1
7977,control,2026-03-05,12,0
7978,treatment,2026-03-12,5,0
7979,treatment,2026-03-03,11,0
7980,control,2026-03-15,5,0
7981,control,2026-03-02,9,0
7982,treatment,2026-03-06,6,0
7983,treatment,2026-03-08,7,0
7984,treatment,2026-03-06,3,1
7985,treatment,2026-03-14,14,0
7986,control,2026-03-02,5,0
7987,treatment,2026-03-12,8,1
7988,control,2026-03-05,5,0
7989,control,2026-03-13,4,1
7990,control,2026-03-14,8,1
7991,control,2026-03-03,12,1
7992,treatment,2026-03-11,8,0
7993,control,2026-03-07,7,0
7994,control,2026-03-04,6,0
7995,treatment,2026-03-02,5,0
7996,treatment,2026-03-02,10,0
7997,control,2026-03-02,8,1
7998,treatment,2026-03-09,5,1
7999,treatment,2026-03-15,8,0
8000,treatment,2026-03-11,5,0
8001,treatment,2026-03-13,13,0
8002,control,2026-03-09,6,0
8003,treatment,2026-03-03,12,1
8004,treatment,2026-03-08,9,0
8005,treatment,2026-03-10,9,0
8006,treatment,2026-03-15,7,0
8007,treatment,2026-03-15,8,0
8008,control,2026-03-14,7,1
8009,control,2026-03-12,7,0
8010,control,2026-03-13,5,1
8011,control,2026-03-13,6,1
8012,treatment,2026-03-04,6,0
8013,control,2026-03-04,10,1
8014,control,2026-03-11,3,1
8015,treatment,2026-03-02,6,0
8016,control,2026-03-12,3,1
8017,control,2026-03-05,9,1
8018,treatment,2026-03-05,12,0
8019,treatment,2026-03-08,9,0
8020,treatment,2026-03-12,11,1
8021,treatment,2026-03-05,9,0
8022,treatment,2026-03-03,2,0
8023,treatment,2026-03-05,9,1
8024,treatment,2026-03-13,8,1
8025,control,2026-03-15,6,1
8026,treatment,2026-03-11,3,0
8027,treatment,2026-03-06,8,0
8028,control,2026-03-06,12,1
8029,treatment,2026-03-05,9,1
8030,control,2026-03-05,7,1
8031,control,2026-03-13,8,1
8032,treatment,2026-03-04,11,0
8033,treatment,2026-03-12,3,0
8034,treatment,2026-03-10,15,1
8035,control,2026-03-03,8,0
8036,control,2026-03-07,3,0
8037,treatment,2026-03-04,8,0
8038,treatment,2026-03-07,12,0
8039,treatment,2026-03-14,6,0
8040,treatment,2026-03-07,4,1
8041,treatment,2026-03-06,5,0
8042,treatment,2026-03-04,12,0
8043,treatment,2026-03-10,7,0
8044,control,2026-03-06,8,0
8045,control,2026-03-08,3,0
8046,treatment,2026-03-14,6,1
8047,control,2026-03-15,10,1
8048,control,2026-03-02,5,0
8049,control,2026-03-06,8,0
8050,control,2026-03-03,6,1
8051,treatment,2026-03-14,7,1
8052,treatment,2026-03-11,9,1
8053,treatment,2026-03-06,7,0
8054,control,2026-03-09,8,0
8055,control,2026-03-10,8,1
8056,treatment,2026-03-14,10,0
8057,treatment,2026-03-09,8,0
8058,control,2026-03-03,13,1
8059,treatment,2026-03-04,8,1
8060,control,2026-03-02,6,0
8061,treatment,2026-03-10,10,1
8062,control,2026-03-08,6,1
8063,treatment,2026-03-14,7,0
8064,control,2026-03-06,11,0
8065,treatment,2026-03-05,6,1
8066,treatment,2026-03-08,9,0
8067,control,2026-03-08,13,1
8068,control,2026-03-11,11,1
8069,control,2026-03-04,7,1
8070,control,2026-03-11,8,0
8071,treatment,2026-03-08,3,1
8072,control,2026-03-03,7,0
8073,treatment,2026-03-02,15,0
8074,control,2026-03-14,11,1
8075,treatment,2026-03-04,12,0
8076,control,2026-03-07,5,0
8077,control,2026-03-14,5,1
8078,control,2026-03-13,14,1
8079,treatment,2026-03-08,12,0
8080,treatment,2026-03-07,12,0
8081,control,2026-03-05,10,0
8082,control,2026-03-06,7,1
8083,treatment,2026-03-06,11,0
8084,treatment,2026-03-05,10,0
8085,control,2026-03-09,11,1
8086,control,2026-03-10,9,1
8087,control,2026-03-10,8,0
8088,treatment,2026-03-11,12,0
8089,control,2026-03-11,9,1
8090,treatment,2026-03-05,9,0
8091,control,2026-03-10,6,1
8092,control,2026-03-15,7,1
8093,control,2026-03-12,9,1
8094,control,2026-03-09,15,1
8095,control,2026-03-10,9,0
8096,control,2026-03-07,4,1
8097,control,2026-03-06,12,0
8098,control,2026-03-13,10,0
8099,control,2026-03-06,8,0
8100,control,2026-03-11,9,0
8101,control,2026-03-03,5,0
8102,treatment,2026-03-09,16,0
8103,control,2026-03-11,8,1
8104,treatment,2026-03-15,10,1
8105,control,2026-03-13,8,1
8106,control,2026-03-08,7,0
8107,control,2026-03-11,8,1
8108,control,2026-03-10,11,1
8109,treatment,2026-03-11,8,0
8110,treatment,2026-03-10,8,0
8111,treatment,2026-03-11,4,1
8112,treatment,2026-03-09,10,0
8113,control,2026-03-09,6,0
8114,control,2026-03-13,6,0
8115,control,2026-03-11,9,1
8116,treatment,2026-03-13,11,0
8117,control,2026-03-02,6,0
8118,control,2026-03-13,9,1
8119,treatment,2026-03-13,8,0
8120,control,2026-03-04,4,1
8121,treatment,2026-03-09,12,1
8122,treatment,2026-03-13,13,0
8123,treatment,2026-03-09,10,0
8124,control,2026-03-06,8,1
8125,treatment,2026-03-05,11,0
8126,treatment,2026-03-03,7,0
8127,treatment,2026-03-08,9,0
8128,treatment,2026-03-05,8,0
8129,treatment,2026-03-04,9,0
8130,treatment,2026-03-10,11,0
8131,treatment,2026-03-06,4,0
8132,control,2026-03-06,9,1
8133,treatment,2026-03-07,12,1
8134,treatment,2026-03-06,9,0
8135,control,2026-03-13,8,0
8136,treatment,2026-03-07,8,1
8137,control,2026-03-04,9,0
8138,treatment,2026-03-02,6,1
8139,control,2026-03-09,10,0
8140,control,2026-03-08,10,0
8141,control,2026-03-10,8,0
8142,treatment,2026-03-07,11,1
8143,control,2026-03-02,7,1
8144,treatment,2026-03-07,9,1
8145,treatment,2026-03-15,7,1
8146,control,2026-03-10,12,1
8147,treatment,2026-03-07,11,0
8148,control,2026-03-05,8,1
8149,control,2026-03-09,8,1
8150,treatment,2026-03-08,6,0
8151,treatment,2026-03-14,9,0
8152,control,2026-03-04,10,0
8153,control,2026-03-14,15,1
8154,control,2026-03-11,4,0
8155,treatment,2026-03-02,5,0
8156,control,2026-03-11,8,0
8157,treatment,2026-03-05,8,1
8158,control,2026-03-10,6,1
8159,control,2026-03-04,13,1
8160,control,2026-03-06,2,0
8161,treatment,2026-03-15,10,0
8162,control,2026-03-04,10,1
8163,treatment,2026-03-11,12,0
8164,control,2026-03-15,8,0
8165,treatment,2026-03-02,12,0
8166,treatment,2026-03-10,9,1
8167,treatment,2026-03-12,5,0
8168,treatment,2026-03-09,10,1
8169,treatment,2026-03-03,6,1
8170,control,2026-03-15,9,1
8171,control,2026-03-15,9,0
8172,treatment,2026-03-05,4,0
8173,control,2026-03-10,8,0
8174,control,2026-03-06,6,0
8175,treatment,2026-03-02,7,0
8176,treatment,2026-03-04,6,0
8177,treatment,2026-03-02,12,1
8178,treatment,2026-03-11,3,0
8179,control,2026-03-09,5,1
8180,treatment,2026-03-09,8,0
8181,control,2026-03-14,12,0
8182,treatment,2026-03-02,18,1
8183,treatment,2026-03-06,12,0
8184,treatment,2026-03-05,13,1
8185,control,2026-03-08,5,1
8186,treatment,2026-03-02,8,0
8187,treatment,2026-03-05,6,0
8188,control,2026-03-06,12,0
8189,treatment,2026-03-12,8,1
8190,treatment,2026-03-13,8,0
8191,control,2026-03-10,6,0
8192,treatment,2026-03-12,6,1
8193,treatment,2026-03-10,7,0
8194,treatment,2026-03-04,10,1
8195,treatment,2026-03-10,9,0
8196,control,2026-03-06,8,0
8197,control,2026-03-13,17,1
8198,control,2026-03-07,4,0
8199,control,2026-03-06,5,0
8200,control,2026-03-04,6,0
8201,control,2026-03-05,13,1
8202,control,2026-03-06,6,1
8203,treatment,2026-03-03,11,0
8204,control,2026-03-11,9,0
8205,control,2026-03-08,16,1
8206,control,2026-03-03,16,0
8207,treatment,2026-03-05,6,0
8208,treatment,2026-03-15,5,0
8209,control,2026-03-14,6,0
8210,treatment,2026-03-02,5,0
8211,treatment,2026-03-12,10,1
8212,control,2026-03-13,6,0
8213,treatment,2026-03-09,8,1
8214,treatment,2026-03-03,6,1
8215,control,2026-03-11,11,0
8216,control,2026-03-10,14,0
8217,treatment,2026-03-07,7,1
8218,control,2026-03-10,8,1
8219,treatment,2026-03-03,8,1
8220,treatment,2026-03-15,6,1
8221,control,2026-03-15,5,0
8222,treatment,2026-03-08,10,1
8223,treatment,2026-03-07,10,0
8224,treatment,2026-03-02,10,0
8225,control,2026-03-03,16,1
8226,treatment,2026-03-05,11,1
8227,control,2026-03-15,15,0
8228,treatment,2026-03-12,12,1
8229,treatment,2026-03-10,7,1
8230,control,2026-03-05,6,1
8231,control,2026-03-04,9,0
8232,control,2026-03-02,6,0
8233,treatment,2026-03-13,12,0
8234,control,2026-03-07,10,0
8235,treatment,2026-03-14,7,0
8236,treatment,2026-03-03,8,0
8237,control,2026-03-04,11,1
8238,treatment,2026-03-05,11,1
8239,control,2026-03-15,8,0
8240,treatment,2026-03-06,6,0
8241,control,2026-03-08,8,0
8242,treatment,2026-03-14,15,1
8243,control,2026-03-13,4,1
8244,control,2026-03-14,6,1
8245,control,2026-03-15,5,1
8246,control,2026-03-07,9,1
8247,control,2026-03-13,5,1
8248,control,2026-03-04,5,1
8249,control,2026-03-05,11,0
8250,control,2026-03-03,6,0
8251,control,2026-03-05,14,0
8252,treatment,2026-03-09,5,0
8253,treatment,2026-03-10,8,0
8254,treatment,2026-03-05,11,1
8255,control,2026-03-15,8,0
8256,treatment,2026-03-10,9,1
8257,treatment,2026-03-11,6,0
8258,control,2026-03-11,10,0
8259,treatment,2026-03-02,12,1
8260,treatment,2026-03-04,9,1
8261,control,2026-03-03,5,1
8262,treatment,2026-03-10,6,0
8263,treatment,2026-03-11,9,0
8264,treatment,2026-03-14,9,0
8265,treatment,2026-03-11,11,1
8266,control,2026-03-11,10,1
8267,treatment,2026-03-10,8,0
8268,control,2026-03-10,10,1
8269,treatment,2026-03-08,9,1
8270,control,2026-03-09,8,0
8271,treatment,2026-03-12,9,0
8272,treatment,2026-03-03,11,0
8273,treatment,2026-03-04,9,0
8274,treatment,2026-03-09,4,1
8275,treatment,2026-03-14,7,0
8276,control,2026-03-04,9,0
8277,control,2026-03-15,7,1
8278,treatment,2026-03-12,9,0
8279,control,2026-03-13,8,1
8280,control,2026-03-12,6,0
8281,control,2026-03-09,9,0
8282,treatment,2026-03-10,9,0
8283,control,2026-03-05,8,0
8284,treatment,2026-03-13,8,0
8285,treatment,2026-03-06,6,1
8286,treatment,2026-03-13,4,1
8287,treatment,2026-03-11,12,0
8288,control,2026-03-07,7,1
8289,treatment,2026-03-11,13,0
8290,treatment,2026-03-13,5,0
8291,treatment,2026-03-11,9,0
8292,control,2026-03-04,7,0
8293,treatment,2026-03-10,10,1
8294,control,2026-03-07,3,0
8295,treatment,2026-03-11,7,1
8296,control,2026-03-02,5,0
8297,control,2026-03-13,6,1
8298,treatment,2026-03-04,6,0
8299,treatment,2026-03-11,10,1
8300,control,2026-03-15,10,0
8301,treatment,2026-03-15,6,0
8302,treatment,2026-03-11,8,1
8303,control,2026-03-11,11,0
8304,treatment,2026-03-04,6,0
8305,control,2026-03-12,10,0
8306,treatment,2026-03-10,6,0
8307,treatment,2026-03-04,4,0
8308,treatment,2026-03-08,7,0
8309,treatment,2026-03-08,10,1
8310,treatment,2026-03-04,6,0
8311,control,2026-03-06,10,0
8312,control,2026-03-09,8,1
8313,treatment,2026-03-05,11,1
8314,treatment,2026-03-15,11,0
8315,control,2026-03-11,6,0
8316,control,2026-03-09,7,1
8317,control,2026-03-07,10,0
8318,treatment,2026-03-08,10,1
8319,control,2026-03-02,9,0
8320,control,2026-03-10,7,1
8321,control,2026-03-07,7,1
8322,treatment,2026-03-10,12,1
8323,control,2026-03-10,9,1
8324,control,2026-03-07,5,1
8325,treatment,2026-03-03,11,0
8326,control,2026-03-15,13,1
8327,treatment,2026-03-11,9,0
8328,treatment,2026-03-05,8,0
8329,control,2026-03-08,10,0
8330,treatment,2026-03-07,12,0
8331,treatment,2026-03-11,10,1
8332,treatment,2026-03-04,12,1
8333,control,2026-03-08,12,1
8334,control,2026-03-08,5,1
8335,treatment,2026-03-12,5,1
8336,treatment,2026-03-06,6,1
8337,control,2026-03-10,5,0
8338,control,2026-03-13,11,0
8339,control,2026-03-15,12,0
8340,treatment,2026-03-12,11,1
8341,treatment,2026-03-09,8,0
8342,treatment,2026-03-12,9,1
8343,control,2026-03-15,10,0
8344,treatment,2026-03-13,3,1
8345,control,2026-03-10,3,0
8346,control,2026-03-12,8,0
8347,control,2026-03-05,8,0
8348,control,2026-03-05,4,0
8349,control,2026-03-02,7,0
8350,treatment,2026-03-04,9,0
8351,control,2026-03-02,8,0
8352,control,2026-03-04,8,0
8353,treatment,2026-03-15,7,0
8354,treatment,2026-03-08,9,1
8355,treatment,2026-03-14,12,0
8356,control,2026-03-15,7,1
8357,control,2026-03-12,14,0
8358,treatment,2026-03-09,8,1
8359,control,2026-03-12,8,0
8360,control,2026-03-15,5,0
8361,control,2026-03-13,11,0
8362,treatment,2026-03-08,7,0
8363,control,2026-03-06,6,1
8364,control,2026-03-05,8,0
8365,treatment,2026-03-03,8,0
8366,treatment,2026-03-15,7,0
8367,treatment,2026-03-03,4,0
8368,treatment,2026-03-08,4,1
8369,treatment,2026-03-08,12,1
8370,treatment,2026-03-03,4,1
8371,treatment,2026-03-05,12,0
8372,control,2026-03-10,5,1
8373,treatment,2026-03-12,12,0
8374,control,2026-03-05,11,0
8375,control,2026-03-07,11,0
8376,control,2026-03-02,8,1
8377,control,2026-03-05,6,0
8378,treatment,2026-03-15,8,1
8379,control,2026-03-07,5,1
8380,control,2026-03-07,8,0
8381,treatment,2026-03-15,9,0
8382,treatment,2026-03-06,13,0
8383,treatment,2026-03-03,7,0
8384,control,2026-03-02,7,0
8385,treatment,2026-03-03,8,1
8386,control,2026-03-12,8,1
8387,control,2026-03-05,3,0
8388,treatment,2026-03-14,8,0
8389,treatment,2026-03-15,14,0
8390,treatment,2026-03-12,7,0
8391,control,2026-03-04,7,0
8392,treatment,2026-03-07,9,0
8393,control,2026-03-09,7,0
8394,treatment,2026-03-04,16,0
8395,treatment,2026-03-08,3,1
8396,control,2026-03-08,5,0
8397,treatment,2026-03-14,3,1
8398,control,2026-03-05,8,0
8399,treatment,2026-03-11,9,0
8400,control,2026-03-11,6,1
8401,control,2026-03-06,5,0
8402,control,2026-03-06,12,1
8403,control,2026-03-13,9,1
8404,treatment,2026-03-15,7,0
8405,treatment,2026-03-11,4,0
8406,control,2026-03-07,11,0
8407,control,2026-03-12,7,0
8408,treatment,2026-03-12,8,1
8409,control,2026-03-12,10,0
8410,treatment,2026-03-04,5,0
8411,treatment,2026-03-10,6,1
8412,treatment,2026-03-15,8,0
8413,control,2026-03-10,2,0
8414,treatment,2026-03-04,11,0
8415,control,2026-03-11,15,1
8416,control,2026-03-13,13,0
8417,control,2026-03-03,7,0
8418,control,2026-03-09,9,1
8419,treatment,2026-03-15,6,0
8420,control,2026-03-05,12,1
8421,control,2026-03-12,5,1
8422,control,2026-03-15,13,0
8423,control,2026-03-08,7,0
8424,treatment,2026-03-11,9,0
8425,control,2026-03-09,4,0
8426,treatment,2026-03-04,8,0
8427,treatment,2026-03-02,19,0
8428,treatment,2026-03-11,8,0
8429,treatment,2026-03-12,6,1
8430,control,2026-03-05,6,0
8431,control,2026-03-09,13,0
8432,treatment,2026-03-15,5,1
8433,control,2026-03-14,5,1
8434,treatment,2026-03-15,16,0
8435,control,2026-03-13,10,0
8436,treatment,2026-03-10,7,1
8437,control,2026-03-04,6,0
8438,control,2026-03-15,5,0
8439,treatment,2026-03-12,10,0
8440,treatment,2026-03-05,5,1
8441,control,2026-03-12,5,0
8442,treatment,2026-03-08,5,0
8443,control,2026-03-06,16,1
8444,treatment,2026-03-11,4,1
8445,control,2026-03-13,9,0
8446,control,2026-03-08,6,1
8447,treatment,2026-03-04,12,1
8448,control,2026-03-13,10,0
8449,treatment,2026-03-09,12,1
8450,control,2026-03-03,9,0
8451,control,2026-03-02,4,1
8452,control,2026-03-07,4,0
8453,treatment,2026-03-05,3,0
8454,control,2026-03-14,10,0
8455,control,2026-03-11,4,0
8456,treatment,2026-03-07,11,1
8457,treatment,2026-03-07,15,1
8458,control,2026-03-12,10,0
8459,treatment,2026-03-09,6,0
8460,treatment,2026-03-10,9,0
8461,treatment,2026-03-03,10,0
8462,control,2026-03-05,13,0
8463,treatment,2026-03-13,8,0
8464,control,2026-03-13,12,0
8465,control,2026-03-13,13,1
8466,control,2026-03-02,8,0
8467,control,2026-03-06,7,1
8468,control,2026-03-07,8,1
8469,treatment,2026-03-11,10,0
8470,treatment,2026-03-14,11,0
8471,treatment,2026-03-09,5,0
8472,control,2026-03-12,13,0
8473,treatment,2026-03-02,10,1
8474,control,2026-03-09,6,1
8475,control,2026-03-14,3,1
8476,treatment,2026-03-08,8,1
8477,treatment,2026-03-12,7,1
8478,control,2026-03-11,7,0
8479,control,2026-03-05,5,1
8480,control,2026-03-10,6,1
8481,treatment,2026-03-09,10,0
8482,control,2026-03-10,9,0
8483,treatment,2026-03-08,8,0
8484,treatment,2026-03-10,16,0
8485,control,2026-03-05,10,0
8486,control,2026-03-05,10,0
8487,control,2026-03-09,6,0
8488,treatment,2026-03-13,3,1
8489,treatment,2026-03-05,9,0
8490,control,2026-03-09,4,0
8491,control,2026-03-12,8,0
8492,control,2026-03-08,9,0
8493,control,2026-03-14,8,0
8494,control,2026-03-04,13,1
8495,treatment,2026-03-14,10,1
8496,control,2026-03-12,7,0
8497,treatment,2026-03-11,13,0
8498,treatment,2026-03-06,11,1
8499,control,2026-03-11,9,0
8500,treatment,2026-03-10,8,1
8501,control,2026-03-15,7,1
8502,treatment,2026-03-10,8,0
8503,treatment,2026-03-02,7,0
8504,treatment,2026-03-05,9,1
8505,control,2026-03-10,9,0
8506,control,2026-03-09,8,1
8507,treatment,2026-03-03,10,1
8508,control,2026-03-15,7,0
8509,treatment,2026-03-14,11,0
8510,control,2026-03-10,4,0
8511,control,2026-03-07,10,0
8512,control,2026-03-04,10,0
8513,treatment,2026-03-02,10,0
8514,treatment,2026-03-15,13,0
8515,treatment,2026-03-15,7,1
8516,treatment,2026-03-03,6,0
8517,control,2026-03-04,5,1
8518,control,2026-03-14,14,0
8519,treatment,2026-03-10,7,0
8520,control,2026-03-07,12,0
8521,control,2026-03-04,3,0
8522,treatment,2026-03-05,2,0
8523,control,2026-03-10,6,1
8524,treatment,2026-03-12,4,0
8525,treatment,2026-03-10,4,1
8526,control,2026-03-15,14,0
8527,control,2026-03-02,6,1
8528,treatment,2026-03-05,15,1
8529,treatment,2026-03-14,12,0
8530,treatment,2026-03-14,2,1
8531,control,2026-03-04,9,0
8532,control,2026-03-15,10,1
8533,control,2026-03-08,6,0
8534,treatment,2026-03-11,6,0
8535,control,2026-03-02,11,0
8536,control,2026-03-02,9,1
8537,control,2026-03-08,7,1
8538,treatment,2026-03-03,9,0
8539,treatment,2026-03-15,6,0
8540,treatment,2026-03-13,6,0
8541,treatment,2026-03-09,6,1
8542,control,2026-03-08,5,0
8543,control,2026-03-10,10,0
8544,treatment,2026-03-04,10,0
8545,treatment,2026-03-06,9,0
8546,treatment,2026-03-11,8,1
8547,treatment,2026-03-05,7,1
8548,treatment,2026-03-11,8,0
8549,control,2026-03-11,7,0
8550,control,2026-03-13,11,0
8551,treatment,2026-03-14,6,0
8552,control,2026-03-06,7,1
8553,control,2026-03-05,8,0
8554,treatment,2026-03-12,13,1
8555,control,2026-03-02,5,0
8556,control,2026-03-07,6,0
8557,treatment,2026-03-13,4,0
8558,control,2026-03-11,11,0
8559,control,2026-03-15,14,0
8560,treatment,2026-03-11,7,1
8561,control,2026-03-03,15,1
8562,treatment,2026-03-13,13,1
8563,control,2026-03-12,6,1
8564,control,2026-03-06,9,0
8565,treatment,2026-03-02,6,0
8566,treatment,2026-03-02,4,1
8567,treatment,2026-03-13,5,0
8568,control,2026-03-06,10,1
8569,treatment,2026-03-11,5,1
8570,treatment,2026-03-03,11,0
8571,control,2026-03-12,7,0
8572,control,2026-03-14,11,0
8573,treatment,2026-03-14,7,1
8574,control,2026-03-09,10,1
8575,control,2026-03-06,9,1
8576,control,2026-03-08,9,1
8577,control,2026-03-11,3,1
8578,control,2026-03-03,14,1
8579,control,2026-03-03,2,1
8580,treatment,2026-03-06,9,1
8581,treatment,2026-03-15,14,1
8582,treatment,2026-03-14,8,1
8583,control,2026-03-13,9,0
8584,control,2026-03-15,10,0
8585,treatment,2026-03-07,6,0
8586,control,2026-03-05,7,0
8587,treatment,2026-03-04,12,0
8588,control,2026-03-11,10,0
8589,control,2026-03-02,3,0
8590,control,2026-03-08,8,1
8591,control,2026-03-13,9,0
8592,treatment,2026-03-07,11,1
8593,treatment,2026-03-06,9,0
8594,control,2026-03-05,11,0
8595,treatment,2026-03-14,3,0
8596,control,2026-03-02,11,1
8597,treatment,2026-03-08,5,1
8598,treatment,2026-03-05,8,0
8599,control,2026-03-10,7,0
8600,treatment,2026-03-05,9,0
8601,treatment,2026-03-13,8,1
8602,control,2026-03-03,9,0
8603,control,2026-03-04,9,0
8604,treatment,2026-03-14,8,1
8605,treatment,2026-03-12,9,1
8606,treatment,2026-03-08,7,0
8607,treatment,2026-03-07,11,0
8608,treatment,2026-03-06,9,1
8609,treatment,2026-03-11,9,0
8610,control,2026-03-08,6,0
8611,treatment,2026-03-10,9,0
8612,treatment,2026-03-12,9,0
8613,treatment,2026-03-15,12,1
8614,treatment,2026-03-06,16,1
8615,treatment,2026-03-10,8,0
8616,control,2026-03-04,10,0
8617,treatment,2026-03-04,13,0
8618,treatment,2026-03-02,10,0
8619,treatment,2026-03-07,8,0
8620,treatment,2026-03-11,11,0
8621,treatment,2026-03-02,9,0
8622,treatment,2026-03-06,8,0
8623,control,2026-03-03,8,1
8624,treatment,2026-03-05,8,1
8625,treatment,2026-03-10,11,0
8626,treatment,2026-03-15,6,1
8627,control,2026-03-02,6,0
8628,control,2026-03-15,8,1
8629,control,2026-03-14,13,0
8630,control,2026-03-08,7,0
8631,control,2026-03-03,8,1
8632,treatment,2026-03-10,9,0
8633,treatment,2026-03-13,8,0
8634,treatment,2026-03-09,10,0
8635,control,2026-03-04,9,0
8636,control,2026-03-11,10,0
8637,treatment,2026-03-06,8,1
8638,control,2026-03-10,7,0
8639,treatment,2026-03-02,9,0
8640,control,2026-03-11,8,0
8641,control,2026-03-13,10,0
8642,control,2026-03-10,8,1
8643,control,2026-03-05,9,0
8644,control,2026-03-04,8,0
8645,treatment,2026-03-02,8,0
8646,control,2026-03-06,4,1
8647,treatment,2026-03-05,8,0
8648,treatment,2026-03-02,4,1
8649,control,2026-03-08,8,0
8650,control,2026-03-11,5,0
8651,treatment,2026-03-05,9,0
8652,treatment,2026-03-10,9,0
8653,control,2026-03-03,9,1
8654,control,2026-03-10,9,0
8655,treatment,2026-03-11,10,0
8656,control,2026-03-11,9,0
8657,control,2026-03-03,7,0
8658,control,2026-03-02,7,0
8659,control,2026-03-05,11,1
8660,control,2026-03-05,6,1
8661,treatment,2026-03-09,11,0
8662,control,2026-03-06,10,1
8663,control,2026-03-03,13,0
8664,control,2026-03-13,6,1
8665,treatment,2026-03-11,11,1
8666,control,2026-03-06,9,0
8667,treatment,2026-03-05,12,0
8668,control,2026-03-13,8,0
8669,treatment,2026-03-08,15,1
8670,treatment,2026-03-13,8,1
8671,control,2026-03-07,9,0
8672,treatment,2026-03-02,9,0
8673,control,2026-03-08,3,0
8674,treatment,2026-03-04,9,0
8675,control,2026-03-06,7,1
8676,treatment,2026-03-11,9,0
8677,treatment,2026-03-12,4,0
8678,control,2026-03-14,8,1
8679,control,2026-03-12,9,0
8680,control,2026-03-11,6,0
8681,treatment,2026-03-13,12,0
8682,control,2026-03-09,7,0
8683,control,2026-03-06,6,0
8684,control,2026-03-11,11,0
8685,control,2026-03-08,11,1
8686,treatment,2026-03-04,11,0
8687,treatment,2026-03-04,5,1
8688,treatment,2026-03-02,5,0
8689,treatment,2026-03-08,11,1
8690,treatment,2026-03-02,9,1
8691,treatment,2026-03-10,8,1
8692,treatment,2026-03-11,11,1
8693,control,2026-03-13,5,0
8694,treatment,2026-03-05,7,0
8695,treatment,2026-03-06,9,1
8696,control,2026-03-15,8,0
8697,treatment,2026-03-02,9,0
8698,treatment,2026-03-13,9,1
8699,control,2026-03-10,4,1
8700,control,2026-03-07,8,0
8701,treatment,2026-03-06,12,1
8702,control,2026-03-09,5,0
8703,treatment,2026-03-03,8,0
8704,control,2026-03-03,7,0
8705,control,2026-03-12,5,1
8706,treatment,2026-03-04,11,0
8707,treatment,2026-03-11,10,0
8708,control,2026-03-03,5,0
8709,treatment,2026-03-03,7,1
8710,treatment,2026-03-10,5,1
8711,treatment,2026-03-08,12,1
8712,control,2026-03-13,5,0
8713,treatment,2026-03-14,6,0
8714,treatment,2026-03-08,4,0
8715,control,2026-03-07,4,1
8716,control,2026-03-12,2,0
8717,treatment,2026-03-11,9,1
8718,control,2026-03-04,8,1
8719,control,2026-03-09,4,0
8720,treatment,2026-03-12,7,0
8721,control,2026-03-09,8,0
8722,control,2026-03-10,10,0
8723,control,2026-03-09,7,0
8724,control,2026-03-10,9,1
8725,control,2026-03-08,2,1
8726,control,2026-03-04,11,1
8727,control,2026-03-09,13,1
8728,control,2026-03-11,7,1
8729,control,2026-03-10,8,0
8730,control,2026-03-15,7,1
8731,control,2026-03-03,8,1
8732,treatment,2026-03-08,5,1
8733,control,2026-03-14,10,1
8734,treatment,2026-03-03,7,1
8735,treatment,2026-03-07,13,0
8736,control,2026-03-11,10,0
8737,treatment,2026-03-08,5,0
8738,control,2026-03-13,11,1
8739,treatment,2026-03-15,6,0
8740,treatment,2026-03-12,10,1
8741,control,2026-03-04,7,0
8742,treatment,2026-03-04,10,1
8743,control,2026-03-14,4,1
8744,treatment,2026-03-12,12,0
8745,treatment,2026-03-07,7,1
8746,treatment,2026-03-15,7,0
8747,control,2026-03-04,8,1
8748,treatment,2026-03-02,16,0
8749,control,2026-03-02,8,0
8750,treatment,2026-03-12,11,0
8751,control,2026-03-13,6,0
8752,control,2026-03-15,6,1
8753,control,2026-03-02,8,1
8754,control,2026-03-07,9,1
8755,control,2026-03-15,5,0
8756,control,2026-03-05,10,0
8757,control,2026-03-09,8,1
8758,control,2026-03-15,4,1
8759,treatment,2026-03-07,7,0
8760,control,2026-03-07,12,0
8761,treatment,2026-03-02,10,1
8762,treatment,2026-03-06,13,0
8763,treatment,2026-03-02,7,0
8764,treatment,2026-03-05,10,0
8765,treatment,2026-03-07,5,0
8766,control,2026-03-06,7,0
8767,control,2026-03-02,14,0
8768,treatment,2026-03-06,9,0
8769,control,2026-03-05,9,1
8770,treatment,2026-03-10,15,1
8771,treatment,2026-03-05,10,0
8772,treatment,2026-03-03,11,1
8773,control,2026-03-03,7,0
8774,control,2026-03-07,12,0
8775,control,2026-03-05,7,0
8776,treatment,2026-03-09,7,0
8777,control,2026-03-11,8,1
8778,treatment,2026-03-08,7,1
8779,control,2026-03-12,7,1
8780,control,2026-03-12,13,1
8781,control,2026-03-11,5,1
8782,treatment,2026-03-07,11,0
8783,treatment,2026-03-15,11,0
8784,control,2026-03-04,11,1
8785,treatment,2026-03-15,8,0
8786,control,2026-03-14,4,1
8787,treatment,2026-03-07,15,0
8788,control,2026-03-13,7,0
8789,control,2026-03-03,7,1
8790,control,2026-03-06,5,0
8791,control,2026-03-07,6,1
8792,treatment,2026-03-05,7,0
8793,control,2026-03-03,11,1
8794,treatment,2026-03-08,12,0
8795,control,2026-03-08,15,1
8796,treatment,2026-03-14,10,0
8797,control,2026-03-05,8,1
8798,control,2026-03-09,8,0
8799,treatment,2026-03-04,5,0
8800,control,2026-03-04,15,1
8801,treatment,2026-03-06,9,1
8802,control,2026-03-03,9,0
8803,treatment,2026-03-07,6,0
8804,treatment,2026-03-10,10,0
8805,control,2026-03-15,6,1
8806,control,2026-03-08,6,0
8807,control,2026-03-14,10,0
8808,control,2026-03-07,8,0
8809,control,2026-03-05,6,1
8810,treatment,2026-03-05,6,1
8811,control,2026-03-13,10,0
8812,control,2026-03-12,10,0
8813,control,2026-03-04,10,1
8814,treatment,2026-03-14,9,1
8815,treatment,2026-03-15,6,0
8816,treatment,2026-03-12,7,0
8817,control,2026-03-09,14,1
8818,treatment,2026-03-04,11,0
8819,control,2026-03-11,8,0
8820,treatment,2026-03-02,9,0
8821,control,2026-03-08,8,0
8822,treatment,2026-03-06,9,1
8823,treatment,2026-03-02,10,0
8824,control,2026-03-10,4,0
8825,treatment,2026-03-05,12,0
8826,treatment,2026-03-13,9,0
8827,control,2026-03-02,11,1
8828,control,2026-03-14,7,0
8829,control,2026-03-06,8,1
8830,control,2026-03-07,9,1
8831,treatment,2026-03-07,6,1
8832,treatment,2026-03-07,8,0
8833,control,2026-03-11,10,1
8834,control,2026-03-12,7,0
8835,treatment,2026-03-05,7,0
8836,control,2026-03-03,5,0
8837,control,2026-03-09,11,1
8838,treatment,2026-03-15,7,0
8839,treatment,2026-03-03,12,0
8840,treatment,2026-03-02,7,0
8841,treatment,2026-03-05,9,0
8842,treatment,2026-03-07,11,1
8843,control,2026-03-09,7,0
8844,control,2026-03-13,5,1
8845,treatment,2026-03-12,6,0
8846,treatment,2026-03-08,5,1
8847,treatment,2026-03-02,9,0
8848,treatment,2026-03-15,8,0
8849,control,2026-03-08,4,0
8850,treatment,2026-03-10,5,0
8851,treatment,2026-03-12,9,0
8852,treatment,2026-03-10,6,1
8853,treatment,2026-03-06,12,0
8854,control,2026-03-09,11,1
8855,control,2026-03-04,8,1
8856,control,2026-03-11,7,1
8857,treatment,2026-03-14,8,0
8858,treatment,2026-03-05,10,0
8859,treatment,2026-03-08,12,0
8860,treatment,2026-03-02,9,0
8861,treatment,2026-03-03,8,1
8862,control,2026-03-13,12,1
8863,control,2026-03-12,3,1
8864,control,2026-03-10,10,0
8865,treatment,2026-03-04,11,0
8866,control,2026-03-08,3,1
8867,control,2026-03-10,7,1
8868,control,2026-03-07,9,0
8869,treatment,2026-03-12,9,0
8870,control,2026-03-13,5,1
8871,control,2026-03-06,9,1
8872,treatment,2026-03-08,8,1
8873,control,2026-03-14,10,0
8874,control,2026-03-02,12,1
8875,treatment,2026-03-08,11,0
8876,control,2026-03-04,5,1
8877,treatment,2026-03-12,13,0
8878,treatment,2026-03-07,8,0
8879,treatment,2026-03-15,10,1
8880,treatment,2026-03-02,8,1
8881,control,2026-03-15,7,0
8882,control,2026-03-15,7,1
8883,control,2026-03-06,6,1
8884,control,2026-03-11,10,0
8885,treatment,2026-03-14,10,0
8886,treatment,2026-03-09,6,0
8887,treatment,2026-03-14,15,0
8888,control,2026-03-05,7,0
8889,control,2026-03-08,11,0
8890,control,2026-03-12,6,0
8891,treatment,2026-03-08,7,0
8892,control,2026-03-15,8,1
8893,control,2026-03-08,5,0
8894,control,2026-03-15,12,0
8895,control,2026-03-07,9,0
8896,control,2026-03-12,7,1
8897,treatment,2026-03-06,7,1
8898,treatment,2026-03-04,4,1
8899,control,2026-03-09,3,1
8900,control,2026-03-03,6,0
8901,control,2026-03-11,6,0
8902,control,2026-03-07,7,1
8903,treatment,2026-03-12,6,1
8904,treatment,2026-03-11,12,0
8905,control,2026-03-03,12,0
8906,treatment,2026-03-02,10,0
8907,control,2026-03-14,11,1
8908,control,2026-03-04,3,0
8909,control,2026-03-06,4,0
8910,control,2026-03-02,9,0
8911,control,2026-03-04,8,1
8912,treatment,2026-03-09,10,1
8913,treatment,2026-03-09,3,0
8914,treatment,2026-03-11,10,1
8915,treatment,2026-03-10,9,1
8916,control,2026-03-06,8,0
8917,treatment,2026-03-09,12,1
8918,treatment,2026-03-02,11,1
8919,treatment,2026-03-02,8,0
8920,treatment,2026-03-02,7,1
8921,treatment,2026-03-14,10,0
8922,treatment,2026-03-02,11,0
8923,treatment,2026-03-10,6,0
8924,treatment,2026-03-14,9,1
8925,control,2026-03-15,6,1
8926,treatment,2026-03-07,13,1
8927,control,2026-03-05,6,1
8928,treatment,2026-03-11,5,0
8929,treatment,2026-03-13,19,0
8930,treatment,2026-03-08,11,1
8931,treatment,2026-03-05,15,0
8932,control,2026-03-05,9,1
8933,control,2026-03-08,7,0
8934,treatment,2026-03-11,8,0
8935,control,2026-03-07,11,1
8936,control,2026-03-02,7,1
8937,control,2026-03-13,9,0
8938,control,2026-03-13,7,0
8939,control,2026-03-06,7,0
8940,control,2026-03-06,12,0
8941,control,2026-03-13,11,0
8942,treatment,2026-03-12,10,0
8943,treatment,2026-03-09,4,0
8944,treatment,2026-03-07,10,1
8945,treatment,2026-03-03,13,1
8946,control,2026-03-10,5,0
8947,control,2026-03-13,12,0
8948,control,2026-03-14,6,0
8949,control,2026-03-11,8,0
8950,treatment,2026-03-10,7,0
8951,control,2026-03-06,7,1
8952,control,2026-03-05,8,1
8953,treatment,2026-03-07,8,0
8954,control,2026-03-08,7,1
8955,treatment,2026-03-05,5,1
8956,control,2026-03-12,6,0
8957,control,2026-03-10,3,0
8958,control,2026-03-11,7,0
8959,control,2026-03-06,10,0
8960,treatment,2026-03-08,6,0
8961,treatment,2026-03-09,6,0
8962,treatment,2026-03-09,6,0
8963,control,2026-03-07,4,0
8964,treatment,2026-03-11,14,1
8965,control,2026-03-08,4,1
8966,treatment,2026-03-02,10,0
8967,control,2026-03-09,11,0
8968,control,2026-03-09,8,0
8969,treatment,2026-03-11,7,0
8970,treatment,2026-03-08,8,1
8971,treatment,2026-03-02,7,0
8972,control,2026-03-15,8,0
8973,control,2026-03-02,8,1
8974,control,2026-03-05,12,0
8975,control,2026-03-11,11,1
8976,control,2026-03-10,7,0
8977,treatment,2026-03-09,4,1
8978,treatment,2026-03-08,8,0
8979,treatment,2026-03-05,8,0
8980,control,2026-03-03,6,1
8981,treatment,2026-03-02,13,1
8982,treatment,2026-03-08,12,0
8983,treatment,2026-03-02,10,0
8984,control,2026-03-08,4,0
8985,treatment,2026-03-02,7,1
8986,control,2026-03-02,6,0
8987,control,2026-03-11,11,1
8988,treatment,2026-03-04,6,0
8989,treatment,2026-03-10,11,0
8990,treatment,2026-03-05,7,0
8991,control,2026-03-08,8,0
8992,treatment,2026-03-04,13,1
8993,treatment,2026-03-05,12,1
8994,treatment,2026-03-04,8,0
8995,treatment,2026-03-09,7,1
8996,treatment,2026-03-04,6,0
8997,treatment,2026-03-09,11,0
8998,treatment,2026-03-06,9,0
8999,treatment,2026-03-06,10,0
9000,treatment,2026-03-07,9,0
9001,control,2026-03-13,13,0
9002,control,2026-03-11,4,1
9003,control,2026-03-15,7,0
9004,control,2026-03-02,8,1
9005,control,2026-03-14,13,1
9006,control,2026-03-07,5,0
9007,control,2026-03-02,11,0
9008,control,2026-03-14,11,1
9009,control,2026-03-03,11,1
9010,control,2026-03-14,6,0
9011,control,2026-03-07,11,1
9012,control,2026-03-03,11,1
9013,control,2026-03-03,9,0
9014,treatment,2026-03-14,12,1
9015,treatment,2026-03-02,17,0
9016,control,2026-03-13,11,1
9017,treatment,2026-03-05,7,0
9018,control,2026-03-13,7,1
9019,treatment,2026-03-08,6,1
9020,control,2026-03-07,5,0
9021,control,2026-03-13,6,1
9022,control,2026-03-07,5,0
9023,treatment,2026-03-07,11,1
9024,control,2026-03-09,8,1
9025,treatment,2026-03-12,5,1
9026,treatment,2026-03-06,6,0
9027,control,2026-03-08,5,0
9028,control,2026-03-02,8,1
9029,control,2026-03-04,8,1
9030,treatment,2026-03-06,10,1
9031,treatment,2026-03-04,12,1
9032,control,2026-03-06,12,0
9033,control,2026-03-03,12,1
9034,treatment,2026-03-14,11,0
9035,treatment,2026-03-07,5,0
9036,control,2026-03-02,14,1
9037,control,2026-03-04,7,0
9038,treatment,2026-03-10,12,1
9039,treatment,2026-03-06,5,1
9040,control,2026-03-03,7,1
9041,treatment,2026-03-13,7,1
9042,treatment,2026-03-10,11,0
9043,treatment,2026-03-14,6,1
9044,treatment,2026-03-08,8,0
9045,control,2026-03-09,7,1
9046,control,2026-03-10,9,0
9047,control,2026-03-14,5,1
9048,treatment,2026-03-13,12,0
9049,control,2026-03-05,13,0
9050,control,2026-03-07,10,1
9051,control,2026-03-14,6,0
9052,control,2026-03-04,3,0
9053,treatment,2026-03-14,10,0
9054,treatment,2026-03-08,6,0
9055,control,2026-03-14,9,1
9056,treatment,2026-03-11,13,1
9057,treatment,2026-03-12,9,1
9058,control,2026-03-11,10,0
9059,control,2026-03-12,5,0
9060,treatment,2026-03-15,8,0
9061,treatment,2026-03-10,5,0
9062,treatment,2026-03-08,15,0
9063,control,2026-03-15,8,0
9064,control,2026-03-06,11,0
9065,control,2026-03-06,8,0
9066,treatment,2026-03-08,6,0
9067,treatment,2026-03-15,8,0
9068,treatment,2026-03-14,17,1
9069,control,2026-03-04,8,1
9070,control,2026-03-10,9,1
9071,control,2026-03-04,9,0
9072,treatment,2026-03-02,11,1
9073,control,2026-03-04,8,1
9074,control,2026-03-11,11,1
9075,treatment,2026-03-06,12,0
9076,control,2026-03-11,9,1
9077,treatment,2026-03-15,10,0
9078,control,2026-03-06,4,0
9079,control,2026-03-14,4,1
9080,control,2026-03-06,8,1
9081,control,2026-03-07,9,0
9082,treatment,2026-03-06,6,1
9083,treatment,2026-03-07,8,0
9084,treatment,2026-03-03,6,0
9085,control,2026-03-08,14,0
9086,control,2026-03-15,10,0
9087,control,2026-03-13,7,0
9088,control,2026-03-11,11,1
9089,control,2026-03-15,9,1
9090,treatment,2026-03-09,12,0
9091,treatment,2026-03-14,10,0
9092,control,2026-03-10,7,1
9093,control,2026-03-11,4,1
9094,treatment,2026-03-02,13,0
9095,control,2026-03-02,6,1
9096,treatment,2026-03-04,4,0
9097,control,2026-03-06,6,1
9098,treatment,2026-03-11,10,0
9099,control,2026-03-02,5,1
9100,control,2026-03-10,7,1
9101,control,2026-03-09,8,1
9102,control,2026-03-04,7,1
9103,treatment,2026-03-06,9,0
9104,control,2026-03-02,5,1
9105,treatment,2026-03-02,12,1
9106,treatment,2026-03-13,6,0
9107,control,2026-03-06,9,0
9108,treatment,2026-03-11,9,1
9109,control,2026-03-13,8,0
9110,control,2026-03-11,6,0
9111,treatment,2026-03-02,9,0
9112,control,2026-03-11,4,0
9113,treatment,2026-03-09,7,1
9114,control,2026-03-08,11,0
9115,treatment,2026-03-14,8,0
9116,treatment,2026-03-02,15,1
9117,treatment,2026-03-02,7,0
9118,treatment,2026-03-05,9,1
9119,control,2026-03-10,12,0
9120,treatment,2026-03-15,7,1
9121,control,2026-03-11,8,0
9122,treatment,2026-03-02,11,1
9123,treatment,2026-03-02,12,0
9124,treatment,2026-03-08,6,0
9125,treatment,2026-03-05,5,0
9126,control,2026-03-10,7,0
9127,control,2026-03-06,8,1
9128,control,2026-03-05,8,0
9129,treatment,2026-03-10,10,0
9130,control,2026-03-08,10,0
9131,treatment,2026-03-02,7,1
9132,control,2026-03-13,9,1
9133,treatment,2026-03-15,8,0
9134,treatment,2026-03-03,9,0
9135,treatment,2026-03-14,10,0
9136,control,2026-03-08,13,0
9137,control,2026-03-04,12,0
9138,control,2026-03-06,6,0
9139,control,2026-03-10,8,1
9140,treatment,2026-03-14,5,1
9141,treatment,2026-03-07,10,0
9142,control,2026-03-06,5,1
9143,control,2026-03-12,8,1
9144,treatment,2026-03-07,7,0
9145,treatment,2026-03-03,11,1
9146,control,2026-03-05,7,0
9147,control,2026-03-10,11,1
9148,control,2026-03-02,7,0
9149,control,2026-03-04,6,1
9150,treatment,2026-03-05,17,1
9151,control,2026-03-12,9,0
9152,treatment,2026-03-05,12,0
9153,control,2026-03-02,6,0
9154,treatment,2026-03-06,7,0
9155,treatment,2026-03-07,12,0
9156,control,2026-03-11,13,1
9157,treatment,2026-03-14,9,1
9158,control,2026-03-05,8,0
9159,treatment,2026-03-13,6,0
9160,treatment,2026-03-12,11,0
9161,treatment,2026-03-12,7,1
9162,treatment,2026-03-14,6,1
9163,treatment,2026-03-10,5,0
9164,control,2026-03-07,12,0
9165,control,2026-03-04,17,0
9166,treatment,2026-03-12,5,0
9167,control,2026-03-04,5,1
9168,treatment,2026-03-07,12,0
9169,treatment,2026-03-09,9,1
9170,control,2026-03-03,6,0
9171,control,2026-03-11,5,1
9172,treatment,2026-03-03,6,1
9173,treatment,2026-03-02,13,0
9174,control,2026-03-03,5,0
9175,control,2026-03-13,13,1
9176,treatment,2026-03-08,7,0
9177,treatment,2026-03-14,7,0
9178,treatment,2026-03-07,10,0
9179,control,2026-03-13,8,0
9180,treatment,2026-03-06,13,1
9181,treatment,2026-03-02,9,0
9182,treatment,2026-03-11,15,0
9183,treatment,2026-03-02,4,0
9184,control,2026-03-04,4,0
9185,treatment,2026-03-03,9,1
9186,treatment,2026-03-10,9,1
9187,treatment,2026-03-13,12,0
9188,treatment,2026-03-08,6,0
9189,control,2026-03-06,14,0
9190,treatment,2026-03-12,8,1
9191,control,2026-03-07,5,0
9192,control,2026-03-12,7,0
9193,treatment,2026-03-15,14,0
9194,control,2026-03-07,4,0
9195,control,2026-03-02,11,0
9196,control,2026-03-12,6,0
9197,control,2026-03-07,10,0
9198,control,2026-03-06,5,0
9199,treatment,2026-03-12,6,1
9200,control,2026-03-09,10,1
9201,control,2026-03-02,9,1
9202,control,2026-03-02,12,0
9203,control,2026-03-08,9,1
9204,treatment,2026-03-04,9,1
9205,treatment,2026-03-12,6,1
9206,treatment,2026-03-09,5,1
9207,control,2026-03-15,6,0
9208,treatment,2026-03-03,8,1
9209,control,2026-03-04,8,0
9210,treatment,2026-03-05,8,0
9211,control,2026-03-12,12,1
9212,treatment,2026-03-10,9,1
9213,control,2026-03-08,10,0
9214,treatment,2026-03-15,9,1
9215,treatment,2026-03-10,7,0
9216,control,2026-03-12,10,0
9217,treatment,2026-03-02,10,0
9218,control,2026-03-06,7,0
9219,treatment,2026-03-11,6,0
9220,control,2026-03-05,4,0
9221,control,2026-03-04,2,0
9222,treatment,2026-03-06,7,0
9223,control,2026-03-15,10,0
9224,control,2026-03-03,7,0
9225,control,2026-03-05,9,0
9226,control,2026-03-05,14,0
9227,control,2026-03-14,14,0
9228,control,2026-03-15,9,1
9229,treatment,2026-03-09,13,0
9230,treatment,2026-03-02,6,0
9231,treatment,2026-03-05,15,0
9232,control,2026-03-11,8,0
9233,treatment,2026-03-08,14,1
9234,treatment,2026-03-12,10,1
9235,control,2026-03-10,3,0
9236,treatment,2026-03-05,13,1
9237,control,2026-03-13,8,0
9238,treatment,2026-03-12,6,0
9239,control,2026-03-12,10,0
9240,treatment,2026-03-11,15,0
9241,control,2026-03-09,8,1
9242,treatment,2026-03-07,12,0
9243,treatment,2026-03-15,6,1
9244,control,2026-03-08,9,1
9245,control,2026-03-09,7,1
9246,treatment,2026-03-02,10,0
9247,treatment,2026-03-10,10,0
9248,treatment,2026-03-07,6,1
9249,control,2026-03-13,14,1
9250,treatment,2026-03-11,13,0
9251,control,2026-03-15,6,0
9252,control,2026-03-05,6,1
9253,treatment,2026-03-06,6,0
9254,control,2026-03-10,10,0
9255,control,2026-03-12,11,0
9256,treatment,2026-03-07,14,1
9257,treatment,2026-03-05,11,1
9258,control,2026-03-09,10,1
9259,treatment,2026-03-08,7,0
9260,control,2026-03-06,9,0
9261,treatment,2026-03-02,8,0
9262,control,2026-03-09,11,0
9263,control,2026-03-15,7,1
9264,treatment,2026-03-09,7,1
9265,control,2026-03-05,8,0
9266,control,2026-03-13,17,0
9267,treatment,2026-03-10,13,0
9268,treatment,2026-03-12,10,0
9269,control,2026-03-09,10,1
9270,treatment,2026-03-12,7,0
9271,treatment,2026-03-05,9,0
9272,control,2026-03-02,11,0
9273,treatment,2026-03-07,5,0
9274,control,2026-03-10,5,0
9275,control,2026-03-05,8,1
9276,control,2026-03-12,5,1
9277,control,2026-03-04,7,0
9278,control,2026-03-14,8,0
9279,control,2026-03-04,5,0
9280,control,2026-03-10,15,1
9281,treatment,2026-03-11,8,0
9282,treatment,2026-03-06,5,0
9283,treatment,2026-03-10,12,0
9284,treatment,2026-03-06,5,1
9285,control,2026-03-13,7,0
9286,treatment,2026-03-05,16,0
9287,treatment,2026-03-09,6,0
9288,treatment,2026-03-07,13,1
9289,control,2026-03-08,7,0
9290,control,2026-03-04,7,0
9291,control,2026-03-10,5,0
9292,treatment,2026-03-09,10,0
9293,treatment,2026-03-08,13,1
9294,control,2026-03-15,9,1
9295,control,2026-03-12,6,0
9296,treatment,2026-03-05,9,1
9297,control,2026-03-11,7,0
9298,treatment,2026-03-10,11,0
9299,control,2026-03-05,9,0
9300,treatment,2026-03-08,7,0
9301,treatment,2026-03-09,7,0
9302,treatment,2026-03-03,10,1
9303,treatment,2026-03-02,7,0
9304,control,2026-03-08,11,0
9305,control,2026-03-08,11,1
9306,control,2026-03-09,13,1
9307,control,2026-03-07,5,1
9308,control,2026-03-08,9,1
9309,control,2026-03-08,6,1
9310,treatment,2026-03-10,9,1
9311,treatment,2026-03-03,9,1
9312,treatment,2026-03-04,6,1
9313,control,2026-03-15,5,1
9314,control,2026-03-05,8,0
9315,control,2026-03-12,8,0
9316,treatment,2026-03-12,5,0
9317,control,2026-03-05,9,1
9318,treatment,2026-03-12,10,0
9319,treatment,2026-03-08,4,0
9320,control,2026-03-03,10,0
9321,treatment,2026-03-02,9,0
9322,control,2026-03-03,7,0
9323,control,2026-03-04,9,0
9324,treatment,2026-03-13,10,0
9325,treatment,2026-03-08,5,0
9326,treatment,2026-03-08,11,0
9327,control,2026-03-03,10,1
9328,treatment,2026-03-05,9,1
9329,treatment,2026-03-15,8,0
9330,control,2026-03-07,9,1
9331,control,2026-03-02,11,0
9332,treatment,2026-03-08,11,1
9333,control,2026-03-13,6,0
9334,treatment,2026-03-12,21,1
9335,control,2026-03-05,3,1
9336,treatment,2026-03-14,9,0
9337,control,2026-03-02,10,0
9338,treatment,2026-03-10,7,0
9339,control,2026-03-06,5,0
9340,treatment,2026-03-13,11,1
9341,treatment,2026-03-08,9,0
9342,control,2026-03-15,5,1
9343,control,2026-03-07,6,1
9344,control,2026-03-12,7,1
9345,treatment,2026-03-07,2,0
9346,treatment,2026-03-07,12,0
9347,control,2026-03-03,8,0
9348,control,2026-03-06,9,1
9349,control,2026-03-14,9,0
9350,treatment,2026-03-15,7,1
9351,treatment,2026-03-08,7,0
9352,control,2026-03-05,6,0
9353,control,2026-03-08,5,1
9354,treatment,2026-03-13,7,1
9355,control,2026-03-13,8,0
9356,control,2026-03-03,11,1
9357,control,2026-03-14,7,0
9358,treatment,2026-03-04,5,1
9359,treatment,2026-03-06,15,1
9360,treatment,2026-03-04,13,0
9361,control,2026-03-05,11,0
9362,treatment,2026-03-03,6,0
9363,control,2026-03-05,10,0
9364,treatment,2026-03-08,12,1
9365,control,2026-03-05,10,0
9366,control,2026-03-09,5,0
9367,treatment,2026-03-12,10,0
9368,control,2026-03-09,12,1
9369,control,2026-03-03,7,0
9370,control,2026-03-09,11,0
9371,treatment,2026-03-07,7,0
9372,control,2026-03-13,4,0
9373,treatment,2026-03-08,11,1
9374,treatment,2026-03-12,10,0
9375,treatment,2026-03-03,6,0
9376,control,2026-03-06,10,1
9377,treatment,2026-03-10,12,0
9378,treatment,2026-03-13,9,0
9379,treatment,2026-03-10,9,0
9380,treatment,2026-03-13,5,1
9381,control,2026-03-04,11,1
9382,control,2026-03-07,8,0
9383,control,2026-03-14,8,0
9384,treatment,2026-03-09,7,0
9385,control,2026-03-06,6,0
9386,treatment,2026-03-13,8,1
9387,treatment,2026-03-12,6,1
9388,control,2026-03-15,4,1
9389,treatment,2026-03-04,10,1
9390,control,2026-03-02,7,0
9391,control,2026-03-10,6,1
9392,control,2026-03-10,9,0
9393,treatment,2026-03-04,7,1
9394,treatment,2026-03-12,10,0
9395,treatment,2026-03-13,9,0
9396,control,2026-03-06,9,0
9397,control,2026-03-04,10,0
9398,treatment,2026-03-04,7,0
9399,treatment,2026-03-09,13,1
9400,treatment,2026-03-06,9,0
9401,treatment,2026-03-09,3,0
9402,control,2026-03-09,7,0
9403,treatment,2026-03-13,8,0
9404,treatment,2026-03-14,9,1
9405,control,2026-03-08,8,0
9406,treatment,2026-03-08,11,0
9407,control,2026-03-11,4,0
9408,treatment,2026-03-05,10,1
9409,control,2026-03-13,8,1
9410,control,2026-03-04,9,1
9411,control,2026-03-13,14,0
9412,control,2026-03-04,12,0
9413,control,2026-03-05,10,0
9414,control,2026-03-12,11,0
9415,control,2026-03-04,10,0
9416,control,2026-03-05,7,0
9417,control,2026-03-15,4,1
9418,control,2026-03-02,7,0
9419,treatment,2026-03-11,8,0
9420,treatment,2026-03-04,10,1
9421,treatment,2026-03-09,6,1
9422,control,2026-03-05,9,0
9423,treatment,2026-03-06,6,0
9424,control,2026-03-03,6,0
9425,treatment,2026-03-05,9,1
9426,control,2026-03-02,4,1
9427,treatment,2026-03-03,8,0
9428,control,2026-03-07,9,1
9429,treatment,2026-03-09,7,0
9430,treatment,2026-03-08,8,1
9431,control,2026-03-14,8,0
9432,treatment,2026-03-11,11,0
9433,control,2026-03-04,8,0
9434,treatment,2026-03-14,6,1
9435,control,2026-03-15,12,0
9436,control,2026-03-15,9,1
9437,treatment,2026-03-07,7,0
9438,treatment,2026-03-07,12,1
9439,control,2026-03-02,8,1
9440,control,2026-03-08,6,1
9441,treatment,2026-03-04,5,1
9442,treatment,2026-03-08,14,0
9443,treatment,2026-03-06,7,0
9444,control,2026-03-10,8,1
9445,control,2026-03-10,9,1
9446,control,2026-03-05,7,0
9447,control,2026-03-13,9,0
9448,control,2026-03-08,7,0
9449,control,2026-03-14,4,0
9450,control,2026-03-03,5,0
9451,treatment,2026-03-09,6,0
9452,control,2026-03-09,7,0
9453,control,2026-03-13,7,1
9454,control,2026-03-15,4,0
9455,treatment,2026-03-15,11,0
9456,control,2026-03-08,8,0
9457,control,2026-03-14,12,0
9458,control,2026-03-10,6,0
9459,treatment,2026-03-10,9,0
9460,control,2026-03-07,9,0
9461,control,2026-03-02,11,0
9462,treatment,2026-03-10,7,1
9463,control,2026-03-10,14,0
9464,control,2026-03-08,9,0
9465,control,2026-03-13,5,0
9466,control,2026-03-06,8,0
9467,treatment,2026-03-04,14,0
9468,treatment,2026-03-12,6,0
9469,treatment,2026-03-10,10,1
9470,treatment,2026-03-10,11,1
9471,control,2026-03-06,2,1
9472,treatment,2026-03-12,13,0
9473,treatment,2026-03-02,7,1
9474,control,2026-03-13,5,1
9475,control,2026-03-13,8,0
9476,treatment,2026-03-05,11,1
9477,control,2026-03-03,6,1
9478,control,2026-03-13,6,1
9479,control,2026-03-02,6,1
9480,treatment,2026-03-07,10,1
9481,control,2026-03-15,8,1
9482,control,2026-03-12,16,0
9483,treatment,2026-03-11,7,0
9484,treatment,2026-03-12,10,0
9485,treatment,2026-03-03,8,0
9486,control,2026-03-03,7,0
9487,treatment,2026-03-12,8,1
9488,treatment,2026-03-11,6,1
9489,control,2026-03-06,5,1
9490,control,2026-03-14,3,1
9491,treatment,2026-03-03,14,1
9492,treatment,2026-03-03,8,0
9493,control,2026-03-11,8,0
9494,treatment,2026-03-13,7,0
9495,treatment,2026-03-05,7,1
9496,control,2026-03-03,9,0
9497,treatment,2026-03-13,10,0
9498,treatment,2026-03-15,11,0
9499,treatment,2026-03-07,10,1
9500,treatment,2026-03-05,14,1
9501,treatment,2026-03-03,9,0
9502,control,2026-03-15,8,0
9503,treatment,2026-03-12,8,0
9504,control,2026-03-07,9,0
9505,control,2026-03-11,10,0
9506,treatment,2026-03-15,10,1
9507,control,2026-03-12,3,0
9508,control,2026-03-15,4,0
9509,treatment,2026-03-11,5,0
9510,treatment,2026-03-07,15,0
9511,treatment,2026-03-11,12,1
9512,treatment,2026-03-13,5,0
9513,treatment,2026-03-03,13,0
9514,treatment,2026-03-02,12,0
9515,control,2026-03-04,7,1
9516,treatment,2026-03-12,8,0
9517,treatment,2026-03-03,9,0
9518,control,2026-03-07,5,1
9519,treatment,2026-03-06,7,0
9520,control,2026-03-02,10,0
9521,control,2026-03-15,12,0
9522,control,2026-03-03,9,0
9523,treatment,2026-03-02,7,0
9524,control,2026-03-12,10,0
9525,treatment,2026-03-02,10,0
9526,control,2026-03-08,10,0
9527,treatment,2026-03-03,9,1
9528,control,2026-03-04,8,0
9529,control,2026-03-07,6,1
9530,treatment,2026-03-10,11,0
9531,control,2026-03-05,8,0
9532,treatment,2026-03-05,6,1
9533,control,2026-03-08,6,0
9534,treatment,2026-03-05,7,0
9535,treatment,2026-03-08,8,1
9536,treatment,2026-03-13,11,1
9537,treatment,2026-03-02,7,0
9538,treatment,2026-03-12,7,1
9539,treatment,2026-03-13,5,1
9540,control,2026-03-15,6,0
9541,control,2026-03-08,5,0
9542,treatment,2026-03-05,9,1
9543,control,2026-03-05,6,0
9544,control,2026-03-04,4,0
9545,treatment,2026-03-07,9,1
9546,treatment,2026-03-04,8,0
9547,control,2026-03-15,6,0
9548,control,2026-03-13,7,1
9549,treatment,2026-03-06,8,0
9550,control,2026-03-08,8,0
9551,treatment,2026-03-10,8,0
9552,treatment,2026-03-11,8,1
9553,treatment,2026-03-08,13,0
9554,control,2026-03-15,6,1
9555,control,2026-03-05,9,1
9556,control,2026-03-14,5,0
9557,control,2026-03-10,10,0
9558,control,2026-03-14,6,1
9559,treatment,2026-03-08,9,1
9560,control,2026-03-05,7,1
9561,treatment,2026-03-12,7,0
9562,control,2026-03-05,13,0
9563,control,2026-03-05,8,0
9564,control,2026-03-03,7,0
9565,control,2026-03-03,5,0
9566,treatment,2026-03-10,5,1
9567,treatment,2026-03-10,5,0
9568,control,2026-03-13,6,1
9569,treatment,2026-03-04,6,0
9570,treatment,2026-03-13,9,1
9571,control,2026-03-03,8,0
9572,control,2026-03-11,6,1
9573,control,2026-03-05,6,1
9574,treatment,2026-03-12,6,0
9575,treatment,2026-03-14,4,1
9576,treatment,2026-03-06,8,0
9577,treatment,2026-03-15,8,1
9578,control,2026-03-04,12,1
9579,control,2026-03-06,5,1
9580,control,2026-03-07,9,0
9581,control,2026-03-12,14,0
9582,treatment,2026-03-11,14,1
9583,control,2026-03-09,7,1
9584,treatment,2026-03-15,9,1
9585,treatment,2026-03-02,5,1
9586,treatment,2026-03-15,8,0
9587,treatment,2026-03-11,6,0
9588,control,2026-03-14,7,0
9589,control,2026-03-15,13,0
9590,control,2026-03-08,9,0
9591,treatment,2026-03-13,8,1
9592,control,2026-03-05,6,0
9593,treatment,2026-03-03,11,0
9594,control,2026-03-02,6,1
9595,treatment,2026-03-09,5,0
9596,control,2026-03-06,10,1
9597,control,2026-03-12,11,0
9598,treatment,2026-03-05,9,0
9599,control,2026-03-07,7,1
9600,treatment,2026-03-09,9,0
9601,control,2026-03-04,1,0
9602,treatment,2026-03-07,8,0
9603,treatment,2026-03-07,12,0
9604,treatment,2026-03-07,7,1
9605,control,2026-03-02,15,0
9606,control,2026-03-09,9,0
9607,treatment,2026-03-02,8,0
9608,treatment,2026-03-03,8,0
9609,control,2026-03-02,9,1
9610,treatment,2026-03-03,6,0
9611,control,2026-03-06,11,0
9612,control,2026-03-13,7,0
9613,control,2026-03-07,12,0
9614,control,2026-03-13,4,1
9615,treatment,2026-03-14,9,0
9616,treatment,2026-03-06,13,1
9617,control,2026-03-02,3,0
9618,control,2026-03-04,5,1
9619,control,2026-03-15,8,1
9620,treatment,2026-03-12,12,0
9621,treatment,2026-03-06,6,1
9622,control,2026-03-04,5,1
9623,treatment,2026-03-15,13,0
9624,control,2026-03-05,13,0
9625,control,2026-03-06,9,0
9626,treatment,2026-03-09,8,1
9627,control,2026-03-12,6,0
9628,treatment,2026-03-05,8,1
9629,treatment,2026-03-03,5,1
9630,control,2026-03-08,8,1
9631,control,2026-03-06,5,0
9632,control,2026-03-15,15,0
9633,treatment,2026-03-11,7,0
9634,treatment,2026-03-12,15,0
9635,control,2026-03-07,6,0
9636,control,2026-03-10,6,1
9637,control,2026-03-04,11,1
9638,control,2026-03-13,10,1
9639,treatment,2026-03-06,11,0
9640,control,2026-03-08,7,0
9641,treatment,2026-03-06,6,1
9642,control,2026-03-10,4,0
9643,control,2026-03-04,13,1
9644,treatment,2026-03-07,15,0
9645,control,2026-03-15,5,0
9646,treatment,2026-03-02,8,1
9647,control,2026-03-07,13,1
9648,control,2026-03-14,11,0
9649,control,2026-03-05,15,1
9650,control,2026-03-15,9,0
9651,treatment,2026-03-05,10,0
9652,control,2026-03-10,7,0
9653,treatment,2026-03-12,5,1
9654,control,2026-03-02,10,0
9655,treatment,2026-03-14,14,0
9656,treatment,2026-03-13,9,0
9657,control,2026-03-15,11,1
9658,treatment,2026-03-08,6,0
9659,control,2026-03-13,10,1
9660,control,2026-03-11,8,0
9661,control,2026-03-12,10,0
9662,control,2026-03-12,10,0
9663,control,2026-03-04,10,1
9664,control,2026-03-03,8,0
9665,control,2026-03-15,10,0
9666,treatment,2026-03-12,6,0
9667,treatment,2026-03-06,16,0
9668,treatment,2026-03-12,6,1
9669,control,2026-03-15,9,0
9670,control,2026-03-15,14,0
9671,control,2026-03-06,13,1
9672,treatment,2026-03-15,8,0
9673,control,2026-03-05,9,0
9674,control,2026-03-04,9,1
9675,treatment,2026-03-12,7,0
9676,control,2026-03-10,7,0
9677,treatment,2026-03-12,7,1
9678,treatment,2026-03-15,6,1
9679,treatment,2026-03-06,6,0
9680,control,2026-03-02,10,0
9681,treatment,2026-03-04,7,0
9682,control,2026-03-09,3,1
9683,control,2026-03-06,8,0
9684,treatment,2026-03-05,14,0
9685,treatment,2026-03-07,9,0
9686,treatment,2026-03-04,7,0
9687,control,2026-03-11,9,0
9688,treatment,2026-03-04,15,0
9689,control,2026-03-03,8,0
9690,control,2026-03-08,8,0
9691,treatment,2026-03-10,9,1
9692,control,2026-03-07,6,1
9693,treatment,2026-03-11,7,0
9694,control,2026-03-14,7,0
9695,control,2026-03-07,8,0
9696,treatment,2026-03-02,13,0
9697,control,2026-03-07,12,0
9698,control,2026-03-03,5,0
9699,control,2026-03-10,10,1
9700,control,2026-03-14,7,0
9701,control,2026-03-06,10,1
9702,control,2026-03-03,8,0
9703,control,2026-03-15,0,1
9704,control,2026-03-10,9,1
9705,control,2026-03-11,11,1
9706,control,2026-03-05,10,1
9707,control,2026-03-11,7,0
9708,control,2026-03-05,9,1
9709,treatment,2026-03-15,8,1
9710,treatment,2026-03-12,7,1
9711,treatment,2026-03-03,5,0
9712,treatment,2026-03-03,7,0
9713,treatment,2026-03-07,10,0
9714,treatment,2026-03-15,15,1
9715,treatment,2026-03-07,11,0
9716,control,2026-03-08,6,1
9717,control,2026-03-13,12,1
9718,treatment,2026-03-02,14,0
9719,control,2026-03-09,6,0
9720,control,2026-03-06,4,0
9721,treatment,2026-03-03,8,0
9722,control,2026-03-08,5,0
9723,treatment,2026-03-09,8,0
9724,control,2026-03-03,7,1
9725,control,2026-03-13,9,0
9726,control,2026-03-15,5,0
9727,control,2026-03-09,12,1
9728,treatment,2026-03-14,4,1
9729,control,2026-03-06,7,0
9730,control,2026-03-02,8,0
9731,treatment,2026-03-09,5,0
9732,treatment,2026-03-04,10,0
9733,control,2026-03-09,6,0
9734,treatment,2026-03-12,5,0
9735,control,2026-03-07,11,0
9736,control,2026-03-09,9,0
9737,control,2026-03-07,9,1
9738,control,2026-03-07,8,1
9739,treatment,2026-03-13,10,0
9740,control,2026-03-12,13,0
9741,control,2026-03-12,7,0
9742,treatment,2026-03-10,7,0
9743,treatment,2026-03-11,9,0
9744,control,2026-03-07,7,0
9745,control,2026-03-04,13,0
9746,treatment,2026-03-06,8,0
9747,treatment,2026-03-14,9,0
9748,treatment,2026-03-02,8,0
9749,treatment,2026-03-09,9,0
9750,control,2026-03-14,9,0
9751,control,2026-03-11,13,0
9752,treatment,2026-03-15,6,0
9753,treatment,2026-03-14,12,1
9754,treatment,2026-03-13,6,1
9755,control,2026-03-08,12,1
9756,control,2026-03-06,7,1
9757,treatment,2026-03-05,17,0
9758,treatment,2026-03-06,10,1
9759,control,2026-03-10,4,0
9760,control,2026-03-03,8,0
9761,treatment,2026-03-02,7,0
9762,control,2026-03-15,7,0
9763,control,2026-03-13,12,0
9764,control,2026-03-07,9,0
9765,control,2026-03-14,4,1
9766,control,2026-03-09,1,1
9767,treatment,2026-03-12,11,1
9768,treatment,2026-03-09,11,1
9769,control,2026-03-05,8,1
9770,treatment,2026-03-07,7,0
9771,control,2026-03-09,7,1
9772,control,2026-03-13,7,1
9773,control,2026-03-13,4,1
9774,control,2026-03-04,8,1
9775,control,2026-03-11,5,0
9776,control,2026-03-03,7,1
9777,control,2026-03-03,6,1
9778,control,2026-03-08,5,0
9779,control,2026-03-09,3,0
9780,control,2026-03-11,9,0
9781,treatment,2026-03-12,7,0
9782,treatment,2026-03-02,11,1
9783,control,2026-03-13,14,1
9784,treatment,2026-03-03,13,0
9785,treatment,2026-03-10,11,0
9786,control,2026-03-03,8,1
9787,control,2026-03-08,7,0
9788,control,2026-03-14,6,0
9789,treatment,2026-03-08,6,1
9790,control,2026-03-03,8,1
9791,treatment,2026-03-12,12,1
9792,treatment,2026-03-08,6,1
9793,treatment,2026-03-08,5,0
9794,treatment,2026-03-08,9,0
9795,treatment,2026-03-05,12,1
9796,treatment,2026-03-14,12,1
9797,treatment,2026-03-05,3,1
9798,control,2026-03-05,8,1
9799,control,2026-03-15,10,0
9800,treatment,2026-03-12,11,1
9801,control,2026-03-14,10,0
9802,treatment,2026-03-05,10,1
9803,treatment,2026-03-10,5,0
9804,treatment,2026-03-10,10,0
9805,control,2026-03-12,5,1
9806,treatment,2026-03-13,7,0
9807,treatment,2026-03-12,11,0
9808,control,2026-03-08,7,1
9809,treatment,2026-03-04,7,1
9810,control,2026-03-07,6,0
9811,treatment,2026-03-09,11,0
9812,treatment,2026-03-07,7,0
9813,treatment,2026-03-10,8,0
9814,treatment,2026-03-15,9,0
9815,control,2026-03-03,9,0
9816,control,2026-03-14,7,0
9817,control,2026-03-03,3,0
9818,control,2026-03-08,5,1
9819,treatment,2026-03-10,6,0
9820,treatment,2026-03-04,5,0
9821,treatment,2026-03-06,13,0
9822,treatment,2026-03-12,7,0
9823,treatment,2026-03-14,6,0
9824,treatment,2026-03-09,12,0
9825,treatment,2026-03-15,10,0
9826,treatment,2026-03-09,10,0
9827,treatment,2026-03-02,8,0
9828,treatment,2026-03-04,13,0
9829,treatment,2026-03-02,7,1
9830,control,2026-03-15,5,1
9831,control,2026-03-12,5,0
9832,control,2026-03-11,8,1
9833,control,2026-03-11,8,0
9834,treatment,2026-03-10,10,1
9835,control,2026-03-02,6,1
9836,control,2026-03-12,8,0
9837,treatment,2026-03-13,8,1
9838,treatment,2026-03-06,11,1
9839,treatment,2026-03-04,8,0
9840,control,2026-03-12,7,1
9841,control,2026-03-09,10,0
9842,treatment,2026-03-12,8,0
9843,treatment,2026-03-11,9,1
9844,treatment,2026-03-15,14,1
9845,control,2026-03-08,8,0
9846,treatment,2026-03-10,8,0
9847,control,2026-03-09,10,0
9848,treatment,2026-03-10,9,1
9849,control,2026-03-09,11,0
9850,treatment,2026-03-08,7,0
9851,control,2026-03-02,3,0
9852,control,2026-03-06,7,0
9853,control,2026-03-09,8,0
9854,control,2026-03-10,6,1
9855,treatment,2026-03-07,8,0
9856,treatment,2026-03-07,8,0
9857,treatment,2026-03-12,9,0
9858,treatment,2026-03-11,6,0
9859,treatment,2026-03-15,7,1
9860,treatment,2026-03-13,14,1
9861,control,2026-03-07,5,0
9862,control,2026-03-02,5,0
9863,control,2026-03-10,6,0
9864,treatment,2026-03-04,10,0
9865,treatment,2026-03-02,8,0
9866,control,2026-03-07,11,1
9867,control,2026-03-09,14,0
9868,treatment,2026-03-09,4,0
9869,treatment,2026-03-09,9,1
9870,control,2026-03-15,9,1
9871,treatment,2026-03-14,11,0
9872,control,2026-03-12,9,1
9873,control,2026-03-09,7,0
9874,control,2026-03-04,7,0
9875,control,2026-03-14,12,1
9876,treatment,2026-03-04,15,0
9877,control,2026-03-04,12,0
9878,control,2026-03-13,6,0
9879,treatment,2026-03-02,4,0
9880,treatment,2026-03-11,4,1
9881,treatment,2026-03-05,13,1
9882,treatment,2026-03-09,11,0
9883,treatment,2026-03-04,9,0
9884,treatment,2026-03-03,10,0
9885,control,2026-03-15,13,0
9886,control,2026-03-12,13,0
9887,treatment,2026-03-13,4,1
9888,control,2026-03-09,10,1
9889,treatment,2026-03-11,11,0
9890,treatment,2026-03-11,5,0
9891,treatment,2026-03-14,10,1
9892,treatment,2026-03-02,7,0
9893,control,2026-03-14,4,1
9894,treatment,2026-03-07,7,1
9895,treatment,2026-03-05,11,0
9896,control,2026-03-06,12,1
9897,control,2026-03-02,6,0
9898,treatment,2026-03-09,14,0
9899,treatment,2026-03-09,15,0
9900,control,2026-03-02,9,1
9901,control,2026-03-06,9,1
9902,control,2026-03-13,11,1
9903,treatment,2026-03-07,6,1
9904,control,2026-03-07,7,1
9905,control,2026-03-12,9,1
9906,control,2026-03-15,5,0
9907,treatment,2026-03-08,14,1
9908,control,2026-03-13,5,0
9909,control,2026-03-03,0,0
9910,treatment,2026-03-12,14,1
9911,treatment,2026-03-06,9,0
9912,control,2026-03-06,6,1
9913,treatment,2026-03-13,5,0
9914,control,2026-03-15,6,0
9915,treatment,2026-03-09,5,1
9916,treatment,2026-03-05,11,0
9917,treatment,2026-03-05,7,1
9918,control,2026-03-02,5,0
9919,control,2026-03-10,13,1
9920,control,2026-03-02,13,0
9921,treatment,2026-03-15,13,0
9922,control,2026-03-06,7,0
9923,control,2026-03-07,5,1
9924,control,2026-03-13,9,0
9925,control,2026-03-13,9,0
9926,control,2026-03-03,11,0
9927,control,2026-03-09,12,1
9928,control,2026-03-07,13,0
9929,control,2026-03-10,6,0
9930,treatment,2026-03-03,8,0
9931,control,2026-03-12,7,0
9932,treatment,2026-03-08,6,1
9933,control,2026-03-05,7,0
9934,control,2026-03-06,12,0
9935,control,2026-03-05,9,0
9936,treatment,2026-03-14,10,1
9937,control,2026-03-12,6,1
9938,treatment,2026-03-09,10,0
9939,control,2026-03-11,10,0
9940,treatment,2026-03-13,6,0
9941,treatment,2026-03-06,11,0
9942,control,2026-03-07,8,1
9943,treatment,2026-03-07,9,1
9944,treatment,2026-03-06,7,0
9945,control,2026-03-07,9,1
9946,treatment,2026-03-07,9,0
9947,treatment,2026-03-09,12,0
9948,control,2026-03-09,9,0
9949,treatment,2026-03-07,8,1
9950,treatment,2026-03-14,12,1
9951,treatment,2026-03-08,10,1
9952,treatment,2026-03-14,11,1
9953,control,2026-03-07,5,0
9954,treatment,2026-03-03,7,1
9955,control,2026-03-12,6,0
9956,treatment,2026-03-05,15,0
9957,treatment,2026-03-13,9,0
9958,treatment,2026-03-14,7,0
9959,control,2026-03-07,11,1
9960,control,2026-03-06,8,0
9961,control,2026-03-13,4,1
9962,control,2026-03-04,6,0
9963,control,2026-03-09,6,1
9964,control,2026-03-12,7,0
9965,control,2026-03-14,4,1
9966,treatment,2026-03-07,6,1
9967,treatment,2026-03-07,8,1
9968,treatment,2026-03-15,5,0
9969,control,2026-03-08,11,1
9970,treatment,2026-03-14,4,0
9971,treatment,2026-03-10,6,0
9972,treatment,2026-03-13,11,0
9973,treatment,2026-03-02,4,1
9974,control,2026-03-13,7,1
9975,control,2026-03-12,6,1
9976,control,2026-03-11,6,0
9977,control,2026-03-13,13,0
9978,treatment,2026-03-10,10,0
9979,treatment,2026-03-14,4,0
9980,control,2026-03-12,9,1
9981,treatment,2026-03-12,11,0
9982,treatment,2026-03-11,8,0
9983,control,2026-03-02,9,1
9984,control,2026-03-15,13,0
9985,control,2026-03-05,7,0
9986,treatment,2026-03-08,5,0
9987,control,2026-03-11,7,1
9988,control,2026-03-04,7,0
9989,treatment,2026-03-13,14,0
9990,treatment,2026-03-03,4,1
9991,control,2026-03-06,10,1
9992,control,2026-03-02,10,1
9993,control,2026-03-13,9,0
9994,control,2026-03-09,7,0
9995,treatment,2026-03-03,7,0
9996,treatment,2026-03-07,7,0
9997,treatment,2026-03-09,11,1
9998,control,2026-03-10,7,1
9999,control,2026-03-15,14,0
10000,control,2026-03-02,7,1
10001,control,2026-03-07,6,1
10002,treatment,2026-03-02,6,0
10003,treatment,2026-03-15,6,0
10004,control,2026-03-09,8,0
10005,control,2026-03-12,11,1
10006,treatment,2026-03-05,9,0
10007,control,2026-03-12,5,1
10008,control,2026-03-03,11,1
10009,treatment,2026-03-09,7,0
10010,control,2026-03-13,6,1
10011,control,2026-03-14,3,1
10012,control,2026-03-13,14,0
10013,treatment,2026-03-07,10,1
10014,treatment,2026-03-13,5,0
10015,control,2026-03-10,11,0
10016,treatment,2026-03-05,9,1
10017,treatment,2026-03-09,7,0
10018,control,2026-03-08,7,1
10019,treatment,2026-03-06,8,0
10020,treatment,2026-03-15,12,1
10021,treatment,2026-03-05,9,0
10022,control,2026-03-13,10,1
10023,treatment,2026-03-09,9,1
10024,treatment,2026-03-15,6,0
10025,treatment,2026-03-13,9,0
10026,control,2026-03-06,13,0
10027,control,2026-03-02,3,0
10028,control,2026-03-11,11,0
10029,control,2026-03-15,5,0
10030,control,2026-03-15,5,0
10031,treatment,2026-03-04,9,0
10032,control,2026-03-08,4,0
10033,treatment,2026-03-13,14,0
10034,treatment,2026-03-15,10,1
10035,control,2026-03-06,9,0
10036,treatment,2026-03-12,9,0
10037,control,2026-03-06,8,0
10038,control,2026-03-12,9,0
10039,control,2026-03-13,6,0
10040,control,2026-03-08,5,0
10041,control,2026-03-03,8,1
10042,treatment,2026-03-13,10,1
10043,treatment,2026-03-12,8,0
10044,treatment,2026-03-05,11,0
10045,treatment,2026-03-07,4,1
10046,treatment,2026-03-06,8,0
10047,control,2026-03-05,6,0
10048,control,2026-03-15,6,0
10049,treatment,2026-03-06,9,1
10050,treatment,2026-03-12,9,0
10051,control,2026-03-07,6,1
10052,treatment,2026-03-07,12,0
10053,control,2026-03-15,10,1
10054,treatment,2026-03-13,13,0
10055,treatment,2026-03-12,9,0
10056,control,2026-03-07,8,0
10057,control,2026-03-11,11,0
10058,control,2026-03-14,11,1
10059,control,2026-03-06,11,0
10060,control,2026-03-07,7,0
10061,control,2026-03-09,11,1
10062,treatment,2026-03-11,14,0
10063,control,2026-03-12,6,1
10064,treatment,2026-03-04,9,0
10065,treatment,2026-03-06,8,1
10066,treatment,2026-03-04,10,1
10067,control,2026-03-10,9,0
10068,treatment,2026-03-05,4,0
10069,control,2026-03-08,12,1
10070,treatment,2026-03-07,8,1
10071,treatment,2026-03-05,9,0
10072,treatment,2026-03-05,10,1
10073,treatment,2026-03-07,6,0
10074,control,2026-03-07,13,0
10075,treatment,2026-03-11,7,0
10076,control,2026-03-15,10,1
10077,treatment,2026-03-05,6,0
10078,control,2026-03-10,10,0
10079,treatment,2026-03-07,14,0
10080,treatment,2026-03-14,6,0
10081,treatment,2026-03-05,6,1
10082,control,2026-03-03,5,1
10083,treatment,2026-03-05,6,0
10084,control,2026-03-05,10,0
10085,control,2026-03-04,9,0
10086,treatment,2026-03-05,10,0
10087,treatment,2026-03-02,8,1
10088,control,2026-03-15,14,0
10089,treatment,2026-03-05,6,0
10090,control,2026-03-11,7,0
10091,treatment,2026-03-12,7,0
10092,treatment,2026-03-08,10,0
10093,treatment,2026-03-15,7,0
10094,control,2026-03-03,6,1
10095,control,2026-03-03,10,0
10096,control,2026-03-13,15,0
10097,control,2026-03-10,12,1
10098,control,2026-03-09,6,0
10099,treatment,2026-03-03,14,1
10100,treatment,2026-03-04,9,1
10101,treatment,2026-03-15,9,0
10102,control,2026-03-13,9,0
10103,control,2026-03-15,5,0
10104,treatment,2026-03-11,18,1
10105,treatment,2026-03-13,11,1
10106,control,2026-03-09,7,0
10107,treatment,2026-03-09,16,1
10108,control,2026-03-07,6,1
10109,control,2026-03-15,6,0
10110,control,2026-03-02,9,0
10111,control,2026-03-09,4,0
10112,control,2026-03-11,6,1
10113,control,2026-03-07,11,0
10114,control,2026-03-02,6,1
10115,control,2026-03-09,10,1
10116,treatment,2026-03-06,9,1
10117,control,2026-03-15,9,0
10118,treatment,2026-03-12,11,0
10119,treatment,2026-03-04,10,1
10120,treatment,2026-03-09,5,1
10121,treatment,2026-03-04,11,0
10122,control,2026-03-05,2,1
10123,control,2026-03-13,9,0
10124,control,2026-03-12,7,0
10125,treatment,2026-03-06,11,0
10126,control,2026-03-09,5,1
10127,treatment,2026-03-06,7,0
10128,treatment,2026-03-04,3,0
10129,control,2026-03-15,4,0
10130,control,2026-03-08,8,1
10131,control,2026-03-15,9,1
10132,treatment,2026-03-09,15,0
10133,control,2026-03-04,9,1
10134,control,2026-03-11,8,0
10135,treatment,2026-03-07,7,1
10136,control,2026-03-05,9,0
10137,control,2026-03-14,6,1
10138,control,2026-03-03,3,0
10139,treatment,2026-03-06,4,0
10140,control,2026-03-06,10,1
10141,control,2026-03-15,8,1
10142,control,2026-03-02,9,0
10143,control,2026-03-04,10,0
10144,control,2026-03-12,8,1
10145,treatment,2026-03-02,7,1
10146,treatment,2026-03-04,11,1
10147,treatment,2026-03-06,11,0
10148,treatment,2026-03-05,11,0
10149,control,2026-03-06,8,0
10150,control,2026-03-10,4,0
10151,treatment,2026-03-07,10,0
10152,control,2026-03-15,6,1
10153,control,2026-03-03,7,1
10154,treatment,2026-03-03,9,0
10155,treatment,2026-03-12,8,0
10156,treatment,2026-03-02,7,0
10157,treatment,2026-03-07,8,1
10158,control,2026-03-06,5,0
10159,control,2026-03-05,7,0
10160,treatment,2026-03-10,11,0
10161,treatment,2026-03-13,14,0
10162,control,2026-03-11,9,0
10163,control,2026-03-07,7,0
10164,treatment,2026-03-03,14,1
10165,treatment,2026-03-06,8,0
10166,control,2026-03-15,4,0
10167,control,2026-03-11,8,0
10168,treatment,2026-03-07,8,1
10169,control,2026-03-05,10,1
10170,treatment,2026-03-07,6,0
10171,control,2026-03-08,5,1
10172,control,2026-03-10,11,0
10173,control,2026-03-05,8,0
10174,treatment,2026-03-02,10,0
10175,treatment,2026-03-05,13,0
10176,treatment,2026-03-02,10,1
10177,control,2026-03-08,6,0
10178,treatment,2026-03-15,11,1
10179,control,2026-03-12,10,1
10180,control,2026-03-09,10,0
10181,treatment,2026-03-14,11,0
10182,control,2026-03-04,6,0
10183,treatment,2026-03-08,6,1
10184,control,2026-03-05,7,1
10185,treatment,2026-03-13,9,1
10186,treatment,2026-03-14,10,0
10187,treatment,2026-03-06,4,1
10188,control,2026-03-13,5,1
10189,treatment,2026-03-07,5,0
10190,treatment,2026-03-04,9,0
10191,treatment,2026-03-02,8,0
10192,control,2026-03-10,8,0
10193,treatment,2026-03-11,13,1
10194,treatment,2026-03-11,5,1
10195,treatment,2026-03-11,10,0
10196,control,2026-03-13,6,1
10197,control,2026-03-15,14,0
10198,control,2026-03-13,9,0
10199,control,2026-03-04,12,1
10200,treatment,2026-03-05,8,0
10201,control,2026-03-12,11,1
10202,treatment,2026-03-10,11,0
10203,control,2026-03-15,9,1
10204,control,2026-03-12,5,0
10205,control,2026-03-12,10,0
10206,treatment,2026-03-09,6,0
10207,treatment,2026-03-12,3,0
10208,treatment,2026-03-05,10,0
10209,treatment,2026-03-10,9,1
10210,control,2026-03-03,6,1
10211,control,2026-03-05,9,0
10212,treatment,2026-03-14,6,1
10213,control,2026-03-13,4,0
10214,control,2026-03-02,9,1
10215,treatment,2026-03-10,9,0
10216,treatment,2026-03-06,10,1
10217,treatment,2026-03-06,7,0
10218,treatment,2026-03-14,4,0
10219,control,2026-03-13,7,0
10220,control,2026-03-08,7,1
10221,control,2026-03-12,11,0
10222,control,2026-03-14,7,1
10223,control,2026-03-15,8,0
10224,control,2026-03-08,7,0
10225,control,2026-03-04,15,0
10226,control,2026-03-03,11,1
10227,control,2026-03-02,10,0
10228,treatment,2026-03-14,4,0
10229,treatment,2026-03-06,10,1
10230,control,2026-03-02,4,0
10231,treatment,2026-03-12,8,1
10232,treatment,2026-03-05,9,0
10233,control,2026-03-14,7,1
10234,treatment,2026-03-13,8,0
10235,treatment,2026-03-10,3,1
10236,treatment,2026-03-06,12,0
10237,control,2026-03-04,12,1
10238,control,2026-03-14,7,0
10239,treatment,2026-03-13,5,0
10240,control,2026-03-14,7,0
10241,control,2026-03-11,10,1
10242,treatment,2026-03-15,12,1
10243,control,2026-03-02,9,1
10244,control,2026-03-07,5,1
10245,control,2026-03-02,10,0
10246,control,2026-03-07,12,0
10247,treatment,2026-03-09,16,0
10248,control,2026-03-06,7,1
10249,control,2026-03-11,6,0
10250,control,2026-03-12,11,0
10251,treatment,2026-03-15,13,0
10252,control,2026-03-12,12,1
10253,treatment,2026-03-04,13,1
10254,control,2026-03-06,7,0
10255,treatment,2026-03-05,6,1
10256,treatment,2026-03-02,9,1
10257,control,2026-03-13,7,1
10258,treatment,2026-03-14,15,0
10259,treatment,2026-03-10,8,0
10260,control,2026-03-13,5,0
10261,treatment,2026-03-14,11,0
10262,control,2026-03-15,12,1
10263,treatment,2026-03-02,7,1
10264,control,2026-03-13,9,1
10265,control,2026-03-03,8,1
10266,control,2026-03-13,10,0
10267,treatment,2026-03-14,14,0
10268,control,2026-03-09,5,1
10269,treatment,2026-03-11,8,0
10270,control,2026-03-07,9,1
10271,treatment,2026-03-05,10,0
10272,treatment,2026-03-04,11,0
10273,treatment,2026-03-07,6,1
10274,treatment,2026-03-11,10,0
10275,control,2026-03-12,3,0
10276,treatment,2026-03-12,11,0
10277,control,2026-03-02,7,1
10278,treatment,2026-03-15,11,1
10279,treatment,2026-03-15,7,1
10280,control,2026-03-15,7,1
10281,control,2026-03-10,7,1
10282,treatment,2026-03-03,5,1
10283,control,2026-03-15,10,0
10284,control,2026-03-04,6,0
10285,control,2026-03-12,9,1
10286,control,2026-03-13,8,1
10287,control,2026-03-11,8,1
10288,treatment,2026-03-10,9,0
10289,treatment,2026-03-13,11,1
10290,treatment,2026-03-07,7,0
10291,control,2026-03-03,3,0
10292,control,2026-03-09,8,0
10293,treatment,2026-03-15,8,0
10294,treatment,2026-03-05,9,0
10295,control,2026-03-11,6,1
10296,control,2026-03-12,7,1
10297,treatment,2026-03-10,5,1
10298,control,2026-03-12,10,1
10299,treatment,2026-03-09,4,0
10300,control,2026-03-12,8,1
10301,treatment,2026-03-02,11,1
10302,control,2026-03-11,9,1
10303,control,2026-03-04,7,0
10304,control,2026-03-15,3,0
10305,control,2026-03-07,11,0
10306,treatment,2026-03-08,12,1
10307,treatment,2026-03-06,11,1
10308,control,2026-03-10,4,1
10309,treatment,2026-03-03,9,0
10310,control,2026-03-04,6,1
10311,control,2026-03-04,9,1
10312,control,2026-03-04,7,0
10313,control,2026-03-08,10,1
10314,control,2026-03-12,9,0
10315,treatment,2026-03-13,12,0
10316,control,2026-03-12,5,1
10317,control,2026-03-02,6,0
10318,control,2026-03-04,10,0
10319,treatment,2026-03-13,5,0
10320,treatment,2026-03-12,5,0
10321,treatment,2026-03-13,7,0
10322,control,2026-03-11,5,0
10323,control,2026-03-09,8,0
10324,treatment,2026-03-12,6,1
10325,control,2026-03-14,6,0
10326,treatment,2026-03-07,11,1
10327,treatment,2026-03-05,10,1
10328,treatment,2026-03-14,9,1
10329,control,2026-03-10,2,0
10330,treatment,2026-03-12,10,1
10331,control,2026-03-12,7,0
10332,control,2026-03-11,5,1
10333,treatment,2026-03-10,8,0
10334,treatment,2026-03-08,5,1
10335,treatment,2026-03-12,10,1
10336,control,2026-03-13,12,1
10337,treatment,2026-03-02,11,0
10338,control,2026-03-12,8,0
10339,control,2026-03-04,10,0
10340,control,2026-03-05,11,0
10341,control,2026-03-13,7,0
10342,treatment,2026-03-08,8,0
10343,treatment,2026-03-02,10,0
10344,treatment,2026-03-09,14,0
10345,treatment,2026-03-13,11,1
10346,treatment,2026-03-04,10,1
10347,control,2026-03-06,6,1
10348,treatment,2026-03-03,15,0
10349,treatment,2026-03-06,7,1
10350,treatment,2026-03-13,9,0
10351,treatment,2026-03-05,8,0
10352,treatment,2026-03-07,18,0
10353,control,2026-03-11,3,0
10354,treatment,2026-03-06,6,0
10355,control,2026-03-13,6,0
10356,control,2026-03-08,10,0
10357,treatment,2026-03-06,7,1
10358,treatment,2026-03-05,10,1
10359,treatment,2026-03-09,8,1
10360,treatment,2026-03-12,13,0
10361,control,2026-03-05,6,1
10362,treatment,2026-03-09,10,1
10363,control,2026-03-12,6,0
10364,control,2026-03-03,13,0
10365,control,2026-03-10,4,1
10366,control,2026-03-03,2,0
10367,control,2026-03-12,8,0
10368,treatment,2026-03-11,13,1
10369,treatment,2026-03-02,6,0
10370,control,2026-03-07,10,0
10371,control,2026-03-06,6,1
10372,control,2026-03-06,8,0
10373,treatment,2026-03-08,6,0
10374,treatment,2026-03-05,9,1
10375,treatment,2026-03-08,15,0
10376,control,2026-03-08,9,0
10377,treatment,2026-03-06,11,1
10378,treatment,2026-03-06,8,0
10379,control,2026-03-07,5,0
10380,control,2026-03-11,6,1
10381,control,2026-03-07,5,0
10382,treatment,2026-03-05,8,0
10383,control,2026-03-15,6,0
10384,treatment,2026-03-08,9,0
10385,treatment,2026-03-14,7,1
10386,control,2026-03-11,7,0
10387,control,2026-03-13,8,0
10388,control,2026-03-02,10,0
10389,treatment,2026-03-10,7,0
10390,control,2026-03-02,8,0
10391,treatment,2026-03-15,9,0
10392,control,2026-03-13,9,0
10393,control,2026-03-15,9,0
10394,treatment,2026-03-06,6,0
10395,control,2026-03-02,5,0
10396,treatment,2026-03-02,7,1
10397,control,2026-03-15,11,1
10398,treatment,2026-03-04,7,0
10399,treatment,2026-03-12,15,0
10400,control,2026-03-11,8,0
10401,treatment,2026-03-11,11,0
10402,treatment,2026-03-15,16,0
10403,control,2026-03-05,6,1
10404,treatment,2026-03-10,7,0
10405,control,2026-03-14,5,0
10406,control,2026-03-02,11,0
10407,control,2026-03-07,7,0
10408,treatment,2026-03-08,5,0
10409,treatment,2026-03-03,10,0
10410,control,2026-03-09,14,1
10411,control,2026-03-14,14,0
10412,treatment,2026-03-10,4,0
10413,control,2026-03-11,8,0
10414,treatment,2026-03-09,3,0
10415,treatment,2026-03-12,8,1
10416,treatment,2026-03-07,10,0
10417,control,2026-03-09,7,1
10418,control,2026-03-11,12,0
10419,treatment,2026-03-13,5,0
10420,treatment,2026-03-07,11,1
10421,control,2026-03-03,11,0
10422,control,2026-03-06,6,1
10423,control,2026-03-14,7,0
10424,control,2026-03-06,8,1
10425,control,2026-03-13,5,0
10426,treatment,2026-03-02,5,0
10427,treatment,2026-03-03,6,1
10428,control,2026-03-03,8,0
10429,treatment,2026-03-06,9,1
10430,treatment,2026-03-05,7,1
10431,control,2026-03-09,5,0
10432,treatment,2026-03-08,9,0
10433,control,2026-03-13,5,1
10434,treatment,2026-03-11,2,0
10435,treatment,2026-03-09,8,0
10436,control,2026-03-13,3,0
10437,treatment,2026-03-11,11,0
10438,control,2026-03-05,6,0
10439,treatment,2026-03-03,7,0
10440,treatment,2026-03-07,13,0
10441,control,2026-03-08,7,1
10442,treatment,2026-03-12,7,0
10443,treatment,2026-03-04,6,0
10444,treatment,2026-03-14,6,0
10445,control,2026-03-07,7,0
10446,control,2026-03-07,5,0
10447,control,2026-03-12,8,0
10448,treatment,2026-03-09,6,0
10449,treatment,2026-03-07,14,1
10450,control,2026-03-02,6,1
10451,control,2026-03-06,6,1
10452,control,2026-03-14,10,0
10453,control,2026-03-08,8,1
10454,control,2026-03-02,9,1
10455,treatment,2026-03-08,4,0
10456,treatment,2026-03-15,8,0
10457,control,2026-03-15,6,0
10458,control,2026-03-11,5,1
10459,control,2026-03-12,6,0
10460,treatment,2026-03-08,12,0
10461,treatment,2026-03-09,6,0
10462,treatment,2026-03-04,11,0
10463,treatment,2026-03-12,8,1
10464,treatment,2026-03-06,8,0
10465,control,2026-03-05,14,0
10466,control,2026-03-03,12,1
10467,treatment,2026-03-09,15,1
10468,control,2026-03-12,7,1
10469,treatment,2026-03-15,12,1
10470,control,2026-03-13,6,1
10471,control,2026-03-06,9,1
10472,treatment,2026-03-11,11,0
10473,treatment,2026-03-10,5,0
10474,control,2026-03-04,8,1
10475,control,2026-03-08,13,1
10476,treatment,2026-03-15,10,0
10477,control,2026-03-05,5,0
10478,treatment,2026-03-03,8,1
10479,control,2026-03-06,12,0
10480,control,2026-03-09,5,1
10481,treatment,2026-03-14,7,1
10482,treatment,2026-03-11,9,1
10483,control,2026-03-09,10,1
10484,treatment,2026-03-15,18,0
10485,control,2026-03-14,11,0
10486,treatment,2026-03-04,6,1
10487,control,2026-03-10,10,0
10488,treatment,2026-03-06,7,0
10489,control,2026-03-06,11,1
10490,control,2026-03-04,10,1
10491,control,2026-03-02,11,0
10492,control,2026-03-12,8,0
10493,treatment,2026-03-02,3,0
10494,control,2026-03-04,12,1
10495,treatment,2026-03-02,11,0
10496,treatment,2026-03-09,12,0
10497,treatment,2026-03-05,4,0
10498,treatment,2026-03-10,8,0
10499,control,2026-03-08,6,1
10500,control,2026-03-15,9,0
10501,control,2026-03-04,11,1
10502,control,2026-03-08,8,0
10503,control,2026-03-13,7,0
10504,treatment,2026-03-14,8,0
10505,treatment,2026-03-07,2,0
10506,treatment,2026-03-13,10,0
10507,control,2026-03-06,9,1
10508,treatment,2026-03-09,7,0
10509,control,2026-03-04,4,0
10510,control,2026-03-11,9,0
10511,treatment,2026-03-03,15,0
10512,control,2026-03-07,2,0
10513,treatment,2026-03-05,9,0
10514,control,2026-03-07,12,0
10515,control,2026-03-14,5,1
10516,control,2026-03-02,13,1
10517,treatment,2026-03-06,9,0
10518,control,2026-03-02,8,0
10519,treatment,2026-03-12,3,1
10520,control,2026-03-09,6,0
10521,control,2026-03-12,9,1
10522,control,2026-03-14,7,1
10523,control,2026-03-10,6,0
10524,treatment,2026-03-06,14,0
10525,treatment,2026-03-10,10,1
10526,treatment,2026-03-15,7,1
10527,control,2026-03-05,5,1
10528,treatment,2026-03-13,9,1
10529,control,2026-03-07,6,0
10530,control,2026-03-07,9,0
10531,treatment,2026-03-15,6,0
10532,treatment,2026-03-07,7,0
10533,control,2026-03-06,5,1
10534,control,2026-03-08,10,1
10535,control,2026-03-13,18,1
10536,control,2026-03-13,5,0
10537,control,2026-03-13,8,0
10538,treatment,2026-03-13,5,1
10539,control,2026-03-04,11,0
10540,control,2026-03-14,7,0
10541,treatment,2026-03-10,8,1
10542,treatment,2026-03-05,6,0
10543,treatment,2026-03-06,10,0
10544,treatment,2026-03-04,11,0
10545,control,2026-03-15,12,1
10546,treatment,2026-03-13,9,0
10547,control,2026-03-10,12,0
10548,treatment,2026-03-08,6,1
10549,control,2026-03-12,6,0
10550,control,2026-03-05,12,0
10551,treatment,2026-03-14,4,0
10552,treatment,2026-03-03,10,1
10553,control,2026-03-14,7,1
10554,treatment,2026-03-04,7,0
10555,treatment,2026-03-15,5,1
10556,treatment,2026-03-06,8,1
10557,treatment,2026-03-11,6,0
10558,treatment,2026-03-07,7,0
10559,treatment,2026-03-11,7,0
10560,treatment,2026-03-08,9,1
10561,control,2026-03-08,5,0
10562,treatment,2026-03-11,5,1
10563,treatment,2026-03-03,10,1
10564,control,2026-03-10,3,1
10565,treatment,2026-03-14,7,0
10566,control,2026-03-12,10,1
10567,control,2026-03-05,11,0
10568,control,2026-03-13,5,0
10569,treatment,2026-03-06,11,0
10570,control,2026-03-14,4,0
10571,treatment,2026-03-12,11,0
10572,control,2026-03-11,10,1
10573,treatment,2026-03-15,12,0
10574,control,2026-03-12,6,1
10575,control,2026-03-07,11,1
10576,control,2026-03-03,11,1
10577,control,2026-03-02,11,0
10578,control,2026-03-10,8,1
10579,treatment,2026-03-11,9,1
10580,treatment,2026-03-12,5,0
10581,treatment,2026-03-07,11,0
10582,treatment,2026-03-09,4,0
10583,control,2026-03-02,18,1
10584,treatment,2026-03-14,10,0
10585,control,2026-03-04,7,1
10586,control,2026-03-07,7,1
10587,treatment,2026-03-14,7,1
10588,treatment,2026-03-02,8,0
10589,treatment,2026-03-02,10,1
10590,control,2026-03-05,10,0
10591,control,2026-03-09,6,1
10592,control,2026-03-06,12,0
10593,control,2026-03-05,17,0
10594,treatment,2026-03-05,5,0
10595,treatment,2026-03-10,8,0
10596,control,2026-03-07,12,0
10597,control,2026-03-14,10,0
10598,treatment,2026-03-08,8,0
10599,control,2026-03-09,10,0
10600,treatment,2026-03-05,10,0
10601,treatment,2026-03-12,7,0
10602,treatment,2026-03-11,8,0
10603,control,2026-03-05,7,0
10604,treatment,2026-03-02,15,0
10605,treatment,2026-03-15,10,1
10606,treatment,2026-03-06,7,0
10607,control,2026-03-03,9,0
10608,control,2026-03-15,8,0
10609,control,2026-03-03,6,0
10610,treatment,2026-03-10,11,1
10611,treatment,2026-03-02,9,0
10612,control,2026-03-09,9,1
10613,control,2026-03-10,5,0
10614,treatment,2026-03-10,11,0
10615,control,2026-03-15,10,0
10616,treatment,2026-03-02,9,0
10617,treatment,2026-03-04,12,0
10618,control,2026-03-14,5,1
10619,treatment,2026-03-10,7,0
10620,treatment,2026-03-03,7,0
10621,control,2026-03-03,12,0
10622,control,2026-03-02,11,0
10623,control,2026-03-02,11,0
10624,control,2026-03-15,8,1
10625,treatment,2026-03-02,17,0
10626,treatment,2026-03-05,9,0
10627,treatment,2026-03-12,15,1
10628,control,2026-03-05,7,0
10629,treatment,2026-03-15,8,0
10630,control,2026-03-06,7,0
10631,control,2026-03-09,11,0
10632,control,2026-03-07,8,0
10633,treatment,2026-03-06,6,1
10634,control,2026-03-13,8,1
10635,control,2026-03-10,11,0
10636,control,2026-03-07,6,1
10637,control,2026-03-14,4,0
10638,treatment,2026-03-02,7,0
10639,treatment,2026-03-10,6,0
10640,control,2026-03-04,11,0
10641,treatment,2026-03-14,13,0
10642,treatment,2026-03-11,7,1
10643,control,2026-03-07,9,0
10644,treatment,2026-03-05,10,1
10645,treatment,2026-03-02,13,0
10646,treatment,2026-03-04,5,0
10647,control,2026-03-12,5,1
10648,treatment,2026-03-07,12,0
10649,control,2026-03-11,7,0
10650,treatment,2026-03-11,7,0
10651,treatment,2026-03-14,13,0
10652,treatment,2026-03-14,5,0
10653,control,2026-03-03,10,0
10654,control,2026-03-09,6,1
10655,treatment,2026-03-14,9,1
10656,control,2026-03-12,14,0
10657,control,2026-03-13,8,0
10658,treatment,2026-03-12,11,1
10659,control,2026-03-07,7,0
10660,treatment,2026-03-12,8,1
10661,treatment,2026-03-12,8,0
10662,treatment,2026-03-06,8,0
10663,control,2026-03-12,14,1
10664,treatment,2026-03-05,4,1
10665,treatment,2026-03-06,10,0
10666,control,2026-03-07,5,0
10667,control,2026-03-05,14,0
10668,treatment,2026-03-11,9,0
10669,treatment,2026-03-12,6,1
10670,treatment,2026-03-14,12,0
10671,control,2026-03-14,14,0
10672,control,2026-03-15,10,0
10673,treatment,2026-03-04,14,0
10674,control,2026-03-12,6,0
10675,treatment,2026-03-02,15,1
10676,control,2026-03-06,8,0
10677,control,2026-03-15,12,0
10678,control,2026-03-03,10,0
10679,control,2026-03-10,7,1
10680,control,2026-03-08,7,1
10681,treatment,2026-03-15,3,1
10682,control,2026-03-11,8,0
10683,treatment,2026-03-12,12,0
10684,control,2026-03-02,4,1
10685,treatment,2026-03-12,9,1
10686,control,2026-03-12,8,1
10687,treatment,2026-03-04,9,1
10688,treatment,2026-03-04,6,1
10689,treatment,2026-03-06,12,1
10690,control,2026-03-06,9,0
10691,treatment,2026-03-05,4,0
10692,control,2026-03-02,9,1
10693,control,2026-03-04,9,0
10694,treatment,2026-03-11,9,0
10695,treatment,2026-03-14,6,1
10696,control,2026-03-15,9,0
10697,treatment,2026-03-02,8,1
10698,control,2026-03-11,6,1
10699,control,2026-03-04,9,0
10700,treatment,2026-03-14,7,1
10701,treatment,2026-03-04,13,0
10702,treatment,2026-03-15,10,1
10703,control,2026-03-02,7,1
10704,control,2026-03-10,12,0
10705,treatment,2026-03-12,5,0
10706,control,2026-03-07,5,0
10707,treatment,2026-03-12,4,1
10708,treatment,2026-03-15,10,1
10709,control,2026-03-04,11,1
10710,control,2026-03-02,10,0
10711,treatment,2026-03-10,7,1
10712,control,2026-03-04,9,0
10713,control,2026-03-14,6,0
10714,treatment,2026-03-05,7,0
10715,control,2026-03-04,5,0
10716,treatment,2026-03-07,6,1
10717,treatment,2026-03-07,12,0
10718,treatment,2026-03-11,13,0
10719,control,2026-03-04,11,1
10720,control,2026-03-05,4,0
10721,treatment,2026-03-12,9,0
10722,control,2026-03-12,8,1
10723,treatment,2026-03-04,9,1
10724,control,2026-03-05,6,1
10725,control,2026-03-07,5,0
10726,treatment,2026-03-15,9,0
10727,treatment,2026-03-02,7,0
10728,treatment,2026-03-15,7,0
10729,treatment,2026-03-10,5,1
10730,control,2026-03-15,8,1
10731,control,2026-03-06,8,1
10732,treatment,2026-03-12,7,1
10733,control,2026-03-08,8,1
10734,treatment,2026-03-02,6,1
10735,control,2026-03-03,8,0
10736,control,2026-03-05,3,0
10737,treatment,2026-03-13,8,0
10738,treatment,2026-03-02,9,1
10739,control,2026-03-15,8,0
10740,treatment,2026-03-13,8,0
10741,treatment,2026-03-03,14,1
10742,control,2026-03-12,6,0
10743,control,2026-03-15,10,0
10744,control,2026-03-08,6,0
10745,treatment,2026-03-15,14,0
10746,treatment,2026-03-13,8,1
10747,control,2026-03-08,7,0
10748,treatment,2026-03-05,11,0
10749,control,2026-03-12,7,1
10750,control,2026-03-06,8,0
10751,control,2026-03-14,9,1
10752,control,2026-03-05,10,1
10753,treatment,2026-03-02,9,1
10754,control,2026-03-15,6,0
10755,treatment,2026-03-03,14,0
10756,control,2026-03-08,8,1
10757,treatment,2026-03-14,7,0
10758,treatment,2026-03-05,8,1
10759,control,2026-03-15,7,0
10760,control,2026-03-08,6,1
10761,treatment,2026-03-13,14,1
10762,treatment,2026-03-07,9,1
10763,treatment,2026-03-05,16,0
10764,treatment,2026-03-03,7,1
10765,control,2026-03-04,11,0
10766,treatment,2026-03-11,4,0
10767,control,2026-03-02,6,0
10768,treatment,2026-03-02,8,1
10769,treatment,2026-03-15,10,0
10770,control,2026-03-12,14,0
10771,control,2026-03-05,11,0
10772,treatment,2026-03-04,8,0
10773,treatment,2026-03-08,12,0
10774,treatment,2026-03-06,7,0
10775,treatment,2026-03-02,4,0
10776,treatment,2026-03-05,10,0
10777,treatment,2026-03-06,10,1
10778,control,2026-03-06,12,1
10779,control,2026-03-10,7,0
10780,treatment,2026-03-14,13,0
10781,treatment,2026-03-12,8,0
10782,treatment,2026-03-11,8,1
10783,control,2026-03-15,14,0
10784,treatment,2026-03-02,20,1
10785,treatment,2026-03-04,13,0
10786,treatment,2026-03-11,11,0
10787,control,2026-03-09,10,0
10788,treatment,2026-03-06,6,0
10789,control,2026-03-13,15,0
10790,treatment,2026-03-15,4,0
10791,control,2026-03-10,9,0
10792,control,2026-03-07,8,0
10793,treatment,2026-03-10,11,1
10794,control,2026-03-08,7,0
10795,treatment,2026-03-10,4,0
10796,control,2026-03-13,4,1
10797,treatment,2026-03-04,9,1
10798,treatment,2026-03-08,12,1
10799,treatment,2026-03-12,7,1
10800,treatment,2026-03-02,6,0
10801,control,2026-03-08,8,0
10802,treatment,2026-03-05,9,0
10803,treatment,2026-03-03,7,0
10804,treatment,2026-03-13,9,0
10805,control,2026-03-12,13,1
10806,control,2026-03-13,2,0
10807,control,2026-03-09,8,0
10808,treatment,2026-03-09,9,0
10809,control,2026-03-12,1,0
10810,control,2026-03-03,4,0
10811,treatment,2026-03-15,8,0
10812,control,2026-03-09,7,0
10813,treatment,2026-03-04,5,0
10814,treatment,2026-03-15,13,0
10815,control,2026-03-08,7,0
10816,control,2026-03-12,4,1
10817,treatment,2026-03-11,10,1
10818,treatment,2026-03-11,9,1
10819,treatment,2026-03-04,10,1
10820,treatment,2026-03-03,11,0
10821,treatment,2026-03-09,10,0
10822,treatment,2026-03-13,8,0
10823,control,2026-03-03,10,1
10824,control,2026-03-04,8,1
10825,control,2026-03-13,7,1
10826,control,2026-03-12,8,0
10827,control,2026-03-09,10,0
10828,control,2026-03-03,10,1
10829,control,2026-03-12,6,1
10830,control,2026-03-08,3,0
10831,control,2026-03-11,6,0
10832,treatment,2026-03-11,12,1
10833,control,2026-03-02,7,1
10834,treatment,2026-03-10,5,0
10835,treatment,2026-03-04,13,0
10836,control,2026-03-14,12,1
10837,treatment,2026-03-06,8,0
10838,control,2026-03-15,10,0
10839,control,2026-03-05,5,0
10840,control,2026-03-07,10,1
10841,treatment,2026-03-05,8,0
10842,treatment,2026-03-04,14,0
10843,control,2026-03-11,7,0
10844,control,2026-03-02,8,0
10845,treatment,2026-03-13,9,0
10846,control,2026-03-12,10,0
10847,control,2026-03-11,9,0
10848,treatment,2026-03-13,6,0
10849,treatment,2026-03-03,15,1
10850,treatment,2026-03-03,7,1
10851,treatment,2026-03-15,8,0
10852,treatment,2026-03-05,14,0
10853,treatment,2026-03-08,9,0
10854,treatment,2026-03-13,6,0
10855,control,2026-03-07,13,0
10856,control,2026-03-10,8,1
10857,control,2026-03-06,11,0
10858,treatment,2026-03-03,5,1
10859,control,2026-03-13,7,0
10860,control,2026-03-04,8,0
10861,treatment,2026-03-12,10,0
10862,control,2026-03-03,10,0
10863,control,2026-03-09,5,1
10864,treatment,2026-03-09,9,0
10865,control,2026-03-11,10,0
10866,treatment,2026-03-10,11,0
10867,control,2026-03-11,10,0
10868,treatment,2026-03-07,10,0
10869,control,2026-03-02,7,1
10870,treatment,2026-03-02,8,1
10871,treatment,2026-03-11,12,0
10872,control,2026-03-06,7,0
10873,control,2026-03-13,13,0
10874,control,2026-03-15,12,1
10875,treatment,2026-03-15,10,1
10876,control,2026-03-09,11,0
10877,treatment,2026-03-12,11,0
10878,control,2026-03-07,10,0
10879,control,2026-03-13,5,0
10880,control,2026-03-03,9,1
10881,control,2026-03-09,6,0
10882,treatment,2026-03-03,15,0
10883,treatment,2026-03-02,11,1
10884,control,2026-03-03,7,0
10885,control,2026-03-03,10,1
10886,treatment,2026-03-12,7,1
10887,control,2026-03-10,10,1
10888,control,2026-03-04,4,0
10889,control,2026-03-08,9,0
10890,treatment,2026-03-08,7,1
10891,treatment,2026-03-10,11,0
10892,control,2026-03-15,14,0
10893,treatment,2026-03-02,3,1
10894,treatment,2026-03-04,16,0
10895,treatment,2026-03-11,12,1
10896,treatment,2026-03-09,4,0
10897,treatment,2026-03-06,11,0
10898,control,2026-03-15,13,0
10899,control,2026-03-07,5,0
10900,treatment,2026-03-02,7,0
10901,control,2026-03-14,4,0
10902,treatment,2026-03-14,10,0
10903,control,2026-03-04,13,1
10904,control,2026-03-03,10,1
10905,control,2026-03-03,8,0
10906,treatment,2026-03-03,12,0
10907,treatment,2026-03-09,10,0
10908,treatment,2026-03-08,12,0
10909,control,2026-03-10,7,1
10910,treatment,2026-03-15,11,1
10911,treatment,2026-03-03,14,0
10912,control,2026-03-15,6,0
10913,treatment,2026-03-15,8,0
10914,treatment,2026-03-05,6,1
10915,treatment,2026-03-11,11,0
10916,treatment,2026-03-12,4,1
10917,control,2026-03-13,7,0
10918,treatment,2026-03-02,5,0
10919,control,2026-03-08,10,0
10920,control,2026-03-02,7,1
10921,control,2026-03-14,7,0
10922,treatment,2026-03-02,10,1
10923,control,2026-03-07,9,1
10924,control,2026-03-11,13,1
10925,treatment,2026-03-09,6,1
10926,treatment,2026-03-06,5,0
10927,treatment,2026-03-04,11,1
10928,control,2026-03-11,8,0
10929,treatment,2026-03-05,10,0
10930,control,2026-03-12,11,1
10931,control,2026-03-14,8,0
10932,treatment,2026-03-10,8,0
10933,control,2026-03-03,6,0
10934,treatment,2026-03-08,11,0
10935,treatment,2026-03-15,2,1
10936,treatment,2026-03-03,3,0
10937,treatment,2026-03-13,8,1
10938,control,2026-03-03,4,1
10939,treatment,2026-03-02,9,0
10940,treatment,2026-03-10,8,0
10941,control,2026-03-05,9,0
10942,control,2026-03-13,14,0
10943,control,2026-03-04,7,0
10944,control,2026-03-09,9,0
10945,treatment,2026-03-07,8,0
10946,treatment,2026-03-15,7,1
10947,control,2026-03-06,8,0
10948,control,2026-03-03,11,1
10949,treatment,2026-03-15,13,1
10950,treatment,2026-03-09,7,1
10951,treatment,2026-03-06,10,1
10952,control,2026-03-04,5,0
10953,control,2026-03-09,10,0
10954,treatment,2026-03-02,7,1
10955,control,2026-03-10,8,0
10956,treatment,2026-03-02,10,1
10957,treatment,2026-03-02,13,0
10958,treatment,2026-03-10,9,1
10959,treatment,2026-03-13,11,1
10960,control,2026-03-12,10,0
10961,treatment,2026-03-08,9,0
10962,treatment,2026-03-07,7,0
10963,control,2026-03-11,12,1
10964,treatment,2026-03-05,6,0
10965,control,2026-03-15,6,0
10966,treatment,2026-03-09,9,0
10967,treatment,2026-03-05,12,0
10968,treatment,2026-03-10,8,1
10969,control,2026-03-11,5,1
10970,treatment,2026-03-03,13,1
10971,control,2026-03-07,15,0
10972,control,2026-03-14,12,1
10973,treatment,2026-03-15,4,0
10974,treatment,2026-03-13,10,1
10975,treatment,2026-03-02,9,0
10976,control,2026-03-05,12,1
10977,control,2026-03-09,7,1
10978,control,2026-03-08,4,1
10979,control,2026-03-12,9,0
10980,control,2026-03-04,11,0
10981,control,2026-03-15,8,1
10982,treatment,2026-03-13,9,0
10983,treatment,2026-03-12,5,1
10984,control,2026-03-02,8,1
10985,control,2026-03-05,10,1
10986,control,2026-03-12,7,1
10987,treatment,2026-03-05,10,0
10988,treatment,2026-03-06,11,0
10989,control,2026-03-07,5,0
10990,control,2026-03-07,11,1
10991,treatment,2026-03-14,6,1
10992,treatment,2026-03-08,3,0
10993,control,2026-03-12,7,0
10994,treatment,2026-03-06,10,0
10995,control,2026-03-09,12,0
10996,control,2026-03-04,9,0
10997,treatment,2026-03-15,6,1
10998,treatment,2026-03-13,6,0
10999,treatment,2026-03-10,10,0
11000,treatment,2026-03-14,12,1
11001,treatment,2026-03-03,11,1
11002,control,2026-03-08,10,0
11003,control,2026-03-14,9,0
11004,control,2026-03-05,7,0
11005,treatment,2026-03-14,8,0
11006,control,2026-03-04,5,1
11007,treatment,2026-03-06,12,0
11008,control,2026-03-02,8,0
11009,treatment,2026-03-02,11,0
11010,control,2026-03-15,8,1
11011,control,2026-03-02,2,1
11012,treatment,2026-03-02,10,0
11013,treatment,2026-03-12,9,1
11014,treatment,2026-03-10,8,1
11015,treatment,2026-03-11,13,0
11016,control,2026-03-14,9,0
11017,treatment,2026-03-07,10,0
11018,control,2026-03-05,6,0
11019,treatment,2026-03-05,12,1
11020,treatment,2026-03-12,5,0
11021,treatment,2026-03-12,12,0
11022,treatment,2026-03-13,3,0
11023,control,2026-03-11,11,1
11024,treatment,2026-03-03,14,1
11025,treatment,2026-03-15,6,1
11026,control,2026-03-04,8,1
11027,treatment,2026-03-07,9,1
11028,treatment,2026-03-04,12,1
11029,control,2026-03-03,7,0
11030,control,2026-03-03,10,0
11031,treatment,2026-03-09,12,1
11032,control,2026-03-02,8,0
11033,treatment,2026-03-11,4,0
11034,control,2026-03-06,12,0
11035,treatment,2026-03-15,11,1
11036,control,2026-03-02,11,1
11037,control,2026-03-03,5,0
11038,control,2026-03-10,7,1
11039,treatment,2026-03-05,8,1
11040,treatment,2026-03-07,9,0
11041,treatment,2026-03-06,11,1
11042,control,2026-03-14,8,0
11043,treatment,2026-03-15,10,0
11044,treatment,2026-03-03,12,0
11045,control,2026-03-06,7,1
11046,treatment,2026-03-07,4,0
11047,treatment,2026-03-10,10,1
11048,treatment,2026-03-11,14,0
11049,control,2026-03-08,9,0
11050,treatment,2026-03-05,6,0
11051,treatment,2026-03-14,17,1
11052,control,2026-03-11,5,1
11053,control,2026-03-10,8,0
11054,treatment,2026-03-15,10,1
11055,control,2026-03-10,6,0
11056,treatment,2026-03-06,6,0
11057,treatment,2026-03-13,7,1
11058,control,2026-03-10,7,1
11059,control,2026-03-08,10,1
11060,control,2026-03-04,7,0
11061,treatment,2026-03-02,7,0
11062,treatment,2026-03-02,14,1
11063,control,2026-03-05,4,0
11064,treatment,2026-03-14,11,1
11065,treatment,2026-03-06,8,1
11066,control,2026-03-02,7,0
11067,control,2026-03-10,12,0
11068,control,2026-03-13,10,1
11069,control,2026-03-10,7,1
11070,control,2026-03-03,12,0
11071,control,2026-03-09,6,1
11072,treatment,2026-03-11,12,0
11073,treatment,2026-03-04,8,1
11074,control,2026-03-03,16,1
11075,treatment,2026-03-08,9,0
11076,treatment,2026-03-03,8,1
11077,treatment,2026-03-04,10,0
11078,control,2026-03-15,6,1
11079,treatment,2026-03-05,10,1
11080,control,2026-03-12,7,0
11081,treatment,2026-03-14,6,0
11082,control,2026-03-11,7,0
11083,treatment,2026-03-05,7,0
11084,treatment,2026-03-08,5,0
11085,treatment,2026-03-07,10,1
11086,control,2026-03-14,12,0
11087,control,2026-03-11,6,1
11088,treatment,2026-03-10,11,0
11089,treatment,2026-03-07,10,1
11090,treatment,2026-03-04,16,1
11091,treatment,2026-03-12,8,1
11092,treatment,2026-03-07,13,0
11093,treatment,2026-03-12,9,0
11094,control,2026-03-08,5,1
11095,control,2026-03-05,5,0
11096,treatment,2026-03-10,13,1
11097,treatment,2026-03-06,11,1
11098,treatment,2026-03-11,3,0
11099,control,2026-03-08,7,1
11100,treatment,2026-03-02,10,0
11101,treatment,2026-03-14,9,0
11102,control,2026-03-03,6,0
11103,control,2026-03-09,7,0
11104,control,2026-03-03,8,0
11105,treatment,2026-03-07,5,0
11106,treatment,2026-03-14,12,0
11107,treatment,2026-03-13,7,0
11108,treatment,2026-03-03,10,0
11109,treatment,2026-03-03,8,0
11110,treatment,2026-03-11,3,1
11111,treatment,2026-03-15,11,0
11112,treatment,2026-03-10,8,0
11113,treatment,2026-03-07,7,0
11114,treatment,2026-03-14,10,1
11115,treatment,2026-03-08,10,0
11116,treatment,2026-03-06,9,1
11117,treatment,2026-03-14,11,0
11118,control,2026-03-04,6,1
11119,treatment,2026-03-11,10,0
11120,control,2026-03-08,13,0
11121,control,2026-03-06,14,0
11122,control,2026-03-03,11,0
11123,control,2026-03-14,18,1
11124,treatment,2026-03-15,9,0
11125,control,2026-03-08,8,0
11126,treatment,2026-03-04,8,1
11127,control,2026-03-13,6,0
11128,treatment,2026-03-12,14,0
11129,control,2026-03-15,11,1
11130,control,2026-03-03,8,1
11131,control,2026-03-02,4,0
11132,control,2026-03-12,7,0
11133,control,2026-03-03,13,1
11134,control,2026-03-08,12,1
11135,control,2026-03-06,5,0
11136,treatment,2026-03-13,7,0
11137,control,2026-03-13,7,1
11138,treatment,2026-03-08,11,0
11139,treatment,2026-03-09,13,1
11140,treatment,2026-03-07,8,0
11141,treatment,2026-03-05,10,0
11142,control,2026-03-07,6,0
11143,control,2026-03-06,8,0
11144,control,2026-03-07,9,0
11145,control,2026-03-08,13,0
11146,control,2026-03-07,7,0
11147,control,2026-03-04,4,1
11148,control,2026-03-11,12,1
11149,treatment,2026-03-10,4,0
11150,treatment,2026-03-08,10,0
11151,control,2026-03-13,5,1
11152,control,2026-03-08,5,1
11153,treatment,2026-03-09,10,0
11154,treatment,2026-03-11,8,1
11155,treatment,2026-03-04,14,0
11156,control,2026-03-12,4,1
11157,treatment,2026-03-14,11,0
11158,treatment,2026-03-04,5,1
11159,control,2026-03-03,8,0
11160,treatment,2026-03-15,8,1
11161,control,2026-03-09,3,0
11162,control,2026-03-07,5,0
11163,control,2026-03-05,3,0
11164,treatment,2026-03-03,9,1
11165,treatment,2026-03-14,11,1
11166,treatment,2026-03-05,14,0
11167,treatment,2026-03-12,8,1
11168,treatment,2026-03-10,8,1
11169,treatment,2026-03-15,17,1
11170,control,2026-03-06,7,0
11171,control,2026-03-08,5,1
11172,control,2026-03-04,12,1
11173,treatment,2026-03-14,8,0
11174,control,2026-03-03,8,0
11175,treatment,2026-03-07,6,0
11176,treatment,2026-03-12,8,1
11177,control,2026-03-03,7,0
11178,control,2026-03-05,8,0
11179,control,2026-03-10,4,0
11180,treatment,2026-03-10,10,1
11181,control,2026-03-12,8,0
11182,treatment,2026-03-14,7,1
11183,treatment,2026-03-13,8,0
11184,treatment,2026-03-07,17,1
11185,control,2026-03-10,10,0
11186,control,2026-03-11,6,1
11187,treatment,2026-03-07,6,0
11188,treatment,2026-03-11,8,1
11189,control,2026-03-05,6,1
11190,control,2026-03-08,11,1
11191,treatment,2026-03-06,9,0
11192,control,2026-03-14,9,0
11193,control,2026-03-03,10,1
11194,treatment,2026-03-15,7,1
11195,control,2026-03-04,6,0
11196,treatment,2026-03-02,5,0
11197,treatment,2026-03-06,7,0
11198,control,2026-03-03,12,0
11199,treatment,2026-03-08,7,1
11200,treatment,2026-03-07,12,0
11201,control,2026-03-12,11,1
11202,control,2026-03-04,9,1
11203,control,2026-03-09,5,1
11204,control,2026-03-14,5,0
11205,control,2026-03-06,14,1
11206,control,2026-03-05,4,0
11207,treatment,2026-03-12,7,1
11208,control,2026-03-12,15,0
11209,control,2026-03-13,4,0
11210,control,2026-03-15,4,1
11211,treatment,2026-03-03,10,1
11212,treatment,2026-03-12,7,1
11213,control,2026-03-15,7,0
11214,treatment,2026-03-12,8,1
11215,control,2026-03-08,3,0
11216,control,2026-03-02,13,1
11217,treatment,2026-03-11,9,1
11218,control,2026-03-03,7,1
11219,treatment,2026-03-11,11,1
11220,treatment,2026-03-05,9,0
11221,treatment,2026-03-13,9,0
11222,control,2026-03-04,7,0
11223,control,2026-03-12,10,0
11224,treatment,2026-03-13,11,1
11225,control,2026-03-08,7,1
11226,control,2026-03-04,5,0
11227,treatment,2026-03-03,10,1
11228,control,2026-03-12,11,1
11229,control,2026-03-08,6,1
11230,control,2026-03-14,9,0
11231,control,2026-03-03,4,0
11232,treatment,2026-03-15,11,0
11233,control,2026-03-10,10,1
11234,treatment,2026-03-13,9,0
11235,treatment,2026-03-07,7,0
11236,control,2026-03-03,9,1
11237,control,2026-03-02,6,1
11238,control,2026-03-03,3,0
11239,control,2026-03-10,11,1
11240,treatment,2026-03-08,9,0
11241,treatment,2026-03-02,12,0
11242,treatment,2026-03-02,15,1
11243,control,2026-03-08,5,0
11244,control,2026-03-03,6,1
11245,treatment,2026-03-14,11,1
11246,control,2026-03-15,12,0
11247,treatment,2026-03-12,7,0
11248,control,2026-03-11,10,0
11249,control,2026-03-11,6,1
11250,treatment,2026-03-10,14,1
11251,control,2026-03-09,7,0
11252,treatment,2026-03-14,10,0
11253,treatment,2026-03-08,11,1
11254,treatment,2026-03-06,11,0
11255,treatment,2026-03-02,10,0
11256,control,2026-03-12,6,0
11257,treatment,2026-03-08,8,1
11258,control,2026-03-10,7,0
11259,control,2026-03-15,7,0
11260,treatment,2026-03-10,9,0
11261,treatment,2026-03-10,12,0
11262,control,2026-03-15,8,0
11263,treatment,2026-03-15,9,0
11264,treatment,2026-03-14,7,0
11265,treatment,2026-03-07,8,1
11266,control,2026-03-13,7,1
11267,control,2026-03-12,6,1
11268,treatment,2026-03-15,12,1
11269,control,2026-03-02,7,0
11270,control,2026-03-13,9,1
11271,control,2026-03-13,8,0
11272,control,2026-03-08,8,1
11273,control,2026-03-06,8,1
11274,control,2026-03-15,7,0
11275,treatment,2026-03-12,8,1
11276,control,2026-03-02,11,0
11277,treatment,2026-03-09,15,0
11278,control,2026-03-14,5,1
11279,control,2026-03-14,8,0
11280,control,2026-03-04,10,0
11281,control,2026-03-06,8,1
11282,treatment,2026-03-07,13,1
11283,treatment,2026-03-04,8,0
11284,treatment,2026-03-12,9,0
11285,treatment,2026-03-07,7,0
11286,control,2026-03-10,9,0
11287,treatment,2026-03-03,9,0
11288,control,2026-03-12,3,0
11289,treatment,2026-03-02,12,0
11290,control,2026-03-03,6,1
11291,control,2026-03-03,7,0
11292,treatment,2026-03-14,12,1
11293,control,2026-03-10,8,1
11294,treatment,2026-03-07,13,0
11295,treatment,2026-03-15,14,0
11296,control,2026-03-14,5,0
11297,control,2026-03-10,8,1
11298,control,2026-03-12,7,0
11299,treatment,2026-03-14,4,0
11300,treatment,2026-03-03,14,0
11301,control,2026-03-13,15,0
11302,treatment,2026-03-11,9,1
11303,control,2026-03-14,14,0
11304,control,2026-03-10,11,0
11305,treatment,2026-03-07,7,1
11306,treatment,2026-03-11,7,1
11307,control,2026-03-10,11,0
11308,control,2026-03-13,3,0
11309,control,2026-03-05,4,0
11310,control,2026-03-06,6,0
11311,treatment,2026-03-14,10,1
11312,control,2026-03-03,6,0
11313,control,2026-03-14,11,0
11314,control,2026-03-13,9,1
11315,control,2026-03-13,17,1
11316,treatment,2026-03-02,7,1
11317,treatment,2026-03-09,9,1
11318,control,2026-03-06,7,0
11319,control,2026-03-08,7,1
11320,treatment,2026-03-06,14,1
11321,control,2026-03-05,4,0
11322,control,2026-03-12,7,0
11323,control,2026-03-06,7,0
11324,control,2026-03-08,7,1
11325,control,2026-03-12,9,1
11326,treatment,2026-03-10,13,0
11327,control,2026-03-08,16,1
11328,treatment,2026-03-05,3,1
11329,treatment,2026-03-14,6,0
11330,control,2026-03-03,8,0
11331,treatment,2026-03-07,9,1
11332,treatment,2026-03-06,6,0
11333,treatment,2026-03-04,14,0
11334,treatment,2026-03-06,8,1
11335,control,2026-03-12,6,0
11336,control,2026-03-12,7,0
11337,control,2026-03-03,3,0
11338,treatment,2026-03-05,5,0
11339,treatment,2026-03-03,7,1
11340,treatment,2026-03-06,15,1
11341,control,2026-03-13,9,1
11342,control,2026-03-04,11,1
11343,control,2026-03-04,7,0
11344,control,2026-03-08,9,0
11345,control,2026-03-10,10,0
11346,control,2026-03-02,5,0
11347,treatment,2026-03-05,6,0
11348,treatment,2026-03-05,10,0
11349,control,2026-03-14,7,0
11350,control,2026-03-07,5,1
11351,control,2026-03-13,4,1
11352,treatment,2026-03-04,8,0
11353,treatment,2026-03-11,9,0
11354,treatment,2026-03-09,8,0
11355,treatment,2026-03-15,12,1
11356,control,2026-03-15,5,0
11357,control,2026-03-13,9,0
11358,control,2026-03-04,7,0
11359,treatment,2026-03-15,9,0
11360,control,2026-03-11,5,0
11361,treatment,2026-03-13,3,0
11362,control,2026-03-05,3,1
11363,treatment,2026-03-15,8,0
11364,control,2026-03-14,14,1
11365,treatment,2026-03-13,8,0
11366,treatment,2026-03-14,11,1
11367,treatment,2026-03-09,6,1
11368,treatment,2026-03-03,6,1
11369,control,2026-03-04,14,1
11370,control,2026-03-07,8,0
11371,treatment,2026-03-11,5,0
11372,control,2026-03-09,8,1
11373,control,2026-03-08,6,0
11374,treatment,2026-03-08,6,1
11375,treatment,2026-03-08,9,0
11376,treatment,2026-03-12,7,0
11377,treatment,2026-03-07,8,0
11378,control,2026-03-10,11,0
11379,control,2026-03-06,6,1
11380,treatment,2026-03-07,9,0
11381,control,2026-03-07,7,0
11382,treatment,2026-03-07,6,0
11383,treatment,2026-03-10,10,0
11384,treatment,2026-03-07,9,1
11385,treatment,2026-03-11,6,1
11386,control,2026-03-12,8,0
11387,control,2026-03-11,11,0
11388,control,2026-03-06,4,0
11389,treatment,2026-03-15,5,0
11390,control,2026-03-12,8,0
11391,treatment,2026-03-03,7,0
11392,treatment,2026-03-11,8,0
11393,treatment,2026-03-14,14,0
11394,control,2026-03-09,5,0
11395,treatment,2026-03-10,12,0
11396,control,2026-03-05,13,1
11397,treatment,2026-03-14,11,0
11398,treatment,2026-03-07,8,0
11399,control,2026-03-05,11,0
11400,control,2026-03-07,8,0
11401,treatment,2026-03-09,9,0
11402,control,2026-03-11,13,0
11403,treatment,2026-03-02,11,0
11404,treatment,2026-03-10,7,0
11405,control,2026-03-05,9,0
11406,control,2026-03-08,5,1
11407,control,2026-03-04,8,0
11408,control,2026-03-13,7,1
11409,control,2026-03-10,11,0
11410,treatment,2026-03-12,8,0
11411,treatment,2026-03-08,17,0
11412,control,2026-03-03,7,1
11413,treatment,2026-03-11,9,0
11414,control,2026-03-13,11,0
11415,treatment,2026-03-14,5,1
11416,treatment,2026-03-05,6,0
11417,control,2026-03-09,12,1
11418,treatment,2026-03-10,7,0
11419,control,2026-03-03,8,0
11420,control,2026-03-09,12,0
11421,treatment,2026-03-10,4,1
11422,control,2026-03-03,11,0
11423,treatment,2026-03-12,10,1
11424,control,2026-03-10,5,1
11425,control,2026-03-12,10,0
11426,treatment,2026-03-15,7,0
11427,treatment,2026-03-14,10,1
11428,treatment,2026-03-11,7,0
11429,control,2026-03-05,8,0
11430,control,2026-03-11,8,0
11431,control,2026-03-06,4,1
11432,control,2026-03-13,8,1
11433,treatment,2026-03-05,9,1
11434,treatment,2026-03-05,4,0
11435,control,2026-03-08,10,1
11436,control,2026-03-02,5,1
11437,treatment,2026-03-02,6,0
11438,treatment,2026-03-14,3,1
11439,treatment,2026-03-05,7,0
11440,control,2026-03-09,5,1
11441,treatment,2026-03-15,4,0
11442,control,2026-03-04,11,0
11443,treatment,2026-03-15,10,0
11444,treatment,2026-03-07,7,0
11445,treatment,2026-03-07,5,0
11446,treatment,2026-03-06,4,0
11447,control,2026-03-04,6,0
11448,control,2026-03-13,4,0
11449,treatment,2026-03-05,4,1
11450,control,2026-03-09,4,0
11451,control,2026-03-03,12,0
11452,control,2026-03-07,6,0
11453,control,2026-03-12,6,0
11454,control,2026-03-04,1,1
11455,treatment,2026-03-14,6,0
11456,treatment,2026-03-03,8,1
11457,control,2026-03-09,10,1
11458,control,2026-03-14,7,1
11459,treatment,2026-03-08,5,0
11460,control,2026-03-05,9,1
11461,control,2026-03-08,10,1
11462,control,2026-03-14,9,1
11463,control,2026-03-04,4,0
11464,control,2026-03-15,8,1
11465,control,2026-03-02,8,0
11466,treatment,2026-03-15,8,0
11467,control,2026-03-13,8,0
11468,control,2026-03-08,9,0
11469,control,2026-03-15,6,0
11470,treatment,2026-03-10,10,0
11471,control,2026-03-11,7,0
11472,treatment,2026-03-02,11,1
11473,treatment,2026-03-09,10,0
11474,control,2026-03-06,11,0
11475,control,2026-03-04,8,0
11476,control,2026-03-12,4,1
11477,control,2026-03-08,8,0
11478,control,2026-03-06,12,0
11479,treatment,2026-03-15,4,0
11480,treatment,2026-03-08,10,1
11481,treatment,2026-03-07,3,1
11482,treatment,2026-03-04,6,0
11483,control,2026-03-13,10,0
11484,control,2026-03-07,8,1
11485,control,2026-03-06,5,0
11486,control,2026-03-15,4,1
11487,treatment,2026-03-15,6,0
11488,treatment,2026-03-08,8,1
11489,control,2026-03-07,3,0
11490,treatment,2026-03-06,13,0
11491,treatment,2026-03-03,10,0
11492,control,2026-03-10,6,1
11493,control,2026-03-04,4,0
11494,treatment,2026-03-12,12,0
11495,treatment,2026-03-02,8,1
11496,treatment,2026-03-13,10,1
11497,treatment,2026-03-14,15,1
11498,control,2026-03-14,7,1
11499,control,2026-03-07,14,0
11500,treatment,2026-03-15,8,1
11501,control,2026-03-14,7,1
11502,treatment,2026-03-14,11,1
11503,treatment,2026-03-12,10,0
11504,treatment,2026-03-12,14,0
11505,control,2026-03-11,7,0
11506,treatment,2026-03-09,6,0
11507,treatment,2026-03-07,14,1
11508,treatment,2026-03-15,10,0
11509,control,2026-03-08,12,0
11510,treatment,2026-03-10,16,0
11511,treatment,2026-03-04,5,0
11512,treatment,2026-03-15,5,0
11513,control,2026-03-05,10,0
11514,treatment,2026-03-08,16,0
11515,control,2026-03-10,4,1
11516,treatment,2026-03-07,9,0
11517,control,2026-03-02,6,1
11518,treatment,2026-03-07,6,0
11519,control,2026-03-12,2,0
11520,control,2026-03-10,13,0
11521,control,2026-03-06,6,1
11522,treatment,2026-03-15,11,0
11523,treatment,2026-03-02,14,1
11524,control,2026-03-10,8,1
11525,treatment,2026-03-11,10,1
11526,control,2026-03-10,6,0
11527,control,2026-03-03,11,0
11528,treatment,2026-03-15,5,0
11529,treatment,2026-03-12,10,0
11530,treatment,2026-03-11,8,1
11531,control,2026-03-15,9,1
11532,treatment,2026-03-10,10,0
11533,control,2026-03-03,9,1
11534,treatment,2026-03-10,11,0
11535,control,2026-03-08,10,0
11536,treatment,2026-03-13,7,0
11537,treatment,2026-03-14,8,0
11538,control,2026-03-05,9,0
11539,control,2026-03-02,9,1
11540,treatment,2026-03-10,10,0
11541,control,2026-03-13,9,0
11542,treatment,2026-03-06,7,0
11543,control,2026-03-02,6,1
11544,control,2026-03-14,7,0
11545,control,2026-03-04,5,1
11546,treatment,2026-03-06,7,0
11547,control,2026-03-04,6,0
11548,treatment,2026-03-12,12,0
11549,control,2026-03-15,2,1
11550,control,2026-03-07,6,1
11551,control,2026-03-09,10,0
11552,treatment,2026-03-07,8,1
11553,treatment,2026-03-09,5,0
11554,treatment,2026-03-14,12,0
11555,control,2026-03-08,7,1
11556,treatment,2026-03-14,9,0
11557,treatment,2026-03-09,11,1
11558,control,2026-03-02,15,0
11559,control,2026-03-15,5,0
11560,treatment,2026-03-15,10,0
11561,control,2026-03-04,9,1
11562,control,2026-03-09,7,0
11563,control,2026-03-03,9,1
11564,treatment,2026-03-09,12,0
11565,treatment,2026-03-06,6,1
11566,control,2026-03-10,9,0
11567,treatment,2026-03-02,14,1
11568,control,2026-03-08,6,1
11569,treatment,2026-03-10,9,1
11570,control,2026-03-09,10,1
11571,control,2026-03-02,7,0
11572,treatment,2026-03-05,6,0
11573,control,2026-03-02,10,0
11574,control,2026-03-13,7,0
11575,treatment,2026-03-12,13,0
11576,treatment,2026-03-09,9,1
11577,control,2026-03-07,10,0
11578,control,2026-03-04,9,1
11579,control,2026-03-15,10,1
11580,treatment,2026-03-05,8,0
11581,control,2026-03-08,9,0
11582,control,2026-03-08,5,1
11583,control,2026-03-02,8,1
11584,control,2026-03-07,12,0
11585,control,2026-03-04,8,0
11586,treatment,2026-03-10,9,1
11587,control,2026-03-12,7,1
11588,control,2026-03-05,10,1
11589,treatment,2026-03-12,6,0
11590,control,2026-03-09,10,1
11591,control,2026-03-13,5,1
11592,control,2026-03-11,3,1
11593,treatment,2026-03-09,12,1
11594,control,2026-03-11,10,1
11595,control,2026-03-12,8,1
11596,treatment,2026-03-05,8,0
11597,control,2026-03-10,10,0
11598,control,2026-03-08,5,0
11599,treatment,2026-03-04,4,0
11600,control,2026-03-12,8,1
11601,control,2026-03-05,6,0
11602,treatment,2026-03-06,7,1
11603,control,2026-03-08,2,1
11604,treatment,2026-03-10,8,1
11605,control,2026-03-11,5,1
11606,treatment,2026-03-09,10,0
11607,control,2026-03-11,12,0
11608,treatment,2026-03-02,8,0
11609,treatment,2026-03-07,7,0
11610,treatment,2026-03-02,10,0
11611,control,2026-03-11,7,0
11612,treatment,2026-03-11,4,0
11613,treatment,2026-03-08,10,0
11614,control,2026-03-02,11,1
11615,control,2026-03-10,11,1
11616,control,2026-03-14,4,1
11617,treatment,2026-03-09,8,0
11618,control,2026-03-09,10,0
11619,control,2026-03-03,5,1
11620,treatment,2026-03-09,7,0
11621,treatment,2026-03-14,8,1
11622,control,2026-03-02,3,0
11623,control,2026-03-14,7,1
11624,treatment,2026-03-06,6,1
11625,control,2026-03-06,5,0
11626,treatment,2026-03-08,12,0
11627,treatment,2026-03-14,14,0
11628,control,2026-03-07,7,0
11629,control,2026-03-10,10,0
11630,treatment,2026-03-03,5,0
11631,control,2026-03-10,3,1
11632,control,2026-03-08,10,0
11633,control,2026-03-12,10,1
11634,treatment,2026-03-03,12,0
11635,control,2026-03-09,6,0
11636,treatment,2026-03-09,11,0
11637,control,2026-03-05,7,1
11638,treatment,2026-03-12,6,0
11639,control,2026-03-09,8,0
11640,treatment,2026-03-14,4,0
11641,treatment,2026-03-04,9,0
11642,control,2026-03-05,8,1
11643,treatment,2026-03-12,9,0
11644,control,2026-03-09,7,1
11645,treatment,2026-03-02,8,0
11646,control,2026-03-13,10,0
11647,control,2026-03-04,6,0
11648,treatment,2026-03-08,9,1
11649,treatment,2026-03-09,9,1
11650,control,2026-03-14,7,1
11651,control,2026-03-11,11,0
11652,treatment,2026-03-12,11,1
11653,treatment,2026-03-15,7,0
11654,treatment,2026-03-06,9,0
11655,treatment,2026-03-05,11,0
11656,treatment,2026-03-08,6,1
11657,treatment,2026-03-04,9,0
11658,treatment,2026-03-02,11,0
11659,control,2026-03-03,8,0
11660,treatment,2026-03-03,5,1
11661,control,2026-03-11,6,0
11662,treatment,2026-03-11,3,1
11663,control,2026-03-04,12,1
11664,treatment,2026-03-12,7,0
11665,control,2026-03-10,5,0
11666,treatment,2026-03-14,13,0
11667,control,2026-03-11,5,0
11668,treatment,2026-03-06,9,1
11669,control,2026-03-02,9,0
11670,treatment,2026-03-12,11,0
11671,treatment,2026-03-03,5,1
11672,treatment,2026-03-11,11,1
11673,control,2026-03-07,9,0
11674,control,2026-03-10,12,1
11675,control,2026-03-12,10,0
11676,treatment,2026-03-10,10,0
11677,treatment,2026-03-08,7,1
11678,treatment,2026-03-10,17,0
11679,treatment,2026-03-11,5,0
11680,control,2026-03-14,6,0
11681,treatment,2026-03-02,8,1
11682,treatment,2026-03-11,8,0
11683,treatment,2026-03-05,7,1
11684,treatment,2026-03-02,5,0
11685,treatment,2026-03-09,11,0
11686,control,2026-03-06,8,0
11687,treatment,2026-03-12,8,0
11688,control,2026-03-10,13,1
11689,treatment,2026-03-13,9,1
11690,treatment,2026-03-02,9,1
11691,control,2026-03-08,14,0
11692,control,2026-03-08,7,0
11693,treatment,2026-03-03,13,0
11694,control,2026-03-06,11,1
11695,treatment,2026-03-09,8,0
11696,treatment,2026-03-14,6,0
11697,treatment,2026-03-14,9,0
11698,treatment,2026-03-12,12,0
11699,treatment,2026-03-09,8,0
11700,treatment,2026-03-05,4,1
11701,treatment,2026-03-07,8,0
11702,treatment,2026-03-06,16,1
11703,treatment,2026-03-06,9,1
11704,control,2026-03-04,10,0
11705,control,2026-03-06,11,0
11706,treatment,2026-03-02,17,1
11707,control,2026-03-02,3,1
11708,treatment,2026-03-09,8,0
11709,treatment,2026-03-11,8,0
11710,treatment,2026-03-08,10,0
11711,treatment,2026-03-14,8,1
11712,treatment,2026-03-11,10,0
11713,control,2026-03-03,10,0
11714,treatment,2026-03-10,7,0
11715,treatment,2026-03-04,4,0
11716,treatment,2026-03-13,5,0
11717,treatment,2026-03-07,9,1
11718,control,2026-03-04,11,1
11719,control,2026-03-04,9,0
11720,treatment,2026-03-15,10,1
11721,control,2026-03-10,12,0
11722,treatment,2026-03-08,13,0
11723,control,2026-03-02,9,0
11724,treatment,2026-03-10,10,0
11725,control,2026-03-11,11,0
11726,control,2026-03-04,9,1
11727,treatment,2026-03-05,13,1
11728,treatment,2026-03-10,10,0
11729,treatment,2026-03-03,5,0
11730,control,2026-03-14,2,0
11731,treatment,2026-03-10,4,0
11732,treatment,2026-03-10,5,1
11733,treatment,2026-03-06,12,1
11734,treatment,2026-03-02,9,0
11735,treatment,2026-03-08,10,1
11736,control,2026-03-15,12,1
11737,control,2026-03-14,8,0
11738,control,2026-03-11,7,0
11739,treatment,2026-03-14,13,1
11740,control,2026-03-02,8,0
11741,control,2026-03-03,8,0
11742,treatment,2026-03-15,15,1
11743,control,2026-03-03,7,0
11744,treatment,2026-03-15,7,0
11745,treatment,2026-03-09,10,1
11746,treatment,2026-03-05,4,0
11747,treatment,2026-03-03,5,1
11748,control,2026-03-05,9,0
11749,treatment,2026-03-05,11,0
11750,control,2026-03-13,9,0
11751,control,2026-03-09,10,0
11752,control,2026-03-04,5,1
11753,control,2026-03-11,7,0
11754,treatment,2026-03-03,4,0
11755,treatment,2026-03-03,10,0
11756,control,2026-03-12,7,1
11757,control,2026-03-08,8,0
11758,control,2026-03-03,6,1
11759,control,2026-03-13,10,0
11760,treatment,2026-03-09,7,0
11761,control,2026-03-08,12,0
11762,treatment,2026-03-11,12,0
11763,treatment,2026-03-15,9,0
11764,control,2026-03-04,7,0
11765,control,2026-03-13,14,1
11766,treatment,2026-03-07,10,0
11767,treatment,2026-03-07,9,1
11768,control,2026-03-15,7,1
11769,treatment,2026-03-07,8,1
11770,control,2026-03-11,7,0
11771,treatment,2026-03-06,11,1
11772,control,2026-03-13,3,1
11773,control,2026-03-02,4,0
11774,treatment,2026-03-02,10,0
11775,treatment,2026-03-08,13,1
11776,control,2026-03-11,5,1
11777,treatment,2026-03-04,12,0
11778,treatment,2026-03-03,11,0
11779,treatment,2026-03-02,13,0
11780,control,2026-03-02,10,1
11781,treatment,2026-03-03,7,1
11782,treatment,2026-03-13,10,0
11783,control,2026-03-10,4,1
11784,control,2026-03-11,8,1
11785,treatment,2026-03-11,6,1
11786,control,2026-03-13,6,1
11787,treatment,2026-03-13,7,1
11788,control,2026-03-14,7,0
11789,treatment,2026-03-13,8,0
11790,treatment,2026-03-09,7,0
11791,treatment,2026-03-02,8,1
11792,control,2026-03-08,7,0
11793,treatment,2026-03-13,9,0
11794,control,2026-03-06,10,0
11795,control,2026-03-11,5,1
11796,treatment,2026-03-09,8,1
11797,control,2026-03-09,6,0
11798,control,2026-03-11,9,0
11799,control,2026-03-03,6,1
11800,control,2026-03-04,4,1
11801,control,2026-03-12,10,1
11802,control,2026-03-15,6,1
11803,treatment,2026-03-15,7,1
11804,treatment,2026-03-14,6,1
11805,treatment,2026-03-02,16,0
11806,treatment,2026-03-12,4,0
11807,control,2026-03-11,6,0
11808,control,2026-03-05,9,0
11809,control,2026-03-11,7,0
11810,control,2026-03-11,7,0
11811,treatment,2026-03-03,16,1
11812,control,2026-03-05,14,1
11813,control,2026-03-13,9,1
11814,control,2026-03-15,5,0
11815,treatment,2026-03-07,5,1
11816,control,2026-03-08,2,0
11817,control,2026-03-10,11,0
11818,control,2026-03-03,5,0
11819,treatment,2026-03-15,6,0
11820,treatment,2026-03-08,5,0
11821,control,2026-03-09,10,0
11822,control,2026-03-04,9,0
11823,control,2026-03-15,11,1
11824,treatment,2026-03-08,6,0
11825,control,2026-03-15,5,1
11826,treatment,2026-03-07,13,0
11827,treatment,2026-03-03,10,1
11828,treatment,2026-03-05,7,1
11829,treatment,2026-03-05,13,1
11830,control,2026-03-06,11,0
11831,control,2026-03-06,15,0
11832,control,2026-03-15,9,0
11833,control,2026-03-07,8,1
11834,treatment,2026-03-12,8,1
11835,control,2026-03-12,8,0
11836,control,2026-03-11,7,0
11837,control,2026-03-10,7,0
11838,treatment,2026-03-06,8,0
11839,treatment,2026-03-11,8,0
11840,treatment,2026-03-08,3,0
11841,treatment,2026-03-02,11,1
11842,control,2026-03-09,2,0
11843,control,2026-03-03,6,0
11844,treatment,2026-03-08,9,0
11845,treatment,2026-03-04,7,1
11846,control,2026-03-04,4,0
11847,control,2026-03-07,5,1
11848,treatment,2026-03-09,14,0
11849,control,2026-03-03,12,0
11850,control,2026-03-07,13,0
11851,treatment,2026-03-09,6,1
11852,control,2026-03-09,10,0
11853,treatment,2026-03-13,12,0
11854,treatment,2026-03-12,12,0
11855,treatment,2026-03-12,10,0
11856,control,2026-03-08,4,0
11857,treatment,2026-03-09,6,0
11858,treatment,2026-03-11,3,1
11859,treatment,2026-03-15,9,1
11860,treatment,2026-03-07,12,0
11861,control,2026-03-05,6,0
11862,control,2026-03-05,14,0
11863,control,2026-03-03,7,1
11864,treatment,2026-03-10,9,1
11865,treatment,2026-03-12,12,1
11866,control,2026-03-07,8,0
11867,control,2026-03-14,7,1
11868,control,2026-03-08,4,0
11869,treatment,2026-03-14,11,0
11870,treatment,2026-03-13,10,0
11871,control,2026-03-08,6,0
11872,control,2026-03-04,9,1
11873,treatment,2026-03-11,16,1
11874,treatment,2026-03-04,9,0
11875,control,2026-03-06,6,0
11876,treatment,2026-03-10,6,1
11877,control,2026-03-14,14,0
11878,treatment,2026-03-09,9,0
11879,treatment,2026-03-04,8,0
11880,treatment,2026-03-15,13,1
11881,treatment,2026-03-11,8,1
11882,treatment,2026-03-04,12,0
11883,treatment,2026-03-08,6,0
11884,treatment,2026-03-02,8,1
11885,control,2026-03-05,8,0
11886,treatment,2026-03-10,5,0
11887,control,2026-03-09,12,1
11888,treatment,2026-03-05,3,0
11889,control,2026-03-09,9,1
11890,treatment,2026-03-10,9,0
11891,treatment,2026-03-02,9,1
11892,control,2026-03-04,6,0
11893,treatment,2026-03-10,4,1
11894,treatment,2026-03-10,4,1
11895,treatment,2026-03-15,10,1
11896,treatment,2026-03-08,10,0
11897,control,2026-03-04,5,1
11898,treatment,2026-03-03,15,1
11899,control,2026-03-07,3,1
11900,treatment,2026-03-10,10,0
11901,control,2026-03-12,4,0
11902,treatment,2026-03-15,8,0
11903,treatment,2026-03-13,10,0
11904,control,2026-03-15,7,1
11905,control,2026-03-10,7,1
11906,control,2026-03-09,4,1
11907,treatment,2026-03-15,9,0
11908,control,2026-03-12,10,0
11909,treatment,2026-03-14,12,0
11910,treatment,2026-03-05,12,1
11911,control,2026-03-04,5,1
11912,treatment,2026-03-09,8,0
11913,control,2026-03-05,7,1
11914,treatment,2026-03-15,9,0
11915,treatment,2026-03-02,9,1
11916,control,2026-03-10,12,1
11917,control,2026-03-02,2,0
11918,control,2026-03-10,9,1
11919,treatment,2026-03-09,8,0
11920,control,2026-03-06,9,1
11921,treatment,2026-03-10,11,0
11922,control,2026-03-11,4,0
11923,control,2026-03-13,10,0
11924,control,2026-03-03,11,0
11925,treatment,2026-03-12,8,1
11926,treatment,2026-03-13,8,1
11927,treatment,2026-03-09,7,0
11928,treatment,2026-03-04,7,0
11929,treatment,2026-03-12,9,1
11930,control,2026-03-15,6,0
11931,control,2026-03-11,9,1
11932,control,2026-03-06,9,1
11933,treatment,2026-03-10,6,0
11934,control,2026-03-06,9,0
11935,control,2026-03-11,7,1
11936,control,2026-03-03,4,1
11937,control,2026-03-10,11,0
11938,treatment,2026-03-11,10,1
11939,treatment,2026-03-14,8,0
11940,control,2026-03-06,6,0
11941,control,2026-03-09,9,0
11942,treatment,2026-03-12,5,1
11943,control,2026-03-02,5,0
11944,control,2026-03-12,6,1
11945,control,2026-03-03,10,0
11946,treatment,2026-03-08,12,0
11947,treatment,2026-03-15,8,1
11948,treatment,2026-03-02,11,1
11949,treatment,2026-03-13,2,0
11950,control,2026-03-06,7,0
11951,control,2026-03-06,9,1
11952,control,2026-03-03,4,0
11953,treatment,2026-03-07,8,0
11954,control,2026-03-13,10,0
11955,control,2026-03-05,9,1
11956,treatment,2026-03-09,9,0
11957,treatment,2026-03-10,14,1
11958,treatment,2026-03-11,10,0
11959,treatment,2026-03-08,1,0
11960,treatment,2026-03-14,9,1
11961,control,2026-03-14,7,1
11962,treatment,2026-03-13,5,1
11963,treatment,2026-03-03,7,1
11964,control,2026-03-06,3,0
11965,treatment,2026-03-15,6,0
11966,control,2026-03-08,8,0
11967,treatment,2026-03-04,9,0
11968,treatment,2026-03-13,6,0
11969,control,2026-03-06,8,1
11970,control,2026-03-11,6,0
11971,control,2026-03-08,8,0
11972,control,2026-03-12,11,0
11973,treatment,2026-03-04,12,0
11974,control,2026-03-03,5,1
11975,treatment,2026-03-15,10,0
11976,control,2026-03-12,9,0
11977,control,2026-03-11,12,1
11978,control,2026-03-11,7,0
11979,control,2026-03-05,9,1
11980,treatment,2026-03-02,9,0
11981,control,2026-03-02,11,0
11982,treatment,2026-03-12,5,1
11983,treatment,2026-03-02,6,0
11984,treatment,2026-03-10,9,1
11985,treatment,2026-03-15,8,0
11986,control,2026-03-10,3,0
11987,treatment,2026-03-05,4,1
11988,treatment,2026-03-02,10,0
11989,treatment,2026-03-03,9,1
11990,control,2026-03-14,4,0
11991,control,2026-03-09,6,0
11992,treatment,2026-03-15,7,0
11993,control,2026-03-08,9,0
11994,control,2026-03-06,7,1
11995,treatment,2026-03-11,8,1
11996,control,2026-03-11,10,0
11997,control,2026-03-05,3,0
11998,treatment,2026-03-15,8,0
11999,treatment,2026-03-05,8,0
12000,treatment,2026-03-08,11,0
12001,treatment,2026-03-09,10,0
12002,treatment,2026-03-11,5,1
12003,control,2026-03-03,8,0
12004,treatment,2026-03-11,6,0
12005,treatment,2026-03-12,10,0
12006,treatment,2026-03-09,9,0
12007,treatment,2026-03-08,7,1
12008,control,2026-03-02,8,0
12009,control,2026-03-08,5,0
12010,treatment,2026-03-13,12,1
12011,treatment,2026-03-09,8,0
12012,control,2026-03-09,10,0
12013,control,2026-03-14,7,0
12014,treatment,2026-03-13,12,0
12015,control,2026-03-07,10,0
12016,treatment,2026-03-12,7,0
12017,control,2026-03-13,7,1
12018,control,2026-03-14,10,1
12019,control,2026-03-09,7,1
12020,treatment,2026-03-08,11,1
12021,treatment,2026-03-05,9,0
12022,control,2026-03-06,9,0
12023,treatment,2026-03-07,6,0
12024,treatment,2026-03-02,19,0
12025,control,2026-03-04,7,1
12026,treatment,2026-03-09,6,0
12027,treatment,2026-03-10,6,0
12028,treatment,2026-03-06,12,1
12029,control,2026-03-14,8,1
12030,control,2026-03-06,9,0
12031,control,2026-03-11,10,1
12032,treatment,2026-03-02,7,1
12033,control,2026-03-07,8,0
12034,control,2026-03-04,12,1
12035,control,2026-03-02,10,0
12036,treatment,2026-03-04,9,0
12037,control,2026-03-14,2,0
12038,treatment,2026-03-04,7,0
12039,control,2026-03-08,12,1
12040,control,2026-03-02,13,0
12041,control,2026-03-12,10,0
12042,treatment,2026-03-10,10,0
12043,treatment,2026-03-15,13,0
12044,treatment,2026-03-04,7,1
12045,control,2026-03-13,9,0
12046,treatment,2026-03-05,3,0
12047,control,2026-03-05,4,0
12048,treatment,2026-03-07,5,0
12049,treatment,2026-03-15,7,1
12050,control,2026-03-05,3,1
12051,treatment,2026-03-02,7,0
12052,control,2026-03-06,8,0
12053,treatment,2026-03-11,3,1
12054,control,2026-03-02,10,0
12055,treatment,2026-03-06,4,0
12056,control,2026-03-12,5,0
12057,control,2026-03-13,7,0
12058,treatment,2026-03-03,12,0
12059,control,2026-03-12,6,1
12060,control,2026-03-06,6,0
12061,treatment,2026-03-11,14,0
12062,treatment,2026-03-02,6,0
12063,control,2026-03-11,8,0
12064,control,2026-03-12,10,1
12065,treatment,2026-03-07,8,0
12066,treatment,2026-03-11,11,0
12067,control,2026-03-10,4,0
12068,control,2026-03-14,11,0
12069,treatment,2026-03-12,5,0
12070,treatment,2026-03-13,9,1
12071,control,2026-03-10,9,0
12072,treatment,2026-03-06,11,0
12073,control,2026-03-05,8,1
12074,control,2026-03-13,6,0
12075,treatment,2026-03-14,11,1
12076,control,2026-03-15,11,0
12077,control,2026-03-06,9,0
12078,control,2026-03-02,3,1
12079,control,2026-03-11,13,1
12080,treatment,2026-03-04,9,0
12081,treatment,2026-03-12,10,1
12082,treatment,2026-03-15,12,0
12083,control,2026-03-05,11,1
12084,treatment,2026-03-13,14,1
12085,treatment,2026-03-12,8,0
12086,treatment,2026-03-15,10,1
12087,control,2026-03-04,6,1
12088,treatment,2026-03-11,8,0
12089,control,2026-03-11,7,1
12090,treatment,2026-03-06,11,0
12091,treatment,2026-03-06,10,1
12092,treatment,2026-03-04,16,0
12093,control,2026-03-13,8,0
12094,treatment,2026-03-03,7,0
12095,treatment,2026-03-05,13,0
12096,treatment,2026-03-04,17,1
12097,control,2026-03-02,14,1
12098,control,2026-03-12,6,1
12099,treatment,2026-03-05,10,0
12100,control,2026-03-10,8,1
12101,control,2026-03-15,7,1
12102,control,2026-03-04,11,1
12103,control,2026-03-08,7,0
12104,treatment,2026-03-14,9,0
12105,treatment,2026-03-08,7,0
12106,control,2026-03-08,10,1
12107,control,2026-03-15,11,1
12108,treatment,2026-03-13,10,1
12109,control,2026-03-03,11,0
12110,treatment,2026-03-06,5,0
12111,control,2026-03-06,10,0
12112,treatment,2026-03-02,6,1
12113,control,2026-03-02,7,0
12114,treatment,2026-03-15,5,1
12115,control,2026-03-02,2,0
12116,treatment,2026-03-03,11,1
12117,treatment,2026-03-10,10,0
12118,treatment,2026-03-05,6,0
12119,treatment,2026-03-03,14,1
12120,control,2026-03-04,12,0
12121,control,2026-03-11,7,1
12122,control,2026-03-03,6,0
12123,control,2026-03-06,8,0
12124,treatment,2026-03-11,6,1
12125,treatment,2026-03-07,16,0
12126,control,2026-03-05,9,0
12127,control,2026-03-06,5,1
12128,control,2026-03-05,4,0
12129,treatment,2026-03-06,9,1
12130,treatment,2026-03-09,13,0
12131,treatment,2026-03-08,11,0
12132,treatment,2026-03-03,12,1
12133,control,2026-03-09,3,0
12134,treatment,2026-03-13,8,0
12135,control,2026-03-10,5,0
12136,treatment,2026-03-09,8,0
12137,control,2026-03-06,8,0
12138,control,2026-03-04,5,0
12139,control,2026-03-11,8,1
12140,treatment,2026-03-04,8,1
12141,control,2026-03-11,8,1
12142,control,2026-03-02,9,1
12143,treatment,2026-03-10,10,1
12144,control,2026-03-03,7,1
12145,treatment,2026-03-09,11,0
12146,treatment,2026-03-08,9,1
12147,control,2026-03-09,9,0
12148,treatment,2026-03-12,7,0
12149,control,2026-03-08,6,1
12150,treatment,2026-03-08,7,0
12151,control,2026-03-12,12,0
12152,treatment,2026-03-14,5,1
12153,treatment,2026-03-11,9,1
12154,treatment,2026-03-06,6,1
12155,control,2026-03-08,3,0
12156,treatment,2026-03-02,14,0
12157,control,2026-03-02,7,0
12158,treatment,2026-03-02,11,0
12159,control,2026-03-08,11,0
12160,treatment,2026-03-15,8,0
12161,control,2026-03-08,6,0
12162,treatment,2026-03-05,13,1
12163,control,2026-03-05,11,0
12164,control,2026-03-15,5,0
12165,control,2026-03-08,7,0
12166,treatment,2026-03-06,6,0
12167,control,2026-03-15,8,1
12168,treatment,2026-03-04,8,1
12169,treatment,2026-03-15,12,0
12170,control,2026-03-09,11,0
12171,control,2026-03-03,9,0
12172,control,2026-03-11,6,1
12173,treatment,2026-03-06,10,0
12174,control,2026-03-05,9,1
12175,treatment,2026-03-06,7,0
12176,treatment,2026-03-14,9,0
12177,treatment,2026-03-14,6,0
12178,treatment,2026-03-13,13,1
12179,control,2026-03-09,5,0
12180,control,2026-03-15,8,1
12181,control,2026-03-08,11,0
12182,control,2026-03-07,11,1
12183,treatment,2026-03-06,5,0
12184,treatment,2026-03-03,6,0
12185,treatment,2026-03-04,7,0
12186,control,2026-03-12,7,1
12187,control,2026-03-04,5,1
12188,control,2026-03-03,10,0
12189,treatment,2026-03-10,5,0
12190,control,2026-03-10,4,1
12191,treatment,2026-03-06,11,0
12192,treatment,2026-03-04,10,1
12193,control,2026-03-11,6,0
12194,treatment,2026-03-05,6,0
12195,treatment,2026-03-04,4,0
12196,control,2026-03-15,3,1
12197,treatment,2026-03-07,11,1
12198,treatment,2026-03-15,16,0
12199,treatment,2026-03-05,7,1
12200,control,2026-03-03,7,0
12201,control,2026-03-05,5,0
12202,control,2026-03-08,8,0
12203,treatment,2026-03-04,8,1
12204,control,2026-03-13,6,0
12205,control,2026-03-14,6,1
12206,control,2026-03-13,3,0
12207,treatment,2026-03-07,10,0
12208,treatment,2026-03-07,10,1
12209,control,2026-03-02,11,0
12210,treatment,2026-03-12,11,1
12211,control,2026-03-08,5,1
12212,treatment,2026-03-13,12,1
12213,control,2026-03-04,5,0
12214,control,2026-03-10,9,1
12215,control,2026-03-02,10,0
12216,control,2026-03-05,8,0
12217,treatment,2026-03-12,12,1
12218,control,2026-03-11,5,1
12219,control,2026-03-13,7,1
12220,control,2026-03-06,5,1
12221,control,2026-03-08,4,0
12222,treatment,2026-03-12,5,0
12223,control,2026-03-12,6,0
12224,treatment,2026-03-03,7,0
12225,control,2026-03-05,8,1
12226,control,2026-03-14,6,0
12227,treatment,2026-03-04,10,1
12228,control,2026-03-03,9,1
12229,treatment,2026-03-06,7,0
12230,control,2026-03-04,15,0
12231,control,2026-03-04,6,0
12232,control,2026-03-07,11,0
12233,control,2026-03-06,13,0
12234,treatment,2026-03-08,6,1
12235,treatment,2026-03-02,11,0
12236,treatment,2026-03-05,4,0
12237,control,2026-03-09,10,1
12238,control,2026-03-04,12,0
12239,control,2026-03-02,6,1
12240,control,2026-03-13,3,1
12241,treatment,2026-03-04,7,0
12242,treatment,2026-03-09,8,0
12243,control,2026-03-15,15,1
12244,treatment,2026-03-11,9,0
12245,treatment,2026-03-08,8,1
12246,control,2026-03-09,8,0
12247,control,2026-03-12,6,1
12248,control,2026-03-12,7,0
12249,treatment,2026-03-09,9,1
12250,treatment,2026-03-10,10,0
12251,treatment,2026-03-13,10,0
12252,treatment,2026-03-12,6,0
12253,treatment,2026-03-04,9,0
12254,treatment,2026-03-08,11,0
12255,control,2026-03-08,9,0
12256,control,2026-03-15,6,1
12257,treatment,2026-03-07,9,0
12258,treatment,2026-03-09,6,1
12259,control,2026-03-07,8,0
12260,control,2026-03-11,5,1
12261,treatment,2026-03-12,13,0
12262,treatment,2026-03-11,6,0
12263,treatment,2026-03-11,8,0
12264,control,2026-03-08,5,0
12265,control,2026-03-12,13,0
12266,control,2026-03-05,6,1
12267,treatment,2026-03-08,15,1
12268,treatment,2026-03-10,9,0
12269,treatment,2026-03-15,9,1
12270,control,2026-03-13,6,0
12271,treatment,2026-03-15,10,0
12272,control,2026-03-06,6,1
12273,treatment,2026-03-03,9,0
12274,treatment,2026-03-02,8,0
12275,treatment,2026-03-14,10,0
12276,treatment,2026-03-03,7,1
12277,control,2026-03-05,7,0
12278,treatment,2026-03-13,14,1
12279,control,2026-03-14,8,1
12280,control,2026-03-02,5,1
12281,control,2026-03-02,16,1
12282,treatment,2026-03-14,9,0
12283,treatment,2026-03-10,15,0
12284,treatment,2026-03-05,9,0
12285,control,2026-03-06,6,1
12286,control,2026-03-02,5,1
12287,control,2026-03-11,7,1
12288,treatment,2026-03-14,8,1
12289,control,2026-03-15,12,1
12290,control,2026-03-03,8,0
12291,control,2026-03-13,6,0
12292,control,2026-03-08,5,1
12293,treatment,2026-03-07,7,0
12294,control,2026-03-02,7,1
12295,treatment,2026-03-15,9,0
12296,control,2026-03-09,7,0
12297,treatment,2026-03-02,12,0
12298,control,2026-03-05,5,1
12299,treatment,2026-03-03,8,1
12300,treatment,2026-03-12,9,1
12301,control,2026-03-13,9,0
12302,control,2026-03-07,10,0
12303,treatment,2026-03-11,11,1
12304,treatment,2026-03-15,2,0
12305,treatment,2026-03-09,11,0
12306,treatment,2026-03-11,7,0
12307,control,2026-03-15,12,1
12308,control,2026-03-09,14,0
12309,control,2026-03-03,5,1
12310,control,2026-03-10,12,0
12311,control,2026-03-14,14,0
12312,treatment,2026-03-02,6,0
12313,control,2026-03-10,6,1
12314,treatment,2026-03-07,8,1
12315,control,2026-03-03,12,0
12316,control,2026-03-09,6,1
12317,treatment,2026-03-12,12,0
12318,treatment,2026-03-15,2,0
12319,control,2026-03-06,12,0
12320,control,2026-03-06,7,1
12321,control,2026-03-13,6,1
12322,control,2026-03-11,1,0
12323,control,2026-03-12,10,0
12324,control,2026-03-12,1,0
12325,treatment,2026-03-12,8,0
12326,treatment,2026-03-05,10,0
12327,treatment,2026-03-15,12,0
12328,treatment,2026-03-14,8,1
12329,control,2026-03-06,5,0
12330,treatment,2026-03-04,10,0
12331,control,2026-03-14,8,0
12332,control,2026-03-14,8,0
12333,treatment,2026-03-13,9,0
12334,treatment,2026-03-11,10,0
12335,control,2026-03-11,5,0
12336,treatment,2026-03-12,11,0
12337,treatment,2026-03-09,10,1
12338,treatment,2026-03-08,5,0
12339,control,2026-03-06,12,0
12340,control,2026-03-07,5,1
12341,treatment,2026-03-02,7,1
12342,treatment,2026-03-03,12,0
12343,treatment,2026-03-04,8,1
12344,treatment,2026-03-04,11,1
12345,treatment,2026-03-07,7,1
12346,control,2026-03-03,6,0
12347,control,2026-03-08,8,0
12348,treatment,2026-03-13,12,0
12349,treatment,2026-03-13,6,0
12350,treatment,2026-03-10,7,0
12351,control,2026-03-03,8,1
12352,control,2026-03-13,9,0
12353,treatment,2026-03-12,11,0
12354,treatment,2026-03-07,11,0
12355,control,2026-03-09,5,0
12356,control,2026-03-08,3,1
12357,treatment,2026-03-02,7,0
12358,control,2026-03-09,4,0
12359,treatment,2026-03-15,12,0
12360,treatment,2026-03-10,5,1
12361,control,2026-03-11,4,1
12362,control,2026-03-07,6,0
12363,treatment,2026-03-04,7,0
12364,control,2026-03-10,11,0
12365,treatment,2026-03-13,4,1
12366,treatment,2026-03-06,10,0
12367,control,2026-03-08,10,0
12368,treatment,2026-03-06,8,1
12369,control,2026-03-13,6,0
12370,control,2026-03-03,13,1
12371,control,2026-03-03,7,1
12372,treatment,2026-03-08,8,0
12373,treatment,2026-03-15,7,1
12374,control,2026-03-12,6,1
12375,treatment,2026-03-02,10,0
12376,control,2026-03-13,8,1
12377,treatment,2026-03-03,7,0
12378,treatment,2026-03-08,12,0
12379,control,2026-03-02,7,0
12380,treatment,2026-03-11,12,1
12381,treatment,2026-03-10,8,0
12382,treatment,2026-03-05,10,0
12383,treatment,2026-03-12,10,1
12384,control,2026-03-06,2,0
12385,control,2026-03-11,8,0
12386,control,2026-03-03,9,1
12387,treatment,2026-03-13,8,1
12388,treatment,2026-03-09,6,0
12389,treatment,2026-03-13,8,0
12390,control,2026-03-07,9,1
12391,control,2026-03-03,9,1
12392,treatment,2026-03-09,6,1
12393,control,2026-03-03,6,0
12394,treatment,2026-03-07,4,0
12395,control,2026-03-09,10,0
12396,control,2026-03-04,13,0
12397,treatment,2026-03-11,14,0
12398,control,2026-03-14,8,0
12399,treatment,2026-03-05,11,0
12400,control,2026-03-09,12,1
12401,treatment,2026-03-06,8,1
12402,treatment,2026-03-09,11,1
12403,treatment,2026-03-08,12,1
12404,treatment,2026-03-07,5,1
12405,treatment,2026-03-08,15,1
12406,treatment,2026-03-08,12,1
12407,control,2026-03-09,12,0
12408,control,2026-03-14,6,0
12409,control,2026-03-06,9,0
12410,treatment,2026-03-11,13,1
12411,treatment,2026-03-12,3,1
12412,control,2026-03-06,7,1
12413,treatment,2026-03-02,12,0
12414,treatment,2026-03-14,8,1
12415,control,2026-03-04,13,1
12416,control,2026-03-05,6,0
12417,treatment,2026-03-10,18,0
12418,treatment,2026-03-04,10,0
12419,control,2026-03-09,9,1
12420,treatment,2026-03-06,8,1
12421,control,2026-03-10,8,0
12422,control,2026-03-03,6,1
12423,control,2026-03-13,7,0
12424,control,2026-03-15,5,0
12425,control,2026-03-12,7,0
12426,treatment,2026-03-05,11,1
12427,control,2026-03-06,12,1
12428,control,2026-03-05,4,0
12429,treatment,2026-03-06,6,1
12430,treatment,2026-03-14,8,0
12431,control,2026-03-13,5,1
12432,treatment,2026-03-12,6,0
12433,control,2026-03-14,9,0
12434,treatment,2026-03-11,11,0
12435,treatment,2026-03-03,9,0
12436,treatment,2026-03-07,8,0
12437,control,2026-03-10,11,0
12438,control,2026-03-14,7,1
12439,control,2026-03-07,2,0
12440,treatment,2026-03-09,5,0
12441,treatment,2026-03-11,9,1
12442,treatment,2026-03-06,9,0
12443,treatment,2026-03-03,6,1
12444,control,2026-03-12,9,1
12445,treatment,2026-03-11,9,1
12446,treatment,2026-03-03,6,0
12447,treatment,2026-03-15,5,1
12448,control,2026-03-04,7,1
12449,control,2026-03-13,11,0
12450,treatment,2026-03-02,11,0
12451,control,2026-03-08,10,1
12452,treatment,2026-03-04,6,0
12453,treatment,2026-03-15,7,0
12454,treatment,2026-03-12,14,0
12455,control,2026-03-02,8,0
12456,treatment,2026-03-09,11,1
12457,control,2026-03-03,8,0
12458,treatment,2026-03-06,8,1
12459,control,2026-03-05,7,1
12460,control,2026-03-06,8,1
12461,control,2026-03-15,10,0
12462,treatment,2026-03-04,10,1
12463,treatment,2026-03-15,5,0
12464,treatment,2026-03-12,7,0
12465,control,2026-03-05,10,0
12466,treatment,2026-03-04,6,1
12467,control,2026-03-03,7,0
12468,control,2026-03-06,8,1
12469,control,2026-03-06,6,0
12470,treatment,2026-03-02,4,0
12471,treatment,2026-03-02,4,0
12472,control,2026-03-04,7,1
12473,treatment,2026-03-05,15,0
12474,treatment,2026-03-12,7,1
12475,control,2026-03-15,5,1
12476,treatment,2026-03-13,11,0
12477,treatment,2026-03-15,6,1
12478,treatment,2026-03-04,10,0
12479,control,2026-03-04,7,0
12480,treatment,2026-03-04,9,0
12481,control,2026-03-11,8,1
12482,control,2026-03-06,8,0
12483,treatment,2026-03-11,6,1
12484,treatment,2026-03-09,7,0
12485,control,2026-03-02,4,1
12486,treatment,2026-03-02,13,0
12487,treatment,2026-03-06,8,1
12488,treatment,2026-03-06,7,0
12489,treatment,2026-03-14,7,1
12490,treatment,2026-03-04,4,0
12491,control,2026-03-05,7,0
12492,treatment,2026-03-05,8,0
12493,treatment,2026-03-07,7,1
12494,control,2026-03-11,13,1
12495,control,2026-03-15,6,0
12496,control,2026-03-08,6,0
12497,control,2026-03-06,5,0
12498,control,2026-03-11,12,0
12499,treatment,2026-03-10,13,1
12500,control,2026-03-03,6,0
12501,treatment,2026-03-11,9,1
12502,treatment,2026-03-10,8,0
12503,control,2026-03-11,11,1
12504,treatment,2026-03-08,9,1
12505,treatment,2026-03-11,8,0
12506,control,2026-03-05,10,0
12507,control,2026-03-09,11,0
12508,treatment,2026-03-15,11,1
12509,control,2026-03-05,10,1
12510,control,2026-03-14,6,1
12511,control,2026-03-12,9,0
12512,control,2026-03-15,6,0
12513,control,2026-03-07,9,0
12514,control,2026-03-12,8,1
12515,treatment,2026-03-05,9,0
12516,control,2026-03-10,8,0
12517,treatment,2026-03-07,11,1
12518,control,2026-03-09,9,1
12519,treatment,2026-03-12,7,0
12520,treatment,2026-03-11,4,0
12521,treatment,2026-03-04,12,0
12522,treatment,2026-03-11,9,1
12523,control,2026-03-04,7,0
12524,treatment,2026-03-15,10,0
12525,treatment,2026-03-06,10,1
12526,treatment,2026-03-07,4,1
12527,treatment,2026-03-09,11,1
12528,control,2026-03-02,6,1
12529,treatment,2026-03-12,11,0
12530,treatment,2026-03-13,8,0
12531,control,2026-03-10,10,0
12532,control,2026-03-14,16,0
12533,control,2026-03-03,12,1
12534,control,2026-03-14,7,0
12535,control,2026-03-13,8,0
12536,treatment,2026-03-05,12,0
12537,treatment,2026-03-04,10,0
12538,treatment,2026-03-02,10,0
12539,treatment,2026-03-07,12,1
12540,treatment,2026-03-07,7,0
12541,treatment,2026-03-10,8,1
12542,control,2026-03-06,6,0
12543,treatment,2026-03-10,16,1
12544,treatment,2026-03-03,12,0
12545,control,2026-03-12,8,0
12546,treatment,2026-03-04,8,1
12547,control,2026-03-13,7,0
12548,control,2026-03-03,5,0
12549,control,2026-03-12,7,0
12550,treatment,2026-03-12,7,0
12551,control,2026-03-04,3,0
12552,treatment,2026-03-02,15,1
12553,control,2026-03-07,13,1
12554,control,2026-03-10,7,0
12555,control,2026-03-14,7,0
12556,control,2026-03-04,7,0
12557,treatment,2026-03-15,9,0
12558,treatment,2026-03-14,14,1
12559,control,2026-03-10,13,0
12560,control,2026-03-03,7,1
12561,control,2026-03-06,8,1
12562,treatment,2026-03-06,7,0
12563,treatment,2026-03-03,8,1
12564,control,2026-03-03,8,0
12565,control,2026-03-13,10,0
12566,treatment,2026-03-06,15,1
12567,treatment,2026-03-05,9,0
12568,control,2026-03-04,12,0
12569,control,2026-03-04,7,0
12570,treatment,2026-03-12,8,0
12571,control,2026-03-14,17,0
12572,treatment,2026-03-10,8,1
12573,treatment,2026-03-12,12,1
12574,treatment,2026-03-11,12,0
12575,control,2026-03-07,9,1
12576,treatment,2026-03-14,7,0
12577,treatment,2026-03-15,11,0
12578,treatment,2026-03-06,9,0
12579,treatment,2026-03-09,3,0
12580,control,2026-03-03,10,0
12581,treatment,2026-03-14,5,1
12582,treatment,2026-03-06,11,0
12583,control,2026-03-05,7,0
12584,treatment,2026-03-12,11,0
12585,treatment,2026-03-07,10,0
12586,control,2026-03-07,6,0
12587,treatment,2026-03-03,8,1
12588,control,2026-03-03,9,0
12589,treatment,2026-03-11,5,0
12590,control,2026-03-04,13,1
12591,treatment,2026-03-09,10,1
12592,control,2026-03-12,9,1
12593,treatment,2026-03-06,8,0
12594,treatment,2026-03-11,11,1
12595,treatment,2026-03-09,7,0
12596,treatment,2026-03-15,10,0
12597,control,2026-03-15,7,1
12598,treatment,2026-03-09,9,0
12599,control,2026-03-15,5,1
12600,control,2026-03-05,10,0
12601,treatment,2026-03-14,16,1
12602,control,2026-03-10,7,0
12603,control,2026-03-03,6,1
12604,control,2026-03-04,9,0
12605,control,2026-03-15,10,1
12606,control,2026-03-02,5,0
12607,treatment,2026-03-10,6,0
12608,control,2026-03-02,7,0
12609,control,2026-03-12,13,0
12610,treatment,2026-03-10,11,0
12611,treatment,2026-03-14,10,0
12612,control,2026-03-07,6,0
12613,control,2026-03-09,8,1
12614,treatment,2026-03-08,6,1
12615,treatment,2026-03-08,12,1
12616,treatment,2026-03-08,10,0
12617,treatment,2026-03-09,10,0
12618,control,2026-03-14,5,1
12619,control,2026-03-03,5,1
12620,treatment,2026-03-09,2,1
12621,treatment,2026-03-12,5,0
12622,control,2026-03-05,7,0
12623,control,2026-03-09,3,0
12624,treatment,2026-03-13,16,1
12625,treatment,2026-03-11,10,1
12626,control,2026-03-02,11,0
12627,treatment,2026-03-06,9,0
12628,treatment,2026-03-10,16,0
12629,control,2026-03-06,8,0
12630,control,2026-03-02,14,0
12631,treatment,2026-03-09,11,0
12632,control,2026-03-02,6,0
12633,control,2026-03-13,8,1
12634,control,2026-03-04,2,1
12635,control,2026-03-11,14,0
12636,treatment,2026-03-11,11,1
12637,control,2026-03-09,9,0
12638,treatment,2026-03-06,8,0
12639,control,2026-03-15,10,0
12640,treatment,2026-03-07,10,0
12641,treatment,2026-03-02,5,1
12642,control,2026-03-02,15,1
12643,control,2026-03-04,7,1
12644,treatment,2026-03-07,10,0
12645,control,2026-03-05,11,0
12646,control,2026-03-03,16,1
12647,treatment,2026-03-08,7,0
12648,control,2026-03-12,6,1
12649,treatment,2026-03-10,9,0
12650,control,2026-03-10,10,1
12651,treatment,2026-03-03,9,0
12652,control,2026-03-07,8,1
12653,control,2026-03-14,8,0
12654,control,2026-03-12,9,0
12655,treatment,2026-03-09,12,1
12656,control,2026-03-06,11,1
12657,control,2026-03-09,11,0
12658,treatment,2026-03-06,4,1
12659,treatment,2026-03-03,8,0
12660,control,2026-03-09,6,1
12661,control,2026-03-09,9,0
12662,treatment,2026-03-08,13,1
12663,treatment,2026-03-04,13,0
12664,treatment,2026-03-13,13,0
12665,control,2026-03-14,12,0
12666,control,2026-03-12,7,1
12667,treatment,2026-03-05,13,0
12668,treatment,2026-03-14,9,0
12669,control,2026-03-15,13,1
12670,treatment,2026-03-15,15,0
12671,control,2026-03-13,6,0
12672,control,2026-03-06,8,1
12673,treatment,2026-03-04,7,1
12674,control,2026-03-07,5,1
12675,control,2026-03-09,5,0
12676,control,2026-03-03,6,0
12677,control,2026-03-07,10,1
12678,treatment,2026-03-07,9,0
12679,control,2026-03-05,15,0
12680,treatment,2026-03-03,8,1
12681,treatment,2026-03-05,5,1
12682,control,2026-03-04,5,0
12683,treatment,2026-03-12,6,0
12684,control,2026-03-14,11,1
12685,treatment,2026-03-15,5,0
12686,control,2026-03-10,8,0
12687,control,2026-03-02,8,1
12688,control,2026-03-15,13,1
12689,control,2026-03-14,7,0
12690,treatment,2026-03-07,8,0
12691,control,2026-03-07,11,0
12692,treatment,2026-03-04,6,1
12693,control,2026-03-09,6,1
12694,control,2026-03-07,11,1
12695,control,2026-03-08,8,1
12696,treatment,2026-03-14,6,1
12697,control,2026-03-12,14,1
12698,treatment,2026-03-02,7,1
12699,control,2026-03-08,3,0
12700,control,2026-03-06,4,0
12701,treatment,2026-03-10,12,0
12702,treatment,2026-03-02,9,1
12703,control,2026-03-02,8,0
12704,treatment,2026-03-03,5,1
12705,control,2026-03-10,6,0
12706,treatment,2026-03-13,10,0
12707,treatment,2026-03-04,9,1
12708,treatment,2026-03-03,6,0
12709,control,2026-03-08,7,1
12710,treatment,2026-03-14,6,1
12711,control,2026-03-13,11,1
12712,control,2026-03-06,9,0
12713,treatment,2026-03-12,6,1
12714,treatment,2026-03-09,10,0
12715,treatment,2026-03-08,11,1
12716,treatment,2026-03-13,4,0
12717,treatment,2026-03-03,11,0
12718,control,2026-03-06,6,0
12719,control,2026-03-04,11,0
12720,control,2026-03-14,7,1
12721,control,2026-03-06,8,0
12722,control,2026-03-10,5,0
12723,treatment,2026-03-12,5,1
12724,treatment,2026-03-15,8,0
12725,treatment,2026-03-12,4,1
12726,control,2026-03-10,9,0
12727,control,2026-03-04,8,0
12728,control,2026-03-13,12,0
12729,control,2026-03-03,9,0
12730,control,2026-03-04,6,0
12731,control,2026-03-14,5,1
12732,treatment,2026-03-11,7,1
12733,control,2026-03-07,5,1
12734,treatment,2026-03-04,5,1
12735,treatment,2026-03-14,13,1
12736,control,2026-03-12,9,0
12737,treatment,2026-03-05,11,0
12738,control,2026-03-04,5,1
12739,treatment,2026-03-06,8,0
12740,treatment,2026-03-05,9,1
12741,treatment,2026-03-15,6,0
12742,treatment,2026-03-11,10,0
12743,treatment,2026-03-14,5,0
12744,treatment,2026-03-07,10,1
12745,control,2026-03-08,9,0
12746,treatment,2026-03-03,3,0
12747,control,2026-03-09,5,0
12748,control,2026-03-04,5,1
12749,control,2026-03-15,8,0
12750,treatment,2026-03-11,18,0
12751,treatment,2026-03-08,6,1
12752,control,2026-03-06,15,0
12753,control,2026-03-13,8,0
12754,treatment,2026-03-05,4,1
12755,control,2026-03-09,7,0
12756,control,2026-03-06,7,0
12757,control,2026-03-14,4,1
12758,control,2026-03-05,11,1
12759,control,2026-03-08,5,0
12760,control,2026-03-14,11,0
12761,control,2026-03-13,4,0
12762,control,2026-03-12,7,1
12763,treatment,2026-03-02,11,1
12764,treatment,2026-03-13,7,0
12765,treatment,2026-03-14,6,0
12766,treatment,2026-03-02,8,0
12767,control,2026-03-14,5,0
12768,treatment,2026-03-14,9,0
12769,control,2026-03-02,8,0
12770,treatment,2026-03-09,7,0
12771,treatment,2026-03-08,9,1
12772,treatment,2026-03-12,8,0
12773,control,2026-03-04,3,1
12774,treatment,2026-03-05,4,0
12775,control,2026-03-11,10,0
12776,control,2026-03-13,6,1
12777,treatment,2026-03-08,7,0
12778,treatment,2026-03-09,11,0
12779,treatment,2026-03-05,11,0
12780,treatment,2026-03-12,9,0
12781,treatment,2026-03-11,12,0
12782,control,2026-03-03,4,1
12783,control,2026-03-11,7,1
12784,treatment,2026-03-10,9,0
12785,control,2026-03-15,7,0
12786,control,2026-03-13,5,1
12787,treatment,2026-03-14,10,0
12788,treatment,2026-03-08,3,0
12789,treatment,2026-03-08,1,0
12790,control,2026-03-10,9,1
12791,treatment,2026-03-12,11,0
12792,treatment,2026-03-07,9,0
12793,control,2026-03-02,8,0
12794,control,2026-03-08,12,1
12795,treatment,2026-03-11,7,0
12796,treatment,2026-03-10,11,1
12797,control,2026-03-12,5,0
12798,control,2026-03-04,8,1
12799,control,2026-03-12,9,0
12800,treatment,2026-03-10,10,0
12801,treatment,2026-03-12,11,1
12802,control,2026-03-05,6,1
12803,treatment,2026-03-08,3,0
12804,treatment,2026-03-13,12,1
12805,treatment,2026-03-09,11,0
12806,treatment,2026-03-13,8,0
12807,control,2026-03-09,4,0
12808,treatment,2026-03-10,10,0
12809,control,2026-03-06,12,0
12810,treatment,2026-03-03,11,0
12811,control,2026-03-06,5,0
12812,control,2026-03-04,5,0
12813,control,2026-03-12,12,0
12814,treatment,2026-03-02,10,0
12815,control,2026-03-05,5,1
12816,control,2026-03-06,6,1
12817,control,2026-03-08,1,0
12818,treatment,2026-03-08,13,0
12819,treatment,2026-03-12,7,1
12820,treatment,2026-03-07,3,0
12821,control,2026-03-02,5,0
12822,control,2026-03-02,12,0
12823,control,2026-03-10,7,0
12824,treatment,2026-03-15,6,0
12825,treatment,2026-03-03,5,0
12826,control,2026-03-13,11,1
12827,treatment,2026-03-15,9,0
12828,control,2026-03-02,8,0
12829,control,2026-03-06,10,1
12830,treatment,2026-03-06,8,1
12831,treatment,2026-03-06,6,0
12832,control,2026-03-14,12,0
12833,treatment,2026-03-02,9,1
12834,treatment,2026-03-11,7,0
12835,control,2026-03-08,5,0
12836,treatment,2026-03-10,7,1
12837,control,2026-03-04,6,0
12838,treatment,2026-03-09,9,0
12839,control,2026-03-03,9,0
12840,control,2026-03-06,9,1
12841,control,2026-03-09,12,0
12842,control,2026-03-07,5,1
12843,control,2026-03-03,7,1
12844,control,2026-03-09,6,0
12845,control,2026-03-08,8,1
12846,control,2026-03-04,9,0
12847,control,2026-03-08,6,0
12848,treatment,2026-03-13,6,0
12849,control,2026-03-06,7,1
12850,treatment,2026-03-03,8,1
12851,control,2026-03-09,12,0
12852,treatment,2026-03-14,11,1
12853,treatment,2026-03-08,4,1
12854,treatment,2026-03-03,6,0
12855,control,2026-03-04,5,1
12856,treatment,2026-03-06,12,0
12857,control,2026-03-14,10,0
12858,treatment,2026-03-04,10,0
12859,control,2026-03-11,5,1
12860,treatment,2026-03-09,10,1
12861,control,2026-03-07,9,0
12862,control,2026-03-13,11,0
12863,treatment,2026-03-12,5,1
12864,control,2026-03-08,8,1
12865,treatment,2026-03-08,11,0
12866,treatment,2026-03-10,4,0
12867,control,2026-03-15,14,0
12868,treatment,2026-03-06,7,0
12869,control,2026-03-05,11,0
12870,treatment,2026-03-05,12,1
12871,treatment,2026-03-06,6,1
12872,control,2026-03-07,5,1
12873,treatment,2026-03-14,11,1
12874,treatment,2026-03-09,8,1
12875,treatment,2026-03-04,6,0
12876,control,2026-03-06,8,0
12877,control,2026-03-11,6,1
12878,control,2026-03-14,7,0
12879,treatment,2026-03-12,12,1
12880,control,2026-03-06,14,0
12881,treatment,2026-03-04,8,0
12882,treatment,2026-03-13,8,1
12883,treatment,2026-03-04,9,0
12884,control,2026-03-11,5,0
12885,treatment,2026-03-03,9,0
12886,control,2026-03-10,4,0
12887,treatment,2026-03-05,11,0
12888,control,2026-03-07,4,0
12889,treatment,2026-03-12,6,0
12890,treatment,2026-03-15,6,0
12891,treatment,2026-03-10,13,1
12892,treatment,2026-03-14,10,0
12893,treatment,2026-03-15,14,0
12894,control,2026-03-02,9,0
12895,treatment,2026-03-10,10,0
12896,treatment,2026-03-06,6,0
12897,control,2026-03-11,10,0
12898,treatment,2026-03-15,8,1
12899,control,2026-03-02,9,0
12900,treatment,2026-03-14,4,1
12901,treatment,2026-03-14,6,0
12902,control,2026-03-09,9,1
12903,treatment,2026-03-12,8,1
12904,treatment,2026-03-05,11,0
12905,treatment,2026-03-06,10,0
12906,control,2026-03-04,5,1
12907,treatment,2026-03-02,10,0
12908,treatment,2026-03-09,10,1
12909,control,2026-03-11,7,0
12910,treatment,2026-03-09,10,1
12911,control,2026-03-11,8,0
12912,control,2026-03-12,10,0
12913,treatment,2026-03-08,7,1
12914,control,2026-03-03,6,0
12915,treatment,2026-03-11,6,0
12916,treatment,2026-03-04,5,0
12917,control,2026-03-04,6,0
12918,control,2026-03-13,8,1
12919,control,2026-03-02,7,0
12920,control,2026-03-15,6,1
12921,control,2026-03-11,5,0
12922,treatment,2026-03-02,10,1
12923,treatment,2026-03-12,15,0
12924,treatment,2026-03-05,9,0
12925,treatment,2026-03-05,6,0
12926,treatment,2026-03-13,8,0
12927,treatment,2026-03-09,7,1
12928,treatment,2026-03-15,4,0
12929,control,2026-03-05,8,0
12930,treatment,2026-03-11,2,1
12931,treatment,2026-03-09,4,0
12932,control,2026-03-06,5,1
12933,treatment,2026-03-11,11,1
12934,treatment,2026-03-14,10,0
12935,treatment,2026-03-12,8,0
12936,control,2026-03-03,11,0
12937,treatment,2026-03-11,9,1
12938,control,2026-03-10,3,0
12939,treatment,2026-03-12,11,0
12940,treatment,2026-03-11,8,0
12941,treatment,2026-03-11,10,0
12942,control,2026-03-14,4,0
12943,control,2026-03-09,5,0
12944,control,2026-03-14,12,0
12945,treatment,2026-03-10,7,0
12946,control,2026-03-08,8,0
12947,treatment,2026-03-14,8,1
12948,control,2026-03-06,9,1
12949,treatment,2026-03-14,7,0
12950,treatment,2026-03-07,10,0
12951,control,2026-03-02,5,1
12952,treatment,2026-03-10,12,1
12953,treatment,2026-03-15,9,1
12954,treatment,2026-03-06,8,0
12955,treatment,2026-03-13,5,1
12956,control,2026-03-14,9,0
12957,treatment,2026-03-13,4,0
12958,control,2026-03-12,2,1
12959,control,2026-03-14,10,0
12960,control,2026-03-04,11,0
12961,control,2026-03-07,11,1
12962,treatment,2026-03-13,11,1
12963,treatment,2026-03-05,8,0
12964,control,2026-03-08,7,1
12965,treatment,2026-03-14,6,1
12966,treatment,2026-03-09,14,1
12967,control,2026-03-08,7,0
12968,control,2026-03-05,11,1
12969,treatment,2026-03-06,7,0
12970,treatment,2026-03-11,13,1
12971,control,2026-03-15,10,1
12972,treatment,2026-03-13,6,0
12973,treatment,2026-03-05,10,0
12974,treatment,2026-03-05,8,1
12975,treatment,2026-03-02,14,0
12976,control,2026-03-13,10,0
12977,control,2026-03-03,14,1
12978,control,2026-03-15,6,1
12979,treatment,2026-03-09,9,0
12980,control,2026-03-05,5,1
12981,treatment,2026-03-14,7,0
12982,treatment,2026-03-12,10,1
12983,treatment,2026-03-14,8,0
12984,treatment,2026-03-10,12,0
12985,treatment,2026-03-13,7,0
12986,control,2026-03-10,11,0
12987,control,2026-03-04,5,0
12988,treatment,2026-03-12,2,0
12989,treatment,2026-03-13,8,1
12990,control,2026-03-13,5,1
12991,treatment,2026-03-10,16,0
12992,treatment,2026-03-10,7,0
12993,control,2026-03-07,4,0
12994,treatment,2026-03-10,9,1
12995,control,2026-03-09,8,0
12996,control,2026-03-06,5,1
12997,control,2026-03-04,7,1
12998,treatment,2026-03-09,10,0
12999,treatment,2026-03-15,15,1
13000,treatment,2026-03-05,7,1
13001,treatment,2026-03-13,2,1
13002,treatment,2026-03-09,10,0
13003,control,2026-03-14,3,0
13004,treatment,2026-03-15,12,0
13005,control,2026-03-02,10,0
13006,treatment,2026-03-09,12,1
13007,treatment,2026-03-04,14,0
13008,control,2026-03-03,7,1
13009,treatment,2026-03-07,2,0
13010,control,2026-03-09,12,0
13011,treatment,2026-03-03,11,0
13012,treatment,2026-03-02,9,0
13013,control,2026-03-08,6,0
13014,treatment,2026-03-02,9,1
13015,treatment,2026-03-12,7,0
13016,treatment,2026-03-13,8,1
13017,treatment,2026-03-10,4,0
13018,treatment,2026-03-04,9,1
13019,treatment,2026-03-05,5,0
13020,control,2026-03-04,9,0
13021,control,2026-03-04,5,1
13022,control,2026-03-06,9,0
13023,treatment,2026-03-15,8,1
13024,control,2026-03-13,7,1
13025,treatment,2026-03-05,13,0
13026,treatment,2026-03-12,6,0
13027,treatment,2026-03-04,10,0
13028,control,2026-03-07,15,1
13029,control,2026-03-02,7,1
13030,control,2026-03-05,6,0
13031,control,2026-03-08,9,0
13032,treatment,2026-03-06,14,0
13033,control,2026-03-13,6,0
13034,treatment,2026-03-12,6,0
13035,treatment,2026-03-09,12,1
13036,control,2026-03-03,11,0
13037,control,2026-03-11,8,0
13038,control,2026-03-05,7,0
13039,control,2026-03-14,7,1
13040,control,2026-03-06,11,1
13041,treatment,2026-03-15,5,0
13042,control,2026-03-07,7,0
13043,treatment,2026-03-02,6,1
13044,control,2026-03-06,3,0
13045,treatment,2026-03-02,9,1
13046,treatment,2026-03-15,8,1
13047,treatment,2026-03-13,6,1
13048,control,2026-03-11,6,1
13049,control,2026-03-08,7,1
13050,treatment,2026-03-10,10,0
13051,control,2026-03-07,8,0
13052,control,2026-03-05,8,1
13053,control,2026-03-08,7,1
13054,treatment,2026-03-13,5,0
13055,control,2026-03-12,7,0
13056,control,2026-03-08,12,1
13057,treatment,2026-03-09,14,0
13058,control,2026-03-05,6,0
13059,control,2026-03-10,7,0
13060,control,2026-03-12,7,0
13061,control,2026-03-06,8,0
13062,control,2026-03-12,7,0
13063,control,2026-03-11,7,1
13064,treatment,2026-03-06,16,0
13065,treatment,2026-03-02,3,1
13066,treatment,2026-03-05,8,1
13067,treatment,2026-03-08,6,1
13068,control,2026-03-04,4,0
13069,control,2026-03-06,12,0
13070,treatment,2026-03-02,14,1
13071,control,2026-03-05,12,0
13072,control,2026-03-11,10,0
13073,control,2026-03-11,9,0
13074,control,2026-03-12,8,1
13075,treatment,2026-03-02,11,0
13076,treatment,2026-03-12,2,0
13077,treatment,2026-03-15,7,0
13078,control,2026-03-13,11,0
13079,control,2026-03-12,11,1
13080,control,2026-03-02,9,1
13081,treatment,2026-03-02,5,0
13082,treatment,2026-03-11,9,0
13083,treatment,2026-03-02,12,1
13084,treatment,2026-03-04,9,0
13085,control,2026-03-12,8,0
13086,control,2026-03-06,8,1
13087,treatment,2026-03-13,8,1
13088,control,2026-03-06,11,0
13089,control,2026-03-10,11,0
13090,treatment,2026-03-06,9,1
13091,treatment,2026-03-06,11,1
13092,control,2026-03-13,7,1
13093,treatment,2026-03-15,13,1
13094,control,2026-03-04,4,1
13095,control,2026-03-04,9,1
13096,treatment,2026-03-15,11,0
13097,control,2026-03-08,8,0
13098,control,2026-03-13,9,0
13099,control,2026-03-05,14,0
13100,control,2026-03-14,7,1
13101,control,2026-03-09,6,0
13102,treatment,2026-03-13,9,1
13103,treatment,2026-03-14,3,1
13104,treatment,2026-03-15,3,1
13105,control,2026-03-13,7,0
13106,treatment,2026-03-02,9,0
13107,treatment,2026-03-09,13,0
13108,control,2026-03-08,10,0
13109,treatment,2026-03-08,15,1
13110,control,2026-03-05,4,1
13111,control,2026-03-09,10,1
13112,treatment,2026-03-02,11,1
13113,treatment,2026-03-06,5,0
13114,treatment,2026-03-14,4,1
13115,control,2026-03-06,10,0
13116,treatment,2026-03-08,12,0
13117,control,2026-03-15,7,1
13118,control,2026-03-13,8,1
13119,control,2026-03-09,10,0
13120,control,2026-03-11,11,0
13121,control,2026-03-13,5,0
13122,treatment,2026-03-15,16,0
13123,control,2026-03-05,6,0
13124,control,2026-03-12,8,1
13125,treatment,2026-03-10,10,0
13126,treatment,2026-03-14,8,0
13127,treatment,2026-03-05,7,0
13128,control,2026-03-03,4,0
13129,treatment,2026-03-10,13,1
13130,control,2026-03-14,6,1
13131,treatment,2026-03-03,6,0
13132,control,2026-03-15,8,0
13133,treatment,2026-03-14,8,0
13134,control,2026-03-03,8,1
13135,treatment,2026-03-02,9,0
13136,control,2026-03-07,8,1
13137,treatment,2026-03-08,7,1
13138,treatment,2026-03-05,10,0
13139,treatment,2026-03-04,6,0
13140,control,2026-03-05,8,1
13141,control,2026-03-07,5,0
13142,control,2026-03-06,7,0
13143,control,2026-03-15,7,1
13144,treatment,2026-03-14,8,1
13145,treatment,2026-03-13,12,1
13146,control,2026-03-03,9,0
13147,treatment,2026-03-11,8,1
13148,control,2026-03-13,5,0
13149,control,2026-03-09,5,1
13150,control,2026-03-14,10,1
13151,treatment,2026-03-09,9,1
13152,control,2026-03-14,8,1
13153,control,2026-03-14,8,0
13154,control,2026-03-10,9,0
13155,treatment,2026-03-02,8,1
13156,control,2026-03-14,6,0
13157,control,2026-03-04,12,1
13158,treatment,2026-03-05,8,1
13159,treatment,2026-03-08,7,0
13160,treatment,2026-03-05,6,0
13161,control,2026-03-03,8,1
13162,treatment,2026-03-15,10,0
13163,treatment,2026-03-07,8,0
13164,treatment,2026-03-14,7,0
13165,control,2026-03-02,2,0
13166,control,2026-03-03,6,0
13167,control,2026-03-10,9,0
13168,control,2026-03-09,10,0
13169,treatment,2026-03-14,7,0
13170,treatment,2026-03-13,10,0
13171,control,2026-03-04,12,1
13172,control,2026-03-06,6,0
13173,control,2026-03-03,6,0
13174,control,2026-03-04,2,0
13175,control,2026-03-14,8,1
13176,control,2026-03-04,7,1
13177,control,2026-03-14,7,0
13178,control,2026-03-13,8,1
13179,treatment,2026-03-08,7,1
13180,control,2026-03-02,6,0
13181,control,2026-03-04,9,1
13182,treatment,2026-03-08,12,0
13183,treatment,2026-03-04,9,0
13184,treatment,2026-03-03,13,1
13185,control,2026-03-06,7,0
13186,control,2026-03-13,5,1
13187,control,2026-03-03,10,0
13188,control,2026-03-08,6,1
13189,treatment,2026-03-13,8,1
13190,treatment,2026-03-07,13,1
13191,control,2026-03-07,10,0
13192,control,2026-03-09,3,1
13193,treatment,2026-03-03,18,0
13194,control,2026-03-03,9,0
13195,control,2026-03-15,4,1
13196,treatment,2026-03-14,9,0
13197,control,2026-03-02,9,0
13198,control,2026-03-09,3,1
13199,control,2026-03-02,11,1
13200,control,2026-03-14,6,1
13201,control,2026-03-09,12,1
13202,treatment,2026-03-03,6,0
13203,control,2026-03-13,10,0
13204,control,2026-03-09,18,0
13205,control,2026-03-05,7,0
13206,treatment,2026-03-08,2,0
13207,control,2026-03-06,9,1
13208,treatment,2026-03-10,8,0
13209,control,2026-03-06,6,0
13210,control,2026-03-09,7,1
13211,treatment,2026-03-09,9,0
13212,treatment,2026-03-10,8,0
13213,treatment,2026-03-09,2,0
13214,treatment,2026-03-08,2,0
13215,control,2026-03-07,8,1
13216,treatment,2026-03-10,10,0
13217,control,2026-03-05,7,0
13218,treatment,2026-03-03,6,1
13219,control,2026-03-07,5,0
13220,treatment,2026-03-11,10,0
13221,control,2026-03-08,13,0
13222,control,2026-03-08,8,1
13223,control,2026-03-02,4,0
13224,control,2026-03-12,7,1
13225,treatment,2026-03-02,7,0
13226,treatment,2026-03-04,12,0
13227,control,2026-03-09,9,1
13228,treatment,2026-03-03,13,0
13229,control,2026-03-11,10,1
13230,control,2026-03-04,9,1
13231,control,2026-03-12,9,0
13232,treatment,2026-03-08,12,0
13233,treatment,2026-03-14,4,0
13234,control,2026-03-10,10,0
13235,control,2026-03-06,4,1
13236,treatment,2026-03-02,11,0
13237,treatment,2026-03-06,11,0
13238,control,2026-03-04,7,1
13239,treatment,2026-03-14,16,1
13240,treatment,2026-03-12,8,0
13241,treatment,2026-03-05,10,0
13242,control,2026-03-06,8,0
13243,control,2026-03-06,3,1
13244,control,2026-03-03,10,1
13245,control,2026-03-05,10,0
13246,control,2026-03-04,5,1
13247,treatment,2026-03-11,8,0
13248,treatment,2026-03-09,8,0
13249,treatment,2026-03-02,12,1
13250,treatment,2026-03-11,8,1
13251,treatment,2026-03-12,11,0
13252,treatment,2026-03-05,5,0
13253,treatment,2026-03-10,13,0
13254,treatment,2026-03-09,10,0
13255,control,2026-03-02,8,0
13256,treatment,2026-03-14,10,0
13257,treatment,2026-03-04,5,0
13258,control,2026-03-05,3,1
13259,control,2026-03-07,14,0
13260,treatment,2026-03-08,8,0
13261,control,2026-03-15,4,1
13262,treatment,2026-03-02,12,1
13263,treatment,2026-03-12,12,0
13264,control,2026-03-13,5,0
13265,treatment,2026-03-09,10,0
13266,treatment,2026-03-02,10,0
13267,treatment,2026-03-02,9,1
13268,control,2026-03-02,5,0
13269,control,2026-03-06,7,0
13270,control,2026-03-15,4,0
13271,treatment,2026-03-11,9,1
13272,treatment,2026-03-07,11,0
13273,treatment,2026-03-07,9,1
13274,treatment,2026-03-07,12,0
13275,control,2026-03-10,7,0
13276,control,2026-03-09,10,0
13277,treatment,2026-03-09,4,0
13278,control,2026-03-04,9,1
13279,control,2026-03-05,6,1
13280,control,2026-03-03,5,1
13281,treatment,2026-03-05,12,0
13282,treatment,2026-03-13,11,0
13283,control,2026-03-07,8,1
13284,treatment,2026-03-12,8,0
13285,control,2026-03-03,13,0
13286,control,2026-03-07,8,1
13287,control,2026-03-08,5,1
13288,treatment,2026-03-14,9,1
13289,control,2026-03-09,10,0
13290,treatment,2026-03-02,4,0
13291,treatment,2026-03-03,10,0
13292,control,2026-03-06,4,0
13293,control,2026-03-14,11,1
13294,treatment,2026-03-09,9,0
13295,treatment,2026-03-12,9,1
13296,treatment,2026-03-08,7,0
13297,treatment,2026-03-09,10,0
13298,control,2026-03-09,8,0
13299,treatment,2026-03-08,6,0
13300,treatment,2026-03-14,4,1
13301,treatment,2026-03-07,10,0
13302,treatment,2026-03-07,8,0
13303,treatment,2026-03-10,4,0
13304,control,2026-03-11,8,1
13305,treatment,2026-03-04,10,0
13306,control,2026-03-08,9,0
13307,treatment,2026-03-14,6,1
13308,treatment,2026-03-11,11,0
13309,control,2026-03-04,7,0
13310,treatment,2026-03-09,7,1
13311,control,2026-03-07,10,0
13312,control,2026-03-12,10,1
13313,control,2026-03-02,9,1
13314,control,2026-03-12,7,1
13315,treatment,2026-03-02,7,1
13316,treatment,2026-03-11,12,1
13317,control,2026-03-02,7,1
13318,treatment,2026-03-13,9,0
13319,treatment,2026-03-12,3,0
13320,treatment,2026-03-06,11,1
13321,treatment,2026-03-08,11,0
13322,control,2026-03-02,8,0
13323,control,2026-03-13,10,0
13324,control,2026-03-02,8,0
13325,control,2026-03-12,3,0
13326,control,2026-03-02,10,0
13327,control,2026-03-15,8,1
13328,control,2026-03-08,10,0
13329,treatment,2026-03-10,10,1
13330,control,2026-03-04,10,0
13331,treatment,2026-03-03,6,0
13332,treatment,2026-03-05,13,1
13333,treatment,2026-03-14,12,0
13334,treatment,2026-03-05,6,1
13335,treatment,2026-03-13,9,1
13336,control,2026-03-02,11,0
13337,control,2026-03-06,6,1
13338,treatment,2026-03-04,7,1
13339,control,2026-03-12,9,0
13340,treatment,2026-03-14,16,1
13341,treatment,2026-03-07,11,1
13342,control,2026-03-13,6,0
13343,treatment,2026-03-02,5,0
13344,control,2026-03-03,9,1
13345,control,2026-03-07,10,1
13346,control,2026-03-15,14,1
13347,treatment,2026-03-14,5,1
13348,control,2026-03-15,6,0
13349,treatment,2026-03-08,7,1
13350,control,2026-03-07,7,0
13351,treatment,2026-03-11,6,0
13352,control,2026-03-10,2,0
13353,control,2026-03-05,6,0
13354,control,2026-03-04,4,1
13355,treatment,2026-03-15,9,0
13356,treatment,2026-03-14,5,0
13357,control,2026-03-09,8,1
13358,treatment,2026-03-09,9,1
13359,control,2026-03-10,6,1
13360,treatment,2026-03-08,9,0
13361,treatment,2026-03-13,5,1
13362,control,2026-03-12,8,1
13363,control,2026-03-05,11,1
13364,treatment,2026-03-11,4,1
13365,control,2026-03-09,5,1
13366,treatment,2026-03-03,6,0
13367,control,2026-03-08,5,0
13368,treatment,2026-03-10,13,1
13369,control,2026-03-10,7,1
13370,treatment,2026-03-14,9,0
13371,control,2026-03-13,6,0
13372,control,2026-03-09,16,0
13373,treatment,2026-03-13,8,1
13374,control,2026-03-14,6,1
13375,treatment,2026-03-08,4,1
13376,treatment,2026-03-07,8,0
13377,control,2026-03-05,17,0
13378,control,2026-03-14,7,0
13379,control,2026-03-12,8,0
13380,control,2026-03-08,10,0
13381,treatment,2026-03-10,14,0
13382,treatment,2026-03-09,7,0
13383,control,2026-03-15,2,0
13384,treatment,2026-03-15,9,1
13385,control,2026-03-05,11,1
13386,control,2026-03-03,14,0
13387,control,2026-03-11,10,0
13388,treatment,2026-03-10,7,1
13389,treatment,2026-03-12,6,0
13390,control,2026-03-04,8,1
13391,control,2026-03-05,6,0
13392,control,2026-03-09,3,0
13393,control,2026-03-07,8,0
13394,control,2026-03-05,10,0
13395,control,2026-03-14,5,1
13396,treatment,2026-03-03,10,0
13397,treatment,2026-03-02,11,0
13398,treatment,2026-03-06,14,0
13399,control,2026-03-08,6,1
13400,control,2026-03-12,4,0
13401,control,2026-03-09,9,1
13402,treatment,2026-03-06,15,0
13403,control,2026-03-14,8,0
13404,treatment,2026-03-10,3,0
13405,control,2026-03-10,6,1
13406,control,2026-03-02,6,1
13407,control,2026-03-07,13,1
13408,control,2026-03-04,2,1
13409,control,2026-03-06,10,1
13410,control,2026-03-05,4,1
13411,control,2026-03-06,10,1
13412,treatment,2026-03-15,6,0
13413,treatment,2026-03-07,7,0
13414,treatment,2026-03-02,5,1
13415,control,2026-03-11,7,0
13416,treatment,2026-03-09,10,0
13417,control,2026-03-09,7,0
13418,control,2026-03-09,6,1
13419,treatment,2026-03-06,16,0
13420,control,2026-03-02,11,0
13421,control,2026-03-15,14,1
13422,control,2026-03-13,8,0
13423,treatment,2026-03-05,6,1
13424,treatment,2026-03-10,9,0
13425,treatment,2026-03-02,4,1
13426,control,2026-03-04,5,0
13427,treatment,2026-03-03,6,0
13428,treatment,2026-03-02,14,1
13429,control,2026-03-14,5,1
13430,treatment,2026-03-08,11,1
13431,control,2026-03-07,14,1
13432,control,2026-03-07,10,1
13433,control,2026-03-15,8,0
13434,control,2026-03-10,11,1
13435,treatment,2026-03-08,6,1
13436,treatment,2026-03-05,7,1
13437,treatment,2026-03-09,10,1
13438,control,2026-03-06,9,0
13439,control,2026-03-14,11,0
13440,treatment,2026-03-14,4,1
13441,control,2026-03-13,9,0
13442,treatment,2026-03-05,12,0
13443,control,2026-03-06,6,1
13444,treatment,2026-03-07,7,0
13445,control,2026-03-10,5,0
13446,treatment,2026-03-15,10,1
13447,treatment,2026-03-14,12,0
13448,treatment,2026-03-06,7,1
13449,treatment,2026-03-07,9,0
13450,treatment,2026-03-15,5,0
13451,treatment,2026-03-13,6,1
13452,control,2026-03-11,10,1
13453,treatment,2026-03-09,12,0
13454,treatment,2026-03-12,3,0
13455,treatment,2026-03-09,10,1
13456,control,2026-03-05,6,0
13457,treatment,2026-03-04,15,0
13458,treatment,2026-03-13,9,0
13459,control,2026-03-05,15,1
13460,control,2026-03-15,4,0
13461,treatment,2026-03-08,8,1
13462,treatment,2026-03-15,18,0
13463,control,2026-03-10,10,0
13464,treatment,2026-03-07,15,0
13465,control,2026-03-07,15,1
13466,treatment,2026-03-11,6,0
13467,treatment,2026-03-02,7,0
13468,treatment,2026-03-12,11,1
13469,control,2026-03-05,5,0
13470,treatment,2026-03-02,5,1
13471,control,2026-03-02,7,1
13472,control,2026-03-15,10,1
13473,treatment,2026-03-05,9,0
13474,treatment,2026-03-05,12,1
13475,control,2026-03-09,4,1
13476,control,2026-03-05,6,0
13477,control,2026-03-03,5,0
13478,control,2026-03-13,7,1
13479,control,2026-03-03,7,0
13480,control,2026-03-07,5,0
13481,control,2026-03-08,7,1
13482,treatment,2026-03-10,14,0
13483,treatment,2026-03-11,12,1
13484,treatment,2026-03-10,9,0
13485,control,2026-03-07,6,0
13486,treatment,2026-03-06,5,1
13487,control,2026-03-06,6,0
13488,treatment,2026-03-08,16,0
13489,treatment,2026-03-04,16,1
13490,control,2026-03-04,6,0
13491,treatment,2026-03-14,13,1
13492,treatment,2026-03-08,17,0
13493,control,2026-03-13,16,1
13494,control,2026-03-02,6,1
13495,control,2026-03-14,14,1
13496,control,2026-03-04,9,1
13497,control,2026-03-05,3,0
13498,control,2026-03-09,11,1
13499,control,2026-03-13,8,0
13500,control,2026-03-11,9,1
13501,treatment,2026-03-15,12,0
13502,control,2026-03-06,5,0
13503,treatment,2026-03-15,10,1
13504,treatment,2026-03-11,8,0
13505,control,2026-03-03,8,1
13506,treatment,2026-03-08,8,0
13507,treatment,2026-03-13,5,1
13508,control,2026-03-13,3,1
13509,control,2026-03-07,9,0
13510,treatment,2026-03-04,7,1
13511,control,2026-03-06,12,0
13512,control,2026-03-10,8,0
13513,control,2026-03-02,9,0
13514,treatment,2026-03-02,7,1
13515,control,2026-03-03,9,0
13516,control,2026-03-09,5,0
13517,treatment,2026-03-08,12,1
13518,treatment,2026-03-12,5,1
13519,control,2026-03-12,11,1
13520,treatment,2026-03-05,13,0
13521,treatment,2026-03-15,8,0
13522,treatment,2026-03-03,9,1
13523,treatment,2026-03-05,5,0
13524,treatment,2026-03-04,8,0
13525,control,2026-03-03,7,1
13526,treatment,2026-03-12,13,0
13527,control,2026-03-14,9,1
13528,treatment,2026-03-07,8,0
13529,control,2026-03-05,8,1
13530,treatment,2026-03-04,8,0
13531,control,2026-03-14,7,1
13532,treatment,2026-03-05,12,0
13533,control,2026-03-13,2,0
13534,treatment,2026-03-14,15,0
13535,treatment,2026-03-09,7,1
13536,control,2026-03-11,9,0
13537,control,2026-03-05,8,1
13538,treatment,2026-03-07,9,0
13539,treatment,2026-03-08,3,1
13540,treatment,2026-03-10,9,1
13541,treatment,2026-03-05,5,0
13542,control,2026-03-14,6,0
13543,treatment,2026-03-15,11,0
13544,treatment,2026-03-11,5,0
13545,treatment,2026-03-03,6,0
13546,control,2026-03-10,7,1
13547,treatment,2026-03-02,7,1
13548,control,2026-03-04,8,0
13549,treatment,2026-03-11,10,1
13550,control,2026-03-07,10,0
13551,treatment,2026-03-09,13,0
13552,treatment,2026-03-13,7,0
13553,control,2026-03-08,11,1
13554,treatment,2026-03-03,13,1
13555,treatment,2026-03-13,6,1
13556,treatment,2026-03-11,9,0
13557,treatment,2026-03-14,8,0
13558,treatment,2026-03-08,11,1
13559,control,2026-03-13,8,1
13560,control,2026-03-10,7,1
13561,treatment,2026-03-07,10,0
13562,control,2026-03-15,6,1
13563,treatment,2026-03-09,7,1
13564,control,2026-03-11,11,0
13565,treatment,2026-03-10,5,0
13566,control,2026-03-07,8,1
13567,control,2026-03-03,14,0
13568,control,2026-03-07,6,0
13569,control,2026-03-10,8,0
13570,control,2026-03-14,7,1
13571,treatment,2026-03-08,7,0
13572,treatment,2026-03-08,17,1
13573,treatment,2026-03-10,10,1
13574,treatment,2026-03-09,6,0
13575,treatment,2026-03-11,7,0
13576,treatment,2026-03-07,12,1
13577,control,2026-03-10,6,1
13578,treatment,2026-03-08,13,0
13579,control,2026-03-14,10,1
13580,control,2026-03-06,9,0
13581,control,2026-03-05,5,0
13582,control,2026-03-14,7,0
13583,control,2026-03-08,4,0
13584,control,2026-03-13,12,0
13585,control,2026-03-14,4,0
13586,treatment,2026-03-07,14,0
13587,control,2026-03-03,6,1
13588,control,2026-03-07,11,0
13589,control,2026-03-04,5,1
13590,control,2026-03-15,10,0
13591,treatment,2026-03-14,8,0
13592,treatment,2026-03-02,11,0
13593,control,2026-03-04,6,1
13594,treatment,2026-03-02,9,0
13595,control,2026-03-02,11,0
13596,treatment,2026-03-09,9,0
13597,treatment,2026-03-02,10,0
13598,control,2026-03-11,12,0
13599,treatment,2026-03-13,8,0
13600,control,2026-03-12,4,0
13601,treatment,2026-03-11,7,0
13602,control,2026-03-15,5,0
13603,treatment,2026-03-07,7,0
13604,treatment,2026-03-14,12,0
13605,treatment,2026-03-07,9,0
13606,treatment,2026-03-03,8,1
13607,control,2026-03-03,7,1
13608,control,2026-03-03,11,1
13609,control,2026-03-14,15,1
13610,control,2026-03-02,6,1
13611,treatment,2026-03-11,8,1
13612,control,2026-03-02,5,1
13613,treatment,2026-03-02,5,0
13614,treatment,2026-03-12,13,1
13615,control,2026-03-03,7,1
13616,control,2026-03-05,6,1
13617,control,2026-03-07,5,0
13618,treatment,2026-03-13,11,0
13619,control,2026-03-10,10,0
13620,control,2026-03-10,4,1
13621,control,2026-03-09,8,1
13622,treatment,2026-03-02,6,0
13623,treatment,2026-03-12,5,0
13624,control,2026-03-12,9,0
13625,treatment,2026-03-07,7,0
13626,treatment,2026-03-13,5,0
13627,control,2026-03-07,7,1
13628,treatment,2026-03-05,6,1
13629,control,2026-03-14,10,1
13630,treatment,2026-03-09,9,0
13631,treatment,2026-03-05,5,0
13632,control,2026-03-06,7,1
13633,treatment,2026-03-12,6,0
13634,control,2026-03-15,5,1
13635,treatment,2026-03-06,8,1
13636,treatment,2026-03-03,5,0
13637,treatment,2026-03-09,12,0
13638,treatment,2026-03-10,11,1
13639,treatment,2026-03-02,11,0
13640,treatment,2026-03-13,9,0
13641,control,2026-03-03,6,0
13642,treatment,2026-03-13,4,0
13643,control,2026-03-04,10,0
13644,control,2026-03-03,10,0
13645,control,2026-03-08,3,0
13646,control,2026-03-08,7,1
13647,treatment,2026-03-03,8,1
13648,treatment,2026-03-13,9,0
13649,control,2026-03-10,8,0
13650,treatment,2026-03-07,7,1
13651,treatment,2026-03-06,13,0
13652,control,2026-03-06,4,0
13653,treatment,2026-03-08,10,0
13654,treatment,2026-03-09,3,1
13655,control,2026-03-07,5,0
13656,control,2026-03-07,5,0
13657,control,2026-03-11,7,0
13658,treatment,2026-03-13,15,1
13659,control,2026-03-03,6,1
13660,treatment,2026-03-11,10,0
13661,treatment,2026-03-08,11,0
13662,treatment,2026-03-04,10,0
13663,control,2026-03-06,3,0
13664,treatment,2026-03-08,6,0
13665,treatment,2026-03-07,9,0
13666,control,2026-03-14,9,1
13667,control,2026-03-09,8,1
13668,treatment,2026-03-10,8,0
13669,control,2026-03-07,12,0
13670,control,2026-03-04,8,0
13671,control,2026-03-07,7,1
13672,treatment,2026-03-15,8,0
13673,treatment,2026-03-05,11,1
13674,control,2026-03-06,10,0
13675,control,2026-03-10,8,0
13676,control,2026-03-14,6,1
13677,treatment,2026-03-11,16,0
13678,treatment,2026-03-07,6,0
13679,treatment,2026-03-14,7,1
13680,treatment,2026-03-08,9,0
13681,control,2026-03-08,10,1
13682,control,2026-03-15,8,0
13683,treatment,2026-03-04,9,0
13684,treatment,2026-03-02,11,0
13685,control,2026-03-13,14,1
13686,control,2026-03-04,8,0
13687,treatment,2026-03-15,8,1
13688,control,2026-03-02,10,0
13689,treatment,2026-03-08,12,0
13690,control,2026-03-02,5,1
13691,control,2026-03-15,2,0
13692,treatment,2026-03-04,13,1
13693,treatment,2026-03-06,8,0
13694,treatment,2026-03-05,4,0
13695,control,2026-03-07,12,0
13696,control,2026-03-13,3,0
13697,treatment,2026-03-11,6,0
13698,control,2026-03-09,8,1
13699,treatment,2026-03-09,13,1
13700,control,2026-03-03,9,1
13701,control,2026-03-15,8,0
13702,control,2026-03-04,12,1
13703,control,2026-03-13,4,0
13704,control,2026-03-05,9,0
13705,treatment,2026-03-06,13,0
13706,treatment,2026-03-09,10,0
13707,treatment,2026-03-15,10,0
13708,treatment,2026-03-11,7,1
13709,treatment,2026-03-15,10,0
13710,control,2026-03-11,5,1
13711,control,2026-03-15,9,0
13712,treatment,2026-03-10,7,0
13713,control,2026-03-07,10,0
13714,control,2026-03-14,7,1
13715,control,2026-03-12,7,0
13716,control,2026-03-14,6,1
13717,control,2026-03-03,11,1
13718,control,2026-03-09,11,0
13719,treatment,2026-03-04,10,0
13720,treatment,2026-03-04,10,0
13721,treatment,2026-03-05,8,1
13722,treatment,2026-03-15,7,1
13723,control,2026-03-05,8,1
13724,control,2026-03-03,6,0
13725,treatment,2026-03-10,9,0
13726,control,2026-03-02,7,1
13727,control,2026-03-06,6,1
13728,control,2026-03-11,13,1
13729,treatment,2026-03-05,5,0
13730,treatment,2026-03-14,11,0
13731,treatment,2026-03-12,9,0
13732,treatment,2026-03-06,8,0
13733,treatment,2026-03-13,2,0
13734,control,2026-03-14,11,1
13735,treatment,2026-03-12,15,0
13736,control,2026-03-11,7,0
13737,control,2026-03-08,11,1
13738,treatment,2026-03-09,9,0
13739,control,2026-03-04,10,0
13740,control,2026-03-06,9,0
13741,control,2026-03-15,5,1
13742,treatment,2026-03-13,5,1
13743,treatment,2026-03-09,9,1
13744,treatment,2026-03-15,9,1
13745,treatment,2026-03-09,13,0
13746,treatment,2026-03-06,6,0
13747,treatment,2026-03-09,7,0
13748,treatment,2026-03-15,4,0
13749,treatment,2026-03-02,11,0
13750,treatment,2026-03-13,8,1
13751,treatment,2026-03-14,6,1
13752,control,2026-03-15,11,0
13753,treatment,2026-03-02,11,1
13754,treatment,2026-03-06,5,0
13755,control,2026-03-08,12,0
13756,treatment,2026-03-06,9,0
13757,control,2026-03-07,12,1
13758,control,2026-03-06,12,1
13759,control,2026-03-05,7,0
13760,control,2026-03-09,8,0
13761,control,2026-03-05,5,0
13762,control,2026-03-09,11,0
13763,treatment,2026-03-06,16,1
13764,treatment,2026-03-12,13,0
13765,control,2026-03-03,7,0
13766,treatment,2026-03-09,11,1
13767,control,2026-03-12,9,0
13768,control,2026-03-13,7,0
13769,treatment,2026-03-07,7,1
13770,treatment,2026-03-02,11,0
13771,control,2026-03-03,10,1
13772,treatment,2026-03-10,10,0
13773,control,2026-03-07,8,0
13774,control,2026-03-14,7,0
13775,treatment,2026-03-10,11,1
13776,treatment,2026-03-10,6,0
13777,treatment,2026-03-03,4,0
13778,treatment,2026-03-14,7,1
13779,control,2026-03-11,6,0
13780,treatment,2026-03-13,9,1
13781,treatment,2026-03-09,8,0
13782,treatment,2026-03-10,7,0
13783,control,2026-03-15,5,0
13784,treatment,2026-03-13,5,0
13785,treatment,2026-03-08,6,1
13786,treatment,2026-03-13,8,1
13787,treatment,2026-03-14,4,0
13788,control,2026-03-12,9,0
13789,treatment,2026-03-06,8,1
13790,control,2026-03-12,7,1
13791,treatment,2026-03-11,7,1
13792,control,2026-03-02,6,1
13793,treatment,2026-03-11,9,0
13794,control,2026-03-11,9,0
13795,control,2026-03-07,10,0
13796,control,2026-03-10,6,1
13797,control,2026-03-07,11,1
13798,control,2026-03-09,7,1
13799,control,2026-03-05,4,0
13800,treatment,2026-03-03,15,1
13801,treatment,2026-03-14,9,0
13802,treatment,2026-03-10,8,0
13803,control,2026-03-05,4,0
13804,control,2026-03-13,10,1
13805,treatment,2026-03-04,9,1
13806,control,2026-03-14,6,0
13807,treatment,2026-03-03,13,0
13808,treatment,2026-03-07,7,1
13809,control,2026-03-14,8,0
13810,treatment,2026-03-03,10,1
13811,control,2026-03-12,6,1
13812,treatment,2026-03-03,8,1
13813,treatment,2026-03-07,9,0
13814,control,2026-03-07,5,0
13815,control,2026-03-03,9,0
13816,treatment,2026-03-13,13,1
13817,control,2026-03-14,10,0
13818,treatment,2026-03-03,13,0
13819,control,2026-03-02,7,1
13820,control,2026-03-13,10,1
13821,control,2026-03-11,4,1
13822,control,2026-03-06,4,0
13823,control,2026-03-07,4,0
13824,treatment,2026-03-02,12,1
13825,control,2026-03-12,7,0
13826,treatment,2026-03-09,6,0
13827,control,2026-03-09,9,0
13828,treatment,2026-03-03,7,1
13829,treatment,2026-03-06,10,0
13830,treatment,2026-03-04,10,1
13831,treatment,2026-03-02,11,0
13832,control,2026-03-15,5,0
13833,control,2026-03-13,2,0
13834,control,2026-03-13,7,0
13835,control,2026-03-07,7,0
13836,control,2026-03-05,7,1
13837,treatment,2026-03-15,10,0
13838,control,2026-03-13,12,0
13839,control,2026-03-13,9,1
13840,treatment,2026-03-13,5,0
13841,control,2026-03-14,5,0
13842,control,2026-03-11,4,1
13843,control,2026-03-11,9,0
13844,control,2026-03-13,9,0
13845,control,2026-03-03,3,0
13846,treatment,2026-03-13,6,0
13847,treatment,2026-03-14,4,1
13848,treatment,2026-03-13,11,0
13849,treatment,2026-03-10,10,0
13850,control,2026-03-07,7,0
13851,treatment,2026-03-09,5,1
13852,treatment,2026-03-03,17,0
13853,control,2026-03-08,12,0
13854,control,2026-03-05,9,0
13855,control,2026-03-13,10,0
13856,control,2026-03-08,7,0
13857,control,2026-03-12,9,1
13858,treatment,2026-03-12,12,0
13859,treatment,2026-03-04,8,0
13860,control,2026-03-08,8,0
13861,treatment,2026-03-09,15,0
13862,treatment,2026-03-04,10,0
13863,control,2026-03-03,8,1
13864,control,2026-03-12,7,0
13865,treatment,2026-03-12,4,1
13866,treatment,2026-03-10,7,1
13867,treatment,2026-03-11,2,1
13868,treatment,2026-03-15,12,0
13869,control,2026-03-10,11,1
13870,control,2026-03-08,7,1
13871,control,2026-03-07,4,1
13872,control,2026-03-06,11,0
13873,control,2026-03-04,9,0
13874,control,2026-03-07,2,1
13875,treatment,2026-03-06,10,0
13876,treatment,2026-03-15,8,1
13877,treatment,2026-03-04,12,0
13878,control,2026-03-07,12,1
13879,treatment,2026-03-09,7,1
13880,control,2026-03-11,5,0
13881,control,2026-03-03,7,0
13882,control,2026-03-06,7,0
13883,control,2026-03-11,8,0
13884,treatment,2026-03-10,9,1
13885,treatment,2026-03-15,12,0
13886,treatment,2026-03-04,11,1
13887,control,2026-03-08,13,0
13888,treatment,2026-03-08,8,0
13889,control,2026-03-13,7,0
13890,treatment,2026-03-05,11,1
13891,treatment,2026-03-05,8,0
13892,treatment,2026-03-15,9,0
13893,control,2026-03-14,8,0
13894,treatment,2026-03-05,5,0
13895,control,2026-03-12,5,0
13896,treatment,2026-03-13,7,0
13897,treatment,2026-03-03,11,0
13898,control,2026-03-11,13,1
13899,treatment,2026-03-15,5,1
13900,treatment,2026-03-13,9,1
13901,treatment,2026-03-10,13,0
13902,treatment,2026-03-04,9,0
13903,control,2026-03-13,7,1
13904,control,2026-03-09,9,1
13905,treatment,2026-03-15,9,0
13906,control,2026-03-15,16,0
13907,control,2026-03-11,8,0
13908,control,2026-03-06,5,0
13909,treatment,2026-03-06,7,1
13910,treatment,2026-03-04,5,0
13911,treatment,2026-03-09,10,0
13912,control,2026-03-15,8,0
13913,control,2026-03-07,5,0
13914,control,2026-03-12,10,0
13915,treatment,2026-03-02,10,1
13916,control,2026-03-08,5,0
13917,control,2026-03-02,7,0
13918,control,2026-03-04,6,0
13919,control,2026-03-02,9,0
13920,control,2026-03-04,9,0
13921,control,2026-03-10,6,1
13922,treatment,2026-03-10,8,0
13923,treatment,2026-03-14,12,1
13924,treatment,2026-03-08,16,0
13925,treatment,2026-03-03,9,0
13926,treatment,2026-03-10,9,1
13927,control,2026-03-08,13,0
13928,treatment,2026-03-08,6,0
13929,control,2026-03-08,12,0
13930,treatment,2026-03-06,11,0
13931,treatment,2026-03-15,5,0
13932,treatment,2026-03-06,11,1
13933,treatment,2026-03-15,10,1
13934,control,2026-03-15,6,1
13935,treatment,2026-03-11,19,1
13936,treatment,2026-03-02,12,1
13937,control,2026-03-02,6,0
13938,treatment,2026-03-09,12,1
13939,control,2026-03-10,4,1
13940,treatment,2026-03-13,7,0
13941,control,2026-03-15,6,1
13942,treatment,2026-03-05,8,0
13943,control,2026-03-15,7,0
13944,control,2026-03-04,4,0
13945,treatment,2026-03-13,7,0
13946,control,2026-03-13,12,0
13947,control,2026-03-15,9,0
13948,treatment,2026-03-11,3,0
13949,treatment,2026-03-15,13,0
13950,treatment,2026-03-09,5,0
13951,treatment,2026-03-11,4,0
13952,treatment,2026-03-11,8,0
13953,control,2026-03-08,5,0
13954,control,2026-03-14,8,1
13955,control,2026-03-06,6,0
13956,treatment,2026-03-03,9,0
13957,treatment,2026-03-09,7,0
13958,control,2026-03-03,7,1
13959,control,2026-03-06,8,0
13960,control,2026-03-08,7,0
13961,treatment,2026-03-04,7,1
13962,treatment,2026-03-03,20,0
13963,treatment,2026-03-10,9,1
13964,control,2026-03-08,3,0
13965,control,2026-03-05,9,0
13966,treatment,2026-03-05,10,0
13967,treatment,2026-03-05,8,1
13968,treatment,2026-03-06,9,0
13969,control,2026-03-04,11,1
13970,treatment,2026-03-12,9,0
13971,treatment,2026-03-08,10,1
13972,treatment,2026-03-07,6,0
13973,treatment,2026-03-15,11,1
13974,treatment,2026-03-03,13,0
13975,treatment,2026-03-05,8,0
13976,treatment,2026-03-02,6,1
13977,control,2026-03-09,7,0
13978,treatment,2026-03-05,7,1
13979,control,2026-03-09,3,0
13980,treatment,2026-03-04,12,1
13981,control,2026-03-03,7,0
13982,treatment,2026-03-13,5,0
13983,control,2026-03-14,10,1
13984,control,2026-03-10,10,0
13985,treatment,2026-03-04,8,1
13986,treatment,2026-03-09,9,1
13987,treatment,2026-03-09,8,0
13988,treatment,2026-03-13,4,1
13989,control,2026-03-14,8,1
13990,control,2026-03-11,7,1
13991,treatment,2026-03-14,8,1
13992,treatment,2026-03-08,4,0
13993,control,2026-03-12,5,1
13994,treatment,2026-03-12,8,0
13995,control,2026-03-07,8,0
13996,control,2026-03-12,5,0
13997,control,2026-03-11,6,1
13998,control,2026-03-13,6,0
13999,control,2026-03-02,10,0
14000,control,2026-03-05,6,1
14001,control,2026-03-11,12,1
14002,control,2026-03-11,9,0
14003,control,2026-03-05,12,1
14004,control,2026-03-02,5,1
14005,treatment,2026-03-02,7,1
14006,treatment,2026-03-09,7,0
14007,treatment,2026-03-03,5,0
14008,control,2026-03-12,8,1
14009,treatment,2026-03-07,8,0
14010,control,2026-03-04,8,0
14011,control,2026-03-09,12,0
14012,treatment,2026-03-15,7,0
14013,treatment,2026-03-14,9,1
14014,control,2026-03-12,9,1
14015,treatment,2026-03-15,7,0
14016,treatment,2026-03-03,9,1
14017,control,2026-03-03,5,0
14018,control,2026-03-07,6,0
14019,control,2026-03-02,10,0
14020,treatment,2026-03-12,14,1
14021,control,2026-03-08,11,1
14022,control,2026-03-07,10,0
14023,treatment,2026-03-15,7,1
14024,treatment,2026-03-13,9,0
14025,control,2026-03-07,8,1
14026,treatment,2026-03-10,8,0
14027,control,2026-03-14,5,1
14028,treatment,2026-03-05,3,1
14029,control,2026-03-10,8,1
14030,treatment,2026-03-04,3,0
14031,control,2026-03-12,4,0
14032,treatment,2026-03-11,4,1
14033,control,2026-03-12,8,1
14034,treatment,2026-03-15,6,0
14035,control,2026-03-12,11,1
14036,treatment,2026-03-13,6,0
14037,control,2026-03-05,7,0
14038,control,2026-03-08,5,0
14039,control,2026-03-14,10,0
14040,treatment,2026-03-02,3,0
14041,treatment,2026-03-12,6,0
14042,treatment,2026-03-14,8,1
14043,control,2026-03-10,7,0
14044,treatment,2026-03-10,14,1
14045,treatment,2026-03-09,11,0
14046,control,2026-03-14,11,0
14047,treatment,2026-03-09,11,0
14048,treatment,2026-03-06,11,0
14049,treatment,2026-03-09,7,0
14050,control,2026-03-04,6,1
14051,control,2026-03-08,9,1
14052,treatment,2026-03-08,11,0
14053,control,2026-03-03,7,0
14054,treatment,2026-03-03,8,0
14055,treatment,2026-03-15,6,1
14056,control,2026-03-04,10,0
14057,control,2026-03-07,9,0
14058,treatment,2026-03-04,9,1
14059,treatment,2026-03-04,10,0
14060,control,2026-03-04,6,0
14061,control,2026-03-12,12,1
14062,control,2026-03-08,9,0
14063,control,2026-03-11,5,1
14064,control,2026-03-14,11,0
14065,treatment,2026-03-09,8,0
14066,treatment,2026-03-10,10,1
14067,control,2026-03-14,9,1
14068,control,2026-03-03,5,1
14069,treatment,2026-03-07,9,1
14070,control,2026-03-02,13,0
14071,control,2026-03-03,6,1
14072,control,2026-03-03,10,1
14073,control,2026-03-07,10,1
14074,treatment,2026-03-03,7,0
14075,control,2026-03-04,11,0
14076,treatment,2026-03-05,10,1
14077,control,2026-03-02,4,1
14078,control,2026-03-08,8,0
14079,treatment,2026-03-02,10,0
14080,control,2026-03-14,6,0
14081,control,2026-03-13,11,1
14082,treatment,2026-03-03,8,0
14083,control,2026-03-13,6,0
14084,treatment,2026-03-09,14,0
14085,control,2026-03-06,6,0
14086,treatment,2026-03-02,11,0
14087,treatment,2026-03-14,13,0
14088,control,2026-03-14,5,0
14089,control,2026-03-06,8,0
14090,control,2026-03-07,12,0
14091,control,2026-03-09,16,0
14092,treatment,2026-03-07,11,1
14093,treatment,2026-03-11,10,1
14094,treatment,2026-03-03,12,0
14095,treatment,2026-03-06,9,0
14096,control,2026-03-05,7,1
14097,treatment,2026-03-14,13,0
14098,treatment,2026-03-10,12,0
14099,treatment,2026-03-04,5,0
14100,treatment,2026-03-02,10,0
14101,control,2026-03-07,6,0
14102,treatment,2026-03-14,6,0
14103,treatment,2026-03-02,9,1
14104,control,2026-03-08,9,0
14105,treatment,2026-03-09,11,0
14106,control,2026-03-05,6,0
14107,treatment,2026-03-07,12,1
14108,treatment,2026-03-11,10,0
14109,treatment,2026-03-15,13,0
14110,treatment,2026-03-15,9,0
14111,control,2026-03-09,3,1
14112,control,2026-03-15,6,0
14113,treatment,2026-03-13,7,0
14114,control,2026-03-15,9,0
14115,control,2026-03-04,7,1
14116,control,2026-03-14,4,0
14117,control,2026-03-02,11,0
14118,treatment,2026-03-13,5,1
14119,treatment,2026-03-15,7,1
14120,control,2026-03-14,7,0
14121,treatment,2026-03-09,7,0
14122,treatment,2026-03-02,10,0
14123,control,2026-03-09,11,0
14124,treatment,2026-03-04,10,0
14125,treatment,2026-03-15,7,1
14126,control,2026-03-05,8,0
14127,treatment,2026-03-15,10,0
14128,treatment,2026-03-15,10,1
14129,control,2026-03-06,5,0
14130,control,2026-03-13,7,1
14131,treatment,2026-03-09,7,0
14132,control,2026-03-07,9,0
14133,control,2026-03-14,6,0
14134,control,2026-03-12,13,0
14135,control,2026-03-15,6,0
14136,control,2026-03-08,10,1
14137,control,2026-03-05,8,1
14138,control,2026-03-09,6,1
14139,control,2026-03-04,5,1
14140,control,2026-03-13,11,1
14141,treatment,2026-03-06,14,0
14142,treatment,2026-03-05,7,0
14143,treatment,2026-03-15,4,0
14144,treatment,2026-03-02,8,0
14145,control,2026-03-11,8,1
14146,treatment,2026-03-04,10,0
14147,control,2026-03-10,11,0
14148,treatment,2026-03-02,10,0
14149,control,2026-03-14,9,1
14150,treatment,2026-03-03,7,0
14151,control,2026-03-08,5,1
14152,treatment,2026-03-02,6,0
14153,treatment,2026-03-02,10,1
14154,control,2026-03-09,4,0
14155,control,2026-03-04,8,0
14156,treatment,2026-03-03,8,0
14157,control,2026-03-07,8,1
14158,control,2026-03-05,12,0
14159,control,2026-03-03,12,1
14160,control,2026-03-11,11,0
14161,treatment,2026-03-12,4,1
14162,control,2026-03-07,6,0
14163,control,2026-03-04,11,0
14164,treatment,2026-03-04,10,0
14165,treatment,2026-03-05,12,0
14166,treatment,2026-03-03,9,1
14167,treatment,2026-03-11,9,1
14168,control,2026-03-10,5,1
14169,control,2026-03-09,11,1
14170,control,2026-03-09,4,1
14171,control,2026-03-14,14,1
14172,treatment,2026-03-05,9,0
14173,control,2026-03-03,6,0
14174,control,2026-03-04,5,0
14175,treatment,2026-03-13,9,0
14176,control,2026-03-11,7,1
14177,control,2026-03-07,12,0
14178,treatment,2026-03-04,11,0
14179,control,2026-03-15,4,1
14180,control,2026-03-05,13,0
14181,treatment,2026-03-11,12,0
14182,treatment,2026-03-12,5,0
14183,treatment,2026-03-05,17,0
14184,treatment,2026-03-09,9,0
14185,control,2026-03-06,5,0
14186,treatment,2026-03-07,7,0
14187,treatment,2026-03-03,9,0
14188,treatment,2026-03-04,10,0
14189,control,2026-03-05,8,1
14190,control,2026-03-11,1,0
14191,control,2026-03-14,8,0
14192,treatment,2026-03-15,7,1
14193,control,2026-03-12,10,0
14194,treatment,2026-03-10,7,0
14195,treatment,2026-03-13,10,0
14196,treatment,2026-03-15,6,1
14197,treatment,2026-03-14,8,1
14198,control,2026-03-09,12,1
14199,control,2026-03-15,13,0
14200,control,2026-03-04,7,0
14201,control,2026-03-10,6,0
14202,treatment,2026-03-13,7,0
14203,control,2026-03-10,7,1
14204,control,2026-03-03,3,1
14205,control,2026-03-10,10,0
14206,treatment,2026-03-15,12,1
14207,treatment,2026-03-05,18,1
14208,control,2026-03-12,3,0
14209,treatment,2026-03-12,12,1
14210,control,2026-03-05,9,0
14211,control,2026-03-02,6,0
14212,control,2026-03-02,9,0
14213,control,2026-03-15,6,0
14214,control,2026-03-08,4,0
14215,control,2026-03-13,10,0
14216,treatment,2026-03-05,11,1
14217,control,2026-03-13,9,1
14218,treatment,2026-03-07,7,1
14219,control,2026-03-03,15,0
14220,control,2026-03-07,9,0
14221,control,2026-03-04,9,1
14222,treatment,2026-03-07,4,1
14223,control,2026-03-04,15,0
14224,treatment,2026-03-03,9,1
14225,control,2026-03-13,12,0
14226,treatment,2026-03-14,8,0
14227,control,2026-03-06,5,1
14228,control,2026-03-10,6,0
14229,control,2026-03-11,7,0
14230,treatment,2026-03-07,10,1
14231,treatment,2026-03-08,8,0
14232,control,2026-03-14,11,0
14233,treatment,2026-03-08,9,1
14234,control,2026-03-02,10,1
14235,control,2026-03-03,7,1
14236,control,2026-03-08,5,0
14237,treatment,2026-03-03,7,1
14238,treatment,2026-03-03,10,0
14239,control,2026-03-05,7,1
14240,control,2026-03-09,10,0
14241,treatment,2026-03-06,9,1
14242,control,2026-03-10,9,1
14243,treatment,2026-03-12,11,1
14244,control,2026-03-03,11,1
14245,control,2026-03-05,8,0
14246,control,2026-03-13,8,0
14247,control,2026-03-03,7,1
14248,treatment,2026-03-07,8,0
14249,control,2026-03-09,6,0
14250,control,2026-03-05,8,0
14251,treatment,2026-03-14,11,0
14252,treatment,2026-03-04,10,0
14253,treatment,2026-03-12,6,0
14254,control,2026-03-08,8,0
14255,treatment,2026-03-03,10,0
14256,control,2026-03-12,8,0
14257,control,2026-03-14,6,0
14258,treatment,2026-03-05,8,1
14259,treatment,2026-03-06,6,1
14260,control,2026-03-04,6,1
14261,treatment,2026-03-12,6,0
14262,control,2026-03-13,4,1
14263,treatment,2026-03-14,8,0
14264,control,2026-03-02,4,1
14265,treatment,2026-03-02,8,0
14266,control,2026-03-12,9,0
14267,control,2026-03-02,8,0
14268,treatment,2026-03-07,3,1
14269,control,2026-03-03,6,0
14270,treatment,2026-03-09,9,1
14271,control,2026-03-02,9,1
14272,treatment,2026-03-05,7,1
14273,control,2026-03-02,5,0
14274,control,2026-03-10,4,1
14275,control,2026-03-11,8,1
14276,treatment,2026-03-06,11,0
14277,treatment,2026-03-14,10,0
14278,control,2026-03-08,10,0
14279,treatment,2026-03-09,9,0
14280,treatment,2026-03-12,6,0
14281,treatment,2026-03-02,10,1
14282,control,2026-03-10,4,0
14283,treatment,2026-03-03,8,1
14284,treatment,2026-03-07,12,0
14285,control,2026-03-03,4,0
14286,control,2026-03-09,11,0
14287,control,2026-03-15,8,0
14288,treatment,2026-03-03,11,0
14289,control,2026-03-09,11,1
14290,treatment,2026-03-11,8,0
14291,control,2026-03-07,6,0
14292,control,2026-03-10,6,1
14293,treatment,2026-03-09,6,0
14294,treatment,2026-03-12,10,1
14295,control,2026-03-15,10,0
14296,control,2026-03-13,10,0
14297,control,2026-03-07,12,1
14298,control,2026-03-04,11,1
14299,control,2026-03-06,9,1
14300,control,2026-03-08,6,1
14301,control,2026-03-13,12,0
14302,control,2026-03-04,12,1
14303,control,2026-03-10,6,0
14304,control,2026-03-05,8,1
14305,treatment,2026-03-12,11,1
14306,treatment,2026-03-05,11,1
14307,treatment,2026-03-05,9,1
14308,control,2026-03-09,6,1
14309,control,2026-03-09,9,1
14310,control,2026-03-09,9,1
14311,treatment,2026-03-04,8,1
14312,treatment,2026-03-03,13,1
14313,treatment,2026-03-15,7,0
14314,treatment,2026-03-05,7,1
14315,control,2026-03-13,11,1
14316,control,2026-03-15,4,0
14317,treatment,2026-03-11,8,1
14318,treatment,2026-03-15,9,1
14319,treatment,2026-03-11,6,1
14320,control,2026-03-12,7,1
14321,control,2026-03-15,9,1
14322,control,2026-03-12,7,1
14323,control,2026-03-10,7,1
14324,control,2026-03-10,1,1
14325,control,2026-03-06,9,0
14326,treatment,2026-03-05,9,0
14327,control,2026-03-13,6,0
14328,treatment,2026-03-10,8,0
14329,treatment,2026-03-04,6,1
14330,control,2026-03-13,6,0
14331,treatment,2026-03-09,11,0
14332,treatment,2026-03-12,11,0
14333,control,2026-03-09,9,1
14334,control,2026-03-02,12,1
14335,treatment,2026-03-12,10,0
14336,treatment,2026-03-11,9,0
14337,control,2026-03-07,5,0
14338,treatment,2026-03-08,5,1
14339,treatment,2026-03-14,11,0
14340,control,2026-03-06,10,1
14341,control,2026-03-03,9,0
14342,treatment,2026-03-11,6,0
14343,control,2026-03-11,8,1
14344,control,2026-03-13,7,0
14345,treatment,2026-03-12,13,0
14346,treatment,2026-03-04,8,1
14347,treatment,2026-03-09,15,1
14348,control,2026-03-09,4,0
14349,treatment,2026-03-04,5,0
14350,treatment,2026-03-15,6,0
14351,treatment,2026-03-06,6,0
14352,control,2026-03-14,7,0
14353,treatment,2026-03-08,8,0
14354,treatment,2026-03-10,7,0
14355,control,2026-03-06,7,1
14356,control,2026-03-13,6,1
14357,treatment,2026-03-02,10,1
14358,control,2026-03-10,8,0
14359,treatment,2026-03-06,6,1
14360,control,2026-03-11,5,1
14361,control,2026-03-10,7,1
14362,control,2026-03-13,9,0
14363,treatment,2026-03-02,10,0
14364,treatment,2026-03-03,5,0
14365,treatment,2026-03-06,15,0
14366,treatment,2026-03-02,10,0
14367,treatment,2026-03-03,14,0
14368,treatment,2026-03-03,8,1
14369,treatment,2026-03-11,9,1
14370,control,2026-03-06,9,0
14371,treatment,2026-03-14,6,1
14372,treatment,2026-03-02,9,0
14373,control,2026-03-09,8,0
14374,treatment,2026-03-12,8,0
14375,control,2026-03-10,11,0
14376,treatment,2026-03-02,9,0
14377,control,2026-03-09,6,0
14378,treatment,2026-03-14,9,0
14379,control,2026-03-13,6,0
14380,treatment,2026-03-13,11,1
14381,control,2026-03-12,5,1
14382,control,2026-03-02,6,1
14383,treatment,2026-03-03,10,0
14384,treatment,2026-03-14,9,1
14385,treatment,2026-03-02,7,0
14386,treatment,2026-03-06,9,1
14387,treatment,2026-03-13,10,0
14388,control,2026-03-11,7,1
14389,control,2026-03-10,10,0
14390,control,2026-03-11,13,1
14391,control,2026-03-11,6,1
14392,control,2026-03-14,8,0
14393,treatment,2026-03-04,7,1
14394,control,2026-03-14,7,0
14395,treatment,2026-03-09,9,1
14396,control,2026-03-02,10,0
14397,control,2026-03-03,6,0
14398,treatment,2026-03-06,12,0
14399,control,2026-03-12,5,0
14400,control,2026-03-12,7,0
14401,control,2026-03-10,10,1
14402,control,2026-03-02,6,0
14403,treatment,2026-03-02,8,0
14404,treatment,2026-03-13,9,1
14405,treatment,2026-03-12,9,0
14406,control,2026-03-02,5,0
14407,treatment,2026-03-12,8,1
14408,control,2026-03-10,3,1
14409,control,2026-03-10,3,0
14410,treatment,2026-03-05,6,1
14411,control,2026-03-14,8,0
14412,treatment,2026-03-08,7,1
14413,treatment,2026-03-04,10,0
14414,control,2026-03-09,10,0
14415,treatment,2026-03-07,7,0
14416,treatment,2026-03-06,11,0
14417,control,2026-03-10,10,0
14418,treatment,2026-03-08,9,1
14419,treatment,2026-03-13,9,1
14420,treatment,2026-03-09,14,0
14421,control,2026-03-12,5,1
14422,control,2026-03-03,8,1
14423,control,2026-03-14,5,1
14424,treatment,2026-03-09,7,0
14425,control,2026-03-12,5,1
14426,treatment,2026-03-12,3,0
14427,treatment,2026-03-02,8,0
14428,treatment,2026-03-12,12,1
14429,control,2026-03-04,9,1
14430,treatment,2026-03-08,6,0
14431,treatment,2026-03-11,6,0
14432,treatment,2026-03-07,9,1
14433,control,2026-03-04,8,0
14434,control,2026-03-12,6,0
14435,control,2026-03-06,7,0
14436,control,2026-03-02,6,0
14437,treatment,2026-03-13,8,1
14438,control,2026-03-14,8,0
14439,control,2026-03-02,8,0
14440,control,2026-03-04,6,1
14441,control,2026-03-14,3,0
14442,treatment,2026-03-10,4,1
14443,control,2026-03-05,8,0
14444,treatment,2026-03-13,14,1
14445,treatment,2026-03-09,5,0
14446,control,2026-03-04,6,0
14447,control,2026-03-12,4,1
14448,treatment,2026-03-14,8,1
14449,treatment,2026-03-04,5,0
14450,control,2026-03-04,3,1
14451,treatment,2026-03-10,5,1
14452,treatment,2026-03-09,5,0
14453,control,2026-03-15,15,0
14454,treatment,2026-03-09,12,0
14455,control,2026-03-11,5,0
14456,treatment,2026-03-15,7,0
14457,treatment,2026-03-10,8,0
14458,treatment,2026-03-12,12,0
14459,treatment,2026-03-11,3,0
14460,control,2026-03-14,9,1
14461,control,2026-03-03,5,0
14462,control,2026-03-09,8,0
14463,control,2026-03-06,11,0
14464,treatment,2026-03-13,14,1
14465,treatment,2026-03-04,13,0
14466,control,2026-03-08,10,1
14467,treatment,2026-03-10,9,0
14468,treatment,2026-03-12,10,0
14469,treatment,2026-03-15,13,0
14470,control,2026-03-08,9,1
14471,treatment,2026-03-06,15,0
14472,treatment,2026-03-10,6,0
14473,treatment,2026-03-05,12,0
14474,control,2026-03-06,8,1
14475,control,2026-03-04,8,1
14476,control,2026-03-14,10,0
14477,control,2026-03-13,5,0
14478,control,2026-03-10,10,0
14479,treatment,2026-03-15,7,1
14480,control,2026-03-14,6,0
14481,treatment,2026-03-12,10,0
14482,treatment,2026-03-15,10,0
14483,treatment,2026-03-04,8,1
14484,treatment,2026-03-08,6,0
14485,control,2026-03-08,6,1
14486,control,2026-03-13,4,1
14487,treatment,2026-03-14,7,0
14488,control,2026-03-02,8,1
14489,control,2026-03-12,14,1
14490,treatment,2026-03-08,14,1
14491,treatment,2026-03-02,10,1
14492,control,2026-03-13,5,1
14493,control,2026-03-13,8,1
14494,control,2026-03-08,5,1
14495,control,2026-03-08,7,0
14496,control,2026-03-09,11,0
14497,treatment,2026-03-07,8,0
14498,treatment,2026-03-09,10,0
14499,treatment,2026-03-14,6,0
14500,treatment,2026-03-04,9,1
14501,control,2026-03-10,7,0
14502,treatment,2026-03-10,9,1
14503,treatment,2026-03-10,8,1
14504,control,2026-03-14,7,1
14505,control,2026-03-05,6,1
14506,control,2026-03-14,8,0
14507,control,2026-03-04,12,0
14508,treatment,2026-03-06,7,1
14509,control,2026-03-06,13,0
14510,control,2026-03-08,7,0
14511,control,2026-03-03,6,1
14512,control,2026-03-12,5,0
14513,control,2026-03-09,11,1
14514,treatment,2026-03-15,14,0
14515,treatment,2026-03-05,8,0
14516,control,2026-03-10,8,0
14517,treatment,2026-03-06,10,0
14518,control,2026-03-10,9,1
14519,control,2026-03-07,13,1
14520,treatment,2026-03-02,11,0
14521,treatment,2026-03-15,4,0
14522,control,2026-03-06,6,0
14523,control,2026-03-15,9,0
14524,control,2026-03-14,9,1
14525,treatment,2026-03-02,8,1
14526,treatment,2026-03-04,9,0
14527,control,2026-03-10,3,1
14528,treatment,2026-03-15,7,1
14529,control,2026-03-13,6,0
14530,control,2026-03-13,9,1
14531,control,2026-03-05,9,0
14532,treatment,2026-03-07,11,0
14533,treatment,2026-03-10,11,1
14534,control,2026-03-02,8,1
14535,treatment,2026-03-13,7,0
14536,control,2026-03-06,13,0
14537,control,2026-03-14,9,1
14538,treatment,2026-03-07,5,1
14539,treatment,2026-03-02,9,0
14540,treatment,2026-03-02,13,0
14541,control,2026-03-07,8,1
14542,treatment,2026-03-05,10,0
14543,control,2026-03-11,4,1
14544,control,2026-03-12,6,0
14545,treatment,2026-03-14,11,0
14546,control,2026-03-14,2,1
14547,treatment,2026-03-07,13,0
14548,treatment,2026-03-15,4,0
14549,control,2026-03-14,7,0
14550,treatment,2026-03-07,11,0
14551,treatment,2026-03-12,7,1
14552,treatment,2026-03-10,10,0
14553,treatment,2026-03-08,15,0
14554,treatment,2026-03-04,6,0
14555,treatment,2026-03-08,3,0
14556,treatment,2026-03-11,4,0
14557,treatment,2026-03-06,9,1
14558,treatment,2026-03-09,11,1
14559,treatment,2026-03-02,15,0
14560,control,2026-03-07,8,0
14561,treatment,2026-03-15,4,0
14562,treatment,2026-03-04,6,1
14563,treatment,2026-03-12,11,0
14564,control,2026-03-03,12,1
14565,control,2026-03-10,12,0
14566,treatment,2026-03-08,10,0
14567,control,2026-03-14,6,0
14568,control,2026-03-13,10,0
14569,control,2026-03-06,6,0
14570,treatment,2026-03-12,9,0
14571,control,2026-03-14,7,0
14572,treatment,2026-03-07,13,0
14573,treatment,2026-03-07,6,1
14574,treatment,2026-03-08,12,0
14575,treatment,2026-03-11,10,0
14576,treatment,2026-03-02,6,0
14577,treatment,2026-03-09,12,0
14578,treatment,2026-03-10,7,0
14579,control,2026-03-04,6,0
14580,treatment,2026-03-04,4,0
14581,control,2026-03-09,12,0
14582,treatment,2026-03-15,13,0
14583,treatment,2026-03-11,10,0
14584,control,2026-03-02,5,1
14585,treatment,2026-03-05,13,1
14586,treatment,2026-03-02,10,0
14587,treatment,2026-03-02,6,0
14588,control,2026-03-14,5,0
14589,control,2026-03-05,8,0
14590,treatment,2026-03-08,8,1
14591,treatment,2026-03-07,6,1
14592,control,2026-03-14,7,0
14593,control,2026-03-03,8,0
14594,treatment,2026-03-13,7,0
14595,control,2026-03-03,6,0
14596,control,2026-03-14,7,0
14597,treatment,2026-03-14,6,0
14598,treatment,2026-03-03,4,0
14599,treatment,2026-03-11,9,0
14600,control,2026-03-02,1,1
14601,control,2026-03-02,10,0
14602,control,2026-03-07,12,1
14603,control,2026-03-08,5,0
14604,treatment,2026-03-02,11,0
14605,control,2026-03-04,9,0
14606,control,2026-03-12,8,0
14607,treatment,2026-03-09,5,1
14608,treatment,2026-03-13,10,0
14609,control,2026-03-12,7,0
14610,control,2026-03-15,11,0
14611,control,2026-03-14,6,0
14612,control,2026-03-12,8,0
14613,control,2026-03-03,6,0
14614,treatment,2026-03-15,6,0
14615,control,2026-03-03,4,1
14616,treatment,2026-03-13,9,1
14617,treatment,2026-03-15,11,1
14618,treatment,2026-03-05,13,0
14619,treatment,2026-03-07,12,0
14620,treatment,2026-03-08,9,0
14621,treatment,2026-03-09,8,0
14622,control,2026-03-15,2,1
14623,control,2026-03-11,5,0
14624,control,2026-03-05,9,0
14625,treatment,2026-03-10,10,0
14626,control,2026-03-07,13,0
14627,control,2026-03-09,7,0
14628,treatment,2026-03-04,9,1
14629,control,2026-03-10,10,0
14630,control,2026-03-12,4,0
14631,control,2026-03-02,9,1
14632,treatment,2026-03-07,12,0
14633,control,2026-03-08,8,0
14634,treatment,2026-03-09,11,1
14635,treatment,2026-03-14,8,1
14636,treatment,2026-03-07,14,0
14637,control,2026-03-03,5,1
14638,treatment,2026-03-02,13,1
14639,treatment,2026-03-12,6,1
14640,treatment,2026-03-03,8,1
14641,treatment,2026-03-13,11,0
14642,treatment,2026-03-05,10,0
14643,control,2026-03-05,8,1
14644,control,2026-03-09,4,0
14645,control,2026-03-06,11,0
14646,control,2026-03-03,6,0
14647,treatment,2026-03-09,10,1
14648,treatment,2026-03-13,13,1
14649,control,2026-03-04,6,0
14650,treatment,2026-03-05,7,0
14651,control,2026-03-02,6,0
14652,treatment,2026-03-13,13,1
14653,control,2026-03-08,5,1
14654,control,2026-03-02,11,0
14655,control,2026-03-08,7,1
14656,control,2026-03-13,16,0
14657,control,2026-03-10,4,0
14658,treatment,2026-03-09,14,0
14659,treatment,2026-03-10,8,0
14660,control,2026-03-04,7,0
14661,treatment,2026-03-15,8,1
14662,treatment,2026-03-11,7,0
14663,control,2026-03-06,11,1
14664,control,2026-03-04,7,0
14665,control,2026-03-13,9,0
14666,treatment,2026-03-03,5,0
14667,treatment,2026-03-08,8,0
14668,treatment,2026-03-04,10,0
14669,treatment,2026-03-02,8,0
14670,treatment,2026-03-11,9,1
14671,treatment,2026-03-03,9,0
14672,control,2026-03-07,9,0
14673,treatment,2026-03-06,10,1
14674,control,2026-03-07,12,1
14675,control,2026-03-13,8,0
14676,treatment,2026-03-08,12,0
14677,control,2026-03-14,4,1
14678,control,2026-03-12,5,0
14679,control,2026-03-07,6,0
14680,treatment,2026-03-08,7,1
14681,treatment,2026-03-13,12,1
14682,treatment,2026-03-06,10,1
14683,treatment,2026-03-13,11,0
14684,control,2026-03-08,8,0
14685,control,2026-03-05,4,0
14686,treatment,2026-03-08,9,0
14687,control,2026-03-09,5,1
14688,treatment,2026-03-12,7,0
14689,control,2026-03-13,8,0
14690,control,2026-03-11,7,0
14691,treatment,2026-03-13,7,1
14692,control,2026-03-05,2,0
14693,control,2026-03-04,9,0
14694,treatment,2026-03-14,10,0
14695,control,2026-03-02,11,1
14696,control,2026-03-13,6,0
14697,treatment,2026-03-10,8,1
14698,control,2026-03-13,8,0
14699,control,2026-03-10,6,0
14700,treatment,2026-03-13,5,1
14701,control,2026-03-05,8,1
14702,treatment,2026-03-06,7,1
14703,treatment,2026-03-03,12,0
14704,control,2026-03-11,8,0
14705,control,2026-03-14,11,1
14706,control,2026-03-08,10,1
14707,treatment,2026-03-13,8,0
14708,control,2026-03-03,11,1
14709,control,2026-03-05,4,0
14710,control,2026-03-10,8,0
14711,treatment,2026-03-02,9,0
14712,treatment,2026-03-15,7,1
14713,treatment,2026-03-07,6,1
14714,treatment,2026-03-06,10,0
14715,control,2026-03-04,8,0
14716,treatment,2026-03-03,4,0
14717,control,2026-03-08,8,0
14718,control,2026-03-09,5,1
14719,treatment,2026-03-02,10,0
14720,treatment,2026-03-11,13,1
14721,control,2026-03-09,7,0
14722,control,2026-03-12,7,0
14723,control,2026-03-15,6,0
14724,control,2026-03-02,7,0
14725,treatment,2026-03-15,5,0
14726,control,2026-03-08,4,0
14727,treatment,2026-03-03,10,1
14728,control,2026-03-10,7,1
14729,control,2026-03-03,8,1
14730,treatment,2026-03-06,10,1
14731,treatment,2026-03-11,12,1
14732,control,2026-03-15,8,0
14733,treatment,2026-03-10,10,0
14734,control,2026-03-05,9,1
14735,control,2026-03-09,7,0
14736,control,2026-03-04,8,0
14737,treatment,2026-03-04,9,0
14738,control,2026-03-10,6,1
14739,treatment,2026-03-14,9,1
14740,treatment,2026-03-07,8,0
14741,treatment,2026-03-05,5,0
14742,treatment,2026-03-14,7,0
14743,treatment,2026-03-07,7,1
14744,treatment,2026-03-06,15,0
14745,control,2026-03-13,8,1
14746,treatment,2026-03-15,9,0
14747,treatment,2026-03-05,8,0
14748,control,2026-03-11,8,0
14749,control,2026-03-03,10,1
14750,treatment,2026-03-11,10,0
14751,treatment,2026-03-03,13,0
14752,treatment,2026-03-10,8,1
14753,control,2026-03-11,7,1
14754,treatment,2026-03-09,12,1
14755,control,2026-03-06,11,0
14756,control,2026-03-12,11,0
14757,treatment,2026-03-11,8,0
14758,control,2026-03-07,6,0
14759,control,2026-03-13,5,0
14760,control,2026-03-06,8,0
14761,control,2026-03-05,5,1
14762,treatment,2026-03-11,9,0
14763,control,2026-03-13,8,1
14764,control,2026-03-08,10,1
14765,treatment,2026-03-12,8,1
14766,control,2026-03-13,8,1
14767,control,2026-03-07,5,0
14768,control,2026-03-15,8,1
14769,control,2026-03-04,6,0
14770,control,2026-03-08,13,0
14771,control,2026-03-05,7,1
14772,control,2026-03-15,5,0
14773,treatment,2026-03-13,6,1
14774,control,2026-03-09,10,0
14775,control,2026-03-08,7,0
14776,control,2026-03-06,8,1
14777,treatment,2026-03-05,7,0
14778,treatment,2026-03-06,9,1
14779,treatment,2026-03-11,8,0
14780,control,2026-03-08,5,1
14781,control,2026-03-10,11,1
14782,control,2026-03-11,2,0
14783,treatment,2026-03-06,7,0
14784,treatment,2026-03-06,5,0
14785,control,2026-03-02,2,0
14786,treatment,2026-03-09,8,0
14787,control,2026-03-02,10,1
14788,treatment,2026-03-08,11,0
14789,control,2026-03-13,2,1
14790,treatment,2026-03-02,10,1
14791,control,2026-03-11,5,0
14792,treatment,2026-03-14,9,1
14793,treatment,2026-03-11,5,0
14794,control,2026-03-14,5,1
14795,treatment,2026-03-15,9,0
14796,treatment,2026-03-15,9,0
14797,treatment,2026-03-11,7,0
14798,control,2026-03-12,7,1
14799,treatment,2026-03-04,15,1
14800,treatment,2026-03-07,6,1
14801,treatment,2026-03-08,17,0
14802,treatment,2026-03-07,8,0
14803,treatment,2026-03-12,7,0
14804,control,2026-03-08,11,1
14805,control,2026-03-09,6,1
14806,control,2026-03-08,8,0
14807,treatment,2026-03-02,6,0
14808,control,2026-03-09,10,1
14809,treatment,2026-03-09,13,0
14810,control,2026-03-07,6,0
14811,control,2026-03-02,8,0
14812,treatment,2026-03-10,10,0
14813,control,2026-03-07,5,0
14814,control,2026-03-08,8,0
14815,treatment,2026-03-13,9,1
14816,control,2026-03-06,5,1
14817,treatment,2026-03-11,10,1
14818,control,2026-03-03,5,0
14819,treatment,2026-03-11,12,1
14820,treatment,2026-03-05,15,0
14821,control,2026-03-03,9,0
14822,control,2026-03-04,13,1
14823,control,2026-03-08,9,0
14824,control,2026-03-09,6,0
14825,treatment,2026-03-07,11,1
14826,treatment,2026-03-02,8,1
14827,control,2026-03-04,11,0
14828,treatment,2026-03-02,6,0
14829,treatment,2026-03-14,7,0
14830,control,2026-03-11,9,1
14831,treatment,2026-03-07,6,1
14832,control,2026-03-09,10,1
14833,treatment,2026-03-13,12,0
14834,control,2026-03-05,7,0
14835,treatment,2026-03-04,11,0
14836,control,2026-03-13,2,0
14837,control,2026-03-04,12,0
14838,treatment,2026-03-06,11,1
14839,treatment,2026-03-09,13,0
14840,treatment,2026-03-08,10,0
14841,treatment,2026-03-13,17,0
14842,control,2026-03-11,8,0
14843,control,2026-03-10,10,1
14844,treatment,2026-03-04,8,1
14845,treatment,2026-03-06,10,0
14846,control,2026-03-05,7,0
14847,treatment,2026-03-04,11,0
14848,control,2026-03-05,9,1
14849,treatment,2026-03-14,13,1
14850,control,2026-03-08,5,1
14851,control,2026-03-04,12,1
14852,treatment,2026-03-09,8,1
14853,treatment,2026-03-07,6,1
14854,treatment,2026-03-05,10,0
14855,treatment,2026-03-05,8,0
14856,treatment,2026-03-05,10,1
14857,treatment,2026-03-03,8,1
14858,treatment,2026-03-10,9,0
14859,treatment,2026-03-11,8,0
14860,control,2026-03-04,8,1
14861,control,2026-03-07,2,0
14862,control,2026-03-13,8,0
14863,treatment,2026-03-09,8,1
14864,treatment,2026-03-03,10,0
14865,treatment,2026-03-10,9,1
14866,control,2026-03-15,12,0
14867,control,2026-03-09,5,0
14868,treatment,2026-03-12,10,1
14869,control,2026-03-13,10,1
14870,control,2026-03-09,10,0
14871,treatment,2026-03-04,8,1
14872,treatment,2026-03-03,10,0
14873,treatment,2026-03-14,8,0
14874,treatment,2026-03-08,10,0
14875,control,2026-03-12,6,0
14876,treatment,2026-03-10,10,0
14877,treatment,2026-03-07,4,0
14878,treatment,2026-03-02,9,0
14879,control,2026-03-15,6,0
14880,treatment,2026-03-11,12,0
14881,control,2026-03-06,9,0
14882,treatment,2026-03-10,8,0
14883,control,2026-03-14,7,0
14884,control,2026-03-03,9,0
14885,treatment,2026-03-03,12,1
14886,treatment,2026-03-02,8,0
14887,treatment,2026-03-08,7,0
14888,treatment,2026-03-07,5,0
14889,control,2026-03-12,13,0
14890,treatment,2026-03-08,8,0
14891,control,2026-03-08,9,1
14892,treatment,2026-03-12,9,1
14893,control,2026-03-06,6,1
14894,treatment,2026-03-15,6,0
14895,control,2026-03-13,5,0
14896,control,2026-03-13,10,0
14897,control,2026-03-13,7,0
14898,control,2026-03-03,6,0
14899,control,2026-03-11,6,0
14900,treatment,2026-03-07,11,0
14901,control,2026-03-12,4,1
14902,control,2026-03-13,7,0
14903,treatment,2026-03-06,8,0
14904,control,2026-03-06,5,0
14905,treatment,2026-03-13,12,1
14906,treatment,2026-03-08,12,1
14907,treatment,2026-03-04,11,0
14908,treatment,2026-03-04,7,1
14909,treatment,2026-03-09,12,0
14910,control,2026-03-09,9,1
14911,treatment,2026-03-09,9,0
14912,treatment,2026-03-07,9,0
14913,control,2026-03-03,8,0
14914,treatment,2026-03-09,8,1
14915,treatment,2026-03-04,4,1
14916,treatment,2026-03-10,9,0
14917,treatment,2026-03-13,10,0
14918,treatment,2026-03-11,12,0
14919,control,2026-03-14,4,0
14920,treatment,2026-03-10,7,0
14921,control,2026-03-11,4,1
14922,treatment,2026-03-12,8,1
14923,control,2026-03-10,14,0
14924,treatment,2026-03-02,7,0
14925,control,2026-03-12,10,1
14926,control,2026-03-09,13,0
14927,control,2026-03-02,13,1
14928,treatment,2026-03-08,7,0
14929,control,2026-03-14,8,0
14930,control,2026-03-07,6,1
14931,control,2026-03-14,9,0
14932,treatment,2026-03-05,11,0
14933,treatment,2026-03-11,8,0
14934,treatment,2026-03-11,14,1
14935,control,2026-03-15,14,1
14936,control,2026-03-11,15,0
14937,treatment,2026-03-05,10,0
14938,control,2026-03-12,7,0
14939,treatment,2026-03-08,8,1
14940,control,2026-03-13,7,0
14941,control,2026-03-08,6,1
14942,treatment,2026-03-11,8,0
14943,control,2026-03-06,16,0
14944,control,2026-03-15,6,0
14945,treatment,2026-03-10,10,1
14946,treatment,2026-03-05,10,1
14947,control,2026-03-09,9,0
14948,treatment,2026-03-11,5,1
14949,treatment,2026-03-04,7,0
14950,treatment,2026-03-12,6,0
14951,treatment,2026-03-02,9,0
14952,control,2026-03-06,9,0
14953,treatment,2026-03-02,10,1
14954,treatment,2026-03-07,11,1
14955,treatment,2026-03-14,12,0
14956,treatment,2026-03-14,8,0
14957,control,2026-03-13,12,1
14958,control,2026-03-06,5,0
14959,control,2026-03-04,2,1
14960,control,2026-03-10,9,0
14961,control,2026-03-11,14,1
14962,control,2026-03-15,9,0
14963,control,2026-03-02,5,0
14964,control,2026-03-15,8,0
14965,control,2026-03-12,7,1
14966,control,2026-03-03,10,0
14967,treatment,2026-03-03,7,0
14968,control,2026-03-09,8,1
14969,treatment,2026-03-02,13,1
14970,treatment,2026-03-13,7,0
14971,control,2026-03-03,13,0
14972,control,2026-03-03,10,0
14973,control,2026-03-04,9,0
14974,control,2026-03-14,9,0
14975,control,2026-03-08,11,0
14976,control,2026-03-12,8,0
14977,control,2026-03-04,9,0
14978,control,2026-03-07,8,0
14979,treatment,2026-03-02,6,1
14980,treatment,2026-03-02,10,0
14981,control,2026-03-08,8,1
14982,control,2026-03-14,6,0
14983,treatment,2026-03-02,6,0
14984,treatment,2026-03-02,8,1
14985,treatment,2026-03-12,8,0
14986,control,2026-03-06,9,1
14987,treatment,2026-03-05,8,1
14988,control,2026-03-03,7,1
14989,control,2026-03-12,11,0
14990,control,2026-03-07,9,0
14991,control,2026-03-08,9,1
14992,control,2026-03-15,8,1
14993,control,2026-03-02,10,0
14994,control,2026-03-15,10,1
14995,control,2026-03-11,8,1
14996,control,2026-03-11,8,0
14997,control,2026-03-13,6,0
14998,control,2026-03-08,5,0
14999,treatment,2026-03-03,5,1
15000,control,2026-03-09,8,0
15001,treatment,2026-03-12,10,0
15002,treatment,2026-03-13,12,0
15003,control,2026-03-07,6,0
15004,treatment,2026-03-10,6,0
15005,control,2026-03-04,5,1
15006,treatment,2026-03-08,12,1
15007,control,2026-03-15,7,0
15008,treatment,2026-03-04,7,0
15009,control,2026-03-11,9,0
15010,treatment,2026-03-02,5,1
15011,treatment,2026-03-13,5,1
15012,control,2026-03-02,5,0
15013,control,2026-03-14,3,0
15014,treatment,2026-03-15,8,1
15015,treatment,2026-03-11,8,0
15016,treatment,2026-03-07,13,0
15017,control,2026-03-11,7,0
15018,control,2026-03-04,12,1
15019,control,2026-03-12,11,0
15020,control,2026-03-07,8,0
15021,control,2026-03-10,4,0
15022,control,2026-03-12,10,1
15023,control,2026-03-08,6,1
15024,treatment,2026-03-08,2,0
15025,treatment,2026-03-12,13,1
15026,treatment,2026-03-04,8,0
15027,control,2026-03-03,8,0
15028,treatment,2026-03-07,4,1
15029,treatment,2026-03-10,4,0
15030,control,2026-03-07,8,1
15031,treatment,2026-03-15,6,0
15032,control,2026-03-04,9,1
15033,control,2026-03-06,9,1
15034,treatment,2026-03-14,13,0
15035,treatment,2026-03-03,10,0
15036,control,2026-03-11,8,0
15037,treatment,2026-03-10,7,1
15038,control,2026-03-12,6,0
15039,control,2026-03-02,9,0
15040,control,2026-03-06,5,0
15041,treatment,2026-03-04,9,0
15042,control,2026-03-10,9,0
15043,control,2026-03-11,7,0
15044,control,2026-03-06,8,1
15045,control,2026-03-07,10,0
15046,treatment,2026-03-12,12,0
15047,control,2026-03-05,5,0
15048,treatment,2026-03-13,10,0
15049,treatment,2026-03-08,7,0
15050,control,2026-03-06,9,1
15051,control,2026-03-14,9,0
15052,control,2026-03-11,13,0
15053,treatment,2026-03-09,11,0
15054,treatment,2026-03-08,16,1
15055,control,2026-03-09,7,1
15056,control,2026-03-10,4,0
15057,treatment,2026-03-02,13,1
15058,control,2026-03-13,7,1
15059,control,2026-03-14,10,1
15060,control,2026-03-15,6,0
15061,control,2026-03-03,12,0
15062,treatment,2026-03-03,10,1
15063,control,2026-03-15,6,0
15064,control,2026-03-14,10,0
15065,treatment,2026-03-12,10,0
15066,treatment,2026-03-03,8,1
15067,control,2026-03-05,9,1
15068,control,2026-03-08,7,1
15069,control,2026-03-03,7,0
15070,control,2026-03-04,5,1
15071,treatment,2026-03-06,12,1
15072,treatment,2026-03-14,10,1
15073,treatment,2026-03-09,13,0
15074,treatment,2026-03-10,7,0
15075,treatment,2026-03-14,9,1
15076,control,2026-03-06,8,1
15077,control,2026-03-04,7,0
15078,control,2026-03-03,6,0
15079,control,2026-03-08,13,0
15080,control,2026-03-09,7,1
15081,treatment,2026-03-07,10,0
15082,treatment,2026-03-06,8,1
15083,treatment,2026-03-05,8,0
15084,control,2026-03-12,8,0
15085,treatment,2026-03-02,8,1
15086,treatment,2026-03-10,10,0
15087,treatment,2026-03-11,10,0
15088,control,2026-03-15,10,0
15089,treatment,2026-03-09,5,0
15090,treatment,2026-03-05,10,0
15091,treatment,2026-03-12,10,1
15092,treatment,2026-03-14,9,0
15093,control,2026-03-12,6,1
15094,treatment,2026-03-15,10,0
15095,treatment,2026-03-11,7,0
15096,treatment,2026-03-03,6,1
15097,control,2026-03-04,15,0
15098,control,2026-03-09,11,0
15099,treatment,2026-03-12,7,0
15100,treatment,2026-03-08,10,1
15101,treatment,2026-03-05,9,0
15102,control,2026-03-03,5,0
15103,treatment,2026-03-12,8,0
15104,treatment,2026-03-06,7,0
15105,control,2026-03-04,4,0
15106,control,2026-03-09,5,0
15107,treatment,2026-03-13,9,0
15108,treatment,2026-03-11,3,0
15109,treatment,2026-03-02,8,1
15110,control,2026-03-13,6,1
15111,treatment,2026-03-08,4,0
15112,treatment,2026-03-04,11,0
15113,control,2026-03-11,9,1
15114,treatment,2026-03-07,8,0
15115,treatment,2026-03-08,19,1
15116,control,2026-03-05,9,0
15117,control,2026-03-10,8,0
15118,treatment,2026-03-02,10,0
15119,control,2026-03-12,10,0
15120,control,2026-03-11,5,1
15121,treatment,2026-03-07,9,0
15122,control,2026-03-02,3,1
15123,control,2026-03-07,10,1
15124,control,2026-03-11,13,0
15125,treatment,2026-03-04,10,0
15126,control,2026-03-04,5,0
15127,control,2026-03-04,11,0
15128,control,2026-03-06,8,0
15129,control,2026-03-08,8,1
15130,treatment,2026-03-12,6,1
15131,control,2026-03-14,8,1
15132,control,2026-03-09,9,1
15133,control,2026-03-15,6,0
15134,treatment,2026-03-13,10,0
15135,control,2026-03-07,8,1
15136,control,2026-03-12,5,0
15137,treatment,2026-03-09,12,0
15138,treatment,2026-03-14,10,1
15139,treatment,2026-03-12,7,1
15140,treatment,2026-03-10,10,1
15141,control,2026-03-11,11,0
15142,treatment,2026-03-08,11,0
15143,treatment,2026-03-03,10,0
15144,treatment,2026-03-05,8,1
15145,control,2026-03-11,10,1
15146,control,2026-03-14,6,0
15147,control,2026-03-12,9,0
15148,control,2026-03-06,8,1
15149,treatment,2026-03-10,8,0
15150,treatment,2026-03-04,7,1
15151,treatment,2026-03-03,9,0
15152,treatment,2026-03-14,12,0
15153,treatment,2026-03-07,7,1
15154,treatment,2026-03-04,9,1
15155,control,2026-03-08,5,1
15156,control,2026-03-12,4,0
15157,treatment,2026-03-15,13,1
15158,treatment,2026-03-15,9,0
15159,treatment,2026-03-11,6,0
15160,treatment,2026-03-13,8,0
15161,treatment,2026-03-12,10,0
15162,treatment,2026-03-06,12,1
15163,control,2026-03-03,8,0
15164,treatment,2026-03-10,11,0
15165,treatment,2026-03-03,8,0
15166,control,2026-03-13,6,0
15167,control,2026-03-15,8,1
15168,control,2026-03-03,9,1
15169,treatment,2026-03-15,8,1
15170,control,2026-03-09,9,1
15171,treatment,2026-03-13,11,0
15172,treatment,2026-03-05,7,0
15173,control,2026-03-12,12,1
15174,treatment,2026-03-03,5,0
15175,control,2026-03-03,6,1
15176,control,2026-03-07,15,0
15177,control,2026-03-12,6,1
15178,treatment,2026-03-03,7,1
15179,treatment,2026-03-05,4,1
15180,control,2026-03-14,9,1
15181,control,2026-03-09,10,1
15182,treatment,2026-03-03,9,0
15183,control,2026-03-05,9,1
15184,control,2026-03-06,8,0
15185,treatment,2026-03-07,9,0
15186,control,2026-03-05,10,0
15187,control,2026-03-07,5,0
15188,treatment,2026-03-13,9,0
15189,treatment,2026-03-04,7,0
15190,treatment,2026-03-06,8,0
15191,control,2026-03-10,12,1
15192,treatment,2026-03-15,8,1
15193,treatment,2026-03-07,7,1
15194,control,2026-03-14,15,0
15195,treatment,2026-03-06,9,0
15196,control,2026-03-10,4,0
15197,control,2026-03-12,6,1
15198,control,2026-03-07,9,1
15199,treatment,2026-03-03,11,1
15200,treatment,2026-03-14,10,1
15201,control,2026-03-02,10,1
15202,treatment,2026-03-15,20,1
15203,treatment,2026-03-10,6,0
15204,treatment,2026-03-08,6,1
15205,treatment,2026-03-04,8,0
15206,treatment,2026-03-05,5,1
15207,control,2026-03-13,7,0
15208,treatment,2026-03-05,10,1
15209,treatment,2026-03-10,8,1
15210,treatment,2026-03-02,11,0
15211,treatment,2026-03-10,10,0
15212,treatment,2026-03-10,4,1
15213,treatment,2026-03-10,6,1
15214,treatment,2026-03-09,11,0
15215,treatment,2026-03-13,8,0
15216,control,2026-03-12,10,1
15217,control,2026-03-02,5,0
15218,treatment,2026-03-08,9,0
15219,control,2026-03-10,7,1
15220,control,2026-03-04,6,1
15221,treatment,2026-03-08,6,0
15222,control,2026-03-15,4,1
15223,treatment,2026-03-02,13,1
15224,control,2026-03-10,3,1
15225,control,2026-03-03,9,0
15226,treatment,2026-03-09,7,1
15227,treatment,2026-03-08,9,0
15228,control,2026-03-08,6,0
15229,treatment,2026-03-02,7,0
15230,treatment,2026-03-05,7,0
15231,control,2026-03-09,4,1
15232,treatment,2026-03-07,6,0
15233,control,2026-03-07,8,1
15234,treatment,2026-03-07,13,0
15235,control,2026-03-09,7,0
15236,treatment,2026-03-02,21,0
15237,control,2026-03-06,4,0
15238,treatment,2026-03-09,14,0
15239,treatment,2026-03-11,7,1
15240,treatment,2026-03-12,5,1
15241,treatment,2026-03-04,7,1
15242,control,2026-03-04,13,0
15243,control,2026-03-10,8,1
15244,control,2026-03-02,6,0
15245,control,2026-03-10,9,0
15246,control,2026-03-03,4,0
15247,treatment,2026-03-02,5,1
15248,control,2026-03-06,2,0
15249,treatment,2026-03-13,6,1
15250,treatment,2026-03-07,8,0
15251,control,2026-03-07,11,0
15252,control,2026-03-06,4,0
15253,control,2026-03-07,4,0
15254,control,2026-03-10,3,1
15255,treatment,2026-03-08,7,0
15256,treatment,2026-03-02,8,0
15257,control,2026-03-02,7,0
15258,control,2026-03-03,13,0
15259,control,2026-03-05,7,0
15260,treatment,2026-03-12,10,0
15261,treatment,2026-03-04,9,1
15262,control,2026-03-10,8,0
15263,treatment,2026-03-02,5,0
15264,control,2026-03-02,12,1
15265,treatment,2026-03-10,9,1
15266,treatment,2026-03-11,8,0
15267,treatment,2026-03-02,5,0
15268,control,2026-03-09,12,1
15269,treatment,2026-03-10,4,0
15270,treatment,2026-03-05,9,0
15271,control,2026-03-06,3,0
15272,treatment,2026-03-13,11,1
15273,treatment,2026-03-15,7,1
15274,control,2026-03-13,8,0
15275,control,2026-03-05,10,1
15276,treatment,2026-03-10,10,1
15277,treatment,2026-03-14,4,0
15278,control,2026-03-15,8,0
15279,treatment,2026-03-05,7,0
15280,control,2026-03-07,8,0
15281,treatment,2026-03-03,7,1
15282,treatment,2026-03-12,8,0
15283,treatment,2026-03-10,12,1
15284,treatment,2026-03-08,11,1
15285,treatment,2026-03-15,8,0
15286,treatment,2026-03-07,6,0
15287,control,2026-03-14,11,1
15288,control,2026-03-10,6,1
15289,treatment,2026-03-04,5,0
15290,treatment,2026-03-07,8,0
15291,treatment,2026-03-10,5,0
15292,treatment,2026-03-14,11,1
15293,control,2026-03-04,9,0
15294,control,2026-03-03,8,0
15295,control,2026-03-02,6,0
15296,control,2026-03-14,6,0
15297,control,2026-03-13,12,0
15298,treatment,2026-03-10,12,0
15299,treatment,2026-03-05,10,0
15300,treatment,2026-03-12,7,0
15301,control,2026-03-14,10,0
15302,treatment,2026-03-05,9,0
15303,treatment,2026-03-11,8,1
15304,treatment,2026-03-03,6,1
15305,treatment,2026-03-13,8,0
15306,control,2026-03-02,4,1
15307,control,2026-03-05,9,0
15308,control,2026-03-11,9,0
15309,treatment,2026-03-08,5,0
15310,control,2026-03-14,10,0
15311,treatment,2026-03-04,3,0
15312,treatment,2026-03-09,9,1
15313,control,2026-03-12,7,0
15314,treatment,2026-03-08,10,0
15315,treatment,2026-03-15,12,0
15316,control,2026-03-03,10,0
15317,control,2026-03-03,5,0
15318,treatment,2026-03-12,10,0
15319,treatment,2026-03-06,7,0
15320,treatment,2026-03-02,10,0
15321,treatment,2026-03-04,8,1
15322,treatment,2026-03-10,6,1
15323,treatment,2026-03-08,8,0
15324,control,2026-03-10,7,1
15325,control,2026-03-05,7,0
15326,control,2026-03-03,14,1
15327,control,2026-03-15,6,0
15328,control,2026-03-05,8,0
15329,control,2026-03-10,9,0
15330,treatment,2026-03-06,9,0
15331,treatment,2026-03-11,4,0
15332,treatment,2026-03-08,5,1
15333,treatment,2026-03-14,10,1
15334,control,2026-03-08,7,0
15335,treatment,2026-03-07,9,0
15336,treatment,2026-03-09,7,0
15337,control,2026-03-05,9,0
15338,control,2026-03-11,8,0
15339,control,2026-03-06,2,0
15340,treatment,2026-03-04,11,0
15341,treatment,2026-03-11,13,1
15342,control,2026-03-05,12,0
15343,treatment,2026-03-07,8,0
15344,control,2026-03-04,9,0
15345,treatment,2026-03-04,15,0
15346,control,2026-03-02,5,0
15347,control,2026-03-12,6,0
15348,treatment,2026-03-12,5,0
15349,treatment,2026-03-10,10,1
15350,treatment,2026-03-08,6,1
15351,control,2026-03-05,7,0
15352,treatment,2026-03-05,5,0
15353,treatment,2026-03-02,11,0
15354,control,2026-03-11,12,0
15355,treatment,2026-03-12,8,0
15356,treatment,2026-03-10,6,0
15357,treatment,2026-03-04,5,1
15358,treatment,2026-03-09,12,1
15359,control,2026-03-15,3,0
15360,treatment,2026-03-13,10,0
15361,treatment,2026-03-13,16,0
15362,control,2026-03-06,6,0
15363,control,2026-03-03,6,1
15364,treatment,2026-03-03,14,0
15365,treatment,2026-03-13,8,0
15366,treatment,2026-03-10,10,0
15367,treatment,2026-03-04,3,0
15368,treatment,2026-03-14,11,0
15369,control,2026-03-14,8,0
15370,control,2026-03-03,5,1
15371,treatment,2026-03-03,5,0
15372,treatment,2026-03-08,10,1
15373,control,2026-03-02,12,0
15374,control,2026-03-06,10,1
15375,treatment,2026-03-07,6,0
15376,control,2026-03-02,5,0
15377,control,2026-03-10,4,0
15378,treatment,2026-03-02,10,0
15379,control,2026-03-13,10,1
15380,treatment,2026-03-05,2,0
15381,treatment,2026-03-07,10,0
15382,treatment,2026-03-06,5,0
15383,control,2026-03-14,7,1
15384,treatment,2026-03-12,14,0
15385,treatment,2026-03-09,13,0
15386,treatment,2026-03-11,11,0
15387,treatment,2026-03-03,8,1
15388,treatment,2026-03-02,8,0
15389,treatment,2026-03-06,6,0
15390,control,2026-03-14,11,0
15391,control,2026-03-02,10,0
15392,control,2026-03-12,10,0
15393,control,2026-03-02,10,0
15394,control,2026-03-07,9,0
15395,control,2026-03-13,10,1
15396,control,2026-03-08,6,0
15397,treatment,2026-03-15,7,0
15398,control,2026-03-08,12,1
15399,treatment,2026-03-12,12,0
15400,control,2026-03-11,7,1
15401,treatment,2026-03-04,15,1
15402,control,2026-03-03,10,0
15403,control,2026-03-11,9,0
15404,treatment,2026-03-12,7,0
15405,treatment,2026-03-02,5,1
15406,treatment,2026-03-14,10,0
15407,treatment,2026-03-12,9,0
15408,treatment,2026-03-08,11,1
15409,treatment,2026-03-09,8,0
15410,control,2026-03-04,10,0
15411,control,2026-03-14,6,0
15412,treatment,2026-03-08,5,0
15413,treatment,2026-03-05,10,0
15414,treatment,2026-03-12,10,0
15415,control,2026-03-02,10,0
15416,treatment,2026-03-05,12,0
15417,control,2026-03-13,9,0
15418,treatment,2026-03-05,9,0
15419,control,2026-03-03,6,0
15420,control,2026-03-03,7,0
15421,treatment,2026-03-12,14,1
15422,treatment,2026-03-05,10,1
15423,control,2026-03-13,9,0
15424,treatment,2026-03-07,5,1
15425,treatment,2026-03-15,10,0
15426,treatment,2026-03-08,10,0
15427,treatment,2026-03-14,6,0
15428,treatment,2026-03-09,5,0
15429,treatment,2026-03-04,8,1
15430,control,2026-03-14,6,0
15431,treatment,2026-03-03,12,0
15432,control,2026-03-13,6,1
15433,control,2026-03-13,9,1
15434,control,2026-03-11,5,1
15435,control,2026-03-02,7,0
15436,treatment,2026-03-12,11,0
15437,control,2026-03-06,9,0
15438,control,2026-03-08,12,1
15439,control,2026-03-15,9,0
15440,control,2026-03-04,10,1
15441,control,2026-03-15,8,0
15442,control,2026-03-05,3,0
15443,control,2026-03-12,6,1
15444,control,2026-03-09,6,1
15445,control,2026-03-04,6,0
15446,control,2026-03-12,11,0
15447,treatment,2026-03-12,8,0
15448,control,2026-03-11,7,0
15449,control,2026-03-08,5,0
15450,treatment,2026-03-09,6,0
15451,treatment,2026-03-10,9,0
15452,control,2026-03-02,11,0
15453,treatment,2026-03-03,9,1
15454,treatment,2026-03-05,5,0
15455,control,2026-03-02,10,1
15456,treatment,2026-03-12,9,0
15457,control,2026-03-02,9,0
15458,treatment,2026-03-13,13,0
15459,treatment,2026-03-03,5,1
15460,treatment,2026-03-07,6,1
15461,treatment,2026-03-12,13,0
15462,control,2026-03-04,6,0
15463,treatment,2026-03-06,13,0
15464,control,2026-03-10,9,1
15465,control,2026-03-02,7,0
15466,treatment,2026-03-13,7,0
15467,treatment,2026-03-12,15,0
15468,treatment,2026-03-08,7,1
15469,control,2026-03-03,11,0
15470,treatment,2026-03-11,6,0
15471,treatment,2026-03-06,9,1
15472,control,2026-03-13,5,0
15473,control,2026-03-09,6,0
15474,treatment,2026-03-05,10,0
15475,treatment,2026-03-14,9,0
15476,control,2026-03-09,11,1
15477,control,2026-03-03,11,1
15478,control,2026-03-02,11,0
15479,control,2026-03-02,9,0
15480,treatment,2026-03-15,16,1
15481,control,2026-03-10,4,1
15482,treatment,2026-03-11,7,1
15483,control,2026-03-11,7,1
15484,treatment,2026-03-07,6,1
15485,control,2026-03-12,8,1
15486,treatment,2026-03-15,13,0
15487,treatment,2026-03-14,4,0
15488,control,2026-03-03,10,0
15489,control,2026-03-06,3,0
15490,control,2026-03-04,9,1
15491,treatment,2026-03-13,15,0
15492,treatment,2026-03-09,11,1
15493,treatment,2026-03-15,9,1
15494,treatment,2026-03-08,9,1
15495,control,2026-03-03,9,1
15496,control,2026-03-08,3,1
15497,control,2026-03-12,8,0
15498,treatment,2026-03-14,8,1
15499,control,2026-03-02,6,0
15500,treatment,2026-03-03,8,0
15501,treatment,2026-03-15,14,0
15502,control,2026-03-07,12,0
15503,control,2026-03-15,9,0
15504,treatment,2026-03-04,2,1
15505,control,2026-03-06,6,0
15506,treatment,2026-03-12,10,0
15507,control,2026-03-05,8,1
15508,treatment,2026-03-10,6,0
15509,treatment,2026-03-07,10,1
15510,control,2026-03-11,6,1
15511,treatment,2026-03-11,6,1
15512,treatment,2026-03-03,5,1
15513,control,2026-03-06,5,0
15514,control,2026-03-06,13,0
15515,control,2026-03-04,7,0
15516,treatment,2026-03-07,8,1
15517,treatment,2026-03-11,6,1
15518,treatment,2026-03-06,10,1
15519,treatment,2026-03-15,11,0
15520,control,2026-03-15,11,0
15521,treatment,2026-03-14,8,0
15522,control,2026-03-10,8,0
15523,treatment,2026-03-04,14,0
15524,treatment,2026-03-03,10,0
15525,control,2026-03-05,8,1
15526,control,2026-03-08,8,1
15527,treatment,2026-03-11,10,0
15528,control,2026-03-05,10,1
15529,control,2026-03-13,8,0
15530,treatment,2026-03-15,8,0
15531,treatment,2026-03-10,14,0
15532,treatment,2026-03-10,10,1
15533,control,2026-03-03,4,0
15534,treatment,2026-03-07,12,1
15535,control,2026-03-03,6,1
15536,treatment,2026-03-15,4,1
15537,control,2026-03-11,7,1
15538,treatment,2026-03-10,10,0
15539,treatment,2026-03-05,11,1
15540,treatment,2026-03-11,12,0
15541,treatment,2026-03-14,7,0
15542,control,2026-03-07,6,0
15543,control,2026-03-10,8,0
15544,treatment,2026-03-13,5,0
15545,control,2026-03-05,7,0
15546,treatment,2026-03-11,10,0
15547,control,2026-03-10,9,0
15548,control,2026-03-10,5,0
15549,treatment,2026-03-11,12,1
15550,treatment,2026-03-03,5,0
15551,treatment,2026-03-06,5,1
15552,control,2026-03-03,5,1
15553,treatment,2026-03-06,13,0
15554,control,2026-03-03,8,1
15555,treatment,2026-03-07,6,1
15556,treatment,2026-03-15,6,0
15557,treatment,2026-03-14,13,1
15558,control,2026-03-15,5,0
15559,control,2026-03-10,7,0
15560,control,2026-03-05,13,0
15561,control,2026-03-06,13,1
15562,control,2026-03-08,3,0
15563,treatment,2026-03-05,6,0
15564,control,2026-03-11,7,0
15565,treatment,2026-03-14,9,0
15566,control,2026-03-06,6,1
15567,treatment,2026-03-15,6,1
15568,treatment,2026-03-02,5,0
15569,control,2026-03-07,10,0
15570,treatment,2026-03-08,5,0
15571,control,2026-03-05,7,1
15572,control,2026-03-12,5,0
15573,control,2026-03-12,6,0
15574,treatment,2026-03-07,7,1
15575,treatment,2026-03-06,8,1
15576,treatment,2026-03-15,4,0
15577,control,2026-03-12,7,1
15578,treatment,2026-03-10,6,0
15579,control,2026-03-03,8,1
15580,control,2026-03-13,9,1
15581,control,2026-03-10,8,0
15582,treatment,2026-03-04,7,0
15583,treatment,2026-03-13,9,1
15584,control,2026-03-06,6,0
15585,control,2026-03-02,7,0
15586,control,2026-03-08,6,0
15587,treatment,2026-03-02,11,0
15588,control,2026-03-15,5,1
15589,control,2026-03-13,8,0
15590,control,2026-03-12,9,0
15591,treatment,2026-03-09,10,0
15592,treatment,2026-03-02,4,0
15593,treatment,2026-03-11,9,1
15594,control,2026-03-12,9,0
15595,treatment,2026-03-13,7,0
15596,treatment,2026-03-12,14,1
15597,control,2026-03-05,9,0
15598,control,2026-03-14,8,0
15599,treatment,2026-03-03,10,0
15600,control,2026-03-14,13,1
15601,control,2026-03-12,6,0
15602,control,2026-03-09,7,0
15603,treatment,2026-03-07,5,0
15604,control,2026-03-15,8,1
15605,control,2026-03-13,8,0
15606,treatment,2026-03-14,12,0
15607,control,2026-03-06,11,1
15608,treatment,2026-03-03,11,0
15609,control,2026-03-04,7,0
15610,control,2026-03-05,11,0
15611,treatment,2026-03-09,11,0
15612,control,2026-03-15,7,0
15613,control,2026-03-11,9,0
15614,treatment,2026-03-05,6,1
15615,treatment,2026-03-04,15,0
15616,treatment,2026-03-04,6,0
15617,control,2026-03-09,7,0
15618,treatment,2026-03-08,6,1
15619,treatment,2026-03-04,11,0
15620,control,2026-03-14,10,0
15621,control,2026-03-13,11,0
15622,control,2026-03-09,9,0
15623,control,2026-03-08,8,0
15624,control,2026-03-06,4,1
15625,treatment,2026-03-02,9,0
15626,treatment,2026-03-06,7,0
15627,treatment,2026-03-06,6,0
15628,treatment,2026-03-04,9,0
15629,treatment,2026-03-15,5,0
15630,control,2026-03-04,10,0
15631,treatment,2026-03-06,12,0
15632,control,2026-03-07,4,1
15633,control,2026-03-04,4,0
15634,treatment,2026-03-08,10,0
15635,control,2026-03-02,7,0
15636,control,2026-03-03,17,0
15637,treatment,2026-03-06,7,0
15638,treatment,2026-03-12,6,0
15639,control,2026-03-05,10,0
15640,control,2026-03-05,12,1
15641,control,2026-03-10,10,0
15642,treatment,2026-03-02,4,0
15643,control,2026-03-09,7,0
15644,control,2026-03-06,11,1
15645,control,2026-03-08,4,0
15646,control,2026-03-08,9,0
15647,control,2026-03-02,6,0
15648,control,2026-03-07,8,1
15649,treatment,2026-03-03,17,0
15650,treatment,2026-03-04,7,0
15651,control,2026-03-09,9,0
15652,treatment,2026-03-05,9,0
15653,control,2026-03-10,7,0
15654,control,2026-03-02,6,0
15655,control,2026-03-06,13,1
15656,control,2026-03-12,6,0
15657,treatment,2026-03-13,4,1
15658,treatment,2026-03-09,8,0
15659,control,2026-03-15,6,1
15660,control,2026-03-02,6,0
15661,control,2026-03-14,8,1
15662,treatment,2026-03-14,8,0
15663,treatment,2026-03-15,9,1
15664,treatment,2026-03-02,12,0
15665,control,2026-03-13,8,1
15666,control,2026-03-02,4,0
15667,treatment,2026-03-07,11,1
15668,control,2026-03-03,9,0
15669,control,2026-03-12,5,1
15670,control,2026-03-02,8,0
15671,treatment,2026-03-11,12,0
15672,control,2026-03-07,10,0
15673,treatment,2026-03-05,10,0
15674,control,2026-03-04,14,1
15675,treatment,2026-03-06,11,0
15676,treatment,2026-03-06,6,0
15677,control,2026-03-10,9,0
15678,treatment,2026-03-11,8,0
15679,control,2026-03-08,5,1
15680,treatment,2026-03-10,6,0
15681,control,2026-03-14,10,0
15682,treatment,2026-03-03,10,1
15683,control,2026-03-08,4,0
15684,control,2026-03-15,7,1
15685,treatment,2026-03-12,6,1
15686,treatment,2026-03-06,5,0
15687,control,2026-03-05,5,1
15688,control,2026-03-09,14,0
15689,control,2026-03-03,8,0
15690,control,2026-03-14,11,0
15691,control,2026-03-10,7,0
15692,treatment,2026-03-04,6,1
15693,treatment,2026-03-14,4,0
15694,treatment,2026-03-02,7,1
15695,treatment,2026-03-14,3,0
15696,control,2026-03-06,8,0
15697,treatment,2026-03-04,5,0
15698,treatment,2026-03-14,9,0
15699,control,2026-03-10,5,1
15700,control,2026-03-09,8,0
15701,control,2026-03-11,6,1
15702,treatment,2026-03-14,12,1
15703,treatment,2026-03-15,10,0
15704,control,2026-03-02,8,0
15705,control,2026-03-07,14,1
15706,control,2026-03-04,10,0
15707,control,2026-03-07,10,0
15708,treatment,2026-03-02,8,0
15709,control,2026-03-05,9,1
15710,treatment,2026-03-06,13,1
15711,treatment,2026-03-14,16,0
15712,treatment,2026-03-15,7,1
15713,control,2026-03-08,8,0
15714,control,2026-03-02,6,0
15715,treatment,2026-03-08,7,1
15716,control,2026-03-09,5,0
15717,treatment,2026-03-09,9,1
15718,control,2026-03-02,4,0
15719,control,2026-03-14,5,1
15720,control,2026-03-12,9,1
15721,control,2026-03-06,10,0
15722,control,2026-03-14,8,0
15723,treatment,2026-03-06,6,0
15724,treatment,2026-03-08,9,0
15725,control,2026-03-02,11,0
15726,treatment,2026-03-07,6,0
15727,control,2026-03-03,6,1
15728,treatment,2026-03-02,5,0
15729,treatment,2026-03-09,9,0
15730,treatment,2026-03-02,10,0
15731,treatment,2026-03-11,9,0
15732,treatment,2026-03-14,10,0
15733,control,2026-03-11,8,1
15734,control,2026-03-08,6,0
15735,treatment,2026-03-02,8,1
15736,control,2026-03-03,6,0
15737,control,2026-03-04,5,1
15738,control,2026-03-07,9,0
15739,control,2026-03-09,4,0
15740,control,2026-03-08,8,1
15741,control,2026-03-02,2,1
15742,treatment,2026-03-14,9,0
15743,treatment,2026-03-13,1,1
15744,control,2026-03-04,2,1
15745,treatment,2026-03-04,11,1
15746,treatment,2026-03-15,5,1
15747,treatment,2026-03-02,9,0
15748,treatment,2026-03-07,10,1
15749,treatment,2026-03-02,6,1
15750,control,2026-03-03,14,0
15751,control,2026-03-12,10,0
15752,treatment,2026-03-05,8,0
15753,treatment,2026-03-12,5,1
15754,treatment,2026-03-15,6,0
15755,control,2026-03-07,6,0
15756,treatment,2026-03-03,6,0
15757,treatment,2026-03-03,7,0
15758,control,2026-03-03,10,0
15759,control,2026-03-08,2,1
15760,treatment,2026-03-03,9,1
15761,treatment,2026-03-09,13,0
15762,control,2026-03-15,10,0
15763,treatment,2026-03-08,7,1
15764,control,2026-03-15,8,0
15765,control,2026-03-05,12,0
15766,control,2026-03-05,10,1
15767,treatment,2026-03-10,9,0
15768,control,2026-03-05,6,1
15769,treatment,2026-03-05,8,0
15770,control,2026-03-05,7,0
15771,control,2026-03-03,8,0
15772,control,2026-03-02,11,0
15773,control,2026-03-12,8,0
15774,control,2026-03-08,8,0
15775,treatment,2026-03-06,14,1
15776,treatment,2026-03-12,11,0
15777,treatment,2026-03-11,8,0
15778,treatment,2026-03-10,6,1
15779,treatment,2026-03-04,11,1
15780,treatment,2026-03-03,5,1
15781,treatment,2026-03-06,7,0
15782,control,2026-03-09,8,1
15783,control,2026-03-14,5,0
15784,treatment,2026-03-13,13,0
15785,treatment,2026-03-13,8,0
15786,treatment,2026-03-12,11,0
15787,treatment,2026-03-10,6,1
15788,control,2026-03-08,8,1
15789,treatment,2026-03-09,10,1
15790,treatment,2026-03-14,8,1
15791,control,2026-03-04,6,1
15792,treatment,2026-03-07,12,0
15793,control,2026-03-15,9,1
15794,treatment,2026-03-03,11,1
15795,control,2026-03-05,8,0
15796,control,2026-03-14,10,0
15797,treatment,2026-03-12,8,1
15798,treatment,2026-03-03,10,0
15799,control,2026-03-09,11,0
15800,control,2026-03-03,7,0
15801,control,2026-03-04,3,0
15802,treatment,2026-03-15,10,1
15803,control,2026-03-14,7,1
15804,control,2026-03-14,10,1
15805,control,2026-03-14,7,0
15806,control,2026-03-13,15,0
15807,control,2026-03-15,12,0
15808,control,2026-03-05,13,0
15809,control,2026-03-06,9,1
15810,treatment,2026-03-09,5,0
15811,control,2026-03-11,6,0
15812,treatment,2026-03-07,6,1
15813,control,2026-03-02,6,0
15814,control,2026-03-13,6,1
15815,treatment,2026-03-02,11,1
15816,treatment,2026-03-15,11,0
15817,control,2026-03-10,7,0
15818,treatment,2026-03-14,6,0
15819,control,2026-03-02,6,0
15820,control,2026-03-13,7,0
15821,treatment,2026-03-05,15,1
15822,control,2026-03-03,6,0
15823,control,2026-03-13,16,0
15824,treatment,2026-03-09,13,1
15825,treatment,2026-03-09,5,0
15826,treatment,2026-03-10,10,1
15827,treatment,2026-03-07,7,0
15828,control,2026-03-15,4,0
15829,treatment,2026-03-02,9,0
15830,control,2026-03-10,7,1
15831,treatment,2026-03-03,11,0
15832,treatment,2026-03-13,9,0
15833,control,2026-03-05,4,1
15834,control,2026-03-04,3,1
15835,control,2026-03-06,8,0
15836,treatment,2026-03-07,10,0
15837,control,2026-03-10,6,0
15838,treatment,2026-03-02,9,1
15839,treatment,2026-03-09,5,0
15840,treatment,2026-03-03,7,0
15841,control,2026-03-11,11,1
15842,treatment,2026-03-12,10,0
15843,control,2026-03-02,6,0
15844,control,2026-03-13,4,0
15845,treatment,2026-03-06,11,0
15846,treatment,2026-03-15,17,0
15847,control,2026-03-13,4,1
15848,treatment,2026-03-07,7,0
15849,control,2026-03-04,8,0
15850,control,2026-03-09,4,0
15851,control,2026-03-15,7,0
15852,control,2026-03-06,8,0
15853,control,2026-03-12,7,0
15854,treatment,2026-03-05,7,0
15855,control,2026-03-12,15,1
15856,treatment,2026-03-15,12,0
15857,control,2026-03-03,8,1
15858,control,2026-03-14,6,0
15859,control,2026-03-05,4,1
15860,control,2026-03-11,8,1
15861,control,2026-03-09,11,0
15862,control,2026-03-08,8,0
15863,treatment,2026-03-14,8,1
15864,control,2026-03-09,6,1
15865,control,2026-03-02,12,0
15866,control,2026-03-09,6,1
15867,control,2026-03-03,0,1
15868,control,2026-03-04,6,0
15869,control,2026-03-03,5,0
15870,treatment,2026-03-04,11,0
15871,treatment,2026-03-09,6,0
15872,treatment,2026-03-12,12,0
15873,treatment,2026-03-13,10,0
15874,control,2026-03-08,14,0
15875,control,2026-03-02,3,1
15876,control,2026-03-07,7,1
15877,control,2026-03-02,5,0
15878,treatment,2026-03-06,7,0
15879,control,2026-03-09,7,0
15880,control,2026-03-10,4,1
15881,control,2026-03-07,11,1
15882,treatment,2026-03-04,9,1
15883,treatment,2026-03-06,9,1
15884,control,2026-03-12,11,1
15885,control,2026-03-14,8,0
15886,treatment,2026-03-14,5,0
15887,treatment,2026-03-13,8,1
15888,control,2026-03-07,12,1
15889,treatment,2026-03-09,9,1
15890,control,2026-03-08,7,1
15891,control,2026-03-04,11,0
15892,treatment,2026-03-13,16,1
15893,treatment,2026-03-09,6,1
15894,treatment,2026-03-08,10,0
15895,treatment,2026-03-04,7,1
15896,control,2026-03-12,11,0
15897,control,2026-03-02,7,1
15898,control,2026-03-04,8,1
15899,treatment,2026-03-03,15,1
15900,treatment,2026-03-03,8,1
15901,control,2026-03-09,7,0
15902,control,2026-03-15,10,1
15903,treatment,2026-03-05,7,0
15904,treatment,2026-03-10,13,1
15905,treatment,2026-03-05,14,0
15906,control,2026-03-02,11,0
15907,treatment,2026-03-08,8,1
15908,treatment,2026-03-11,10,1
15909,control,2026-03-09,7,1
15910,treatment,2026-03-05,8,0
15911,treatment,2026-03-08,7,0
15912,treatment,2026-03-15,6,0
15913,treatment,2026-03-08,6,1
15914,control,2026-03-11,8,0
15915,control,2026-03-11,5,0
15916,control,2026-03-14,7,1
15917,treatment,2026-03-07,8,0
15918,control,2026-03-04,11,1
15919,control,2026-03-02,9,1
15920,control,2026-03-12,7,0
15921,control,2026-03-04,11,0
15922,treatment,2026-03-14,5,1
15923,treatment,2026-03-02,12,0
15924,control,2026-03-14,8,1
15925,treatment,2026-03-09,12,0
15926,treatment,2026-03-13,11,1
15927,control,2026-03-06,10,0
15928,treatment,2026-03-09,7,0
15929,treatment,2026-03-10,13,0
15930,treatment,2026-03-15,13,0
15931,control,2026-03-12,8,1
15932,control,2026-03-06,2,0
15933,control,2026-03-10,12,1
15934,control,2026-03-08,4,1
15935,treatment,2026-03-02,5,1
15936,treatment,2026-03-03,14,1
15937,treatment,2026-03-11,7,0
15938,control,2026-03-08,7,1
15939,treatment,2026-03-09,4,0
15940,control,2026-03-07,9,0
15941,control,2026-03-10,8,0
15942,control,2026-03-09,13,0
15943,treatment,2026-03-12,9,0
15944,control,2026-03-10,8,0
15945,treatment,2026-03-09,6,1
15946,control,2026-03-15,13,1
15947,treatment,2026-03-11,9,1
15948,treatment,2026-03-11,7,0
15949,control,2026-03-06,8,1
15950,treatment,2026-03-09,9,0
15951,treatment,2026-03-10,11,0
15952,treatment,2026-03-05,4,1
15953,control,2026-03-04,6,1
15954,control,2026-03-02,9,1
15955,control,2026-03-09,2,0
15956,treatment,2026-03-11,9,1
15957,treatment,2026-03-07,16,1
15958,treatment,2026-03-12,14,1
15959,control,2026-03-10,3,0
15960,control,2026-03-15,6,1
15961,treatment,2026-03-08,14,0
15962,control,2026-03-08,14,0
15963,treatment,2026-03-10,10,1
15964,treatment,2026-03-13,11,0
15965,treatment,2026-03-04,12,0
15966,treatment,2026-03-07,9,1
15967,control,2026-03-10,10,0
15968,treatment,2026-03-10,7,1
15969,treatment,2026-03-14,13,0
15970,control,2026-03-10,5,0
15971,treatment,2026-03-10,6,0
15972,control,2026-03-09,4,0
15973,treatment,2026-03-12,8,0
15974,treatment,2026-03-14,12,0
15975,control,2026-03-06,5,1
15976,control,2026-03-04,8,0
15977,treatment,2026-03-06,4,1
15978,control,2026-03-08,7,1
15979,control,2026-03-12,8,0
15980,treatment,2026-03-03,10,1
15981,treatment,2026-03-05,5,0
15982,control,2026-03-09,10,1
15983,treatment,2026-03-15,4,1
15984,treatment,2026-03-05,9,0
15985,treatment,2026-03-12,10,1
15986,treatment,2026-03-08,7,0
15987,control,2026-03-10,7,0
15988,control,2026-03-14,7,1
15989,control,2026-03-13,11,1
15990,control,2026-03-02,6,0
15991,treatment,2026-03-08,8,1
15992,treatment,2026-03-03,2,1
15993,treatment,2026-03-03,7,0
15994,control,2026-03-10,10,1
15995,control,2026-03-15,4,0
15996,treatment,2026-03-07,16,1
15997,control,2026-03-12,7,0
15998,treatment,2026-03-07,8,1
15999,control,2026-03-04,10,0
16000,treatment,2026-03-15,12,0
