user_id,variant,assignment_date,converted
1,treatment,2026-03-06,0
2,treatment,2026-03-09,1
3,control,2026-03-05,1
4,treatment,2026-03-10,1
5,treatment,2026-03-07,1
6,treatment,2026-03-06,1
7,treatment,2026-03-15,0
8,control,2026-03-11,1
9,control,2026-03-11,1
10,treatment,2026-03-07,1
11,treatment,2026-03-05,0
12,control,2026-03-02,0
13,control,2026-03-10,0
14,treatment,2026-03-10,0
15,control,2026-03-11,0
16,control,2026-03-15,0
17,treatment,2026-03-08,0
18,control,2026-03-02,1
19,control,2026-03-03,1
20,control,2026-03-11,0
21,control,2026-03-09,0
22,treatment,2026-03-09,1
23,control,2026-03-14,0
24,treatment,2026-03-14,0
25,treatment,2026-03-10,0
26,control,2026-03-12,1
27,control,2026-03-09,0
28,control,2026-03-07,0
29,control,2026-03-02,0
30,treatment,2026-03-14,0
31,control,2026-03-07,0
32,control,2026-03-04,0
33,treatment,2026-03-09,0
34,control,2026-03-10,1
35,treatment,2026-03-07,0
36,treatment,2026-03-08,0
37,treatment,2026-03-05,1
38,control,2026-03-12,0
39,control,2026-03-13,0
40,treatment,2026-03-02,0
41,treatment,2026-03-13,1
42,treatment,2026-03-14,0
43,treatment,2026-03-08,0
44,treatment,2026-03-02,0
45,control,2026-03-10,0
46,control,2026-03-05,0
47,control,2026-03-12,0
48,treatment,2026-03-13,0
49,control,2026-03-08,1
50,treatment,2026-03-12,1
51,treatment,2026-03-10,0
52,control,2026-03-08,1
53,treatment,2026-03-03,1
54,control,2026-03-07,0
55,treatment,2026-03-13,1
56,control,2026-03-04,1
57,treatment,2026-03-14,0
58,control,2026-03-10,0
59,treatment,2026-03-04,1
60,treatment,2026-03-02,1
61,control,2026-03-04,1
62,treatment,2026-03-09,0
63,control,2026-03-12,0
64,treatment,2026-03-07,0
65,treatment,2026-03-10,1
66,control,2026-03-04,0
67,control,2026-03-15,1
68,control,2026-03-14,0
69,treatment,2026-03-11,0
70,control,2026-03-09,1
71,treatment,2026-03-09,0
72,treatment,2026-03-02,1
73,treatment,2026-03-11,0
74,treatment,2026-03-03,1
75,control,2026-03-14,1
76,treatment,2026-03-15,0
77,control,2026-03-13,0
78,control,2026-03-11,0
79,control,2026-03-14,1
80,treatment,2026-03-04,1
81,control,2026-03-15,0
82,treatment,2026-03-02,1
83,treatment,2026-03-14,1
84,control,2026-03-11,1
85,treatment,2026-03-09,0
86,control,2026-03-15,0
87,control,2026-03-06,0
88,treatment,2026-03-10,1
89,treatment,2026-03-02,0
90,treatment,2026-03-14,0
91,control,2026-03-06,0
92,control,2026-03-06,0
93,treatment,2026-03-10,1
94,control,2026-03-15,1
95,treatment,2026-03-13,0
96,treatment,2026-03-13,1
97,control,2026-03-04,1
98,treatment,2026-03-13,0
99,treatment,2026-03-05,0
100,control,2026-03-02,0
101,treatment,2026-03-14,0
102,control,2026-03-11,0
103,control,2026-03-11,0
104,treatment,2026-03-09,1
105,treatment,2026-03-08,0
106,control,2026-03-08,0
107,control,2026-03-02,1
108,treatment,2026-03-13,0
109,treatment,2026-03-12,0
110,treatment,2026-03-14,0
111,control,2026-03-11,0
112,control,2026-03-04,0
113,control,2026-03-03,0
114,treatment,2026-03-14,0
115,treatment,2026-03-15,1
116,treatment,2026-03-02,0
117,control,2026-03-06,0
118,treatment,2026-03-11,1
119,control,2026-03-07,0
120,treatment,2026-03-04,0
121,control,2026-03-15,0
122,treatment,2026-03-13,0
123,treatment,2026-03-14,0
124,treatment,2026-03-08,0
125,treatment,2026-03-14,1
126,control,2026-03-09,1
127,control,2026-03-13,1
128,treatment,2026-03-10,1
129,control,2026-03-12,0
130,control,2026-03-03,0
131,treatment,2026-03-10,0
132,treatment,2026-03-11,0
133,control,2026-03-15,0
134,control,2026-03-03,1
135,treatment,2026-03-08,0
136,control,2026-03-04,0
137,control,2026-03-12,0
138,treatment,2026-03-03,0
139,control,2026-03-03,1
140,treatment,2026-03-12,0
141,control,2026-03-11,0
142,treatment,2026-03-05,0
143,control,2026-03-10,0
144,treatment,2026-03-09,1
145,treatment,2026-03-15,1
146,control,2026-03-14,0
147,control,2026-03-14,0
148,treatment,2026-03-04,0
149,treatment,2026-03-06,0
150,treatment,2026-03-05,0
151,control,2026-03-11,0
152,control,2026-03-02,0
153,control,2026-03-13,0
154,control,2026-03-13,0
155,treatment,2026-03-03,0
156,treatment,2026-03-11,1
157,control,2026-03-15,0
158,control,2026-03-15,0
159,control,2026-03-10,0
160,control,2026-03-02,0
161,treatment,2026-03-07,0
162,control,2026-03-11,0
163,control,2026-03-04,0
164,treatment,2026-03-05,0
165,treatment,2026-03-13,1
166,control,2026-03-15,1
167,treatment,2026-03-06,1
168,control,2026-03-13,0
169,control,2026-03-08,1
170,treatment,2026-03-12,0
171,treatment,2026-03-14,1
172,control,2026-03-15,0
173,treatment,2026-03-10,0
174,control,2026-03-15,0
175,control,2026-03-02,1
176,treatment,2026-03-09,0
177,treatment,2026-03-04,1
178,control,2026-03-04,1
179,control,2026-03-05,0
180,control,2026-03-05,0
181,treatment,2026-03-03,0
182,control,2026-03-08,0
183,control,2026-03-09,0
184,treatment,2026-03-10,0
185,treatment,2026-03-05,0
186,treatment,2026-03-03,0
187,treatment,2026-03-04,0
188,treatment,2026-03-07,0
189,control,2026-03-09,0
190,control,2026-03-11,1
191,treatment,2026-03-13,0
192,control,2026-03-13,0
193,control,2026-03-09,0
194,treatment,2026-03-15,0
195,treatment,2026-03-06,0
196,control,2026-03-03,1
197,control,2026-03-13,0
198,control,2026-03-07,1
199,treatment,2026-03-04,0
200,control,2026-03-05,0
201,control,2026-03-07,0
202,control,2026-03-13,0
203,treatment,2026-03-03,0
204,control,2026-03-14,1
205,control,2026-03-11,0
206,control,2026-03-06,0
207,treatment,2026-03-10,0
208,control,2026-03-04,0
209,treatment,2026-03-03,0
210,treatment,2026-03-10,1
211,treatment,2026-03-08,0
212,control,2026-03-10,1
213,control,2026-03-02,1
214,control,2026-03-12,0
215,control,2026-03-14,0
216,control,2026-03-04,1
217,treatment,2026-03-03,0
218,control,2026-03-13,0
219,control,2026-03-12,0
220,control,2026-03-08,0
221,control,2026-03-09,0
222,control,2026-03-11,0
223,treatment,2026-03-02,0
224,treatment,2026-03-11,1
225,control,2026-03-14,1
226,treatment,2026-03-15,1
227,treatment,2026-03-02,0
228,treatment,2026-03-15,0
229,control,2026-03-03,0
230,control,2026-03-10,0
231,control,2026-03-10,0
232,control,2026-03-13,1
233,treatment,2026-03-10,0
234,treatment,2026-03-09,0
235,treatment,2026-03-02,0
236,control,2026-03-09,0
237,treatment,2026-03-10,1
238,control,2026-03-06,1
239,control,2026-03-04,0
240,control,2026-03-06,1
241,control,2026-03-06,1
242,treatment,2026-03-12,0
243,control,2026-03-13,1
244,control,2026-03-09,0
245,control,2026-03-08,1
246,control,2026-03-12,1
247,treatment,2026-03-03,0
248,treatment,2026-03-08,0
249,treatment,2026-03-14,0
250,control,2026-03-07,1
251,control,2026-03-03,0
252,control,2026-03-12,0
253,control,2026-03-04,1
254,treatment,2026-03-03,0
255,control,2026-03-06,1
256,treatment,2026-03-04,0
257,treatment,2026-03-06,0
258,control,2026-03-02,0
259,control,2026-03-10,0
260,control,2026-03-12,1
261,control,2026-03-06,1
262,control,2026-03-15,0
263,treatment,2026-03-14,0
264,control,2026-03-04,0
265,control,2026-03-07,1
266,control,2026-03-11,0
267,treatment,2026-03-12,0
268,control,2026-03-03,1
269,treatment,2026-03-13,0
270,treatment,2026-03-07,1
271,treatment,2026-03-08,0
272,treatment,2026-03-13,0
273,treatment,2026-03-06,0
274,control,2026-03-07,0
275,control,2026-03-11,0
276,treatment,2026-03-09,0
277,treatment,2026-03-10,1
278,control,2026-03-14,0
279,control,2026-03-10,1
280,control,2026-03-10,0
281,control,2026-03-05,0
282,treatment,2026-03-03,1
283,treatment,2026-03-05,0
284,treatment,2026-03-12,0
285,treatment,2026-03-09,1
286,control,2026-03-11,0
287,control,2026-03-09,0
288,treatment,2026-03-10,1
289,treatment,2026-03-05,1
290,treatment,2026-03-06,1
291,control,2026-03-14,0
292,control,2026-03-13,1
293,treatment,2026-03-03,0
294,treatment,2026-03-09,0
295,control,2026-03-11,1
296,control,2026-03-06,0
297,control,2026-03-10,1
298,control,2026-03-04,0
299,control,2026-03-14,0
300,treatment,2026-03-07,0
301,control,2026-03-06,0
302,control,2026-03-15,0
303,control,2026-03-14,1
304,treatment,2026-03-03,0
305,treatment,2026-03-14,0
306,control,2026-03-07,0
307,treatment,2026-03-10,1
308,treatment,2026-03-09,0
309,control,2026-03-15,0
310,control,2026-03-09,0
311,control,2026-03-10,0
312,treatment,2026-03-09,0
313,control,2026-03-02,0
314,treatment,2026-03-13,0
315,control,2026-03-10,0
316,treatment,2026-03-07,0
317,treatment,2026-03-15,0
318,treatment,2026-03-15,0
319,control,2026-03-14,1
320,control,2026-03-08,0
321,control,2026-03-07,0
322,treatment,2026-03-14,0
323,treatment,2026-03-03,0
324,control,2026-03-02,0
325,treatment,2026-03-13,1
326,treatment,2026-03-03,0
327,control,2026-03-10,0
328,control,2026-03-04,1
329,control,2026-03-02,0
330,treatment,2026-03-10,0
331,treatment,2026-03-10,1
332,control,2026-03-12,0
333,treatment,2026-03-03,1
334,treatment,2026-03-07,0
335,control,2026-03-15,1
336,control,2026-03-05,0
337,treatment,2026-03-09,1
338,control,2026-03-15,0
339,treatment,2026-03-13,0
340,control,2026-03-12,1
341,control,2026-03-08,1
342,treatment,2026-03-05,0
343,control,2026-03-09,1
344,treatment,2026-03-14,0
345,control,2026-03-07,0
346,control,2026-03-10,1
347,control,2026-03-14,1
348,treatment,2026-03-07,0
349,treatment,2026-03-02,1
350,treatment,2026-03-11,0
351,control,2026-03-15,1
352,treatment,2026-03-11,1
353,control,2026-03-10,0
354,treatment,2026-03-10,0
355,control,2026-03-08,0
356,treatment,2026-03-06,0
357,control,2026-03-13,1
358,treatment,2026-03-09,1
359,treatment,2026-03-13,1
360,treatment,2026-03-02,0
361,treatment,2026-03-02,0
362,control,2026-03-06,1
363,control,2026-03-08,1
364,control,2026-03-03,1
365,treatment,2026-03-06,0
366,treatment,2026-03-07,1
367,treatment,2026-03-06,0
368,control,2026-03-04,1
369,control,2026-03-06,0
370,treatment,2026-03-15,1
371,control,2026-03-11,0
372,treatment,2026-03-08,1
373,treatment,2026-03-09,0
374,control,2026-03-11,1
375,treatment,2026-03-10,1
376,treatment,2026-03-05,0
377,treatment,2026-03-10,0
378,treatment,2026-03-03,1
379,control,2026-03-13,0
380,control,2026-03-08,1
381,treatment,2026-03-09,0
382,treatment,2026-03-15,1
383,control,2026-03-04,0
384,treatment,2026-03-08,0
385,control,2026-03-15,1
386,control,2026-03-15,0
387,treatment,2026-03-02,0
388,treatment,2026-03-03,1
389,treatment,2026-03-02,1
390,control,2026-03-08,0
391,control,2026-03-07,0
392,control,2026-03-11,0
393,control,2026-03-05,1
394,control,2026-03-03,1
395,control,2026-03-05,1
396,treatment,2026-03-15,0
397,control,2026-03-11,1
398,treatment,2026-03-04,0
399,treatment,2026-03-07,0
400,treatment,2026-03-14,0
401,treatment,2026-03-15,0
402,treatment,2026-03-02,0
403,control,2026-03-03,1
404,control,2026-03-02,1
405,treatment,2026-03-04,1
406,control,2026-03-03,0
407,control,2026-03-08,0
408,treatment,2026-03-14,1
409,control,2026-03-05,0
410,control,2026-03-13,0
411,treatment,2026-03-11,1
412,treatment,2026-03-02,0
413,treatment,2026-03-05,0
414,treatment,2026-03-10,0
415,treatment,2026-03-11,0
416,treatment,2026-03-04,1
417,control,2026-03-03,0
418,control,2026-03-09,1
419,treatment,2026-03-06,1
420,treatment,2026-03-12,1
421,treatment,2026-03-05,0
422,treatment,2026-03-07,1
423,treatment,2026-03-06,0
424,treatment,2026-03-05,0
425,control,2026-03-11,0
426,treatment,2026-03-13,0
427,control,2026-03-08,1
428,treatment,2026-03-09,0
429,control,2026-03-03,0
430,control,2026-03-04,0
431,treatment,2026-03-11,0
432,control,2026-03-11,0
433,control,2026-03-04,0
434,treatment,2026-03-10,0
435,treatment,2026-03-15,0
436,control,2026-03-08,0
437,treatment,2026-03-05,0
438,treatment,2026-03-06,0
439,treatment,2026-03-14,0
440,control,2026-03-04,0
441,treatment,2026-03-11,1
442,treatment,2026-03-08,1
443,control,2026-03-11,1
444,treatment,2026-03-15,0
445,treatment,2026-03-04,0
446,treatment,2026-03-05,0
447,treatment,2026-03-02,0
448,control,2026-03-03,0
449,control,2026-03-11,1
450,treatment,2026-03-08,1
451,control,2026-03-02,0
452,control,2026-03-11,0
453,treatment,2026-03-06,1
454,treatment,2026-03-08,0
455,treatment,2026-03-11,0
456,treatment,2026-03-03,1
457,control,2026-03-03,0
458,treatment,2026-03-05,0
459,control,2026-03-02,0
460,control,2026-03-02,0
461,treatment,2026-03-02,0
462,control,2026-03-02,1
463,control,2026-03-12,0
464,control,2026-03-11,0
465,control,2026-03-14,0
466,treatment,2026-03-05,0
467,control,2026-03-11,0
468,treatment,2026-03-02,1
469,treatment,2026-03-08,0
470,control,2026-03-10,1
471,control,2026-03-11,0
472,treatment,2026-03-05,0
473,treatment,2026-03-09,0
474,treatment,2026-03-11,0
475,treatment,2026-03-15,1
476,treatment,2026-03-05,1
477,control,2026-03-15,0
478,treatment,2026-03-12,1
479,control,2026-03-02,0
480,treatment,2026-03-09,1
481,control,2026-03-13,0
482,control,2026-03-09,0
483,treatment,2026-03-02,1
484,treatment,2026-03-12,1
485,treatment,2026-03-11,0
486,treatment,2026-03-04,0
487,control,2026-03-13,1
488,treatment,2026-03-04,1
489,control,2026-03-02,0
490,control,2026-03-12,0
491,control,2026-03-04,0
492,treatment,2026-03-06,1
493,control,2026-03-14,0
494,control,2026-03-10,0
495,treatment,2026-03-09,0
496,treatment,2026-03-08,0
497,control,2026-03-02,1
498,treatment,2026-03-13,0
499,treatment,2026-03-03,0
500,control,2026-03-02,0
501,control,2026-03-06,0
502,treatment,2026-03-12,0
503,control,2026-03-02,1
504,control,2026-03-14,1
505,control,2026-03-11,0
506,treatment,2026-03-11,1
507,treatment,2026-03-02,0
508,control,2026-03-09,0
509,treatment,2026-03-07,0
510,control,2026-03-12,0
511,treatment,2026-03-14,0
512,control,2026-03-09,1
513,treatment,2026-03-12,1
514,control,2026-03-10,0
515,control,2026-03-06,1
516,control,2026-03-14,0
517,control,2026-03-10,0
518,control,2026-03-03,1
519,control,2026-03-12,0
520,treatment,2026-03-02,0
521,treatment,2026-03-08,1
522,control,2026-03-14,1
523,control,2026-03-09,0
524,control,2026-03-07,0
525,treatment,2026-03-15,0
526,control,2026-03-04,0
527,treatment,2026-03-06,1
528,control,2026-03-02,1
529,treatment,2026-03-03,0
530,treatment,2026-03-02,1
531,treatment,2026-03-14,0
532,treatment,2026-03-04,1
533,control,2026-03-09,1
534,control,2026-03-12,1
535,treatment,2026-03-07,0
536,control,2026-03-13,0
537,control,2026-03-04,0
538,treatment,2026-03-03,1
539,control,2026-03-04,0
540,control,2026-03-06,0
541,treatment,2026-03-07,0
542,treatment,2026-03-04,1
543,control,2026-03-08,0
544,treatment,2026-03-06,1
545,treatment,2026-03-06,1
546,treatment,2026-03-09,0
547,treatment,2026-03-02,0
548,treatment,2026-03-02,1
549,control,2026-03-12,0
550,control,2026-03-07,1
551,control,2026-03-04,0
552,treatment,2026-03-05,0
553,control,2026-03-08,1
554,control,2026-03-05,0
555,treatment,2026-03-04,1
556,control,2026-03-12,0
557,treatment,2026-03-06,0
558,treatment,2026-03-13,0
559,control,2026-03-04,1
560,control,2026-03-14,1
561,treatment,2026-03-12,1
562,treatment,2026-03-11,1
563,control,2026-03-07,1
564,treatment,2026-03-06,1
565,control,2026-03-12,0
566,treatment,2026-03-14,1
567,control,2026-03-02,0
568,control,2026-03-14,0
569,treatment,2026-03-07,0
570,control,2026-03-03,0
571,control,2026-03-09,0
572,control,2026-03-03,0
573,control,2026-03-14,0
574,control,2026-03-06,0
575,treatment,2026-03-12,1
576,control,2026-03-15,0
577,control,2026-03-09,0
578,treatment,2026-03-14,1
579,treatment,2026-03-11,0
580,treatment,2026-03-08,0
581,treatment,2026-03-03,1
582,treatment,2026-03-09,0
583,control,2026-03-13,1
584,control,2026-03-10,1
585,control,2026-03-09,1
586,treatment,2026-03-09,0
587,control,2026-03-14,0
588,treatment,2026-03-03,1
589,control,2026-03-14,0
590,control,2026-03-08,0
591,treatment,2026-03-03,1
592,control,2026-03-11,1
593,treatment,2026-03-03,0
594,control,2026-03-07,0
595,control,2026-03-09,1
596,control,2026-03-06,1
597,control,2026-03-05,0
598,treatment,2026-03-12,0
599,control,2026-03-09,1
600,control,2026-03-09,0
601,control,2026-03-09,0
602,control,2026-03-03,0
603,treatment,2026-03-06,0
604,control,2026-03-04,1
605,control,2026-03-05,1
606,treatment,2026-03-10,0
607,control,2026-03-12,1
608,treatment,2026-03-14,1
609,treatment,2026-03-15,1
610,control,2026-03-13,0
611,treatment,2026-03-12,0
612,treatment,2026-03-11,0
613,control,2026-03-08,0
614,control,2026-03-07,0
615,control,2026-03-05,0
616,treatment,2026-03-06,1
617,control,2026-03-10,0
618,control,2026-03-06,0
619,treatment,2026-03-04,0
620,control,2026-03-09,0
621,control,2026-03-10,0
622,treatment,2026-03-14,1
623,treatment,2026-03-02,0
624,control,2026-03-10,1
625,treatment,2026-03-07,0
626,control,2026-03-10,0
627,treatment,2026-03-03,0
628,treatment,2026-03-12,1
629,treatment,2026-03-06,0
630,control,2026-03-10,0
631,control,2026-03-10,0
632,treatment,2026-03-14,0
633,control,2026-03-09,0
634,treatment,2026-03-11,0
635,control,2026-03-06,0
636,control,2026-03-07,0
637,treatment,2026-03-13,0
638,control,2026-03-11,0
639,treatment,2026-03-03,1
640,control,2026-03-13,1
641,treatment,2026-03-15,0
642,control,2026-03-02,1
643,control,2026-03-10,1
644,treatment,2026-03-10,0
645,treatment,2026-03-11,1
646,treatment,2026-03-10,0
647,treatment,2026-03-13,0
648,control,2026-03-08,1
649,treatment,2026-03-12,0
650,control,2026-03-13,0
651,treatment,2026-03-12,1
652,treatment,2026-03-09,0
653,treatment,2026-03-11,0
654,treatment,2026-03-13,1
655,treatment,2026-03-15,0
656,treatment,2026-03-08,0
657,treatment,2026-03-08,0
658,control,2026-03-06,1
659,control,2026-03-14,1
660,control,2026-03-03,0
661,treatment,2026-03-04,0
662,control,2026-03-10,0
663,treatment,2026-03-12,1
664,control,2026-03-02,1
665,treatment,2026-03-04,0
666,treatment,2026-03-04,0
667,control,2026-03-02,0
668,treatment,2026-03-11,0
669,treatment,2026-03-02,0
670,control,2026-03-09,0
671,control,2026-03-07,0
672,treatment,2026-03-03,1
673,control,2026-03-08,1
674,control,2026-03-10,0
675,treatment,2026-03-10,0
676,control,2026-03-13,0
677,control,2026-03-05,0
678,control,2026-03-02,1
679,treatment,2026-03-11,0
680,treatment,2026-03-04,0
681,treatment,2026-03-07,0
682,treatment,2026-03-13,0
683,control,2026-03-05,0
684,control,2026-03-15,0
685,control,2026-03-10,1
686,control,2026-03-10,0
687,treatment,2026-03-15,1
688,control,2026-03-05,0
689,control,2026-03-09,1
690,treatment,2026-03-13,1
691,control,2026-03-12,0
692,control,2026-03-10,0
693,control,2026-03-02,0
694,treatment,2026-03-07,0
695,treatment,2026-03-06,0
696,control,2026-03-11,0
697,control,2026-03-14,0
698,treatment,2026-03-14,1
699,control,2026-03-02,1
700,control,2026-03-08,0
701,control,2026-03-04,1
702,control,2026-03-09,0
703,treatment,2026-03-07,0
704,control,2026-03-14,1
705,treatment,2026-03-04,0
706,control,2026-03-15,1
707,control,2026-03-04,0
708,control,2026-03-04,0
709,control,2026-03-09,0
710,control,2026-03-12,0
711,treatment,2026-03-04,0
712,treatment,2026-03-06,1
713,control,2026-03-12,1
714,treatment,2026-03-10,1
715,control,2026-03-03,0
716,treatment,2026-03-15,1
717,treatment,2026-03-02,0
718,treatment,2026-03-13,0
719,control,2026-03-12,0
720,control,2026-03-09,0
721,treatment,2026-03-15,0
722,control,2026-03-08,1
723,treatment,2026-03-04,1
724,treatment,2026-03-15,0
725,control,2026-03-14,0
726,treatment,2026-03-06,0
727,treatment,2026-03-15,0
728,treatment,2026-03-02,1
729,treatment,2026-03-13,0
730,control,2026-03-06,0
731,control,2026-03-03,0
732,treatment,2026-03-06,0
733,control,2026-03-03,1
734,treatment,2026-03-10,1
735,treatment,2026-03-05,1
736,treatment,2026-03-06,0
737,control,2026-03-03,0
738,treatment,2026-03-05,1
739,treatment,2026-03-03,0
740,control,2026-03-03,0
741,treatment,2026-03-11,0
742,control,2026-03-10,0
743,control,2026-03-05,1
744,control,2026-03-15,0
745,treatment,2026-03-13,0
746,control,2026-03-08,0
747,control,2026-03-10,0
748,control,2026-03-14,0
749,treatment,2026-03-11,0
750,control,2026-03-02,1
751,treatment,2026-03-06,0
752,treatment,2026-03-09,0
753,control,2026-03-08,0
754,treatment,2026-03-14,1
755,control,2026-03-03,0
756,control,2026-03-04,0
757,treatment,2026-03-10,1
758,treatment,2026-03-03,1
759,control,2026-03-04,1
760,control,2026-03-07,1
761,treatment,2026-03-13,0
762,control,2026-03-08,1
763,treatment,2026-03-13,0
764,control,2026-03-03,0
765,control,2026-03-06,1
766,control,2026-03-09,0
767,control,2026-03-06,1
768,control,2026-03-02,0
769,control,2026-03-04,1
770,treatment,2026-03-06,1
771,control,2026-03-07,0
772,control,2026-03-02,0
773,treatment,2026-03-03,0
774,control,2026-03-02,1
775,control,2026-03-11,1
776,treatment,2026-03-11,0
777,treatment,2026-03-15,1
778,control,2026-03-15,0
779,treatment,2026-03-11,0
780,control,2026-03-14,0
781,treatment,2026-03-14,0
782,control,2026-03-04,1
783,control,2026-03-05,1
784,treatment,2026-03-15,0
785,treatment,2026-03-12,1
786,control,2026-03-11,0
787,treatment,2026-03-06,0
788,control,2026-03-03,0
789,control,2026-03-10,0
790,treatment,2026-03-13,0
791,control,2026-03-13,1
792,control,2026-03-04,0
793,control,2026-03-10,0
794,treatment,2026-03-14,1
795,control,2026-03-03,0
796,treatment,2026-03-02,1
797,treatment,2026-03-15,0
798,control,2026-03-07,1
799,treatment,2026-03-11,0
800,control,2026-03-08,1
801,control,2026-03-03,0
802,control,2026-03-04,0
803,control,2026-03-13,0
804,treatment,2026-03-14,1
805,treatment,2026-03-15,0
806,treatment,2026-03-10,0
807,control,2026-03-05,1
808,control,2026-03-08,0
809,treatment,2026-03-03,0
810,treatment,2026-03-09,1
811,control,2026-03-03,0
812,control,2026-03-03,0
813,control,2026-03-10,0
814,treatment,2026-03-14,0
815,control,2026-03-13,1
816,treatment,2026-03-08,0
817,treatment,2026-03-13,1
818,control,2026-03-03,0
819,control,2026-03-08,1
820,control,2026-03-13,0
821,treatment,2026-03-02,0
822,control,2026-03-05,1
823,treatment,2026-03-14,0
824,treatment,2026-03-14,0
825,treatment,2026-03-03,0
826,control,2026-03-13,0
827,treatment,2026-03-12,0
828,control,2026-03-08,1
829,control,2026-03-07,1
830,treatment,2026-03-04,0
831,treatment,2026-03-10,0
832,control,2026-03-04,1
833,control,2026-03-15,0
834,control,2026-03-04,0
835,control,2026-03-10,0
836,control,2026-03-10,1
837,control,2026-03-12,1
838,control,2026-03-04,0
839,treatment,2026-03-08,1
840,control,2026-03-15,1
841,treatment,2026-03-04,1
842,control,2026-03-02,0
843,control,2026-03-09,1
844,treatment,2026-03-06,0
845,treatment,2026-03-10,0
846,control,2026-03-07,1
847,treatment,2026-03-07,0
848,treatment,2026-03-02,0
849,treatment,2026-03-07,0
850,control,2026-03-07,1
851,control,2026-03-06,0
852,control,2026-03-13,0
853,treatment,2026-03-07,1
854,treatment,2026-03-15,0
855,control,2026-03-03,1
856,control,2026-03-15,0
857,treatment,2026-03-04,0
858,treatment,2026-03-12,0
859,control,2026-03-08,0
860,control,2026-03-09,0
861,control,2026-03-08,0
862,control,2026-03-12,1
863,control,2026-03-05,0
864,control,2026-03-05,0
865,treatment,2026-03-02,1
866,control,2026-03-05,0
867,control,2026-03-06,0
868,control,2026-03-03,0
869,control,2026-03-09,1
870,treatment,2026-03-07,0
871,control,2026-03-04,1
872,control,2026-03-02,0
873,treatment,2026-03-15,0
874,control,2026-03-07,0
875,control,2026-03-15,0
876,treatment,2026-03-04,1
877,control,2026-03-04,1
878,treatment,2026-03-11,0
879,control,2026-03-14,0
880,treatment,2026-03-11,1
881,control,2026-03-04,1
882,control,2026-03-15,0
883,treatment,2026-03-05,0
884,treatment,2026-03-02,0
885,control,2026-03-14,0
886,treatment,2026-03-04,0
887,treatment,2026-03-15,0
888,control,2026-03-15,0
889,control,2026-03-08,0
890,treatment,2026-03-10,0
891,control,2026-03-04,0
892,treatment,2026-03-05,0
893,treatment,2026-03-04,0
894,control,2026-03-15,1
895,control,2026-03-14,1
896,treatment,2026-03-04,0
897,treatment,2026-03-04,1
898,treatment,2026-03-02,1
899,control,2026-03-13,0
900,control,2026-03-02,0
901,treatment,2026-03-06,0
902,control,2026-03-09,0
903,control,2026-03-13,0
904,treatment,2026-03-13,0
905,control,2026-03-04,1
906,treatment,2026-03-14,0
907,control,2026-03-11,0
908,treatment,2026-03-03,0
909,control,2026-03-11,0
910,control,2026-03-13,0
911,treatment,2026-03-06,1
912,treatment,2026-03-13,0
913,control,2026-03-12,0
914,control,2026-03-09,1
915,control,2026-03-09,0
916,control,2026-03-10,0
917,treatment,2026-03-09,0
918,control,2026-03-04,1
919,control,2026-03-10,0
920,control,2026-03-13,0
921,control,2026-03-02,0
922,control,2026-03-04,0
923,control,2026-03-05,1
924,treatment,2026-03-03,1
925,control,2026-03-13,0
926,treatment,2026-03-14,0
927,control,2026-03-03,0
928,control,2026-03-09,0
929,control,2026-03-09,1
930,treatment,2026-03-10,0
931,control,2026-03-05,0
932,control,2026-03-07,0
933,control,2026-03-14,1
934,treatment,2026-03-02,1
935,control,2026-03-03,0
936,treatment,2026-03-09,0
937,control,2026-03-07,0
938,control,2026-03-03,0
939,treatment,2026-03-07,1
940,treatment,2026-03-05,0
941,control,2026-03-06,0
942,treatment,2026-03-05,1
943,control,2026-03-02,1
944,control,2026-03-06,0
945,control,2026-03-06,0
946,control,2026-03-12,0
947,treatment,2026-03-09,1
948,control,2026-03-10,0
949,control,2026-03-05,0
950,treatment,2026-03-05,0
951,treatment,2026-03-07,0
952,treatment,2026-03-02,0
953,control,2026-03-15,0
954,treatment,2026-03-06,0
955,treatment,2026-03-12,0
956,treatment,2026-03-12,1
957,treatment,2026-03-07,1
958,treatment,2026-03-11,0
959,control,2026-03-04,1
960,control,2026-03-08,0
961,treatment,2026-03-09,1
962,control,2026-03-13,0
963,treatment,2026-03-11,1
964,treatment,2026-03-11,1
965,control,2026-03-02,0
966,control,2026-03-10,1
967,treatment,2026-03-15,1
968,control,2026-03-14,1
969,control,2026-03-13,1
970,control,2026-03-12,0
971,treatment,2026-03-11,1
972,control,2026-03-05,0
973,control,2026-03-14,0
974,treatment,2026-03-15,0
975,treatment,2026-03-08,1
976,control,2026-03-08,1
977,control,2026-03-15,1
978,treatment,2026-03-08,1
979,control,2026-03-09,0
980,control,2026-03-04,1
981,treatment,2026-03-15,0
982,treatment,2026-03-03,0
983,control,2026-03-10,0
984,treatment,2026-03-12,1
985,control,2026-03-09,0
986,control,2026-03-14,0
987,treatment,2026-03-14,1
988,treatment,2026-03-14,1
989,treatment,2026-03-11,0
990,treatment,2026-03-02,1
991,treatment,2026-03-14,1
992,control,2026-03-02,1
993,control,2026-03-11,0
994,treatment,2026-03-07,0
995,control,2026-03-02,0
996,treatment,2026-03-09,1
997,control,2026-03-02,0
998,treatment,2026-03-14,0
999,control,2026-03-13,1
1000,treatment,2026-03-03,0
1001,control,2026-03-09,0
1002,control,2026-03-09,0
1003,control,2026-03-11,1
1004,control,2026-03-08,0
1005,control,2026-03-02,1
1006,control,2026-03-12,0
1007,treatment,2026-03-13,0
1008,treatment,2026-03-15,1
1009,control,2026-03-08,0
1010,control,2026-03-04,0
1011,treatment,2026-03-09,1
1012,treatment,2026-03-03,0
1013,control,2026-03-11,1
1014,control,2026-03-03,0
1015,control,2026-03-08,0
1016,control,2026-03-15,0
1017,control,2026-03-05,1
1018,treatment,2026-03-08,0
1019,treatment,2026-03-07,1
1020,treatment,2026-03-14,0
1021,control,2026-03-08,0
1022,control,2026-03-03,0
1023,treatment,2026-03-03,1
1024,control,2026-03-13,1
1025,control,2026-03-06,1
1026,treatment,2026-03-08,1
1027,control,2026-03-02,0
1028,treatment,2026-03-14,0
1029,treatment,2026-03-03,0
1030,control,2026-03-02,0
1031,treatment,2026-03-05,0
1032,control,2026-03-03,1
1033,control,2026-03-05,0
1034,treatment,2026-03-07,0
1035,control,2026-03-15,1
1036,treatment,2026-03-13,0
1037,control,2026-03-13,0
1038,control,2026-03-05,1
1039,control,2026-03-09,0
1040,treatment,2026-03-02,0
1041,control,2026-03-04,0
1042,treatment,2026-03-14,0
1043,control,2026-03-13,1
1044,control,2026-03-07,1
1045,treatment,2026-03-08,1
1046,control,2026-03-08,0
1047,treatment,2026-03-07,1
1048,control,2026-03-03,1
1049,treatment,2026-03-11,1
1050,control,2026-03-15,0
1051,treatment,2026-03-08,1
1052,treatment,2026-03-14,0
1053,control,2026-03-06,0
1054,treatment,2026-03-02,0
1055,treatment,2026-03-10,0
1056,treatment,2026-03-08,0
1057,control,2026-03-08,0
1058,treatment,2026-03-10,0
1059,treatment,2026-03-06,1
1060,control,2026-03-13,1
1061,control,2026-03-11,0
1062,control,2026-03-02,1
1063,treatment,2026-03-04,1
1064,control,2026-03-15,0
1065,control,2026-03-08,1
1066,treatment,2026-03-14,1
1067,treatment,2026-03-13,0
1068,control,2026-03-04,1
1069,control,2026-03-02,0
1070,treatment,2026-03-02,0
1071,control,2026-03-14,0
1072,control,2026-03-06,0
1073,treatment,2026-03-11,0
1074,control,2026-03-04,1
1075,control,2026-03-05,0
1076,control,2026-03-07,0
1077,control,2026-03-04,0
1078,control,2026-03-13,0
1079,treatment,2026-03-12,1
1080,control,2026-03-03,0
1081,control,2026-03-15,1
1082,treatment,2026-03-13,0
1083,treatment,2026-03-07,0
1084,control,2026-03-08,1
1085,control,2026-03-07,1
1086,control,2026-03-04,1
1087,control,2026-03-05,0
1088,treatment,2026-03-11,0
1089,control,2026-03-15,1
1090,treatment,2026-03-14,0
1091,treatment,2026-03-10,0
1092,control,2026-03-04,1
1093,control,2026-03-09,1
1094,treatment,2026-03-15,0
1095,control,2026-03-07,1
1096,control,2026-03-07,0
1097,treatment,2026-03-10,0
1098,control,2026-03-13,1
1099,treatment,2026-03-03,1
1100,control,2026-03-04,0
1101,control,2026-03-14,0
1102,treatment,2026-03-12,1
1103,treatment,2026-03-05,0
1104,control,2026-03-09,0
1105,treatment,2026-03-10,0
1106,control,2026-03-13,0
1107,control,2026-03-07,1
1108,control,2026-03-11,1
1109,treatment,2026-03-12,0
1110,treatment,2026-03-07,1
1111,control,2026-03-12,0
1112,control,2026-03-08,0
1113,control,2026-03-15,0
1114,treatment,2026-03-10,0
1115,control,2026-03-09,0
1116,control,2026-03-02,1
1117,control,2026-03-12,0
1118,treatment,2026-03-14,0
1119,control,2026-03-03,0
1120,control,2026-03-08,0
1121,control,2026-03-12,1
1122,control,2026-03-06,1
1123,treatment,2026-03-06,1
1124,control,2026-03-04,1
1125,treatment,2026-03-06,0
1126,treatment,2026-03-12,0
1127,treatment,2026-03-05,1
1128,control,2026-03-04,1
1129,control,2026-03-02,0
1130,control,2026-03-06,0
1131,treatment,2026-03-02,1
1132,treatment,2026-03-07,0
1133,control,2026-03-15,1
1134,control,2026-03-07,0
1135,control,2026-03-10,1
1136,treatment,2026-03-11,0
1137,treatment,2026-03-11,1
1138,treatment,2026-03-08,0
1139,treatment,2026-03-13,1
1140,control,2026-03-08,1
1141,control,2026-03-09,0
1142,control,2026-03-10,1
1143,control,2026-03-09,0
1144,treatment,2026-03-15,1
1145,control,2026-03-06,0
1146,control,2026-03-06,0
1147,control,2026-03-06,1
1148,treatment,2026-03-06,0
1149,control,2026-03-03,0
1150,treatment,2026-03-11,0
1151,treatment,2026-03-09,0
1152,control,2026-03-15,0
1153,control,2026-03-12,0
1154,treatment,2026-03-10,1
1155,control,2026-03-04,0
1156,treatment,2026-03-03,0
1157,treatment,2026-03-02,0
1158,control,2026-03-08,1
1159,control,2026-03-04,0
1160,treatment,2026-03-02,1
1161,control,2026-03-09,1
1162,control,2026-03-14,0
1163,control,2026-03-10,1
1164,treatment,2026-03-07,1
1165,control,2026-03-09,0
1166,control,2026-03-05,1
1167,control,2026-03-07,1
1168,treatment,2026-03-02,1
1169,treatment,2026-03-02,1
1170,control,2026-03-09,1
1171,control,2026-03-13,1
1172,control,2026-03-04,0
1173,treatment,2026-03-14,0
1174,control,2026-03-03,0
1175,control,2026-03-04,1
1176,treatment,2026-03-02,0
1177,treatment,2026-03-02,0
1178,control,2026-03-03,0
1179,control,2026-03-11,1
1180,treatment,2026-03-10,0
1181,treatment,2026-03-04,0
1182,control,2026-03-12,0
1183,control,2026-03-09,1
1184,treatment,2026-03-12,1
1185,treatment,2026-03-08,0
1186,control,2026-03-10,1
1187,treatment,2026-03-08,0
1188,treatment,2026-03-15,1
1189,treatment,2026-03-10,0
1190,treatment,2026-03-06,0
1191,control,2026-03-14,0
1192,control,2026-03-08,1
1193,control,2026-03-03,1
1194,control,2026-03-02,0
1195,control,2026-03-13,1
1196,treatment,2026-03-07,1
1197,treatment,2026-03-13,1
1198,treatment,2026-03-14,0
1199,control,2026-03-04,0
1200,control,2026-03-13,0
1201,treatment,2026-03-13,1
1202,control,2026-03-06,0
1203,treatment,2026-03-12,0
1204,treatment,2026-03-05,0
1205,treatment,2026-03-15,0
1206,treatment,2026-03-15,0
1207,treatment,2026-03-15,0
1208,treatment,2026-03-03,1
1209,control,2026-03-10,1
1210,control,2026-03-13,0
1211,control,2026-03-13,0
1212,control,2026-03-15,0
1213,control,2026-03-04,1
1214,control,2026-03-12,0
1215,treatment,2026-03-08,1
1216,control,2026-03-08,1
1217,control,2026-03-15,1
1218,control,2026-03-12,1
1219,control,2026-03-10,1
1220,treatment,2026-03-10,0
1221,control,2026-03-06,1
1222,treatment,2026-03-02,1
1223,control,2026-03-12,0
1224,treatment,2026-03-11,1
1225,treatment,2026-03-12,1
1226,control,2026-03-13,0
1227,control,2026-03-09,0
1228,treatment,2026-03-13,1
1229,treatment,2026-03-15,0
1230,control,2026-03-03,0
1231,control,2026-03-14,1
1232,treatment,2026-03-07,0
1233,treatment,2026-03-08,0
1234,treatment,2026-03-13,1
1235,control,2026-03-10,1
1236,treatment,2026-03-14,0
1237,control,2026-03-06,0
1238,treatment,2026-03-07,0
1239,control,2026-03-15,1
1240,control,2026-03-11,1
1241,control,2026-03-12,1
1242,treatment,2026-03-12,0
1243,control,2026-03-03,0
1244,control,2026-03-07,0
1245,control,2026-03-12,0
1246,control,2026-03-03,1
1247,control,2026-03-07,1
1248,control,2026-03-15,0
1249,control,2026-03-07,0
1250,control,2026-03-11,0
1251,treatment,2026-03-14,1
1252,control,2026-03-05,0
1253,control,2026-03-04,0
1254,control,2026-03-10,1
1255,treatment,2026-03-10,0
1256,treatment,2026-03-02,0
1257,treatment,2026-03-12,0
1258,treatment,2026-03-04,1
1259,control,2026-03-03,0
1260,control,2026-03-14,1
1261,treatment,2026-03-09,1
1262,treatment,2026-03-12,0
1263,treatment,2026-03-13,0
1264,treatment,2026-03-02,0
1265,control,2026-03-04,1
1266,treatment,2026-03-08,1
1267,treatment,2026-03-04,0
1268,treatment,2026-03-03,1
1269,control,2026-03-14,1
1270,control,2026-03-12,0
1271,control,2026-03-05,1
1272,control,2026-03-05,0
1273,control,2026-03-11,0
1274,control,2026-03-11,1
1275,treatment,2026-03-02,0
1276,treatment,2026-03-07,0
1277,control,2026-03-07,0
1278,treatment,2026-03-03,1
1279,control,2026-03-07,0
1280,control,2026-03-07,0
1281,control,2026-03-15,0
1282,treatment,2026-03-06,1
1283,treatment,2026-03-11,1
1284,control,2026-03-13,0
1285,treatment,2026-03-04,0
1286,control,2026-03-15,1
1287,control,2026-03-15,1
1288,control,2026-03-03,0
1289,control,2026-03-05,0
1290,treatment,2026-03-07,0
1291,control,2026-03-06,1
1292,treatment,2026-03-15,0
1293,treatment,2026-03-08,0
1294,treatment,2026-03-12,1
1295,treatment,2026-03-14,0
1296,control,2026-03-15,0
1297,treatment,2026-03-09,0
1298,control,2026-03-06,0
1299,control,2026-03-15,0
1300,control,2026-03-05,0
1301,control,2026-03-09,1
1302,control,2026-03-02,0
1303,control,2026-03-04,1
1304,treatment,2026-03-09,1
1305,treatment,2026-03-12,1
1306,treatment,2026-03-08,1
1307,control,2026-03-10,0
1308,control,2026-03-02,0
1309,control,2026-03-08,0
1310,control,2026-03-12,1
1311,control,2026-03-13,0
1312,control,2026-03-11,0
1313,treatment,2026-03-05,0
1314,treatment,2026-03-11,0
1315,treatment,2026-03-10,1
1316,control,2026-03-05,1
1317,treatment,2026-03-04,1
1318,treatment,2026-03-14,1
1319,control,2026-03-09,0
1320,treatment,2026-03-15,0
1321,control,2026-03-08,0
1322,treatment,2026-03-15,0
1323,control,2026-03-11,1
1324,control,2026-03-02,0
1325,control,2026-03-02,0
1326,treatment,2026-03-10,0
1327,control,2026-03-11,0
1328,control,2026-03-08,1
1329,control,2026-03-03,1
1330,treatment,2026-03-09,1
1331,treatment,2026-03-02,0
1332,treatment,2026-03-11,0
1333,control,2026-03-11,1
1334,treatment,2026-03-06,0
1335,treatment,2026-03-03,0
1336,treatment,2026-03-14,0
1337,control,2026-03-02,1
1338,control,2026-03-10,0
1339,control,2026-03-04,0
1340,control,2026-03-15,1
1341,treatment,2026-03-08,0
1342,treatment,2026-03-06,1
1343,treatment,2026-03-03,0
1344,control,2026-03-08,0
1345,control,2026-03-15,1
1346,control,2026-03-03,1
1347,treatment,2026-03-05,0
1348,control,2026-03-13,0
1349,treatment,2026-03-15,0
1350,control,2026-03-06,1
1351,treatment,2026-03-14,1
1352,control,2026-03-13,0
1353,treatment,2026-03-09,0
1354,control,2026-03-02,0
1355,control,2026-03-09,0
1356,treatment,2026-03-09,0
1357,treatment,2026-03-02,0
1358,control,2026-03-02,0
1359,treatment,2026-03-03,1
1360,control,2026-03-15,0
1361,treatment,2026-03-04,0
1362,control,2026-03-13,1
1363,control,2026-03-08,0
1364,control,2026-03-11,0
1365,control,2026-03-06,1
1366,control,2026-03-11,0
1367,treatment,2026-03-05,0
1368,treatment,2026-03-05,1
1369,treatment,2026-03-15,1
1370,control,2026-03-13,1
1371,control,2026-03-15,0
1372,treatment,2026-03-06,0
1373,treatment,2026-03-10,0
1374,control,2026-03-14,0
1375,control,2026-03-06,0
1376,treatment,2026-03-02,0
1377,treatment,2026-03-04,1
1378,control,2026-03-08,0
1379,treatment,2026-03-07,1
1380,control,2026-03-07,0
1381,treatment,2026-03-08,1
1382,treatment,2026-03-04,1
1383,treatment,2026-03-11,0
1384,control,2026-03-02,0
1385,treatment,2026-03-02,0
1386,treatment,2026-03-10,1
1387,control,2026-03-10,0
1388,control,2026-03-09,0
1389,control,2026-03-11,1
1390,control,2026-03-04,1
1391,control,2026-03-10,1
1392,treatment,2026-03-13,1
1393,control,2026-03-09,0
1394,control,2026-03-13,1
1395,treatment,2026-03-06,1
1396,control,2026-03-15,1
1397,control,2026-03-11,1
1398,treatment,2026-03-15,1
1399,treatment,2026-03-03,0
1400,control,2026-03-03,0
1401,control,2026-03-15,1
1402,treatment,2026-03-08,0
1403,treatment,2026-03-13,1
1404,treatment,2026-03-05,0
1405,control,2026-03-05,1
1406,control,2026-03-05,0
1407,control,2026-03-14,0
1408,treatment,2026-03-14,0
1409,treatment,2026-03-06,0
1410,control,2026-03-15,0
1411,treatment,2026-03-04,0
1412,control,2026-03-15,1
1413,treatment,2026-03-07,0
1414,treatment,2026-03-15,0
1415,control,2026-03-10,0
1416,control,2026-03-11,0
1417,treatment,2026-03-14,0
1418,control,2026-03-10,1
1419,control,2026-03-05,1
1420,treatment,2026-03-02,0
1421,control,2026-03-14,0
1422,control,2026-03-13,1
1423,treatment,2026-03-13,0
1424,treatment,2026-03-11,0
1425,treatment,2026-03-10,0
1426,control,2026-03-11,0
1427,control,2026-03-09,1
1428,control,2026-03-04,1
1429,treatment,2026-03-12,1
1430,control,2026-03-09,1
1431,treatment,2026-03-02,1
1432,control,2026-03-07,0
1433,control,2026-03-04,1
1434,treatment,2026-03-07,0
1435,control,2026-03-14,0
1436,treatment,2026-03-10,0
1437,treatment,2026-03-11,1
1438,control,2026-03-08,1
1439,control,2026-03-06,0
1440,control,2026-03-06,0
1441,control,2026-03-08,0
1442,treatment,2026-03-14,0
1443,treatment,2026-03-05,0
1444,treatment,2026-03-05,1
1445,control,2026-03-04,0
1446,control,2026-03-15,0
1447,treatment,2026-03-12,1
1448,treatment,2026-03-07,1
1449,treatment,2026-03-03,0
1450,control,2026-03-02,1
1451,treatment,2026-03-02,0
1452,control,2026-03-12,0
1453,treatment,2026-03-08,1
1454,control,2026-03-06,1
1455,control,2026-03-08,0
1456,control,2026-03-07,0
1457,treatment,2026-03-02,0
1458,treatment,2026-03-03,0
1459,treatment,2026-03-03,0
1460,control,2026-03-07,0
1461,control,2026-03-15,1
1462,treatment,2026-03-05,0
1463,control,2026-03-12,1
1464,control,2026-03-05,1
1465,control,2026-03-14,0
1466,control,2026-03-07,0
1467,control,2026-03-03,0
1468,control,2026-03-15,0
1469,treatment,2026-03-11,0
1470,control,2026-03-13,0
1471,treatment,2026-03-06,0
1472,control,2026-03-15,0
1473,treatment,2026-03-03,1
1474,treatment,2026-03-02,0
1475,control,2026-03-02,1
1476,control,2026-03-10,0
1477,control,2026-03-09,1
1478,treatment,2026-03-10,1
1479,control,2026-03-14,0
1480,treatment,2026-03-08,1
1481,control,2026-03-13,0
1482,control,2026-03-07,1
1483,control,2026-03-13,0
1484,control,2026-03-03,1
1485,treatment,2026-03-02,0
1486,treatment,2026-03-04,1
1487,control,2026-03-04,1
1488,control,2026-03-12,0
1489,treatment,2026-03-04,1
1490,control,2026-03-06,0
1491,control,2026-03-12,0
1492,control,2026-03-10,1
1493,treatment,2026-03-06,0
1494,control,2026-03-05,0
1495,control,2026-03-02,0
1496,treatment,2026-03-07,1
1497,control,2026-03-02,0
1498,treatment,2026-03-04,0
1499,control,2026-03-11,0
1500,control,2026-03-09,0
1501,treatment,2026-03-10,0
1502,control,2026-03-09,1
1503,treatment,2026-03-08,0
1504,treatment,2026-03-15,0
1505,control,2026-03-02,0
1506,control,2026-03-08,0
1507,control,2026-03-11,0
1508,treatment,2026-03-14,0
1509,treatment,2026-03-06,1
1510,control,2026-03-08,1
1511,control,2026-03-11,0
1512,treatment,2026-03-13,0
1513,treatment,2026-03-13,0
1514,control,2026-03-15,1
1515,control,2026-03-05,0
1516,control,2026-03-09,0
1517,control,2026-03-06,0
1518,treatment,2026-03-15,0
1519,treatment,2026-03-15,0
1520,control,2026-03-02,0
1521,control,2026-03-03,0
1522,control,2026-03-04,1
1523,treatment,2026-03-15,1
1524,treatment,2026-03-13,1
1525,treatment,2026-03-14,0
1526,control,2026-03-08,0
1527,treatment,2026-03-03,1
1528,control,2026-03-07,0
1529,control,2026-03-15,1
1530,treatment,2026-03-13,1
1531,treatment,2026-03-02,0
1532,control,2026-03-03,0
1533,control,2026-03-13,0
1534,treatment,2026-03-05,1
1535,treatment,2026-03-06,0
1536,treatment,2026-03-12,0
1537,treatment,2026-03-04,1
1538,treatment,2026-03-12,0
1539,control,2026-03-03,1
1540,treatment,2026-03-08,0
1541,control,2026-03-08,0
1542,control,2026-03-09,0
1543,control,2026-03-02,0
1544,control,2026-03-15,0
1545,control,2026-03-03,0
1546,control,2026-03-10,1
1547,treatment,2026-03-04,0
1548,control,2026-03-05,0
1549,treatment,2026-03-08,1
1550,treatment,2026-03-02,0
1551,treatment,2026-03-09,1
1552,treatment,2026-03-14,0
1553,control,2026-03-09,0
1554,control,2026-03-05,0
1555,control,2026-03-02,0
1556,treatment,2026-03-12,0
1557,control,2026-03-12,0
1558,treatment,2026-03-14,1
1559,control,2026-03-11,1
1560,control,2026-03-11,1
1561,treatment,2026-03-08,1
1562,treatment,2026-03-02,1
1563,treatment,2026-03-04,1
1564,treatment,2026-03-10,0
1565,treatment,2026-03-08,1
1566,treatment,2026-03-07,1
1567,control,2026-03-02,0
1568,control,2026-03-07,0
1569,treatment,2026-03-14,1
1570,control,2026-03-15,0
1571,control,2026-03-13,0
1572,treatment,2026-03-06,1
1573,control,2026-03-06,0
1574,treatment,2026-03-08,0
1575,treatment,2026-03-05,1
1576,control,2026-03-15,0
1577,control,2026-03-09,1
1578,treatment,2026-03-09,0
1579,treatment,2026-03-12,1
1580,treatment,2026-03-09,0
1581,treatment,2026-03-06,1
1582,treatment,2026-03-09,0
1583,control,2026-03-10,1
1584,treatment,2026-03-10,0
1585,treatment,2026-03-13,0
1586,control,2026-03-02,1
1587,control,2026-03-15,1
1588,control,2026-03-15,0
1589,control,2026-03-14,1
1590,treatment,2026-03-13,1
1591,control,2026-03-13,1
1592,control,2026-03-05,1
1593,treatment,2026-03-13,0
1594,control,2026-03-15,0
1595,control,2026-03-04,0
1596,control,2026-03-08,1
1597,control,2026-03-12,1
1598,control,2026-03-07,1
1599,control,2026-03-04,0
1600,control,2026-03-10,0
1601,control,2026-03-09,0
1602,treatment,2026-03-04,1
1603,control,2026-03-09,0
1604,treatment,2026-03-07,0
1605,control,2026-03-04,1
1606,control,2026-03-09,1
1607,control,2026-03-05,0
1608,treatment,2026-03-03,1
1609,control,2026-03-12,0
1610,treatment,2026-03-06,0
1611,treatment,2026-03-07,1
1612,treatment,2026-03-10,0
1613,control,2026-03-03,0
1614,treatment,2026-03-09,0
1615,treatment,2026-03-02,1
1616,treatment,2026-03-08,0
1617,treatment,2026-03-04,1
1618,control,2026-03-02,0
1619,control,2026-03-02,1
1620,treatment,2026-03-12,1
1621,treatment,2026-03-15,0
1622,control,2026-03-02,1
1623,treatment,2026-03-02,0
1624,treatment,2026-03-02,1
1625,control,2026-03-02,0
1626,control,2026-03-02,1
1627,treatment,2026-03-11,0
1628,treatment,2026-03-12,1
1629,treatment,2026-03-10,1
1630,control,2026-03-14,1
1631,treatment,2026-03-06,0
1632,treatment,2026-03-03,1
1633,treatment,2026-03-14,1
1634,treatment,2026-03-03,0
1635,control,2026-03-15,1
1636,control,2026-03-14,1
1637,treatment,2026-03-02,1
1638,treatment,2026-03-13,1
1639,control,2026-03-04,0
1640,treatment,2026-03-02,0
1641,control,2026-03-11,1
1642,treatment,2026-03-04,1
1643,treatment,2026-03-06,0
1644,treatment,2026-03-03,0
1645,treatment,2026-03-11,1
1646,treatment,2026-03-03,1
1647,control,2026-03-08,0
1648,control,2026-03-14,1
1649,control,2026-03-13,1
1650,treatment,2026-03-15,1
1651,control,2026-03-15,0
1652,control,2026-03-08,1
1653,treatment,2026-03-13,0
1654,control,2026-03-04,1
1655,control,2026-03-03,0
1656,treatment,2026-03-11,1
1657,treatment,2026-03-14,0
1658,control,2026-03-03,0
1659,control,2026-03-02,0
1660,treatment,2026-03-02,0
1661,treatment,2026-03-03,0
1662,treatment,2026-03-13,1
1663,treatment,2026-03-03,1
1664,control,2026-03-03,0
1665,control,2026-03-03,1
1666,treatment,2026-03-11,1
1667,control,2026-03-09,0
1668,treatment,2026-03-02,0
1669,treatment,2026-03-07,0
1670,treatment,2026-03-12,0
1671,treatment,2026-03-09,0
1672,treatment,2026-03-14,1
1673,control,2026-03-15,1
1674,control,2026-03-10,0
1675,treatment,2026-03-04,1
1676,control,2026-03-05,0
1677,control,2026-03-09,0
1678,control,2026-03-02,0
1679,control,2026-03-03,0
1680,control,2026-03-07,0
1681,treatment,2026-03-11,1
1682,control,2026-03-11,0
1683,control,2026-03-05,0
1684,control,2026-03-07,1
1685,control,2026-03-04,1
1686,control,2026-03-06,0
1687,control,2026-03-03,1
1688,control,2026-03-03,0
1689,treatment,2026-03-12,1
1690,treatment,2026-03-12,1
1691,treatment,2026-03-05,0
1692,treatment,2026-03-02,0
1693,control,2026-03-12,1
1694,treatment,2026-03-09,0
1695,control,2026-03-06,1
1696,control,2026-03-06,0
1697,control,2026-03-07,1
1698,treatment,2026-03-13,0
1699,treatment,2026-03-06,0
1700,treatment,2026-03-10,1
1701,treatment,2026-03-15,0
1702,control,2026-03-08,0
1703,control,2026-03-03,0
1704,treatment,2026-03-09,1
1705,control,2026-03-09,0
1706,control,2026-03-15,0
1707,control,2026-03-10,1
1708,treatment,2026-03-11,0
1709,control,2026-03-09,0
1710,treatment,2026-03-07,0
1711,treatment,2026-03-10,1
1712,control,2026-03-08,0
1713,control,2026-03-13,0
1714,control,2026-03-02,0
1715,treatment,2026-03-05,1
1716,control,2026-03-04,0
1717,treatment,2026-03-08,0
1718,treatment,2026-03-07,1
1719,treatment,2026-03-03,0
1720,control,2026-03-11,1
1721,control,2026-03-04,0
1722,treatment,2026-03-08,1
1723,control,2026-03-10,0
1724,treatment,2026-03-10,0
1725,treatment,2026-03-05,0
1726,treatment,2026-03-05,0
1727,treatment,2026-03-10,0
1728,treatment,2026-03-02,0
1729,treatment,2026-03-03,0
1730,treatment,2026-03-06,0
1731,control,2026-03-15,1
1732,control,2026-03-04,0
1733,control,2026-03-04,0
1734,control,2026-03-10,0
1735,control,2026-03-07,0
1736,control,2026-03-15,0
1737,control,2026-03-09,1
1738,treatment,2026-03-09,1
1739,control,2026-03-06,0
1740,treatment,2026-03-14,0
1741,treatment,2026-03-13,0
1742,treatment,2026-03-14,0
1743,treatment,2026-03-15,0
1744,control,2026-03-08,1
1745,treatment,2026-03-05,0
1746,treatment,2026-03-06,0
1747,control,2026-03-08,0
1748,control,2026-03-13,0
1749,control,2026-03-10,0
1750,treatment,2026-03-13,1
1751,treatment,2026-03-02,0
1752,control,2026-03-08,1
1753,control,2026-03-12,0
1754,control,2026-03-06,0
1755,control,2026-03-13,0
1756,control,2026-03-08,0
1757,control,2026-03-06,1
1758,control,2026-03-04,1
1759,treatment,2026-03-15,0
1760,treatment,2026-03-06,0
1761,control,2026-03-10,0
1762,treatment,2026-03-10,1
1763,treatment,2026-03-13,0
1764,treatment,2026-03-11,1
1765,control,2026-03-08,0
1766,control,2026-03-04,0
1767,control,2026-03-06,0
1768,control,2026-03-13,1
1769,treatment,2026-03-11,0
1770,treatment,2026-03-09,0
1771,treatment,2026-03-12,1
1772,treatment,2026-03-11,0
1773,control,2026-03-09,1
1774,control,2026-03-10,0
1775,treatment,2026-03-12,0
1776,control,2026-03-12,0
1777,control,2026-03-14,1
1778,treatment,2026-03-14,0
1779,control,2026-03-08,1
1780,control,2026-03-03,0
1781,control,2026-03-15,1
1782,treatment,2026-03-04,1
1783,control,2026-03-09,0
1784,treatment,2026-03-04,1
1785,control,2026-03-08,0
1786,treatment,2026-03-13,1
1787,treatment,2026-03-05,1
1788,control,2026-03-05,1
1789,control,2026-03-02,0
1790,treatment,2026-03-12,0
1791,treatment,2026-03-07,0
1792,control,2026-03-15,0
1793,treatment,2026-03-06,1
1794,control,2026-03-12,1
1795,treatment,2026-03-08,0
1796,treatment,2026-03-11,1
1797,treatment,2026-03-04,0
1798,treatment,2026-03-09,1
1799,treatment,2026-03-13,0
1800,control,2026-03-08,0
1801,treatment,2026-03-14,1
1802,control,2026-03-13,0
1803,control,2026-03-12,0
1804,treatment,2026-03-14,0
1805,treatment,2026-03-10,1
1806,treatment,2026-03-08,0
1807,treatment,2026-03-15,0
1808,treatment,2026-03-04,1
1809,control,2026-03-06,0
1810,treatment,2026-03-10,1
1811,control,2026-03-05,0
1812,control,2026-03-15,1
1813,treatment,2026-03-05,1
1814,control,2026-03-12,1
1815,control,2026-03-05,0
1816,control,2026-03-15,0
1817,control,2026-03-10,1
1818,treatment,2026-03-04,1
1819,control,2026-03-08,1
1820,control,2026-03-15,0
1821,control,2026-03-07,0
1822,control,2026-03-05,0
1823,control,2026-03-03,1
1824,control,2026-03-08,0
1825,treatment,2026-03-12,0
1826,treatment,2026-03-12,0
1827,treatment,2026-03-12,0
1828,control,2026-03-15,0
1829,treatment,2026-03-05,0
1830,control,2026-03-08,0
1831,control,2026-03-12,0
1832,control,2026-03-07,1
1833,treatment,2026-03-12,0
1834,treatment,2026-03-07,0
1835,treatment,2026-03-04,1
1836,treatment,2026-03-03,0
1837,treatment,2026-03-02,0
1838,treatment,2026-03-03,1
1839,treatment,2026-03-05,1
1840,control,2026-03-02,0
1841,control,2026-03-05,1
1842,treatment,2026-03-14,0
1843,treatment,2026-03-13,0
1844,control,2026-03-14,1
1845,treatment,2026-03-05,0
1846,control,2026-03-06,1
1847,control,2026-03-11,0
1848,control,2026-03-13,1
1849,treatment,2026-03-08,0
1850,treatment,2026-03-02,0
1851,control,2026-03-05,1
1852,treatment,2026-03-07,0
1853,control,2026-03-08,0
1854,treatment,2026-03-13,1
1855,control,2026-03-10,0
1856,treatment,2026-03-07,1
1857,control,2026-03-11,0
1858,control,2026-03-08,1
1859,treatment,2026-03-04,1
1860,treatment,2026-03-12,0
1861,treatment,2026-03-14,0
1862,treatment,2026-03-07,0
1863,control,2026-03-05,0
1864,treatment,2026-03-10,1
1865,control,2026-03-10,1
1866,control,2026-03-14,0
1867,control,2026-03-03,0
1868,treatment,2026-03-14,0
1869,control,2026-03-08,1
1870,treatment,2026-03-15,0
1871,control,2026-03-06,0
1872,control,2026-03-03,0
1873,treatment,2026-03-11,0
1874,control,2026-03-03,0
1875,control,2026-03-12,1
1876,treatment,2026-03-10,0
1877,treatment,2026-03-04,0
1878,treatment,2026-03-14,0
1879,control,2026-03-05,1
1880,control,2026-03-03,0
1881,control,2026-03-14,0
1882,control,2026-03-09,0
1883,treatment,2026-03-10,0
1884,treatment,2026-03-12,1
1885,treatment,2026-03-06,1
1886,control,2026-03-08,0
1887,control,2026-03-15,0
1888,control,2026-03-06,0
1889,treatment,2026-03-11,0
1890,control,2026-03-07,0
1891,control,2026-03-04,1
1892,treatment,2026-03-09,0
1893,treatment,2026-03-11,0
1894,treatment,2026-03-05,0
1895,control,2026-03-06,0
1896,control,2026-03-09,0
1897,treatment,2026-03-08,0
1898,control,2026-03-11,1
1899,control,2026-03-07,1
1900,control,2026-03-11,0
1901,treatment,2026-03-10,0
1902,treatment,2026-03-07,0
1903,treatment,2026-03-08,1
1904,treatment,2026-03-14,1
1905,control,2026-03-03,0
1906,treatment,2026-03-09,1
1907,control,2026-03-11,0
1908,treatment,2026-03-13,1
1909,control,2026-03-10,0
1910,control,2026-03-10,0
1911,control,2026-03-02,1
1912,treatment,2026-03-03,1
1913,control,2026-03-02,0
1914,control,2026-03-14,0
1915,control,2026-03-06,0
1916,control,2026-03-07,0
1917,treatment,2026-03-07,0
1918,control,2026-03-05,0
1919,treatment,2026-03-09,0
1920,control,2026-03-02,1
1921,treatment,2026-03-02,0
1922,control,2026-03-06,0
1923,treatment,2026-03-11,0
1924,treatment,2026-03-15,1
1925,control,2026-03-14,1
1926,control,2026-03-03,1
1927,control,2026-03-15,0
1928,treatment,2026-03-07,1
1929,control,2026-03-03,1
1930,treatment,2026-03-10,0
1931,treatment,2026-03-09,0
1932,treatment,2026-03-07,0
1933,control,2026-03-06,0
1934,treatment,2026-03-02,0
1935,treatment,2026-03-07,1
1936,control,2026-03-03,0
1937,control,2026-03-04,1
1938,control,2026-03-04,0
1939,treatment,2026-03-15,0
1940,control,2026-03-04,0
1941,control,2026-03-07,0
1942,treatment,2026-03-06,1
1943,treatment,2026-03-07,1
1944,control,2026-03-09,0
1945,control,2026-03-12,1
1946,control,2026-03-14,0
1947,treatment,2026-03-05,0
1948,treatment,2026-03-10,0
1949,control,2026-03-03,0
1950,control,2026-03-11,0
1951,control,2026-03-06,0
1952,treatment,2026-03-09,1
1953,treatment,2026-03-11,1
1954,control,2026-03-11,0
1955,treatment,2026-03-04,1
1956,treatment,2026-03-04,0
1957,control,2026-03-06,1
1958,control,2026-03-13,0
1959,treatment,2026-03-12,0
1960,treatment,2026-03-14,0
1961,treatment,2026-03-04,0
1962,control,2026-03-08,1
1963,treatment,2026-03-15,1
1964,control,2026-03-07,0
1965,treatment,2026-03-07,0
1966,control,2026-03-02,0
1967,control,2026-03-15,1
1968,control,2026-03-15,0
1969,treatment,2026-03-03,1
1970,control,2026-03-04,0
1971,treatment,2026-03-14,0
1972,control,2026-03-13,0
1973,treatment,2026-03-09,1
1974,treatment,2026-03-04,0
1975,control,2026-03-04,0
1976,control,2026-03-15,1
1977,control,2026-03-05,0
1978,treatment,2026-03-04,0
1979,treatment,2026-03-03,0
1980,treatment,2026-03-03,1
1981,control,2026-03-10,0
1982,treatment,2026-03-15,0
1983,control,2026-03-04,0
1984,control,2026-03-05,1
1985,control,2026-03-10,0
1986,treatment,2026-03-05,1
1987,treatment,2026-03-06,1
1988,treatment,2026-03-07,0
1989,control,2026-03-15,0
1990,control,2026-03-03,0
1991,treatment,2026-03-12,0
1992,treatment,2026-03-08,0
1993,treatment,2026-03-06,0
1994,control,2026-03-02,1
1995,treatment,2026-03-13,0
1996,treatment,2026-03-09,0
1997,treatment,2026-03-14,0
1998,treatment,2026-03-09,1
1999,treatment,2026-03-05,0
2000,treatment,2026-03-12,0
2001,treatment,2026-03-04,1
2002,control,2026-03-07,0
2003,treatment,2026-03-03,0
2004,treatment,2026-03-03,0
2005,control,2026-03-04,0
2006,treatment,2026-03-05,0
2007,treatment,2026-03-07,0
2008,control,2026-03-15,0
2009,control,2026-03-05,0
2010,treatment,2026-03-06,1
2011,treatment,2026-03-12,0
2012,control,2026-03-12,0
2013,treatment,2026-03-09,0
2014,treatment,2026-03-07,1
2015,control,2026-03-15,0
2016,treatment,2026-03-09,0
2017,treatment,2026-03-13,0
2018,treatment,2026-03-15,1
2019,control,2026-03-10,0
2020,control,2026-03-04,1
2021,treatment,2026-03-06,1
2022,control,2026-03-10,0
2023,control,2026-03-09,1
2024,treatment,2026-03-11,0
2025,treatment,2026-03-08,0
2026,control,2026-03-12,1
2027,treatment,2026-03-12,0
2028,control,2026-03-07,0
2029,treatment,2026-03-13,1
2030,control,2026-03-09,1
2031,control,2026-03-06,0
2032,control,2026-03-11,0
2033,control,2026-03-04,0
2034,treatment,2026-03-04,0
2035,treatment,2026-03-03,0
2036,control,2026-03-02,0
2037,control,2026-03-02,0
2038,control,2026-03-02,0
2039,control,2026-03-07,0
2040,control,2026-03-08,0
2041,control,2026-03-12,0
2042,treatment,2026-03-04,1
2043,control,2026-03-06,0
2044,treatment,2026-03-05,0
2045,control,2026-03-05,1
2046,control,2026-03-12,0
2047,treatment,2026-03-07,1
2048,treatment,2026-03-13,1
2049,control,2026-03-07,1
2050,treatment,2026-03-12,0
2051,control,2026-03-09,1
2052,control,2026-03-10,1
2053,treatment,2026-03-06,0
2054,control,2026-03-03,0
2055,control,2026-03-14,0
2056,treatment,2026-03-14,0
2057,treatment,2026-03-03,1
2058,control,2026-03-07,1
2059,control,2026-03-14,0
2060,control,2026-03-06,0
2061,treatment,2026-03-08,0
2062,treatment,2026-03-06,0
2063,treatment,2026-03-14,0
2064,treatment,2026-03-15,0
2065,control,2026-03-04,0
2066,treatment,2026-03-07,0
2067,control,2026-03-12,0
2068,treatment,2026-03-12,0
2069,control,2026-03-08,0
2070,control,2026-03-05,0
2071,treatment,2026-03-14,0
2072,control,2026-03-06,1
2073,treatment,2026-03-07,1
2074,treatment,2026-03-05,0
2075,control,2026-03-06,1
2076,treatment,2026-03-05,1
2077,treatment,2026-03-12,1
2078,control,2026-03-12,0
2079,treatment,2026-03-04,1
2080,control,2026-03-07,0
2081,treatment,2026-03-08,0
2082,treatment,2026-03-15,0
2083,control,2026-03-06,1
2084,control,2026-03-10,1
2085,control,2026-03-02,1
2086,control,2026-03-06,1
2087,control,2026-03-15,0
2088,control,2026-03-07,0
2089,control,2026-03-06,1
2090,treatment,2026-03-08,1
2091,treatment,2026-03-04,1
2092,control,2026-03-03,0
2093,treatment,2026-03-06,0
2094,control,2026-03-05,1
2095,treatment,2026-03-03,0
2096,treatment,2026-03-14,1
2097,control,2026-03-02,1
2098,treatment,2026-03-05,0
2099,control,2026-03-12,0
2100,treatment,2026-03-02,0
2101,treatment,2026-03-15,0
2102,treatment,2026-03-11,0
2103,treatment,2026-03-14,0
2104,control,2026-03-10,0
2105,treatment,2026-03-02,1
2106,control,2026-03-10,0
2107,control,2026-03-11,1
2108,treatment,2026-03-12,0
2109,treatment,2026-03-12,0
2110,control,2026-03-03,0
2111,control,2026-03-02,0
2112,control,2026-03-06,0
2113,treatment,2026-03-03,1
2114,control,2026-03-04,0
2115,treatment,2026-03-15,1
2116,control,2026-03-05,1
2117,control,2026-03-07,0
2118,treatment,2026-03-03,0
2119,control,2026-03-14,0
2120,treatment,2026-03-06,0
2121,treatment,2026-03-07,0
2122,control,2026-03-08,0
2123,control,2026-03-15,0
2124,treatment,2026-03-12,0
2125,control,2026-03-10,0
2126,treatment,2026-03-07,1
2127,treatment,2026-03-07,0
2128,treatment,2026-03-06,1
2129,control,2026-03-04,0
2130,control,2026-03-06,0
2131,control,2026-03-14,1
2132,control,2026-03-14,1
2133,treatment,2026-03-10,1
2134,treatment,2026-03-02,0
2135,treatment,2026-03-13,1
2136,treatment,2026-03-07,1
2137,control,2026-03-08,1
2138,treatment,2026-03-10,1
2139,treatment,2026-03-05,0
2140,treatment,2026-03-02,0
2141,treatment,2026-03-04,0
2142,control,2026-03-04,0
2143,control,2026-03-13,0
2144,control,2026-03-09,0
2145,treatment,2026-03-11,0
2146,control,2026-03-02,0
2147,control,2026-03-10,1
2148,control,2026-03-09,0
2149,control,2026-03-02,0
2150,control,2026-03-11,1
2151,control,2026-03-10,1
2152,control,2026-03-02,1
2153,treatment,2026-03-12,1
2154,control,2026-03-04,0
2155,treatment,2026-03-09,1
2156,control,2026-03-06,0
2157,control,2026-03-03,0
2158,control,2026-03-02,0
2159,treatment,2026-03-07,0
2160,control,2026-03-08,0
2161,treatment,2026-03-10,1
2162,control,2026-03-02,0
2163,control,2026-03-06,1
2164,treatment,2026-03-14,0
2165,control,2026-03-06,1
2166,control,2026-03-08,0
2167,control,2026-03-14,0
2168,control,2026-03-03,0
2169,treatment,2026-03-15,0
2170,control,2026-03-12,1
2171,treatment,2026-03-06,0
2172,control,2026-03-02,0
2173,control,2026-03-08,0
2174,treatment,2026-03-03,0
2175,control,2026-03-07,0
2176,treatment,2026-03-09,0
2177,control,2026-03-06,0
2178,control,2026-03-07,1
2179,treatment,2026-03-10,0
2180,treatment,2026-03-02,0
2181,control,2026-03-13,1
2182,control,2026-03-03,1
2183,control,2026-03-15,1
2184,control,2026-03-09,0
2185,control,2026-03-11,0
2186,control,2026-03-13,0
2187,treatment,2026-03-07,0
2188,control,2026-03-05,0
2189,control,2026-03-04,0
2190,control,2026-03-12,0
2191,control,2026-03-08,1
2192,control,2026-03-11,0
2193,control,2026-03-03,1
2194,control,2026-03-14,0
2195,control,2026-03-12,0
2196,treatment,2026-03-02,0
2197,treatment,2026-03-15,0
2198,treatment,2026-03-06,0
2199,control,2026-03-06,1
2200,control,2026-03-09,0
2201,control,2026-03-04,1
2202,control,2026-03-02,1
2203,treatment,2026-03-05,0
2204,treatment,2026-03-03,0
2205,control,2026-03-14,0
2206,control,2026-03-12,0
2207,treatment,2026-03-02,1
2208,control,2026-03-12,0
2209,control,2026-03-05,1
2210,treatment,2026-03-08,1
2211,treatment,2026-03-08,0
2212,control,2026-03-11,1
2213,treatment,2026-03-02,1
2214,control,2026-03-03,0
2215,control,2026-03-07,0
2216,treatment,2026-03-08,0
2217,treatment,2026-03-08,0
2218,control,2026-03-09,1
2219,treatment,2026-03-14,0
2220,control,2026-03-08,0
2221,treatment,2026-03-08,0
2222,control,2026-03-15,1
2223,control,2026-03-08,1
2224,control,2026-03-10,0
2225,treatment,2026-03-10,1
2226,treatment,2026-03-09,1
2227,control,2026-03-10,0
2228,treatment,2026-03-11,0
2229,treatment,2026-03-10,1
2230,treatment,2026-03-13,1
2231,treatment,2026-03-06,0
2232,control,2026-03-12,0
2233,control,2026-03-11,1
2234,treatment,2026-03-02,1
2235,treatment,2026-03-07,0
2236,treatment,2026-03-07,0
2237,treatment,2026-03-08,0
2238,control,2026-03-07,1
2239,treatment,2026-03-10,0
2240,treatment,2026-03-07,0
2241,control,2026-03-02,1
2242,control,2026-03-04,1
2243,control,2026-03-14,1
2244,control,2026-03-07,1
2245,control,2026-03-06,0
2246,control,2026-03-09,0
2247,treatment,2026-03-08,0
2248,control,2026-03-04,1
2249,control,2026-03-03,0
2250,treatment,2026-03-07,0
2251,control,2026-03-06,1
2252,treatment,2026-03-02,0
2253,control,2026-03-14,1
2254,treatment,2026-03-12,1
2255,control,2026-03-12,0
2256,control,2026-03-10,0
2257,control,2026-03-11,0
2258,control,2026-03-09,0
2259,control,2026-03-07,1
2260,treatment,2026-03-13,1
2261,treatment,2026-03-05,1
2262,treatment,2026-03-07,0
2263,control,2026-03-06,0
2264,control,2026-03-13,0
2265,control,2026-03-08,0
2266,treatment,2026-03-12,1
2267,treatment,2026-03-06,1
2268,control,2026-03-09,0
2269,control,2026-03-12,0
2270,control,2026-03-14,1
2271,treatment,2026-03-06,1
2272,control,2026-03-15,0
2273,treatment,2026-03-03,0
2274,control,2026-03-15,0
2275,treatment,2026-03-10,0
2276,control,2026-03-07,0
2277,treatment,2026-03-10,0
2278,treatment,2026-03-03,0
2279,treatment,2026-03-07,0
2280,treatment,2026-03-08,0
2281,treatment,2026-03-11,1
2282,control,2026-03-05,0
2283,control,2026-03-10,0
2284,control,2026-03-09,0
2285,treatment,2026-03-10,1
2286,treatment,2026-03-11,0
2287,treatment,2026-03-06,0
2288,control,2026-03-10,1
2289,control,2026-03-09,1
2290,control,2026-03-07,0
2291,treatment,2026-03-06,0
2292,control,2026-03-04,1
2293,treatment,2026-03-06,0
2294,control,2026-03-03,0
2295,treatment,2026-03-14,0
2296,control,2026-03-05,1
2297,control,2026-03-13,1
2298,treatment,2026-03-09,1
2299,control,2026-03-04,1
2300,treatment,2026-03-14,1
2301,treatment,2026-03-07,0
2302,treatment,2026-03-13,0
2303,control,2026-03-10,1
2304,control,2026-03-10,0
2305,control,2026-03-09,0
2306,treatment,2026-03-05,0
2307,treatment,2026-03-06,1
2308,control,2026-03-10,0
2309,treatment,2026-03-12,0
2310,treatment,2026-03-08,1
2311,control,2026-03-11,0
2312,control,2026-03-12,0
2313,treatment,2026-03-03,0
2314,control,2026-03-05,1
2315,treatment,2026-03-08,0
2316,treatment,2026-03-06,1
2317,treatment,2026-03-02,1
2318,treatment,2026-03-12,0
2319,control,2026-03-05,0
2320,control,2026-03-05,0
2321,treatment,2026-03-15,0
2322,treatment,2026-03-09,1
2323,control,2026-03-05,1
2324,treatment,2026-03-10,0
2325,control,2026-03-04,0
2326,control,2026-03-09,0
2327,treatment,2026-03-04,0
2328,treatment,2026-03-07,0
2329,treatment,2026-03-04,0
2330,treatment,2026-03-08,1
2331,treatment,2026-03-03,1
2332,treatment,2026-03-04,1
2333,treatment,2026-03-10,1
2334,control,2026-03-04,0
2335,control,2026-03-03,0
2336,treatment,2026-03-05,0
2337,treatment,2026-03-03,1
2338,control,2026-03-10,0
2339,control,2026-03-09,0
2340,treatment,2026-03-12,0
2341,treatment,2026-03-06,0
2342,control,2026-03-07,1
2343,treatment,2026-03-03,0
2344,control,2026-03-15,1
2345,treatment,2026-03-12,1
2346,control,2026-03-05,0
2347,treatment,2026-03-10,0
2348,treatment,2026-03-04,1
2349,treatment,2026-03-08,0
2350,control,2026-03-12,1
2351,control,2026-03-04,0
2352,control,2026-03-09,1
2353,control,2026-03-07,0
2354,treatment,2026-03-11,0
2355,treatment,2026-03-12,0
2356,control,2026-03-05,0
2357,treatment,2026-03-11,1
2358,treatment,2026-03-08,0
2359,control,2026-03-07,0
2360,treatment,2026-03-03,0
2361,control,2026-03-04,0
2362,control,2026-03-12,0
2363,treatment,2026-03-14,0
2364,control,2026-03-12,1
2365,treatment,2026-03-08,0
2366,control,2026-03-11,0
2367,control,2026-03-12,0
2368,control,2026-03-07,1
2369,control,2026-03-10,1
2370,treatment,2026-03-06,0
2371,treatment,2026-03-08,1
2372,control,2026-03-02,0
2373,control,2026-03-15,1
2374,treatment,2026-03-12,1
2375,treatment,2026-03-14,0
2376,treatment,2026-03-07,0
2377,treatment,2026-03-03,0
2378,treatment,2026-03-11,0
2379,treatment,2026-03-02,1
2380,treatment,2026-03-08,0
2381,treatment,2026-03-12,0
2382,treatment,2026-03-13,0
2383,treatment,2026-03-12,0
2384,treatment,2026-03-10,1
2385,treatment,2026-03-05,1
2386,treatment,2026-03-12,0
2387,treatment,2026-03-02,0
2388,treatment,2026-03-07,1
2389,control,2026-03-13,0
2390,treatment,2026-03-12,0
2391,treatment,2026-03-08,0
2392,treatment,2026-03-03,0
2393,control,2026-03-13,0
2394,control,2026-03-02,0
2395,control,2026-03-03,0
2396,control,2026-03-14,0
2397,control,2026-03-04,1
2398,control,2026-03-09,1
2399,control,2026-03-07,0
2400,control,2026-03-02,0
2401,control,2026-03-03,0
2402,control,2026-03-06,0
2403,control,2026-03-03,1
2404,control,2026-03-05,1
2405,treatment,2026-03-02,0
2406,treatment,2026-03-09,0
2407,control,2026-03-11,1
2408,treatment,2026-03-08,0
2409,treatment,2026-03-07,1
2410,control,2026-03-08,0
2411,treatment,2026-03-10,0
2412,control,2026-03-12,0
2413,control,2026-03-02,0
2414,treatment,2026-03-11,0
2415,treatment,2026-03-14,0
2416,control,2026-03-13,1
2417,treatment,2026-03-13,0
2418,treatment,2026-03-02,1
2419,control,2026-03-11,1
2420,treatment,2026-03-13,0
2421,control,2026-03-03,1
2422,control,2026-03-05,0
2423,control,2026-03-06,0
2424,treatment,2026-03-12,0
2425,control,2026-03-02,1
2426,treatment,2026-03-10,0
2427,treatment,2026-03-06,1
2428,treatment,2026-03-12,1
2429,treatment,2026-03-12,1
2430,treatment,2026-03-08,1
2431,control,2026-03-11,0
2432,control,2026-03-11,0
2433,treatment,2026-03-08,1
2434,treatment,2026-03-12,0
2435,treatment,2026-03-03,0
2436,control,2026-03-11,0
2437,treatment,2026-03-02,0
2438,treatment,2026-03-05,1
2439,control,2026-03-14,0
2440,control,2026-03-12,0
2441,treatment,2026-03-13,1
2442,control,2026-03-14,0
2443,treatment,2026-03-07,0
2444,treatment,2026-03-10,1
2445,treatment,2026-03-05,0
2446,control,2026-03-15,0
2447,control,2026-03-02,1
2448,control,2026-03-13,0
2449,treatment,2026-03-06,1
2450,control,2026-03-10,1
2451,control,2026-03-05,0
2452,treatment,2026-03-02,1
2453,treatment,2026-03-07,1
2454,treatment,2026-03-06,0
2455,control,2026-03-06,0
2456,treatment,2026-03-10,0
2457,treatment,2026-03-11,0
2458,control,2026-03-09,1
2459,control,2026-03-06,0
2460,control,2026-03-12,0
2461,treatment,2026-03-12,0
2462,treatment,2026-03-11,0
2463,treatment,2026-03-04,0
2464,control,2026-03-08,0
2465,treatment,2026-03-13,0
2466,control,2026-03-10,0
2467,control,2026-03-05,0
2468,control,2026-03-07,0
2469,treatment,2026-03-14,1
2470,control,2026-03-14,1
2471,treatment,2026-03-04,0
2472,treatment,2026-03-06,0
2473,control,2026-03-06,1
2474,treatment,2026-03-05,1
2475,treatment,2026-03-06,0
2476,treatment,2026-03-15,1
2477,control,2026-03-06,0
2478,treatment,2026-03-11,0
2479,control,2026-03-08,0
2480,control,2026-03-04,0
2481,treatment,2026-03-07,1
2482,treatment,2026-03-04,1
2483,treatment,2026-03-13,0
2484,control,2026-03-14,1
2485,control,2026-03-14,1
2486,control,2026-03-07,1
2487,treatment,2026-03-06,0
2488,control,2026-03-04,0
2489,treatment,2026-03-09,0
2490,treatment,2026-03-07,1
2491,treatment,2026-03-12,0
2492,control,2026-03-07,0
2493,control,2026-03-03,0
2494,treatment,2026-03-11,0
2495,control,2026-03-06,0
2496,control,2026-03-04,0
2497,control,2026-03-09,0
2498,control,2026-03-12,0
2499,treatment,2026-03-12,0
2500,control,2026-03-06,0
2501,control,2026-03-04,0
2502,control,2026-03-15,1
2503,control,2026-03-09,0
2504,treatment,2026-03-13,0
2505,treatment,2026-03-06,0
2506,control,2026-03-14,1
2507,treatment,2026-03-13,1
2508,control,2026-03-07,1
2509,treatment,2026-03-14,0
2510,treatment,2026-03-15,0
2511,treatment,2026-03-09,1
2512,treatment,2026-03-04,0
2513,treatment,2026-03-13,0
2514,treatment,2026-03-13,1
2515,treatment,2026-03-13,1
2516,control,2026-03-04,1
2517,treatment,2026-03-02,0
2518,treatment,2026-03-09,0
2519,control,2026-03-15,0
2520,treatment,2026-03-05,1
2521,treatment,2026-03-09,0
2522,control,2026-03-02,0
2523,treatment,2026-03-11,0
2524,treatment,2026-03-05,0
2525,treatment,2026-03-07,0
2526,control,2026-03-13,0
2527,control,2026-03-15,0
2528,treatment,2026-03-12,1
2529,control,2026-03-05,1
2530,control,2026-03-12,0
2531,control,2026-03-04,1
2532,control,2026-03-02,0
2533,treatment,2026-03-12,0
2534,control,2026-03-05,1
2535,treatment,2026-03-10,0
2536,control,2026-03-08,0
2537,treatment,2026-03-04,0
2538,treatment,2026-03-11,1
2539,control,2026-03-09,0
2540,treatment,2026-03-08,0
2541,treatment,2026-03-11,0
2542,control,2026-03-14,1
2543,treatment,2026-03-04,1
2544,control,2026-03-13,1
2545,treatment,2026-03-03,0
2546,control,2026-03-08,0
2547,control,2026-03-15,1
2548,control,2026-03-02,0
2549,control,2026-03-04,0
2550,control,2026-03-14,0
2551,control,2026-03-15,1
2552,treatment,2026-03-15,0
2553,control,2026-03-08,1
2554,treatment,2026-03-10,0
2555,control,2026-03-08,1
2556,treatment,2026-03-13,0
2557,treatment,2026-03-04,0
2558,treatment,2026-03-06,1
2559,control,2026-03-15,1
2560,control,2026-03-10,0
2561,treatment,2026-03-12,0
2562,control,2026-03-14,0
2563,treatment,2026-03-12,1
2564,treatment,2026-03-02,1
2565,control,2026-03-12,1
2566,control,2026-03-09,1
2567,control,2026-03-11,1
2568,control,2026-03-08,0
2569,control,2026-03-04,1
2570,control,2026-03-02,0
2571,control,2026-03-02,0
2572,control,2026-03-06,0
2573,control,2026-03-14,0
2574,control,2026-03-09,0
2575,control,2026-03-04,1
2576,control,2026-03-08,0
2577,control,2026-03-02,0
2578,treatment,2026-03-14,0
2579,treatment,2026-03-02,0
2580,control,2026-03-13,1
2581,control,2026-03-04,0
2582,control,2026-03-06,0
2583,control,2026-03-05,0
2584,treatment,2026-03-02,0
2585,treatment,2026-03-11,0
2586,control,2026-03-07,0
2587,treatment,2026-03-08,1
2588,treatment,2026-03-10,1
2589,control,2026-03-15,0
2590,treatment,2026-03-11,0
2591,treatment,2026-03-14,0
2592,treatment,2026-03-09,0
2593,treatment,2026-03-04,0
2594,control,2026-03-13,1
2595,control,2026-03-03,1
2596,control,2026-03-08,1
2597,treatment,2026-03-05,0
2598,control,2026-03-15,0
2599,control,2026-03-08,1
2600,control,2026-03-06,1
2601,control,2026-03-04,1
2602,treatment,2026-03-10,0
2603,treatment,2026-03-02,0
2604,control,2026-03-03,0
2605,control,2026-03-13,0
2606,control,2026-03-05,0
2607,control,2026-03-10,0
2608,control,2026-03-06,0
2609,control,2026-03-13,1
2610,treatment,2026-03-05,1
2611,control,2026-03-05,1
2612,control,2026-03-12,0
2613,control,2026-03-12,0
2614,treatment,2026-03-07,1
2615,treatment,2026-03-11,0
2616,control,2026-03-13,0
2617,treatment,2026-03-05,0
2618,treatment,2026-03-05,0
2619,control,2026-03-03,1
2620,control,2026-03-08,0
2621,control,2026-03-08,0
2622,treatment,2026-03-15,0
2623,control,2026-03-15,0
2624,control,2026-03-12,0
2625,treatment,2026-03-02,0
2626,control,2026-03-05,0
2627,treatment,2026-03-11,1
2628,control,2026-03-15,0
2629,treatment,2026-03-11,0
2630,treatment,2026-03-12,0
2631,control,2026-03-09,0
2632,treatment,2026-03-09,0
2633,control,2026-03-08,0
2634,treatment,2026-03-10,1
2635,control,2026-03-08,0
2636,control,2026-03-14,0
2637,treatment,2026-03-04,1
2638,treatment,2026-03-08,0
2639,treatment,2026-03-06,1
2640,treatment,2026-03-02,1
2641,control,2026-03-07,0
2642,treatment,2026-03-04,0
2643,treatment,2026-03-14,0
2644,control,2026-03-06,0
2645,control,2026-03-08,0
2646,treatment,2026-03-02,0
2647,treatment,2026-03-05,0
2648,treatment,2026-03-02,0
2649,control,2026-03-13,1
2650,control,2026-03-11,1
2651,treatment,2026-03-12,0
2652,treatment,2026-03-10,0
2653,treatment,2026-03-11,0
2654,control,2026-03-15,0
2655,control,2026-03-09,1
2656,treatment,2026-03-08,0
2657,control,2026-03-09,1
2658,treatment,2026-03-03,0
2659,treatment,2026-03-05,1
2660,treatment,2026-03-11,1
2661,control,2026-03-11,0
2662,treatment,2026-03-09,0
2663,control,2026-03-11,0
2664,treatment,2026-03-06,0
2665,control,2026-03-08,1
2666,treatment,2026-03-12,1
2667,treatment,2026-03-08,0
2668,treatment,2026-03-02,0
2669,treatment,2026-03-09,1
2670,treatment,2026-03-10,0
2671,control,2026-03-08,0
2672,treatment,2026-03-06,0
2673,control,2026-03-08,1
2674,control,2026-03-10,0
2675,control,2026-03-04,0
2676,control,2026-03-13,0
2677,treatment,2026-03-06,0
2678,control,2026-03-08,1
2679,control,2026-03-03,1
2680,treatment,2026-03-13,0
2681,control,2026-03-10,0
2682,treatment,2026-03-13,1
2683,control,2026-03-14,0
2684,treatment,2026-03-06,1
2685,treatment,2026-03-05,1
2686,treatment,2026-03-04,0
2687,treatment,2026-03-04,0
2688,control,2026-03-12,0
2689,control,2026-03-03,1
2690,treatment,2026-03-14,1
2691,control,2026-03-09,0
2692,treatment,2026-03-05,0
2693,treatment,2026-03-08,1
2694,control,2026-03-09,0
2695,control,2026-03-03,0
2696,control,2026-03-10,0
2697,control,2026-03-08,0
2698,control,2026-03-10,1
2699,treatment,2026-03-06,1
2700,control,2026-03-11,1
2701,control,2026-03-14,0
2702,control,2026-03-03,0
2703,control,2026-03-10,1
2704,treatment,2026-03-03,0
2705,control,2026-03-09,1
2706,control,2026-03-08,1
2707,treatment,2026-03-07,0
2708,control,2026-03-11,0
2709,control,2026-03-04,0
2710,treatment,2026-03-02,1
2711,treatment,2026-03-07,0
2712,treatment,2026-03-06,0
2713,control,2026-03-15,0
2714,treatment,2026-03-04,1
2715,treatment,2026-03-13,1
2716,treatment,2026-03-07,1
2717,control,2026-03-10,1
2718,control,2026-03-06,0
2719,control,2026-03-11,1
2720,control,2026-03-06,0
2721,control,2026-03-12,0
2722,treatment,2026-03-13,0
2723,control,2026-03-06,0
2724,control,2026-03-08,1
2725,control,2026-03-14,1
2726,control,2026-03-14,1
2727,control,2026-03-08,0
2728,control,2026-03-08,0
2729,treatment,2026-03-04,0
2730,control,2026-03-06,0
2731,control,2026-03-09,0
2732,control,2026-03-15,0
2733,control,2026-03-11,0
2734,control,2026-03-06,0
2735,control,2026-03-12,0
2736,treatment,2026-03-10,0
2737,treatment,2026-03-05,1
2738,treatment,2026-03-11,1
2739,treatment,2026-03-14,1
2740,treatment,2026-03-08,1
2741,treatment,2026-03-15,0
2742,treatment,2026-03-10,0
2743,treatment,2026-03-04,0
2744,treatment,2026-03-04,0
2745,treatment,2026-03-08,0
2746,control,2026-03-07,0
2747,treatment,2026-03-08,1
2748,control,2026-03-03,1
2749,treatment,2026-03-11,0
2750,control,2026-03-13,1
2751,control,2026-03-11,0
2752,treatment,2026-03-03,0
2753,treatment,2026-03-10,1
2754,treatment,2026-03-15,0
2755,treatment,2026-03-07,0
2756,treatment,2026-03-14,1
2757,control,2026-03-08,0
2758,control,2026-03-05,0
2759,treatment,2026-03-08,1
2760,control,2026-03-12,0
2761,treatment,2026-03-15,0
2762,control,2026-03-12,0
2763,control,2026-03-12,1
2764,treatment,2026-03-06,1
2765,control,2026-03-11,1
2766,treatment,2026-03-11,0
2767,treatment,2026-03-03,0
2768,control,2026-03-11,0
2769,treatment,2026-03-04,1
2770,control,2026-03-14,1
2771,control,2026-03-10,0
2772,treatment,2026-03-04,0
2773,treatment,2026-03-06,0
2774,control,2026-03-13,0
2775,treatment,2026-03-12,0
2776,control,2026-03-07,0
2777,control,2026-03-11,0
2778,control,2026-03-05,0
2779,control,2026-03-02,0
2780,treatment,2026-03-12,1
2781,control,2026-03-08,0
2782,control,2026-03-12,1
2783,control,2026-03-05,1
2784,control,2026-03-13,0
2785,control,2026-03-15,0
2786,treatment,2026-03-08,1
2787,control,2026-03-11,1
2788,treatment,2026-03-09,0
2789,control,2026-03-03,0
2790,treatment,2026-03-09,0
2791,treatment,2026-03-14,0
2792,treatment,2026-03-03,0
2793,control,2026-03-04,1
2794,treatment,2026-03-06,0
2795,treatment,2026-03-15,1
2796,control,2026-03-12,0
2797,treatment,2026-03-10,0
2798,treatment,2026-03-08,0
2799,control,2026-03-08,0
2800,treatment,2026-03-06,0
2801,treatment,2026-03-06,1
2802,control,2026-03-09,0
2803,control,2026-03-15,0
2804,control,2026-03-15,0
2805,treatment,2026-03-02,1
2806,control,2026-03-11,0
2807,control,2026-03-08,0
2808,treatment,2026-03-15,0
2809,treatment,2026-03-04,0
2810,control,2026-03-03,0
2811,control,2026-03-05,1
2812,treatment,2026-03-02,0
2813,control,2026-03-07,0
2814,treatment,2026-03-06,0
2815,control,2026-03-10,1
2816,control,2026-03-11,1
2817,control,2026-03-10,0
2818,treatment,2026-03-09,0
2819,control,2026-03-09,0
2820,control,2026-03-06,0
2821,control,2026-03-14,1
2822,control,2026-03-02,1
2823,control,2026-03-12,1
2824,control,2026-03-08,0
2825,treatment,2026-03-08,0
2826,control,2026-03-09,0
2827,treatment,2026-03-07,0
2828,control,2026-03-06,0
2829,treatment,2026-03-03,1
2830,treatment,2026-03-15,0
2831,control,2026-03-15,1
2832,treatment,2026-03-12,0
2833,treatment,2026-03-09,0
2834,treatment,2026-03-07,0
2835,control,2026-03-02,0
2836,control,2026-03-03,1
2837,control,2026-03-14,1
2838,treatment,2026-03-04,1
2839,control,2026-03-03,0
2840,treatment,2026-03-11,0
2841,treatment,2026-03-11,0
2842,treatment,2026-03-04,0
2843,control,2026-03-03,0
2844,control,2026-03-03,0
2845,control,2026-03-14,0
2846,treatment,2026-03-03,0
2847,treatment,2026-03-09,0
2848,treatment,2026-03-04,0
2849,treatment,2026-03-07,1
2850,control,2026-03-02,1
2851,treatment,2026-03-03,0
2852,control,2026-03-15,0
2853,control,2026-03-06,0
2854,treatment,2026-03-13,1
2855,treatment,2026-03-07,0
2856,control,2026-03-02,0
2857,treatment,2026-03-10,1
2858,treatment,2026-03-15,0
2859,control,2026-03-09,0
2860,treatment,2026-03-13,1
2861,control,2026-03-13,1
2862,treatment,2026-03-02,1
2863,treatment,2026-03-13,0
2864,control,2026-03-09,0
2865,control,2026-03-10,0
2866,control,2026-03-07,1
2867,treatment,2026-03-05,1
2868,treatment,2026-03-07,1
2869,treatment,2026-03-02,1
2870,control,2026-03-08,0
2871,treatment,2026-03-12,0
2872,treatment,2026-03-08,0
2873,control,2026-03-02,0
2874,control,2026-03-05,1
2875,control,2026-03-15,0
2876,control,2026-03-08,0
2877,treatment,2026-03-08,0
2878,control,2026-03-12,1
2879,control,2026-03-11,1
2880,treatment,2026-03-05,0
2881,treatment,2026-03-07,0
2882,control,2026-03-15,0
2883,control,2026-03-14,0
2884,treatment,2026-03-02,1
2885,treatment,2026-03-12,1
2886,control,2026-03-07,0
2887,treatment,2026-03-08,0
2888,treatment,2026-03-11,0
2889,control,2026-03-05,1
2890,control,2026-03-12,0
2891,control,2026-03-14,0
2892,treatment,2026-03-11,1
2893,control,2026-03-06,0
2894,control,2026-03-04,0
2895,treatment,2026-03-03,0
2896,control,2026-03-11,1
2897,treatment,2026-03-06,0
2898,treatment,2026-03-06,1
2899,treatment,2026-03-10,0
2900,control,2026-03-08,0
2901,treatment,2026-03-08,0
2902,control,2026-03-04,1
2903,control,2026-03-03,0
2904,treatment,2026-03-10,1
2905,treatment,2026-03-12,0
2906,treatment,2026-03-15,0
2907,control,2026-03-08,1
2908,control,2026-03-05,1
2909,treatment,2026-03-06,1
2910,control,2026-03-05,1
2911,control,2026-03-08,1
2912,control,2026-03-13,0
2913,control,2026-03-10,0
2914,treatment,2026-03-07,1
2915,treatment,2026-03-10,1
2916,control,2026-03-03,0
2917,control,2026-03-08,1
2918,treatment,2026-03-08,0
2919,control,2026-03-14,0
2920,control,2026-03-03,0
2921,control,2026-03-10,0
2922,control,2026-03-02,1
2923,control,2026-03-15,1
2924,treatment,2026-03-06,1
2925,control,2026-03-05,1
2926,treatment,2026-03-04,0
2927,control,2026-03-10,0
2928,control,2026-03-09,1
2929,control,2026-03-12,0
2930,control,2026-03-09,1
2931,control,2026-03-10,1
2932,control,2026-03-15,0
2933,treatment,2026-03-02,0
2934,treatment,2026-03-11,0
2935,control,2026-03-02,1
2936,treatment,2026-03-11,1
2937,treatment,2026-03-12,0
2938,control,2026-03-02,0
2939,treatment,2026-03-11,0
2940,treatment,2026-03-05,0
2941,treatment,2026-03-13,1
2942,control,2026-03-05,0
2943,treatment,2026-03-03,0
2944,control,2026-03-13,1
2945,treatment,2026-03-10,0
2946,control,2026-03-09,1
2947,control,2026-03-02,0
2948,treatment,2026-03-11,0
2949,control,2026-03-12,1
2950,control,2026-03-13,0
2951,treatment,2026-03-05,0
2952,treatment,2026-03-15,0
2953,treatment,2026-03-07,0
2954,control,2026-03-15,0
2955,treatment,2026-03-14,1
2956,control,2026-03-08,1
2957,treatment,2026-03-03,0
2958,treatment,2026-03-04,0
2959,control,2026-03-05,0
2960,treatment,2026-03-14,1
2961,treatment,2026-03-07,0
2962,control,2026-03-10,1
2963,treatment,2026-03-02,0
2964,treatment,2026-03-11,0
2965,treatment,2026-03-12,0
2966,treatment,2026-03-11,0
2967,control,2026-03-12,0
2968,treatment,2026-03-13,1
2969,control,2026-03-14,1
2970,control,2026-03-12,0
2971,control,2026-03-05,1
2972,treatment,2026-03-12,0
2973,control,2026-03-07,1
2974,control,2026-03-02,0
2975,control,2026-03-09,0
2976,control,2026-03-12,0
2977,control,2026-03-04,0
2978,control,2026-03-06,1
2979,treatment,2026-03-11,0
2980,control,2026-03-04,0
2981,control,2026-03-13,0
2982,treatment,2026-03-15,0
2983,treatment,2026-03-10,1
2984,control,2026-03-11,1
2985,treatment,2026-03-06,0
2986,control,2026-03-11,1
2987,control,2026-03-04,1
2988,control,2026-03-02,0
2989,treatment,2026-03-08,1
2990,control,2026-03-11,1
2991,control,2026-03-14,1
2992,treatment,2026-03-14,1
2993,control,2026-03-04,1
2994,treatment,2026-03-07,0
2995,treatment,2026-03-04,0
2996,control,2026-03-06,1
2997,control,2026-03-08,0
2998,treatment,2026-03-08,1
2999,control,2026-03-10,0
3000,control,2026-03-07,0
3001,control,2026-03-08,0
3002,control,2026-03-15,1
3003,treatment,2026-03-10,1
3004,control,2026-03-10,0
3005,control,2026-03-11,0
3006,control,2026-03-11,0
3007,treatment,2026-03-05,0
3008,control,2026-03-02,1
3009,control,2026-03-14,0
3010,control,2026-03-02,1
3011,control,2026-03-13,0
3012,control,2026-03-11,0
3013,control,2026-03-05,1
3014,treatment,2026-03-14,1
3015,treatment,2026-03-07,0
3016,control,2026-03-07,0
3017,treatment,2026-03-12,0
3018,control,2026-03-10,1
3019,control,2026-03-02,0
3020,control,2026-03-14,0
3021,control,2026-03-13,0
3022,treatment,2026-03-11,1
3023,control,2026-03-07,1
3024,control,2026-03-03,0
3025,control,2026-03-11,1
3026,treatment,2026-03-14,1
3027,control,2026-03-11,1
3028,treatment,2026-03-10,0
3029,control,2026-03-07,0
3030,treatment,2026-03-04,0
3031,control,2026-03-02,0
3032,treatment,2026-03-13,1
3033,control,2026-03-08,0
3034,treatment,2026-03-07,0
3035,treatment,2026-03-11,1
3036,control,2026-03-11,0
3037,treatment,2026-03-07,0
3038,control,2026-03-15,0
3039,control,2026-03-04,0
3040,treatment,2026-03-03,0
3041,control,2026-03-15,1
3042,treatment,2026-03-04,1
3043,treatment,2026-03-07,1
3044,treatment,2026-03-04,1
3045,control,2026-03-03,0
3046,treatment,2026-03-04,1
3047,treatment,2026-03-08,0
3048,treatment,2026-03-02,1
3049,treatment,2026-03-04,0
3050,treatment,2026-03-14,0
3051,control,2026-03-02,1
3052,treatment,2026-03-10,0
3053,treatment,2026-03-09,1
3054,treatment,2026-03-08,0
3055,treatment,2026-03-15,0
3056,control,2026-03-12,1
3057,control,2026-03-05,0
3058,treatment,2026-03-05,1
3059,control,2026-03-09,0
3060,control,2026-03-07,0
3061,control,2026-03-09,0
3062,control,2026-03-05,0
3063,treatment,2026-03-12,0
3064,control,2026-03-02,1
3065,control,2026-03-03,0
3066,treatment,2026-03-13,0
3067,treatment,2026-03-06,0
3068,treatment,2026-03-10,0
3069,control,2026-03-03,1
3070,treatment,2026-03-13,0
3071,control,2026-03-12,1
3072,treatment,2026-03-10,0
3073,control,2026-03-13,0
3074,treatment,2026-03-13,0
3075,control,2026-03-10,0
3076,treatment,2026-03-13,0
3077,control,2026-03-03,1
3078,control,2026-03-11,1
3079,control,2026-03-10,1
3080,control,2026-03-02,0
3081,control,2026-03-06,0
3082,control,2026-03-06,1
3083,treatment,2026-03-03,0
3084,treatment,2026-03-14,0
3085,control,2026-03-09,0
3086,treatment,2026-03-02,0
3087,treatment,2026-03-05,0
3088,treatment,2026-03-10,1
3089,control,2026-03-07,0
3090,control,2026-03-07,1
3091,treatment,2026-03-03,1
3092,control,2026-03-05,0
3093,control,2026-03-15,0
3094,treatment,2026-03-11,0
3095,control,2026-03-14,0
3096,control,2026-03-05,1
3097,treatment,2026-03-14,1
3098,control,2026-03-15,0
3099,treatment,2026-03-14,0
3100,control,2026-03-04,0
3101,treatment,2026-03-12,0
3102,control,2026-03-10,1
3103,control,2026-03-10,0
3104,treatment,2026-03-04,1
3105,control,2026-03-02,0
3106,control,2026-03-08,0
3107,treatment,2026-03-03,0
3108,control,2026-03-03,0
3109,treatment,2026-03-08,0
3110,treatment,2026-03-15,0
3111,control,2026-03-13,0
3112,control,2026-03-06,0
3113,treatment,2026-03-07,0
3114,control,2026-03-08,0
3115,control,2026-03-14,0
3116,treatment,2026-03-12,1
3117,treatment,2026-03-09,0
3118,control,2026-03-09,1
3119,treatment,2026-03-06,1
3120,treatment,2026-03-07,0
3121,treatment,2026-03-09,1
3122,control,2026-03-10,0
3123,treatment,2026-03-07,0
3124,control,2026-03-07,1
3125,control,2026-03-09,1
3126,control,2026-03-06,0
3127,control,2026-03-13,0
3128,treatment,2026-03-03,0
3129,treatment,2026-03-11,0
3130,control,2026-03-06,0
3131,control,2026-03-10,1
3132,control,2026-03-11,1
3133,control,2026-03-15,0
3134,control,2026-03-13,0
3135,treatment,2026-03-15,0
3136,treatment,2026-03-09,0
3137,treatment,2026-03-08,1
3138,treatment,2026-03-10,0
3139,control,2026-03-05,0
3140,treatment,2026-03-13,1
3141,control,2026-03-13,0
3142,treatment,2026-03-14,0
3143,control,2026-03-10,0
3144,treatment,2026-03-03,1
3145,treatment,2026-03-05,0
3146,control,2026-03-12,0
3147,control,2026-03-11,0
3148,control,2026-03-07,1
3149,control,2026-03-08,0
3150,control,2026-03-03,1
3151,control,2026-03-08,1
3152,control,2026-03-03,1
3153,control,2026-03-03,1
3154,control,2026-03-13,1
3155,treatment,2026-03-15,0
3156,treatment,2026-03-03,0
3157,treatment,2026-03-12,0
3158,control,2026-03-07,1
3159,treatment,2026-03-05,1
3160,control,2026-03-15,0
3161,control,2026-03-02,0
3162,control,2026-03-06,0
3163,control,2026-03-10,0
3164,treatment,2026-03-14,1
3165,treatment,2026-03-09,0
3166,control,2026-03-04,0
3167,control,2026-03-03,0
3168,control,2026-03-09,0
3169,control,2026-03-10,1
3170,control,2026-03-10,0
3171,control,2026-03-07,1
3172,treatment,2026-03-12,0
3173,treatment,2026-03-15,0
3174,control,2026-03-11,1
3175,treatment,2026-03-14,0
3176,control,2026-03-11,0
3177,control,2026-03-03,0
3178,control,2026-03-03,0
3179,treatment,2026-03-07,0
3180,treatment,2026-03-04,0
3181,control,2026-03-02,0
3182,control,2026-03-02,1
3183,treatment,2026-03-07,1
3184,treatment,2026-03-15,0
3185,treatment,2026-03-02,0
3186,control,2026-03-10,0
3187,treatment,2026-03-09,1
3188,control,2026-03-05,1
3189,control,2026-03-15,0
3190,treatment,2026-03-14,0
3191,control,2026-03-09,1
3192,treatment,2026-03-07,0
3193,treatment,2026-03-13,0
3194,treatment,2026-03-05,1
3195,control,2026-03-05,0
3196,control,2026-03-07,1
3197,control,2026-03-15,0
3198,treatment,2026-03-09,0
3199,control,2026-03-14,0
3200,control,2026-03-15,0
3201,treatment,2026-03-14,0
3202,control,2026-03-07,0
3203,treatment,2026-03-11,0
3204,control,2026-03-04,0
3205,control,2026-03-12,0
3206,treatment,2026-03-12,1
3207,control,2026-03-07,0
3208,control,2026-03-11,0
3209,treatment,2026-03-14,0
3210,control,2026-03-15,0
3211,treatment,2026-03-05,0
3212,control,2026-03-08,0
3213,treatment,2026-03-12,1
3214,control,2026-03-14,1
3215,control,2026-03-09,0
3216,control,2026-03-15,1
3217,treatment,2026-03-02,0
3218,treatment,2026-03-02,0
3219,control,2026-03-12,0
3220,control,2026-03-07,0
3221,treatment,2026-03-07,0
3222,control,2026-03-06,0
3223,control,2026-03-14,0
3224,control,2026-03-03,1
3225,control,2026-03-03,1
3226,control,2026-03-11,1
3227,control,2026-03-09,0
3228,control,2026-03-14,0
3229,control,2026-03-11,0
3230,treatment,2026-03-04,0
3231,control,2026-03-03,1
3232,treatment,2026-03-09,0
3233,control,2026-03-02,1
3234,control,2026-03-13,0
3235,control,2026-03-12,1
3236,control,2026-03-12,1
3237,treatment,2026-03-15,0
3238,treatment,2026-03-15,1
3239,control,2026-03-13,1
3240,treatment,2026-03-14,0
3241,control,2026-03-10,0
3242,control,2026-03-15,0
3243,treatment,2026-03-09,0
3244,treatment,2026-03-04,1
3245,treatment,2026-03-02,1
3246,treatment,2026-03-02,0
3247,control,2026-03-04,0
3248,control,2026-03-07,0
3249,treatment,2026-03-13,0
3250,control,2026-03-11,1
3251,treatment,2026-03-10,0
3252,control,2026-03-03,0
3253,control,2026-03-11,0
3254,treatment,2026-03-06,1
3255,treatment,2026-03-10,1
3256,control,2026-03-08,0
3257,treatment,2026-03-10,0
3258,treatment,2026-03-03,0
3259,control,2026-03-11,1
3260,treatment,2026-03-15,0
3261,treatment,2026-03-10,0
3262,control,2026-03-05,1
3263,control,2026-03-06,0
3264,control,2026-03-14,0
3265,treatment,2026-03-07,1
3266,treatment,2026-03-03,1
3267,treatment,2026-03-11,0
3268,control,2026-03-13,1
3269,control,2026-03-10,1
3270,treatment,2026-03-08,0
3271,control,2026-03-12,0
3272,treatment,2026-03-04,1
3273,control,2026-03-14,0
3274,treatment,2026-03-03,1
3275,control,2026-03-13,1
3276,treatment,2026-03-03,1
3277,control,2026-03-04,0
3278,treatment,2026-03-08,0
3279,control,2026-03-08,1
3280,control,2026-03-05,0
3281,treatment,2026-03-09,0
3282,treatment,2026-03-13,1
3283,control,2026-03-03,0
3284,control,2026-03-14,0
3285,control,2026-03-03,1
3286,treatment,2026-03-10,1
3287,control,2026-03-04,0
3288,treatment,2026-03-13,0
3289,treatment,2026-03-05,0
3290,control,2026-03-11,1
3291,control,2026-03-06,0
3292,control,2026-03-10,0
3293,control,2026-03-04,0
3294,control,2026-03-05,1
3295,treatment,2026-03-09,0
3296,treatment,2026-03-07,1
3297,treatment,2026-03-04,0
3298,treatment,2026-03-03,0
3299,control,2026-03-02,0
3300,treatment,2026-03-09,0
3301,control,2026-03-06,0
3302,treatment,2026-03-02,0
3303,control,2026-03-04,1
3304,control,2026-03-05,1
3305,control,2026-03-12,1
3306,treatment,2026-03-03,0
3307,control,2026-03-07,0
3308,treatment,2026-03-07,1
3309,treatment,2026-03-09,1
3310,control,2026-03-10,1
3311,treatment,2026-03-14,1
3312,treatment,2026-03-09,0
3313,treatment,2026-03-03,0
3314,treatment,2026-03-04,0
3315,treatment,2026-03-07,0
3316,treatment,2026-03-06,1
3317,treatment,2026-03-10,0
3318,treatment,2026-03-12,1
3319,treatment,2026-03-12,0
3320,treatment,2026-03-03,0
3321,treatment,2026-03-03,1
3322,control,2026-03-09,1
3323,treatment,2026-03-11,0
3324,control,2026-03-14,1
3325,control,2026-03-04,0
3326,control,2026-03-02,0
3327,control,2026-03-07,1
3328,control,2026-03-15,0
3329,control,2026-03-11,1
3330,treatment,2026-03-12,1
3331,treatment,2026-03-11,0
3332,control,2026-03-04,0
3333,control,2026-03-15,0
3334,treatment,2026-03-02,1
3335,treatment,2026-03-08,0
3336,treatment,2026-03-06,1
3337,control,2026-03-14,0
3338,control,2026-03-02,0
3339,control,2026-03-09,0
3340,control,2026-03-09,0
3341,control,2026-03-04,0
3342,control,2026-03-08,1
3343,treatment,2026-03-15,0
3344,treatment,2026-03-12,1
3345,treatment,2026-03-13,0
3346,control,2026-03-03,0
3347,control,2026-03-06,0
3348,treatment,2026-03-12,1
3349,treatment,2026-03-07,0
3350,treatment,2026-03-07,1
3351,treatment,2026-03-06,1
3352,treatment,2026-03-10,0
3353,treatment,2026-03-14,1
3354,treatment,2026-03-11,1
3355,control,2026-03-05,0
3356,treatment,2026-03-04,0
3357,treatment,2026-03-14,0
3358,control,2026-03-11,0
3359,control,2026-03-06,0
3360,control,2026-03-08,1
3361,control,2026-03-03,0
3362,treatment,2026-03-06,0
3363,treatment,2026-03-09,0
3364,control,2026-03-06,0
3365,control,2026-03-12,1
3366,treatment,2026-03-04,0
3367,treatment,2026-03-03,1
3368,control,2026-03-02,1
3369,control,2026-03-02,0
3370,treatment,2026-03-14,0
3371,treatment,2026-03-06,0
3372,treatment,2026-03-02,0
3373,treatment,2026-03-02,0
3374,control,2026-03-09,1
3375,treatment,2026-03-10,0
3376,control,2026-03-11,0
3377,treatment,2026-03-09,0
3378,control,2026-03-08,1
3379,control,2026-03-08,0
3380,treatment,2026-03-04,1
3381,control,2026-03-14,0
3382,treatment,2026-03-05,0
3383,control,2026-03-02,1
3384,control,2026-03-12,0
3385,control,2026-03-14,0
3386,treatment,2026-03-05,0
3387,treatment,2026-03-02,1
3388,treatment,2026-03-11,0
3389,treatment,2026-03-11,1
3390,treatment,2026-03-14,0
3391,treatment,2026-03-11,0
3392,control,2026-03-06,1
3393,control,2026-03-15,1
3394,treatment,2026-03-08,0
3395,control,2026-03-06,0
3396,treatment,2026-03-03,1
3397,treatment,2026-03-10,1
3398,treatment,2026-03-09,0
3399,treatment,2026-03-07,1
3400,treatment,2026-03-03,1
3401,treatment,2026-03-12,0
3402,treatment,2026-03-11,0
3403,treatment,2026-03-12,1
3404,control,2026-03-11,1
3405,treatment,2026-03-11,1
3406,control,2026-03-10,1
3407,control,2026-03-11,0
3408,control,2026-03-08,0
3409,treatment,2026-03-15,0
3410,control,2026-03-13,0
3411,control,2026-03-09,0
3412,control,2026-03-02,0
3413,control,2026-03-10,0
3414,control,2026-03-09,1
3415,treatment,2026-03-14,1
3416,treatment,2026-03-02,1
3417,control,2026-03-14,0
3418,treatment,2026-03-09,1
3419,treatment,2026-03-12,0
3420,treatment,2026-03-13,1
3421,control,2026-03-14,0
3422,control,2026-03-11,1
3423,control,2026-03-10,0
3424,treatment,2026-03-09,0
3425,control,2026-03-05,0
3426,treatment,2026-03-09,0
3427,treatment,2026-03-06,0
3428,control,2026-03-11,0
3429,treatment,2026-03-05,1
3430,treatment,2026-03-07,0
3431,treatment,2026-03-08,1
3432,control,2026-03-13,1
3433,control,2026-03-07,0
3434,control,2026-03-15,1
3435,treatment,2026-03-02,0
3436,treatment,2026-03-09,1
3437,control,2026-03-14,0
3438,treatment,2026-03-07,0
3439,control,2026-03-09,0
3440,control,2026-03-10,0
3441,control,2026-03-07,0
3442,control,2026-03-07,0
3443,treatment,2026-03-08,0
3444,treatment,2026-03-09,0
3445,treatment,2026-03-15,0
3446,treatment,2026-03-11,1
3447,control,2026-03-03,0
3448,control,2026-03-03,0
3449,control,2026-03-05,1
3450,treatment,2026-03-10,0
3451,control,2026-03-04,1
3452,control,2026-03-06,1
3453,control,2026-03-09,1
3454,control,2026-03-15,0
3455,treatment,2026-03-14,0
3456,treatment,2026-03-08,0
3457,control,2026-03-05,1
3458,treatment,2026-03-04,0
3459,treatment,2026-03-07,0
3460,control,2026-03-07,1
3461,control,2026-03-04,0
3462,treatment,2026-03-09,0
3463,treatment,2026-03-11,0
3464,control,2026-03-11,1
3465,control,2026-03-04,0
3466,control,2026-03-04,0
3467,control,2026-03-09,0
3468,treatment,2026-03-12,1
3469,control,2026-03-05,1
3470,treatment,2026-03-15,1
3471,treatment,2026-03-05,0
3472,treatment,2026-03-09,0
3473,control,2026-03-05,0
3474,treatment,2026-03-02,0
3475,treatment,2026-03-09,1
3476,treatment,2026-03-03,0
3477,control,2026-03-08,0
3478,control,2026-03-08,1
3479,control,2026-03-03,0
3480,treatment,2026-03-15,0
3481,treatment,2026-03-11,0
3482,control,2026-03-13,0
3483,treatment,2026-03-13,0
3484,control,2026-03-05,0
3485,control,2026-03-06,1
3486,treatment,2026-03-12,0
3487,treatment,2026-03-05,1
3488,control,2026-03-05,0
3489,treatment,2026-03-07,0
3490,control,2026-03-04,1
3491,control,2026-03-07,1
3492,control,2026-03-10,1
3493,treatment,2026-03-07,0
3494,control,2026-03-04,0
3495,treatment,2026-03-12,1
3496,treatment,2026-03-13,1
3497,treatment,2026-03-06,1
3498,treatment,2026-03-12,1
3499,control,2026-03-03,0
3500,control,2026-03-08,0
3501,treatment,2026-03-03,0
3502,control,2026-03-12,0
3503,treatment,2026-03-14,0
3504,control,2026-03-08,1
3505,treatment,2026-03-02,1
3506,treatment,2026-03-12,1
3507,treatment,2026-03-07,0
3508,treatment,2026-03-03,0
3509,control,2026-03-14,0
3510,treatment,2026-03-05,0
3511,treatment,2026-03-03,0
3512,control,2026-03-13,0
3513,treatment,2026-03-03,0
3514,control,2026-03-02,1
3515,control,2026-03-12,0
3516,treatment,2026-03-11,0
3517,treatment,2026-03-04,0
3518,treatment,2026-03-04,0
3519,control,2026-03-15,0
3520,treatment,2026-03-08,0
3521,control,2026-03-11,1
3522,control,2026-03-04,0
3523,treatment,2026-03-13,0
3524,treatment,2026-03-12,0
3525,treatment,2026-03-14,0
3526,treatment,2026-03-15,0
3527,treatment,2026-03-07,0
3528,control,2026-03-09,1
3529,treatment,2026-03-15,1
3530,control,2026-03-07,1
3531,control,2026-03-14,0
3532,control,2026-03-04,0
3533,control,2026-03-05,1
3534,treatment,2026-03-13,0
3535,treatment,2026-03-06,0
3536,control,2026-03-07,1
3537,treatment,2026-03-05,0
3538,control,2026-03-05,0
3539,treatment,2026-03-09,1
3540,treatment,2026-03-08,0
3541,control,2026-03-11,0
3542,treatment,2026-03-02,0
3543,control,2026-03-08,0
3544,control,2026-03-15,1
3545,control,2026-03-05,0
3546,treatment,2026-03-02,0
3547,treatment,2026-03-07,0
3548,treatment,2026-03-11,0
3549,control,2026-03-07,0
3550,control,2026-03-10,0
3551,treatment,2026-03-13,0
3552,treatment,2026-03-03,0
3553,control,2026-03-05,1
3554,treatment,2026-03-08,0
3555,control,2026-03-07,0
3556,treatment,2026-03-13,0
3557,treatment,2026-03-02,0
3558,control,2026-03-09,1
3559,treatment,2026-03-11,0
3560,control,2026-03-05,0
3561,treatment,2026-03-13,1
3562,treatment,2026-03-03,1
3563,treatment,2026-03-13,1
3564,treatment,2026-03-06,0
3565,treatment,2026-03-13,1
3566,treatment,2026-03-05,0
3567,treatment,2026-03-14,0
3568,control,2026-03-15,0
3569,control,2026-03-12,0
3570,treatment,2026-03-08,1
3571,control,2026-03-15,0
3572,treatment,2026-03-05,0
3573,treatment,2026-03-03,0
3574,treatment,2026-03-09,0
3575,treatment,2026-03-12,0
3576,control,2026-03-11,0
3577,control,2026-03-07,1
3578,treatment,2026-03-15,1
3579,treatment,2026-03-02,1
3580,control,2026-03-15,0
3581,treatment,2026-03-08,1
3582,treatment,2026-03-15,0
3583,control,2026-03-09,0
3584,treatment,2026-03-02,1
3585,control,2026-03-03,1
3586,control,2026-03-06,0
3587,control,2026-03-13,0
3588,treatment,2026-03-08,0
3589,control,2026-03-12,1
3590,treatment,2026-03-02,0
3591,control,2026-03-13,0
3592,treatment,2026-03-08,0
3593,treatment,2026-03-03,1
3594,treatment,2026-03-02,1
3595,treatment,2026-03-05,0
3596,control,2026-03-13,0
3597,control,2026-03-09,0
3598,control,2026-03-13,1
3599,treatment,2026-03-04,0
3600,treatment,2026-03-15,1
3601,control,2026-03-14,0
3602,control,2026-03-05,1
3603,control,2026-03-13,0
3604,control,2026-03-07,1
3605,control,2026-03-08,0
3606,treatment,2026-03-15,0
3607,control,2026-03-04,1
3608,control,2026-03-10,1
3609,treatment,2026-03-13,0
3610,control,2026-03-12,0
3611,control,2026-03-14,0
3612,treatment,2026-03-09,0
3613,treatment,2026-03-11,1
3614,treatment,2026-03-14,0
3615,treatment,2026-03-11,1
3616,treatment,2026-03-08,1
3617,control,2026-03-13,0
3618,control,2026-03-02,1
3619,control,2026-03-11,0
3620,treatment,2026-03-07,0
3621,control,2026-03-09,0
3622,treatment,2026-03-15,0
3623,treatment,2026-03-07,0
3624,control,2026-03-05,0
3625,treatment,2026-03-05,0
3626,control,2026-03-15,0
3627,control,2026-03-02,1
3628,treatment,2026-03-15,0
3629,control,2026-03-10,0
3630,treatment,2026-03-03,0
3631,treatment,2026-03-12,1
3632,treatment,2026-03-08,0
3633,control,2026-03-15,0
3634,treatment,2026-03-13,0
3635,control,2026-03-10,0
3636,treatment,2026-03-07,1
3637,treatment,2026-03-09,0
3638,control,2026-03-10,0
3639,control,2026-03-14,0
3640,control,2026-03-04,0
3641,treatment,2026-03-11,0
3642,control,2026-03-11,1
3643,control,2026-03-03,0
3644,treatment,2026-03-11,0
3645,treatment,2026-03-06,0
3646,control,2026-03-05,0
3647,treatment,2026-03-15,1
3648,control,2026-03-10,0
3649,treatment,2026-03-15,0
3650,control,2026-03-07,0
3651,control,2026-03-06,1
3652,treatment,2026-03-04,1
3653,treatment,2026-03-10,1
3654,treatment,2026-03-07,1
3655,treatment,2026-03-11,0
3656,treatment,2026-03-13,1
3657,treatment,2026-03-05,1
3658,treatment,2026-03-14,1
3659,control,2026-03-02,1
3660,treatment,2026-03-04,1
3661,control,2026-03-04,1
3662,control,2026-03-03,0
3663,control,2026-03-10,0
3664,control,2026-03-13,1
3665,control,2026-03-12,0
3666,control,2026-03-11,0
3667,control,2026-03-07,1
3668,treatment,2026-03-12,0
3669,treatment,2026-03-11,0
3670,treatment,2026-03-11,0
3671,control,2026-03-02,0
3672,control,2026-03-03,1
3673,control,2026-03-04,0
3674,control,2026-03-03,0
3675,control,2026-03-11,0
3676,control,2026-03-06,0
3677,treatment,2026-03-07,1
3678,treatment,2026-03-12,0
3679,control,2026-03-11,1
3680,control,2026-03-10,1
3681,control,2026-03-12,0
3682,control,2026-03-14,1
3683,treatment,2026-03-10,1
3684,control,2026-03-08,0
3685,control,2026-03-02,0
3686,control,2026-03-14,0
3687,treatment,2026-03-05,0
3688,treatment,2026-03-15,0
3689,control,2026-03-09,0
3690,treatment,2026-03-15,1
3691,treatment,2026-03-07,1
3692,treatment,2026-03-08,0
3693,control,2026-03-11,1
3694,control,2026-03-13,1
3695,control,2026-03-03,0
3696,control,2026-03-10,0
3697,control,2026-03-11,1
3698,control,2026-03-06,0
3699,treatment,2026-03-02,0
3700,treatment,2026-03-04,0
3701,control,2026-03-15,0
3702,control,2026-03-05,0
3703,control,2026-03-11,0
3704,treatment,2026-03-11,0
3705,treatment,2026-03-15,0
3706,control,2026-03-03,1
3707,treatment,2026-03-11,0
3708,treatment,2026-03-12,0
3709,treatment,2026-03-13,0
3710,control,2026-03-06,1
3711,treatment,2026-03-09,0
3712,control,2026-03-13,0
3713,control,2026-03-05,1
3714,treatment,2026-03-12,0
3715,treatment,2026-03-05,0
3716,treatment,2026-03-12,1
3717,control,2026-03-09,0
3718,control,2026-03-03,0
3719,control,2026-03-05,0
3720,treatment,2026-03-02,1
3721,control,2026-03-05,0
3722,control,2026-03-11,0
3723,treatment,2026-03-06,0
3724,control,2026-03-05,0
3725,treatment,2026-03-15,0
3726,control,2026-03-10,0
3727,treatment,2026-03-09,0
3728,control,2026-03-07,0
3729,treatment,2026-03-07,0
3730,control,2026-03-14,0
3731,control,2026-03-14,0
3732,treatment,2026-03-13,1
3733,control,2026-03-12,0
3734,control,2026-03-04,0
3735,treatment,2026-03-05,0
3736,control,2026-03-15,0
3737,control,2026-03-08,0
3738,treatment,2026-03-09,1
3739,control,2026-03-11,1
3740,control,2026-03-10,0
3741,control,2026-03-15,0
3742,treatment,2026-03-12,0
3743,control,2026-03-03,0
3744,control,2026-03-04,0
3745,treatment,2026-03-10,0
3746,control,2026-03-07,0
3747,treatment,2026-03-13,1
3748,control,2026-03-14,0
3749,treatment,2026-03-02,0
3750,treatment,2026-03-10,0
3751,treatment,2026-03-05,0
3752,treatment,2026-03-02,0
3753,control,2026-03-12,1
3754,treatment,2026-03-13,1
3755,treatment,2026-03-14,1
3756,control,2026-03-04,0
3757,control,2026-03-02,1
3758,control,2026-03-11,0
3759,control,2026-03-06,0
3760,control,2026-03-09,0
3761,control,2026-03-11,0
3762,control,2026-03-06,0
3763,control,2026-03-06,0
3764,control,2026-03-07,0
3765,control,2026-03-15,0
3766,treatment,2026-03-06,0
3767,treatment,2026-03-11,0
3768,control,2026-03-04,0
3769,control,2026-03-13,0
3770,control,2026-03-04,0
3771,control,2026-03-02,0
3772,treatment,2026-03-12,0
3773,control,2026-03-04,1
3774,control,2026-03-07,1
3775,control,2026-03-07,0
3776,treatment,2026-03-11,1
3777,treatment,2026-03-08,1
3778,treatment,2026-03-05,0
3779,treatment,2026-03-09,1
3780,treatment,2026-03-07,0
3781,control,2026-03-06,1
3782,treatment,2026-03-11,0
3783,control,2026-03-04,0
3784,treatment,2026-03-14,1
3785,treatment,2026-03-09,1
3786,treatment,2026-03-04,0
3787,treatment,2026-03-02,0
3788,control,2026-03-06,0
3789,treatment,2026-03-05,0
3790,control,2026-03-03,0
3791,control,2026-03-12,1
3792,treatment,2026-03-12,0
3793,treatment,2026-03-12,0
3794,treatment,2026-03-14,0
3795,treatment,2026-03-08,0
3796,treatment,2026-03-11,0
3797,treatment,2026-03-03,0
3798,control,2026-03-14,1
3799,control,2026-03-15,0
3800,treatment,2026-03-02,1
3801,treatment,2026-03-15,1
3802,control,2026-03-03,1
3803,treatment,2026-03-15,1
3804,treatment,2026-03-05,1
3805,treatment,2026-03-11,1
3806,control,2026-03-09,1
3807,treatment,2026-03-09,0
3808,treatment,2026-03-04,0
3809,treatment,2026-03-03,1
3810,treatment,2026-03-06,0
3811,treatment,2026-03-08,0
3812,control,2026-03-09,0
3813,treatment,2026-03-11,0
3814,control,2026-03-13,1
3815,treatment,2026-03-09,0
3816,treatment,2026-03-03,0
3817,treatment,2026-03-04,0
3818,treatment,2026-03-04,0
3819,control,2026-03-13,1
3820,treatment,2026-03-15,1
3821,control,2026-03-06,0
3822,control,2026-03-04,1
3823,control,2026-03-05,1
3824,treatment,2026-03-08,0
3825,control,2026-03-11,0
3826,treatment,2026-03-10,0
3827,control,2026-03-13,0
3828,control,2026-03-04,0
3829,treatment,2026-03-15,0
3830,control,2026-03-04,0
3831,control,2026-03-14,1
3832,treatment,2026-03-09,0
3833,control,2026-03-05,0
3834,control,2026-03-14,0
3835,control,2026-03-15,0
3836,treatment,2026-03-08,1
3837,control,2026-03-02,0
3838,control,2026-03-15,1
3839,treatment,2026-03-09,1
3840,control,2026-03-04,0
3841,control,2026-03-12,0
3842,treatment,2026-03-07,0
3843,treatment,2026-03-12,0
3844,treatment,2026-03-10,1
3845,control,2026-03-02,0
3846,treatment,2026-03-05,1
3847,treatment,2026-03-09,0
3848,control,2026-03-09,0
3849,treatment,2026-03-08,1
3850,control,2026-03-12,1
3851,treatment,2026-03-02,0
3852,treatment,2026-03-15,1
3853,treatment,2026-03-05,0
3854,control,2026-03-03,0
3855,treatment,2026-03-13,1
3856,control,2026-03-15,0
3857,treatment,2026-03-04,0
3858,control,2026-03-06,0
3859,control,2026-03-12,0
3860,control,2026-03-10,1
3861,control,2026-03-05,0
3862,control,2026-03-13,0
3863,treatment,2026-03-10,0
3864,treatment,2026-03-15,0
3865,control,2026-03-06,1
3866,control,2026-03-10,0
3867,treatment,2026-03-08,0
3868,treatment,2026-03-15,1
3869,treatment,2026-03-10,1
3870,control,2026-03-10,1
3871,control,2026-03-12,0
3872,control,2026-03-04,0
3873,treatment,2026-03-13,0
3874,control,2026-03-04,0
3875,control,2026-03-11,0
3876,control,2026-03-04,1
3877,treatment,2026-03-13,0
3878,treatment,2026-03-12,0
3879,control,2026-03-06,0
3880,control,2026-03-02,0
3881,control,2026-03-04,1
3882,control,2026-03-09,1
3883,treatment,2026-03-03,1
3884,control,2026-03-02,0
3885,treatment,2026-03-12,0
3886,treatment,2026-03-12,0
3887,treatment,2026-03-03,0
3888,control,2026-03-08,1
3889,control,2026-03-14,0
3890,control,2026-03-04,1
3891,treatment,2026-03-03,0
3892,control,2026-03-06,0
3893,treatment,2026-03-03,0
3894,treatment,2026-03-14,0
3895,treatment,2026-03-02,0
3896,control,2026-03-02,1
3897,treatment,2026-03-12,0
3898,treatment,2026-03-13,0
3899,control,2026-03-12,0
3900,treatment,2026-03-11,0
3901,control,2026-03-13,0
3902,treatment,2026-03-02,0
3903,treatment,2026-03-15,1
3904,treatment,2026-03-07,1
3905,control,2026-03-06,1
3906,control,2026-03-03,0
3907,control,2026-03-04,0
3908,treatment,2026-03-04,1
3909,control,2026-03-14,0
3910,treatment,2026-03-10,0
3911,treatment,2026-03-15,1
3912,control,2026-03-13,0
3913,control,2026-03-13,0
3914,treatment,2026-03-04,0
3915,treatment,2026-03-12,1
3916,control,2026-03-03,0
3917,treatment,2026-03-02,0
3918,treatment,2026-03-05,1
3919,treatment,2026-03-08,1
3920,control,2026-03-06,0
3921,treatment,2026-03-03,1
3922,control,2026-03-07,1
3923,control,2026-03-13,1
3924,control,2026-03-09,0
3925,treatment,2026-03-13,0
3926,control,2026-03-13,0
3927,treatment,2026-03-04,0
3928,control,2026-03-11,1
3929,control,2026-03-10,0
3930,control,2026-03-05,0
3931,treatment,2026-03-15,0
3932,control,2026-03-13,0
3933,treatment,2026-03-04,0
3934,control,2026-03-08,0
3935,treatment,2026-03-05,0
3936,control,2026-03-12,0
3937,treatment,2026-03-06,0
3938,treatment,2026-03-06,0
3939,treatment,2026-03-05,0
3940,treatment,2026-03-14,1
3941,control,2026-03-14,1
3942,treatment,2026-03-06,0
3943,control,2026-03-04,0
3944,control,2026-03-10,0
3945,control,2026-03-05,0
3946,treatment,2026-03-11,1
3947,control,2026-03-07,0
3948,control,2026-03-10,0
3949,treatment,2026-03-13,0
3950,treatment,2026-03-15,0
3951,treatment,2026-03-14,1
3952,control,2026-03-02,0
3953,treatment,2026-03-06,0
3954,treatment,2026-03-15,0
3955,treatment,2026-03-11,1
3956,treatment,2026-03-13,0
3957,control,2026-03-11,0
3958,control,2026-03-15,0
3959,treatment,2026-03-06,0
3960,treatment,2026-03-04,0
3961,control,2026-03-10,0
3962,control,2026-03-11,1
3963,control,2026-03-10,1
3964,treatment,2026-03-13,0
3965,treatment,2026-03-06,0
3966,control,2026-03-04,0
3967,treatment,2026-03-02,0
3968,control,2026-03-12,1
3969,treatment,2026-03-08,0
3970,treatment,2026-03-03,0
3971,treatment,2026-03-02,0
3972,treatment,2026-03-11,0
3973,control,2026-03-06,0
3974,control,2026-03-13,0
3975,treatment,2026-03-07,0
3976,control,2026-03-04,0
3977,control,2026-03-10,1
3978,treatment,2026-03-06,0
3979,control,2026-03-04,0
3980,treatment,2026-03-04,0
3981,control,2026-03-02,0
3982,control,2026-03-02,1
3983,treatment,2026-03-08,1
3984,control,2026-03-10,0
3985,treatment,2026-03-07,0
3986,control,2026-03-12,1
3987,treatment,2026-03-15,1
3988,control,2026-03-10,1
3989,treatment,2026-03-11,1
3990,treatment,2026-03-06,1
3991,treatment,2026-03-14,0
3992,control,2026-03-09,0
3993,treatment,2026-03-10,0
3994,treatment,2026-03-15,1
3995,control,2026-03-04,1
3996,control,2026-03-02,0
3997,control,2026-03-10,0
3998,treatment,2026-03-05,0
3999,treatment,2026-03-11,1
4000,control,2026-03-06,0
4001,control,2026-03-05,0
4002,control,2026-03-13,0
4003,control,2026-03-13,0
4004,control,2026-03-07,0
4005,control,2026-03-14,1
4006,control,2026-03-03,1
4007,treatment,2026-03-11,1
4008,control,2026-03-10,1
4009,control,2026-03-12,0
4010,control,2026-03-14,0
4011,treatment,2026-03-11,0
4012,control,2026-03-06,1
4013,control,2026-03-08,0
4014,treatment,2026-03-04,1
4015,control,2026-03-10,0
4016,treatment,2026-03-12,1
4017,control,2026-03-05,0
4018,control,2026-03-06,0
4019,control,2026-03-08,1
4020,treatment,2026-03-15,1
4021,treatment,2026-03-05,0
4022,treatment,2026-03-05,0
4023,treatment,2026-03-11,0
4024,treatment,2026-03-11,0
4025,control,2026-03-11,0
4026,control,2026-03-10,0
4027,control,2026-03-14,0
4028,treatment,2026-03-12,0
4029,treatment,2026-03-13,0
4030,treatment,2026-03-06,1
4031,treatment,2026-03-12,1
4032,control,2026-03-10,0
4033,control,2026-03-04,0
4034,control,2026-03-03,1
4035,treatment,2026-03-10,0
4036,control,2026-03-05,0
4037,treatment,2026-03-07,0
4038,treatment,2026-03-13,0
4039,treatment,2026-03-10,1
4040,control,2026-03-13,1
4041,treatment,2026-03-04,1
4042,control,2026-03-02,0
4043,treatment,2026-03-09,0
4044,treatment,2026-03-12,0
4045,treatment,2026-03-12,0
4046,control,2026-03-02,1
4047,treatment,2026-03-08,0
4048,treatment,2026-03-06,0
4049,treatment,2026-03-06,0
4050,control,2026-03-13,0
4051,treatment,2026-03-15,0
4052,control,2026-03-10,0
4053,control,2026-03-04,0
4054,treatment,2026-03-11,1
4055,control,2026-03-06,0
4056,control,2026-03-08,1
4057,control,2026-03-12,0
4058,control,2026-03-08,0
4059,treatment,2026-03-07,0
4060,treatment,2026-03-04,1
4061,treatment,2026-03-08,0
4062,treatment,2026-03-13,0
4063,control,2026-03-03,0
4064,control,2026-03-14,0
4065,treatment,2026-03-03,0
4066,control,2026-03-10,1
4067,control,2026-03-12,0
4068,control,2026-03-14,1
4069,control,2026-03-10,1
4070,control,2026-03-12,1
4071,control,2026-03-06,0
4072,treatment,2026-03-12,0
4073,treatment,2026-03-12,0
4074,control,2026-03-13,0
4075,treatment,2026-03-13,0
4076,control,2026-03-12,0
4077,treatment,2026-03-08,0
4078,control,2026-03-09,0
4079,control,2026-03-07,0
4080,control,2026-03-08,1
4081,control,2026-03-04,1
4082,treatment,2026-03-15,0
4083,control,2026-03-12,0
4084,control,2026-03-06,0
4085,control,2026-03-05,0
4086,treatment,2026-03-15,0
4087,control,2026-03-02,0
4088,control,2026-03-10,0
4089,control,2026-03-08,0
4090,control,2026-03-12,1
4091,treatment,2026-03-08,0
4092,control,2026-03-08,0
4093,treatment,2026-03-12,1
4094,control,2026-03-06,0
4095,treatment,2026-03-07,0
4096,control,2026-03-05,0
4097,treatment,2026-03-12,1
4098,control,2026-03-14,0
4099,control,2026-03-09,0
4100,treatment,2026-03-06,1
4101,control,2026-03-10,0
4102,treatment,2026-03-14,1
4103,control,2026-03-09,0
4104,control,2026-03-07,0
4105,treatment,2026-03-10,1
4106,treatment,2026-03-14,0
4107,treatment,2026-03-05,1
4108,control,2026-03-05,0
4109,control,2026-03-11,0
4110,control,2026-03-09,0
4111,control,2026-03-05,0
4112,treatment,2026-03-03,0
4113,control,2026-03-15,0
4114,control,2026-03-09,0
4115,control,2026-03-12,0
4116,control,2026-03-11,0
4117,control,2026-03-05,1
4118,control,2026-03-08,1
4119,treatment,2026-03-06,1
4120,treatment,2026-03-06,1
4121,treatment,2026-03-02,1
4122,treatment,2026-03-08,0
4123,control,2026-03-04,0
4124,treatment,2026-03-03,0
4125,treatment,2026-03-03,1
4126,control,2026-03-03,0
4127,treatment,2026-03-12,0
4128,treatment,2026-03-03,0
4129,control,2026-03-07,0
4130,control,2026-03-11,0
4131,treatment,2026-03-14,1
4132,control,2026-03-13,0
4133,control,2026-03-11,0
4134,control,2026-03-11,0
4135,treatment,2026-03-12,0
4136,treatment,2026-03-13,1
4137,treatment,2026-03-15,0
4138,control,2026-03-06,1
4139,control,2026-03-06,0
4140,treatment,2026-03-12,0
4141,treatment,2026-03-04,0
4142,treatment,2026-03-11,1
4143,treatment,2026-03-09,0
4144,treatment,2026-03-03,0
4145,control,2026-03-05,1
4146,treatment,2026-03-07,1
4147,control,2026-03-12,0
4148,treatment,2026-03-03,1
4149,treatment,2026-03-07,1
4150,treatment,2026-03-15,0
4151,control,2026-03-15,0
4152,treatment,2026-03-14,1
4153,treatment,2026-03-03,0
4154,control,2026-03-04,0
4155,control,2026-03-11,0
4156,control,2026-03-07,0
4157,treatment,2026-03-04,1
4158,control,2026-03-06,1
4159,treatment,2026-03-06,1
4160,treatment,2026-03-13,1
4161,control,2026-03-15,1
4162,control,2026-03-07,1
4163,treatment,2026-03-12,1
4164,treatment,2026-03-05,0
4165,control,2026-03-05,1
4166,treatment,2026-03-14,0
4167,treatment,2026-03-12,0
4168,treatment,2026-03-06,1
4169,control,2026-03-11,0
4170,treatment,2026-03-07,0
4171,control,2026-03-15,0
4172,control,2026-03-14,0
4173,treatment,2026-03-03,1
4174,treatment,2026-03-09,1
4175,treatment,2026-03-14,0
4176,treatment,2026-03-12,1
4177,treatment,2026-03-10,0
4178,treatment,2026-03-04,0
4179,treatment,2026-03-05,0
4180,control,2026-03-15,0
4181,control,2026-03-13,0
4182,control,2026-03-04,0
4183,control,2026-03-06,0
4184,treatment,2026-03-02,0
4185,treatment,2026-03-14,0
4186,treatment,2026-03-04,1
4187,control,2026-03-03,1
4188,control,2026-03-10,0
4189,treatment,2026-03-07,1
4190,treatment,2026-03-14,0
4191,treatment,2026-03-07,1
4192,control,2026-03-11,0
4193,control,2026-03-06,0
4194,control,2026-03-03,1
4195,treatment,2026-03-14,0
4196,treatment,2026-03-12,0
4197,control,2026-03-02,0
4198,treatment,2026-03-04,1
4199,treatment,2026-03-04,1
4200,control,2026-03-14,0
4201,treatment,2026-03-08,0
4202,control,2026-03-10,0
4203,control,2026-03-02,0
4204,treatment,2026-03-11,1
4205,treatment,2026-03-11,1
4206,control,2026-03-05,0
4207,treatment,2026-03-02,0
4208,control,2026-03-12,1
4209,treatment,2026-03-09,0
4210,control,2026-03-08,1
4211,treatment,2026-03-07,0
4212,treatment,2026-03-13,0
4213,treatment,2026-03-04,0
4214,control,2026-03-05,0
4215,control,2026-03-09,0
4216,treatment,2026-03-02,1
4217,control,2026-03-10,1
4218,control,2026-03-02,0
4219,treatment,2026-03-03,1
4220,treatment,2026-03-07,0
4221,control,2026-03-15,0
4222,control,2026-03-12,0
4223,control,2026-03-02,0
4224,control,2026-03-07,0
4225,treatment,2026-03-02,1
4226,treatment,2026-03-08,0
4227,control,2026-03-09,0
4228,treatment,2026-03-12,0
4229,treatment,2026-03-07,0
4230,control,2026-03-11,1
4231,treatment,2026-03-14,0
4232,treatment,2026-03-11,1
4233,control,2026-03-11,0
4234,treatment,2026-03-10,0
4235,control,2026-03-14,0
4236,control,2026-03-11,0
4237,treatment,2026-03-09,0
4238,control,2026-03-15,1
4239,treatment,2026-03-10,0
4240,treatment,2026-03-08,0
4241,treatment,2026-03-12,0
4242,control,2026-03-15,1
4243,control,2026-03-07,0
4244,control,2026-03-13,0
4245,control,2026-03-05,0
4246,treatment,2026-03-13,1
4247,treatment,2026-03-03,0
4248,control,2026-03-12,1
4249,treatment,2026-03-05,0
4250,control,2026-03-07,1
4251,treatment,2026-03-02,0
4252,control,2026-03-04,0
4253,control,2026-03-08,0
4254,control,2026-03-15,0
4255,treatment,2026-03-08,0
4256,control,2026-03-13,1
4257,control,2026-03-09,1
4258,treatment,2026-03-14,0
4259,treatment,2026-03-13,0
4260,treatment,2026-03-10,0
4261,treatment,2026-03-13,1
4262,treatment,2026-03-13,0
4263,treatment,2026-03-03,0
4264,treatment,2026-03-04,0
4265,control,2026-03-02,0
4266,control,2026-03-15,0
4267,control,2026-03-02,0
4268,control,2026-03-12,1
4269,treatment,2026-03-10,1
4270,control,2026-03-06,0
4271,treatment,2026-03-04,0
4272,treatment,2026-03-05,1
4273,control,2026-03-13,0
4274,control,2026-03-15,0
4275,treatment,2026-03-14,0
4276,control,2026-03-07,0
4277,control,2026-03-04,0
4278,treatment,2026-03-04,0
4279,control,2026-03-08,0
4280,treatment,2026-03-08,0
4281,control,2026-03-08,0
4282,control,2026-03-13,1
4283,control,2026-03-04,1
4284,treatment,2026-03-12,0
4285,treatment,2026-03-08,0
4286,treatment,2026-03-13,0
4287,treatment,2026-03-03,0
4288,control,2026-03-11,0
4289,control,2026-03-05,0
4290,treatment,2026-03-12,0
4291,control,2026-03-03,0
4292,control,2026-03-15,1
4293,treatment,2026-03-10,0
4294,treatment,2026-03-07,0
4295,treatment,2026-03-07,1
4296,treatment,2026-03-03,0
4297,control,2026-03-07,1
4298,treatment,2026-03-03,0
4299,control,2026-03-05,1
4300,treatment,2026-03-08,1
4301,treatment,2026-03-03,0
4302,control,2026-03-02,0
4303,control,2026-03-12,1
4304,control,2026-03-14,1
4305,treatment,2026-03-05,1
4306,treatment,2026-03-14,1
4307,treatment,2026-03-06,1
4308,treatment,2026-03-14,1
4309,treatment,2026-03-09,1
4310,treatment,2026-03-11,0
4311,treatment,2026-03-06,0
4312,treatment,2026-03-15,1
4313,control,2026-03-07,0
4314,control,2026-03-08,0
4315,control,2026-03-04,0
4316,treatment,2026-03-11,0
4317,control,2026-03-04,0
4318,control,2026-03-07,1
4319,treatment,2026-03-03,0
4320,treatment,2026-03-11,0
4321,control,2026-03-12,0
4322,control,2026-03-11,1
4323,control,2026-03-06,0
4324,treatment,2026-03-06,0
4325,control,2026-03-11,0
4326,treatment,2026-03-07,0
4327,control,2026-03-11,0
4328,control,2026-03-11,0
4329,treatment,2026-03-06,0
4330,control,2026-03-02,1
4331,control,2026-03-10,0
4332,treatment,2026-03-02,0
4333,treatment,2026-03-10,0
4334,treatment,2026-03-15,1
4335,treatment,2026-03-09,0
4336,control,2026-03-13,0
4337,treatment,2026-03-05,0
4338,treatment,2026-03-04,1
4339,control,2026-03-12,0
4340,control,2026-03-04,1
4341,control,2026-03-15,0
4342,control,2026-03-15,0
4343,control,2026-03-06,0
4344,treatment,2026-03-06,0
4345,control,2026-03-07,0
4346,control,2026-03-05,1
4347,treatment,2026-03-06,0
4348,treatment,2026-03-04,1
4349,control,2026-03-04,0
4350,treatment,2026-03-12,0
4351,treatment,2026-03-09,1
4352,treatment,2026-03-02,0
4353,control,2026-03-08,0
4354,control,2026-03-06,1
4355,treatment,2026-03-04,0
4356,treatment,2026-03-10,1
4357,treatment,2026-03-11,1
4358,control,2026-03-08,0
4359,treatment,2026-03-09,0
4360,treatment,2026-03-15,0
4361,treatment,2026-03-13,0
4362,treatment,2026-03-02,0
4363,control,2026-03-09,0
4364,treatment,2026-03-05,1
4365,treatment,2026-03-15,0
4366,treatment,2026-03-14,1
4367,control,2026-03-07,1
4368,treatment,2026-03-08,0
4369,control,2026-03-12,0
4370,control,2026-03-05,1
4371,treatment,2026-03-13,1
4372,treatment,2026-03-03,1
4373,treatment,2026-03-15,0
4374,treatment,2026-03-06,1
4375,treatment,2026-03-06,0
4376,control,2026-03-13,1
4377,treatment,2026-03-09,0
4378,control,2026-03-03,1
4379,treatment,2026-03-02,0
4380,treatment,2026-03-08,0
4381,control,2026-03-12,0
4382,treatment,2026-03-10,0
4383,control,2026-03-05,1
4384,treatment,2026-03-08,0
4385,control,2026-03-13,1
4386,control,2026-03-02,0
4387,control,2026-03-08,1
4388,treatment,2026-03-04,0
4389,control,2026-03-05,0
4390,control,2026-03-02,1
4391,control,2026-03-09,1
4392,treatment,2026-03-03,1
4393,treatment,2026-03-07,1
4394,treatment,2026-03-15,0
4395,control,2026-03-06,1
4396,treatment,2026-03-08,0
4397,control,2026-03-10,1
4398,control,2026-03-03,0
4399,control,2026-03-07,1
4400,treatment,2026-03-04,0
4401,control,2026-03-15,1
4402,control,2026-03-06,0
4403,treatment,2026-03-13,1
4404,control,2026-03-08,0
4405,control,2026-03-13,1
4406,treatment,2026-03-12,0
4407,treatment,2026-03-02,0
4408,control,2026-03-04,0
4409,control,2026-03-12,0
4410,treatment,2026-03-03,0
4411,treatment,2026-03-08,0
4412,treatment,2026-03-09,1
4413,control,2026-03-11,0
4414,treatment,2026-03-03,1
4415,treatment,2026-03-15,1
4416,treatment,2026-03-10,1
4417,control,2026-03-06,0
4418,control,2026-03-02,1
4419,treatment,2026-03-10,0
4420,treatment,2026-03-15,0
4421,control,2026-03-09,1
4422,treatment,2026-03-10,1
4423,control,2026-03-08,0
4424,treatment,2026-03-10,0
4425,control,2026-03-11,0
4426,control,2026-03-06,0
4427,control,2026-03-10,1
4428,control,2026-03-09,1
4429,control,2026-03-13,0
4430,control,2026-03-03,1
4431,control,2026-03-06,0
4432,control,2026-03-11,0
4433,treatment,2026-03-07,0
4434,control,2026-03-07,1
4435,control,2026-03-07,0
4436,control,2026-03-12,0
4437,control,2026-03-15,0
4438,treatment,2026-03-11,0
4439,treatment,2026-03-06,1
4440,treatment,2026-03-04,0
4441,control,2026-03-08,0
4442,control,2026-03-07,1
4443,treatment,2026-03-08,0
4444,treatment,2026-03-07,1
4445,treatment,2026-03-11,1
4446,treatment,2026-03-02,0
4447,control,2026-03-08,0
4448,treatment,2026-03-10,0
4449,control,2026-03-07,1
4450,control,2026-03-15,0
4451,control,2026-03-10,0
4452,control,2026-03-05,1
4453,control,2026-03-07,0
4454,treatment,2026-03-11,0
4455,control,2026-03-13,0
4456,treatment,2026-03-15,0
4457,treatment,2026-03-04,1
4458,treatment,2026-03-13,0
4459,treatment,2026-03-12,0
4460,treatment,2026-03-11,0
4461,control,2026-03-10,1
4462,treatment,2026-03-02,0
4463,treatment,2026-03-02,1
4464,control,2026-03-12,1
4465,control,2026-03-14,1
4466,control,2026-03-06,1
4467,treatment,2026-03-11,0
4468,treatment,2026-03-06,0
4469,treatment,2026-03-11,0
4470,treatment,2026-03-09,1
4471,control,2026-03-03,0
4472,treatment,2026-03-12,0
4473,control,2026-03-14,0
4474,control,2026-03-15,0
4475,treatment,2026-03-02,1
4476,control,2026-03-11,0
4477,control,2026-03-09,0
4478,treatment,2026-03-11,0
4479,control,2026-03-06,1
4480,treatment,2026-03-12,0
4481,control,2026-03-03,1
4482,treatment,2026-03-11,0
4483,treatment,2026-03-12,0
4484,treatment,2026-03-07,1
4485,treatment,2026-03-04,1
4486,treatment,2026-03-13,0
4487,control,2026-03-14,1
4488,treatment,2026-03-12,0
4489,treatment,2026-03-04,0
4490,treatment,2026-03-09,0
4491,control,2026-03-04,0
4492,control,2026-03-08,0
4493,treatment,2026-03-08,0
4494,treatment,2026-03-05,0
4495,treatment,2026-03-12,1
4496,treatment,2026-03-12,1
4497,control,2026-03-14,0
4498,treatment,2026-03-02,0
4499,treatment,2026-03-12,1
4500,control,2026-03-10,0
4501,control,2026-03-13,1
4502,control,2026-03-10,0
4503,control,2026-03-02,0
4504,control,2026-03-07,1
4505,treatment,2026-03-10,0
4506,control,2026-03-04,0
4507,control,2026-03-06,0
4508,treatment,2026-03-10,0
4509,treatment,2026-03-08,1
4510,treatment,2026-03-12,0
4511,treatment,2026-03-02,0
4512,treatment,2026-03-08,1
4513,treatment,2026-03-11,1
4514,treatment,2026-03-09,0
4515,control,2026-03-07,1
4516,control,2026-03-03,1
4517,control,2026-03-15,0
4518,treatment,2026-03-05,0
4519,treatment,2026-03-14,1
4520,control,2026-03-15,0
4521,control,2026-03-07,1
4522,control,2026-03-06,0
4523,control,2026-03-15,0
4524,treatment,2026-03-10,0
4525,control,2026-03-04,0
4526,treatment,2026-03-06,0
4527,control,2026-03-04,0
4528,treatment,2026-03-05,1
4529,control,2026-03-05,0
4530,treatment,2026-03-12,0
4531,treatment,2026-03-08,0
4532,treatment,2026-03-14,1
4533,treatment,2026-03-09,1
4534,treatment,2026-03-06,0
4535,control,2026-03-10,1
4536,control,2026-03-12,1
4537,control,2026-03-11,0
4538,treatment,2026-03-13,0
4539,control,2026-03-14,0
4540,treatment,2026-03-11,1
4541,control,2026-03-14,0
4542,treatment,2026-03-04,0
4543,control,2026-03-08,0
4544,control,2026-03-12,0
4545,control,2026-03-11,0
4546,control,2026-03-10,0
4547,control,2026-03-15,1
4548,control,2026-03-10,0
4549,treatment,2026-03-07,0
4550,treatment,2026-03-02,0
4551,treatment,2026-03-02,0
4552,treatment,2026-03-11,0
4553,control,2026-03-11,0
4554,control,2026-03-08,1
4555,treatment,2026-03-13,0
4556,treatment,2026-03-09,0
4557,control,2026-03-09,1
4558,treatment,2026-03-11,0
4559,control,2026-03-13,0
4560,control,2026-03-09,0
4561,treatment,2026-03-08,0
4562,treatment,2026-03-13,0
4563,control,2026-03-13,0
4564,treatment,2026-03-04,0
4565,control,2026-03-11,1
4566,treatment,2026-03-11,0
4567,treatment,2026-03-02,1
4568,control,2026-03-12,0
4569,treatment,2026-03-03,1
4570,control,2026-03-04,0
4571,control,2026-03-02,1
4572,treatment,2026-03-06,0
4573,control,2026-03-09,0
4574,treatment,2026-03-12,0
4575,control,2026-03-07,0
4576,control,2026-03-03,0
4577,treatment,2026-03-11,1
4578,control,2026-03-05,1
4579,control,2026-03-12,1
4580,control,2026-03-09,0
4581,control,2026-03-11,1
4582,treatment,2026-03-05,1
4583,treatment,2026-03-06,0
4584,treatment,2026-03-02,0
4585,control,2026-03-05,0
4586,control,2026-03-13,0
4587,treatment,2026-03-13,1
4588,treatment,2026-03-13,1
4589,control,2026-03-04,1
4590,control,2026-03-05,0
4591,control,2026-03-10,1
4592,treatment,2026-03-10,1
4593,control,2026-03-06,0
4594,control,2026-03-04,0
4595,treatment,2026-03-04,0
4596,treatment,2026-03-09,0
4597,control,2026-03-15,1
4598,control,2026-03-15,0
4599,control,2026-03-03,1
4600,treatment,2026-03-08,0
4601,control,2026-03-14,0
4602,treatment,2026-03-06,1
4603,control,2026-03-15,0
4604,control,2026-03-09,0
4605,control,2026-03-03,0
4606,treatment,2026-03-11,1
4607,treatment,2026-03-14,1
4608,treatment,2026-03-05,0
4609,control,2026-03-11,1
4610,control,2026-03-13,0
4611,control,2026-03-05,1
4612,treatment,2026-03-05,0
4613,control,2026-03-10,0
4614,control,2026-03-10,0
4615,control,2026-03-09,0
4616,treatment,2026-03-12,0
4617,treatment,2026-03-06,0
4618,control,2026-03-08,1
4619,control,2026-03-07,0
4620,control,2026-03-05,1
4621,control,2026-03-07,0
4622,control,2026-03-11,1
4623,control,2026-03-06,0
4624,treatment,2026-03-14,1
4625,treatment,2026-03-04,0
4626,control,2026-03-02,1
4627,treatment,2026-03-14,0
4628,control,2026-03-06,0
4629,treatment,2026-03-08,0
4630,control,2026-03-07,0
4631,control,2026-03-09,0
4632,treatment,2026-03-02,0
4633,control,2026-03-10,1
4634,treatment,2026-03-13,0
4635,control,2026-03-15,0
4636,control,2026-03-12,1
4637,treatment,2026-03-06,0
4638,treatment,2026-03-03,1
4639,treatment,2026-03-14,0
4640,treatment,2026-03-14,0
4641,control,2026-03-14,1
4642,treatment,2026-03-02,0
4643,control,2026-03-13,0
4644,control,2026-03-05,1
4645,treatment,2026-03-05,1
4646,control,2026-03-06,0
4647,treatment,2026-03-15,0
4648,control,2026-03-10,1
4649,treatment,2026-03-08,0
4650,treatment,2026-03-07,1
4651,treatment,2026-03-11,1
4652,treatment,2026-03-07,0
4653,control,2026-03-10,1
4654,control,2026-03-15,0
4655,treatment,2026-03-07,1
4656,treatment,2026-03-06,0
4657,treatment,2026-03-04,1
4658,control,2026-03-12,0
4659,treatment,2026-03-12,1
4660,control,2026-03-06,1
4661,treatment,2026-03-02,0
4662,control,2026-03-12,0
4663,treatment,2026-03-13,0
4664,control,2026-03-07,0
4665,control,2026-03-02,0
4666,control,2026-03-02,0
4667,treatment,2026-03-02,0
4668,treatment,2026-03-10,0
4669,treatment,2026-03-06,1
4670,control,2026-03-14,0
4671,control,2026-03-06,0
4672,control,2026-03-13,0
4673,control,2026-03-03,0
4674,treatment,2026-03-14,1
4675,control,2026-03-14,1
4676,control,2026-03-09,1
4677,treatment,2026-03-15,1
4678,control,2026-03-09,0
4679,treatment,2026-03-02,0
4680,control,2026-03-14,1
4681,treatment,2026-03-10,0
4682,control,2026-03-03,0
4683,control,2026-03-06,1
4684,treatment,2026-03-09,0
4685,treatment,2026-03-10,0
4686,control,2026-03-02,1
4687,control,2026-03-08,1
4688,control,2026-03-13,0
4689,treatment,2026-03-07,0
4690,treatment,2026-03-04,0
4691,control,2026-03-11,1
4692,control,2026-03-13,0
4693,control,2026-03-08,0
4694,control,2026-03-04,1
4695,treatment,2026-03-10,1
4696,control,2026-03-06,0
4697,treatment,2026-03-06,0
4698,control,2026-03-07,0
4699,treatment,2026-03-14,0
4700,control,2026-03-08,1
4701,treatment,2026-03-04,1
4702,treatment,2026-03-10,0
4703,control,2026-03-08,0
4704,control,2026-03-14,1
4705,treatment,2026-03-10,0
4706,treatment,2026-03-09,1
4707,control,2026-03-13,0
4708,treatment,2026-03-07,0
4709,treatment,2026-03-08,1
4710,treatment,2026-03-11,0
4711,treatment,2026-03-14,0
4712,treatment,2026-03-13,0
4713,control,2026-03-06,0
4714,control,2026-03-02,0
4715,treatment,2026-03-15,1
4716,treatment,2026-03-14,1
4717,treatment,2026-03-08,0
4718,control,2026-03-08,1
4719,treatment,2026-03-05,0
4720,treatment,2026-03-13,0
4721,treatment,2026-03-02,1
4722,treatment,2026-03-15,1
4723,treatment,2026-03-07,0
4724,treatment,2026-03-03,0
4725,control,2026-03-02,0
4726,treatment,2026-03-15,0
4727,control,2026-03-11,0
4728,control,2026-03-12,0
4729,control,2026-03-15,1
4730,treatment,2026-03-10,1
4731,treatment,2026-03-06,0
4732,treatment,2026-03-09,0
4733,control,2026-03-12,0
4734,treatment,2026-03-03,0
4735,treatment,2026-03-11,1
4736,treatment,2026-03-12,0
4737,control,2026-03-06,0
4738,control,2026-03-09,0
4739,treatment,2026-03-07,0
4740,treatment,2026-03-10,1
4741,control,2026-03-10,0
4742,control,2026-03-02,1
4743,treatment,2026-03-12,0
4744,treatment,2026-03-14,0
4745,control,2026-03-15,1
4746,treatment,2026-03-15,1
4747,treatment,2026-03-05,0
4748,treatment,2026-03-14,0
4749,control,2026-03-03,1
4750,treatment,2026-03-07,0
4751,treatment,2026-03-09,0
4752,treatment,2026-03-12,0
4753,treatment,2026-03-14,0
4754,treatment,2026-03-05,0
4755,treatment,2026-03-04,1
4756,treatment,2026-03-09,0
4757,control,2026-03-11,1
4758,control,2026-03-03,1
4759,control,2026-03-10,0
4760,treatment,2026-03-13,1
4761,treatment,2026-03-10,0
4762,treatment,2026-03-14,0
4763,treatment,2026-03-11,0
4764,control,2026-03-07,0
4765,treatment,2026-03-09,0
4766,treatment,2026-03-09,0
4767,control,2026-03-03,0
4768,control,2026-03-02,1
4769,control,2026-03-12,0
4770,treatment,2026-03-14,0
4771,treatment,2026-03-12,1
4772,treatment,2026-03-06,0
4773,control,2026-03-06,0
4774,treatment,2026-03-13,1
4775,treatment,2026-03-04,1
4776,control,2026-03-08,0
4777,control,2026-03-08,0
4778,control,2026-03-15,0
4779,treatment,2026-03-05,0
4780,treatment,2026-03-05,0
4781,control,2026-03-14,0
4782,treatment,2026-03-02,0
4783,treatment,2026-03-06,0
4784,control,2026-03-06,0
4785,treatment,2026-03-13,0
4786,control,2026-03-13,0
4787,control,2026-03-15,0
4788,treatment,2026-03-10,1
4789,control,2026-03-12,1
4790,treatment,2026-03-13,0
4791,treatment,2026-03-09,1
4792,treatment,2026-03-15,0
4793,treatment,2026-03-06,0
4794,control,2026-03-11,0
4795,control,2026-03-12,1
4796,treatment,2026-03-06,0
4797,treatment,2026-03-13,0
4798,treatment,2026-03-06,1
4799,control,2026-03-13,1
4800,treatment,2026-03-10,0
4801,control,2026-03-08,1
4802,treatment,2026-03-15,0
4803,treatment,2026-03-09,0
4804,treatment,2026-03-09,1
4805,treatment,2026-03-03,1
4806,control,2026-03-15,0
4807,control,2026-03-10,1
4808,treatment,2026-03-13,0
4809,treatment,2026-03-11,0
4810,control,2026-03-12,1
4811,treatment,2026-03-03,0
4812,treatment,2026-03-15,1
4813,treatment,2026-03-09,0
4814,treatment,2026-03-13,1
4815,control,2026-03-09,1
4816,control,2026-03-08,0
4817,control,2026-03-08,0
4818,control,2026-03-13,0
4819,treatment,2026-03-10,0
4820,treatment,2026-03-12,0
4821,treatment,2026-03-08,0
4822,treatment,2026-03-09,1
4823,treatment,2026-03-13,0
4824,treatment,2026-03-13,1
4825,treatment,2026-03-10,0
4826,control,2026-03-08,0
4827,control,2026-03-03,0
4828,treatment,2026-03-05,1
4829,treatment,2026-03-05,0
4830,control,2026-03-09,0
4831,treatment,2026-03-03,1
4832,treatment,2026-03-14,0
4833,control,2026-03-05,0
4834,control,2026-03-09,0
4835,control,2026-03-13,0
4836,control,2026-03-05,0
4837,control,2026-03-02,0
4838,control,2026-03-08,0
4839,control,2026-03-08,1
4840,treatment,2026-03-13,1
4841,treatment,2026-03-02,0
4842,control,2026-03-14,1
4843,treatment,2026-03-08,0
4844,control,2026-03-02,0
4845,treatment,2026-03-07,0
4846,control,2026-03-15,0
4847,treatment,2026-03-15,1
4848,control,2026-03-11,1
4849,treatment,2026-03-09,0
4850,control,2026-03-07,0
4851,treatment,2026-03-02,0
4852,treatment,2026-03-03,0
4853,control,2026-03-12,0
4854,treatment,2026-03-03,0
4855,treatment,2026-03-10,1
4856,control,2026-03-13,0
4857,treatment,2026-03-09,1
4858,treatment,2026-03-11,0
4859,control,2026-03-13,1
4860,control,2026-03-09,0
4861,treatment,2026-03-11,1
4862,control,2026-03-11,0
4863,treatment,2026-03-15,1
4864,control,2026-03-05,0
4865,control,2026-03-12,0
4866,treatment,2026-03-12,0
4867,control,2026-03-13,1
4868,control,2026-03-07,1
4869,treatment,2026-03-14,0
4870,treatment,2026-03-10,1
4871,control,2026-03-03,0
4872,control,2026-03-08,1
4873,control,2026-03-04,0
4874,treatment,2026-03-14,0
4875,treatment,2026-03-06,0
4876,treatment,2026-03-09,0
4877,treatment,2026-03-02,0
4878,treatment,2026-03-15,1
4879,treatment,2026-03-09,0
4880,treatment,2026-03-09,0
4881,treatment,2026-03-04,0
4882,treatment,2026-03-08,1
4883,treatment,2026-03-02,0
4884,treatment,2026-03-07,0
4885,control,2026-03-14,0
4886,control,2026-03-07,1
4887,control,2026-03-13,0
4888,control,2026-03-02,0
4889,control,2026-03-15,0
4890,control,2026-03-04,0
4891,treatment,2026-03-07,1
4892,control,2026-03-15,1
4893,treatment,2026-03-08,1
4894,control,2026-03-06,0
4895,treatment,2026-03-04,0
4896,treatment,2026-03-10,0
4897,control,2026-03-13,0
4898,treatment,2026-03-07,1
4899,control,2026-03-10,0
4900,control,2026-03-12,0
4901,control,2026-03-09,1
4902,control,2026-03-05,1
4903,treatment,2026-03-05,0
4904,control,2026-03-04,0
4905,control,2026-03-04,0
4906,treatment,2026-03-11,0
4907,control,2026-03-06,1
4908,treatment,2026-03-08,0
4909,treatment,2026-03-03,0
4910,treatment,2026-03-14,1
4911,control,2026-03-06,0
4912,control,2026-03-03,1
4913,treatment,2026-03-06,0
4914,control,2026-03-15,1
4915,control,2026-03-08,0
4916,treatment,2026-03-06,0
4917,control,2026-03-14,0
4918,control,2026-03-08,1
4919,control,2026-03-06,0
4920,treatment,2026-03-13,0
4921,control,2026-03-15,1
4922,control,2026-03-06,0
4923,control,2026-03-09,0
4924,treatment,2026-03-10,1
4925,control,2026-03-04,0
4926,control,2026-03-15,0
4927,treatment,2026-03-04,0
4928,control,2026-03-14,0
4929,control,2026-03-13,0
4930,control,2026-03-07,1
4931,control,2026-03-02,1
4932,control,2026-03-15,1
4933,treatment,2026-03-06,0
4934,treatment,2026-03-02,1
4935,control,2026-03-05,0
4936,treatment,2026-03-13,0
4937,control,2026-03-07,1
4938,treatment,2026-03-06,0
4939,treatment,2026-03-15,0
4940,treatment,2026-03-15,0
4941,treatment,2026-03-07,0
4942,treatment,2026-03-13,0
4943,control,2026-03-05,1
4944,control,2026-03-11,1
4945,treatment,2026-03-08,0
4946,control,2026-03-03,0
4947,control,2026-03-15,0
4948,control,2026-03-04,1
4949,control,2026-03-12,0
4950,treatment,2026-03-15,0
4951,treatment,2026-03-15,1
4952,control,2026-03-14,0
4953,control,2026-03-05,0
4954,treatment,2026-03-06,1
4955,treatment,2026-03-11,0
4956,control,2026-03-04,0
4957,control,2026-03-13,1
4958,treatment,2026-03-03,0
4959,treatment,2026-03-12,0
4960,control,2026-03-04,0
4961,control,2026-03-08,0
4962,control,2026-03-15,0
4963,control,2026-03-03,1
4964,treatment,2026-03-10,0
4965,treatment,2026-03-07,0
4966,treatment,2026-03-11,0
4967,control,2026-03-14,1
4968,control,2026-03-15,1
4969,treatment,2026-03-13,0
4970,control,2026-03-09,0
4971,control,2026-03-02,1
4972,control,2026-03-05,0
4973,treatment,2026-03-15,1
4974,treatment,2026-03-05,0
4975,treatment,2026-03-11,0
4976,treatment,2026-03-02,0
4977,control,2026-03-04,0
4978,treatment,2026-03-04,0
4979,treatment,2026-03-02,0
4980,treatment,2026-03-05,1
4981,control,2026-03-06,0
4982,treatment,2026-03-10,0
4983,control,2026-03-03,0
4984,control,2026-03-06,1
4985,treatment,2026-03-15,1
4986,control,2026-03-12,0
4987,treatment,2026-03-02,0
4988,control,2026-03-07,1
4989,control,2026-03-12,0
4990,treatment,2026-03-14,0
4991,treatment,2026-03-02,0
4992,treatment,2026-03-14,0
4993,control,2026-03-07,1
4994,treatment,2026-03-13,0
4995,treatment,2026-03-10,0
4996,treatment,2026-03-06,1
4997,treatment,2026-03-12,0
4998,treatment,2026-03-12,0
4999,treatment,2026-03-05,0
5000,control,2026-03-02,1
5001,control,2026-03-06,0
5002,control,2026-03-09,0
5003,control,2026-03-15,1
5004,treatment,2026-03-11,1
5005,control,2026-03-14,0
5006,control,2026-03-14,1
5007,control,2026-03-08,0
5008,control,2026-03-02,0
5009,treatment,2026-03-05,0
5010,control,2026-03-10,1
5011,control,2026-03-06,0
5012,control,2026-03-02,0
5013,control,2026-03-08,0
5014,control,2026-03-11,0
5015,control,2026-03-10,1
5016,treatment,2026-03-08,0
5017,treatment,2026-03-05,0
5018,control,2026-03-11,0
5019,treatment,2026-03-12,0
5020,treatment,2026-03-08,1
5021,control,2026-03-07,0
5022,treatment,2026-03-11,0
5023,treatment,2026-03-02,0
5024,treatment,2026-03-03,1
5025,treatment,2026-03-09,0
5026,treatment,2026-03-15,0
5027,treatment,2026-03-13,0
5028,treatment,2026-03-12,0
5029,treatment,2026-03-05,1
5030,control,2026-03-10,1
5031,treatment,2026-03-04,0
5032,control,2026-03-14,0
5033,treatment,2026-03-07,1
5034,treatment,2026-03-02,0
5035,control,2026-03-12,1
5036,treatment,2026-03-08,0
5037,treatment,2026-03-14,0
5038,treatment,2026-03-05,1
5039,treatment,2026-03-08,0
5040,control,2026-03-11,0
5041,treatment,2026-03-04,1
5042,treatment,2026-03-09,0
5043,control,2026-03-08,1
5044,treatment,2026-03-04,1
5045,control,2026-03-04,0
5046,control,2026-03-03,0
5047,treatment,2026-03-14,0
5048,treatment,2026-03-04,0
5049,treatment,2026-03-11,0
5050,treatment,2026-03-06,0
5051,treatment,2026-03-06,0
5052,control,2026-03-02,0
5053,treatment,2026-03-06,0
5054,treatment,2026-03-13,0
5055,treatment,2026-03-06,0
5056,control,2026-03-05,1
5057,treatment,2026-03-05,0
5058,control,2026-03-09,0
5059,treatment,2026-03-03,0
5060,control,2026-03-11,0
5061,treatment,2026-03-14,1
5062,control,2026-03-10,0
5063,control,2026-03-02,1
5064,treatment,2026-03-04,1
5065,control,2026-03-08,0
5066,control,2026-03-04,0
5067,control,2026-03-02,0
5068,treatment,2026-03-13,0
5069,control,2026-03-08,1
5070,control,2026-03-15,1
5071,treatment,2026-03-04,1
5072,treatment,2026-03-06,1
5073,control,2026-03-07,0
5074,control,2026-03-02,0
5075,control,2026-03-13,1
5076,control,2026-03-15,0
5077,control,2026-03-13,0
5078,control,2026-03-04,1
5079,control,2026-03-10,0
5080,treatment,2026-03-10,1
5081,control,2026-03-14,0
5082,treatment,2026-03-10,0
5083,control,2026-03-06,0
5084,treatment,2026-03-06,0
5085,treatment,2026-03-05,0
5086,control,2026-03-09,1
5087,treatment,2026-03-07,1
5088,treatment,2026-03-10,1
5089,treatment,2026-03-08,1
5090,treatment,2026-03-09,1
5091,treatment,2026-03-09,0
5092,treatment,2026-03-02,0
5093,treatment,2026-03-08,0
5094,treatment,2026-03-15,0
5095,control,2026-03-03,1
5096,control,2026-03-08,0
5097,treatment,2026-03-05,0
5098,treatment,2026-03-03,0
5099,control,2026-03-11,1
5100,treatment,2026-03-11,0
5101,control,2026-03-13,0
5102,control,2026-03-15,0
5103,control,2026-03-11,1
5104,control,2026-03-09,0
5105,treatment,2026-03-07,0
5106,treatment,2026-03-13,1
5107,treatment,2026-03-04,0
5108,treatment,2026-03-08,1
5109,control,2026-03-12,0
5110,control,2026-03-05,0
5111,control,2026-03-12,0
5112,control,2026-03-05,1
5113,control,2026-03-03,0
5114,treatment,2026-03-04,0
5115,control,2026-03-02,1
5116,control,2026-03-14,0
5117,treatment,2026-03-06,0
5118,control,2026-03-08,1
5119,control,2026-03-03,0
5120,treatment,2026-03-04,0
5121,treatment,2026-03-10,0
5122,treatment,2026-03-08,0
5123,control,2026-03-11,0
5124,control,2026-03-12,0
5125,control,2026-03-07,0
5126,treatment,2026-03-10,0
5127,control,2026-03-12,1
5128,treatment,2026-03-07,1
5129,treatment,2026-03-11,0
5130,treatment,2026-03-08,0
5131,control,2026-03-10,1
5132,control,2026-03-06,0
5133,treatment,2026-03-13,0
5134,control,2026-03-10,1
5135,treatment,2026-03-11,0
5136,control,2026-03-11,1
5137,control,2026-03-05,0
5138,treatment,2026-03-04,0
5139,control,2026-03-09,1
5140,treatment,2026-03-05,0
5141,treatment,2026-03-04,0
5142,control,2026-03-06,0
5143,treatment,2026-03-11,0
5144,control,2026-03-08,0
5145,control,2026-03-09,0
5146,treatment,2026-03-07,0
5147,control,2026-03-15,1
5148,control,2026-03-11,0
5149,treatment,2026-03-02,1
5150,control,2026-03-11,1
5151,control,2026-03-06,0
5152,treatment,2026-03-03,1
5153,treatment,2026-03-09,1
5154,control,2026-03-11,1
5155,treatment,2026-03-13,1
5156,control,2026-03-11,1
5157,control,2026-03-06,1
5158,control,2026-03-11,1
5159,treatment,2026-03-04,1
5160,treatment,2026-03-12,1
5161,treatment,2026-03-12,0
5162,control,2026-03-11,1
5163,control,2026-03-02,0
5164,control,2026-03-12,0
5165,control,2026-03-11,0
5166,control,2026-03-14,1
5167,treatment,2026-03-10,1
5168,control,2026-03-06,0
5169,control,2026-03-11,0
5170,control,2026-03-08,0
5171,control,2026-03-06,0
5172,treatment,2026-03-10,0
5173,control,2026-03-12,0
5174,treatment,2026-03-04,1
5175,control,2026-03-05,0
5176,control,2026-03-05,0
5177,treatment,2026-03-15,0
5178,control,2026-03-14,0
5179,control,2026-03-15,0
5180,treatment,2026-03-05,0
5181,treatment,2026-03-14,0
5182,control,2026-03-04,0
5183,treatment,2026-03-03,0
5184,treatment,2026-03-12,0
5185,treatment,2026-03-08,1
5186,control,2026-03-09,0
5187,treatment,2026-03-02,1
5188,treatment,2026-03-04,0
5189,control,2026-03-15,0
5190,control,2026-03-02,0
5191,treatment,2026-03-08,1
5192,control,2026-03-05,1
5193,control,2026-03-13,0
5194,control,2026-03-12,0
5195,treatment,2026-03-02,1
5196,control,2026-03-04,1
5197,treatment,2026-03-15,1
5198,control,2026-03-02,0
5199,treatment,2026-03-09,0
5200,treatment,2026-03-08,1
5201,treatment,2026-03-05,0
5202,control,2026-03-05,0
5203,control,2026-03-07,0
5204,control,2026-03-05,1
5205,treatment,2026-03-12,1
5206,control,2026-03-04,0
5207,control,2026-03-13,0
5208,control,2026-03-10,1
5209,control,2026-03-10,0
5210,treatment,2026-03-15,1
5211,control,2026-03-06,1
5212,treatment,2026-03-05,1
5213,control,2026-03-15,0
5214,control,2026-03-11,0
5215,control,2026-03-02,1
5216,treatment,2026-03-03,0
5217,control,2026-03-10,0
5218,treatment,2026-03-14,0
5219,treatment,2026-03-05,0
5220,control,2026-03-10,0
5221,treatment,2026-03-06,1
5222,treatment,2026-03-05,0
5223,treatment,2026-03-03,0
5224,treatment,2026-03-13,1
5225,treatment,2026-03-08,0
5226,control,2026-03-03,0
5227,treatment,2026-03-08,0
5228,control,2026-03-10,0
5229,treatment,2026-03-13,0
5230,control,2026-03-05,0
5231,treatment,2026-03-12,0
5232,treatment,2026-03-02,0
5233,treatment,2026-03-07,0
5234,treatment,2026-03-07,0
5235,control,2026-03-05,0
5236,treatment,2026-03-11,0
5237,treatment,2026-03-15,0
5238,control,2026-03-05,0
5239,treatment,2026-03-08,0
5240,treatment,2026-03-10,0
5241,treatment,2026-03-15,0
5242,control,2026-03-09,1
5243,treatment,2026-03-09,1
5244,treatment,2026-03-05,0
5245,treatment,2026-03-06,1
5246,treatment,2026-03-03,0
5247,treatment,2026-03-10,0
5248,control,2026-03-02,1
5249,control,2026-03-04,0
5250,treatment,2026-03-10,1
5251,control,2026-03-14,1
5252,treatment,2026-03-11,0
5253,treatment,2026-03-12,0
5254,control,2026-03-09,0
5255,control,2026-03-13,1
5256,control,2026-03-08,1
5257,control,2026-03-08,0
5258,control,2026-03-11,1
5259,control,2026-03-02,0
5260,control,2026-03-09,0
5261,treatment,2026-03-03,1
5262,control,2026-03-09,1
5263,treatment,2026-03-10,0
5264,treatment,2026-03-13,0
5265,control,2026-03-08,1
5266,control,2026-03-15,0
5267,control,2026-03-13,0
5268,treatment,2026-03-12,1
5269,treatment,2026-03-13,1
5270,control,2026-03-10,0
5271,control,2026-03-07,0
5272,treatment,2026-03-12,0
5273,treatment,2026-03-05,0
5274,control,2026-03-04,1
5275,treatment,2026-03-07,0
5276,treatment,2026-03-09,0
5277,control,2026-03-09,0
5278,treatment,2026-03-05,0
5279,control,2026-03-12,1
5280,treatment,2026-03-04,0
5281,treatment,2026-03-06,1
5282,control,2026-03-04,0
5283,control,2026-03-07,1
5284,treatment,2026-03-11,0
5285,control,2026-03-15,1
5286,control,2026-03-04,0
5287,control,2026-03-05,0
5288,control,2026-03-02,1
5289,treatment,2026-03-13,1
5290,treatment,2026-03-04,0
5291,treatment,2026-03-07,1
5292,treatment,2026-03-10,0
5293,control,2026-03-08,1
5294,treatment,2026-03-02,0
5295,control,2026-03-14,0
5296,control,2026-03-07,0
5297,control,2026-03-12,0
5298,control,2026-03-04,0
5299,treatment,2026-03-14,1
5300,treatment,2026-03-08,0
5301,treatment,2026-03-11,1
5302,control,2026-03-11,1
5303,treatment,2026-03-07,0
5304,control,2026-03-06,0
5305,treatment,2026-03-07,1
5306,control,2026-03-12,0
5307,control,2026-03-08,1
5308,control,2026-03-03,1
5309,control,2026-03-13,1
5310,treatment,2026-03-04,0
5311,control,2026-03-02,0
5312,treatment,2026-03-09,1
5313,control,2026-03-14,0
5314,control,2026-03-15,0
5315,control,2026-03-11,1
5316,control,2026-03-13,0
5317,treatment,2026-03-13,0
5318,control,2026-03-07,0
5319,treatment,2026-03-08,1
5320,treatment,2026-03-14,0
5321,control,2026-03-09,0
5322,control,2026-03-06,0
5323,treatment,2026-03-02,0
5324,treatment,2026-03-05,0
5325,control,2026-03-13,1
5326,control,2026-03-07,1
5327,control,2026-03-13,0
5328,control,2026-03-14,1
5329,control,2026-03-15,1
5330,treatment,2026-03-13,1
5331,control,2026-03-06,1
5332,treatment,2026-03-12,0
5333,control,2026-03-12,0
5334,treatment,2026-03-04,0
5335,control,2026-03-13,0
5336,treatment,2026-03-05,1
5337,control,2026-03-15,1
5338,treatment,2026-03-06,1
5339,treatment,2026-03-05,0
5340,treatment,2026-03-11,0
5341,control,2026-03-04,1
5342,control,2026-03-12,0
5343,control,2026-03-02,0
5344,control,2026-03-10,0
5345,treatment,2026-03-05,0
5346,control,2026-03-14,1
5347,control,2026-03-02,0
5348,treatment,2026-03-14,0
5349,control,2026-03-15,0
5350,control,2026-03-02,0
5351,control,2026-03-12,1
5352,control,2026-03-02,0
5353,control,2026-03-09,0
5354,treatment,2026-03-06,0
5355,control,2026-03-09,1
5356,treatment,2026-03-06,1
5357,control,2026-03-10,0
5358,control,2026-03-08,0
5359,control,2026-03-11,0
5360,control,2026-03-07,0
5361,treatment,2026-03-07,0
5362,treatment,2026-03-07,0
5363,control,2026-03-12,0
5364,control,2026-03-09,0
5365,treatment,2026-03-03,1
5366,treatment,2026-03-02,0
5367,treatment,2026-03-06,1
5368,control,2026-03-04,0
5369,treatment,2026-03-14,1
5370,treatment,2026-03-03,0
5371,control,2026-03-11,1
5372,control,2026-03-02,0
5373,control,2026-03-12,1
5374,treatment,2026-03-11,0
5375,treatment,2026-03-03,0
5376,control,2026-03-07,0
5377,control,2026-03-12,0
5378,treatment,2026-03-04,1
5379,treatment,2026-03-03,0
5380,control,2026-03-11,0
5381,treatment,2026-03-02,0
5382,control,2026-03-14,0
5383,treatment,2026-03-13,1
5384,treatment,2026-03-02,1
5385,treatment,2026-03-10,0
5386,control,2026-03-08,0
5387,control,2026-03-08,0
5388,control,2026-03-03,1
5389,control,2026-03-15,0
5390,control,2026-03-15,0
5391,treatment,2026-03-13,1
5392,control,2026-03-08,0
5393,control,2026-03-03,0
5394,treatment,2026-03-03,1
5395,control,2026-03-10,0
5396,treatment,2026-03-06,1
5397,control,2026-03-09,0
5398,treatment,2026-03-15,1
5399,treatment,2026-03-12,0
5400,control,2026-03-14,0
5401,treatment,2026-03-04,0
5402,control,2026-03-15,0
5403,control,2026-03-06,1
5404,treatment,2026-03-14,0
5405,control,2026-03-03,0
5406,control,2026-03-12,0
5407,control,2026-03-03,0
5408,control,2026-03-06,0
5409,treatment,2026-03-10,0
5410,treatment,2026-03-11,0
5411,control,2026-03-02,0
5412,treatment,2026-03-05,0
5413,treatment,2026-03-11,1
5414,treatment,2026-03-08,0
5415,control,2026-03-05,1
5416,control,2026-03-13,0
5417,control,2026-03-07,1
5418,treatment,2026-03-03,0
5419,control,2026-03-02,0
5420,treatment,2026-03-06,1
5421,treatment,2026-03-09,0
5422,treatment,2026-03-06,1
5423,control,2026-03-07,0
5424,control,2026-03-06,0
5425,treatment,2026-03-08,1
5426,control,2026-03-11,1
5427,control,2026-03-11,0
5428,treatment,2026-03-14,0
5429,control,2026-03-12,0
5430,control,2026-03-14,0
5431,treatment,2026-03-06,1
5432,control,2026-03-11,1
5433,control,2026-03-15,0
5434,treatment,2026-03-02,1
5435,control,2026-03-11,0
5436,control,2026-03-13,0
5437,control,2026-03-14,0
5438,control,2026-03-11,1
5439,treatment,2026-03-03,0
5440,control,2026-03-12,0
5441,control,2026-03-13,0
5442,control,2026-03-10,0
5443,treatment,2026-03-08,0
5444,treatment,2026-03-04,0
5445,treatment,2026-03-10,0
5446,control,2026-03-10,0
5447,control,2026-03-03,0
5448,treatment,2026-03-04,1
5449,control,2026-03-11,0
5450,treatment,2026-03-11,1
5451,control,2026-03-12,0
5452,treatment,2026-03-10,0
5453,control,2026-03-15,1
5454,treatment,2026-03-04,0
5455,control,2026-03-11,0
5456,control,2026-03-05,0
5457,treatment,2026-03-10,1
5458,control,2026-03-05,0
5459,control,2026-03-08,1
5460,control,2026-03-13,0
5461,control,2026-03-12,0
5462,treatment,2026-03-08,0
5463,treatment,2026-03-10,0
5464,treatment,2026-03-04,0
5465,control,2026-03-14,0
5466,treatment,2026-03-15,0
5467,control,2026-03-05,0
5468,control,2026-03-07,0
5469,treatment,2026-03-03,0
5470,treatment,2026-03-04,0
5471,treatment,2026-03-13,0
5472,control,2026-03-15,0
5473,control,2026-03-07,0
5474,treatment,2026-03-12,0
5475,treatment,2026-03-13,0
5476,treatment,2026-03-07,1
5477,treatment,2026-03-08,1
5478,control,2026-03-10,0
5479,control,2026-03-06,1
5480,treatment,2026-03-13,0
5481,treatment,2026-03-15,1
5482,control,2026-03-10,0
5483,treatment,2026-03-09,0
5484,control,2026-03-06,1
5485,treatment,2026-03-03,0
5486,treatment,2026-03-12,0
5487,control,2026-03-08,1
5488,control,2026-03-04,0
5489,control,2026-03-03,1
5490,treatment,2026-03-15,1
5491,control,2026-03-14,0
5492,treatment,2026-03-13,1
5493,treatment,2026-03-12,0
5494,treatment,2026-03-08,0
5495,treatment,2026-03-12,0
5496,treatment,2026-03-03,1
5497,control,2026-03-09,1
5498,control,2026-03-07,0
5499,treatment,2026-03-02,1
5500,treatment,2026-03-09,0
5501,control,2026-03-12,1
5502,control,2026-03-08,0
5503,control,2026-03-10,1
5504,control,2026-03-14,0
5505,treatment,2026-03-14,1
5506,treatment,2026-03-12,0
5507,treatment,2026-03-11,0
5508,treatment,2026-03-06,0
5509,control,2026-03-03,1
5510,control,2026-03-05,1
5511,control,2026-03-14,0
5512,treatment,2026-03-11,1
5513,treatment,2026-03-10,1
5514,treatment,2026-03-08,0
5515,treatment,2026-03-14,0
5516,treatment,2026-03-15,1
5517,treatment,2026-03-13,0
5518,treatment,2026-03-12,1
5519,treatment,2026-03-13,0
5520,control,2026-03-08,0
5521,treatment,2026-03-07,0
5522,control,2026-03-11,0
5523,treatment,2026-03-09,0
5524,treatment,2026-03-10,0
5525,treatment,2026-03-12,1
5526,control,2026-03-10,0
5527,control,2026-03-12,1
5528,control,2026-03-06,1
5529,treatment,2026-03-13,1
5530,control,2026-03-15,0
5531,treatment,2026-03-03,0
5532,control,2026-03-06,0
5533,treatment,2026-03-12,1
5534,control,2026-03-14,0
5535,treatment,2026-03-14,1
5536,treatment,2026-03-05,1
5537,control,2026-03-07,0
5538,control,2026-03-02,0
5539,treatment,2026-03-02,0
5540,control,2026-03-13,1
5541,control,2026-03-11,0
5542,control,2026-03-07,0
5543,control,2026-03-13,0
5544,treatment,2026-03-15,0
5545,control,2026-03-08,0
5546,control,2026-03-02,0
5547,control,2026-03-15,0
5548,treatment,2026-03-09,0
5549,control,2026-03-13,0
5550,treatment,2026-03-12,0
5551,treatment,2026-03-14,0
5552,treatment,2026-03-07,0
5553,control,2026-03-09,0
5554,treatment,2026-03-02,0
5555,treatment,2026-03-13,1
5556,treatment,2026-03-12,0
5557,control,2026-03-06,0
5558,control,2026-03-02,0
5559,treatment,2026-03-03,0
5560,control,2026-03-13,0
5561,treatment,2026-03-07,0
5562,control,2026-03-14,0
5563,treatment,2026-03-05,0
5564,control,2026-03-14,1
5565,control,2026-03-05,1
5566,control,2026-03-05,0
5567,control,2026-03-15,1
5568,treatment,2026-03-04,1
5569,control,2026-03-08,1
5570,treatment,2026-03-09,0
5571,control,2026-03-12,1
5572,treatment,2026-03-12,1
5573,treatment,2026-03-08,0
5574,treatment,2026-03-09,0
5575,control,2026-03-13,0
5576,control,2026-03-13,0
5577,treatment,2026-03-07,0
5578,treatment,2026-03-07,0
5579,treatment,2026-03-13,1
5580,control,2026-03-14,1
5581,control,2026-03-04,0
5582,treatment,2026-03-02,0
5583,control,2026-03-14,1
5584,control,2026-03-09,1
5585,treatment,2026-03-10,0
5586,treatment,2026-03-11,0
5587,control,2026-03-12,0
5588,treatment,2026-03-02,0
5589,treatment,2026-03-07,0
5590,control,2026-03-10,0
5591,control,2026-03-08,0
5592,treatment,2026-03-06,1
5593,control,2026-03-07,0
5594,treatment,2026-03-14,1
5595,treatment,2026-03-07,1
5596,control,2026-03-14,0
5597,control,2026-03-13,1
5598,control,2026-03-04,0
5599,control,2026-03-12,0
5600,treatment,2026-03-04,0
5601,control,2026-03-10,1
5602,treatment,2026-03-15,0
5603,control,2026-03-08,0
5604,treatment,2026-03-12,0
5605,control,2026-03-15,0
5606,control,2026-03-12,0
5607,control,2026-03-11,0
5608,control,2026-03-02,0
5609,control,2026-03-10,0
5610,treatment,2026-03-07,1
5611,treatment,2026-03-03,0
5612,treatment,2026-03-04,0
5613,treatment,2026-03-14,1
5614,control,2026-03-15,1
5615,treatment,2026-03-09,1
5616,treatment,2026-03-10,0
5617,treatment,2026-03-09,0
5618,treatment,2026-03-04,0
5619,control,2026-03-05,0
5620,treatment,2026-03-09,1
5621,control,2026-03-15,0
5622,control,2026-03-12,0
5623,control,2026-03-14,0
5624,control,2026-03-15,0
5625,treatment,2026-03-10,1
5626,treatment,2026-03-09,0
5627,treatment,2026-03-15,0
5628,treatment,2026-03-13,0
5629,control,2026-03-08,0
5630,control,2026-03-03,0
5631,treatment,2026-03-07,0
5632,treatment,2026-03-11,0
5633,control,2026-03-03,0
5634,control,2026-03-09,1
5635,treatment,2026-03-14,1
5636,control,2026-03-15,0
5637,control,2026-03-04,1
5638,treatment,2026-03-07,0
5639,control,2026-03-09,0
5640,control,2026-03-04,0
5641,control,2026-03-14,1
5642,treatment,2026-03-15,1
5643,treatment,2026-03-08,0
5644,control,2026-03-04,0
5645,control,2026-03-03,1
5646,control,2026-03-04,0
5647,control,2026-03-06,0
5648,control,2026-03-09,0
5649,treatment,2026-03-07,0
5650,control,2026-03-08,0
5651,control,2026-03-05,0
5652,treatment,2026-03-13,0
5653,control,2026-03-08,0
5654,control,2026-03-06,0
5655,control,2026-03-07,0
5656,treatment,2026-03-12,0
5657,treatment,2026-03-12,1
5658,treatment,2026-03-08,0
5659,treatment,2026-03-06,0
5660,control,2026-03-06,0
5661,control,2026-03-09,1
5662,control,2026-03-06,0
5663,control,2026-03-06,0
5664,treatment,2026-03-07,1
5665,control,2026-03-04,0
5666,control,2026-03-07,1
5667,control,2026-03-08,1
5668,control,2026-03-06,0
5669,treatment,2026-03-12,1
5670,treatment,2026-03-06,0
5671,control,2026-03-15,0
5672,treatment,2026-03-14,1
5673,treatment,2026-03-13,0
5674,control,2026-03-09,0
5675,control,2026-03-15,0
5676,treatment,2026-03-06,0
5677,treatment,2026-03-08,0
5678,control,2026-03-13,1
5679,treatment,2026-03-08,0
5680,treatment,2026-03-13,0
5681,treatment,2026-03-07,0
5682,control,2026-03-04,0
5683,control,2026-03-14,0
5684,control,2026-03-10,0
5685,treatment,2026-03-15,1
5686,control,2026-03-07,1
5687,control,2026-03-14,0
5688,treatment,2026-03-10,0
5689,control,2026-03-15,1
5690,control,2026-03-08,0
5691,control,2026-03-15,1
5692,control,2026-03-04,0
5693,control,2026-03-02,0
5694,control,2026-03-13,0
5695,control,2026-03-14,0
5696,control,2026-03-03,1
5697,control,2026-03-06,0
5698,control,2026-03-15,0
5699,control,2026-03-03,0
5700,control,2026-03-05,1
5701,control,2026-03-09,1
5702,control,2026-03-04,0
5703,treatment,2026-03-06,1
5704,control,2026-03-03,1
5705,control,2026-03-13,0
5706,control,2026-03-03,0
5707,control,2026-03-06,0
5708,treatment,2026-03-05,1
5709,treatment,2026-03-15,0
5710,control,2026-03-06,1
5711,control,2026-03-15,0
5712,treatment,2026-03-10,0
5713,control,2026-03-05,1
5714,control,2026-03-06,0
5715,treatment,2026-03-06,0
5716,control,2026-03-06,0
5717,treatment,2026-03-15,0
5718,treatment,2026-03-08,1
5719,control,2026-03-04,1
5720,treatment,2026-03-02,0
5721,control,2026-03-14,1
5722,treatment,2026-03-12,0
5723,treatment,2026-03-06,1
5724,control,2026-03-02,1
5725,control,2026-03-08,1
5726,treatment,2026-03-06,0
5727,treatment,2026-03-13,0
5728,treatment,2026-03-04,0
5729,treatment,2026-03-12,1
5730,control,2026-03-13,0
5731,treatment,2026-03-15,0
5732,treatment,2026-03-11,0
5733,treatment,2026-03-04,0
5734,control,2026-03-07,1
5735,control,2026-03-14,0
5736,control,2026-03-09,1
5737,treatment,2026-03-04,0
5738,control,2026-03-08,1
5739,control,2026-03-02,0
5740,treatment,2026-03-04,1
5741,treatment,2026-03-03,0
5742,treatment,2026-03-13,0
5743,treatment,2026-03-04,1
5744,treatment,2026-03-07,0
5745,control,2026-03-02,0
5746,control,2026-03-02,0
5747,control,2026-03-11,1
5748,control,2026-03-13,1
5749,treatment,2026-03-15,0
5750,control,2026-03-03,0
5751,control,2026-03-10,1
5752,treatment,2026-03-03,1
5753,control,2026-03-04,0
5754,control,2026-03-09,1
5755,treatment,2026-03-11,0
5756,control,2026-03-02,1
5757,control,2026-03-08,0
5758,treatment,2026-03-09,0
5759,treatment,2026-03-15,1
5760,treatment,2026-03-02,1
5761,treatment,2026-03-05,1
5762,control,2026-03-07,0
5763,treatment,2026-03-11,0
5764,treatment,2026-03-09,1
5765,treatment,2026-03-04,0
5766,treatment,2026-03-09,0
5767,control,2026-03-11,0
5768,treatment,2026-03-06,0
5769,control,2026-03-14,0
5770,treatment,2026-03-12,0
5771,control,2026-03-02,1
5772,treatment,2026-03-03,1
5773,treatment,2026-03-03,1
5774,control,2026-03-08,0
5775,treatment,2026-03-02,0
5776,control,2026-03-06,0
5777,treatment,2026-03-04,0
5778,treatment,2026-03-07,1
5779,treatment,2026-03-02,0
5780,control,2026-03-10,0
5781,control,2026-03-08,1
5782,treatment,2026-03-14,0
5783,control,2026-03-15,1
5784,treatment,2026-03-06,0
5785,treatment,2026-03-04,0
5786,control,2026-03-13,0
5787,control,2026-03-04,0
5788,control,2026-03-10,0
5789,control,2026-03-09,0
5790,control,2026-03-06,1
5791,treatment,2026-03-14,1
5792,treatment,2026-03-11,0
5793,control,2026-03-07,0
5794,treatment,2026-03-12,0
5795,control,2026-03-07,1
5796,control,2026-03-12,1
5797,treatment,2026-03-04,1
5798,treatment,2026-03-08,0
5799,control,2026-03-02,0
5800,control,2026-03-15,0
5801,control,2026-03-10,1
5802,treatment,2026-03-02,0
5803,control,2026-03-14,0
5804,control,2026-03-06,0
5805,treatment,2026-03-13,1
5806,control,2026-03-02,0
5807,treatment,2026-03-13,0
5808,control,2026-03-10,1
5809,control,2026-03-12,1
5810,treatment,2026-03-04,0
5811,treatment,2026-03-12,0
5812,treatment,2026-03-12,1
5813,control,2026-03-04,0
5814,treatment,2026-03-15,0
5815,control,2026-03-09,0
5816,control,2026-03-06,0
5817,control,2026-03-10,0
5818,treatment,2026-03-09,1
5819,treatment,2026-03-13,1
5820,control,2026-03-11,0
5821,treatment,2026-03-03,0
5822,treatment,2026-03-08,1
5823,treatment,2026-03-07,1
5824,treatment,2026-03-03,1
5825,treatment,2026-03-14,0
5826,treatment,2026-03-05,0
5827,control,2026-03-06,0
5828,control,2026-03-03,0
5829,control,2026-03-13,1
5830,control,2026-03-13,0
5831,control,2026-03-07,0
5832,control,2026-03-06,0
5833,treatment,2026-03-02,0
5834,control,2026-03-09,0
5835,control,2026-03-13,0
5836,control,2026-03-07,0
5837,control,2026-03-09,0
5838,treatment,2026-03-12,1
5839,treatment,2026-03-03,1
5840,treatment,2026-03-15,1
5841,control,2026-03-12,1
5842,control,2026-03-13,0
5843,treatment,2026-03-12,1
5844,control,2026-03-03,1
5845,control,2026-03-06,0
5846,treatment,2026-03-13,0
5847,control,2026-03-05,0
5848,control,2026-03-10,0
5849,control,2026-03-03,0
5850,treatment,2026-03-07,0
5851,control,2026-03-09,1
5852,treatment,2026-03-03,0
5853,control,2026-03-08,0
5854,control,2026-03-03,0
5855,control,2026-03-12,1
5856,treatment,2026-03-09,0
5857,treatment,2026-03-05,1
5858,treatment,2026-03-13,0
5859,treatment,2026-03-03,0
5860,treatment,2026-03-10,1
5861,treatment,2026-03-15,1
5862,control,2026-03-10,1
5863,control,2026-03-08,0
5864,control,2026-03-12,0
5865,control,2026-03-12,1
5866,control,2026-03-02,0
5867,treatment,2026-03-05,0
5868,control,2026-03-14,0
5869,treatment,2026-03-05,0
5870,treatment,2026-03-12,0
5871,control,2026-03-10,0
5872,control,2026-03-09,0
5873,control,2026-03-12,0
5874,control,2026-03-12,0
5875,treatment,2026-03-13,0
5876,treatment,2026-03-03,1
5877,control,2026-03-09,0
5878,treatment,2026-03-03,0
5879,control,2026-03-08,0
5880,control,2026-03-11,0
5881,treatment,2026-03-07,0
5882,treatment,2026-03-04,0
5883,control,2026-03-07,1
5884,control,2026-03-04,1
5885,treatment,2026-03-08,0
5886,treatment,2026-03-08,0
5887,treatment,2026-03-07,0
5888,control,2026-03-10,0
5889,treatment,2026-03-02,0
5890,control,2026-03-14,0
5891,control,2026-03-09,1
5892,treatment,2026-03-10,0
5893,treatment,2026-03-09,0
5894,control,2026-03-06,0
5895,control,2026-03-08,0
5896,control,2026-03-15,0
5897,treatment,2026-03-12,0
5898,control,2026-03-04,0
5899,treatment,2026-03-04,0
5900,treatment,2026-03-08,1
5901,control,2026-03-12,0
5902,control,2026-03-11,0
5903,control,2026-03-03,0
5904,control,2026-03-03,0
5905,control,2026-03-04,0
5906,control,2026-03-13,1
5907,treatment,2026-03-11,0
5908,treatment,2026-03-03,0
5909,control,2026-03-05,0
5910,control,2026-03-05,0
5911,control,2026-03-04,1
5912,treatment,2026-03-13,1
5913,control,2026-03-14,0
5914,treatment,2026-03-08,0
5915,treatment,2026-03-09,1
5916,treatment,2026-03-10,0
5917,control,2026-03-06,0
5918,control,2026-03-10,1
5919,treatment,2026-03-02,0
5920,treatment,2026-03-06,1
5921,control,2026-03-03,1
5922,control,2026-03-10,0
5923,control,2026-03-05,0
5924,control,2026-03-13,0
5925,control,2026-03-08,0
5926,control,2026-03-07,1
5927,treatment,2026-03-11,0
5928,treatment,2026-03-14,0
5929,control,2026-03-10,1
5930,treatment,2026-03-03,0
5931,control,2026-03-08,0
5932,control,2026-03-13,0
5933,treatment,2026-03-10,1
5934,control,2026-03-11,1
5935,control,2026-03-12,0
5936,treatment,2026-03-13,1
5937,treatment,2026-03-11,0
5938,treatment,2026-03-12,0
5939,control,2026-03-09,0
5940,treatment,2026-03-11,1
5941,treatment,2026-03-09,0
5942,treatment,2026-03-10,0
5943,control,2026-03-07,0
5944,control,2026-03-11,0
5945,control,2026-03-15,1
5946,control,2026-03-08,0
5947,control,2026-03-06,0
5948,treatment,2026-03-14,0
5949,control,2026-03-06,1
5950,control,2026-03-05,1
5951,control,2026-03-04,1
5952,treatment,2026-03-15,0
5953,treatment,2026-03-08,0
5954,treatment,2026-03-03,0
5955,control,2026-03-04,0
5956,treatment,2026-03-05,1
5957,control,2026-03-08,1
5958,control,2026-03-09,1
5959,control,2026-03-15,1
5960,treatment,2026-03-05,1
5961,treatment,2026-03-12,0
5962,treatment,2026-03-08,0
5963,control,2026-03-04,1
5964,treatment,2026-03-11,0
5965,control,2026-03-11,1
5966,control,2026-03-02,0
5967,control,2026-03-09,0
5968,control,2026-03-13,0
5969,control,2026-03-03,0
5970,treatment,2026-03-12,0
5971,control,2026-03-04,1
5972,control,2026-03-12,0
5973,control,2026-03-06,0
5974,treatment,2026-03-07,1
5975,control,2026-03-05,1
5976,control,2026-03-08,0
5977,control,2026-03-14,0
5978,control,2026-03-10,0
5979,treatment,2026-03-14,0
5980,treatment,2026-03-15,0
5981,treatment,2026-03-13,0
5982,treatment,2026-03-06,0
5983,treatment,2026-03-12,1
5984,control,2026-03-03,1
5985,control,2026-03-05,1
5986,control,2026-03-04,0
5987,control,2026-03-15,1
5988,control,2026-03-02,0
5989,treatment,2026-03-15,0
5990,control,2026-03-06,1
5991,control,2026-03-02,1
5992,treatment,2026-03-06,0
5993,treatment,2026-03-12,1
5994,treatment,2026-03-11,1
5995,control,2026-03-03,1
5996,control,2026-03-05,0
5997,treatment,2026-03-14,0
5998,control,2026-03-08,1
5999,control,2026-03-02,1
6000,control,2026-03-14,1
6001,control,2026-03-04,0
6002,treatment,2026-03-09,1
6003,control,2026-03-09,1
6004,control,2026-03-10,1
6005,treatment,2026-03-06,1
6006,treatment,2026-03-14,0
6007,control,2026-03-05,0
6008,treatment,2026-03-15,0
6009,treatment,2026-03-07,1
6010,control,2026-03-10,1
6011,control,2026-03-09,0
6012,control,2026-03-03,0
6013,control,2026-03-03,0
6014,control,2026-03-15,1
6015,treatment,2026-03-10,1
6016,control,2026-03-14,0
6017,control,2026-03-03,0
6018,treatment,2026-03-06,1
6019,control,2026-03-06,1
6020,treatment,2026-03-07,0
6021,control,2026-03-05,1
6022,control,2026-03-14,0
6023,treatment,2026-03-12,0
6024,control,2026-03-10,1
6025,treatment,2026-03-08,0
6026,control,2026-03-14,1
6027,treatment,2026-03-07,1
6028,treatment,2026-03-07,0
6029,treatment,2026-03-02,0
6030,treatment,2026-03-14,0
6031,treatment,2026-03-03,1
6032,control,2026-03-14,0
6033,treatment,2026-03-07,1
6034,treatment,2026-03-04,0
6035,control,2026-03-12,1
6036,treatment,2026-03-10,1
6037,control,2026-03-10,0
6038,control,2026-03-09,0
6039,control,2026-03-10,0
6040,treatment,2026-03-12,0
6041,control,2026-03-08,0
6042,treatment,2026-03-10,0
6043,treatment,2026-03-08,0
6044,control,2026-03-14,0
6045,treatment,2026-03-15,0
6046,treatment,2026-03-15,0
6047,control,2026-03-03,1
6048,treatment,2026-03-05,0
6049,control,2026-03-02,0
6050,control,2026-03-05,1
6051,treatment,2026-03-15,0
6052,treatment,2026-03-13,0
6053,control,2026-03-07,0
6054,treatment,2026-03-02,1
6055,control,2026-03-03,0
6056,control,2026-03-03,0
6057,control,2026-03-11,0
6058,treatment,2026-03-09,0
6059,treatment,2026-03-15,0
6060,control,2026-03-10,1
6061,treatment,2026-03-02,0
6062,control,2026-03-15,0
6063,treatment,2026-03-08,0
6064,control,2026-03-12,0
6065,treatment,2026-03-03,0
6066,treatment,2026-03-03,0
6067,control,2026-03-15,0
6068,treatment,2026-03-07,1
6069,control,2026-03-10,1
6070,treatment,2026-03-05,0
6071,treatment,2026-03-12,1
6072,treatment,2026-03-15,0
6073,treatment,2026-03-10,0
6074,control,2026-03-08,1
6075,control,2026-03-11,0
6076,treatment,2026-03-04,0
6077,control,2026-03-08,0
6078,treatment,2026-03-13,0
6079,control,2026-03-08,1
6080,control,2026-03-13,0
6081,control,2026-03-09,0
6082,treatment,2026-03-13,0
6083,treatment,2026-03-06,0
6084,treatment,2026-03-14,0
6085,control,2026-03-04,1
6086,treatment,2026-03-04,0
6087,treatment,2026-03-11,1
6088,control,2026-03-12,0
6089,control,2026-03-14,0
6090,treatment,2026-03-07,0
6091,control,2026-03-14,0
6092,treatment,2026-03-04,1
6093,control,2026-03-04,1
6094,control,2026-03-09,0
6095,treatment,2026-03-11,1
6096,control,2026-03-13,0
6097,control,2026-03-07,0
6098,control,2026-03-04,0
6099,treatment,2026-03-14,1
6100,control,2026-03-03,0
6101,control,2026-03-15,1
6102,control,2026-03-12,0
6103,control,2026-03-05,0
6104,treatment,2026-03-04,1
6105,treatment,2026-03-15,1
6106,treatment,2026-03-13,0
6107,treatment,2026-03-07,0
6108,control,2026-03-08,1
6109,control,2026-03-14,0
6110,treatment,2026-03-05,0
6111,treatment,2026-03-12,0
6112,treatment,2026-03-14,0
6113,treatment,2026-03-07,0
6114,treatment,2026-03-09,1
6115,treatment,2026-03-04,1
6116,treatment,2026-03-08,1
6117,control,2026-03-06,0
6118,control,2026-03-05,0
6119,treatment,2026-03-12,0
6120,treatment,2026-03-11,0
6121,treatment,2026-03-03,1
6122,treatment,2026-03-05,1
6123,control,2026-03-11,0
6124,treatment,2026-03-02,0
6125,treatment,2026-03-07,0
6126,treatment,2026-03-04,1
6127,treatment,2026-03-06,0
6128,treatment,2026-03-10,0
6129,control,2026-03-05,1
6130,control,2026-03-09,1
6131,control,2026-03-11,1
6132,treatment,2026-03-15,0
6133,treatment,2026-03-05,0
6134,treatment,2026-03-15,0
6135,control,2026-03-04,0
6136,treatment,2026-03-09,0
6137,treatment,2026-03-10,0
6138,treatment,2026-03-08,0
6139,treatment,2026-03-05,1
6140,treatment,2026-03-10,0
6141,control,2026-03-02,0
6142,treatment,2026-03-07,1
6143,control,2026-03-12,1
6144,control,2026-03-02,1
6145,treatment,2026-03-09,0
6146,treatment,2026-03-02,0
6147,control,2026-03-15,0
6148,treatment,2026-03-04,1
6149,control,2026-03-02,1
6150,control,2026-03-13,0
6151,control,2026-03-03,0
6152,control,2026-03-12,0
6153,treatment,2026-03-05,0
6154,treatment,2026-03-06,1
6155,treatment,2026-03-09,0
6156,treatment,2026-03-09,0
6157,control,2026-03-07,0
6158,control,2026-03-12,0
6159,treatment,2026-03-08,0
6160,treatment,2026-03-03,0
6161,control,2026-03-03,1
6162,treatment,2026-03-05,0
6163,control,2026-03-04,1
6164,control,2026-03-04,1
6165,control,2026-03-06,1
6166,treatment,2026-03-10,1
6167,treatment,2026-03-09,0
6168,treatment,2026-03-14,0
6169,control,2026-03-14,0
6170,treatment,2026-03-05,0
6171,treatment,2026-03-11,1
6172,treatment,2026-03-14,1
6173,control,2026-03-13,1
6174,treatment,2026-03-07,1
6175,treatment,2026-03-11,0
6176,treatment,2026-03-04,0
6177,treatment,2026-03-02,0
6178,treatment,2026-03-08,1
6179,control,2026-03-09,0
6180,control,2026-03-10,1
6181,control,2026-03-12,1
6182,control,2026-03-10,0
6183,control,2026-03-04,0
6184,control,2026-03-03,0
6185,treatment,2026-03-14,1
6186,control,2026-03-08,0
6187,treatment,2026-03-06,0
6188,control,2026-03-02,1
6189,treatment,2026-03-13,0
6190,treatment,2026-03-13,0
6191,control,2026-03-05,1
6192,control,2026-03-05,0
6193,treatment,2026-03-12,1
6194,control,2026-03-04,0
6195,control,2026-03-08,1
6196,treatment,2026-03-02,0
6197,control,2026-03-04,0
6198,control,2026-03-13,0
6199,control,2026-03-12,1
6200,control,2026-03-09,0
6201,treatment,2026-03-04,0
6202,control,2026-03-11,0
6203,control,2026-03-05,0
6204,control,2026-03-02,0
6205,control,2026-03-10,0
6206,treatment,2026-03-11,1
6207,control,2026-03-03,0
6208,control,2026-03-06,0
6209,treatment,2026-03-14,0
6210,control,2026-03-08,0
6211,control,2026-03-06,0
6212,control,2026-03-12,1
6213,control,2026-03-09,0
6214,control,2026-03-02,0
6215,control,2026-03-10,1
6216,treatment,2026-03-11,1
6217,control,2026-03-12,1
6218,control,2026-03-10,1
6219,treatment,2026-03-13,1
6220,treatment,2026-03-10,0
6221,treatment,2026-03-02,0
6222,control,2026-03-13,0
6223,treatment,2026-03-12,0
6224,control,2026-03-07,0
6225,treatment,2026-03-13,0
6226,treatment,2026-03-07,0
6227,treatment,2026-03-04,0
6228,treatment,2026-03-02,0
6229,treatment,2026-03-05,0
6230,control,2026-03-13,0
6231,treatment,2026-03-06,0
6232,treatment,2026-03-05,0
6233,control,2026-03-06,1
6234,control,2026-03-08,1
6235,control,2026-03-04,0
6236,treatment,2026-03-08,0
6237,treatment,2026-03-05,0
6238,control,2026-03-15,0
6239,treatment,2026-03-08,0
6240,control,2026-03-12,0
6241,control,2026-03-02,1
6242,control,2026-03-10,0
6243,treatment,2026-03-02,0
6244,control,2026-03-08,0
6245,control,2026-03-05,0
6246,treatment,2026-03-05,0
6247,treatment,2026-03-11,1
6248,control,2026-03-10,1
6249,control,2026-03-02,0
6250,treatment,2026-03-09,1
6251,treatment,2026-03-14,0
6252,treatment,2026-03-04,0
6253,treatment,2026-03-12,0
6254,control,2026-03-10,0
6255,control,2026-03-06,0
6256,control,2026-03-05,1
6257,treatment,2026-03-14,1
6258,control,2026-03-04,0
6259,control,2026-03-11,1
6260,treatment,2026-03-02,0
6261,treatment,2026-03-04,0
6262,treatment,2026-03-02,0
6263,control,2026-03-10,0
6264,treatment,2026-03-02,0
6265,treatment,2026-03-02,1
6266,treatment,2026-03-03,1
6267,treatment,2026-03-03,0
6268,treatment,2026-03-05,0
6269,control,2026-03-10,0
6270,control,2026-03-10,0
6271,treatment,2026-03-07,0
6272,treatment,2026-03-05,0
6273,control,2026-03-10,0
6274,control,2026-03-12,0
6275,control,2026-03-15,0
6276,control,2026-03-10,0
6277,control,2026-03-11,0
6278,control,2026-03-09,0
6279,control,2026-03-05,0
6280,control,2026-03-12,0
6281,treatment,2026-03-12,0
6282,treatment,2026-03-10,1
6283,treatment,2026-03-04,0
6284,control,2026-03-10,1
6285,control,2026-03-10,1
6286,treatment,2026-03-02,1
6287,control,2026-03-10,1
6288,control,2026-03-03,1
6289,treatment,2026-03-02,0
6290,treatment,2026-03-08,0
6291,treatment,2026-03-12,0
6292,control,2026-03-12,1
6293,treatment,2026-03-14,0
6294,treatment,2026-03-03,0
6295,treatment,2026-03-08,1
6296,treatment,2026-03-12,0
6297,treatment,2026-03-13,0
6298,treatment,2026-03-13,0
6299,treatment,2026-03-11,0
6300,treatment,2026-03-10,0
6301,treatment,2026-03-14,1
6302,treatment,2026-03-05,0
6303,control,2026-03-13,0
6304,control,2026-03-02,0
6305,treatment,2026-03-03,0
6306,treatment,2026-03-11,0
6307,control,2026-03-15,1
6308,control,2026-03-07,0
6309,treatment,2026-03-08,1
6310,control,2026-03-06,1
6311,treatment,2026-03-11,1
6312,treatment,2026-03-06,0
6313,control,2026-03-14,1
6314,treatment,2026-03-13,0
6315,control,2026-03-07,0
6316,control,2026-03-03,0
6317,control,2026-03-14,0
6318,treatment,2026-03-05,1
6319,control,2026-03-09,0
6320,control,2026-03-09,0
6321,control,2026-03-11,0
6322,control,2026-03-03,1
6323,control,2026-03-10,0
6324,treatment,2026-03-15,1
6325,control,2026-03-03,0
6326,treatment,2026-03-15,1
6327,treatment,2026-03-05,0
6328,treatment,2026-03-15,0
6329,control,2026-03-12,0
6330,treatment,2026-03-08,0
6331,control,2026-03-10,1
6332,treatment,2026-03-02,0
6333,treatment,2026-03-03,0
6334,control,2026-03-10,1
6335,control,2026-03-14,0
6336,treatment,2026-03-09,1
6337,treatment,2026-03-07,1
6338,treatment,2026-03-08,0
6339,treatment,2026-03-11,0
6340,treatment,2026-03-07,0
6341,treatment,2026-03-08,0
6342,control,2026-03-09,1
6343,control,2026-03-14,0
6344,treatment,2026-03-07,0
6345,treatment,2026-03-09,0
6346,treatment,2026-03-03,0
6347,control,2026-03-12,0
6348,treatment,2026-03-04,0
6349,control,2026-03-12,0
6350,control,2026-03-14,1
6351,control,2026-03-03,0
6352,treatment,2026-03-15,1
6353,control,2026-03-02,0
6354,control,2026-03-10,1
6355,treatment,2026-03-05,1
6356,control,2026-03-08,0
6357,treatment,2026-03-13,0
6358,control,2026-03-02,1
6359,treatment,2026-03-11,0
6360,treatment,2026-03-05,1
6361,treatment,2026-03-13,0
6362,treatment,2026-03-05,0
6363,control,2026-03-04,0
6364,control,2026-03-09,0
6365,control,2026-03-05,0
6366,treatment,2026-03-12,0
6367,control,2026-03-05,1
6368,treatment,2026-03-04,0
6369,control,2026-03-15,0
6370,treatment,2026-03-05,0
6371,control,2026-03-11,0
6372,treatment,2026-03-09,1
6373,control,2026-03-15,1
6374,treatment,2026-03-09,0
6375,treatment,2026-03-06,1
6376,control,2026-03-09,0
6377,treatment,2026-03-12,1
6378,control,2026-03-06,1
6379,treatment,2026-03-07,0
6380,control,2026-03-03,0
6381,treatment,2026-03-13,0
6382,treatment,2026-03-07,0
6383,treatment,2026-03-12,0
6384,treatment,2026-03-08,0
6385,treatment,2026-03-02,0
6386,control,2026-03-09,1
6387,treatment,2026-03-15,1
6388,control,2026-03-07,1
6389,treatment,2026-03-06,1
6390,treatment,2026-03-05,1
6391,control,2026-03-12,1
6392,treatment,2026-03-13,0
6393,control,2026-03-14,0
6394,control,2026-03-15,0
6395,treatment,2026-03-11,1
6396,treatment,2026-03-10,1
6397,treatment,2026-03-09,0
6398,treatment,2026-03-11,0
6399,control,2026-03-14,1
6400,control,2026-03-12,0
6401,control,2026-03-13,1
6402,control,2026-03-10,0
6403,control,2026-03-02,0
6404,treatment,2026-03-04,0
6405,treatment,2026-03-09,1
6406,control,2026-03-15,0
6407,control,2026-03-14,0
6408,control,2026-03-09,0
6409,control,2026-03-04,0
6410,control,2026-03-07,1
6411,treatment,2026-03-04,0
6412,control,2026-03-02,0
6413,treatment,2026-03-11,1
6414,control,2026-03-02,1
6415,control,2026-03-15,0
6416,treatment,2026-03-07,0
6417,control,2026-03-04,0
6418,control,2026-03-02,1
6419,treatment,2026-03-05,0
6420,control,2026-03-06,0
6421,treatment,2026-03-06,0
6422,treatment,2026-03-04,1
6423,treatment,2026-03-02,1
6424,treatment,2026-03-10,0
6425,control,2026-03-10,0
6426,treatment,2026-03-05,0
6427,treatment,2026-03-05,1
6428,treatment,2026-03-10,1
6429,treatment,2026-03-06,1
6430,control,2026-03-07,1
6431,treatment,2026-03-11,0
6432,control,2026-03-11,0
6433,treatment,2026-03-03,0
6434,treatment,2026-03-12,0
6435,control,2026-03-14,1
6436,control,2026-03-15,0
6437,control,2026-03-07,1
6438,control,2026-03-02,1
6439,control,2026-03-03,0
6440,treatment,2026-03-03,0
6441,treatment,2026-03-10,1
6442,treatment,2026-03-06,0
6443,control,2026-03-07,0
6444,treatment,2026-03-04,1
6445,treatment,2026-03-02,0
6446,control,2026-03-03,0
6447,treatment,2026-03-15,1
6448,control,2026-03-15,0
6449,control,2026-03-08,0
6450,treatment,2026-03-07,0
6451,treatment,2026-03-14,0
6452,treatment,2026-03-15,0
6453,control,2026-03-11,1
6454,treatment,2026-03-05,0
6455,control,2026-03-15,0
6456,control,2026-03-15,0
6457,treatment,2026-03-10,1
6458,control,2026-03-08,0
6459,control,2026-03-04,0
6460,treatment,2026-03-13,1
6461,treatment,2026-03-03,1
6462,treatment,2026-03-07,0
6463,control,2026-03-10,0
6464,control,2026-03-12,0
6465,control,2026-03-03,0
6466,control,2026-03-12,0
6467,treatment,2026-03-11,0
6468,treatment,2026-03-11,0
6469,control,2026-03-04,1
6470,control,2026-03-13,1
6471,treatment,2026-03-10,0
6472,treatment,2026-03-02,0
6473,control,2026-03-09,1
6474,control,2026-03-05,0
6475,control,2026-03-05,0
6476,treatment,2026-03-12,1
6477,treatment,2026-03-03,0
6478,treatment,2026-03-07,0
6479,treatment,2026-03-10,0
6480,control,2026-03-12,0
6481,control,2026-03-05,0
6482,control,2026-03-12,0
6483,treatment,2026-03-12,0
6484,treatment,2026-03-09,0
6485,treatment,2026-03-02,0
6486,control,2026-03-04,0
6487,treatment,2026-03-14,1
6488,treatment,2026-03-11,1
6489,control,2026-03-10,0
6490,treatment,2026-03-13,0
6491,treatment,2026-03-12,0
6492,control,2026-03-09,0
6493,treatment,2026-03-03,1
6494,treatment,2026-03-10,1
6495,control,2026-03-04,0
6496,treatment,2026-03-09,1
6497,treatment,2026-03-12,1
6498,control,2026-03-12,0
6499,control,2026-03-15,1
6500,control,2026-03-15,0
6501,control,2026-03-12,0
6502,treatment,2026-03-04,0
6503,treatment,2026-03-15,0
6504,treatment,2026-03-05,0
6505,treatment,2026-03-09,0
6506,treatment,2026-03-08,0
6507,treatment,2026-03-07,0
6508,control,2026-03-09,0
6509,treatment,2026-03-11,0
6510,treatment,2026-03-13,1
6511,treatment,2026-03-14,0
6512,treatment,2026-03-06,0
6513,treatment,2026-03-08,0
6514,treatment,2026-03-07,1
6515,treatment,2026-03-15,1
6516,control,2026-03-15,0
6517,treatment,2026-03-14,1
6518,control,2026-03-10,1
6519,treatment,2026-03-09,0
6520,control,2026-03-15,0
6521,control,2026-03-07,0
6522,treatment,2026-03-06,0
6523,treatment,2026-03-03,0
6524,control,2026-03-02,0
6525,control,2026-03-06,0
6526,treatment,2026-03-15,0
6527,control,2026-03-07,0
6528,treatment,2026-03-12,0
6529,treatment,2026-03-04,0
6530,treatment,2026-03-14,0
6531,control,2026-03-05,0
6532,treatment,2026-03-05,1
6533,treatment,2026-03-09,0
6534,control,2026-03-09,0
6535,control,2026-03-13,0
6536,treatment,2026-03-06,0
6537,control,2026-03-08,1
6538,treatment,2026-03-15,0
6539,control,2026-03-11,0
6540,control,2026-03-11,0
6541,treatment,2026-03-11,0
6542,control,2026-03-08,0
6543,control,2026-03-12,0
6544,treatment,2026-03-15,0
6545,treatment,2026-03-04,0
6546,treatment,2026-03-12,0
6547,control,2026-03-07,0
6548,treatment,2026-03-07,0
6549,control,2026-03-10,0
6550,treatment,2026-03-10,1
6551,treatment,2026-03-03,1
6552,treatment,2026-03-15,0
6553,treatment,2026-03-14,1
6554,control,2026-03-03,1
6555,control,2026-03-02,1
6556,control,2026-03-03,0
6557,control,2026-03-13,0
6558,control,2026-03-03,0
6559,control,2026-03-08,1
6560,control,2026-03-05,0
6561,control,2026-03-02,0
6562,control,2026-03-03,0
6563,control,2026-03-12,1
6564,control,2026-03-09,1
6565,treatment,2026-03-07,1
6566,control,2026-03-02,1
6567,treatment,2026-03-02,0
6568,control,2026-03-14,0
6569,treatment,2026-03-13,1
6570,control,2026-03-12,0
6571,treatment,2026-03-14,0
6572,treatment,2026-03-03,0
6573,treatment,2026-03-04,0
6574,control,2026-03-08,0
6575,treatment,2026-03-14,1
6576,control,2026-03-04,0
6577,control,2026-03-02,0
6578,control,2026-03-09,0
6579,treatment,2026-03-06,0
6580,control,2026-03-13,0
6581,control,2026-03-10,1
6582,treatment,2026-03-03,0
6583,treatment,2026-03-02,0
6584,control,2026-03-03,0
6585,treatment,2026-03-15,0
6586,control,2026-03-14,1
6587,control,2026-03-04,0
6588,control,2026-03-10,1
6589,treatment,2026-03-13,0
6590,control,2026-03-13,1
6591,treatment,2026-03-04,1
6592,control,2026-03-05,0
6593,control,2026-03-03,1
6594,control,2026-03-11,0
6595,control,2026-03-07,1
6596,control,2026-03-04,1
6597,treatment,2026-03-07,0
6598,treatment,2026-03-14,1
6599,treatment,2026-03-07,0
6600,control,2026-03-03,0
6601,treatment,2026-03-14,0
6602,treatment,2026-03-08,1
6603,treatment,2026-03-13,0
6604,control,2026-03-12,1
6605,treatment,2026-03-10,0
6606,control,2026-03-07,1
6607,treatment,2026-03-06,0
6608,treatment,2026-03-06,0
6609,control,2026-03-09,0
6610,treatment,2026-03-06,0
6611,control,2026-03-06,0
6612,treatment,2026-03-07,0
6613,treatment,2026-03-08,0
6614,control,2026-03-04,1
6615,control,2026-03-05,0
6616,treatment,2026-03-15,0
6617,control,2026-03-04,0
6618,control,2026-03-13,1
6619,control,2026-03-14,0
6620,treatment,2026-03-14,0
6621,treatment,2026-03-02,0
6622,treatment,2026-03-02,0
6623,control,2026-03-03,0
6624,control,2026-03-06,1
6625,treatment,2026-03-14,1
6626,treatment,2026-03-02,0
6627,control,2026-03-08,1
6628,treatment,2026-03-07,1
6629,treatment,2026-03-07,0
6630,control,2026-03-02,0
6631,control,2026-03-05,0
6632,control,2026-03-06,0
6633,treatment,2026-03-09,0
6634,treatment,2026-03-05,0
6635,treatment,2026-03-04,1
6636,treatment,2026-03-12,0
6637,control,2026-03-12,0
6638,control,2026-03-15,1
6639,control,2026-03-08,0
6640,control,2026-03-14,0
6641,control,2026-03-08,0
6642,control,2026-03-15,0
6643,control,2026-03-04,0
6644,control,2026-03-04,0
6645,control,2026-03-04,0
6646,treatment,2026-03-03,1
6647,treatment,2026-03-13,1
6648,treatment,2026-03-13,0
6649,control,2026-03-13,0
6650,control,2026-03-12,0
6651,treatment,2026-03-07,0
6652,treatment,2026-03-05,0
6653,treatment,2026-03-11,0
6654,treatment,2026-03-07,0
6655,treatment,2026-03-06,0
6656,treatment,2026-03-14,0
6657,treatment,2026-03-14,1
6658,treatment,2026-03-02,0
6659,control,2026-03-08,0
6660,control,2026-03-04,0
6661,control,2026-03-02,1
6662,treatment,2026-03-13,0
6663,control,2026-03-11,1
6664,treatment,2026-03-02,0
6665,control,2026-03-08,1
6666,treatment,2026-03-03,1
6667,control,2026-03-13,0
6668,control,2026-03-09,0
6669,control,2026-03-09,1
6670,control,2026-03-09,0
6671,control,2026-03-07,0
6672,treatment,2026-03-02,1
6673,control,2026-03-15,1
6674,treatment,2026-03-14,1
6675,control,2026-03-11,1
6676,control,2026-03-10,1
6677,treatment,2026-03-05,0
6678,treatment,2026-03-03,1
6679,control,2026-03-13,0
6680,treatment,2026-03-14,0
6681,treatment,2026-03-02,0
6682,treatment,2026-03-09,0
6683,control,2026-03-05,0
6684,control,2026-03-02,0
6685,treatment,2026-03-14,0
6686,treatment,2026-03-15,0
6687,control,2026-03-04,0
6688,treatment,2026-03-11,0
6689,treatment,2026-03-09,0
6690,treatment,2026-03-15,1
6691,control,2026-03-02,0
6692,control,2026-03-06,1
6693,treatment,2026-03-10,0
6694,control,2026-03-10,0
6695,treatment,2026-03-03,0
6696,treatment,2026-03-08,0
6697,control,2026-03-04,0
6698,treatment,2026-03-04,0
6699,treatment,2026-03-15,0
6700,treatment,2026-03-07,0
6701,control,2026-03-06,0
6702,control,2026-03-06,0
6703,control,2026-03-15,0
6704,treatment,2026-03-02,0
6705,control,2026-03-09,1
6706,control,2026-03-14,1
6707,control,2026-03-07,1
6708,treatment,2026-03-13,0
6709,control,2026-03-10,1
6710,control,2026-03-14,1
6711,treatment,2026-03-13,1
6712,treatment,2026-03-08,1
6713,treatment,2026-03-03,0
6714,treatment,2026-03-04,1
6715,control,2026-03-03,0
6716,control,2026-03-11,1
6717,control,2026-03-06,0
6718,control,2026-03-02,0
6719,control,2026-03-15,1
6720,control,2026-03-08,0
6721,treatment,2026-03-15,1
6722,treatment,2026-03-03,0
6723,control,2026-03-13,0
6724,treatment,2026-03-13,0
6725,treatment,2026-03-11,0
6726,control,2026-03-05,0
6727,treatment,2026-03-07,0
6728,treatment,2026-03-08,0
6729,treatment,2026-03-13,0
6730,control,2026-03-06,0
6731,treatment,2026-03-08,0
6732,treatment,2026-03-06,1
6733,control,2026-03-07,0
6734,control,2026-03-06,1
6735,control,2026-03-14,0
6736,treatment,2026-03-14,0
6737,treatment,2026-03-05,1
6738,treatment,2026-03-15,0
6739,treatment,2026-03-11,0
6740,treatment,2026-03-06,1
6741,treatment,2026-03-10,0
6742,control,2026-03-07,1
6743,control,2026-03-04,0
6744,control,2026-03-13,0
6745,control,2026-03-09,1
6746,control,2026-03-03,1
6747,control,2026-03-02,1
6748,control,2026-03-02,0
6749,treatment,2026-03-08,0
6750,treatment,2026-03-03,0
6751,control,2026-03-09,1
6752,control,2026-03-11,0
6753,control,2026-03-13,1
6754,treatment,2026-03-03,1
6755,treatment,2026-03-03,1
6756,control,2026-03-06,1
6757,treatment,2026-03-09,0
6758,control,2026-03-04,0
6759,treatment,2026-03-11,0
6760,control,2026-03-02,0
6761,control,2026-03-05,0
6762,treatment,2026-03-05,0
6763,control,2026-03-10,0
6764,treatment,2026-03-02,0
6765,control,2026-03-15,0
6766,control,2026-03-03,1
6767,control,2026-03-04,0
6768,treatment,2026-03-08,1
6769,treatment,2026-03-03,0
6770,control,2026-03-11,0
6771,control,2026-03-12,0
6772,control,2026-03-02,1
6773,treatment,2026-03-07,0
6774,treatment,2026-03-06,0
6775,control,2026-03-03,1
6776,treatment,2026-03-13,1
6777,control,2026-03-12,1
6778,treatment,2026-03-12,0
6779,control,2026-03-03,0
6780,treatment,2026-03-02,1
6781,treatment,2026-03-06,1
6782,control,2026-03-05,0
6783,control,2026-03-11,0
6784,control,2026-03-15,0
6785,control,2026-03-09,0
6786,control,2026-03-05,1
6787,treatment,2026-03-08,0
6788,treatment,2026-03-02,0
6789,treatment,2026-03-08,0
6790,control,2026-03-13,0
6791,treatment,2026-03-12,1
6792,control,2026-03-10,1
6793,treatment,2026-03-08,1
6794,control,2026-03-12,0
6795,control,2026-03-08,1
6796,control,2026-03-15,0
6797,control,2026-03-07,0
6798,control,2026-03-05,1
6799,control,2026-03-04,0
6800,treatment,2026-03-14,0
6801,control,2026-03-14,1
6802,control,2026-03-15,0
6803,control,2026-03-06,1
6804,treatment,2026-03-07,1
6805,control,2026-03-09,0
6806,control,2026-03-11,0
6807,control,2026-03-08,1
6808,treatment,2026-03-09,0
6809,treatment,2026-03-02,0
6810,treatment,2026-03-05,0
6811,control,2026-03-11,0
6812,treatment,2026-03-15,0
6813,treatment,2026-03-04,0
6814,control,2026-03-11,0
6815,control,2026-03-14,0
6816,treatment,2026-03-11,0
6817,treatment,2026-03-05,0
6818,treatment,2026-03-11,1
6819,treatment,2026-03-03,0
6820,control,2026-03-12,0
6821,control,2026-03-14,0
6822,control,2026-03-08,0
6823,control,2026-03-04,0
6824,treatment,2026-03-09,1
6825,control,2026-03-10,0
6826,treatment,2026-03-02,1
6827,control,2026-03-07,0
6828,control,2026-03-04,1
6829,control,2026-03-12,0
6830,control,2026-03-09,0
6831,treatment,2026-03-11,0
6832,control,2026-03-05,0
6833,treatment,2026-03-10,1
6834,treatment,2026-03-13,0
6835,treatment,2026-03-11,1
6836,control,2026-03-14,0
6837,control,2026-03-02,1
6838,control,2026-03-07,0
6839,control,2026-03-11,0
6840,control,2026-03-15,0
6841,treatment,2026-03-10,0
6842,treatment,2026-03-12,0
6843,control,2026-03-07,0
6844,control,2026-03-15,0
6845,control,2026-03-04,0
6846,control,2026-03-11,1
6847,control,2026-03-09,0
6848,treatment,2026-03-07,1
6849,control,2026-03-10,0
6850,treatment,2026-03-02,0
6851,control,2026-03-10,1
6852,control,2026-03-02,0
6853,control,2026-03-04,0
6854,control,2026-03-14,1
6855,control,2026-03-15,1
6856,control,2026-03-11,1
6857,treatment,2026-03-10,1
6858,treatment,2026-03-13,0
6859,control,2026-03-14,0
6860,treatment,2026-03-15,0
6861,control,2026-03-13,0
6862,control,2026-03-04,1
6863,treatment,2026-03-08,0
6864,control,2026-03-07,1
6865,control,2026-03-13,1
6866,control,2026-03-07,1
6867,treatment,2026-03-06,0
6868,control,2026-03-11,1
6869,control,2026-03-02,1
6870,control,2026-03-14,1
6871,treatment,2026-03-05,1
6872,treatment,2026-03-05,1
6873,treatment,2026-03-15,0
6874,control,2026-03-14,0
6875,control,2026-03-06,1
6876,treatment,2026-03-08,0
6877,control,2026-03-06,0
6878,control,2026-03-09,0
6879,treatment,2026-03-09,0
6880,control,2026-03-13,1
6881,control,2026-03-03,0
6882,treatment,2026-03-09,0
6883,treatment,2026-03-13,0
6884,treatment,2026-03-11,0
6885,control,2026-03-03,1
6886,control,2026-03-06,0
6887,control,2026-03-11,0
6888,control,2026-03-10,0
6889,treatment,2026-03-08,0
6890,control,2026-03-08,1
6891,treatment,2026-03-06,1
6892,control,2026-03-07,0
6893,control,2026-03-14,1
6894,control,2026-03-14,0
6895,control,2026-03-07,0
6896,treatment,2026-03-08,0
6897,treatment,2026-03-15,0
6898,control,2026-03-06,0
6899,treatment,2026-03-10,0
6900,treatment,2026-03-11,0
6901,control,2026-03-06,1
6902,control,2026-03-03,0
6903,control,2026-03-07,1
6904,treatment,2026-03-07,0
6905,control,2026-03-08,0
6906,treatment,2026-03-03,1
6907,treatment,2026-03-14,1
6908,control,2026-03-10,0
6909,control,2026-03-08,0
6910,treatment,2026-03-07,1
6911,treatment,2026-03-07,0
6912,control,2026-03-06,0
6913,treatment,2026-03-07,0
6914,control,2026-03-09,0
6915,treatment,2026-03-07,1
6916,control,2026-03-13,0
6917,control,2026-03-08,1
6918,control,2026-03-12,0
6919,control,2026-03-12,0
6920,control,2026-03-06,0
6921,treatment,2026-03-07,1
6922,treatment,2026-03-06,0
6923,control,2026-03-11,0
6924,treatment,2026-03-08,0
6925,treatment,2026-03-09,1
6926,control,2026-03-07,0
6927,control,2026-03-14,0
6928,control,2026-03-13,0
6929,treatment,2026-03-11,1
6930,control,2026-03-10,0
6931,control,2026-03-15,0
6932,treatment,2026-03-15,1
6933,control,2026-03-03,1
6934,control,2026-03-08,0
6935,treatment,2026-03-06,0
6936,treatment,2026-03-12,1
6937,control,2026-03-12,1
6938,control,2026-03-04,0
6939,treatment,2026-03-05,0
6940,control,2026-03-06,1
6941,control,2026-03-10,1
6942,treatment,2026-03-03,1
6943,control,2026-03-12,1
6944,treatment,2026-03-09,1
6945,treatment,2026-03-14,0
6946,control,2026-03-11,1
6947,treatment,2026-03-10,0
6948,treatment,2026-03-13,0
6949,control,2026-03-03,0
6950,treatment,2026-03-03,0
6951,control,2026-03-09,0
6952,treatment,2026-03-04,0
6953,control,2026-03-02,0
6954,control,2026-03-10,0
6955,treatment,2026-03-05,0
6956,control,2026-03-12,0
6957,treatment,2026-03-14,0
6958,control,2026-03-14,0
6959,treatment,2026-03-06,0
6960,control,2026-03-07,1
6961,control,2026-03-13,0
6962,treatment,2026-03-14,0
6963,treatment,2026-03-03,0
6964,treatment,2026-03-08,0
6965,treatment,2026-03-12,1
6966,treatment,2026-03-11,0
6967,treatment,2026-03-11,1
6968,treatment,2026-03-05,0
6969,control,2026-03-08,0
6970,control,2026-03-11,0
6971,control,2026-03-14,0
6972,treatment,2026-03-07,1
6973,treatment,2026-03-05,0
6974,control,2026-03-05,0
6975,treatment,2026-03-10,1
6976,control,2026-03-12,0
6977,control,2026-03-14,0
6978,control,2026-03-05,0
6979,treatment,2026-03-03,1
6980,control,2026-03-10,1
6981,control,2026-03-06,0
6982,control,2026-03-04,1
6983,control,2026-03-03,0
6984,treatment,2026-03-05,0
6985,treatment,2026-03-08,0
6986,treatment,2026-03-10,1
6987,treatment,2026-03-06,1
6988,treatment,2026-03-09,0
6989,control,2026-03-05,1
6990,control,2026-03-14,0
6991,control,2026-03-15,1
6992,control,2026-03-11,0
6993,treatment,2026-03-07,1
6994,control,2026-03-15,1
6995,control,2026-03-09,1
6996,treatment,2026-03-10,1
6997,treatment,2026-03-09,1
6998,treatment,2026-03-02,0
6999,control,2026-03-07,0
7000,control,2026-03-14,1
7001,control,2026-03-11,0
7002,control,2026-03-08,0
7003,treatment,2026-03-06,0
7004,control,2026-03-12,1
7005,control,2026-03-02,0
7006,treatment,2026-03-05,0
7007,control,2026-03-04,1
7008,treatment,2026-03-08,0
7009,control,2026-03-05,1
7010,control,2026-03-08,0
7011,control,2026-03-05,1
7012,treatment,2026-03-11,1
7013,control,2026-03-04,0
7014,treatment,2026-03-06,0
7015,treatment,2026-03-14,1
7016,treatment,2026-03-07,0
7017,control,2026-03-02,0
7018,control,2026-03-14,1
7019,treatment,2026-03-09,0
7020,treatment,2026-03-12,1
7021,treatment,2026-03-13,1
7022,treatment,2026-03-06,1
7023,control,2026-03-06,0
7024,treatment,2026-03-10,0
7025,control,2026-03-02,0
7026,control,2026-03-13,1
7027,control,2026-03-03,1
7028,control,2026-03-12,0
7029,treatment,2026-03-13,1
7030,treatment,2026-03-09,0
7031,control,2026-03-05,0
7032,control,2026-03-04,0
7033,control,2026-03-07,0
7034,control,2026-03-08,0
7035,treatment,2026-03-11,0
7036,treatment,2026-03-05,0
7037,control,2026-03-07,0
7038,control,2026-03-05,0
7039,treatment,2026-03-02,0
7040,treatment,2026-03-08,0
7041,treatment,2026-03-04,0
7042,control,2026-03-09,1
7043,control,2026-03-13,0
7044,control,2026-03-11,1
7045,control,2026-03-06,0
7046,treatment,2026-03-09,0
7047,control,2026-03-08,0
7048,control,2026-03-04,0
7049,control,2026-03-11,1
7050,control,2026-03-14,0
7051,control,2026-03-06,1
7052,control,2026-03-11,0
7053,control,2026-03-14,1
7054,treatment,2026-03-06,0
7055,control,2026-03-15,0
7056,control,2026-03-09,0
7057,treatment,2026-03-08,0
7058,control,2026-03-08,0
7059,treatment,2026-03-13,0
7060,control,2026-03-05,1
7061,control,2026-03-02,1
7062,treatment,2026-03-11,0
7063,treatment,2026-03-07,0
7064,control,2026-03-08,1
7065,control,2026-03-07,0
7066,control,2026-03-14,1
7067,control,2026-03-10,1
7068,control,2026-03-04,1
7069,treatment,2026-03-12,1
7070,treatment,2026-03-02,0
7071,control,2026-03-06,1
7072,control,2026-03-13,1
7073,treatment,2026-03-15,0
7074,treatment,2026-03-04,1
7075,treatment,2026-03-02,0
7076,control,2026-03-08,1
7077,treatment,2026-03-02,0
7078,control,2026-03-12,0
7079,control,2026-03-14,1
7080,control,2026-03-03,0
7081,control,2026-03-06,1
7082,treatment,2026-03-10,0
7083,control,2026-03-04,0
7084,treatment,2026-03-02,0
7085,treatment,2026-03-15,1
7086,control,2026-03-11,0
7087,control,2026-03-09,1
7088,control,2026-03-14,0
7089,control,2026-03-12,0
7090,treatment,2026-03-11,0
7091,treatment,2026-03-13,0
7092,control,2026-03-07,0
7093,control,2026-03-06,0
7094,control,2026-03-13,0
7095,treatment,2026-03-04,1
7096,treatment,2026-03-06,1
7097,control,2026-03-14,0
7098,treatment,2026-03-05,1
7099,treatment,2026-03-03,0
7100,control,2026-03-06,1
7101,treatment,2026-03-13,0
7102,control,2026-03-07,0
7103,control,2026-03-12,1
7104,treatment,2026-03-07,0
7105,treatment,2026-03-15,0
7106,treatment,2026-03-02,1
7107,control,2026-03-08,0
7108,treatment,2026-03-02,0
7109,treatment,2026-03-04,0
7110,control,2026-03-06,0
7111,treatment,2026-03-15,0
7112,control,2026-03-07,0
7113,treatment,2026-03-07,0
7114,control,2026-03-08,1
7115,control,2026-03-08,1
7116,treatment,2026-03-03,1
7117,treatment,2026-03-09,0
7118,control,2026-03-11,0
7119,control,2026-03-13,0
7120,control,2026-03-09,0
7121,control,2026-03-11,0
7122,control,2026-03-14,0
7123,treatment,2026-03-11,0
7124,control,2026-03-04,0
7125,control,2026-03-12,0
7126,control,2026-03-05,1
7127,treatment,2026-03-05,1
7128,control,2026-03-03,1
7129,control,2026-03-11,0
7130,treatment,2026-03-11,0
7131,control,2026-03-10,0
7132,control,2026-03-08,0
7133,treatment,2026-03-13,0
7134,control,2026-03-05,0
7135,treatment,2026-03-15,1
7136,control,2026-03-07,0
7137,treatment,2026-03-14,1
7138,control,2026-03-15,0
7139,control,2026-03-07,0
7140,control,2026-03-15,1
7141,control,2026-03-08,1
7142,control,2026-03-07,0
7143,control,2026-03-07,0
7144,treatment,2026-03-02,0
7145,control,2026-03-13,0
7146,treatment,2026-03-03,0
7147,treatment,2026-03-02,0
7148,control,2026-03-03,0
7149,treatment,2026-03-09,1
7150,control,2026-03-03,1
7151,control,2026-03-11,1
7152,treatment,2026-03-02,0
7153,control,2026-03-09,1
7154,treatment,2026-03-04,0
7155,control,2026-03-10,0
7156,control,2026-03-12,1
7157,treatment,2026-03-09,1
7158,control,2026-03-06,0
7159,treatment,2026-03-10,0
7160,control,2026-03-06,0
7161,control,2026-03-06,1
7162,treatment,2026-03-02,0
7163,control,2026-03-03,0
7164,control,2026-03-03,0
7165,treatment,2026-03-07,1
7166,control,2026-03-11,0
7167,treatment,2026-03-11,1
7168,treatment,2026-03-09,1
7169,control,2026-03-05,0
7170,treatment,2026-03-02,0
7171,control,2026-03-08,0
7172,control,2026-03-03,0
7173,treatment,2026-03-03,0
7174,treatment,2026-03-06,1
7175,control,2026-03-10,1
7176,control,2026-03-12,1
7177,treatment,2026-03-13,0
7178,control,2026-03-02,1
7179,control,2026-03-14,1
7180,treatment,2026-03-04,1
7181,control,2026-03-03,1
7182,treatment,2026-03-13,0
7183,control,2026-03-04,0
7184,control,2026-03-12,1
7185,control,2026-03-10,0
7186,treatment,2026-03-09,0
7187,treatment,2026-03-06,0
7188,treatment,2026-03-12,0
7189,treatment,2026-03-06,1
7190,control,2026-03-09,0
7191,treatment,2026-03-11,1
7192,control,2026-03-09,0
7193,control,2026-03-03,0
7194,treatment,2026-03-12,1
7195,treatment,2026-03-05,0
7196,control,2026-03-09,0
7197,treatment,2026-03-04,0
7198,control,2026-03-06,0
7199,treatment,2026-03-08,0
7200,treatment,2026-03-10,1
7201,treatment,2026-03-09,0
7202,control,2026-03-07,1
7203,control,2026-03-15,0
7204,control,2026-03-13,0
7205,control,2026-03-07,0
7206,control,2026-03-06,0
7207,treatment,2026-03-04,0
7208,treatment,2026-03-08,0
7209,treatment,2026-03-05,0
7210,treatment,2026-03-10,0
7211,treatment,2026-03-03,0
7212,treatment,2026-03-15,1
7213,control,2026-03-04,0
7214,treatment,2026-03-06,1
7215,treatment,2026-03-11,0
7216,control,2026-03-11,0
7217,control,2026-03-03,0
7218,treatment,2026-03-07,1
7219,control,2026-03-07,0
7220,treatment,2026-03-07,1
7221,control,2026-03-15,0
7222,treatment,2026-03-02,0
7223,treatment,2026-03-11,0
7224,control,2026-03-14,0
7225,treatment,2026-03-02,0
7226,treatment,2026-03-11,0
7227,treatment,2026-03-14,0
7228,treatment,2026-03-11,1
7229,control,2026-03-07,0
7230,treatment,2026-03-14,0
7231,treatment,2026-03-07,1
7232,treatment,2026-03-03,1
7233,control,2026-03-05,1
7234,control,2026-03-09,1
7235,control,2026-03-13,1
7236,control,2026-03-05,1
7237,control,2026-03-10,1
7238,control,2026-03-07,0
7239,treatment,2026-03-09,1
7240,control,2026-03-12,1
7241,treatment,2026-03-15,1
7242,control,2026-03-11,0
7243,control,2026-03-05,1
7244,treatment,2026-03-13,1
7245,control,2026-03-04,1
7246,control,2026-03-13,0
7247,treatment,2026-03-14,0
7248,control,2026-03-02,0
7249,control,2026-03-12,0
7250,control,2026-03-02,0
7251,control,2026-03-07,0
7252,control,2026-03-03,0
7253,treatment,2026-03-11,0
7254,control,2026-03-07,0
7255,control,2026-03-13,0
7256,treatment,2026-03-04,1
7257,treatment,2026-03-03,1
7258,treatment,2026-03-13,0
7259,control,2026-03-02,0
7260,treatment,2026-03-02,0
7261,control,2026-03-07,0
7262,control,2026-03-09,1
7263,control,2026-03-03,0
7264,treatment,2026-03-04,0
7265,treatment,2026-03-06,0
7266,control,2026-03-08,0
7267,control,2026-03-09,1
7268,control,2026-03-15,0
7269,control,2026-03-10,1
7270,control,2026-03-04,1
7271,control,2026-03-02,0
7272,control,2026-03-10,0
7273,treatment,2026-03-14,1
7274,treatment,2026-03-11,1
7275,control,2026-03-15,0
7276,control,2026-03-09,0
7277,control,2026-03-14,1
7278,treatment,2026-03-08,1
7279,treatment,2026-03-10,0
7280,control,2026-03-02,0
7281,control,2026-03-14,0
7282,control,2026-03-06,1
7283,control,2026-03-09,1
7284,treatment,2026-03-06,0
7285,control,2026-03-14,1
7286,treatment,2026-03-03,0
7287,treatment,2026-03-02,0
7288,control,2026-03-03,1
7289,treatment,2026-03-09,1
7290,control,2026-03-11,0
7291,control,2026-03-04,0
7292,treatment,2026-03-08,0
7293,control,2026-03-10,1
7294,treatment,2026-03-11,0
7295,control,2026-03-05,1
7296,control,2026-03-03,0
7297,control,2026-03-03,1
7298,treatment,2026-03-07,1
7299,control,2026-03-07,0
7300,control,2026-03-14,0
7301,control,2026-03-11,0
7302,treatment,2026-03-09,0
7303,treatment,2026-03-07,0
7304,treatment,2026-03-05,0
7305,control,2026-03-15,0
7306,treatment,2026-03-11,0
7307,control,2026-03-04,0
7308,treatment,2026-03-14,1
7309,control,2026-03-02,0
7310,control,2026-03-06,1
7311,control,2026-03-05,0
7312,control,2026-03-07,1
7313,treatment,2026-03-09,1
7314,control,2026-03-10,0
7315,control,2026-03-13,0
7316,control,2026-03-09,0
7317,treatment,2026-03-12,0
7318,control,2026-03-14,0
7319,control,2026-03-09,1
7320,control,2026-03-05,0
7321,treatment,2026-03-15,1
7322,control,2026-03-14,0
7323,control,2026-03-13,0
7324,treatment,2026-03-15,1
7325,control,2026-03-06,0
7326,treatment,2026-03-06,0
7327,treatment,2026-03-02,0
7328,treatment,2026-03-06,0
7329,control,2026-03-06,0
7330,control,2026-03-15,1
7331,control,2026-03-05,1
7332,treatment,2026-03-02,0
7333,control,2026-03-06,1
7334,treatment,2026-03-14,1
7335,control,2026-03-12,0
7336,treatment,2026-03-14,0
7337,treatment,2026-03-03,0
7338,treatment,2026-03-08,0
7339,treatment,2026-03-03,0
7340,treatment,2026-03-09,1
7341,control,2026-03-07,0
7342,control,2026-03-14,0
7343,treatment,2026-03-04,1
7344,treatment,2026-03-04,1
7345,control,2026-03-11,1
7346,treatment,2026-03-05,0
7347,treatment,2026-03-09,1
7348,treatment,2026-03-06,0
7349,treatment,2026-03-06,1
7350,treatment,2026-03-10,0
7351,treatment,2026-03-09,0
7352,control,2026-03-08,1
7353,control,2026-03-15,0
7354,control,2026-03-12,0
7355,control,2026-03-10,0
7356,control,2026-03-15,1
7357,control,2026-03-04,0
7358,control,2026-03-02,0
7359,treatment,2026-03-05,0
7360,treatment,2026-03-02,0
7361,control,2026-03-02,0
7362,treatment,2026-03-11,1
7363,treatment,2026-03-06,0
7364,treatment,2026-03-02,0
7365,treatment,2026-03-13,1
7366,treatment,2026-03-10,1
7367,treatment,2026-03-07,0
7368,treatment,2026-03-10,0
7369,treatment,2026-03-04,1
7370,treatment,2026-03-02,0
7371,control,2026-03-07,0
7372,treatment,2026-03-04,0
7373,treatment,2026-03-06,1
7374,treatment,2026-03-12,0
7375,control,2026-03-13,0
7376,treatment,2026-03-07,0
7377,control,2026-03-03,0
7378,treatment,2026-03-15,0
7379,control,2026-03-11,0
7380,treatment,2026-03-05,0
7381,control,2026-03-11,1
7382,treatment,2026-03-10,1
7383,treatment,2026-03-11,1
7384,treatment,2026-03-02,0
7385,treatment,2026-03-14,0
7386,treatment,2026-03-05,1
7387,control,2026-03-03,1
7388,control,2026-03-15,0
7389,control,2026-03-12,1
7390,treatment,2026-03-15,1
7391,control,2026-03-15,1
7392,control,2026-03-07,0
7393,control,2026-03-11,0
7394,treatment,2026-03-11,0
7395,treatment,2026-03-05,0
7396,control,2026-03-07,0
7397,control,2026-03-02,0
7398,control,2026-03-09,0
7399,treatment,2026-03-14,1
7400,treatment,2026-03-15,1
7401,control,2026-03-05,0
7402,treatment,2026-03-15,0
7403,control,2026-03-14,1
7404,treatment,2026-03-02,0
7405,treatment,2026-03-06,0
7406,control,2026-03-14,1
7407,control,2026-03-09,0
7408,control,2026-03-03,0
7409,control,2026-03-10,1
7410,treatment,2026-03-13,1
7411,control,2026-03-09,0
7412,treatment,2026-03-10,0
7413,control,2026-03-15,0
7414,treatment,2026-03-07,1
7415,control,2026-03-05,0
7416,control,2026-03-04,0
7417,control,2026-03-02,0
7418,control,2026-03-07,0
7419,control,2026-03-02,1
7420,control,2026-03-08,0
7421,control,2026-03-04,0
7422,treatment,2026-03-08,0
7423,treatment,2026-03-15,1
7424,treatment,2026-03-13,0
7425,treatment,2026-03-15,0
7426,control,2026-03-10,1
7427,control,2026-03-12,0
7428,control,2026-03-03,0
7429,control,2026-03-03,0
7430,treatment,2026-03-06,1
7431,treatment,2026-03-05,0
7432,control,2026-03-05,0
7433,treatment,2026-03-15,1
7434,treatment,2026-03-08,0
7435,treatment,2026-03-14,0
7436,control,2026-03-15,0
7437,control,2026-03-10,1
7438,control,2026-03-11,0
7439,control,2026-03-13,1
7440,treatment,2026-03-05,1
7441,control,2026-03-08,1
7442,control,2026-03-05,0
7443,control,2026-03-02,1
7444,treatment,2026-03-10,0
7445,control,2026-03-13,1
7446,treatment,2026-03-08,0
7447,treatment,2026-03-11,1
7448,treatment,2026-03-09,0
7449,control,2026-03-05,0
7450,treatment,2026-03-09,0
7451,control,2026-03-12,1
7452,treatment,2026-03-02,0
7453,control,2026-03-03,1
7454,control,2026-03-06,0
7455,control,2026-03-11,0
7456,treatment,2026-03-05,1
7457,control,2026-03-15,0
7458,control,2026-03-07,0
7459,treatment,2026-03-12,0
7460,control,2026-03-09,0
7461,treatment,2026-03-09,0
7462,treatment,2026-03-08,1
7463,control,2026-03-05,0
7464,control,2026-03-03,0
7465,control,2026-03-04,1
7466,treatment,2026-03-04,0
7467,control,2026-03-11,1
7468,control,2026-03-05,1
7469,control,2026-03-03,0
7470,treatment,2026-03-13,1
7471,treatment,2026-03-13,0
7472,control,2026-03-15,0
7473,treatment,2026-03-15,1
7474,control,2026-03-09,0
7475,treatment,2026-03-12,1
7476,control,2026-03-15,1
7477,treatment,2026-03-10,0
7478,control,2026-03-09,0
7479,control,2026-03-07,0
7480,treatment,2026-03-08,0
7481,control,2026-03-08,0
7482,treatment,2026-03-03,0
7483,control,2026-03-03,1
7484,control,2026-03-13,1
7485,control,2026-03-08,1
7486,treatment,2026-03-15,0
7487,control,2026-03-10,1
7488,treatment,2026-03-15,0
7489,treatment,2026-03-04,0
7490,control,2026-03-02,0
7491,treatment,2026-03-11,1
7492,treatment,2026-03-02,0
7493,control,2026-03-14,0
7494,control,2026-03-04,0
7495,control,2026-03-13,0
7496,treatment,2026-03-10,0
7497,treatment,2026-03-06,0
7498,treatment,2026-03-14,0
7499,treatment,2026-03-04,1
7500,control,2026-03-13,0
7501,control,2026-03-06,0
7502,treatment,2026-03-06,0
7503,control,2026-03-09,0
7504,control,2026-03-06,0
7505,control,2026-03-07,0
7506,control,2026-03-14,0
7507,control,2026-03-11,0
7508,control,2026-03-02,0
7509,treatment,2026-03-14,0
7510,treatment,2026-03-08,1
7511,treatment,2026-03-15,0
7512,treatment,2026-03-15,0
7513,control,2026-03-11,0
7514,control,2026-03-03,0
7515,treatment,2026-03-04,1
7516,control,2026-03-06,0
7517,treatment,2026-03-15,0
7518,treatment,2026-03-14,0
7519,treatment,2026-03-05,0
7520,control,2026-03-10,1
7521,control,2026-03-09,1
7522,treatment,2026-03-15,1
7523,control,2026-03-15,1
7524,treatment,2026-03-06,0
7525,control,2026-03-06,0
7526,control,2026-03-04,1
7527,control,2026-03-05,1
7528,treatment,2026-03-08,1
7529,treatment,2026-03-02,0
7530,control,2026-03-02,0
7531,control,2026-03-15,1
7532,treatment,2026-03-07,1
7533,treatment,2026-03-08,0
7534,control,2026-03-05,1
7535,control,2026-03-06,0
7536,control,2026-03-12,0
7537,treatment,2026-03-11,1
7538,treatment,2026-03-07,0
7539,treatment,2026-03-05,0
7540,control,2026-03-13,1
7541,treatment,2026-03-13,0
7542,treatment,2026-03-15,0
7543,treatment,2026-03-04,0
7544,treatment,2026-03-09,1
7545,treatment,2026-03-06,0
7546,treatment,2026-03-05,1
7547,control,2026-03-07,1
7548,control,2026-03-04,1
7549,control,2026-03-05,1
7550,control,2026-03-09,1
7551,treatment,2026-03-09,0
7552,treatment,2026-03-15,0
7553,treatment,2026-03-14,1
7554,treatment,2026-03-10,0
7555,treatment,2026-03-04,1
7556,treatment,2026-03-13,0
7557,treatment,2026-03-04,0
7558,control,2026-03-10,0
7559,control,2026-03-14,1
7560,control,2026-03-12,0
7561,control,2026-03-14,1
7562,treatment,2026-03-02,0
7563,control,2026-03-06,1
7564,control,2026-03-04,1
7565,control,2026-03-08,0
7566,treatment,2026-03-02,0
7567,control,2026-03-09,1
7568,treatment,2026-03-06,0
7569,treatment,2026-03-10,1
7570,treatment,2026-03-15,0
7571,control,2026-03-05,0
7572,treatment,2026-03-09,0
7573,control,2026-03-10,1
7574,treatment,2026-03-06,0
7575,control,2026-03-11,0
7576,treatment,2026-03-05,0
7577,control,2026-03-15,0
7578,control,2026-03-14,0
7579,control,2026-03-09,1
7580,treatment,2026-03-05,1
7581,control,2026-03-06,1
7582,treatment,2026-03-05,0
7583,control,2026-03-03,1
7584,treatment,2026-03-07,1
7585,treatment,2026-03-06,0
7586,control,2026-03-06,0
7587,control,2026-03-06,0
7588,treatment,2026-03-04,1
7589,treatment,2026-03-10,0
7590,control,2026-03-10,1
7591,control,2026-03-11,0
7592,treatment,2026-03-15,0
7593,control,2026-03-08,0
7594,control,2026-03-02,0
7595,control,2026-03-06,0
7596,treatment,2026-03-12,0
7597,treatment,2026-03-11,0
7598,control,2026-03-15,0
7599,control,2026-03-12,1
7600,treatment,2026-03-04,0
7601,control,2026-03-07,1
7602,treatment,2026-03-14,1
7603,control,2026-03-15,0
7604,treatment,2026-03-08,1
7605,control,2026-03-07,0
7606,treatment,2026-03-04,0
7607,control,2026-03-10,0
7608,treatment,2026-03-13,1
7609,treatment,2026-03-06,0
7610,control,2026-03-04,0
7611,treatment,2026-03-04,0
7612,treatment,2026-03-15,0
7613,control,2026-03-14,1
7614,control,2026-03-04,1
7615,treatment,2026-03-06,1
7616,treatment,2026-03-14,1
7617,control,2026-03-09,0
7618,treatment,2026-03-07,1
7619,control,2026-03-02,0
7620,control,2026-03-08,0
7621,treatment,2026-03-09,1
7622,treatment,2026-03-03,0
7623,treatment,2026-03-03,1
7624,treatment,2026-03-12,1
7625,control,2026-03-15,1
7626,control,2026-03-10,0
7627,treatment,2026-03-08,0
7628,control,2026-03-10,0
7629,control,2026-03-06,0
7630,treatment,2026-03-03,0
7631,treatment,2026-03-12,1
7632,control,2026-03-05,0
7633,control,2026-03-07,0
7634,treatment,2026-03-08,1
7635,control,2026-03-02,0
7636,control,2026-03-05,0
7637,control,2026-03-09,0
7638,treatment,2026-03-06,1
7639,treatment,2026-03-08,1
7640,treatment,2026-03-13,0
7641,treatment,2026-03-11,0
7642,treatment,2026-03-09,0
7643,control,2026-03-14,0
7644,control,2026-03-12,1
7645,control,2026-03-14,0
7646,control,2026-03-02,0
7647,control,2026-03-15,1
7648,treatment,2026-03-09,0
7649,treatment,2026-03-11,0
7650,control,2026-03-05,0
7651,treatment,2026-03-06,0
7652,control,2026-03-09,0
7653,treatment,2026-03-03,0
7654,control,2026-03-04,0
7655,treatment,2026-03-07,1
7656,treatment,2026-03-13,0
7657,control,2026-03-03,1
7658,control,2026-03-12,0
7659,treatment,2026-03-11,1
7660,treatment,2026-03-13,0
7661,control,2026-03-05,1
7662,control,2026-03-15,0
7663,control,2026-03-15,0
7664,control,2026-03-10,1
7665,treatment,2026-03-04,0
7666,control,2026-03-06,1
7667,treatment,2026-03-13,1
7668,control,2026-03-08,1
7669,control,2026-03-07,1
7670,treatment,2026-03-14,1
7671,control,2026-03-15,0
7672,treatment,2026-03-02,1
7673,treatment,2026-03-09,1
7674,treatment,2026-03-11,0
7675,treatment,2026-03-12,0
7676,treatment,2026-03-12,0
7677,control,2026-03-10,0
7678,treatment,2026-03-11,0
7679,control,2026-03-15,0
7680,treatment,2026-03-09,1
7681,treatment,2026-03-10,0
7682,treatment,2026-03-11,0
7683,control,2026-03-03,0
7684,treatment,2026-03-09,1
7685,treatment,2026-03-08,0
7686,treatment,2026-03-14,1
7687,treatment,2026-03-14,1
7688,treatment,2026-03-05,0
7689,control,2026-03-14,0
7690,treatment,2026-03-11,0
7691,treatment,2026-03-07,0
7692,treatment,2026-03-15,0
7693,control,2026-03-05,0
7694,control,2026-03-13,0
7695,control,2026-03-13,1
7696,control,2026-03-02,0
7697,control,2026-03-15,0
7698,control,2026-03-07,0
7699,treatment,2026-03-05,0
7700,treatment,2026-03-04,0
7701,treatment,2026-03-05,0
7702,treatment,2026-03-10,0
7703,treatment,2026-03-04,0
7704,treatment,2026-03-10,0
7705,control,2026-03-12,1
7706,control,2026-03-12,0
7707,control,2026-03-09,0
7708,control,2026-03-11,1
7709,control,2026-03-11,0
7710,control,2026-03-14,1
7711,control,2026-03-10,1
7712,control,2026-03-13,0
7713,control,2026-03-14,0
7714,treatment,2026-03-11,0
7715,treatment,2026-03-14,0
7716,treatment,2026-03-14,0
7717,treatment,2026-03-07,1
7718,treatment,2026-03-02,1
7719,control,2026-03-08,1
7720,control,2026-03-12,1
7721,treatment,2026-03-07,0
7722,treatment,2026-03-11,1
7723,control,2026-03-03,1
7724,treatment,2026-03-11,0
7725,control,2026-03-14,0
7726,treatment,2026-03-06,0
7727,control,2026-03-08,1
7728,control,2026-03-04,0
7729,control,2026-03-07,0
7730,control,2026-03-07,0
7731,control,2026-03-04,0
7732,treatment,2026-03-15,0
7733,control,2026-03-05,1
7734,control,2026-03-02,0
7735,treatment,2026-03-07,0
7736,control,2026-03-05,1
7737,treatment,2026-03-04,0
7738,control,2026-03-03,0
7739,control,2026-03-07,1
7740,control,2026-03-15,1
7741,treatment,2026-03-11,0
7742,control,2026-03-11,0
7743,treatment,2026-03-13,1
7744,control,2026-03-08,0
7745,treatment,2026-03-07,0
7746,treatment,2026-03-14,0
7747,control,2026-03-15,0
7748,control,2026-03-10,0
7749,treatment,2026-03-14,0
7750,treatment,2026-03-13,1
7751,control,2026-03-03,0
7752,control,2026-03-09,1
7753,treatment,2026-03-06,0
7754,control,2026-03-15,0
7755,treatment,2026-03-05,0
7756,control,2026-03-09,1
7757,control,2026-03-15,0
7758,treatment,2026-03-03,1
7759,control,2026-03-03,1
7760,control,2026-03-13,0
7761,treatment,2026-03-13,1
7762,control,2026-03-02,1
7763,control,2026-03-07,0
7764,control,2026-03-13,1
7765,control,2026-03-12,0
7766,control,2026-03-13,0
7767,treatment,2026-03-05,0
7768,control,2026-03-06,0
7769,control,2026-03-05,1
7770,control,2026-03-06,0
7771,treatment,2026-03-14,0
7772,control,2026-03-05,0
7773,treatment,2026-03-15,0
7774,control,2026-03-08,0
7775,treatment,2026-03-11,0
7776,treatment,2026-03-12,1
7777,treatment,2026-03-13,0
7778,control,2026-03-02,0
7779,control,2026-03-14,0
7780,treatment,2026-03-10,1
7781,control,2026-03-08,1
7782,control,2026-03-02,1
7783,treatment,2026-03-06,0
7784,control,2026-03-13,1
7785,treatment,2026-03-15,1
7786,treatment,2026-03-12,0
7787,control,2026-03-05,1
7788,treatment,2026-03-09,1
7789,control,2026-03-03,1
7790,treatment,2026-03-14,0
7791,treatment,2026-03-13,0
7792,treatment,2026-03-11,0
7793,control,2026-03-02,0
7794,control,2026-03-02,1
7795,treatment,2026-03-12,0
7796,treatment,2026-03-08,0
7797,treatment,2026-03-02,0
7798,control,2026-03-02,1
7799,treatment,2026-03-03,1
7800,control,2026-03-11,0
7801,treatment,2026-03-13,0
7802,control,2026-03-04,0
7803,treatment,2026-03-09,1
7804,control,2026-03-09,0
7805,control,2026-03-14,1
7806,treatment,2026-03-07,0
7807,control,2026-03-04,1
7808,control,2026-03-05,0
7809,control,2026-03-14,1
7810,control,2026-03-05,0
7811,control,2026-03-07,0
7812,control,2026-03-08,0
7813,control,2026-03-02,1
7814,treatment,2026-03-08,1
7815,control,2026-03-14,1
7816,control,2026-03-15,0
7817,treatment,2026-03-06,0
7818,treatment,2026-03-02,0
7819,control,2026-03-07,0
7820,treatment,2026-03-10,0
7821,treatment,2026-03-12,1
7822,treatment,2026-03-03,0
7823,treatment,2026-03-05,1
7824,control,2026-03-08,1
7825,treatment,2026-03-09,0
7826,control,2026-03-07,0
7827,treatment,2026-03-07,0
7828,treatment,2026-03-12,1
7829,control,2026-03-09,1
7830,treatment,2026-03-08,1
7831,treatment,2026-03-05,0
7832,treatment,2026-03-14,0
7833,control,2026-03-11,0
7834,control,2026-03-09,0
7835,treatment,2026-03-09,0
7836,treatment,2026-03-12,1
7837,control,2026-03-11,0
7838,treatment,2026-03-11,1
7839,treatment,2026-03-05,0
7840,treatment,2026-03-07,0
7841,treatment,2026-03-15,0
7842,control,2026-03-12,0
7843,treatment,2026-03-08,1
7844,control,2026-03-12,0
7845,treatment,2026-03-07,0
7846,treatment,2026-03-06,0
7847,treatment,2026-03-08,0
7848,treatment,2026-03-06,1
7849,treatment,2026-03-10,0
7850,control,2026-03-15,0
7851,control,2026-03-05,0
7852,treatment,2026-03-08,1
7853,control,2026-03-08,0
7854,control,2026-03-13,0
7855,control,2026-03-13,0
7856,control,2026-03-14,1
7857,control,2026-03-04,0
7858,treatment,2026-03-14,0
7859,treatment,2026-03-09,1
7860,treatment,2026-03-14,1
7861,treatment,2026-03-10,0
7862,control,2026-03-04,0
7863,control,2026-03-02,0
7864,treatment,2026-03-11,0
7865,control,2026-03-06,0
7866,treatment,2026-03-15,1
7867,treatment,2026-03-07,0
7868,treatment,2026-03-09,0
7869,treatment,2026-03-03,0
7870,treatment,2026-03-09,0
7871,treatment,2026-03-04,1
7872,control,2026-03-13,0
7873,control,2026-03-13,1
7874,control,2026-03-12,0
7875,control,2026-03-12,0
7876,treatment,2026-03-04,1
7877,control,2026-03-02,0
7878,control,2026-03-02,1
7879,treatment,2026-03-15,1
7880,treatment,2026-03-03,1
7881,control,2026-03-04,0
7882,control,2026-03-05,0
7883,control,2026-03-02,0
7884,treatment,2026-03-13,0
7885,treatment,2026-03-14,1
7886,treatment,2026-03-05,1
7887,treatment,2026-03-11,0
7888,control,2026-03-08,0
7889,control,2026-03-04,0
7890,treatment,2026-03-06,0
7891,treatment,2026-03-03,1
7892,treatment,2026-03-03,1
7893,control,2026-03-06,0
7894,treatment,2026-03-08,0
7895,treatment,2026-03-02,0
7896,control,2026-03-05,0
7897,treatment,2026-03-14,0
7898,treatment,2026-03-03,0
7899,treatment,2026-03-02,1
7900,treatment,2026-03-04,1
7901,control,2026-03-04,1
7902,treatment,2026-03-15,0
7903,treatment,2026-03-04,1
7904,treatment,2026-03-04,0
7905,control,2026-03-14,0
7906,control,2026-03-03,1
7907,treatment,2026-03-12,1
7908,treatment,2026-03-04,1
7909,control,2026-03-13,1
7910,treatment,2026-03-09,1
7911,treatment,2026-03-15,0
7912,control,2026-03-09,0
7913,control,2026-03-06,1
7914,treatment,2026-03-10,0
7915,control,2026-03-03,1
7916,treatment,2026-03-08,0
7917,treatment,2026-03-03,1
7918,treatment,2026-03-08,0
7919,control,2026-03-12,0
7920,treatment,2026-03-02,0
7921,treatment,2026-03-03,1
7922,control,2026-03-15,1
7923,treatment,2026-03-06,0
7924,treatment,2026-03-13,0
7925,treatment,2026-03-14,1
7926,treatment,2026-03-11,0
7927,control,2026-03-12,0
7928,control,2026-03-09,1
7929,control,2026-03-09,0
7930,control,2026-03-02,0
7931,control,2026-03-07,0
7932,treatment,2026-03-08,0
7933,control,2026-03-07,0
7934,treatment,2026-03-04,0
7935,control,2026-03-08,0
7936,treatment,2026-03-12,1
7937,control,2026-03-03,0
7938,treatment,2026-03-15,0
7939,control,2026-03-06,1
7940,control,2026-03-15,0
7941,treatment,2026-03-08,0
7942,control,2026-03-12,1
7943,treatment,2026-03-14,0
7944,control,2026-03-08,1
7945,control,2026-03-10,0
7946,control,2026-03-15,1
7947,control,2026-03-08,0
7948,treatment,2026-03-06,1
7949,treatment,2026-03-13,0
7950,treatment,2026-03-07,1
7951,treatment,2026-03-06,0
7952,control,2026-03-12,1
7953,treatment,2026-03-07,0
7954,control,2026-03-12,0
7955,control,2026-03-07,0
7956,control,2026-03-09,1
7957,treatment,2026-03-05,1
7958,treatment,2026-03-13,1
7959,treatment,2026-03-10,0
7960,treatment,2026-03-15,0
7961,control,2026-03-07,1
7962,treatment,2026-03-09,0
7963,control,2026-03-02,0
7964,treatment,2026-03-07,1
7965,control,2026-03-10,0
7966,control,2026-03-14,0
7967,treatment,2026-03-14,1
7968,control,2026-03-08,0
7969,control,2026-03-05,1
7970,treatment,2026-03-03,1
7971,control,2026-03-12,0
7972,control,2026-03-06,1
7973,control,2026-03-03,0
7974,control,2026-03-06,0
7975,treatment,2026-03-08,1
7976,control,2026-03-04,1
7977,treatment,2026-03-03,1
7978,control,2026-03-08,0
7979,treatment,2026-03-12,1
7980,control,2026-03-11,0
7981,treatment,2026-03-08,0
7982,treatment,2026-03-15,1
7983,treatment,2026-03-08,1
7984,control,2026-03-06,0
7985,control,2026-03-02,0
7986,control,2026-03-10,1
7987,treatment,2026-03-15,1
7988,control,2026-03-04,0
7989,treatment,2026-03-10,0
7990,control,2026-03-09,0
7991,control,2026-03-07,0
7992,treatment,2026-03-02,0
7993,control,2026-03-15,0
7994,treatment,2026-03-08,0
7995,treatment,2026-03-15,0
7996,control,2026-03-06,1
7997,control,2026-03-09,0
7998,treatment,2026-03-13,0
7999,control,2026-03-14,0
8000,control,2026-03-10,0
8001,treatment,2026-03-06,1
8002,control,2026-03-03,0
8003,treatment,2026-03-05,0
8004,treatment,2026-03-04,0
8005,control,2026-03-13,0
8006,treatment,2026-03-06,0
8007,treatment,2026-03-02,0
8008,control,2026-03-08,0
8009,treatment,2026-03-07,1
8010,control,2026-03-14,1
8011,control,2026-03-05,0
8012,control,2026-03-13,0
8013,treatment,2026-03-03,0
8014,treatment,2026-03-02,0
8015,treatment,2026-03-13,0
8016,control,2026-03-04,0
8017,control,2026-03-02,1
8018,treatment,2026-03-04,1
8019,control,2026-03-06,0
8020,control,2026-03-04,1
8021,control,2026-03-13,0
8022,control,2026-03-09,0
8023,treatment,2026-03-03,1
8024,treatment,2026-03-05,1
8025,treatment,2026-03-11,1
8026,control,2026-03-05,0
8027,treatment,2026-03-06,1
8028,control,2026-03-13,1
8029,control,2026-03-08,0
8030,control,2026-03-05,0
8031,control,2026-03-15,1
8032,treatment,2026-03-15,1
8033,control,2026-03-07,0
8034,treatment,2026-03-04,1
8035,treatment,2026-03-03,1
8036,control,2026-03-11,0
8037,control,2026-03-15,0
8038,treatment,2026-03-15,1
8039,treatment,2026-03-10,0
8040,control,2026-03-11,1
8041,treatment,2026-03-13,0
8042,treatment,2026-03-05,0
8043,treatment,2026-03-03,0
8044,treatment,2026-03-04,0
8045,control,2026-03-15,1
8046,treatment,2026-03-04,0
8047,control,2026-03-05,0
8048,treatment,2026-03-04,0
8049,control,2026-03-04,0
8050,control,2026-03-04,0
8051,treatment,2026-03-14,1
8052,control,2026-03-04,1
8053,control,2026-03-09,1
8054,treatment,2026-03-09,0
8055,control,2026-03-08,0
8056,control,2026-03-03,1
8057,treatment,2026-03-12,0
8058,control,2026-03-12,1
8059,treatment,2026-03-07,0
8060,treatment,2026-03-04,0
8061,treatment,2026-03-02,1
8062,control,2026-03-10,0
8063,control,2026-03-04,1
8064,treatment,2026-03-12,0
8065,control,2026-03-10,1
8066,treatment,2026-03-06,1
8067,control,2026-03-08,0
8068,control,2026-03-06,0
8069,control,2026-03-15,0
8070,control,2026-03-04,0
8071,control,2026-03-12,1
8072,control,2026-03-13,1
8073,control,2026-03-04,1
8074,treatment,2026-03-07,0
8075,control,2026-03-03,0
8076,treatment,2026-03-09,0
8077,treatment,2026-03-05,0
8078,treatment,2026-03-08,0
8079,treatment,2026-03-07,0
8080,treatment,2026-03-09,0
8081,control,2026-03-13,0
8082,control,2026-03-09,0
8083,treatment,2026-03-14,0
8084,control,2026-03-09,1
8085,treatment,2026-03-04,1
8086,treatment,2026-03-11,0
8087,control,2026-03-08,0
8088,treatment,2026-03-12,0
8089,control,2026-03-10,1
8090,control,2026-03-10,0
8091,treatment,2026-03-12,1
8092,control,2026-03-14,0
8093,treatment,2026-03-15,0
8094,treatment,2026-03-12,1
8095,control,2026-03-02,1
8096,control,2026-03-09,1
8097,control,2026-03-09,0
8098,control,2026-03-15,0
8099,treatment,2026-03-03,0
8100,treatment,2026-03-04,0
8101,control,2026-03-13,0
8102,treatment,2026-03-07,0
8103,control,2026-03-05,1
8104,control,2026-03-06,1
8105,treatment,2026-03-14,0
8106,treatment,2026-03-02,0
8107,control,2026-03-15,0
8108,control,2026-03-05,0
8109,control,2026-03-08,0
8110,control,2026-03-09,1
8111,control,2026-03-10,1
8112,control,2026-03-07,0
8113,control,2026-03-07,1
8114,control,2026-03-09,1
8115,treatment,2026-03-05,1
8116,control,2026-03-03,1
8117,control,2026-03-09,1
8118,control,2026-03-06,0
8119,control,2026-03-10,0
8120,treatment,2026-03-06,1
8121,control,2026-03-13,0
8122,treatment,2026-03-05,1
8123,control,2026-03-05,0
8124,treatment,2026-03-09,1
8125,treatment,2026-03-09,1
8126,control,2026-03-03,0
8127,control,2026-03-15,1
8128,control,2026-03-08,0
8129,treatment,2026-03-07,0
8130,control,2026-03-15,0
8131,treatment,2026-03-02,1
8132,treatment,2026-03-06,0
8133,treatment,2026-03-13,1
8134,control,2026-03-03,0
8135,treatment,2026-03-05,0
8136,treatment,2026-03-14,0
8137,control,2026-03-10,1
8138,control,2026-03-10,0
8139,control,2026-03-14,0
8140,control,2026-03-15,1
8141,treatment,2026-03-12,0
8142,treatment,2026-03-04,1
8143,control,2026-03-02,1
8144,treatment,2026-03-07,0
8145,control,2026-03-07,0
8146,treatment,2026-03-14,0
8147,treatment,2026-03-12,0
8148,treatment,2026-03-02,0
8149,treatment,2026-03-04,1
8150,control,2026-03-04,1
8151,treatment,2026-03-06,0
8152,treatment,2026-03-05,1
8153,control,2026-03-06,1
8154,control,2026-03-05,0
8155,treatment,2026-03-11,0
8156,control,2026-03-04,0
8157,treatment,2026-03-12,0
8158,treatment,2026-03-04,0
8159,control,2026-03-08,1
8160,treatment,2026-03-11,0
8161,treatment,2026-03-05,0
8162,treatment,2026-03-11,1
8163,control,2026-03-15,0
8164,control,2026-03-13,0
8165,treatment,2026-03-10,1
8166,control,2026-03-05,0
8167,control,2026-03-09,0
8168,control,2026-03-13,1
8169,treatment,2026-03-13,1
8170,control,2026-03-06,0
8171,treatment,2026-03-04,0
8172,control,2026-03-04,0
8173,treatment,2026-03-03,0
8174,treatment,2026-03-08,1
8175,treatment,2026-03-03,0
8176,control,2026-03-13,1
8177,control,2026-03-02,0
8178,treatment,2026-03-12,0
8179,control,2026-03-14,1
8180,treatment,2026-03-02,0
8181,control,2026-03-12,0
8182,control,2026-03-06,0
8183,control,2026-03-06,1
8184,treatment,2026-03-05,0
8185,treatment,2026-03-04,1
8186,treatment,2026-03-09,1
8187,control,2026-03-07,0
8188,control,2026-03-08,0
8189,control,2026-03-14,1
8190,treatment,2026-03-12,0
8191,control,2026-03-12,1
8192,control,2026-03-10,0
8193,control,2026-03-08,1
8194,treatment,2026-03-08,0
8195,treatment,2026-03-12,0
8196,treatment,2026-03-13,1
8197,control,2026-03-15,1
8198,treatment,2026-03-04,0
8199,control,2026-03-07,0
8200,control,2026-03-11,1
8201,control,2026-03-14,0
8202,control,2026-03-15,0
8203,control,2026-03-09,0
8204,treatment,2026-03-11,0
8205,control,2026-03-07,0
8206,treatment,2026-03-15,0
8207,treatment,2026-03-13,0
8208,treatment,2026-03-13,0
8209,control,2026-03-06,1
8210,control,2026-03-07,0
8211,treatment,2026-03-08,1
8212,treatment,2026-03-05,1
8213,treatment,2026-03-14,1
8214,control,2026-03-06,0
8215,control,2026-03-11,1
8216,control,2026-03-08,0
8217,control,2026-03-02,0
8218,control,2026-03-06,0
8219,treatment,2026-03-06,1
8220,treatment,2026-03-07,1
8221,control,2026-03-11,0
8222,treatment,2026-03-07,1
8223,control,2026-03-13,0
8224,control,2026-03-04,0
8225,control,2026-03-06,0
8226,treatment,2026-03-15,1
8227,control,2026-03-10,0
8228,control,2026-03-09,0
8229,control,2026-03-13,1
8230,treatment,2026-03-11,0
8231,control,2026-03-07,0
8232,control,2026-03-11,1
8233,control,2026-03-03,0
8234,control,2026-03-15,0
8235,treatment,2026-03-02,0
8236,control,2026-03-11,1
8237,control,2026-03-06,0
8238,control,2026-03-02,0
8239,control,2026-03-12,0
8240,treatment,2026-03-14,1
8241,treatment,2026-03-04,0
8242,treatment,2026-03-03,1
8243,treatment,2026-03-14,0
8244,treatment,2026-03-07,1
8245,control,2026-03-08,0
8246,treatment,2026-03-03,0
8247,control,2026-03-03,0
8248,control,2026-03-14,0
8249,treatment,2026-03-07,0
8250,control,2026-03-04,0
8251,treatment,2026-03-07,1
8252,control,2026-03-09,1
8253,treatment,2026-03-07,0
8254,treatment,2026-03-04,0
8255,treatment,2026-03-15,1
8256,control,2026-03-02,0
8257,control,2026-03-05,0
8258,control,2026-03-13,0
8259,treatment,2026-03-04,0
8260,control,2026-03-09,0
8261,control,2026-03-07,0
8262,control,2026-03-02,0
8263,control,2026-03-14,0
8264,treatment,2026-03-08,0
8265,treatment,2026-03-09,0
8266,control,2026-03-12,0
8267,treatment,2026-03-15,1
8268,treatment,2026-03-04,0
8269,control,2026-03-12,1
8270,control,2026-03-05,0
8271,control,2026-03-09,0
8272,control,2026-03-11,0
8273,treatment,2026-03-02,0
8274,treatment,2026-03-10,0
8275,treatment,2026-03-13,0
8276,treatment,2026-03-04,0
8277,treatment,2026-03-05,1
8278,treatment,2026-03-03,1
8279,control,2026-03-11,0
8280,treatment,2026-03-03,1
8281,treatment,2026-03-08,0
8282,control,2026-03-10,0
8283,treatment,2026-03-09,0
8284,treatment,2026-03-09,0
8285,treatment,2026-03-15,0
8286,control,2026-03-06,0
8287,treatment,2026-03-14,0
8288,treatment,2026-03-02,0
8289,treatment,2026-03-02,0
8290,treatment,2026-03-02,0
8291,treatment,2026-03-11,0
8292,control,2026-03-07,0
8293,control,2026-03-11,1
8294,treatment,2026-03-07,0
8295,control,2026-03-09,0
8296,treatment,2026-03-05,1
8297,treatment,2026-03-04,1
8298,treatment,2026-03-13,0
8299,treatment,2026-03-14,1
8300,treatment,2026-03-13,0
8301,treatment,2026-03-13,0
8302,control,2026-03-14,0
8303,control,2026-03-06,1
8304,treatment,2026-03-03,0
8305,control,2026-03-15,1
8306,treatment,2026-03-04,0
8307,control,2026-03-03,0
8308,treatment,2026-03-07,1
8309,control,2026-03-02,0
8310,control,2026-03-05,1
8311,control,2026-03-03,0
8312,treatment,2026-03-11,0
8313,treatment,2026-03-13,0
8314,control,2026-03-08,0
8315,treatment,2026-03-04,1
8316,control,2026-03-13,1
8317,treatment,2026-03-14,0
8318,treatment,2026-03-11,0
8319,control,2026-03-15,0
8320,control,2026-03-07,1
8321,treatment,2026-03-05,1
8322,treatment,2026-03-12,1
8323,control,2026-03-15,1
8324,control,2026-03-02,0
8325,control,2026-03-13,0
8326,treatment,2026-03-14,1
8327,treatment,2026-03-15,1
8328,control,2026-03-12,0
8329,treatment,2026-03-06,0
8330,treatment,2026-03-03,1
8331,control,2026-03-11,0
8332,control,2026-03-04,0
8333,control,2026-03-06,1
8334,control,2026-03-05,0
8335,control,2026-03-10,0
8336,treatment,2026-03-13,0
8337,treatment,2026-03-10,1
8338,control,2026-03-12,1
8339,treatment,2026-03-05,0
8340,treatment,2026-03-05,1
8341,control,2026-03-06,0
8342,control,2026-03-08,0
8343,treatment,2026-03-03,1
8344,control,2026-03-07,1
8345,control,2026-03-14,0
8346,control,2026-03-14,1
8347,control,2026-03-02,1
8348,control,2026-03-08,0
8349,treatment,2026-03-05,0
8350,control,2026-03-09,1
8351,treatment,2026-03-11,0
8352,treatment,2026-03-02,0
8353,treatment,2026-03-14,0
8354,treatment,2026-03-03,1
8355,control,2026-03-04,1
8356,treatment,2026-03-13,0
8357,control,2026-03-14,1
8358,treatment,2026-03-14,1
8359,treatment,2026-03-13,1
8360,control,2026-03-09,1
8361,control,2026-03-06,1
8362,treatment,2026-03-08,1
8363,treatment,2026-03-05,0
8364,control,2026-03-02,0
8365,control,2026-03-12,1
8366,treatment,2026-03-06,0
8367,control,2026-03-14,0
8368,control,2026-03-11,0
8369,treatment,2026-03-10,1
8370,control,2026-03-11,0
8371,control,2026-03-15,0
8372,control,2026-03-10,0
8373,treatment,2026-03-05,1
8374,treatment,2026-03-11,1
8375,control,2026-03-13,1
8376,treatment,2026-03-11,0
8377,control,2026-03-12,0
8378,control,2026-03-11,0
8379,treatment,2026-03-14,0
8380,control,2026-03-11,0
8381,control,2026-03-15,0
8382,treatment,2026-03-11,0
8383,control,2026-03-12,0
8384,control,2026-03-10,0
8385,control,2026-03-12,0
8386,control,2026-03-04,0
8387,control,2026-03-09,0
8388,control,2026-03-10,0
8389,control,2026-03-07,0
8390,treatment,2026-03-14,1
8391,treatment,2026-03-07,1
8392,treatment,2026-03-13,1
8393,treatment,2026-03-07,0
8394,treatment,2026-03-07,0
8395,treatment,2026-03-05,1
8396,control,2026-03-13,1
8397,treatment,2026-03-03,0
8398,treatment,2026-03-14,0
8399,control,2026-03-11,0
8400,treatment,2026-03-10,1
8401,treatment,2026-03-05,0
8402,control,2026-03-11,0
8403,treatment,2026-03-03,1
8404,treatment,2026-03-02,1
8405,treatment,2026-03-10,0
8406,treatment,2026-03-09,0
8407,treatment,2026-03-09,1
8408,control,2026-03-08,0
8409,control,2026-03-03,0
8410,treatment,2026-03-05,0
8411,treatment,2026-03-09,0
8412,control,2026-03-05,1
8413,control,2026-03-03,0
8414,control,2026-03-03,1
8415,control,2026-03-05,0
8416,control,2026-03-13,0
8417,treatment,2026-03-03,0
8418,control,2026-03-10,1
8419,control,2026-03-12,0
8420,control,2026-03-03,1
8421,control,2026-03-15,0
8422,control,2026-03-02,1
8423,treatment,2026-03-06,0
8424,control,2026-03-13,0
8425,control,2026-03-02,0
8426,control,2026-03-07,0
8427,control,2026-03-02,0
8428,treatment,2026-03-08,1
8429,control,2026-03-05,0
8430,control,2026-03-05,1
8431,treatment,2026-03-14,0
8432,control,2026-03-13,0
8433,control,2026-03-15,0
8434,treatment,2026-03-05,0
8435,treatment,2026-03-14,0
8436,treatment,2026-03-06,1
8437,treatment,2026-03-15,1
8438,control,2026-03-04,0
8439,treatment,2026-03-03,0
8440,control,2026-03-11,0
8441,treatment,2026-03-08,0
8442,control,2026-03-10,0
8443,control,2026-03-15,0
8444,treatment,2026-03-07,0
8445,control,2026-03-12,0
8446,control,2026-03-04,1
8447,control,2026-03-12,1
8448,treatment,2026-03-14,0
8449,control,2026-03-05,1
8450,control,2026-03-04,1
8451,treatment,2026-03-12,1
8452,control,2026-03-14,0
8453,treatment,2026-03-03,1
8454,control,2026-03-06,0
8455,control,2026-03-05,1
8456,control,2026-03-12,0
8457,control,2026-03-14,0
8458,treatment,2026-03-14,0
8459,treatment,2026-03-14,1
8460,treatment,2026-03-02,0
8461,control,2026-03-11,1
8462,control,2026-03-10,0
8463,control,2026-03-10,0
8464,treatment,2026-03-13,0
8465,treatment,2026-03-02,0
8466,treatment,2026-03-04,1
8467,control,2026-03-07,1
8468,control,2026-03-14,0
8469,control,2026-03-15,1
8470,control,2026-03-15,0
8471,control,2026-03-07,0
8472,control,2026-03-12,0
8473,control,2026-03-05,0
8474,treatment,2026-03-04,1
8475,treatment,2026-03-08,1
8476,control,2026-03-05,1
8477,control,2026-03-08,1
8478,treatment,2026-03-11,0
8479,treatment,2026-03-04,0
8480,control,2026-03-06,1
8481,treatment,2026-03-14,1
8482,treatment,2026-03-10,0
8483,control,2026-03-08,1
8484,treatment,2026-03-10,1
8485,treatment,2026-03-07,0
8486,control,2026-03-11,0
8487,treatment,2026-03-11,1
8488,treatment,2026-03-10,0
8489,treatment,2026-03-02,0
8490,control,2026-03-08,0
8491,control,2026-03-13,1
8492,control,2026-03-05,0
8493,control,2026-03-04,0
8494,treatment,2026-03-13,0
8495,control,2026-03-11,0
8496,control,2026-03-15,1
8497,treatment,2026-03-15,0
8498,treatment,2026-03-10,0
8499,treatment,2026-03-06,1
8500,treatment,2026-03-12,0
8501,treatment,2026-03-08,1
8502,control,2026-03-15,1
8503,control,2026-03-12,1
8504,control,2026-03-10,1
8505,treatment,2026-03-12,1
8506,treatment,2026-03-15,0
8507,control,2026-03-12,0
8508,treatment,2026-03-02,0
8509,treatment,2026-03-13,0
8510,control,2026-03-06,1
8511,treatment,2026-03-13,0
8512,control,2026-03-05,0
8513,control,2026-03-06,0
8514,control,2026-03-15,1
8515,control,2026-03-07,0
8516,control,2026-03-09,0
8517,control,2026-03-02,1
8518,treatment,2026-03-14,1
8519,treatment,2026-03-15,0
8520,treatment,2026-03-12,1
8521,control,2026-03-12,1
8522,control,2026-03-02,0
8523,treatment,2026-03-03,1
8524,treatment,2026-03-05,0
8525,treatment,2026-03-07,0
8526,treatment,2026-03-04,1
8527,treatment,2026-03-10,0
8528,treatment,2026-03-02,1
8529,control,2026-03-13,0
8530,control,2026-03-12,1
8531,control,2026-03-14,1
8532,treatment,2026-03-14,0
8533,treatment,2026-03-04,0
8534,treatment,2026-03-15,0
8535,treatment,2026-03-08,1
8536,treatment,2026-03-04,1
8537,control,2026-03-05,0
8538,control,2026-03-13,0
8539,treatment,2026-03-12,0
8540,control,2026-03-05,0
8541,treatment,2026-03-03,0
8542,control,2026-03-08,1
8543,treatment,2026-03-07,0
8544,treatment,2026-03-07,0
8545,control,2026-03-05,0
8546,treatment,2026-03-03,1
8547,treatment,2026-03-06,1
8548,treatment,2026-03-13,0
8549,treatment,2026-03-04,0
8550,control,2026-03-06,0
8551,control,2026-03-07,0
8552,treatment,2026-03-14,0
8553,control,2026-03-05,1
8554,control,2026-03-07,0
8555,treatment,2026-03-07,1
8556,treatment,2026-03-12,0
8557,treatment,2026-03-04,1
8558,control,2026-03-13,0
8559,control,2026-03-03,0
8560,control,2026-03-03,1
8561,treatment,2026-03-08,0
8562,control,2026-03-11,0
8563,control,2026-03-07,0
8564,treatment,2026-03-03,0
8565,treatment,2026-03-13,0
8566,control,2026-03-13,0
8567,control,2026-03-12,0
8568,treatment,2026-03-02,0
8569,treatment,2026-03-09,0
8570,treatment,2026-03-04,1
8571,treatment,2026-03-14,0
8572,control,2026-03-02,0
8573,control,2026-03-09,0
8574,treatment,2026-03-02,0
8575,control,2026-03-03,0
8576,treatment,2026-03-09,1
8577,treatment,2026-03-07,1
8578,control,2026-03-08,0
8579,treatment,2026-03-14,1
8580,control,2026-03-07,0
8581,treatment,2026-03-08,0
8582,control,2026-03-15,0
8583,treatment,2026-03-11,0
8584,treatment,2026-03-13,0
8585,control,2026-03-13,1
8586,treatment,2026-03-02,1
8587,treatment,2026-03-13,1
8588,treatment,2026-03-11,0
8589,control,2026-03-05,0
8590,treatment,2026-03-06,0
8591,control,2026-03-04,0
8592,treatment,2026-03-14,0
8593,treatment,2026-03-14,0
8594,control,2026-03-03,0
8595,control,2026-03-03,0
8596,control,2026-03-02,0
8597,control,2026-03-04,0
8598,control,2026-03-06,0
8599,treatment,2026-03-07,1
8600,control,2026-03-06,0
8601,control,2026-03-06,0
8602,control,2026-03-02,1
8603,treatment,2026-03-05,0
8604,treatment,2026-03-11,1
8605,control,2026-03-02,1
8606,control,2026-03-09,0
8607,control,2026-03-02,1
8608,treatment,2026-03-09,0
8609,control,2026-03-12,0
8610,control,2026-03-03,0
8611,treatment,2026-03-14,1
8612,treatment,2026-03-06,0
8613,control,2026-03-14,0
8614,control,2026-03-15,0
8615,treatment,2026-03-13,0
8616,treatment,2026-03-11,1
8617,control,2026-03-02,0
8618,treatment,2026-03-11,1
8619,control,2026-03-08,0
8620,treatment,2026-03-06,0
8621,control,2026-03-11,1
8622,control,2026-03-03,1
8623,control,2026-03-08,1
8624,control,2026-03-13,0
8625,treatment,2026-03-08,1
8626,treatment,2026-03-13,1
8627,control,2026-03-09,1
8628,treatment,2026-03-08,0
8629,treatment,2026-03-12,1
8630,treatment,2026-03-05,0
8631,treatment,2026-03-07,0
8632,treatment,2026-03-04,0
8633,control,2026-03-12,0
8634,control,2026-03-14,1
8635,control,2026-03-15,1
8636,treatment,2026-03-12,1
8637,treatment,2026-03-08,1
8638,treatment,2026-03-10,0
8639,control,2026-03-11,1
8640,control,2026-03-04,1
8641,treatment,2026-03-11,0
8642,control,2026-03-07,0
8643,control,2026-03-13,1
8644,control,2026-03-06,1
8645,treatment,2026-03-08,0
8646,treatment,2026-03-15,0
8647,treatment,2026-03-08,1
8648,treatment,2026-03-09,0
8649,control,2026-03-10,0
8650,control,2026-03-11,1
8651,control,2026-03-12,1
8652,control,2026-03-12,0
8653,control,2026-03-07,1
8654,control,2026-03-09,1
8655,treatment,2026-03-10,1
8656,control,2026-03-03,1
8657,control,2026-03-10,0
8658,treatment,2026-03-14,1
8659,treatment,2026-03-02,1
8660,control,2026-03-10,1
8661,treatment,2026-03-10,0
8662,treatment,2026-03-02,1
8663,control,2026-03-09,0
8664,control,2026-03-10,1
8665,control,2026-03-09,0
8666,treatment,2026-03-15,1
8667,treatment,2026-03-12,1
8668,control,2026-03-09,0
8669,treatment,2026-03-04,0
8670,treatment,2026-03-15,1
8671,treatment,2026-03-04,1
8672,control,2026-03-08,1
8673,treatment,2026-03-02,0
8674,control,2026-03-05,1
8675,treatment,2026-03-14,0
8676,control,2026-03-12,0
8677,control,2026-03-03,0
8678,treatment,2026-03-08,0
8679,treatment,2026-03-14,1
8680,treatment,2026-03-09,0
8681,treatment,2026-03-07,1
8682,control,2026-03-07,0
8683,control,2026-03-10,0
8684,treatment,2026-03-12,0
8685,control,2026-03-04,0
8686,treatment,2026-03-14,1
8687,treatment,2026-03-06,0
8688,control,2026-03-07,0
8689,treatment,2026-03-13,0
8690,treatment,2026-03-14,0
8691,treatment,2026-03-06,0
8692,treatment,2026-03-13,1
8693,treatment,2026-03-15,0
8694,control,2026-03-02,0
8695,control,2026-03-13,1
8696,control,2026-03-11,0
8697,control,2026-03-14,0
8698,control,2026-03-05,0
8699,control,2026-03-12,0
8700,treatment,2026-03-11,0
8701,control,2026-03-13,0
8702,treatment,2026-03-13,1
8703,treatment,2026-03-03,0
8704,control,2026-03-10,0
8705,treatment,2026-03-06,0
8706,control,2026-03-02,0
8707,control,2026-03-15,0
8708,treatment,2026-03-04,0
8709,control,2026-03-02,0
8710,treatment,2026-03-06,0
8711,treatment,2026-03-13,0
8712,control,2026-03-06,0
8713,treatment,2026-03-11,0
8714,control,2026-03-15,1
8715,control,2026-03-06,0
8716,control,2026-03-06,0
8717,treatment,2026-03-05,1
8718,treatment,2026-03-14,0
8719,treatment,2026-03-07,1
8720,control,2026-03-13,0
8721,treatment,2026-03-15,0
8722,treatment,2026-03-09,0
8723,treatment,2026-03-06,0
8724,control,2026-03-07,0
8725,treatment,2026-03-05,1
8726,control,2026-03-12,0
8727,treatment,2026-03-13,0
8728,treatment,2026-03-15,0
8729,control,2026-03-06,0
8730,treatment,2026-03-14,0
8731,treatment,2026-03-12,1
8732,treatment,2026-03-15,1
8733,treatment,2026-03-05,0
8734,control,2026-03-14,0
8735,control,2026-03-10,0
8736,control,2026-03-15,0
8737,control,2026-03-02,1
8738,control,2026-03-05,0
8739,treatment,2026-03-05,0
8740,treatment,2026-03-02,0
8741,treatment,2026-03-13,0
8742,control,2026-03-15,1
8743,control,2026-03-07,1
8744,control,2026-03-14,0
8745,treatment,2026-03-08,0
8746,treatment,2026-03-08,0
8747,treatment,2026-03-02,1
8748,control,2026-03-08,0
8749,treatment,2026-03-05,1
8750,control,2026-03-05,1
8751,treatment,2026-03-15,1
8752,control,2026-03-08,1
8753,treatment,2026-03-14,1
8754,treatment,2026-03-15,0
8755,treatment,2026-03-05,0
8756,treatment,2026-03-14,1
8757,treatment,2026-03-08,0
8758,control,2026-03-12,1
8759,control,2026-03-08,0
8760,treatment,2026-03-07,0
8761,control,2026-03-12,0
8762,treatment,2026-03-03,1
8763,control,2026-03-08,1
8764,control,2026-03-08,0
8765,control,2026-03-10,0
8766,control,2026-03-11,0
8767,treatment,2026-03-07,0
8768,control,2026-03-15,0
8769,treatment,2026-03-11,0
8770,control,2026-03-12,0
8771,treatment,2026-03-13,1
8772,treatment,2026-03-07,0
8773,control,2026-03-10,0
8774,treatment,2026-03-05,0
8775,treatment,2026-03-06,1
8776,treatment,2026-03-14,0
8777,control,2026-03-05,0
8778,control,2026-03-15,0
8779,control,2026-03-12,0
8780,treatment,2026-03-04,0
8781,control,2026-03-12,0
8782,control,2026-03-14,0
8783,treatment,2026-03-03,0
8784,control,2026-03-09,1
8785,control,2026-03-13,0
8786,treatment,2026-03-09,1
8787,control,2026-03-07,0
8788,treatment,2026-03-10,0
8789,treatment,2026-03-02,1
8790,control,2026-03-03,1
8791,treatment,2026-03-02,0
8792,treatment,2026-03-04,0
8793,control,2026-03-09,0
8794,treatment,2026-03-11,1
8795,treatment,2026-03-10,0
8796,treatment,2026-03-12,1
8797,control,2026-03-15,1
8798,treatment,2026-03-03,1
8799,treatment,2026-03-09,0
8800,treatment,2026-03-06,0
8801,treatment,2026-03-14,1
8802,treatment,2026-03-03,0
8803,control,2026-03-04,1
8804,control,2026-03-04,0
8805,treatment,2026-03-12,1
8806,treatment,2026-03-13,1
8807,treatment,2026-03-02,1
8808,treatment,2026-03-11,1
8809,control,2026-03-06,1
8810,treatment,2026-03-04,0
8811,control,2026-03-15,1
8812,control,2026-03-11,1
8813,control,2026-03-08,1
8814,treatment,2026-03-13,0
8815,treatment,2026-03-09,0
8816,treatment,2026-03-06,1
8817,treatment,2026-03-11,0
8818,treatment,2026-03-14,0
8819,control,2026-03-06,0
8820,treatment,2026-03-15,0
8821,treatment,2026-03-11,0
8822,control,2026-03-05,1
8823,treatment,2026-03-11,0
8824,treatment,2026-03-11,0
8825,control,2026-03-08,0
8826,treatment,2026-03-14,1
8827,treatment,2026-03-10,0
8828,control,2026-03-10,0
8829,control,2026-03-13,1
8830,control,2026-03-05,0
8831,treatment,2026-03-03,1
8832,control,2026-03-04,1
8833,treatment,2026-03-14,0
8834,treatment,2026-03-08,0
8835,control,2026-03-15,0
8836,control,2026-03-09,1
8837,control,2026-03-02,0
8838,treatment,2026-03-09,0
8839,treatment,2026-03-11,1
8840,control,2026-03-03,1
8841,treatment,2026-03-04,0
8842,treatment,2026-03-06,1
8843,treatment,2026-03-09,1
8844,control,2026-03-05,0
8845,treatment,2026-03-06,0
8846,treatment,2026-03-15,0
8847,treatment,2026-03-08,1
8848,control,2026-03-12,0
8849,treatment,2026-03-14,0
8850,treatment,2026-03-06,0
8851,control,2026-03-05,0
8852,treatment,2026-03-06,1
8853,treatment,2026-03-11,0
8854,control,2026-03-08,1
8855,control,2026-03-10,1
8856,treatment,2026-03-02,1
8857,control,2026-03-11,0
8858,treatment,2026-03-05,0
8859,control,2026-03-08,1
8860,control,2026-03-10,1
8861,treatment,2026-03-10,0
8862,control,2026-03-14,1
8863,treatment,2026-03-12,0
8864,treatment,2026-03-02,1
8865,treatment,2026-03-10,1
8866,control,2026-03-03,1
8867,treatment,2026-03-11,0
8868,treatment,2026-03-12,0
8869,control,2026-03-04,1
8870,treatment,2026-03-05,0
8871,treatment,2026-03-11,1
8872,treatment,2026-03-12,1
8873,treatment,2026-03-05,0
8874,treatment,2026-03-07,0
8875,treatment,2026-03-12,0
8876,treatment,2026-03-15,1
8877,control,2026-03-04,1
8878,control,2026-03-10,1
8879,treatment,2026-03-09,0
8880,control,2026-03-14,0
8881,treatment,2026-03-13,0
8882,treatment,2026-03-15,0
8883,treatment,2026-03-07,0
8884,treatment,2026-03-11,1
8885,control,2026-03-15,0
8886,control,2026-03-04,0
8887,treatment,2026-03-02,1
8888,control,2026-03-14,0
8889,control,2026-03-02,0
8890,control,2026-03-05,1
8891,treatment,2026-03-02,0
8892,control,2026-03-14,1
8893,control,2026-03-07,0
8894,control,2026-03-15,0
8895,control,2026-03-15,0
8896,control,2026-03-13,1
8897,treatment,2026-03-15,0
8898,control,2026-03-13,0
8899,treatment,2026-03-02,1
8900,control,2026-03-02,1
8901,treatment,2026-03-15,0
8902,control,2026-03-03,0
8903,control,2026-03-06,0
8904,control,2026-03-12,0
8905,control,2026-03-15,0
8906,treatment,2026-03-05,0
8907,control,2026-03-06,1
8908,control,2026-03-07,0
8909,control,2026-03-14,0
8910,treatment,2026-03-12,1
8911,treatment,2026-03-12,0
8912,control,2026-03-12,1
8913,treatment,2026-03-02,0
8914,treatment,2026-03-06,0
8915,treatment,2026-03-08,1
8916,treatment,2026-03-11,1
8917,control,2026-03-06,1
8918,control,2026-03-11,0
8919,treatment,2026-03-10,0
8920,control,2026-03-06,0
8921,treatment,2026-03-10,1
8922,control,2026-03-14,1
8923,treatment,2026-03-04,0
8924,treatment,2026-03-07,0
8925,treatment,2026-03-15,1
8926,control,2026-03-07,1
8927,control,2026-03-02,1
8928,treatment,2026-03-03,0
8929,control,2026-03-10,1
8930,treatment,2026-03-15,0
8931,treatment,2026-03-12,1
8932,treatment,2026-03-14,0
8933,control,2026-03-05,0
8934,control,2026-03-14,0
8935,treatment,2026-03-08,0
8936,treatment,2026-03-07,0
8937,control,2026-03-15,1
8938,treatment,2026-03-12,0
8939,control,2026-03-14,0
8940,treatment,2026-03-07,1
8941,treatment,2026-03-02,0
8942,treatment,2026-03-05,0
8943,treatment,2026-03-02,0
8944,treatment,2026-03-04,1
8945,treatment,2026-03-05,1
8946,control,2026-03-11,0
8947,control,2026-03-06,0
8948,treatment,2026-03-03,1
8949,treatment,2026-03-11,0
8950,treatment,2026-03-06,0
8951,treatment,2026-03-13,0
8952,control,2026-03-09,1
8953,treatment,2026-03-07,0
8954,treatment,2026-03-13,0
8955,control,2026-03-13,0
8956,control,2026-03-06,1
8957,control,2026-03-13,0
8958,control,2026-03-10,0
8959,control,2026-03-02,1
8960,treatment,2026-03-02,1
8961,control,2026-03-07,1
8962,control,2026-03-11,1
8963,control,2026-03-07,1
8964,treatment,2026-03-05,1
8965,treatment,2026-03-08,0
8966,control,2026-03-06,1
8967,control,2026-03-05,0
8968,control,2026-03-14,1
8969,control,2026-03-02,1
8970,treatment,2026-03-08,1
8971,treatment,2026-03-11,1
8972,treatment,2026-03-15,1
8973,treatment,2026-03-03,0
8974,treatment,2026-03-10,1
8975,control,2026-03-02,1
8976,control,2026-03-10,0
8977,control,2026-03-06,1
8978,control,2026-03-12,1
8979,treatment,2026-03-10,0
8980,treatment,2026-03-02,0
8981,treatment,2026-03-11,0
8982,control,2026-03-10,0
8983,treatment,2026-03-12,0
8984,control,2026-03-04,0
8985,treatment,2026-03-03,0
8986,treatment,2026-03-13,1
8987,control,2026-03-10,0
8988,control,2026-03-05,1
8989,control,2026-03-12,0
8990,treatment,2026-03-14,0
8991,control,2026-03-07,0
8992,control,2026-03-05,1
8993,control,2026-03-05,1
8994,treatment,2026-03-04,1
8995,treatment,2026-03-07,1
8996,treatment,2026-03-04,1
8997,control,2026-03-09,0
8998,control,2026-03-04,1
8999,treatment,2026-03-09,1
9000,treatment,2026-03-10,0
9001,treatment,2026-03-05,0
9002,control,2026-03-04,1
9003,control,2026-03-13,0
9004,control,2026-03-06,1
9005,control,2026-03-02,0
9006,treatment,2026-03-14,1
9007,control,2026-03-13,0
9008,control,2026-03-07,1
9009,treatment,2026-03-05,1
9010,treatment,2026-03-02,0
9011,treatment,2026-03-07,0
9012,treatment,2026-03-13,0
9013,control,2026-03-09,0
9014,treatment,2026-03-03,1
9015,control,2026-03-13,0
9016,control,2026-03-05,1
9017,control,2026-03-13,1
9018,treatment,2026-03-14,0
9019,control,2026-03-12,0
9020,treatment,2026-03-09,1
9021,control,2026-03-08,1
9022,treatment,2026-03-13,1
9023,treatment,2026-03-14,0
9024,control,2026-03-04,1
9025,treatment,2026-03-11,0
9026,treatment,2026-03-13,1
9027,control,2026-03-13,0
9028,treatment,2026-03-04,0
9029,treatment,2026-03-03,0
9030,control,2026-03-03,0
9031,treatment,2026-03-10,0
9032,treatment,2026-03-09,0
9033,control,2026-03-15,1
9034,treatment,2026-03-05,0
9035,control,2026-03-14,1
9036,treatment,2026-03-14,1
9037,treatment,2026-03-12,0
9038,control,2026-03-10,1
9039,treatment,2026-03-14,1
9040,control,2026-03-04,0
9041,control,2026-03-09,1
9042,treatment,2026-03-11,0
9043,control,2026-03-14,0
9044,control,2026-03-02,0
9045,treatment,2026-03-08,0
9046,control,2026-03-14,0
9047,treatment,2026-03-10,0
9048,control,2026-03-12,0
9049,control,2026-03-10,0
9050,control,2026-03-11,0
9051,control,2026-03-02,1
9052,control,2026-03-04,1
9053,control,2026-03-05,0
9054,control,2026-03-14,1
9055,control,2026-03-03,0
9056,treatment,2026-03-04,0
9057,treatment,2026-03-02,0
9058,control,2026-03-14,0
9059,control,2026-03-11,1
9060,treatment,2026-03-15,0
9061,treatment,2026-03-10,0
9062,control,2026-03-15,0
9063,control,2026-03-15,1
9064,control,2026-03-09,1
9065,treatment,2026-03-10,1
9066,treatment,2026-03-13,1
9067,control,2026-03-05,0
9068,treatment,2026-03-08,0
9069,control,2026-03-08,0
9070,treatment,2026-03-11,0
9071,control,2026-03-05,0
9072,control,2026-03-10,0
9073,treatment,2026-03-14,1
9074,control,2026-03-11,0
9075,control,2026-03-04,0
9076,treatment,2026-03-15,1
9077,control,2026-03-09,0
9078,treatment,2026-03-07,1
9079,treatment,2026-03-11,0
9080,control,2026-03-14,0
9081,treatment,2026-03-03,0
9082,treatment,2026-03-15,0
9083,treatment,2026-03-14,1
9084,control,2026-03-09,0
9085,control,2026-03-05,0
9086,control,2026-03-14,0
9087,treatment,2026-03-09,0
9088,control,2026-03-02,0
9089,treatment,2026-03-04,0
9090,treatment,2026-03-03,0
9091,treatment,2026-03-06,0
9092,control,2026-03-04,0
9093,treatment,2026-03-04,1
9094,control,2026-03-14,1
9095,control,2026-03-04,0
9096,control,2026-03-15,1
9097,treatment,2026-03-09,0
9098,treatment,2026-03-15,0
9099,treatment,2026-03-13,0
9100,treatment,2026-03-03,0
9101,control,2026-03-15,1
9102,treatment,2026-03-15,0
9103,control,2026-03-02,0
9104,treatment,2026-03-04,1
9105,treatment,2026-03-11,1
9106,control,2026-03-08,0
9107,control,2026-03-14,1
9108,treatment,2026-03-15,0
9109,control,2026-03-06,0
9110,treatment,2026-03-04,0
9111,control,2026-03-06,1
9112,treatment,2026-03-14,1
9113,treatment,2026-03-12,1
9114,control,2026-03-15,0
9115,control,2026-03-11,0
9116,control,2026-03-11,1
9117,treatment,2026-03-10,1
9118,control,2026-03-06,0
9119,treatment,2026-03-09,1
9120,control,2026-03-14,0
9121,treatment,2026-03-13,0
9122,treatment,2026-03-10,0
9123,treatment,2026-03-08,1
9124,treatment,2026-03-10,0
9125,treatment,2026-03-12,0
9126,treatment,2026-03-05,1
9127,treatment,2026-03-07,0
9128,treatment,2026-03-05,0
9129,control,2026-03-12,0
9130,control,2026-03-15,1
9131,control,2026-03-05,0
9132,control,2026-03-08,0
9133,treatment,2026-03-08,0
9134,control,2026-03-07,0
9135,treatment,2026-03-03,0
9136,treatment,2026-03-03,0
9137,control,2026-03-05,1
9138,treatment,2026-03-05,1
9139,control,2026-03-10,0
9140,control,2026-03-10,0
9141,treatment,2026-03-07,0
9142,control,2026-03-15,0
9143,control,2026-03-05,0
9144,treatment,2026-03-02,0
9145,control,2026-03-12,1
9146,control,2026-03-04,1
9147,treatment,2026-03-12,1
9148,treatment,2026-03-07,0
9149,control,2026-03-15,0
9150,control,2026-03-10,0
9151,treatment,2026-03-10,0
9152,treatment,2026-03-13,1
9153,control,2026-03-05,0
9154,treatment,2026-03-15,1
9155,control,2026-03-11,1
9156,control,2026-03-03,0
9157,treatment,2026-03-14,0
9158,treatment,2026-03-11,0
9159,treatment,2026-03-04,1
9160,control,2026-03-03,0
9161,treatment,2026-03-06,1
9162,treatment,2026-03-09,0
9163,control,2026-03-12,1
9164,treatment,2026-03-11,0
9165,control,2026-03-05,0
9166,treatment,2026-03-07,1
9167,control,2026-03-13,0
9168,treatment,2026-03-11,0
9169,control,2026-03-06,0
9170,control,2026-03-10,0
9171,treatment,2026-03-04,0
9172,treatment,2026-03-12,1
9173,treatment,2026-03-15,0
9174,control,2026-03-06,0
9175,control,2026-03-08,0
9176,control,2026-03-11,0
9177,treatment,2026-03-13,0
9178,control,2026-03-02,0
9179,control,2026-03-14,0
9180,treatment,2026-03-02,0
9181,treatment,2026-03-02,0
9182,treatment,2026-03-02,1
9183,control,2026-03-14,0
9184,control,2026-03-14,1
9185,treatment,2026-03-07,1
9186,treatment,2026-03-12,0
9187,control,2026-03-13,0
9188,treatment,2026-03-03,0
9189,treatment,2026-03-02,0
9190,control,2026-03-12,0
9191,control,2026-03-12,0
9192,control,2026-03-04,0
9193,treatment,2026-03-12,0
9194,control,2026-03-05,0
9195,treatment,2026-03-04,0
9196,treatment,2026-03-11,0
9197,control,2026-03-12,1
9198,treatment,2026-03-07,1
9199,control,2026-03-03,0
9200,treatment,2026-03-15,1
9201,treatment,2026-03-10,0
9202,control,2026-03-13,0
9203,control,2026-03-13,1
9204,treatment,2026-03-08,0
9205,treatment,2026-03-10,0
9206,control,2026-03-09,1
9207,treatment,2026-03-05,0
9208,treatment,2026-03-02,0
9209,treatment,2026-03-08,0
9210,control,2026-03-15,1
9211,treatment,2026-03-04,1
9212,control,2026-03-11,0
9213,treatment,2026-03-06,0
9214,control,2026-03-14,0
9215,control,2026-03-06,0
9216,treatment,2026-03-08,0
9217,control,2026-03-04,0
9218,treatment,2026-03-04,0
9219,control,2026-03-13,1
9220,control,2026-03-07,0
9221,treatment,2026-03-09,0
9222,treatment,2026-03-15,0
9223,treatment,2026-03-05,0
9224,treatment,2026-03-12,1
9225,treatment,2026-03-13,0
9226,control,2026-03-15,1
9227,treatment,2026-03-12,0
9228,control,2026-03-02,0
9229,control,2026-03-07,1
9230,control,2026-03-10,1
9231,treatment,2026-03-09,0
9232,control,2026-03-14,0
9233,treatment,2026-03-09,1
9234,control,2026-03-09,1
9235,control,2026-03-07,0
9236,treatment,2026-03-04,0
9237,control,2026-03-13,1
9238,treatment,2026-03-14,1
9239,treatment,2026-03-15,1
9240,treatment,2026-03-05,0
9241,treatment,2026-03-10,0
9242,control,2026-03-11,0
9243,control,2026-03-03,0
9244,control,2026-03-12,1
9245,treatment,2026-03-06,1
9246,control,2026-03-11,1
9247,treatment,2026-03-09,0
9248,treatment,2026-03-05,1
9249,control,2026-03-14,1
9250,treatment,2026-03-03,1
9251,control,2026-03-12,0
9252,control,2026-03-14,0
9253,treatment,2026-03-13,0
9254,control,2026-03-12,1
9255,control,2026-03-04,0
9256,treatment,2026-03-10,1
9257,control,2026-03-13,0
9258,treatment,2026-03-03,1
9259,treatment,2026-03-10,0
9260,treatment,2026-03-08,0
9261,control,2026-03-04,1
9262,control,2026-03-15,0
9263,treatment,2026-03-13,1
9264,treatment,2026-03-09,0
9265,treatment,2026-03-07,0
9266,control,2026-03-09,0
9267,control,2026-03-07,1
9268,control,2026-03-03,0
9269,control,2026-03-06,0
9270,control,2026-03-04,0
9271,treatment,2026-03-13,0
9272,control,2026-03-15,0
9273,control,2026-03-10,0
9274,control,2026-03-07,0
9275,treatment,2026-03-14,1
9276,control,2026-03-10,1
9277,treatment,2026-03-05,1
9278,treatment,2026-03-05,0
9279,control,2026-03-12,0
9280,treatment,2026-03-06,0
9281,control,2026-03-08,0
9282,control,2026-03-14,0
9283,control,2026-03-15,1
9284,treatment,2026-03-08,1
9285,treatment,2026-03-14,0
9286,treatment,2026-03-06,1
9287,treatment,2026-03-13,1
9288,control,2026-03-15,1
9289,treatment,2026-03-04,0
9290,control,2026-03-03,1
9291,treatment,2026-03-15,0
9292,treatment,2026-03-05,0
9293,control,2026-03-12,1
9294,treatment,2026-03-04,0
9295,control,2026-03-10,0
9296,control,2026-03-06,0
9297,control,2026-03-13,0
9298,control,2026-03-14,0
9299,treatment,2026-03-14,0
9300,control,2026-03-12,0
9301,control,2026-03-08,0
9302,control,2026-03-11,0
9303,control,2026-03-13,1
9304,control,2026-03-05,1
9305,treatment,2026-03-05,0
9306,control,2026-03-03,0
9307,control,2026-03-04,0
9308,control,2026-03-03,0
9309,treatment,2026-03-11,1
9310,control,2026-03-13,0
9311,control,2026-03-11,0
9312,treatment,2026-03-06,0
9313,treatment,2026-03-07,1
9314,control,2026-03-02,0
9315,treatment,2026-03-08,1
9316,control,2026-03-12,0
9317,control,2026-03-14,0
9318,control,2026-03-09,0
9319,control,2026-03-15,0
9320,treatment,2026-03-13,0
9321,control,2026-03-10,0
9322,control,2026-03-02,0
9323,control,2026-03-12,1
9324,control,2026-03-07,0
9325,control,2026-03-06,1
9326,control,2026-03-06,1
9327,control,2026-03-09,1
9328,control,2026-03-02,1
9329,treatment,2026-03-10,0
9330,control,2026-03-02,0
9331,treatment,2026-03-09,1
9332,treatment,2026-03-08,0
9333,control,2026-03-11,0
9334,control,2026-03-10,0
9335,control,2026-03-09,0
9336,treatment,2026-03-14,0
9337,treatment,2026-03-02,0
9338,treatment,2026-03-04,0
9339,control,2026-03-05,0
9340,control,2026-03-13,1
9341,control,2026-03-14,1
9342,control,2026-03-11,0
9343,control,2026-03-04,1
9344,treatment,2026-03-05,0
9345,control,2026-03-05,0
9346,control,2026-03-14,1
9347,control,2026-03-06,0
9348,treatment,2026-03-05,1
9349,control,2026-03-13,0
9350,treatment,2026-03-10,0
9351,control,2026-03-11,0
9352,control,2026-03-09,0
9353,treatment,2026-03-03,0
9354,treatment,2026-03-13,1
9355,control,2026-03-10,1
9356,control,2026-03-14,0
9357,treatment,2026-03-02,0
9358,control,2026-03-14,0
9359,control,2026-03-03,0
9360,treatment,2026-03-11,0
9361,control,2026-03-14,0
9362,treatment,2026-03-10,1
9363,control,2026-03-07,1
9364,control,2026-03-13,0
9365,treatment,2026-03-11,0
9366,treatment,2026-03-04,1
9367,control,2026-03-09,1
9368,control,2026-03-09,1
9369,control,2026-03-03,1
9370,treatment,2026-03-10,0
9371,treatment,2026-03-05,0
9372,control,2026-03-03,1
9373,control,2026-03-11,0
9374,control,2026-03-12,0
9375,control,2026-03-06,0
9376,control,2026-03-04,0
9377,treatment,2026-03-08,0
9378,treatment,2026-03-04,0
9379,control,2026-03-12,0
9380,control,2026-03-09,0
9381,control,2026-03-04,0
9382,treatment,2026-03-03,0
9383,control,2026-03-11,1
9384,treatment,2026-03-02,1
9385,control,2026-03-05,1
9386,treatment,2026-03-15,0
9387,control,2026-03-05,0
9388,treatment,2026-03-11,1
9389,treatment,2026-03-06,1
9390,treatment,2026-03-15,0
9391,control,2026-03-11,1
9392,control,2026-03-07,0
9393,control,2026-03-02,0
9394,treatment,2026-03-06,0
9395,control,2026-03-07,0
9396,control,2026-03-03,1
9397,treatment,2026-03-13,1
9398,treatment,2026-03-07,0
9399,control,2026-03-02,0
9400,control,2026-03-12,0
9401,control,2026-03-13,1
9402,control,2026-03-11,0
9403,treatment,2026-03-09,0
9404,control,2026-03-11,1
9405,treatment,2026-03-02,0
9406,control,2026-03-03,0
9407,treatment,2026-03-04,0
9408,treatment,2026-03-07,0
9409,control,2026-03-09,1
9410,control,2026-03-14,0
9411,treatment,2026-03-11,0
9412,treatment,2026-03-07,1
9413,control,2026-03-15,1
9414,control,2026-03-03,0
9415,treatment,2026-03-05,0
9416,control,2026-03-07,1
9417,control,2026-03-09,0
9418,treatment,2026-03-07,0
9419,treatment,2026-03-09,1
9420,control,2026-03-07,1
9421,treatment,2026-03-07,0
9422,control,2026-03-07,0
9423,treatment,2026-03-06,0
9424,treatment,2026-03-06,0
9425,control,2026-03-07,0
9426,treatment,2026-03-11,0
9427,treatment,2026-03-07,1
9428,control,2026-03-15,0
9429,control,2026-03-05,0
9430,control,2026-03-09,0
9431,control,2026-03-13,0
9432,treatment,2026-03-11,1
9433,treatment,2026-03-09,0
9434,control,2026-03-04,1
9435,control,2026-03-04,1
9436,treatment,2026-03-10,0
9437,treatment,2026-03-15,0
9438,control,2026-03-14,1
9439,control,2026-03-12,1
9440,control,2026-03-10,1
9441,control,2026-03-10,1
9442,control,2026-03-08,1
9443,control,2026-03-02,0
9444,control,2026-03-11,1
9445,treatment,2026-03-13,0
9446,treatment,2026-03-08,0
9447,treatment,2026-03-02,1
9448,treatment,2026-03-12,1
9449,control,2026-03-11,0
9450,treatment,2026-03-12,1
9451,treatment,2026-03-13,1
9452,treatment,2026-03-15,0
9453,treatment,2026-03-07,0
9454,control,2026-03-05,0
9455,control,2026-03-10,0
9456,control,2026-03-07,0
9457,treatment,2026-03-02,0
9458,treatment,2026-03-13,1
9459,treatment,2026-03-09,0
9460,treatment,2026-03-06,0
9461,treatment,2026-03-15,0
9462,treatment,2026-03-05,1
9463,treatment,2026-03-02,1
9464,control,2026-03-10,0
9465,treatment,2026-03-02,1
9466,control,2026-03-13,0
9467,control,2026-03-14,1
9468,treatment,2026-03-08,0
9469,control,2026-03-02,0
9470,treatment,2026-03-11,1
9471,treatment,2026-03-09,0
9472,control,2026-03-15,1
9473,treatment,2026-03-14,0
9474,treatment,2026-03-07,0
9475,control,2026-03-13,1
9476,control,2026-03-15,1
9477,control,2026-03-02,0
9478,treatment,2026-03-08,0
9479,treatment,2026-03-04,0
9480,treatment,2026-03-13,1
9481,treatment,2026-03-07,1
9482,treatment,2026-03-13,0
9483,treatment,2026-03-14,1
9484,control,2026-03-12,1
9485,treatment,2026-03-02,0
9486,control,2026-03-10,1
9487,treatment,2026-03-14,0
9488,control,2026-03-10,0
9489,control,2026-03-11,1
9490,treatment,2026-03-10,0
9491,control,2026-03-03,1
9492,control,2026-03-10,0
9493,treatment,2026-03-06,0
9494,treatment,2026-03-10,0
9495,treatment,2026-03-13,1
9496,treatment,2026-03-02,0
9497,treatment,2026-03-03,1
9498,control,2026-03-06,0
9499,treatment,2026-03-14,0
9500,treatment,2026-03-07,0
9501,treatment,2026-03-06,1
9502,control,2026-03-03,0
9503,treatment,2026-03-13,0
9504,treatment,2026-03-14,0
9505,control,2026-03-07,0
9506,control,2026-03-02,0
9507,control,2026-03-02,0
9508,treatment,2026-03-15,0
9509,treatment,2026-03-15,0
9510,treatment,2026-03-08,1
9511,treatment,2026-03-08,0
9512,control,2026-03-04,0
9513,treatment,2026-03-09,0
9514,control,2026-03-13,1
9515,control,2026-03-13,1
9516,treatment,2026-03-03,0
9517,control,2026-03-12,0
9518,treatment,2026-03-12,0
9519,control,2026-03-14,0
9520,treatment,2026-03-05,0
9521,control,2026-03-15,0
9522,control,2026-03-14,0
9523,control,2026-03-14,1
9524,control,2026-03-09,0
9525,control,2026-03-14,1
9526,treatment,2026-03-11,0
9527,treatment,2026-03-07,0
9528,control,2026-03-08,0
9529,control,2026-03-02,0
9530,treatment,2026-03-05,0
9531,treatment,2026-03-08,1
9532,control,2026-03-10,0
9533,treatment,2026-03-04,0
9534,treatment,2026-03-06,1
9535,treatment,2026-03-03,1
9536,control,2026-03-03,0
9537,treatment,2026-03-10,0
9538,treatment,2026-03-11,0
9539,control,2026-03-09,0
9540,control,2026-03-03,0
9541,control,2026-03-13,0
9542,control,2026-03-14,1
9543,treatment,2026-03-12,0
9544,treatment,2026-03-14,1
9545,control,2026-03-04,0
9546,treatment,2026-03-11,0
9547,control,2026-03-05,0
9548,control,2026-03-03,1
9549,treatment,2026-03-08,0
9550,treatment,2026-03-06,1
9551,control,2026-03-03,1
9552,control,2026-03-15,0
9553,treatment,2026-03-14,1
9554,treatment,2026-03-15,1
9555,control,2026-03-15,0
9556,control,2026-03-04,0
9557,treatment,2026-03-11,0
9558,treatment,2026-03-06,0
9559,treatment,2026-03-08,0
9560,treatment,2026-03-08,0
9561,control,2026-03-02,1
9562,control,2026-03-07,0
9563,control,2026-03-14,0
9564,treatment,2026-03-11,1
9565,control,2026-03-05,1
9566,control,2026-03-04,0
9567,control,2026-03-07,0
9568,treatment,2026-03-02,0
9569,control,2026-03-04,1
9570,control,2026-03-02,0
9571,control,2026-03-14,1
9572,treatment,2026-03-07,0
9573,treatment,2026-03-07,0
9574,control,2026-03-04,1
9575,control,2026-03-08,1
9576,treatment,2026-03-08,0
9577,treatment,2026-03-06,0
9578,control,2026-03-13,0
9579,treatment,2026-03-06,1
9580,treatment,2026-03-05,0
9581,control,2026-03-02,0
9582,control,2026-03-14,1
9583,control,2026-03-09,0
9584,control,2026-03-08,0
9585,treatment,2026-03-07,0
9586,control,2026-03-10,0
9587,treatment,2026-03-11,1
9588,treatment,2026-03-04,0
9589,treatment,2026-03-15,1
9590,control,2026-03-11,0
9591,treatment,2026-03-12,0
9592,treatment,2026-03-11,0
9593,control,2026-03-10,0
9594,treatment,2026-03-10,1
9595,control,2026-03-10,1
9596,treatment,2026-03-15,0
9597,treatment,2026-03-02,0
9598,control,2026-03-10,1
9599,control,2026-03-11,0
9600,treatment,2026-03-14,0
9601,treatment,2026-03-02,0
9602,control,2026-03-13,0
9603,treatment,2026-03-11,0
9604,control,2026-03-12,1
9605,treatment,2026-03-10,0
9606,treatment,2026-03-05,0
9607,control,2026-03-14,0
9608,treatment,2026-03-08,1
9609,control,2026-03-13,0
9610,control,2026-03-13,0
9611,treatment,2026-03-05,1
9612,treatment,2026-03-10,1
9613,control,2026-03-08,0
9614,control,2026-03-06,0
9615,control,2026-03-03,1
9616,control,2026-03-07,1
9617,treatment,2026-03-04,1
9618,control,2026-03-03,0
9619,control,2026-03-07,0
9620,treatment,2026-03-03,0
9621,control,2026-03-10,0
9622,treatment,2026-03-04,0
9623,control,2026-03-06,0
9624,control,2026-03-02,0
9625,treatment,2026-03-07,1
9626,control,2026-03-15,0
9627,treatment,2026-03-05,0
9628,treatment,2026-03-03,0
9629,control,2026-03-07,0
9630,treatment,2026-03-02,0
9631,control,2026-03-12,1
9632,treatment,2026-03-14,0
9633,control,2026-03-15,1
9634,control,2026-03-11,1
9635,control,2026-03-09,0
9636,control,2026-03-06,0
9637,treatment,2026-03-09,0
9638,treatment,2026-03-14,1
9639,control,2026-03-08,1
9640,control,2026-03-07,0
9641,treatment,2026-03-06,0
9642,treatment,2026-03-02,1
9643,treatment,2026-03-11,0
9644,treatment,2026-03-08,1
9645,control,2026-03-05,0
9646,control,2026-03-04,0
9647,control,2026-03-09,1
9648,control,2026-03-13,0
9649,treatment,2026-03-09,0
9650,treatment,2026-03-12,1
9651,treatment,2026-03-04,0
9652,control,2026-03-04,0
9653,treatment,2026-03-12,0
9654,control,2026-03-15,1
9655,control,2026-03-15,0
9656,control,2026-03-15,0
9657,control,2026-03-12,0
9658,control,2026-03-15,1
9659,treatment,2026-03-05,1
9660,control,2026-03-03,1
9661,control,2026-03-06,0
9662,treatment,2026-03-10,0
9663,control,2026-03-09,0
9664,treatment,2026-03-10,0
9665,control,2026-03-04,0
9666,control,2026-03-03,0
9667,treatment,2026-03-08,1
9668,control,2026-03-13,0
9669,control,2026-03-05,0
9670,treatment,2026-03-07,0
9671,treatment,2026-03-14,0
9672,treatment,2026-03-15,0
9673,control,2026-03-05,1
9674,control,2026-03-07,1
9675,control,2026-03-10,1
9676,treatment,2026-03-13,1
9677,control,2026-03-10,0
9678,treatment,2026-03-11,0
9679,treatment,2026-03-11,1
9680,control,2026-03-14,1
9681,treatment,2026-03-13,0
9682,treatment,2026-03-05,1
9683,treatment,2026-03-02,1
9684,treatment,2026-03-14,1
9685,control,2026-03-04,0
9686,treatment,2026-03-15,0
9687,control,2026-03-10,0
9688,control,2026-03-09,1
9689,control,2026-03-09,1
9690,treatment,2026-03-08,0
9691,control,2026-03-09,0
9692,control,2026-03-03,0
9693,treatment,2026-03-04,0
9694,control,2026-03-13,0
9695,control,2026-03-10,1
9696,control,2026-03-04,0
9697,control,2026-03-10,0
9698,control,2026-03-08,0
9699,control,2026-03-12,0
9700,control,2026-03-15,0
9701,control,2026-03-08,1
9702,treatment,2026-03-06,0
9703,control,2026-03-03,0
9704,treatment,2026-03-15,0
9705,control,2026-03-10,0
9706,control,2026-03-11,0
9707,control,2026-03-09,1
9708,treatment,2026-03-09,0
9709,treatment,2026-03-14,0
9710,treatment,2026-03-13,0
9711,control,2026-03-08,1
9712,control,2026-03-12,0
9713,control,2026-03-03,1
9714,control,2026-03-03,0
9715,treatment,2026-03-15,0
9716,treatment,2026-03-13,0
9717,control,2026-03-05,0
9718,control,2026-03-09,0
9719,treatment,2026-03-15,0
9720,control,2026-03-07,0
9721,control,2026-03-05,1
9722,control,2026-03-11,0
9723,control,2026-03-10,1
9724,control,2026-03-12,0
9725,control,2026-03-11,0
9726,control,2026-03-04,0
9727,control,2026-03-10,1
9728,treatment,2026-03-10,0
9729,control,2026-03-10,0
9730,treatment,2026-03-03,0
9731,treatment,2026-03-05,0
9732,control,2026-03-04,0
9733,control,2026-03-15,0
9734,treatment,2026-03-15,0
9735,control,2026-03-14,1
9736,treatment,2026-03-04,1
9737,treatment,2026-03-03,0
9738,control,2026-03-04,0
9739,treatment,2026-03-13,0
9740,control,2026-03-11,1
9741,control,2026-03-10,1
9742,control,2026-03-13,0
9743,control,2026-03-08,1
9744,treatment,2026-03-13,0
9745,control,2026-03-06,0
9746,treatment,2026-03-11,0
9747,control,2026-03-08,0
9748,treatment,2026-03-15,0
9749,control,2026-03-08,0
9750,treatment,2026-03-07,0
9751,control,2026-03-10,0
9752,control,2026-03-03,1
9753,treatment,2026-03-07,1
9754,control,2026-03-06,0
9755,control,2026-03-12,0
9756,control,2026-03-10,0
9757,control,2026-03-13,1
9758,control,2026-03-07,1
9759,control,2026-03-09,0
9760,control,2026-03-03,1
9761,treatment,2026-03-04,0
9762,control,2026-03-10,0
9763,control,2026-03-11,0
9764,treatment,2026-03-03,1
9765,control,2026-03-09,0
9766,treatment,2026-03-14,0
9767,treatment,2026-03-10,0
9768,treatment,2026-03-07,0
9769,control,2026-03-03,1
9770,control,2026-03-02,1
9771,treatment,2026-03-03,1
9772,control,2026-03-07,1
9773,treatment,2026-03-02,1
9774,treatment,2026-03-15,0
9775,control,2026-03-13,0
9776,treatment,2026-03-06,0
9777,control,2026-03-04,1
9778,treatment,2026-03-15,0
9779,treatment,2026-03-15,0
9780,control,2026-03-02,1
9781,treatment,2026-03-02,1
9782,treatment,2026-03-11,0
9783,treatment,2026-03-07,0
9784,treatment,2026-03-13,1
9785,control,2026-03-10,0
9786,treatment,2026-03-06,1
9787,control,2026-03-15,0
9788,control,2026-03-09,0
9789,treatment,2026-03-11,1
9790,control,2026-03-03,0
9791,treatment,2026-03-04,1
9792,treatment,2026-03-15,1
9793,control,2026-03-08,0
9794,control,2026-03-07,1
9795,control,2026-03-02,1
9796,control,2026-03-09,0
9797,treatment,2026-03-02,1
9798,control,2026-03-14,1
9799,treatment,2026-03-07,0
9800,treatment,2026-03-14,1
9801,treatment,2026-03-06,0
9802,control,2026-03-04,0
9803,control,2026-03-09,1
9804,treatment,2026-03-06,0
9805,control,2026-03-02,0
9806,treatment,2026-03-03,1
9807,control,2026-03-13,0
9808,treatment,2026-03-07,0
9809,treatment,2026-03-09,0
9810,control,2026-03-07,0
9811,control,2026-03-08,0
9812,treatment,2026-03-12,0
9813,treatment,2026-03-13,1
9814,treatment,2026-03-10,0
9815,control,2026-03-15,1
9816,treatment,2026-03-12,0
9817,control,2026-03-03,1
9818,control,2026-03-10,1
9819,control,2026-03-11,0
9820,treatment,2026-03-04,0
9821,control,2026-03-13,1
9822,control,2026-03-11,1
9823,control,2026-03-07,0
9824,treatment,2026-03-03,0
9825,treatment,2026-03-12,0
9826,control,2026-03-12,0
9827,treatment,2026-03-03,1
9828,treatment,2026-03-10,1
9829,treatment,2026-03-10,0
9830,treatment,2026-03-15,0
9831,treatment,2026-03-09,0
9832,control,2026-03-07,1
9833,treatment,2026-03-08,1
9834,control,2026-03-05,0
9835,treatment,2026-03-03,0
9836,control,2026-03-06,0
9837,control,2026-03-15,1
9838,control,2026-03-07,0
9839,treatment,2026-03-15,1
9840,treatment,2026-03-09,0
9841,treatment,2026-03-09,0
9842,control,2026-03-08,0
9843,treatment,2026-03-14,0
9844,control,2026-03-08,1
9845,treatment,2026-03-08,0
9846,control,2026-03-11,1
9847,control,2026-03-05,0
9848,control,2026-03-12,0
9849,control,2026-03-10,1
9850,treatment,2026-03-09,0
9851,control,2026-03-06,0
9852,treatment,2026-03-02,1
9853,treatment,2026-03-03,0
9854,control,2026-03-07,1
9855,treatment,2026-03-02,0
9856,treatment,2026-03-09,0
9857,treatment,2026-03-10,1
9858,treatment,2026-03-10,0
9859,control,2026-03-15,0
9860,treatment,2026-03-14,0
9861,treatment,2026-03-10,0
9862,control,2026-03-09,0
9863,treatment,2026-03-11,1
9864,control,2026-03-12,0
9865,treatment,2026-03-14,0
9866,control,2026-03-06,0
9867,treatment,2026-03-11,1
9868,control,2026-03-04,0
9869,control,2026-03-10,0
9870,treatment,2026-03-11,1
9871,control,2026-03-10,0
9872,treatment,2026-03-14,0
9873,control,2026-03-07,1
9874,treatment,2026-03-10,1
9875,control,2026-03-09,0
9876,treatment,2026-03-11,0
9877,control,2026-03-08,1
9878,treatment,2026-03-09,0
9879,control,2026-03-13,0
9880,treatment,2026-03-03,1
9881,treatment,2026-03-11,1
9882,control,2026-03-11,1
9883,treatment,2026-03-15,0
9884,control,2026-03-11,0
9885,control,2026-03-13,0
9886,control,2026-03-04,0
9887,control,2026-03-13,0
9888,control,2026-03-08,0
9889,control,2026-03-09,1
9890,control,2026-03-07,0
9891,treatment,2026-03-09,0
9892,control,2026-03-13,1
9893,treatment,2026-03-12,0
9894,treatment,2026-03-09,0
9895,control,2026-03-08,0
9896,control,2026-03-05,0
9897,treatment,2026-03-08,1
9898,treatment,2026-03-02,1
9899,control,2026-03-04,0
9900,treatment,2026-03-04,0
9901,control,2026-03-11,0
9902,treatment,2026-03-11,0
9903,control,2026-03-12,0
9904,control,2026-03-09,0
9905,control,2026-03-12,1
9906,control,2026-03-06,0
9907,treatment,2026-03-02,1
9908,treatment,2026-03-10,1
9909,treatment,2026-03-14,1
9910,treatment,2026-03-13,0
9911,treatment,2026-03-13,1
9912,control,2026-03-07,0
9913,control,2026-03-09,0
9914,treatment,2026-03-06,1
9915,control,2026-03-04,0
9916,control,2026-03-14,0
9917,treatment,2026-03-07,0
9918,treatment,2026-03-06,0
9919,treatment,2026-03-08,0
9920,treatment,2026-03-07,0
9921,treatment,2026-03-03,0
9922,treatment,2026-03-13,0
9923,control,2026-03-06,0
9924,treatment,2026-03-12,1
9925,control,2026-03-04,0
9926,treatment,2026-03-13,0
9927,treatment,2026-03-03,1
9928,control,2026-03-08,0
9929,control,2026-03-13,1
9930,treatment,2026-03-08,0
9931,treatment,2026-03-08,0
9932,treatment,2026-03-05,0
9933,treatment,2026-03-11,0
9934,treatment,2026-03-12,1
9935,control,2026-03-11,1
9936,control,2026-03-11,0
9937,treatment,2026-03-04,1
9938,treatment,2026-03-04,0
9939,treatment,2026-03-09,0
9940,treatment,2026-03-13,0
9941,control,2026-03-05,0
9942,treatment,2026-03-05,1
9943,treatment,2026-03-05,1
9944,control,2026-03-14,0
9945,treatment,2026-03-02,0
9946,treatment,2026-03-02,0
9947,treatment,2026-03-08,0
9948,control,2026-03-04,0
9949,control,2026-03-03,0
9950,control,2026-03-15,1
9951,treatment,2026-03-03,0
9952,control,2026-03-12,1
9953,control,2026-03-13,1
9954,treatment,2026-03-14,0
9955,treatment,2026-03-04,1
9956,treatment,2026-03-15,0
9957,control,2026-03-08,1
9958,treatment,2026-03-12,1
9959,control,2026-03-11,0
9960,treatment,2026-03-03,0
9961,control,2026-03-13,0
9962,control,2026-03-03,0
9963,control,2026-03-06,0
9964,treatment,2026-03-09,0
9965,treatment,2026-03-11,0
9966,control,2026-03-11,1
9967,control,2026-03-03,0
9968,control,2026-03-10,0
9969,control,2026-03-14,0
9970,control,2026-03-07,0
9971,control,2026-03-12,1
9972,control,2026-03-05,0
9973,control,2026-03-14,0
9974,control,2026-03-12,0
9975,treatment,2026-03-13,0
9976,treatment,2026-03-03,0
9977,control,2026-03-04,1
9978,treatment,2026-03-13,0
9979,control,2026-03-06,0
9980,control,2026-03-08,1
9981,control,2026-03-12,0
9982,treatment,2026-03-15,0
9983,control,2026-03-14,0
9984,control,2026-03-08,0
9985,control,2026-03-14,0
9986,control,2026-03-15,0
9987,control,2026-03-02,0
9988,treatment,2026-03-15,1
9989,treatment,2026-03-11,0
9990,control,2026-03-08,1
9991,treatment,2026-03-12,1
9992,treatment,2026-03-10,0
9993,treatment,2026-03-13,0
9994,treatment,2026-03-12,0
9995,control,2026-03-15,0
9996,treatment,2026-03-04,0
9997,treatment,2026-03-02,1
9998,treatment,2026-03-07,0
9999,control,2026-03-03,0
10000,control,2026-03-10,0
