Date,GDP,GDPC1,UNRATE,ICSA,JTSJOL,JTSQUR,PAYEMS,UMCSENT,RSAFS,PCE,PSAVERT,CPIAUCSL,AHETPI,CES0500000003,HOUST,PERMIT,EXHOSLUSM495S,MORTGAGE30US,INDPRO,MANEMP,BAA10Y,T10Y2Y,T10Y3M,DRTSCILM,WALCL,M2SL,DRSFRMACBS,CCLACBW027SBOG,USALOLITONOSTSAM
2019-01-01,21111.6,20431.641,4.0,,7502.0,2.3,150060.0,91.2,490440.0,14084.6,8.4,252.561,23.13,27.59,1226.0,1254.0,,,103.4021,12790.0,,,,2.8,,14445.7,2.69,,99.67632
2019-01-02,,,,,,,,,,,,,,,,,,,,,2.45,0.16,0.24,,4058378.0,,,807.2253,
2019-01-03,,,,,,,,,,,,,,,,,,4.51,,,2.48,0.17,0.15,,,,,,
2019-01-04,,,,,,,,,,,,,,,,,,,,,2.45,0.17,0.25,,,,,,
2019-01-05,,,,225000.0,,,,,,,,,,,,,,,,,,,,,,,,,
2019-01-07,,,,,,,,,,,,,,,,,,,,,2.42,0.17,0.25,,,,,,
2019-01-08,,,,,,,,,,,,,,,,,,,,,2.39,0.15,0.27,,,,,,
2019-01-09,,,,,,,,,,,,,,,,,,,,,2.39,0.18,0.29,,4056563.0,,,808.9909,
2019-01-10,,,,,,,,,,,,,,,,,,4.45,,,2.42,0.18,0.31,,,,,,
2019-01-11,,,,,,,,,,,,,,,,,,,,,2.42,0.16,0.28,,,,,,
2019-01-12,,,,218000.0,,,,,,,,,,,,,,,,,,,,,,,,,
2019-01-14,,,,,,,,,,,,,,,,,,,,,2.46,0.18,0.26,,,,,,
2019-01-15,,,,,,,,,,,,,,,,,,,,,2.46,0.19,0.27,,,,,,
2019-01-16,,,,,,,,,,,,,,,,,,,,,2.45,0.18,0.3,,4050044.0,,,807.6681,
2019-01-17,,,,,,,,,,,,,,,,,,4.45,,,2.43,0.19,0.33,,,,,,
2019-01-18,,,,,,,,,,,,,,,,,,,,,2.38,0.17,0.38,,,,,,
2019-01-19,,,,214000.0,,,,,,,,,,,,,,,,,,,,,,,,,
2019-01-21,,,,,,,,,,,,,,,,,,,,,,,,,,,,,
2019-01-22,,,,,,,,,,,,,,,,,,,,,2.38,0.16,0.31,,,,,,
2019-01-23,,,,,,,,,,,,,,,,,,,,,2.37,0.18,0.35,,4047052.0,,,809.8026,
2019-01-24,,,,,,,,,,,,,,,,,,4.45,,,2.37,0.16,0.35,,,,,,
2019-01-25,,,,,,,,,,,,,,,,,,,,,2.34,0.16,0.37,,,,,,
2019-01-26,,,,234000.0,,,,,,,,,,,,,,,,,,,,,,,,,
2019-01-28,,,,,,,,,,,,,,,,,,,,,2.36,0.15,0.33,,,,,,
2019-01-29,,,,,,,,,,,,,,,,,,,,,2.36,0.16,0.3,,,,,,
2019-01-30,,,,,,,,,,,,,,,,,,,,,2.37,0.18,0.28,,4039678.0,,,812.9228,
2019-01-31,,,,,,,,,,,,,,,,,,4.46,,,2.38,0.18,0.22,,,,,,
2019-02-01,,,3.8,,7066.0,2.4,150067.0,93.8,491751.0,14117.4,8.5,253.319,23.19,27.69,1121.0,1286.0,,,102.8371,12782.0,2.31,0.18,0.3,,,14480.8,,,99.5174
2019-02-02,,,,232000.0,,,,,,,,,,,,,,,,,,,,,,,,,
2019-02-04,,,,,,,,,,,,,,,,,,,,,2.3,0.2,0.31,,,,,,
2019-02-05,,,,,,,,,,,,,,,,,,,,,2.27,0.18,0.29,,,,,,
2019-02-06,,,,,,,,,,,,,,,,,,,,,2.28,0.18,0.28,,4026350.0,,,812.6904,
2019-02-07,,,,,,,,,,,,,,,,,,4.41,,,2.31,0.17,0.23,,,,,,
2019-02-08,,,,,,,,,,,,,,,,,,,,,2.3,0.18,0.2,,,,,,
2019-02-09,,,,226000.0,,,,,,,,,,,,,,,,,,,,,,,,,
2019-02-11,,,,,,,,,,,,,,,,,,,,,2.3,0.17,0.2,,,,,,
2019-02-12,,,,,,,,,,,,,,,,,,,,,2.3,0.18,0.25,,,,,,
2019-02-13,,,,,,,,,,,,,,,,,,,,,2.27,0.18,0.27,,4028431.0,,,812.7111,
2019-02-14,,,,,,,,,,,,,,,,,,4.37,,,2.3,0.16,0.23,,,,,,
2019-02-15,,,,,,,,,,,,,,,,,,,,,2.28,0.14,0.23,,,,,,
2019-02-16,,,,211000.0,,,,,,,,,,,,,,,,,,,,,,,,,
2019-02-18,,,,,,,,,,,,,,,,,,,,,,,,,,,,,
2019-02-19,,,,,,,,,,,,,,,,,,,,,2.28,0.15,0.2,,,,,,
2019-02-20,,,,,,,,,,,,,,,,,,,,,2.23,0.15,0.2,,3981420.0,,,813.1523,
2019-02-21,,,,,,,,,,,,,,,,,,4.35,,,2.23,0.16,0.24,,,,,,
2019-02-22,,,,,,,,,,,,,,,,,,,,,2.25,0.17,0.19,,,,,,
2019-02-23,,,,221000.0,,,,,,,,,,,,,,,,,,,,,,,,,
2019-02-25,,,,,,,,,,,,,,,,,,,,,2.23,0.16,0.2,,,,,,
2019-02-26,,,,,,,,,,,,,,,,,,,,,2.24,0.16,0.19,,,,,,
2019-02-27,,,,,,,,,,,,,,,,,,,,,2.25,0.19,0.24,,3974590.0,,,815.3447,
2019-02-28,,,,,,,,,,,,,,,,,,4.35,,,2.22,0.21,0.28,,,,,,
2019-03-01,,,3.8,,7317.0,2.3,150295.0,98.4,499292.0,14248.6,7.9,254.277,23.29,27.77,1191.0,1295.0,,,102.8757,12788.0,2.22,0.21,0.32,,,14525.9,,,99.38998
2019-03-02,,,,216000.0,,,,,,,,,,,,,,,,,,,,,,,,,
2019-03-04,,,,,,,,,,,,,,,,,,,,,2.22,0.17,0.26,,,,,,
2019-03-05,,,,,,,,,,,,,,,,,,,,,2.22,0.17,0.26,,,,,,
2019-03-06,,,,,,,,,,,,,,,,,,,,,2.25,0.17,0.22,,3969134.0,,,814.9755,
2019-03-07,,,,,,,,,,,,,,,,,,4.41,,,2.25,0.17,0.19,,,,,,
2019-03-08,,,,,,,,,,,,,,,,,,,,,2.27,0.17,0.16,,,,,,
2019-03-09,,,,218000.0,,,,,,,,,,,,,,,,,,,,,,,,,
2019-03-11,,,,,,,,,,,,,,,,,,,,,2.27,0.17,0.18,,,,,,
2019-03-12,,,,,,,,,,,,,,,,,,,,,2.25,0.16,0.15,,,,,,
2019-03-13,,,,,,,,,,,,,,,,,,,,,2.26,0.16,0.16,,3971559.0,,,815.7736,
2019-03-14,,,,,,,,,,,,,,,,,,4.31,,,2.27,0.17,0.18,,,,,,
2019-03-15,,,,,,,,,,,,,,,,,,,,,2.28,0.16,0.14,,,,,,
2019-03-16,,,,212000.0,,,,,,,,,,,,,,,,,,,,,,,,,
2019-03-18,,,,,,,,,,,,,,,,,,,,,2.27,0.15,0.16,,,,,,
2019-03-19,,,,,,,,,,,,,,,,,,,,,2.27,0.15,0.15,,,,,,
2019-03-20,,,,,,,,,,,,,,,,,,,,,2.29,0.14,0.06,,3962748.0,,,817.3649,
2019-03-21,,,,,,,,,,,,,,,,,,4.28,,,2.28,0.13,0.05,,,,,,
2019-03-22,,,,,,,,,,,,,,,,,,,,,2.3,0.13,-0.02,,,,,,
2019-03-23,,,,210000.0,,,,,,,,,,,,,,,,,,,,,,,,,
2019-03-25,,,,,,,,,,,,,,,,,,,,,2.28,0.17,-0.03,,,,,,
2019-03-26,,,,,,,,,,,,,,,,,,,,,2.3,0.17,-0.05,,,,,,
2019-03-27,,,,,,,,,,,,,,,,,,,,,2.28,0.17,-0.05,,3955617.0,,,817.9337,
2019-03-28,,,,,,,,,,,,,,,,,,4.06,,,2.27,0.16,-0.04,,,,,,
2019-03-29,,,,,,,,,,,,,,,,,,,,,2.26,0.14,0.01,,,,,,
2019-03-30,,,,203000.0,,,,,,,,,,,,,,,,,,,,,,,,,
2019-04-01,21397.938,20602.275,3.7,,7272.0,2.3,150591.0,97.2,499343.0,14290.0,7.6,255.233,23.33,27.79,1272.0,1322.0,,,102.274,12785.0,2.24,0.16,0.06,-4.2,,14554.2,2.6,,99.27512
2019-04-02,,,,,,,,,,,,,,,,,,,,,2.24,0.18,0.06,,,,,,
2019-04-03,,,,,,,,,,,,,,,,,,,,,2.23,0.19,0.08,,3935509.0,,,818.2833,
2019-04-04,,,,,,,,,,,,,,,,,,4.08,,,2.22,0.18,0.07,,,,,,
2019-04-05,,,,,,,,,,,,,,,,,,,,,2.22,0.15,0.06,,,,,,
2019-04-06,,,,196000.0,,,,,,,,,,,,,,,,,,,,,,,,,
2019-04-08,,,,,,,,,,,,,,,,,,,,,2.21,0.16,0.09,,,,,,
2019-04-09,,,,,,,,,,,,,,,,,,,,,2.19,0.16,0.09,,,,,,
2019-04-10,,,,,,,,,,,,,,,,,,,,,2.21,0.17,0.05,,3936784.0,,,817.6806,
2019-04-11,,,,,,,,,,,,,,,,,,4.12,,,2.2,0.16,0.08,,,,,,
2019-04-12,,,,,,,,,,,,,,,,,,,,,2.15,0.16,0.12,,,,,,
2019-04-13,,,,197000.0,,,,,,,,,,,,,,,,,,,,,,,,,
2019-04-15,,,,,,,,,,,,,,,,,,,,,2.15,0.15,0.12,,,,,,
2019-04-16,,,,,,,,,,,,,,,,,,,,,2.12,0.19,0.17,,,,,,
2019-04-17,,,,,,,,,,,,,,,,,,,,,2.13,0.19,0.15,,3931827.0,,,818.6036,
2019-04-18,,,,,,,,,,,,,,,,,,4.17,,,2.12,0.19,0.15,,,,,,
2019-04-19,,,,,,,,,,,,,,,,,,,,,,,,,,,,,
2019-04-20,,,,222000.0,,,,,,,,,,,,,,,,,,,,,,,,,
2019-04-22,,,,,,,,,,,,,,,,,,,,,2.14,0.21,0.15,,,,,,
2019-04-23,,,,,,,,,,,,,,,,,,,,,2.14,0.21,0.12,,,,,,
2019-04-24,,,,,,,,,,,,,,,,,,,,,2.14,0.21,0.09,,3928273.0,,,818.3655,
2019-04-25,,,,,,,,,,,,,,,,,,4.2,,,2.14,0.21,0.11,,,,,,
2019-04-26,,,,,,,,,,,,,,,,,,,,,2.13,0.23,0.09,,,,,,
2019-04-27,,,,224000.0,,,,,,,,,,,,,,,,,,,,,,,,,
2019-04-29,,,,,,,,,,,,,,,,,,,,,2.13,0.24,0.1,,,,,,
2019-04-30,,,,,,,,,,,,,,,,,,,,,2.14,0.24,0.08,,,,,,
2019-05-01,,,3.6,,7275.0,2.3,150618.0,100.0,504741.0,14353.3,7.3,255.296,23.4,27.88,1293.0,1347.0,,,102.392,12778.0,2.11,0.21,0.09,,3889691.0,14652.0,,819.9101,99.17093
2019-05-02,,,,,,,,,,,,,,,,,,4.14,,,2.12,0.2,0.08,,,,,,
2019-05-03,,,,,,,,,,,,,,,,,,,,,2.11,0.21,0.11,,,,,,
2019-05-04,,,,225000.0,,,,,,,,,,,,,,,,,,,,,,,,,
2019-05-06,,,,,,,,,,,,,,,,,,,,,2.14,0.2,0.07,,,,,,
2019-05-07,,,,,,,,,,,,,,,,,,,,,2.17,0.17,0.02,,,,,,
2019-05-08,,,,,,,,,,,,,,,,,,,,,2.17,0.19,0.06,,3892216.0,,,821.2398,
2019-05-09,,,,,,,,,,,,,,,,,,4.1,,,2.21,0.19,0.02,,,,,,
2019-05-10,,,,,,,,,,,,,,,,,,,,,2.2,0.21,0.04,,,,,,
2019-05-11,,,,212000.0,,,,,,,,,,,,,,,,,,,,,,,,,
2019-05-13,,,,,,,,,,,,,,,,,,,,,2.25,0.22,-0.01,,,,,,
2019-05-14,,,,,,,,,,,,,,,,,,,,,2.24,0.22,0.01,,,,,,
2019-05-15,,,,,,,,,,,,,,,,,,,,,2.26,0.21,-0.05,,3864749.0,,,821.4318,
2019-05-16,,,,,,,,,,,,,,,,,,4.07,,,2.24,0.2,0.0,,,,,,
2019-05-17,,,,,,,,,,,,,,,,,,,,,2.24,0.19,0.0,,,,,,
2019-05-18,,,,215000.0,,,,,,,,,,,,,,,,,,,,,,,,,
2019-05-20,,,,,,,,,,,,,,,,,,,,,2.24,0.2,0.02,,,,,,
2019-05-21,,,,,,,,,,,,,,,,,,,,,2.23,0.17,0.04,,,,,,
2019-05-22,,,,,,,,,,,,,,,,,,,,,2.26,0.16,0.01,,3860435.0,,,823.6102,
2019-05-23,,,,,,,,,,,,,,,,,,4.06,,,2.28,0.19,-0.06,,,,,,
2019-05-24,,,,,,,,,,,,,,,,,,,,,2.31,0.16,-0.03,,,,,,
2019-05-25,,,,222000.0,,,,,,,,,,,,,,,,,,,,,,,,,
2019-05-27,,,,,,,,,,,,,,,,,,,,,,,,,,,,,
2019-05-28,,,,,,,,,,,,,,,,,,,,,2.32,0.14,-0.11,,,,,,
2019-05-29,,,,,,,,,,,,,,,,,,,,,2.33,0.16,-0.12,,3851444.0,,,826.3477,
2019-05-30,,,,,,,,,,,,,,,,,,3.99,,,2.33,0.16,-0.16,,,,,,
2019-05-31,,,,,,,,,,,,,,,,,,,,,2.37,0.19,-0.21,,,,,,
2019-06-01,,,3.6,223000.0,7194.0,2.3,150838.0,98.2,505251.0,14408.7,7.1,255.213,23.48,27.97,1243.0,1299.0,,,102.4375,12787.0,,,,,,14771.0,,,99.08028
2019-06-03,,,,,,,,,,,,,,,,,,,,,2.42,0.25,-0.28,,,,,,
2019-06-04,,,,,,,,,,,,,,,,,,,,,2.42,0.24,-0.23,,,,,,
2019-06-05,,,,,,,,,,,,,,,,,,,,,2.45,0.29,-0.23,,3847645.0,,,826.6976,
2019-06-06,,,,,,,,,,,,,,,,,,3.82,,,2.44,0.24,-0.21,,,,,,
2019-06-07,,,,,,,,,,,,,,,,,,,,,2.42,0.24,-0.19,,,,,,
2019-06-08,,,,226000.0,,,,,,,,,,,,,,,,,,,,,,,,,
2019-06-10,,,,,,,,,,,,,,,,,,,,,2.39,0.25,-0.14,,,,,,
2019-06-11,,,,,,,,,,,,,,,,,,,,,2.38,0.22,-0.12,,,,,,
2019-06-12,,,,,,,,,,,,,,,,,,,,,2.41,0.25,-0.11,,3849955.0,,,827.6652,
2019-06-13,,,,,,,,,,,,,,,,,,3.82,,,2.42,0.27,-0.09,,,,,,
2019-06-14,,,,,,,,,,,,,,,,,,,,,2.42,0.25,-0.11,,,,,,
2019-06-15,,,,217000.0,,,,,,,,,,,,,,,,,,,,,,,,,
2019-06-17,,,,,,,,,,,,,,,,,,,,,2.41,0.23,-0.14,,,,,,
2019-06-18,,,,,,,,,,,,,,,,,,,,,2.4,0.2,-0.16,,,,,,
2019-06-19,,,,,,,,,,,,,,,,,,,,,2.41,0.29,-0.15,,3844016.0,,,826.138,
2019-06-20,,,,,,,,,,,,,,,,,,3.84,,,2.38,0.29,-0.13,,,,,,
2019-06-21,,,,,,,,,,,,,,,,,,,,,2.35,0.3,-0.04,,,,,,
2019-06-22,,,,234000.0,,,,,,,,,,,,,,,,,,,,,,,,,
2019-06-24,,,,,,,,,,,,,,,,,,,,,2.33,0.3,-0.11,,,,,,
2019-06-25,,,,,,,,,,,,,,,,,,,,,2.34,0.29,-0.12,,,,,,
2019-06-26,,,,,,,,,,,,,,,,,,,,,2.32,0.28,-0.1,,3826817.0,,,824.1994,
2019-06-27,,,,,,,,,,,,,,,,,,3.73,,,2.31,0.27,-0.13,,,,,,
2019-06-28,,,,,,,,,,,,,,,,,,,,,2.31,0.25,-0.12,,,,,,
2019-06-29,,,,226000.0,,,,,,,,,,,,,,,,,,,,,,,,,
2019-07-01,21717.171,20843.322,3.7,,7042.0,2.4,150937.0,98.4,509091.0,14496.0,6.8,255.802,23.53,28.03,1240.0,1379.0,,,101.9408,12790.0,2.29,0.25,-0.18,-2.8,,14853.1,2.44,,99.00743
2019-07-02,,,,,,,,,,,,,,,,,,,,,2.29,0.21,-0.22,,,,,,
2019-07-03,,,,,,,,,,,,,,,,,,3.75,,,2.26,0.19,-0.25,,3813198.0,,,822.8621,
2019-07-04,,,,,,,,,,,,,,,,,,,,,,,,,,,,,
2019-07-05,,,,,,,,,,,,,,,,,,,,,2.26,0.17,-0.19,,,,,,
2019-07-06,,,,215000.0,,,,,,,,,,,,,,,,,,,,,,,,,
2019-07-08,,,,,,,,,,,,,,,,,,,,,2.23,0.17,-0.21,,,,,,
2019-07-09,,,,,,,,,,,,,,,,,,,,,2.22,0.15,-0.19,,,,,,
2019-07-10,,,,,,,,,,,,,,,,,,,,,2.25,0.25,-0.13,,3815038.0,,,824.8948,
2019-07-11,,,,,,,,,,,,,,,,,,3.75,,,2.25,0.28,-0.04,,,,,,
2019-07-12,,,,,,,,,,,,,,,,,,,,,2.25,0.28,-0.02,,,,,,
2019-07-13,,,,211000.0,,,,,,,,,,,,,,,,,,,,,,,,,
2019-07-15,,,,,,,,,,,,,,,,,,,,,2.25,0.26,-0.07,,,,,,
2019-07-16,,,,,,,,,,,,,,,,,,,,,2.23,0.26,-0.02,,,,,,
2019-07-17,,,,,,,,,,,,,,,,,,,,,2.24,0.23,-0.08,,3808110.0,,,824.1712,
2019-07-18,,,,,,,,,,,,,,,,,,3.81,,,2.27,0.27,-0.01,,,,,,
2019-07-19,,,,,,,,,,,,,,,,,,,,,2.26,0.25,-0.01,,,,,,
2019-07-20,,,,202000.0,,,,,,,,,,,,,,,,,,,,,,,,,
2019-07-22,,,,,,,,,,,,,,,,,,,,,2.24,0.25,-0.04,,,,,,
2019-07-23,,,,,,,,,,,,,,,,,,,,,2.23,0.25,0.02,,,,,,
2019-07-24,,,,,,,,,,,,,,,,,,,,,2.15,0.22,-0.05,,3803436.0,,,825.6328,
2019-07-25,,,,,,,,,,,,,,,,,,3.75,,,2.14,0.22,-0.02,,,,,,
2019-07-26,,,,,,,,,,,,,,,,,,,,,2.13,0.22,-0.04,,,,,,
2019-07-27,,,,206000.0,,,,,,,,,,,,,,,,,,,,,,,,,
2019-07-29,,,,,,,,,,,,,,,,,,,,,2.13,0.21,-0.06,,,,,,
2019-07-30,,,,,,,,,,,,,,,,,,,,,2.14,0.21,-0.02,,,,,,
2019-07-31,,,,,,,,,,,,,,,,,,,,,2.13,0.13,-0.06,,3779102.0,,,829.0651,
2019-08-01,,,3.6,,7178.0,2.3,151169.0,89.8,512561.0,14558.2,6.9,256.036,23.61,28.14,1375.0,1482.0,,3.75,102.639,12789.0,2.17,0.17,-0.17,,,14934.3,,,98.96103
2019-08-02,,,,,,,,,,,,,,,,,,,,,2.18,0.14,-0.2,,,,,,
2019-08-03,,,,208000.0,,,,,,,,,,,,,,,,,,,,,,,,,
2019-08-05,,,,,,,,,,,,,,,,,,,,,2.24,0.16,-0.3,,,,,,
2019-08-06,,,,,,,,,,,,,,,,,,,,,2.25,0.13,-0.32,,,,,,
2019-08-07,,,,,,,,,,,,,,,,,,,,,2.23,0.12,-0.31,,3781543.0,,,829.627,
2019-08-08,,,,,,,,,,,,,,,,,,3.6,,,2.25,0.1,-0.3,,,,,,
2019-08-09,,,,,,,,,,,,,,,,,,,,,2.23,0.11,-0.26,,,,,,
2019-08-10,,,,212000.0,,,,,,,,,,,,,,,,,,,,,,,,,
2019-08-12,,,,,,,,,,,,,,,,,,,,,2.23,0.07,-0.35,,,,,,
2019-08-13,,,,,,,,,,,,,,,,,,,,,2.22,0.02,-0.32,,,,,,
2019-08-14,,,,,,,,,,,,,,,,,,,,,2.23,0.01,-0.37,,3786018.0,,,830.6398,
2019-08-15,,,,,,,,,,,,,,,,,,3.6,,,2.27,0.04,-0.39,,,,,,
2019-08-16,,,,,,,,,,,,,,,,,,,,,2.26,0.07,-0.32,,,,,,
2019-08-17,,,,207000.0,,,,,,,,,,,,,,,,,,,,,,,,,
2019-08-19,,,,,,,,,,,,,,,,,,,,,2.29,0.07,-0.34,,,,,,
2019-08-20,,,,,,,,,,,,,,,,,,,,,2.3,0.05,-0.39,,,,,,
2019-08-21,,,,,,,,,,,,,,,,,,,,,2.25,0.03,-0.38,,3764866.0,,,831.8242,
2019-08-22,,,,,,,,,,,,,,,,,,3.55,,,2.25,0.01,-0.38,,,,,,
2019-08-23,,,,,,,,,,,,,,,,,,,,,2.27,0.01,-0.45,,,,,,
2019-08-24,,,,213000.0,,,,,,,,,,,,,,,,,,,,,,,,,
2019-08-26,,,,,,,,,,,,,,,,,,,,,2.27,0.0,-0.47,,,,,,
2019-08-27,,,,,,,,,,,,,,,,,,,,,2.26,-0.04,-0.49,,,,,,
2019-08-28,,,,,,,,,,,,,,,,,,,,,2.26,-0.03,-0.52,,3759946.0,,,830.662,
2019-08-29,,,,,,,,,,,,,,,,,,3.58,,,2.27,-0.03,-0.49,,,,,,
2019-08-30,,,,,,,,,,,,,,,,,,,,,2.26,0.0,-0.49,,,,,,
2019-08-31,,,,215000.0,,,,,,,,,,,,,,,,,,,,,,,,,
2019-09-01,,,3.5,,7124.0,2.3,151365.0,93.2,509282.0,14590.6,7.0,256.43,23.68,28.16,1311.0,1469.0,,,102.2917,12787.0,,,,,,15031.0,,,98.96491
2019-09-02,,,,,,,,,,,,,,,,,,,,,,,,,,,,,
2019-09-03,,,,,,,,,,,,,,,,,,,,,2.28,0.0,-0.51,,,,,,
2019-09-04,,,,,,,,,,,,,,,,,,,,,2.29,0.04,-0.5,,3761508.0,,,833.2898,
2019-09-05,,,,,,,,,,,,,,,,,,3.49,,,2.28,0.02,-0.4,,,,,,
2019-09-06,,,,,,,,,,,,,,,,,,,,,2.26,0.02,-0.41,,,,,,
2019-09-07,,,,207000.0,,,,,,,,,,,,,,,,,,,,,,,,,
2019-09-09,,,,,,,,,,,,,,,,,,,,,2.23,0.05,-0.33,,,,,,
2019-09-10,,,,,,,,,,,,,,,,,,,,,2.22,0.05,-0.23,,,,,,
2019-09-11,,,,,,,,,,,,,,,,,,,,,2.22,0.07,-0.21,,3769673.0,,,831.2402,
2019-09-12,,,,,,,,,,,,,,,,,,3.56,,,2.22,0.07,-0.16,,,,,,
2019-09-13,,,,,,,,,,,,,,,,,,,,,2.21,0.11,-0.06,,,,,,
2019-09-14,,,,205000.0,,,,,,,,,,,,,,,,,,,,,,,,,
2019-09-16,,,,,,,,,,,,,,,,,,,,,2.2,0.1,-0.15,,,,,,
2019-09-17,,,,,,,,,,,,,,,,,,,,,2.21,0.09,-0.18,,,,,,
2019-09-18,,,,,,,,,,,,,,,,,,,,,2.18,0.03,-0.15,,3844695.0,,,832.3112,
2019-09-19,,,,,,,,,,,,,,,,,,3.73,,,2.17,0.05,-0.14,,,,,,
2019-09-20,,,,,,,,,,,,,,,,,,,,,2.19,0.05,-0.17,,,,,,
2019-09-21,,,,211000.0,,,,,,,,,,,,,,,,,,,,,,,,,
2019-09-23,,,,,,,,,,,,,,,,,,,,,2.17,0.04,-0.22,,,,,,
2019-09-24,,,,,,,,,,,,,,,,,,,,,2.2,0.04,-0.28,,,,,,
2019-09-25,,,,,,,,,,,,,,,,,,,,,2.2,0.05,-0.16,,3857715.0,,,831.803,
2019-09-26,,,,,,,,,,,,,,,,,,3.64,,,2.18,0.04,-0.13,,,,,,
2019-09-27,,,,,,,,,,,,,,,,,,,,,2.19,0.06,-0.11,,,,,,
2019-09-28,,,,215000.0,,,,,,,,,,,,,,,,,,,,,,,,,
2019-09-30,,,,,,,,,,,,,,,,,,,,,2.2,0.05,-0.2,,,,,,
2019-10-01,21933.217,20985.448,3.6,,7289.0,2.3,151460.0,95.5,510648.0,14617.4,7.1,257.155,23.75,28.24,1325.0,1523.0,,,101.4281,12733.0,2.22,0.09,-0.17,5.4,,15166.9,2.34,,99.01381
2019-10-02,,,,,,,,,,,,,,,,,,,,,2.26,0.12,-0.19,,3945831.0,,,832.4275,
2019-10-03,,,,,,,,,,,,,,,,,,3.65,,,2.29,0.15,-0.16,,,,,,
2019-10-04,,,,,,,,,,,,,,,,,,,,,2.29,0.12,-0.19,,,,,,
2019-10-05,,,,209000.0,,,,,,,,,,,,,,,,,,,,,,,,,
2019-10-07,,,,,,,,,,,,,,,,,,,,,2.28,0.1,-0.19,,,,,,
2019-10-08,,,,,,,,,,,,,,,,,,,,,2.3,0.12,-0.18,,,,,,
2019-10-09,,,,,,,,,,,,,,,,,,,,,2.29,0.12,-0.1,,3949955.0,,,832.8839,
2019-10-10,,,,,,,,,,,,,,,,,,3.57,,,2.27,0.14,-0.01,,,,,,
2019-10-11,,,,,,,,,,,,,,,,,,,,,2.22,0.13,0.08,,,,,,
2019-10-12,,,,215000.0,,,,,,,,,,,,,,,,,,,,,,,,,
2019-10-14,,,,,,,,,,,,,,,,,,,,,,,,,,,,,
2019-10-15,,,,,,,,,,,,,,,,,,,,,2.21,0.16,0.1,,,,,,
2019-10-16,,,,,,,,,,,,,,,,,,,,,2.22,0.17,0.09,,3966471.0,,,840.9291,
2019-10-17,,,,,,,,,,,,,,,,,,3.69,,,2.21,0.16,0.1,,,,,,
2019-10-18,,,,,,,,,,,,,,,,,,,,,2.21,0.18,0.1,,,,,,
2019-10-19,,,,210000.0,,,,,,,,,,,,,,,,,,,,,,,,,
2019-10-21,,,,,,,,,,,,,,,,,,,,,2.19,0.18,0.13,,,,,,
2019-10-22,,,,,,,,,,,,,,,,,,,,,2.17,0.18,0.13,,,,,,
2019-10-23,,,,,,,,,,,,,,,,,,,,,2.18,0.19,0.12,,3968700.0,,,840.9798,
2019-10-24,,,,,,,,,,,,,,,,,,3.75,,,2.17,0.19,0.1,,,,,,
2019-10-25,,,,,,,,,,,,,,,,,,,,,2.16,0.17,0.14,,,,,,
2019-10-26,,,,215000.0,,,,,,,,,,,,,,,,,,,,,,,,,
2019-10-28,,,,,,,,,,,,,,,,,,,,,2.16,0.21,0.2,,,,,,
2019-10-29,,,,,,,,,,,,,,,,,,,,,2.15,0.2,0.21,,,,,,
2019-10-30,,,,,,,,,,,,,,,,,,,,,2.17,0.17,0.16,,4019823.0,,,843.3221,
2019-10-31,,,,,,,,,,,,,,,,,,3.78,,,2.18,0.17,0.15,,,,,,
2019-11-01,,,3.6,,6888.0,2.3,151667.0,96.8,514215.0,14711.0,6.9,257.879,23.83,28.34,1353.0,1535.0,,,101.9372,12777.0,2.16,0.17,0.21,,,15276.4,,,99.08697
2019-11-02,,,,214000.0,,,,,,,,,,,,,,,,,,,,,,,,,
2019-11-04,,,,,,,,,,,,,,,,,,,,,2.16,0.19,0.26,,,,,,
2019-11-05,,,,,,,,,,,,,,,,,,,,,2.15,0.23,0.3,,,,,,
2019-11-06,,,,,,,,,,,,,,,,,,,,,2.14,0.2,0.25,,4039443.0,,,842.6624,
2019-11-07,,,,,,,,,,,,,,,,,,3.69,,,2.13,0.24,0.36,,,,,,
2019-11-08,,,,,,,,,,,,,,,,,,,,,2.11,0.26,0.39,,,,,,
2019-11-09,,,,227000.0,,,,,,,,,,,,,,,,,,,,,,,,,
2019-11-11,,,,,,,,,,,,,,,,,,,,,,,,,,,,,
2019-11-12,,,,,,,,,,,,,,,,,,,,,2.1,0.26,0.33,,,,,,
2019-11-13,,,,,,,,,,,,,,,,,,,,,2.11,0.25,0.31,,4047882.0,,,843.7757,
2019-11-14,,,,,,,,,,,,,,,,,,3.75,,,2.13,0.24,0.25,,,,,,
2019-11-15,,,,,,,,,,,,,,,,,,,,,2.13,0.23,0.27,,,,,,
2019-11-16,,,,229000.0,,,,,,,,,,,,,,,,,,,,,,,,,
2019-11-18,,,,,,,,,,,,,,,,,,,,,2.14,0.21,0.24,,,,,,
2019-11-19,,,,,,,,,,,,,,,,,,,,,2.13,0.19,0.22,,,,,,
2019-11-20,,,,,,,,,,,,,,,,,,,,,2.16,0.17,0.16,,4030249.0,,,842.3047,
2019-11-21,,,,,,,,,,,,,,,,,,3.66,,,2.15,0.17,0.19,,,,,,
2019-11-22,,,,,,,,,,,,,,,,,,,,,2.14,0.16,0.19,,,,,,
2019-11-23,,,,221000.0,,,,,,,,,,,,,,,,,,,,,,,,,
2019-11-25,,,,,,,,,,,,,,,,,,,,,2.13,0.15,0.15,,,,,,
2019-11-26,,,,,,,,,,,,,,,,,,,,,2.11,0.16,0.14,,,,,,
2019-11-27,,,,,,,,,,,,,,,,,,3.68,,,2.09,0.14,0.15,,4052875.0,,,837.947,
2019-11-28,,,,,,,,,,,,,,,,,,,,,,,,,,,,,
2019-11-29,,,,,,,,,,,,,,,,,,,,,2.08,0.17,0.19,,,,,,
2019-11-30,,,,231000.0,,,,,,,,,,,,,,,,,,,,,,,,,
2019-12-01,,,3.6,,6699.0,2.3,151794.0,99.3,515866.0,14774.8,6.2,258.63,23.85,28.38,1548.0,1443.0,,,101.7003,12760.0,,,,,,15347.6,,,99.15616
2019-12-02,,,,,,,,,,,,,,,,,,,,,2.11,0.22,0.23,,,,,,
2019-12-03,,,,,,,,,,,,,,,,,,,,,2.11,0.19,0.15,,,,,,
2019-12-04,,,,,,,,,,,,,,,,,,,,,2.11,0.19,0.22,,4065696.0,,,841.3704,
2019-12-05,,,,,,,,,,,,,,,,,,3.68,,,2.09,0.22,0.26,,,,,,
2019-12-06,,,,,,,,,,,,,,,,,,,,,2.07,0.23,0.31,,,,,,
2019-12-07,,,,247000.0,,,,,,,,,,,,,,,,,,,,,,,,,
2019-12-09,,,,,,,,,,,,,,,,,,,,,2.05,0.2,0.29,,,,,,
2019-12-10,,,,,,,,,,,,,,,,,,,,,2.01,0.2,0.29,,,,,,
2019-12-11,,,,,,,,,,,,,,,,,,,,,2.04,0.18,0.22,,4095491.0,,,844.0509,
2019-12-12,,,,,,,,,,,,,,,,,,3.73,,,2.02,0.24,0.34,,,,,,
2019-12-13,,,,,,,,,,,,,,,,,,,,,2.02,0.21,0.25,,,,,,
2019-12-14,,,,236000.0,,,,,,,,,,,,,,,,,,,,,,,,,
2019-12-16,,,,,,,,,,,,,,,,,,,,,2.0,0.24,0.32,,,,,,
2019-12-17,,,,,,,,,,,,,,,,,,,,,1.99,0.26,0.33,,,,,,
2019-12-18,,,,,,,,,,,,,,,,,,,,,1.98,0.29,0.36,,4137052.0,,,842.8486,
2019-12-19,,,,,,,,,,,,,,,,,,3.73,,,1.96,0.3,0.35,,,,,,
2019-12-20,,,,,,,,,,,,,,,,,,,,,1.96,0.29,0.34,,,,,,
2019-12-21,,,,230000.0,,,,,,,,,,,,,,,,,,,,,,,,,
2019-12-23,,,,,,,,,,,,,,,,,,,,,1.96,0.29,0.34,,,,,,
2019-12-24,,,,,,,,,,,,,,,,,,,,,1.97,0.28,0.32,,,,,,
2019-12-25,,,,,,,,,,,,,,,,,,,,,,,,,4165591.0,,,847.6165,
2019-12-26,,,,,,,,,,,,,,,,,,3.74,,,1.97,0.26,0.32,,,,,,
2019-12-27,,,,,,,,,,,,,,,,,,,,,1.96,0.29,0.31,,,,,,
2019-12-28,,,,231000.0,,,,,,,,,,,,,,,,,,,,,,,,,
2019-12-30,,,,,,,,,,,,,,,,,,,,,1.97,0.32,0.33,,,,,,
2019-12-31,,,,,,,,,,,,,,,,,,,,,1.98,0.34,0.37,,,,,,
2020-01-01,21751.238,20709.212,3.6,,7124.0,2.3,152031.0,99.8,515119.0,14868.3,6.8,259.127,23.91,28.43,1581.0,1495.0,,,101.0338,12745.0,,,,0.0,4173626.0,15416.3,2.35,847.4672,99.18732
2020-01-02,,,,,,,,,,,,,,,,,,3.72,,,1.98,0.3,0.34,,,,,,
2020-01-03,,,,,,,,,,,,,,,,,,,,,1.99,0.27,0.28,,,,,,
2020-01-04,,,,224000.0,,,,,,,,,,,,,,,,,,,,,,,,,
2020-01-06,,,,,,,,,,,,,,,,,,,,,2.02,0.27,0.25,,,,,,
2020-01-07,,,,,,,,,,,,,,,,,,,,,2.03,0.29,0.29,,,,,,
2020-01-08,,,,,,,,,,,,,,,,,,,,,2.05,0.29,0.33,,4149544.0,,,848.7057,
2020-01-09,,,,,,,,,,,,,,,,,,3.64,,,2.03,0.27,0.31,,,,,,
2020-01-10,,,,,,,,,,,,,,,,,,,,,1.99,0.27,0.29,,,,,,
2020-01-11,,,,207000.0,,,,,,,,,,,,,,,,,,,,,,,,,
2020-01-13,,,,,,,,,,,,,,,,,,,,,1.99,0.27,0.28,,,,,,
2020-01-14,,,,,,,,,,,,,,,,,,,,,1.99,0.24,0.25,,,,,,
2020-01-15,,,,,,,,,,,,,,,,,,,,,2.01,0.23,0.22,,4175850.0,,,847.0693,
2020-01-16,,,,,,,,,,,,,,,,,,3.65,,,2.0,0.23,0.26,,,,,,
2020-01-17,,,,,,,,,,,,,,,,,,,,,1.98,0.26,0.28,,,,,,
2020-01-18,,,,221000.0,,,,,,,,,,,,,,,,,,,,,,,,,
2020-01-20,,,,,,,,,,,,,,,,,,,,,,,,,,,,,
2020-01-21,,,,,,,,,,,,,,,,,,,,,1.97,0.25,0.22,,,,,,
2020-01-22,,,,,,,,,,,,,,,,,,,,,1.97,0.24,0.22,,4145912.0,,,849.5038,
2020-01-23,,,,,,,,,,,,,,,,,,3.6,,,1.98,0.23,0.19,,,,,,
2020-01-24,,,,,,,,,,,,,,,,,,,,,1.98,0.21,0.16,,,,,,
2020-01-25,,,,210000.0,,,,,,,,,,,,,,,,,,,,,,,,,
2020-01-27,,,,,,,,,,,,,,,,,,,,,2.04,0.17,0.06,,,,,,
2020-01-28,,,,,,,,,,,,,,,,,,,,,2.04,0.2,0.08,,,,,,
2020-01-29,,,,,,,,,,,,,,,,,,,,,2.05,0.18,0.04,,4151630.0,,,850.0029,
2020-01-30,,,,,,,,,,,,,,,,,,3.51,,,2.08,0.16,0.0,,,,,,
2020-01-31,,,,,,,,,,,,,,,,,,,,,2.13,0.18,-0.04,,,,,,
2020-02-01,,,3.5,207000.0,6966.0,2.3,152293.0,101.0,515330.0,14828.1,7.5,259.25,24.03,28.54,1549.0,1455.0,,,101.3735,12743.0,,,,,,15466.6,,,99.15326
2020-02-03,,,,,,,,,,,,,,,,,,,,,2.1,0.18,-0.03,,,,,,
2020-02-04,,,,,,,,,,,,,,,,,,,,,2.09,0.2,0.04,,,,,,
2020-02-05,,,,,,,,,,,,,,,,,,,,,2.07,0.22,0.09,,4166707.0,,,849.5462,
2020-02-06,,,,,,,,,,,,,,,,,,3.45,,,2.05,0.21,0.08,,,,,,
2020-02-07,,,,,,,,,,,,,,,,,,,,,2.05,0.18,0.03,,,,,,
2020-02-08,,,,202000.0,,,,,,,,,,,,,,,,,,,,,,,,,
2020-02-10,,,,,,,,,,,,,,,,,,,,,2.06,0.19,-0.02,,,,,,
2020-02-11,,,,,,,,,,,,,,,,,,,,,2.05,0.18,0.02,,,,,,
2020-02-12,,,,,,,,,,,,,,,,,,,,,2.06,0.18,0.04,,4182689.0,,,849.6585,
2020-02-13,,,,,,,,,,,,,,,,,,3.47,,,2.05,0.17,0.02,,,,,,
2020-02-14,,,,,,,,,,,,,,,,,,,,,2.04,0.17,0.01,,,,,,
2020-02-15,,,,209000.0,,,,,,,,,,,,,,,,,,,,,,,,,
2020-02-17,,,,,,,,,,,,,,,,,,,,,,,,,,,,,
2020-02-18,,,,,,,,,,,,,,,,,,,,,2.05,0.14,-0.03,,,,,,
2020-02-19,,,,,,,,,,,,,,,,,,,,,2.05,0.14,-0.02,,4171570.0,,,850.9445,
2020-02-20,,,,,,,,,,,,,,,,,,3.49,,,2.05,0.13,-0.06,,,,,,
2020-02-21,,,,,,,,,,,,,,,,,,,,,2.09,0.12,-0.1,,,,,,
2020-02-22,,,,218000.0,,,,,,,,,,,,,,,,,,,,,,,,,
2020-02-24,,,,,,,,,,,,,,,,,,,,,2.13,0.12,-0.15,,,,,,
2020-02-25,,,,,,,,,,,,,,,,,,,,,2.19,0.13,-0.2,,,,,,
2020-02-26,,,,,,,,,,,,,,,,,,,,,2.2,0.17,-0.2,,4158637.0,,,852.261,
2020-02-27,,,,,,,,,,,,,,,,,,3.45,,,2.27,0.19,-0.15,,,,,,
2020-02-28,,,,,,,,,,,,,,,,,,,,,2.38,0.27,-0.14,,,,,,
2020-02-29,,,,215000.0,,,,,,,,,,,,,,,,,,,,,,,,,
2020-03-01,,,4.4,,5894.0,1.9,150895.0,89.1,468324.0,13812.8,12.4,258.076,24.12,28.73,1266.0,1346.0,,,97.4078,12684.0,,,,,,15993.4,,,97.89362
2020-03-02,,,,,,,,,,,,,,,,,,,,,2.44,0.26,-0.03,,,,,,
2020-03-03,,,,,,,,,,,,,,,,,,,,,2.48,0.31,0.07,,,,,,
2020-03-04,,,,,,,,,,,,,,,,,,,,,2.47,0.35,0.3,,4241507.0,,,859.925,
2020-03-05,,,,,,,,,,,,,,,,,,3.29,,,2.52,0.33,0.3,,,,,,
2020-03-06,,,,,,,,,,,,,,,,,,,,,2.55,0.25,0.29,,,,,,
2020-03-07,,,,208000.0,,,,,,,,,,,,,,,,,,,,,,,,,
2020-03-09,,,,,,,,,,,,,,,,,,,,,2.93,0.16,0.21,,,,,,
2020-03-10,,,,,,,,,,,,,,,,,,,,,2.93,0.26,0.32,,,,,,
2020-03-11,,,,,,,,,,,,,,,,,,,,,2.99,0.32,0.4,,4311911.0,,,859.6976,
2020-03-12,,,,,,,,,,,,,,,,,,3.36,,,3.2,0.38,0.55,,,,,,
2020-03-13,,,,,,,,,,,,,,,,,,,,,3.3,0.45,0.66,,,,,,
2020-03-14,,,,273000.0,,,,,,,,,,,,,,,,,,,,,,,,,
2020-03-16,,,,,,,,,,,,,,,,,,,,,3.38,0.37,0.49,,,,,,
2020-03-17,,,,,,,,,,,,,,,,,,,,,3.49,0.55,0.83,,,,,,
2020-03-18,,,,,,,,,,,,,,,,,,,,,3.81,0.64,1.16,,4668212.0,,,859.4494,
2020-03-19,,,,,,,,,,,,,,,,,,3.65,,,4.01,0.68,1.08,,,,,,
2020-03-20,,,,,,,,,,,,,,,,,,,,,4.23,0.55,0.87,,,,,,
2020-03-21,,,,2914000.0,,,,,,,,,,,,,,,,,,,,,,,,,
2020-03-23,,,,,,,,,,,,,,,,,,,,,4.31,0.48,0.74,,,,,,
2020-03-24,,,,,,,,,,,,,,,,,,,,,4.19,0.46,0.83,,,,,,
2020-03-25,,,,,,,,,,,,,,,,,,,,,4.13,0.54,0.88,,5254278.0,,,847.5291,
2020-03-26,,,,,,,,,,,,,,,,,,3.5,,,4.04,0.53,0.83,,,,,,
2020-03-27,,,,,,,,,,,,,,,,,,,,,3.98,0.47,0.69,,,,,,
2020-03-28,,,,5946000.0,,,,,,,,,,,,,,,,,,,,,,,,,
2020-03-30,,,,,,,,,,,,,,,,,,,,,3.89,0.47,0.58,,,,,,
2020-03-31,,,,,,,,,,,,,,,,,,,,,3.93,0.47,0.59,,,,,,
2020-04-01,19958.291,19077.992,14.8,,4606.0,1.5,130426.0,71.8,401028.0,12249.2,31.8,256.032,25.14,30.04,936.0,1076.0,,,84.5619,11382.0,3.97,0.39,0.53,41.5,5811607.0,17005.4,2.54,836.8413,93.4837
2020-04-02,,,,,,,,,,,,,,,,,,3.33,,,3.92,0.4,0.54,,,,,,
2020-04-03,,,,,,,,,,,,,,,,,,,,,3.92,0.39,0.52,,,,,,
2020-04-04,,,,6137000.0,,,,,,,,,,,,,,,,,,,,,,,,,
2020-04-06,,,,,,,,,,,,,,,,,,,,,3.91,0.4,0.52,,,,,,
2020-04-07,,,,,,,,,,,,,,,,,,,,,3.79,0.47,0.61,,,,,,
2020-04-08,,,,,,,,,,,,,,,,,,,,,3.75,0.5,0.55,,6083141.0,,,821.1309,
2020-04-09,,,,,,,,,,,,,,,,,,3.33,,,3.61,0.5,0.48,,,,,,
2020-04-10,,,,,,,,,,,,,,,,,,,,,,,,,,,,,
2020-04-11,,,,4869000.0,,,,,,,,,,,,,,,,,,,,,,,,,
2020-04-13,,,,,,,,,,,,,,,,,,,,,3.41,0.51,0.5,,,,,,
2020-04-14,,,,,,,,,,,,,,,,,,,,,3.36,0.53,0.56,,,,,,
2020-04-15,,,,,,,,,,,,,,,,,,,,,3.33,0.43,0.49,,6367887.0,,,803.2946,
2020-04-16,,,,,,,,,,,,,,,,,,3.31,,,3.28,0.41,0.47,,,,,,
2020-04-17,,,,,,,,,,,,,,,,,,,,,3.27,0.45,0.53,,,,,,
2020-04-18,,,,4201000.0,,,,,,,,,,,,,,,,,,,,,,,,,
2020-04-20,,,,,,,,,,,,,,,,,,,,,3.28,0.43,0.51,,,,,,
2020-04-21,,,,,,,,,,,,,,,,,,,,,3.29,0.38,0.47,,,,,,
2020-04-22,,,,,,,,,,,,,,,,,,,,,3.3,0.41,0.51,,6573136.0,,,786.9696,
2020-04-23,,,,,,,,,,,,,,,,,,3.33,,,3.26,0.39,0.5,,,,,,
2020-04-24,,,,,,,,,,,,,,,,,,,,,3.25,0.38,0.48,,,,,,
2020-04-25,,,,3446000.0,,,,,,,,,,,,,,,,,,,,,,,,,
2020-04-27,,,,,,,,,,,,,,,,,,,,,3.24,0.43,0.55,,,,,,
2020-04-28,,,,,,,,,,,,,,,,,,,,,3.25,0.42,0.51,,,,,,
2020-04-29,,,,,,,,,,,,,,,,,,,,,3.24,0.43,0.53,,6655929.0,,,783.8329,
2020-04-30,,,,,,,,,,,,,,,,,,3.23,,,3.23,0.44,0.55,,,,,,
2020-05-01,,,13.2,,5612.0,1.7,133040.0,72.3,478449.0,13281.5,22.6,255.802,24.98,29.72,1039.0,1250.0,,,85.9604,11610.0,3.25,0.44,0.52,,,17852.9,,,94.9228
2020-05-02,,,,2796000.0,,,,,,,,,,,,,,,,,,,,,,,,,
2020-05-04,,,,,,,,,,,,,,,,,,,,,3.28,0.45,0.51,,,,,,
2020-05-05,,,,,,,,,,,,,,,,,,,,,3.28,0.47,0.53,,,,,,
2020-05-06,,,,,,,,,,,,,,,,,,,,,3.31,0.55,0.6,,6721420.0,,,778.0747,
2020-05-07,,,,,,,,,,,,,,,,,,3.26,,,3.34,0.5,0.52,,,,,,
2020-05-08,,,,,,,,,,,,,,,,,,,,,3.37,0.53,0.57,,,,,,
2020-05-09,,,,2335000.0,,,,,,,,,,,,,,,,,,,,,,,,,
2020-05-11,,,,,,,,,,,,,,,,,,,,,3.41,0.56,0.61,,,,,,
2020-05-12,,,,,,,,,,,,,,,,,,,,,3.4,0.52,0.56,,,,,,
2020-05-13,,,,,,,,,,,,,,,,,,,,,3.43,0.48,0.51,,6934227.0,,,775.0011,
2020-05-14,,,,,,,,,,,,,,,,,,3.28,,,3.41,0.47,0.51,,,,,,
2020-05-15,,,,,,,,,,,,,,,,,,,,,3.41,0.48,0.52,,,,,,
2020-05-16,,,,2176000.0,,,,,,,,,,,,,,,,,,,,,,,,,
2020-05-18,,,,,,,,,,,,,,,,,,,,,3.38,0.55,0.6,,,,,,
2020-05-19,,,,,,,,,,,,,,,,,,,,,3.3,0.53,0.57,,,,,,
2020-05-20,,,,,,,,,,,,,,,,,,,,,3.24,0.52,0.56,,7037258.0,,,772.4066,
2020-05-21,,,,,,,,,,,,,,,,,,3.24,,,3.18,0.51,0.56,,,,,,
2020-05-22,,,,,,,,,,,,,,,,,,,,,3.18,0.49,0.54,,,,,,
2020-05-23,,,,1921000.0,,,,,,,,,,,,,,,,,,,,,,,,,
2020-05-25,,,,,,,,,,,,,,,,,,,,,,,,,,,,,
2020-05-26,,,,,,,,,,,,,,,,,,,,,3.14,0.51,0.55,,,,,,
2020-05-27,,,,,,,,,,,,,,,,,,,,,3.11,0.49,0.53,,7097316.0,,,768.6932,
2020-05-28,,,,,,,,,,,,,,,,,,3.15,,,3.1,0.53,0.55,,,,,,
2020-05-29,,,,,,,,,,,,,,,,,,,,,3.08,0.49,0.51,,,,,,
2020-05-30,,,,1639000.0,,,,,,,,,,,,,,,,,,,,,,,,,
2020-06-01,,,11.0,,6129.0,1.9,137671.0,78.1,518038.0,14049.2,18.3,257.042,24.78,29.38,1266.0,1334.0,,,91.5934,11950.0,3.1,0.52,0.52,,,18140.6,,,96.59299
2020-06-02,,,,,,,,,,,,,,,,,,,,,3.08,0.51,0.53,,,,,,
2020-06-03,,,,,,,,,,,,,,,,,,,,,3.02,0.58,0.61,,7165217.0,,,766.7865,
2020-06-04,,,,,,,,,,,,,,,,,,3.18,,,2.99,0.63,0.67,,,,,,
2020-06-05,,,,,,,,,,,,,,,,,,,,,2.86,0.69,0.76,,,,,,
2020-06-06,,,,1575000.0,,,,,,,,,,,,,,,,,,,,,,,,,
2020-06-08,,,,,,,,,,,,,,,,,,,,,2.81,0.66,0.71,,,,,,
2020-06-09,,,,,,,,,,,,,,,,,,,,,2.8,0.64,0.65,,,,,,
2020-06-10,,,,,,,,,,,,,,,,,,,,,2.86,0.58,0.58,,7168936.0,,,766.8038,
2020-06-11,,,,,,,,,,,,,,,,,,3.21,,,2.91,0.47,0.49,,,,,,
2020-06-12,,,,,,,,,,,,,,,,,,,,,2.91,0.52,0.55,,,,,,
2020-06-13,,,,1473000.0,,,,,,,,,,,,,,,,,,,,,,,,,
2020-06-15,,,,,,,,,,,,,,,,,,,,,2.93,0.52,0.53,,,,,,
2020-06-16,,,,,,,,,,,,,,,,,,,,,2.89,0.54,0.58,,,,,,
2020-06-17,,,,,,,,,,,,,,,,,,,,,2.87,0.55,0.57,,7094690.0,,,764.0934,
2020-06-18,,,,,,,,,,,,,,,,,,3.13,,,2.86,0.52,0.55,,,,,,
2020-06-19,,,,,,,,,,,,,,,,,,,,,2.87,0.51,0.55,,,,,,
2020-06-20,,,,1467000.0,,,,,,,,,,,,,,,,,,,,,,,,,
2020-06-22,,,,,,,,,,,,,,,,,,,,,2.86,0.52,0.55,,,,,,
2020-06-23,,,,,,,,,,,,,,,,,,,,,2.87,0.54,0.56,,,,,,
2020-06-24,,,,,,,,,,,,,,,,,,,,,2.89,0.5,0.54,,7082302.0,,,762.4848,
2020-06-25,,,,,,,,,,,,,,,,,,3.13,,,2.92,0.51,0.52,,,,,,
2020-06-26,,,,,,,,,,,,,,,,,,,,,2.92,0.47,0.5,,,,,,
2020-06-27,,,,1446000.0,,,,,,,,,,,,,,,,,,,,,,,,,
2020-06-29,,,,,,,,,,,,,,,,,,,,,2.94,0.48,0.5,,,,,,
2020-06-30,,,,,,,,,,,,,,,,,,,,,2.93,0.5,0.5,,,,,,
2020-07-01,21704.437,20558.879,10.2,,6530.0,2.2,139255.0,72.5,526304.0,14307.2,17.9,258.352,24.69,29.39,1526.0,1546.0,,,95.0256,11973.0,2.89,0.52,0.55,71.2,7009040.0,18297.7,2.83,758.3692,97.98195
2020-07-02,,,,,,,,,,,,,,,,,,3.07,,,2.87,0.52,0.54,,,,,,
2020-07-03,,,,,,,,,,,,,,,,,,,,,,,,,,,,,
2020-07-04,,,,1413000.0,,,,,,,,,,,,,,,,,,,,,,,,,
2020-07-06,,,,,,,,,,,,,,,,,,,,,2.83,0.53,0.54,,,,,,
2020-07-07,,,,,,,,,,,,,,,,,,,,,2.81,0.49,0.5,,,,,,
2020-07-08,,,,,,,,,,,,,,,,,,,,,2.77,0.51,0.52,,6920716.0,,,760.7808,
2020-07-09,,,,,,,,,,,,,,,,,,3.03,,,2.73,0.46,0.49,,,,,,
2020-07-10,,,,,,,,,,,,,,,,,,,,,2.74,0.49,0.52,,,,,,
2020-07-11,,,,1468000.0,,,,,,,,,,,,,,,,,,,,,,,,,
2020-07-13,,,,,,,,,,,,,,,,,,,,,2.74,0.48,0.5,,,,,,
2020-07-14,,,,,,,,,,,,,,,,,,,,,2.71,0.49,0.48,,,,,,
2020-07-15,,,,,,,,,,,,,,,,,,,,,2.71,0.48,0.48,,6958604.0,,,759.6332,
2020-07-16,,,,,,,,,,,,,,,,,,2.98,,,2.69,0.46,0.51,,,,,,
2020-07-17,,,,,,,,,,,,,,,,,,,,,2.68,0.5,0.53,,,,,,
2020-07-18,,,,1393000.0,,,,,,,,,,,,,,,,,,,,,,,,,
2020-07-20,,,,,,,,,,,,,,,,,,,,,2.66,0.46,0.49,,,,,,
2020-07-21,,,,,,,,,,,,,,,,,,,,,2.63,0.47,0.48,,,,,,
2020-07-22,,,,,,,,,,,,,,,,,,,,,2.61,0.46,0.47,,6964755.0,,,758.6488,
2020-07-23,,,,,,,,,,,,,,,,,,3.01,,,2.58,0.43,0.47,,,,,,
2020-07-24,,,,,,,,,,,,,,,,,,,,,2.58,0.45,0.48,,,,,,
2020-07-25,,,,1260000.0,,,,,,,,,,,,,,,,,,,,,,,,,
2020-07-27,,,,,,,,,,,,,,,,,,,,,2.56,0.47,0.51,,,,,,
2020-07-28,,,,,,,,,,,,,,,,,,,,,2.57,0.45,0.48,,,,,,
2020-07-29,,,,,,,,,,,,,,,,,,,,,2.61,0.46,0.47,,6949032.0,,,757.0884,
2020-07-30,,,,,,,,,,,,,,,,,,2.99,,,2.6,0.44,0.46,,,,,,
2020-07-31,,,,,,,,,,,,,,,,,,,,,2.6,0.44,0.46,,,,,,
2020-08-01,,,8.4,1044000.0,6429.0,2.1,140821.0,74.1,530735.0,14462.2,13.9,259.316,24.8,29.49,1396.0,1533.0,,,95.9549,11999.0,,,,,,18364.1,,,98.58877
2020-08-03,,,,,,,,,,,,,,,,,,,,,2.63,0.45,0.46,,,,,,
2020-08-04,,,,,,,,,,,,,,,,,,,,,2.62,0.41,0.43,,,,,,
2020-08-05,,,,,,,,,,,,,,,,,,,,,2.59,0.44,0.45,,6945237.0,,,756.4638,
2020-08-06,,,,,,,,,,,,,,,,,,2.88,,,2.57,0.44,0.45,,,,,,
2020-08-07,,,,,,,,,,,,,,,,,,,,,2.57,0.44,0.47,,,,,,
2020-08-08,,,,884000.0,,,,,,,,,,,,,,,,,,,,,,,,,
2020-08-10,,,,,,,,,,,,,,,,,,,,,2.56,0.45,0.48,,,,,,
2020-08-11,,,,,,,,,,,,,,,,,,,,,2.59,0.48,0.53,,,,,,
2020-08-12,,,,,,,,,,,,,,,,,,,,,2.55,0.53,0.58,,6957277.0,,,754.6925,
2020-08-13,,,,,,,,,,,,,,,,,,2.96,,,2.59,0.55,0.61,,,,,,
2020-08-14,,,,,,,,,,,,,,,,,,,,,2.61,0.57,0.61,,,,,,
2020-08-15,,,,927000.0,,,,,,,,,,,,,,,,,,,,,,,,,
2020-08-17,,,,,,,,,,,,,,,,,,,,,2.64,0.55,0.59,,,,,,
2020-08-18,,,,,,,,,,,,,,,,,,,,,2.64,0.53,0.58,,,,,,
2020-08-19,,,,,,,,,,,,,,,,,,,,,2.65,0.54,0.57,,7010637.0,,,754.4839,
2020-08-20,,,,,,,,,,,,,,,,,,2.99,,,2.65,0.52,0.54,,,,,,
2020-08-21,,,,,,,,,,,,,,,,,,,,,2.64,0.48,0.54,,,,,,
2020-08-22,,,,876000.0,,,,,,,,,,,,,,,,,,,,,,,,,
2020-08-24,,,,,,,,,,,,,,,,,,,,,2.63,0.51,0.53,,,,,,
2020-08-25,,,,,,,,,,,,,,,,,,,,,2.63,0.54,0.58,,,,,,
2020-08-26,,,,,,,,,,,,,,,,,,,,,2.66,0.53,0.58,,6990418.0,,,751.7103,
2020-08-27,,,,,,,,,,,,,,,,,,2.91,,,2.71,0.58,0.63,,,,,,
2020-08-28,,,,,,,,,,,,,,,,,,,,,2.71,0.6,0.64,,,,,,
2020-08-29,,,,881000.0,,,,,,,,,,,,,,,,,,,,,,,,,
2020-08-31,,,,,,,,,,,,,,,,,,,,,2.67,0.58,0.61,,,,,,
2020-09-01,,,7.8,,6511.0,2.2,141770.0,80.4,541302.0,14668.1,13.3,259.997,24.82,29.51,1473.0,1636.0,,,95.9669,12057.0,2.67,0.55,0.56,,,18596.4,,,98.8585
2020-09-02,,,,,,,,,,,,,,,,,,,,,2.64,0.52,0.54,,7017492.0,,,750.6376,
2020-09-03,,,,,,,,,,,,,,,,,,2.93,,,2.64,0.5,0.52,,,,,,
2020-09-04,,,,,,,,,,,,,,,,,,,,,2.68,0.58,0.61,,,,,,
2020-09-05,,,,892000.0,,,,,,,,,,,,,,,,,,,,,,,,,
2020-09-07,,,,,,,,,,,,,,,,,,,,,,,,,,,,,
2020-09-08,,,,,,,,,,,,,,,,,,,,,2.67,0.55,0.56,,,,,,
2020-09-09,,,,,,,,,,,,,,,,,,,,,2.69,0.57,0.59,,7010614.0,,,752.3047,
2020-09-10,,,,,,,,,,,,,,,,,,2.86,,,2.69,0.54,0.56,,,,,,
2020-09-11,,,,,,,,,,,,,,,,,,,,,2.69,0.54,0.56,,,,,,
2020-09-12,,,,861000.0,,,,,,,,,,,,,,,,,,,,,,,,,
2020-09-14,,,,,,,,,,,,,,,,,,,,,2.66,0.54,0.57,,,,,,
2020-09-15,,,,,,,,,,,,,,,,,,,,,2.68,0.54,0.57,,,,,,
2020-09-16,,,,,,,,,,,,,,,,,,,,,2.67,0.55,0.57,,7064475.0,,,751.8689,
2020-09-17,,,,,,,,,,,,,,,,,,2.87,,,2.65,0.56,0.6,,,,,,
2020-09-18,,,,,,,,,,,,,,,,,,,,,2.66,0.56,0.6,,,,,,
2020-09-19,,,,859000.0,,,,,,,,,,,,,,,,,,,,,,,,,
2020-09-21,,,,,,,,,,,,,,,,,,,,,2.66,0.54,0.58,,,,,,
2020-09-22,,,,,,,,,,,,,,,,,,,,,2.66,0.55,0.58,,,,,,
2020-09-23,,,,,,,,,,,,,,,,,,,,,2.68,0.54,0.57,,7093161.0,,,751.2502,
2020-09-24,,,,,,,,,,,,,,,,,,2.9,,,2.7,0.53,0.57,,,,,,
2020-09-25,,,,,,,,,,,,,,,,,,,,,2.74,0.54,0.56,,,,,,
2020-09-26,,,,795000.0,,,,,,,,,,,,,,,,,,,,,,,,,
2020-09-28,,,,,,,,,,,,,,,,,,,,,2.76,0.53,0.56,,,,,,
2020-09-29,,,,,,,,,,,,,,,,,,,,,2.74,0.55,0.57,,,,,,
2020-09-30,,,,,,,,,,,,,,,,,,,,,2.75,0.56,0.59,,7056129.0,,,754.2108,
2020-10-01,22087.16,20791.917,6.9,,6798.0,2.3,142460.0,81.8,539114.0,14725.8,12.8,260.319,24.84,29.54,1543.0,1613.0,,2.88,96.7394,12086.0,2.75,0.54,0.59,37.7,,18751.1,2.75,,99.18831
2020-10-02,,,,,,,,,,,,,,,,,,,,,2.76,0.57,0.61,,,,,,
2020-10-03,,,,785000.0,,,,,,,,,,,,,,,,,,,,,,,,,
2020-10-05,,,,,,,,,,,,,,,,,,,,,2.74,0.64,0.68,,,,,,
2020-10-06,,,,,,,,,,,,,,,,,,,,,2.7,0.62,0.66,,,,,,
2020-10-07,,,,,,,,,,,,,,,,,,,,,2.69,0.65,0.71,,7074649.0,,,752.3857,
2020-10-08,,,,,,,,,,,,,,,,,,2.87,,,2.68,0.65,0.69,,,,,,
2020-10-09,,,,,,,,,,,,,,,,,,,,,2.67,0.63,0.69,,,,,,
2020-10-10,,,,839000.0,,,,,,,,,,,,,,,,,,,,,,,,,
2020-10-12,,,,,,,,,,,,,,,,,,,,,,,,,,,,,
2020-10-13,,,,,,,,,,,,,,,,,,,,,2.65,0.58,0.63,,,,,,
2020-10-14,,,,,,,,,,,,,,,,,,,,,2.64,0.59,0.61,,7151426.0,,,752.9899,
2020-10-15,,,,,,,,,,,,,,,,,,2.81,,,2.65,0.6,0.63,,,,,,
2020-10-16,,,,,,,,,,,,,,,,,,,,,2.64,0.62,0.65,,,,,,
2020-10-17,,,,804000.0,,,,,,,,,,,,,,,,,,,,,,,,,
2020-10-19,,,,,,,,,,,,,,,,,,,,,2.61,0.62,0.67,,,,,,
2020-10-20,,,,,,,,,,,,,,,,,,,,,2.64,0.67,0.71,,,,,,
2020-10-21,,,,,,,,,,,,,,,,,,,,,2.63,0.69,0.73,,7177265.0,,,753.3096,
2020-10-22,,,,,,,,,,,,,,,,,,2.8,,,2.61,0.71,0.78,,,,,,
2020-10-23,,,,,,,,,,,,,,,,,,,,,2.6,0.67,0.75,,,,,,
2020-10-24,,,,776000.0,,,,,,,,,,,,,,,,,,,,,,,,,
2020-10-26,,,,,,,,,,,,,,,,,,,,,2.6,0.65,0.7,,,,,,
2020-10-27,,,,,,,,,,,,,,,,,,,,,2.6,0.63,0.69,,,,,,
2020-10-28,,,,,,,,,,,,,,,,,,,,,2.62,0.63,0.69,,7146306.0,,,751.8569,
2020-10-29,,,,,,,,,,,,,,,,,,2.81,,,2.61,0.69,0.76,,,,,,
2020-10-30,,,,,,,,,,,,,,,,,,,,,2.61,0.74,0.79,,,,,,
2020-10-31,,,,773000.0,,,,,,,,,,,,,,,,,,,,,,,,,
2020-11-01,,,6.7,,6820.0,2.2,142733.0,76.9,533941.0,14701.6,12.0,260.911,24.94,29.64,1543.0,1703.0,,,97.0816,12118.0,,,,,,18978.9,,,99.54637
2020-11-02,,,,,,,,,,,,,,,,,,,,,2.6,0.71,0.78,,,,,,
2020-11-03,,,,,,,,,,,,,,,,,,,,,2.58,0.73,0.8,,,,,,
2020-11-04,,,,,,,,,,,,,,,,,,,,,2.58,0.64,0.68,,7157479.0,,,752.8122,
2020-11-05,,,,,,,,,,,,,,,,,,2.78,,,2.52,0.65,0.69,,,,,,
2020-11-06,,,,,,,,,,,,,,,,,,,,,2.51,0.67,0.73,,,,,,
2020-11-07,,,,737000.0,,,,,,,,,,,,,,,,,,,,,,,,,
2020-11-09,,,,,,,,,,,,,,,,,,,,,2.47,0.79,0.85,,,,,,
2020-11-10,,,,,,,,,,,,,,,,,,,,,2.44,0.79,0.88,,,,,,
2020-11-11,,,,,,,,,,,,,,,,,,,,,,,,,7175417.0,,,752.6853,
2020-11-12,,,,,,,,,,,,,,,,,,2.84,,,2.45,0.71,0.78,,,,,,
2020-11-13,,,,,,,,,,,,,,,,,,,,,2.44,0.72,0.8,,,,,,
2020-11-14,,,,738000.0,,,,,,,,,,,,,,,,,,,,,,,,,
2020-11-16,,,,,,,,,,,,,,,,,,,,,2.42,0.72,0.82,,,,,,
2020-11-17,,,,,,,,,,,,,,,,,,,,,2.42,0.69,0.78,,,,,,
2020-11-18,,,,,,,,,,,,,,,,,,,,,2.39,0.72,0.79,,7243080.0,,,750.3865,
2020-11-19,,,,,,,,,,,,,,,,,,2.72,,,2.35,0.68,0.79,,,,,,
2020-11-20,,,,,,,,,,,,,,,,,,,,,2.35,0.67,0.76,,,,,,
2020-11-21,,,,793000.0,,,,,,,,,,,,,,,,,,,,,,,,,
2020-11-23,,,,,,,,,,,,,,,,,,,,,2.33,0.7,0.78,,,,,,
2020-11-24,,,,,,,,,,,,,,,,,,,,,2.31,0.72,0.79,,,,,,
2020-11-25,,,,,,,,,,,,,,,,,,2.72,,,2.32,0.71,0.79,,7216480.0,,,750.5722,
2020-11-26,,,,,,,,,,,,,,,,,,,,,,,,,,,,,
2020-11-27,,,,,,,,,,,,,,,,,,,,,2.32,0.68,0.75,,,,,,
2020-11-28,,,,737000.0,,,,,,,,,,,,,,,,,,,,,,,,,
2020-11-30,,,,,,,,,,,,,,,,,,,,,2.29,0.68,0.76,,,,,,
2020-12-01,,,6.7,,6773.0,2.4,142548.0,80.7,538548.0,14822.0,11.8,262.045,25.16,29.91,1614.0,1752.0,,,98.363,12153.0,2.28,0.75,0.83,,,19133.0,,,99.92159
2020-12-02,,,,,,,,,,,,,,,,,,,,,2.24,0.79,0.86,,7222414.0,,,748.1582,
2020-12-03,,,,,,,,,,,,,,,,,,2.71,,,2.23,0.76,0.84,,,,,,
2020-12-04,,,,,,,,,,,,,,,,,,,,,2.23,0.81,0.88,,,,,,
2020-12-05,,,,873000.0,,,,,,,,,,,,,,,,,,,,,,,,,
2020-12-07,,,,,,,,,,,,,,,,,,,,,2.22,0.8,0.86,,,,,,
2020-12-08,,,,,,,,,,,,,,,,,,,,,2.22,0.78,0.83,,,,,,
2020-12-09,,,,,,,,,,,,,,,,,,,,,2.24,0.79,0.87,,7242658.0,,,751.1178,
2020-12-10,,,,,,,,,,,,,,,,,,2.71,,,2.22,0.78,0.84,,,,,,
2020-12-11,,,,,,,,,,,,,,,,,,,,,2.23,0.79,0.82,,,,,,
2020-12-12,,,,886000.0,,,,,,,,,,,,,,,,,,,,,,,,,
2020-12-14,,,,,,,,,,,,,,,,,,,,,2.24,0.77,0.81,,,,,,
2020-12-15,,,,,,,,,,,,,,,,,,,,,2.26,0.81,0.84,,,,,,
2020-12-16,,,,,,,,,,,,,,,,,,,,,2.25,0.79,0.83,,7362592.0,,,751.1258,
2020-12-17,,,,,,,,,,,,,,,,,,2.67,,,2.23,0.81,0.86,,,,,,
2020-12-18,,,,,,,,,,,,,,,,,,,,,2.24,0.82,0.87,,,,,,
2020-12-19,,,,815000.0,,,,,,,,,,,,,,,,,,,,,,,,,
2020-12-21,,,,,,,,,,,,,,,,,,,,,2.23,0.82,0.86,,,,,,
2020-12-22,,,,,,,,,,,,,,,,,,,,,2.22,0.8,0.84,,,,,,
2020-12-23,,,,,,,,,,,,,,,,,,,,,2.24,0.83,0.87,,7404039.0,,,751.4209,
2020-12-24,,,,,,,,,,,,,,,,,,2.66,,,2.23,0.81,0.85,,,,,,
2020-12-25,,,,,,,,,,,,,,,,,,,,,,,,,,,,,
2020-12-26,,,,773000.0,,,,,,,,,,,,,,,,,,,,,,,,,
2020-12-28,,,,,,,,,,,,,,,,,,,,,2.22,0.81,0.83,,,,,,
2020-12-29,,,,,,,,,,,,,,,,,,,,,2.22,0.82,0.84,,,,,,
2020-12-30,,,,,,,,,,,,,,,,,,,,,2.2,0.81,0.85,,7363351.0,,,747.752,
2020-12-31,,,,,,,,,,,,,,,,,,2.67,,,2.18,0.8,0.84,,,,,,
2021-01-01,22680.693,21082.134,6.4,,7204.0,2.3,142863.0,79.0,559230.0,15073.0,19.5,262.687,25.16,29.93,1630.0,1855.0,,,98.8822,12142.0,,,,5.5,,19359.5,2.68,,100.2579
2021-01-02,,,,803000.0,,,,,,,,,,,,,,,,,,,,,,,,,
2021-01-04,,,,,,,,,,,,,,,,,,,,,2.19,0.82,0.84,,,,,,
2021-01-05,,,,,,,,,,,,,,,,,,,,,2.23,0.83,0.87,,,,,,
2021-01-06,,,,,,,,,,,,,,,,,,,,,2.27,0.9,0.95,,7334809.0,,,747.5447,
2021-01-07,,,,,,,,,,,,,,,,,,2.65,,,2.23,0.94,0.99,,,,,,
2021-01-08,,,,,,,,,,,,,,,,,,,,,2.19,0.99,1.05,,,,,,
2021-01-09,,,,890000.0,,,,,,,,,,,,,,,,,,,,,,,,,
2021-01-11,,,,,,,,,,,,,,,,,,,,,2.15,1.01,1.07,,,,,,
2021-01-12,,,,,,,,,,,,,,,,,,,,,2.16,1.01,1.06,,,,,,
2021-01-13,,,,,,,,,,,,,,,,,,,,,2.13,0.96,1.01,,7333968.0,,,745.21,
2021-01-14,,,,,,,,,,,,,,,,,,2.79,,,2.12,0.99,1.06,,,,,,
2021-01-15,,,,,,,,,,,,,,,,,,,,,2.13,0.98,1.02,,,,,,
2021-01-16,,,,844000.0,,,,,,,,,,,,,,,,,,,,,,,,,
2021-01-18,,,,,,,,,,,,,,,,,,,,,,,,,,,,,
2021-01-19,,,,,,,,,,,,,,,,,,,,,2.11,0.96,1.01,,,,,,
2021-01-20,,,,,,,,,,,,,,,,,,,,,2.11,0.97,1.02,,7414942.0,,,745.1193,
2021-01-21,,,,,,,,,,,,,,,,,,2.77,,,2.12,0.99,1.03,,,,,,
2021-01-22,,,,,,,,,,,,,,,,,,,,,2.14,0.97,1.02,,,,,,
2021-01-23,,,,799000.0,,,,,,,,,,,,,,,,,,,,,,,,,
2021-01-25,,,,,,,,,,,,,,,,,,,,,2.15,0.92,0.96,,,,,,
2021-01-26,,,,,,,,,,,,,,,,,,,,,2.16,0.94,0.98,,,,,,
2021-01-27,,,,,,,,,,,,,,,,,,,,,2.16,0.92,0.96,,7404926.0,,,742.7216,
2021-01-28,,,,,,,,,,,,,,,,,,2.73,,,2.17,0.95,1.0,,,,,,
2021-01-29,,,,,,,,,,,,,,,,,,,,,2.17,1.0,1.05,,,,,,
2021-01-30,,,,803000.0,,,,,,,,,,,,,,,,,,,,,,,,,
2021-02-01,,,6.2,,7752.0,2.4,143380.0,76.8,544891.0,14983.5,13.0,263.579,25.25,30.05,1404.0,1711.0,,,95.6149,12172.0,2.19,0.98,1.02,,,19596.5,,,100.5935
2021-02-02,,,,,,,,,,,,,,,,,,,,,2.18,1.01,1.05,,,,,,
2021-02-03,,,,,,,,,,,,,,,,,,,,,2.17,1.04,1.11,,7410598.0,,,742.9679,
2021-02-04,,,,,,,,,,,,,,,,,,2.73,,,2.19,1.04,1.11,,,,,,
2021-02-05,,,,,,,,,,,,,,,,,,,,,2.18,1.1,1.16,,,,,,
2021-02-06,,,,812000.0,,,,,,,,,,,,,,,,,,,,,,,,,
2021-02-08,,,,,,,,,,,,,,,,,,,,,2.14,1.08,1.14,,,,,,
2021-02-09,,,,,,,,,,,,,,,,,,,,,2.15,1.07,1.14,,,,,,
2021-02-10,,,,,,,,,,,,,,,,,,,,,2.16,1.04,1.1,,7442225.0,,,743.2743,
2021-02-11,,,,,,,,,,,,,,,,,,2.73,,,2.18,1.05,1.11,,,,,,
2021-02-12,,,,,,,,,,,,,,,,,,,,,2.19,1.09,1.16,,,,,,
2021-02-13,,,,802000.0,,,,,,,,,,,,,,,,,,,,,,,,,
2021-02-15,,,,,,,,,,,,,,,,,,,,,,,,,,,,,
2021-02-16,,,,,,,,,,,,,,,,,,,,,2.15,1.17,1.26,,,,,,
2021-02-17,,,,,,,,,,,,,,,,,,,,,2.13,1.18,1.25,,7557402.0,,,744.0447,
2021-02-18,,,,,,,,,,,,,,,,,,2.81,,,2.13,1.18,1.26,,,,,,
2021-02-19,,,,,,,,,,,,,,,,,,,,,2.14,1.23,1.3,,,,,,
2021-02-20,,,,702000.0,,,,,,,,,,,,,,,,,,,,,,,,,
2021-02-22,,,,,,,,,,,,,,,,,,,,,2.16,1.26,1.34,,,,,,
2021-02-23,,,,,,,,,,,,,,,,,,,,,2.2,1.26,1.33,,,,,,
2021-02-24,,,,,,,,,,,,,,,,,,,,,2.22,1.26,1.35,,7590111.0,,,742.6864,
2021-02-25,,,,,,,,,,,,,,,,,,2.97,,,2.12,1.37,1.5,,,,,,
2021-02-26,,,,,,,,,,,,,,,,,,,,,2.12,1.3,1.4,,,,,,
2021-02-27,,,,704000.0,,,,,,,,,,,,,,,,,,,,,,,,,
2021-03-01,,,6.1,,8470.0,2.5,144232.0,84.9,603581.0,15709.7,26.2,264.961,25.33,30.03,1696.0,1756.0,,,98.3856,12229.0,2.13,1.32,1.4,,,19823.2,,,100.8863
2021-03-02,,,,,,,,,,,,,,,,,,,,,2.15,1.29,1.38,,,,,,
2021-03-03,,,,,,,,,,,,,,,,,,,,,2.14,1.33,1.42,,7557524.0,,,744.1184,
2021-03-04,,,,,,,,,,,,,,,,,,3.02,,,2.13,1.4,1.5,,,,,,
2021-03-05,,,,,,,,,,,,,,,,,,,,,2.13,1.42,1.52,,,,,,
2021-03-06,,,,693000.0,,,,,,,,,,,,,,,,,,,,,,,,,
2021-03-08,,,,,,,,,,,,,,,,,,,,,2.14,1.42,1.54,,,,,,
2021-03-09,,,,,,,,,,,,,,,,,,,,,2.16,1.38,1.5,,,,,,
2021-03-10,,,,,,,,,,,,,,,,,,,,,2.17,1.37,1.49,,7579901.0,,,745.6416,
2021-03-11,,,,,,,,,,,,,,,,,,3.05,,,2.18,1.4,1.5,,,,,,
2021-03-12,,,,,,,,,,,,,,,,,,,,,2.19,1.5,1.6,,,,,,
2021-03-13,,,,699000.0,,,,,,,,,,,,,,,,,,,,,,,,,
2021-03-15,,,,,,,,,,,,,,,,,,,,,2.18,1.48,1.58,,,,,,
2021-03-16,,,,,,,,,,,,,,,,,,,,,2.19,1.47,1.6,,,,,,
2021-03-17,,,,,,,,,,,,,,,,,,,,,2.23,1.5,1.61,,7693506.0,,,743.4162,
2021-03-18,,,,,,,,,,,,,,,,,,3.09,,,2.17,1.55,1.7,,,,,,
2021-03-19,,,,,,,,,,,,,,,,,,,,,2.1,1.58,1.73,,,,,,
2021-03-20,,,,627000.0,,,,,,,,,,,,,,,,,,,,,,,,,
2021-03-22,,,,,,,,,,,,,,,,,,,,,2.08,1.54,1.66,,,,,,
2021-03-23,,,,,,,,,,,,,,,,,,,,,2.11,1.48,1.62,,,,,,
2021-03-24,,,,,,,,,,,,,,,,,,,,,2.1,1.48,1.6,,7719622.0,,,740.3363,
2021-03-25,,,,,,,,,,,,,,,,,,3.17,,,2.11,1.49,1.61,,,,,,
2021-03-26,,,,,,,,,,,,,,,,,,,,,2.09,1.53,1.65,,,,,,
2021-03-27,,,,658000.0,,,,,,,,,,,,,,,,,,,,,,,,,
2021-03-29,,,,,,,,,,,,,,,,,,,,,2.08,1.59,1.7,,,,,,
2021-03-30,,,,,,,,,,,,,,,,,,,,,2.04,1.57,1.71,,,,,,
2021-03-31,,,,,,,,,,,,,,,,,,,,,2.03,1.58,1.71,,7688988.0,,,742.219,
2021-04-01,23425.91,21440.929,6.1,,9356.0,2.7,144587.0,88.3,608961.0,15917.5,12.4,266.614,25.52,30.22,1495.0,1721.0,,3.18,98.5587,12193.0,1.98,1.52,1.67,-15.1,,20161.5,2.48,,101.131
2021-04-02,,,,,,,,,,,,,,,,,,,,,,1.53,1.7,,,,,,
2021-04-03,,,,645000.0,,,,,,,,,,,,,,,,,,,,,,,,,
2021-04-05,,,,,,,,,,,,,,,,,,,,,1.93,1.56,1.7,,,,,,
2021-04-06,,,,,,,,,,,,,,,,,,,,,1.95,1.51,1.65,,,,,,
2021-04-07,,,,,,,,,,,,,,,,,,,,,1.96,1.52,1.66,,7708882.0,,,738.0604,
2021-04-08,,,,,,,,,,,,,,,,,,3.13,,,1.98,1.5,1.63,,,,,,
2021-04-09,,,,,,,,,,,,,,,,,,,,,1.96,1.51,1.65,,,,,,
2021-04-10,,,,571000.0,,,,,,,,,,,,,,,,,,,,,,,,,
2021-04-12,,,,,,,,,,,,,,,,,,,,,1.95,1.51,1.67,,,,,,
2021-04-13,,,,,,,,,,,,,,,,,,,,,1.97,1.48,1.61,,,,,,
2021-04-14,,,,,,,,,,,,,,,,,,,,,1.98,1.48,1.62,,7793104.0,,,736.1418,
2021-04-15,,,,,,,,,,,,,,,,,,3.04,,,1.95,1.4,1.54,,,,,,
2021-04-16,,,,,,,,,,,,,,,,,,,,,1.97,1.43,1.57,,,,,,
2021-04-17,,,,566000.0,,,,,,,,,,,,,,,,,,,,,,,,,
2021-04-19,,,,,,,,,,,,,,,,,,,,,1.99,1.45,1.59,,,,,,
2021-04-20,,,,,,,,,,,,,,,,,,,,,2.0,1.43,1.55,,,,,,
2021-04-21,,,,,,,,,,,,,,,,,,,,,2.01,1.42,1.54,,7820948.0,,,735.1548,
2021-04-22,,,,,,,,,,,,,,,,,,2.97,,,1.99,1.41,1.54,,,,,,
2021-04-23,,,,,,,,,,,,,,,,,,,,,1.99,1.42,1.55,,,,,,
2021-04-24,,,,574000.0,,,,,,,,,,,,,,,,,,,,,,,,,
2021-04-26,,,,,,,,,,,,,,,,,,,,,1.98,1.4,1.55,,,,,,
2021-04-27,,,,,,,,,,,,,,,,,,,,,1.97,1.46,1.62,,,,,,
2021-04-28,,,,,,,,,,,,,,,,,,,,,1.98,1.46,1.62,,7780962.0,,,739.3728,
2021-04-29,,,,,,,,,,,,,,,,,,2.98,,,1.97,1.49,1.64,,,,,,
2021-04-30,,,,,,,,,,,,,,,,,,,,,1.96,1.49,1.64,,,,,,
2021-05-01,,,5.8,517000.0,9905.0,2.6,145065.0,82.9,605282.0,15973.5,10.0,268.383,25.68,30.41,1589.0,1703.0,,,99.4333,12216.0,,,,,,20430.6,,,101.2037
2021-05-03,,,,,,,,,,,,,,,,,,,,,1.96,1.47,1.59,,,,,,
2021-05-04,,,,,,,,,,,,,,,,,,,,,1.97,1.45,1.59,,,,,,
2021-05-05,,,,,,,,,,,,,,,,,,,,,1.98,1.43,1.57,,7810486.0,,,740.4911,
2021-05-06,,,,,,,,,,,,,,,,,,2.96,,,1.96,1.42,1.56,,,,,,
2021-05-07,,,,,,,,,,,,,,,,,,,,,1.97,1.46,1.58,,,,,,
2021-05-08,,,,494000.0,,,,,,,,,,,,,,,,,,,,,,,,,
2021-05-10,,,,,,,,,,,,,,,,,,,,,1.98,1.47,1.61,,,,,,
2021-05-11,,,,,,,,,,,,,,,,,,,,,2.01,1.48,1.63,,,,,,
2021-05-12,,,,,,,,,,,,,,,,,,,,,2.02,1.53,1.67,,7830663.0,,,745.5147,
2021-05-13,,,,,,,,,,,,,,,,,,2.94,,,2.04,1.5,1.64,,,,,,
2021-05-14,,,,,,,,,,,,,,,,,,,,,2.03,1.47,1.62,,,,,,
2021-05-15,,,,467000.0,,,,,,,,,,,,,,,,,,,,,,,,,
2021-05-17,,,,,,,,,,,,,,,,,,,,,2.02,1.48,1.62,,,,,,
2021-05-18,,,,,,,,,,,,,,,,,,,,,2.03,1.48,1.62,,,,,,
2021-05-19,,,,,,,,,,,,,,,,,,,,,2.02,1.52,1.67,,7922883.0,,,750.003,
2021-05-20,,,,,,,,,,,,,,,,,,3.0,,,2.02,1.48,1.62,,,,,,
2021-05-21,,,,,,,,,,,,,,,,,,,,,2.01,1.46,1.62,,,,,,
2021-05-22,,,,441000.0,,,,,,,,,,,,,,,,,,,,,,,,,
2021-05-24,,,,,,,,,,,,,,,,,,,,,2.0,1.46,1.59,,,,,,
2021-05-25,,,,,,,,,,,,,,,,,,,,,2.01,1.41,1.54,,,,,,
2021-05-26,,,,,,,,,,,,,,,,,,,,,1.98,1.44,1.56,,7903541.0,,,752.0651,
2021-05-27,,,,,,,,,,,,,,,,,,2.95,,,1.98,1.47,1.59,,,,,,
2021-05-28,,,,,,,,,,,,,,,,,,,,,1.99,1.44,1.57,,,,,,
2021-05-29,,,,427000.0,,,,,,,,,,,,,,,,,,,,,,,,,
2021-05-31,,,,,,,,,,,,,,,,,,,,,,,,,,,,,
2021-06-01,,,5.9,,10298.0,2.7,145820.0,85.5,611950.0,16191.7,8.8,270.654,25.82,30.54,1650.0,1654.0,,,99.7987,12247.0,1.97,1.46,1.6,,,20472.9,,,101.2113
2021-06-02,,,,,,,,,,,,,,,,,,,,,1.98,1.46,1.57,,7935703.0,,,753.0571,
2021-06-03,,,,,,,,,,,,,,,,,,2.99,,,1.96,1.47,1.61,,,,,,
2021-06-04,,,,,,,,,,,,,,,,,,,,,1.98,1.42,1.54,,,,,,
2021-06-05,,,,420000.0,,,,,,,,,,,,,,,,,,,,,,,,,
2021-06-07,,,,,,,,,,,,,,,,,,,,,1.98,1.41,1.55,,,,,,
2021-06-08,,,,,,,,,,,,,,,,,,,,,1.98,1.39,1.51,,,,,,
2021-06-09,,,,,,,,,,,,,,,,,,,,,1.96,1.34,1.47,,7952327.0,,,755.1144,
2021-06-10,,,,,,,,,,,,,,,,,,2.96,,,2.0,1.31,1.42,,,,,,
2021-06-11,,,,,,,,,,,,,,,,,,,,,1.97,1.31,1.44,,,,,,
2021-06-12,,,,428000.0,,,,,,,,,,,,,,,,,,,,,,,,,
2021-06-14,,,,,,,,,,,,,,,,,,,,,1.96,1.35,1.48,,,,,,
2021-06-15,,,,,,,,,,,,,,,,,,,,,1.96,1.35,1.48,,,,,,
2021-06-16,,,,,,,,,,,,,,,,,,,,,1.91,1.36,1.53,,8064257.0,,,754.902,
2021-06-17,,,,,,,,,,,,,,,,,,2.93,,,1.84,1.29,1.48,,,,,,
2021-06-18,,,,,,,,,,,,,,,,,,,,,1.85,1.19,1.4,,,,,,
2021-06-19,,,,422000.0,,,,,,,,,,,,,,,,,,,,,,,,,
2021-06-21,,,,,,,,,,,,,,,,,,,,,1.88,1.23,1.45,,,,,,
2021-06-22,,,,,,,,,,,,,,,,,,,,,1.9,1.23,1.44,,,,,,
2021-06-23,,,,,,,,,,,,,,,,,,,,,1.89,1.24,1.45,,8101945.0,,,756.8792,
2021-06-24,,,,,,,,,,,,,,,,,,3.02,,,1.88,1.23,1.44,,,,,,
2021-06-25,,,,,,,,,,,,,,,,,,,,,1.9,1.26,1.48,,,,,,
2021-06-26,,,,369000.0,,,,,,,,,,,,,,,,,,,,,,,,,
2021-06-28,,,,,,,,,,,,,,,,,,,,,1.88,1.24,1.44,,,,,,
2021-06-29,,,,,,,,,,,,,,,,,,,,,1.87,1.22,1.45,,,,,,
2021-06-30,,,,,,,,,,,,,,,,,,,,,1.87,1.2,1.4,,8078544.0,,,761.4661,
2021-07-01,23982.379,21617.828,5.4,,11049.0,2.7,146762.0,81.2,601817.0,16239.7,9.5,271.903,25.97,30.66,1597.0,1658.0,,2.98,100.2519,12305.0,1.86,1.23,1.43,-32.4,,20628.2,2.3,,101.1688
2021-07-02,,,,,,,,,,,,,,,,,,,,,1.87,1.2,1.39,,,,,,
2021-07-03,,,,371000.0,,,,,,,,,,,,,,,,,,,,,,,,,
2021-07-05,,,,,,,,,,,,,,,,,,,,,,,,,,,,,
2021-07-06,,,,,,,,,,,,,,,,,,,,,1.9,1.15,1.32,,,,,,
2021-07-07,,,,,,,,,,,,,,,,,,,,,1.89,1.11,1.28,,8097773.0,,,761.3283,
2021-07-08,,,,,,,,,,,,,,,,,,2.9,,,1.91,1.11,1.24,,,,,,
2021-07-09,,,,,,,,,,,,,,,,,,,,,1.91,1.14,1.31,,,,,,
2021-07-10,,,,332000.0,,,,,,,,,,,,,,,,,,,,,,,,,
2021-07-12,,,,,,,,,,,,,,,,,,,,,1.91,1.15,1.33,,,,,,
2021-07-13,,,,,,,,,,,,,,,,,,,,,1.91,1.16,1.37,,,,,,
2021-07-14,,,,,,,,,,,,,,,,,,,,,1.91,1.14,1.31,,8201651.0,,,761.3619,
2021-07-15,,,,,,,,,,,,,,,,,,2.88,,,1.92,1.08,1.26,,,,,,
2021-07-16,,,,,,,,,,,,,,,,,,,,,1.93,1.06,1.26,,,,,,
2021-07-17,,,,387000.0,,,,,,,,,,,,,,,,,,,,,,,,,
2021-07-19,,,,,,,,,,,,,,,,,,,,,1.97,0.98,1.14,,,,,,
2021-07-20,,,,,,,,,,,,,,,,,,,,,1.98,1.03,1.18,,,,,,
2021-07-21,,,,,,,,,,,,,,,,,,,,,1.96,1.08,1.25,,8240530.0,,,763.2518,
2021-07-22,,,,,,,,,,,,,,,,,,2.78,,,1.95,1.07,1.22,,,,,,
2021-07-23,,,,,,,,,,,,,,,,,,,,,1.93,1.08,1.25,,,,,,
2021-07-24,,,,380000.0,,,,,,,,,,,,,,,,,,,,,,,,,
2021-07-26,,,,,,,,,,,,,,,,,,,,,1.94,1.07,1.24,,,,,,
2021-07-27,,,,,,,,,,,,,,,,,,,,,1.95,1.05,1.2,,,,,,
2021-07-28,,,,,,,,,,,,,,,,,,,,,1.96,1.06,1.21,,8221473.0,,,764.6185,
2021-07-29,,,,,,,,,,,,,,,,,,2.8,,,1.94,1.08,1.22,,,,,,
2021-07-30,,,,,,,,,,,,,,,,,,,,,1.95,1.05,1.18,,,,,,
2021-07-31,,,,380000.0,,,,,,,,,,,,,,,,,,,,,,,,,
2021-08-01,,,5.1,,10956.0,2.8,147314.0,70.3,605533.0,16412.9,8.7,272.676,26.12,30.78,1594.0,1736.0,,,100.0437,12353.0,,,,,,20811.1,,,101.1064
2021-08-02,,,,,,,,,,,,,,,,,,,,,1.95,1.03,1.15,,,,,,
2021-08-03,,,,,,,,,,,,,,,,,,,,,1.97,1.02,1.14,,,,,,
2021-08-04,,,,,,,,,,,,,,,,,,,,,1.96,1.02,1.14,,8235073.0,,,767.2331,
2021-08-05,,,,,,,,,,,,,,,,,,2.77,,,1.95,1.02,1.18,,,,,,
2021-08-06,,,,,,,,,,,,,,,,,,,,,1.94,1.1,1.25,,,,,,
2021-08-07,,,,361000.0,,,,,,,,,,,,,,,,,,,,,,,,,
2021-08-09,,,,,,,,,,,,,,,,,,,,,1.95,1.1,1.27,,,,,,
2021-08-10,,,,,,,,,,,,,,,,,,,,,1.95,1.12,1.31,,,,,,
2021-08-11,,,,,,,,,,,,,,,,,,,,,1.99,1.12,1.3,,8257159.0,,,768.5313,
2021-08-12,,,,,,,,,,,,,,,,,,2.87,,,1.99,1.13,1.3,,,,,,
2021-08-13,,,,,,,,,,,,,,,,,,,,,1.98,1.06,1.23,,,,,,
2021-08-14,,,,368000.0,,,,,,,,,,,,,,,,,,,,,,,,,
2021-08-16,,,,,,,,,,,,,,,,,,,,,1.97,1.05,1.2,,,,,,
2021-08-17,,,,,,,,,,,,,,,,,,,,,1.98,1.03,1.19,,,,,,
2021-08-18,,,,,,,,,,,,,,,,,,,,,1.97,1.04,1.2,,8342598.0,,,770.098,
2021-08-19,,,,,,,,,,,,,,,,,,2.86,,,1.98,1.02,1.18,,,,,,
2021-08-20,,,,,,,,,,,,,,,,,,,,,1.96,1.03,1.21,,,,,,
2021-08-21,,,,358000.0,,,,,,,,,,,,,,,,,,,,,,,,,
2021-08-23,,,,,,,,,,,,,,,,,,,,,1.97,1.02,1.2,,,,,,
2021-08-24,,,,,,,,,,,,,,,,,,,,,1.95,1.05,1.24,,,,,,
2021-08-25,,,,,,,,,,,,,,,,,,,,,1.93,1.12,1.29,,8332743.0,,,769.6411,
2021-08-26,,,,,,,,,,,,,,,,,,2.87,,,1.92,1.09,1.29,,,,,,
2021-08-27,,,,,,,,,,,,,,,,,,,,,1.92,1.09,1.26,,,,,,
2021-08-28,,,,353000.0,,,,,,,,,,,,,,,,,,,,,,,,,
2021-08-30,,,,,,,,,,,,,,,,,,,,,1.92,1.09,1.24,,,,,,
2021-08-31,,,,,,,,,,,,,,,,,,,,,1.94,1.1,1.26,,,,,,
2021-09-01,,,4.7,,10879.0,2.9,147771.0,72.8,609671.0,16489.6,7.6,273.91,26.3,30.98,1577.0,1640.0,,,98.8579,12393.0,1.92,1.11,1.26,,8349173.0,20979.1,,769.3425,101.0549
2021-09-02,,,,,,,,,,,,,,,,,,2.87,,,1.92,1.09,1.24,,,,,,
2021-09-03,,,,,,,,,,,,,,,,,,,,,1.91,1.12,1.28,,,,,,
2021-09-04,,,,337000.0,,,,,,,,,,,,,,,,,,,,,,,,,
2021-09-06,,,,,,,,,,,,,,,,,,,,,,,,,,,,,
2021-09-07,,,,,,,,,,,,,,,,,,,,,1.91,1.16,1.33,,,,,,
2021-09-08,,,,,,,,,,,,,,,,,,,,,1.91,1.13,1.3,,8357314.0,,,771.0766,
2021-09-09,,,,,,,,,,,,,,,,,,2.88,,,1.9,1.07,1.26,,,,,,
2021-09-10,,,,,,,,,,,,,,,,,,,,,1.88,1.12,1.3,,,,,,
2021-09-11,,,,344000.0,,,,,,,,,,,,,,,,,,,,,,,,,
2021-09-13,,,,,,,,,,,,,,,,,,,,,1.87,1.12,1.27,,,,,,
2021-09-14,,,,,,,,,,,,,,,,,,,,,1.87,1.07,1.24,,,,,,
2021-09-15,,,,,,,,,,,,,,,,,,,,,1.85,1.1,1.27,,8448770.0,,,771.6425,
2021-09-16,,,,,,,,,,,,,,,,,,2.86,,,1.84,1.11,1.3,,,,,,
2021-09-17,,,,,,,,,,,,,,,,,,,,,1.83,1.14,1.33,,,,,,
2021-09-18,,,,367000.0,,,,,,,,,,,,,,,,,,,,,,,,,
2021-09-20,,,,,,,,,,,,,,,,,,,,,1.84,1.08,1.27,,,,,,
2021-09-21,,,,,,,,,,,,,,,,,,,,,1.83,1.11,1.3,,,,,,
2021-09-22,,,,,,,,,,,,,,,,,,,,,1.83,1.07,1.29,,8489824.0,,,772.3698,
2021-09-23,,,,,,,,,,,,,,,,,,2.88,,,1.81,1.14,1.38,,,,,,
2021-09-24,,,,,,,,,,,,,,,,,,,,,1.8,1.18,1.44,,,,,,
2021-09-25,,,,374000.0,,,,,,,,,,,,,,,,,,,,,,,,,
2021-09-27,,,,,,,,,,,,,,,,,,,,,1.78,1.17,1.44,,,,,,
2021-09-28,,,,,,,,,,,,,,,,,,,,,1.8,1.23,1.5,,,,,,
2021-09-29,,,,,,,,,,,,,,,,,,,,,1.81,1.25,1.51,,8447981.0,,,778.3401,
2021-09-30,,,,,,,,,,,,,,,,,,3.01,,,1.85,1.24,1.48,,,,,,
2021-10-01,24813.6,21988.737,4.5,,11341.0,2.8,148572.0,71.7,618573.0,16704.2,7.0,276.55,26.45,31.14,1579.0,1707.0,,,100.1861,12453.0,1.85,1.21,1.44,-18.2,,21142.2,2.29,,101.0183
2021-10-02,,,,314000.0,,,,,,,,,,,,,,,,,,,,,,,,,
2021-10-04,,,,,,,,,,,,,,,,,,,,,1.85,1.22,1.45,,,,,,
2021-10-05,,,,,,,,,,,,,,,,,,,,,1.84,1.26,1.5,,,,,,
2021-10-06,,,,,,,,,,,,,,,,,,,,,1.84,1.23,1.49,,8464032.0,,,779.1553,
2021-10-07,,,,,,,,,,,,,,,,,,2.99,,,1.85,1.26,1.53,,,,,,
2021-10-08,,,,,,,,,,,,,,,,,,,,,1.84,1.29,1.56,,,,,,
2021-10-09,,,,290000.0,,,,,,,,,,,,,,,,,,,,,,,,,
2021-10-11,,,,,,,,,,,,,,,,,,,,,,,,,,,,,
2021-10-12,,,,,,,,,,,,,,,,,,,,,1.82,1.24,1.53,,,,,,
2021-10-13,,,,,,,,,,,,,,,,,,,,,1.79,1.19,1.51,,8480942.0,,,782.586,
2021-10-14,,,,,,,,,,,,,,,,,,3.05,,,1.81,1.16,1.47,,,,,,
2021-10-15,,,,,,,,,,,,,,,,,,,,,1.76,1.18,1.54,,,,,,
2021-10-16,,,,290000.0,,,,,,,,,,,,,,,,,,,,,,,,,
2021-10-18,,,,,,,,,,,,,,,,,,,,,1.72,1.15,1.53,,,,,,
2021-10-19,,,,,,,,,,,,,,,,,,,,,1.72,1.24,1.6,,,,,,
2021-10-20,,,,,,,,,,,,,,,,,,,,,1.75,1.25,1.6,,8564943.0,,,783.711,
2021-10-21,,,,,,,,,,,,,,,,,,3.09,,,1.74,1.23,1.62,,,,,,
2021-10-22,,,,,,,,,,,,,,,,,,,,,1.72,1.18,1.6,,,,,,
2021-10-23,,,,268000.0,,,,,,,,,,,,,,,,,,,,,,,,,
2021-10-25,,,,,,,,,,,,,,,,,,,,,1.73,1.17,1.58,,,,,,
2021-10-26,,,,,,,,,,,,,,,,,,,,,1.71,1.16,1.57,,,,,,
2021-10-27,,,,,,,,,,,,,,,,,,,,,1.69,1.04,1.48,,8556181.0,,,786.1541,
2021-10-28,,,,,,,,,,,,,,,,,,3.14,,,1.69,1.07,1.51,,,,,,
2021-10-29,,,,,,,,,,,,,,,,,,,,,1.69,1.07,1.5,,,,,,
2021-10-30,,,,262000.0,,,,,,,,,,,,,,,,,,,,,,,,,
2021-11-01,,,4.1,,11119.0,3.0,149230.0,67.4,624874.0,16849.8,6.6,278.919,26.56,31.23,1705.0,1765.0,,,100.8654,12498.0,1.69,1.08,1.53,,,21316.5,,,100.9874
2021-11-02,,,,,,,,,,,,,,,,,,,,,1.71,1.1,1.51,,,,,,
2021-11-03,,,,,,,,,,,,,,,,,,,,,1.7,1.13,1.55,,8574871.0,,,787.9219,
2021-11-04,,,,,,,,,,,,,,,,,,3.09,,,1.73,1.12,1.49,,,,,,
2021-11-05,,,,,,,,,,,,,,,,,,,,,1.73,1.06,1.4,,,,,,
2021-11-06,,,,251000.0,,,,,,,,,,,,,,,,,,,,,,,,,
2021-11-08,,,,,,,,,,,,,,,,,,,,,1.67,1.06,1.45,,,,,,
2021-11-09,,,,,,,,,,,,,,,,,,,,,1.67,1.05,1.42,,,,,,
2021-11-10,,,,,,,,,,,,,,,,,,2.98,,,1.66,1.05,1.51,,8663117.0,,,790.6521,
2021-11-11,,,,,,,,,,,,,,,,,,,,,,,,,,,,,
2021-11-12,,,,,,,,,,,,,,,,,,,,,1.69,1.05,1.53,,,,,,
2021-11-13,,,,250000.0,,,,,,,,,,,,,,,,,,,,,,,,,
2021-11-15,,,,,,,,,,,,,,,,,,,,,1.7,1.1,1.58,,,,,,
2021-11-16,,,,,,,,,,,,,,,,,,,,,1.72,1.09,1.58,,,,,,
2021-11-17,,,,,,,,,,,,,,,,,,,,,1.74,1.08,1.55,,8674970.0,,,794.3518,
2021-11-18,,,,,,,,,,,,,,,,,,3.1,,,1.73,1.07,1.54,,,,,,
2021-11-19,,,,,,,,,,,,,,,,,,,,,1.73,1.02,1.49,,,,,,
2021-11-20,,,,223000.0,,,,,,,,,,,,,,,,,,,,,,,,,
2021-11-22,,,,,,,,,,,,,,,,,,,,,1.71,1.0,1.58,,,,,,
2021-11-23,,,,,,,,,,,,,,,,,,,,,1.73,1.07,1.61,,,,,,
2021-11-24,,,,,,,,,,,,,,,,,,3.1,,,1.72,1.0,1.58,,8681771.0,,,797.731,
2021-11-25,,,,,,,,,,,,,,,,,,,,,,,,,,,,,
2021-11-26,,,,,,,,,,,,,,,,,,,,,1.82,0.98,1.42,,,,,,
2021-11-27,,,,222000.0,,,,,,,,,,,,,,,,,,,,,,,,,
2021-11-29,,,,,,,,,,,,,,,,,,,,,1.81,1.01,1.46,,,,,,
2021-11-30,,,,,,,,,,,,,,,,,,,,,1.81,0.91,1.38,,,,,,
2021-12-01,,,3.9,,11417.0,2.9,149816.0,70.6,619938.0,16891.0,6.6,280.845,26.76,31.39,1722.0,1919.0,,,100.5726,12537.0,1.81,0.87,1.37,,8650402.0,21470.9,,800.998,100.9415
2021-12-02,,,,,,,,,,,,,,,,,,3.11,,,1.8,0.81,1.39,,,,,,
2021-12-03,,,,,,,,,,,,,,,,,,,,,1.81,0.75,1.29,,,,,,
2021-12-04,,,,207000.0,,,,,,,,,,,,,,,,,,,,,,,,,
2021-12-06,,,,,,,,,,,,,,,,,,,,,1.79,0.78,1.38,,,,,,
2021-12-07,,,,,,,,,,,,,,,,,,,,,1.75,0.78,1.42,,,,,,
2021-12-08,,,,,,,,,,,,,,,,,,,,,1.79,0.84,1.45,,8664524.0,,,803.0228,
2021-12-09,,,,,,,,,,,,,,,,,,3.1,,,1.81,0.79,1.43,,,,,,
2021-12-10,,,,,,,,,,,,,,,,,,,,,1.83,0.81,1.42,,,,,,
2021-12-11,,,,227000.0,,,,,,,,,,,,,,,,,,,,,,,,,
2021-12-13,,,,,,,,,,,,,,,,,,,,,1.82,0.76,1.37,,,,,,
2021-12-14,,,,,,,,,,,,,,,,,,,,,1.82,0.77,1.39,,,,,,
2021-12-15,,,,,,,,,,,,,,,,,,,,,1.83,0.78,1.42,,8756666.0,,,803.442,
2021-12-16,,,,,,,,,,,,,,,,,,3.12,,,1.87,0.8,1.39,,,,,,
2021-12-17,,,,,,,,,,,,,,,,,,,,,1.87,0.75,1.36,,,,,,
2021-12-18,,,,215000.0,,,,,,,,,,,,,,,,,,,,,,,,,
2021-12-20,,,,,,,,,,,,,,,,,,,,,1.89,0.78,1.36,,,,,,
2021-12-21,,,,,,,,,,,,,,,,,,,,,1.88,0.78,1.41,,,,,,
2021-12-22,,,,,,,,,,,,,,,,,,,,,1.86,0.78,1.38,,8790495.0,,,805.8778,
2021-12-23,,,,,,,,,,,,,,,,,,3.05,,,1.86,0.79,1.43,,,,,,
2021-12-24,,,,,,,,,,,,,,,,,,,,,,,,,,,,,
2021-12-25,,,,216000.0,,,,,,,,,,,,,,,,,,,,,,,,,
2021-12-27,,,,,,,,,,,,,,,,,,,,,1.86,0.72,1.42,,,,,,
2021-12-28,,,,,,,,,,,,,,,,,,,,,1.86,0.75,1.43,,,,,,
2021-12-29,,,,,,,,,,,,,,,,,,,,,1.85,0.8,1.5,,8757460.0,,,805.928,
2021-12-30,,,,,,,,,,,,,,,,,,3.11,,,1.85,0.79,1.47,,,,,,
2021-12-31,,,,,,,,,,,,,,,,,,,,,,0.79,1.46,,,,,,
2022-01-01,25250.347,21932.71,4.0,227000.0,11238.0,2.9,150006.0,67.2,631509.0,16993.8,4.2,282.543,26.91,31.6,1702.0,1920.0,,,100.1856,12564.0,,,,-14.5,,21587.4,2.09,,100.8647
2022-01-03,,,,,,,,,,,,,,,,,,,,,1.82,0.85,1.55,,,,,,
2022-01-04,,,,,,,,,,,,,,,,,,,,,1.84,0.89,1.58,,,,,,
2022-01-05,,,,,,,,,,,,,,,,,,,,,1.8,0.88,1.62,,8765721.0,,,808.6677,
2022-01-06,,,,,,,,,,,,,,,,,,3.22,,,1.78,0.85,1.63,,,,,,
2022-01-07,,,,,,,,,,,,,,,,,,,,,1.78,0.89,1.66,,,,,,
2022-01-08,,,,247000.0,,,,,,,,,,,,,,,,,,,,,,,,,
2022-01-10,,,,,,,,,,,,,,,,,,,,,1.76,0.86,1.65,,,,,,
2022-01-11,,,,,,,,,,,,,,,,,,,,,1.76,0.85,1.64,,,,,,
2022-01-12,,,,,,,,,,,,,,,,,,,,,1.77,0.82,1.62,,8788278.0,,,811.4596,
2022-01-13,,,,,,,,,,,,,,,,,,3.45,,,1.8,0.79,1.58,,,,,,
2022-01-14,,,,,,,,,,,,,,,,,,,,,1.79,0.79,1.65,,,,,,
2022-01-15,,,,245000.0,,,,,,,,,,,,,,,,,,,,,,,,,
2022-01-17,,,,,,,,,,,,,,,,,,,,,,,,,,,,,
2022-01-18,,,,,,,,,,,,,,,,,,,,,1.78,0.81,1.71,,,,,,
2022-01-19,,,,,,,,,,,,,,,,,,,,,1.77,0.79,1.66,,8867834.0,,,813.4005,
2022-01-20,,,,,,,,,,,,,,,,,,3.56,,,1.79,0.75,1.66,,,,,,
2022-01-21,,,,,,,,,,,,,,,,,,,,,1.84,0.74,1.58,,,,,,
2022-01-22,,,,238000.0,,,,,,,,,,,,,,,,,,,,,,,,,
2022-01-24,,,,,,,,,,,,,,,,,,,,,1.89,0.76,1.56,,,,,,
2022-01-25,,,,,,,,,,,,,,,,,,,,,1.91,0.76,1.59,,,,,,
2022-01-26,,,,,,,,,,,,,,,,,,,,,1.84,0.72,1.66,,8860485.0,,,814.1086,
2022-01-27,,,,,,,,,,,,,,,,,,3.55,,,1.86,0.63,1.61,,,,,,
2022-01-28,,,,,,,,,,,,,,,,,,,,,1.91,0.63,1.59,,,,,,
2022-01-29,,,,231000.0,,,,,,,,,,,,,,,,,,,,,,,,,
2022-01-31,,,,,,,,,,,,,,,,,,,,,1.93,0.61,1.57,,,,,,
2022-02-01,,,3.9,,11661.0,2.9,150825.0,62.8,638101.0,17106.0,4.1,284.5,26.97,31.64,1735.0,1857.0,,,100.8064,12601.0,1.92,0.63,1.62,,,21684.9,,,100.7504
2022-02-02,,,,,,,,,,,,,,,,,,,,,1.91,0.62,1.59,,8873211.0,,,815.4492,
2022-02-03,,,,,,,,,,,,,,,,,,3.55,,,1.92,0.63,1.62,,,,,,
2022-02-04,,,,,,,,,,,,,,,,,,,,,1.92,0.62,1.7,,,,,,
2022-02-05,,,,210000.0,,,,,,,,,,,,,,,,,,,,,,,,,
2022-02-07,,,,,,,,,,,,,,,,,,,,,1.93,0.62,1.65,,,,,,
2022-02-08,,,,,,,,,,,,,,,,,,,,,1.91,0.61,1.71,,,,,,
2022-02-09,,,,,,,,,,,,,,,,,,,,,1.92,0.58,1.68,,8878009.0,,,816.1357,
2022-02-10,,,,,,,,,,,,,,,,,,3.69,,,1.91,0.42,1.63,,,,,,
2022-02-11,,,,,,,,,,,,,,,,,,,,,2.0,0.42,1.56,,,,,,
2022-02-12,,,,234000.0,,,,,,,,,,,,,,,,,,,,,,,,,
2022-02-14,,,,,,,,,,,,,,,,,,,,,2.0,0.4,1.55,,,,,,
2022-02-15,,,,,,,,,,,,,,,,,,,,,1.99,0.47,1.65,,,,,,
2022-02-16,,,,,,,,,,,,,,,,,,,,,2.05,0.51,1.65,,8911033.0,,,817.3224,
2022-02-17,,,,,,,,,,,,,,,,,,3.92,,,2.12,0.48,1.61,,,,,,
2022-02-18,,,,,,,,,,,,,,,,,,,,,2.13,0.45,1.57,,,,,,
2022-02-19,,,,225000.0,,,,,,,,,,,,,,,,,,,,,,,,,
2022-02-21,,,,,,,,,,,,,,,,,,,,,,,,,,,,,
2022-02-22,,,,,,,,,,,,,,,,,,,,,2.13,0.38,1.57,,,,,,
2022-02-23,,,,,,,,,,,,,,,,,,,,,2.1,0.41,1.65,,8928129.0,,,821.7821,
2022-02-24,,,,,,,,,,,,,,,,,,3.89,,,2.24,0.42,1.64,,,,,,
2022-02-25,,,,,,,,,,,,,,,,,,,,,2.2,0.42,1.64,,,,,,
2022-02-26,,,,209000.0,,,,,,,,,,,,,,,,,,,,,,,,,
2022-02-28,,,,,,,,,,,,,,,,,,,,,2.34,0.39,1.48,,,,,,
2022-03-01,,,3.7,,12134.0,3.0,151315.0,59.4,651027.0,17347.2,3.2,287.674,27.1,31.8,1712.0,1868.0,,,101.3907,12674.0,2.25,0.41,1.4,,,21721.3,,,100.5853
2022-03-02,,,,,,,,,,,,,,,,,,,,,2.24,0.36,1.52,,8904455.0,,,825.6208,
2022-03-03,,,,,,,,,,,,,,,,,,3.76,,,2.24,0.33,1.48,,,,,,
2022-03-04,,,,,,,,,,,,,,,,,,,,,2.31,0.24,1.4,,,,,,
2022-03-05,,,,222000.0,,,,,,,,,,,,,,,,,,,,,,,,,
2022-03-07,,,,,,,,,,,,,,,,,,,,,2.32,0.23,1.4,,,,,,
2022-03-08,,,,,,,,,,,,,,,,,,,,,2.35,0.23,1.5,,,,,,
2022-03-09,,,,,,,,,,,,,,,,,,,,,2.32,0.26,1.56,,8910748.0,,,830.2271,
2022-03-10,,,,,,,,,,,,,,,,,,3.85,,,2.38,0.26,1.59,,,,,,
2022-03-11,,,,,,,,,,,,,,,,,,,,,2.35,0.25,1.6,,,,,,
2022-03-12,,,,217000.0,,,,,,,,,,,,,,,,,,,,,,,,,
2022-03-14,,,,,,,,,,,,,,,,,,,,,2.33,0.27,1.69,,,,,,
2022-03-15,,,,,,,,,,,,,,,,,,,,,2.36,0.3,1.69,,,,,,
2022-03-16,,,,,,,,,,,,,,,,,,,,,2.23,0.24,1.75,,8954306.0,,,833.6856,
2022-03-17,,,,,,,,,,,,,,,,,,4.16,,,2.17,0.26,1.8,,,,,,
2022-03-18,,,,,,,,,,,,,,,,,,,,,2.14,0.17,1.72,,,,,,
2022-03-19,,,,207000.0,,,,,,,,,,,,,,,,,,,,,,,,,
2022-03-21,,,,,,,,,,,,,,,,,,,,,2.07,0.18,1.78,,,,,,
2022-03-22,,,,,,,,,,,,,,,,,,,,,2.05,0.2,1.87,,,,,,
2022-03-23,,,,,,,,,,,,,,,,,,,,,2.03,0.19,1.82,,8962474.0,,,839.5929,
2022-03-24,,,,,,,,,,,,,,,,,,4.42,,,2.01,0.21,1.82,,,,,,
2022-03-25,,,,,,,,,,,,,,,,,,,,,1.96,0.18,1.93,,,,,,
2022-03-26,,,,214000.0,,,,,,,,,,,,,,,,,,,,,,,,,
2022-03-28,,,,,,,,,,,,,,,,,,,,,1.94,0.11,1.87,,,,,,
2022-03-29,,,,,,,,,,,,,,,,,,,,,1.91,0.06,1.86,,,,,,
2022-03-30,,,,,,,,,,,,,,,,,,,,,1.93,0.04,1.8,,8937142.0,,,847.3377,
2022-03-31,,,,,,,,,,,,,,,,,,4.67,,,1.93,0.04,1.8,,,,,,
2022-04-01,25861.292,21967.045,3.7,,11881.0,2.9,151623.0,65.2,660194.0,17490.0,2.6,288.561,27.28,31.96,1820.0,1859.0,,,101.44,12726.0,1.81,-0.05,1.86,-1.5,,21750.0,1.96,,100.368
2022-04-02,,,,215000.0,,,,,,,,,,,,,,,,,,,,,,,,,
2022-04-04,,,,,,,,,,,,,,,,,,,,,1.81,-0.01,1.76,,,,,,
2022-04-05,,,,,,,,,,,,,,,,,,,,,1.77,0.03,1.89,,,,,,
2022-04-06,,,,,,,,,,,,,,,,,,,,,1.77,0.11,1.94,,8937592.0,,,845.8013,
2022-04-07,,,,,,,,,,,,,,,,,,4.72,,,1.78,0.19,1.98,,,,,,
2022-04-08,,,,,,,,,,,,,,,,,,,,,1.78,0.19,2.02,,,,,,
2022-04-09,,,,213000.0,,,,,,,,,,,,,,,,,,,,,,,,,
2022-04-11,,,,,,,,,,,,,,,,,,,,,1.82,0.29,2.02,,,,,,
2022-04-12,,,,,,,,,,,,,,,,,,,,,1.92,0.33,1.98,,,,,,
2022-04-13,,,,,,,,,,,,,,,,,,,,,1.94,0.33,1.95,,8965487.0,,,850.7567,
2022-04-14,,,,,,,,,,,,,,,,,,5.0,,,1.93,0.36,2.04,,,,,,
2022-04-15,,,,,,,,,,,,,,,,,,,,,,,,,,,,,
2022-04-16,,,,209000.0,,,,,,,,,,,,,,,,,,,,,,,,,
2022-04-18,,,,,,,,,,,,,,,,,,,,,1.94,0.39,2.04,,,,,,
2022-04-19,,,,,,,,,,,,,,,,,,,,,1.91,0.32,2.12,,,,,,
2022-04-20,,,,,,,,,,,,,,,,,,,,,1.91,0.25,2.03,,8955851.0,,,852.1444,
2022-04-21,,,,,,,,,,,,,,,,,,5.11,,,1.93,0.22,2.07,,,,,,
2022-04-22,,,,,,,,,,,,,,,,,,,,,1.96,0.18,2.07,,,,,,
2022-04-23,,,,210000.0,,,,,,,,,,,,,,,,,,,,,,,,,
2022-04-25,,,,,,,,,,,,,,,,,,,,,2.03,0.18,1.9,,,,,,
2022-04-26,,,,,,,,,,,,,,,,,,,,,2.06,0.23,1.94,,,,,,
2022-04-27,,,,,,,,,,,,,,,,,,,,,2.05,0.24,2.0,,8939199.0,,,856.405,
2022-04-28,,,,,,,,,,,,,,,,,,5.1,,,2.06,0.22,2.03,,,,,,
2022-04-29,,,,,,,,,,,,,,,,,,,,,2.05,0.19,2.04,,,,,,
2022-04-30,,,,219000.0,,,,,,,,,,,,,,,,,,,,,,,,,
2022-05-01,,,3.6,,11483.0,2.8,151924.0,58.4,659847.0,17574.5,2.6,291.298,27.4,32.1,1531.0,1704.0,,,101.3335,12735.0,,,,,,21690.7,,,100.1016
2022-05-02,,,,,,,,,,,,,,,,,,,,,2.08,0.26,2.09,,,,,,
2022-05-03,,,,,,,,,,,,,,,,,,,,,2.05,0.19,2.06,,,,,,
2022-05-04,,,,,,,,,,,,,,,,,,,,,2.08,0.27,2.04,,8939972.0,,,858.1789,
2022-05-05,,,,,,,,,,,,,,,,,,5.27,,,2.1,0.34,2.2,,,,,,
2022-05-06,,,,,,,,,,,,,,,,,,,,,2.09,0.4,2.27,,,,,,
2022-05-07,,,,204000.0,,,,,,,,,,,,,,,,,,,,,,,,,
2022-05-09,,,,,,,,,,,,,,,,,,,,,2.17,0.44,2.13,,,,,,
2022-05-10,,,,,,,,,,,,,,,,,,,,,2.16,0.37,2.1,,,,,,
2022-05-11,,,,,,,,,,,,,,,,,,,,,2.17,0.25,2.0,,8942008.0,,,861.9102,
2022-05-12,,,,,,,,,,,,,,,,,,5.3,,,2.2,0.28,1.88,,,,,,
2022-05-13,,,,,,,,,,,,,,,,,,,,,2.24,0.32,1.9,,,,,,
2022-05-14,,,,225000.0,,,,,,,,,,,,,,,,,,,,,,,,,
2022-05-16,,,,,,,,,,,,,,,,,,,,,2.29,0.3,1.81,,,,,,
2022-05-17,,,,,,,,,,,,,,,,,,,,,2.27,0.27,1.92,,,,,,
2022-05-18,,,,,,,,,,,,,,,,,,,,,2.31,0.21,1.86,,8945898.0,,,864.3827,
2022-05-19,,,,,,,,,,,,,,,,,,5.25,,,2.37,0.21,1.79,,,,,,
2022-05-20,,,,,,,,,,,,,,,,,,,,,2.36,0.18,1.75,,,,,,
2022-05-21,,,,211000.0,,,,,,,,,,,,,,,,,,,,,,,,,
2022-05-23,,,,,,,,,,,,,,,,,,,,,2.33,0.21,1.79,,,,,,
2022-05-24,,,,,,,,,,,,,,,,,,,,,2.34,0.26,1.7,,,,,,
2022-05-25,,,,,,,,,,,,,,,,,,,,,2.29,0.27,1.69,,8914281.0,,,868.5449,
2022-05-26,,,,,,,,,,,,,,,,,,5.1,,,2.25,0.29,1.68,,,,,,
2022-05-27,,,,,,,,,,,,,,,,,,,,,2.26,0.27,1.66,,,,,,
2022-05-28,,,,200000.0,,,,,,,,,,,,,,,,,,,,,,,,,
2022-05-30,,,,,,,,,,,,,,,,,,,,,,,,,,,,,
2022-05-31,,,,,,,,,,,,,,,,,,,,,2.18,0.32,1.69,,,,,,
2022-06-01,,,3.6,,11256.0,2.7,152358.0,50.0,666113.0,17755.2,2.2,294.957,27.52,32.19,1551.0,1737.0,,,101.018,12767.0,2.08,0.28,1.79,,8915050.0,21642.9,,870.7614,99.82359
2022-06-02,,,,,,,,,,,,,,,,,,5.09,,,2.1,0.27,1.75,,,,,,
2022-06-03,,,,,,,,,,,,,,,,,,,,,2.09,0.3,1.75,,,,,,
2022-06-04,,,,214000.0,,,,,,,,,,,,,,,,,,,,,,,,,
2022-06-06,,,,,,,,,,,,,,,,,,,,,2.08,0.31,1.78,,,,,,
2022-06-07,,,,,,,,,,,,,,,,,,,,,2.07,0.23,1.72,,,,,,
2022-06-08,,,,,,,,,,,,,,,,,,,,,2.07,0.25,1.75,,8918254.0,,,874.1269,
2022-06-09,,,,,,,,,,,,,,,,,,5.23,,,2.07,0.21,1.74,,,,,,
2022-06-10,,,,,,,,,,,,,,,,,,,,,2.04,0.09,1.76,,,,,,
2022-06-11,,,,213000.0,,,,,,,,,,,,,,,,,,,,,,,,,
2022-06-13,,,,,,,,,,,,,,,,,,,,,1.98,0.03,1.7,,,,,,
2022-06-14,,,,,,,,,,,,,,,,,,,,,1.99,0.04,1.66,,,,,,
2022-06-15,,,,,,,,,,,,,,,,,,,,,2.1,0.13,1.59,,8932420.0,,,874.6433,
2022-06-16,,,,,,,,,,,,,,,,,,5.78,,,2.13,0.14,1.69,,,,,,
2022-06-17,,,,,,,,,,,,,,,,,,,,,2.13,0.08,1.62,,,,,,
2022-06-18,,,,215000.0,,,,,,,,,,,,,,,,,,,,,,,,,
2022-06-20,,,,,,,,,,,,,,,,,,,,,,,,,,,,,
2022-06-21,,,,,,,,,,,,,,,,,,,,,2.13,0.1,1.61,,,,,,
2022-06-22,,,,,,,,,,,,,,,,,,,,,2.17,0.1,1.55,,8934346.0,,,882.9451,
2022-06-23,,,,,,,,,,,,,,,,,,5.81,,,2.2,0.08,1.44,,,,,,
2022-06-24,,,,,,,,,,,,,,,,,,,,,2.22,0.09,1.4,,,,,,
2022-06-25,,,,212000.0,,,,,,,,,,,,,,,,,,,,,,,,,
2022-06-27,,,,,,,,,,,,,,,,,,,,,2.19,0.12,1.41,,,,,,
2022-06-28,,,,,,,,,,,,,,,,,,,,,2.22,0.1,1.41,,,,,,
2022-06-29,,,,,,,,,,,,,,,,,,,,,2.24,0.04,1.32,,8913553.0,,,886.8137,
2022-06-30,,,,,,,,,,,,,,,,,,5.7,,,2.31,0.06,1.26,,,,,,
2022-07-01,26336.304,22125.625,3.5,,11610.0,2.6,153072.0,51.5,659550.0,17770.1,3.3,294.913,27.66,32.34,1381.0,1703.0,,,101.223,12800.0,2.42,0.04,1.15,24.2,,21641.7,1.84,,99.57864
2022-07-02,,,,215000.0,,,,,,,,,,,,,,,,,,,,,,,,,
2022-07-04,,,,,,,,,,,,,,,,,,,,,,,,,,,,,
2022-07-05,,,,,,,,,,,,,,,,,,,,,2.41,0.0,0.92,,,,,,
2022-07-06,,,,,,,,,,,,,,,,,,,,,2.39,-0.04,1.03,,8891851.0,,,889.4485,
2022-07-07,,,,,,,,,,,,,,,,,,5.3,,,2.33,-0.02,1.06,,,,,,
2022-07-08,,,,,,,,,,,,,,,,,,,,,2.31,-0.03,1.11,,,,,,
2022-07-09,,,,212000.0,,,,,,,,,,,,,,,,,,,,,,,,,
2022-07-11,,,,,,,,,,,,,,,,,,,,,2.32,-0.08,0.81,,,,,,
2022-07-12,,,,,,,,,,,,,,,,,,,,,2.31,-0.07,0.74,,,,,,
2022-07-13,,,,,,,,,,,,,,,,,,,,,2.32,-0.22,0.52,,8895867.0,,,891.628,
2022-07-14,,,,,,,,,,,,,,,,,,5.51,,,2.31,-0.19,0.56,,,,,,
2022-07-15,,,,,,,,,,,,,,,,,,,,,2.3,-0.2,0.56,,,,,,
2022-07-16,,,,216000.0,,,,,,,,,,,,,,,,,,,,,,,,,
2022-07-18,,,,,,,,,,,,,,,,,,,,,2.28,-0.19,0.46,,,,,,
2022-07-19,,,,,,,,,,,,,,,,,,,,,2.26,-0.22,0.49,,,,,,
2022-07-20,,,,,,,,,,,,,,,,,,,,,2.2,-0.21,0.53,,8899213.0,,,894.6829,
2022-07-21,,,,,,,,,,,,,,,,,,5.54,,,2.23,-0.19,0.43,,,,,,
2022-07-22,,,,,,,,,,,,,,,,,,,,,2.28,-0.21,0.28,,,,,,
2022-07-23,,,,220000.0,,,,,,,,,,,,,,,,,,,,,,,,,
2022-07-25,,,,,,,,,,,,,,,,,,,,,2.31,-0.19,0.19,,,,,,
2022-07-26,,,,,,,,,,,,,,,,,,,,,2.29,-0.21,0.26,,,,,,
2022-07-27,,,,,,,,,,,,,,,,,,,,,2.3,-0.18,0.34,,8890004.0,,,896.2486,
2022-07-28,,,,,,,,,,,,,,,,,,5.3,,,2.42,-0.17,0.26,,,,,,
2022-07-29,,,,,,,,,,,,,,,,,,,,,2.36,-0.22,0.26,,,,,,
2022-07-30,,,,228000.0,,,,,,,,,,,,,,,,,,,,,,,,,
2022-08-01,,,3.6,,10148.0,2.7,153362.0,58.2,663566.0,17916.5,3.2,295.097,27.75,32.44,1531.0,1557.0,,,101.0963,12832.0,2.38,-0.3,0.04,,,21606.7,,,99.38433
2022-08-02,,,,,,,,,,,,,,,,,,,,,2.29,-0.31,0.19,,,,,,
2022-08-03,,,,,,,,,,,,,,,,,,,,,2.29,-0.37,0.21,,8874620.0,,,897.5337,
2022-08-04,,,,,,,,,,,,,,,,,,4.99,,,2.32,-0.35,0.18,,,,,,
2022-08-05,,,,,,,,,,,,,,,,,,,,,2.29,-0.41,0.25,,,,,,
2022-08-06,,,,221000.0,,,,,,,,,,,,,,,,,,,,,,,,,
2022-08-08,,,,,,,,,,,,,,,,,,,,,2.26,-0.44,0.12,,,,,,
2022-08-09,,,,,,,,,,,,,,,,,,,,,2.26,-0.48,0.13,,,,,,
2022-08-10,,,,,,,,,,,,,,,,,,,,,2.29,-0.45,0.13,,8879138.0,,,899.5049,
2022-08-11,,,,,,,,,,,,,,,,,,5.22,,,2.29,-0.36,0.25,,,,,,
2022-08-12,,,,,,,,,,,,,,,,,,,,,2.27,-0.41,0.21,,,,,,
2022-08-13,,,,220000.0,,,,,,,,,,,,,,,,,,,,,,,,,
2022-08-15,,,,,,,,,,,,,,,,,,,,,2.27,-0.41,0.07,,,,,,
2022-08-16,,,,,,,,,,,,,,,,,,,,,2.27,-0.43,0.12,,,,,,
2022-08-17,,,,,,,,,,,,,,,,,,,,,2.24,-0.39,0.21,,8849762.0,,,900.0724,
2022-08-18,,,,,,,,,,,,,,,,,,5.13,,,2.24,-0.34,0.17,,,,,,
2022-08-19,,,,,,,,,,,,,,,,,,,,,2.25,-0.27,0.24,,,,,,
2022-08-20,,,,215000.0,,,,,,,,,,,,,,,,,,,,,,,,,
2022-08-22,,,,,,,,,,,,,,,,,,,,,2.24,-0.29,0.21,,,,,,
2022-08-23,,,,,,,,,,,,,,,,,,,,,2.24,-0.24,0.25,,,,,,
2022-08-24,,,,,,,,,,,,,,,,,,,,,2.23,-0.25,0.29,,8851436.0,,,904.2102,
2022-08-25,,,,,,,,,,,,,,,,,,5.55,,,2.21,-0.32,0.15,,,,,,
2022-08-26,,,,,,,,,,,,,,,,,,,,,2.19,-0.33,0.15,,,,,,
2022-08-27,,,,210000.0,,,,,,,,,,,,,,,,,,,,,,,,,
2022-08-29,,,,,,,,,,,,,,,,,,,,,2.19,-0.3,0.15,,,,,,
2022-08-30,,,,,,,,,,,,,,,,,,,,,2.17,-0.35,0.14,,,,,,
2022-08-31,,,,,,,,,,,,,,,,,,,,,2.18,-0.3,0.19,,8826093.0,,,908.9964,
2022-09-01,,,3.5,,10812.0,2.7,153582.0,58.6,661854.0,17992.8,3.4,296.349,27.87,32.57,1488.0,1600.0,,5.66,101.2918,12849.0,2.22,-0.25,0.29,,,21520.8,,,99.22839
2022-09-02,,,,,,,,,,,,,,,,,,,,,2.24,-0.2,0.26,,,,,,
2022-09-03,,,,204000.0,,,,,,,,,,,,,,,,,,,,,,,,,
2022-09-05,,,,,,,,,,,,,,,,,,,,,,,,,,,,,
2022-09-06,,,,,,,,,,,,,,,,,,,,,2.27,-0.17,0.29,,,,,,
2022-09-07,,,,,,,,,,,,,,,,,,,,,2.24,-0.18,0.2,,8822401.0,,,909.5148,
2022-09-08,,,,,,,,,,,,,,,,,,5.89,,,2.25,-0.19,0.23,,,,,,
2022-09-09,,,,,,,,,,,,,,,,,,,,,2.2,-0.23,0.25,,,,,,
2022-09-10,,,,197000.0,,,,,,,,,,,,,,,,,,,,,,,,,
2022-09-12,,,,,,,,,,,,,,,,,,,,,2.2,-0.21,0.2,,,,,,
2022-09-13,,,,,,,,,,,,,,,,,,,,,2.18,-0.33,0.14,,,,,,
2022-09-14,,,,,,,,,,,,,,,,,,,,,2.15,-0.37,0.17,,8832759.0,,,912.1304,
2022-09-15,,,,,,,,,,,,,,,,,,6.02,,,2.12,-0.42,0.23,,,,,,
2022-09-16,,,,,,,,,,,,,,,,,,,,,2.18,-0.4,0.25,,,,,,
2022-09-17,,,,201000.0,,,,,,,,,,,,,,,,,,,,,,,,,
2022-09-19,,,,,,,,,,,,,,,,,,,,,2.15,-0.46,0.12,,,,,,
2022-09-20,,,,,,,,,,,,,,,,,,,,,2.13,-0.39,0.22,,,,,,
2022-09-21,,,,,,,,,,,,,,,,,,,,,2.12,-0.51,0.2,,8816802.0,,,914.7259,
2022-09-22,,,,,,,,,,,,,,,,,,6.29,,,2.08,-0.41,0.41,,,,,,
2022-09-23,,,,,,,,,,,,,,,,,,,,,2.09,-0.51,0.45,,,,,,
2022-09-24,,,,189000.0,,,,,,,,,,,,,,,,,,,,,,,,,
2022-09-26,,,,,,,,,,,,,,,,,,,,,2.01,-0.39,0.49,,,,,,
2022-09-27,,,,,,,,,,,,,,,,,,,,,2.08,-0.33,0.62,,,,,,
2022-09-28,,,,,,,,,,,,,,,,,,,,,2.25,-0.35,0.32,,8795567.0,,,918.5731,
2022-09-29,,,,,,,,,,,,,,,,,,6.7,,,2.27,-0.4,0.4,,,,,,
2022-09-30,,,,,,,,,,,,,,,,,,,,,2.24,-0.39,0.5,,,,,,
2022-10-01,26770.514,22278.345,3.6,204000.0,10488.0,2.6,153939.0,59.9,668671.0,18109.6,3.4,298.007,27.99,32.7,1435.0,1594.0,,,101.2529,12883.0,,,,39.1,,21424.4,1.79,,99.10165
2022-10-03,,,,,,,,,,,,,,,,,,,,,2.29,-0.45,0.21,,,,,,
2022-10-04,,,,,,,,,,,,,,,,,,,,,2.27,-0.48,0.17,,,,,,
2022-10-05,,,,,,,,,,,,,,,,,,,,,2.22,-0.39,0.3,,8759053.0,,,921.4094,
2022-10-06,,,,,,,,,,,,,,,,,,6.66,,,2.16,-0.4,0.37,,,,,,
2022-10-07,,,,,,,,,,,,,,,,,,,,,2.17,-0.41,0.44,,,,,,
2022-10-08,,,,206000.0,,,,,,,,,,,,,,,,,,,,,,,,,
2022-10-10,,,,,,,,,,,,,,,,,,,,,,,,,,,,,
2022-10-11,,,,,,,,,,,,,,,,,,,,,2.23,-0.37,0.26,,,,,,
2022-10-12,,,,,,,,,,,,,,,,,,,,,2.27,-0.37,0.21,,8758969.0,,,924.2732,
2022-10-13,,,,,,,,,,,,,,,,,,6.92,,,2.28,-0.5,0.18,,,,,,
2022-10-14,,,,,,,,,,,,,,,,,,,,,2.28,-0.48,0.19,,,,,,
2022-10-15,,,,199000.0,,,,,,,,,,,,,,,,,,,,,,,,,
2022-10-17,,,,,,,,,,,,,,,,,,,,,2.28,-0.43,0.05,,,,,,
2022-10-18,,,,,,,,,,,,,,,,,,,,,2.28,-0.42,-0.03,,,,,,
2022-10-19,,,,,,,,,,,,,,,,,,,,,2.25,-0.41,0.07,,8743922.0,,,926.6034,
2022-10-20,,,,,,,,,,,,,,,,,,6.94,,,2.24,-0.38,0.15,,,,,,
2022-10-21,,,,,,,,,,,,,,,,,,,,,2.36,-0.28,0.12,,,,,,
2022-10-22,,,,201000.0,,,,,,,,,,,,,,,,,,,,,,,,,
2022-10-24,,,,,,,,,,,,,,,,,,,,,2.34,-0.25,0.09,,,,,,
2022-10-25,,,,,,,,,,,,,,,,,,,,,2.37,-0.32,-0.04,,,,,,
2022-10-26,,,,,,,,,,,,,,,,,,,,,2.33,-0.35,-0.07,,8723090.0,,,928.4204,
2022-10-27,,,,,,,,,,,,,,,,,,7.08,,,2.34,-0.34,-0.17,,,,,,
2022-10-28,,,,,,,,,,,,,,,,,,,,,2.3,-0.39,-0.16,,,,,,
2022-10-29,,,,202000.0,,,,,,,,,,,,,,,,,,,,,,,,,
2022-10-31,,,,,,,,,,,,,,,,,,,,,2.28,-0.41,-0.12,,,,,,
2022-11-01,,,3.6,,10619.0,2.6,154242.0,56.7,659458.0,18108.0,3.8,298.786,28.11,32.82,1424.0,1401.0,,,100.9552,12896.0,2.22,-0.47,-0.16,,,21358.1,,,99.00354
2022-11-02,,,,,,,,,,,,,,,,,,,,,2.18,-0.51,-0.12,,8676870.0,,,929.365,
2022-11-03,,,,,,,,,,,,,,,,,,6.95,,,2.19,-0.57,-0.11,,,,,,
2022-11-04,,,,,,,,,,,,,,,,,,,,,2.22,-0.49,-0.04,,,,,,
2022-11-05,,,,204000.0,,,,,,,,,,,,,,,,,,,,,,,,,
2022-11-07,,,,,,,,,,,,,,,,,,,,,2.22,-0.5,-0.07,,,,,,
2022-11-08,,,,,,,,,,,,,,,,,,,,,2.23,-0.53,-0.14,,,,,,
2022-11-09,,,,,,,,,,,,,,,,,,,,,2.33,-0.49,-0.17,,8678886.0,,,929.8252,
2022-11-10,,,,,,,,,,,,,,,,,,7.08,,,2.36,-0.52,-0.46,,,,,,
2022-11-11,,,,,,,,,,,,,,,,,,,,,,,,,,,,,
2022-11-12,,,,210000.0,,,,,,,,,,,,,,,,,,,,,,,,,
2022-11-14,,,,,,,,,,,,,,,,,,,,,2.27,-0.52,-0.46,,,,,,
2022-11-15,,,,,,,,,,,,,,,,,,,,,2.23,-0.57,-0.51,,,,,,
2022-11-16,,,,,,,,,,,,,,,,,,,,,2.24,-0.68,-0.65,,8625620.0,,,931.0202,
2022-11-17,,,,,,,,,,,,,,,,,,6.61,,,2.18,-0.66,-0.55,,,,,,
2022-11-18,,,,,,,,,,,,,,,,,,,,,2.13,-0.69,-0.52,,,,,,
2022-11-19,,,,220000.0,,,,,,,,,,,,,,,,,,,,,,,,,
2022-11-21,,,,,,,,,,,,,,,,,,,,,2.08,-0.65,-0.58,,,,,,
2022-11-22,,,,,,,,,,,,,,,,,,,,,2.07,-0.71,-0.64,,,,,,
2022-11-23,,,,,,,,,,,,,,,,,,6.58,,,2.02,-0.75,-0.69,,8621390.0,,,935.2283,
2022-11-24,,,,,,,,,,,,,,,,,,,,,,,,,,,,,
2022-11-25,,,,,,,,,,,,,,,,,,,,,2.06,-0.74,-0.73,,,,,,
2022-11-26,,,,209000.0,,,,,,,,,,,,,,,,,,,,,,,,,
2022-11-28,,,,,,,,,,,,,,,,,,,,,2.05,-0.77,-0.72,,,,,,
2022-11-29,,,,,,,,,,,,,,,,,,,,,2.06,-0.73,-0.63,,,,,,
2022-11-30,,,,,,,,,,,,,,,,,,,,,2.15,-0.7,-0.69,,8584576.0,,,939.2581,
2022-12-01,,,3.5,,10876.0,2.7,154342.0,59.8,651763.0,18116.5,4.2,298.832,28.22,32.94,1308.0,1410.0,,6.49,99.7664,12895.0,2.09,-0.72,-0.8,,,21219.0,,,98.94633
2022-12-02,,,,,,,,,,,,,,,,,,,,,2.03,-0.77,-0.83,,,,,,
2022-12-03,,,,209000.0,,,,,,,,,,,,,,,,,,,,,,,,,
2022-12-05,,,,,,,,,,,,,,,,,,,,,1.99,-0.81,-0.76,,,,,,
2022-12-06,,,,,,,,,,,,,,,,,,,,,1.97,-0.83,-0.86,,,,,,
2022-12-07,,,,,,,,,,,,,,,,,,,,,1.95,-0.84,-0.87,,8582735.0,,,938.5546,
2022-12-08,,,,,,,,,,,,,,,,,,6.33,,,1.91,-0.83,-0.8,,,,,,
2022-12-09,,,,,,,,,,,,,,,,,,,,,1.9,-0.76,-0.74,,,,,,
2022-12-10,,,,210000.0,,,,,,,,,,,,,,,,,,,,,,,,,
2022-12-12,,,,,,,,,,,,,,,,,,,,,1.88,-0.78,-0.77,,,,,,
2022-12-13,,,,,,,,,,,,,,,,,,,,,1.91,-0.71,-0.84,,,,,,
2022-12-14,,,,,,,,,,,,,,,,,,,,,1.95,-0.74,-0.84,,8583413.0,,,941.3217,
2022-12-15,,,,,,,,,,,,,,,,,,6.31,,,1.97,-0.79,-0.9,,,,,,
2022-12-16,,,,,,,,,,,,,,,,,,,,,1.98,-0.69,-0.83,,,,,,
2022-12-17,,,,213000.0,,,,,,,,,,,,,,,,,,,,,,,,,
2022-12-19,,,,,,,,,,,,,,,,,,,,,1.98,-0.68,-0.8,,,,,,
2022-12-20,,,,,,,,,,,,,,,,,,,,,1.99,-0.56,-0.66,,,,,,
2022-12-21,,,,,,,,,,,,,,,,,,,,,2.01,-0.53,-0.65,,8564411.0,,,942.7197,
2022-12-22,,,,,,,,,,,,,,,,,,6.27,,,1.99,-0.57,-0.68,,,,,,
2022-12-23,,,,,,,,,,,,,,,,,,,,,2.0,-0.56,-0.59,,,,,,
2022-12-24,,,,204000.0,,,,,,,,,,,,,,,,,,,,,,,,,
2022-12-26,,,,,,,,,,,,,,,,,,,,,,,,,,,,,
2022-12-27,,,,,,,,,,,,,,,,,,,,,2.02,-0.48,-0.62,,,,,,
2022-12-28,,,,,,,,,,,,,,,,,,,,,2.01,-0.43,-0.58,,8551169.0,,,943.6059,
2022-12-29,,,,,,,,,,,,,,,,,,6.42,,,2.01,-0.51,-0.62,,,,,,
2022-12-30,,,,,,,,,,,,,,,,,,,,,1.99,-0.53,-0.54,,,,,,
2022-12-31,,,,204000.0,,,,,,,,,,,,,,,,,,,,,,,,,
2023-01-01,27216.445,22439.607,3.5,,10393.0,2.5,154776.0,64.9,680253.0,18449.1,4.9,300.42,28.31,33.02,1361.0,1410.0,,,100.505,12903.0,,,,44.8,,21205.4,1.74,,98.92989
2023-01-02,,,,,,,,,,,,,,,,,,,,,,,,,,,,,
2023-01-03,,,,,,,,,,,,,,,,,,,,,2.03,-0.61,-0.74,,,,,,
2023-01-04,,,,,,,,,,,,,,,,,,,,,2.07,-0.67,-0.86,,8507429.0,,,949.678,
2023-01-05,,,,,,,,,,,,,,,,,,6.48,,,2.03,-0.74,-0.95,,,,,,
2023-01-06,,,,,,,,,,,,,,,,,,,,,2.07,-0.69,-1.12,,,,,,
2023-01-07,,,,208000.0,,,,,,,,,,,,,,,,,,,,,,,,,
2023-01-09,,,,,,,,,,,,,,,,,,,,,2.02,-0.66,-1.17,,,,,,
2023-01-10,,,,,,,,,,,,,,,,,,,,,2.02,-0.63,-1.12,,,,,,
2023-01-11,,,,,,,,,,,,,,,,,,,,,1.99,-0.66,-1.18,,8508587.0,,,950.6125,
2023-01-12,,,,,,,,,,,,,,,,,,6.33,,,1.97,-0.69,-1.23,,,,,,
2023-01-13,,,,,,,,,,,,,,,,,,,,,1.95,-0.73,-1.18,,,,,,
2023-01-14,,,,203000.0,,,,,,,,,,,,,,,,,,,,,,,,,
2023-01-16,,,,,,,,,,,,,,,,,,,,,,,,,,,,,
2023-01-17,,,,,,,,,,,,,,,,,,,,,1.91,-0.65,-1.18,,,,,,
2023-01-18,,,,,,,,,,,,,,,,,,,,,1.96,-0.69,-1.32,,8489039.0,,,956.0263,
2023-01-19,,,,,,,,,,,,,,,,,,6.15,,,1.99,-0.7,-1.32,,,,,,
2023-01-20,,,,,,,,,,,,,,,,,,,,,1.98,-0.66,-1.24,,,,,,
2023-01-21,,,,203000.0,,,,,,,,,,,,,,,,,,,,,,,,,
2023-01-23,,,,,,,,,,,,,,,,,,,,,1.96,-0.69,-1.21,,,,,,
2023-01-24,,,,,,,,,,,,,,,,,,,,,1.94,-0.66,-1.26,,,,,,
2023-01-25,,,,,,,,,,,,,,,,,,,,,1.96,-0.65,-1.26,,8470557.0,,,953.9481,
2023-01-26,,,,,,,,,,,,,,,,,,6.13,,,1.91,-0.68,-1.22,,,,,,
2023-01-27,,,,,,,,,,,,,,,,,,,,,1.88,-0.67,-1.21,,,,,,
2023-01-28,,,,200000.0,,,,,,,,,,,,,,,,,,,,,,,,,
2023-01-30,,,,,,,,,,,,,,,,,,,,,1.87,-0.7,-1.17,,,,,,
2023-01-31,,,,,,,,,,,,,,,,,,,,,1.9,-0.69,-1.18,,,,,,
2023-02-01,,,3.6,,9846.0,2.5,155066.0,66.9,672152.0,18491.6,5.5,301.45,28.42,33.15,1399.0,1618.0,,,100.6416,12898.0,1.91,-0.7,-1.27,,8433610.0,21184.7,,953.6228,98.93414
2023-02-02,,,,,,,,,,,,,,,,,,6.09,,,1.88,-0.69,-1.26,,,,,,
2023-02-03,,,,,,,,,,,,,,,,,,,,,1.83,-0.77,-1.17,,,,,,
2023-02-04,,,,215000.0,,,,,,,,,,,,,,,,,,,,,,,,,
2023-02-06,,,,,,,,,,,,,,,,,,,,,1.77,-0.81,-1.08,,,,,,
2023-02-07,,,,,,,,,,,,,,,,,,,,,1.78,-0.8,-1.04,,,,,,
2023-02-08,,,,,,,,,,,,,,,,,,,,,1.83,-0.82,-1.09,,8435369.0,,,953.5787,
2023-02-09,,,,,,,,,,,,,,,,,,6.12,,,1.84,-0.81,-1.1,,,,,,
2023-02-10,,,,,,,,,,,,,,,,,,,,,1.85,-0.76,-1.05,,,,,,
2023-02-11,,,,219000.0,,,,,,,,,,,,,,,,,,,,,,,,,
2023-02-13,,,,,,,,,,,,,,,,,,,,,1.84,-0.8,-1.09,,,,,,
2023-02-14,,,,,,,,,,,,,,,,,,,,,1.81,-0.83,-1.03,,,,,,
2023-02-15,,,,,,,,,,,,,,,,,,,,,1.82,-0.81,-0.98,,8384767.0,,,955.9924,
2023-02-16,,,,,,,,,,,,,,,,,,6.32,,,1.84,-0.76,-0.98,,,,,,
2023-02-17,,,,,,,,,,,,,,,,,,,,,1.89,-0.78,-1.02,,,,,,
2023-02-18,,,,217000.0,,,,,,,,,,,,,,,,,,,,,,,,,
2023-02-20,,,,,,,,,,,,,,,,,,,,,,,,,,,,,
2023-02-21,,,,,,,,,,,,,,,,,,,,,1.87,-0.72,-0.91,,,,,,
2023-02-22,,,,,,,,,,,,,,,,,,,,,1.85,-0.73,-0.91,,8382190.0,,,958.2358,
2023-02-23,,,,,,,,,,,,,,,,,,6.5,,,1.86,-0.78,-0.96,,,,,,
2023-02-24,,,,,,,,,,,,,,,,,,,,,1.86,-0.83,-0.91,,,,,,
2023-02-25,,,,209000.0,,,,,,,,,,,,,,,,,,,,,,,,,
2023-02-27,,,,,,,,,,,,,,,,,,,,,1.87,-0.86,-0.97,,,,,,
2023-02-28,,,,,,,,,,,,,,,,,,,,,1.9,-0.89,-0.96,,,,,,
2023-03-01,,,3.5,,9572.0,2.5,155134.0,62.0,665071.0,18520.4,6.0,301.821,28.56,33.27,1377.0,1480.0,,,101.0205,12888.0,1.84,-0.88,-0.89,,8339684.0,20876.1,,957.6015,98.95952
2023-03-02,,,,,,,,,,,,,,,,,,6.65,,,1.82,-0.81,-0.83,,,,,,
2023-03-03,,,,,,,,,,,,,,,,,,,,,1.79,-0.89,-0.94,,,,,,
2023-03-04,,,,229000.0,,,,,,,,,,,,,,,,,,,,,,,,,
2023-03-06,,,,,,,,,,,,,,,,,,,,,1.79,-0.91,-0.95,,,,,,
2023-03-07,,,,,,,,,,,,,,,,,,,,,1.79,-1.03,-1.07,,,,,,
2023-03-08,,,,,,,,,,,,,,,,,,,,,1.79,-1.07,-1.08,,8342283.0,,,964.9335,
2023-03-09,,,,,,,,,,,,,,,,,,6.73,,,1.85,-0.97,-1.12,,,,,,
2023-03-10,,,,,,,,,,,,,,,,,,,,,1.96,-0.9,-1.31,,,,,,
2023-03-11,,,,222000.0,,,,,,,,,,,,,,,,,,,,,,,,,
2023-03-13,,,,,,,,,,,,,,,,,,,,,2.14,-0.48,-1.32,,,,,,
2023-03-14,,,,,,,,,,,,,,,,,,,,,2.11,-0.56,-1.24,,,,,,
2023-03-15,,,,,,,,,,,,,,,,,,,,,2.22,-0.42,-1.24,,8639300.0,,,967.4855,
2023-03-16,,,,,,,,,,,,,,,,,,6.6,,,2.16,-0.58,-1.18,,,,,,
2023-03-17,,,,,,,,,,,,,,,,,,,,,2.21,-0.42,-1.13,,,,,,
2023-03-18,,,,230000.0,,,,,,,,,,,,,,,,,,,,,,,,,
2023-03-20,,,,,,,,,,,,,,,,,,,,,2.19,-0.45,-1.34,,,,,,
2023-03-21,,,,,,,,,,,,,,,,,,,,,2.11,-0.58,-1.19,,,,,,
2023-03-22,,,,,,,,,,,,,,,,,,,,,2.16,-0.48,-1.31,,8733787.0,,,971.5971,
2023-03-23,,,,,,,,,,,,,,,,,,6.42,,,2.26,-0.38,-1.35,,,,,,
2023-03-24,,,,,,,,,,,,,,,,,,,,,2.24,-0.38,-1.36,,,,,,
2023-03-25,,,,234000.0,,,,,,,,,,,,,,,,,,,,,,,,,
2023-03-27,,,,,,,,,,,,,,,,,,,,,2.19,-0.41,-1.38,,,,,,
2023-03-28,,,,,,,,,,,,,,,,,,,,,2.19,-0.47,-1.25,,,,,,
2023-03-29,,,,,,,,,,,,,,,,,,,,,2.15,-0.51,-1.23,,8705942.0,,,976.2179,
2023-03-30,,,,,,,,,,,,,,,,,,6.32,,,2.11,-0.55,-1.42,,,,,,
2023-03-31,,,,,,,,,,,,,,,,,,,,,2.11,-0.58,-1.37,,,,,,
2023-04-01,27530.055,22580.499,3.4,217000.0,9992.0,2.3,155375.0,63.7,670494.0,18641.8,5.8,302.845,28.7,33.43,1354.0,1474.0,,,101.253,12884.0,,,,46.0,,20729.7,1.72,,99.02001
2023-04-03,,,,,,,,,,,,,,,,,,,,,2.11,-0.54,-1.47,,,,,,
2023-04-04,,,,,,,,,,,,,,,,,,,,,2.1,-0.49,-1.53,,,,,,
2023-04-05,,,,,,,,,,,,,,,,,,,,,2.14,-0.49,-1.56,,8632384.0,,,976.1158,
2023-04-06,,,,,,,,,,,,,,,,,,6.28,,,2.11,-0.52,-1.61,,,,,,
2023-04-07,,,,,,,,,,,,,,,,,,,,,,-0.58,-1.56,,,,,,
2023-04-08,,,,219000.0,,,,,,,,,,,,,,,,,,,,,,,,,
2023-04-10,,,,,,,,,,,,,,,,,,,,,2.09,-0.59,-1.67,,,,,,
2023-04-11,,,,,,,,,,,,,,,,,,,,,2.05,-0.6,-1.61,,,,,,
2023-04-12,,,,,,,,,,,,,,,,,,,,,2.08,-0.54,-1.61,,8614797.0,,,975.0979,
2023-04-13,,,,,,,,,,,,,,,,,,6.27,,,2.07,-0.51,-1.65,,,,,,
2023-04-14,,,,,,,,,,,,,,,,,,,,,2.05,-0.56,-1.62,,,,,,
2023-04-15,,,,223000.0,,,,,,,,,,,,,,,,,,,,,,,,,
2023-04-17,,,,,,,,,,,,,,,,,,,,,2.02,-0.58,-1.61,,,,,,
2023-04-18,,,,,,,,,,,,,,,,,,,,,2.01,-0.61,-1.62,,,,,,
2023-04-19,,,,,,,,,,,,,,,,,,,,,2.01,-0.64,-1.56,,8593263.0,,,978.75,
2023-04-20,,,,,,,,,,,,,,,,,,6.39,,,2.05,-0.6,-1.58,,,,,,
2023-04-21,,,,,,,,,,,,,,,,,,,,,2.04,-0.6,-1.57,,,,,,
2023-04-22,,,,210000.0,,,,,,,,,,,,,,,,,,,,,,,,,
2023-04-24,,,,,,,,,,,,,,,,,,,,,2.04,-0.6,-1.68,,,,,,
2023-04-25,,,,,,,,,,,,,,,,,,,,,2.09,-0.46,-1.72,,,,,,
2023-04-26,,,,,,,,,,,,,,,,,,,,,2.11,-0.47,-1.73,,8562768.0,,,983.2403,
2023-04-27,,,,,,,,,,,,,,,,,,6.43,,,2.07,-0.54,-1.65,,,,,,
2023-04-28,,,,,,,,,,,,,,,,,,,,,2.08,-0.6,-1.66,,,,,,
2023-04-29,,,,214000.0,,,,,,,,,,,,,,,,,,,,,,,,,
2023-05-01,,,3.6,,9310.0,2.6,155655.0,59.0,673902.0,18664.6,6.1,303.334,28.78,33.5,1584.0,1575.0,,,100.9286,12869.0,2.06,-0.55,-1.68,,,20801.1,,,99.11296
2023-05-02,,,,,,,,,,,,,,,,,,,,,2.16,-0.53,-1.8,,,,,,
2023-05-03,,,,,,,,,,,,,,,,,,,,,2.2,-0.51,-1.88,,8503994.0,,,981.4173,
2023-05-04,,,,,,,,,,,,,,,,,,6.39,,,2.24,-0.38,-1.89,,,,,,
2023-05-05,,,,,,,,,,,,,,,,,,,,,2.2,-0.48,-1.82,,,,,,
2023-05-06,,,,223000.0,,,,,,,,,,,,,,,,,,,,,,,,,
2023-05-08,,,,,,,,,,,,,,,,,,,,,2.2,-0.48,-1.79,,,,,,
2023-05-09,,,,,,,,,,,,,,,,,,,,,2.21,-0.48,-1.76,,,,,,
2023-05-10,,,,,,,,,,,,,,,,,,,,,2.26,-0.47,-1.81,,8503017.0,,,981.6266,
2023-05-11,,,,,,,,,,,,,,,,,,6.35,,,2.25,-0.5,-1.81,,,,,,
2023-05-12,,,,,,,,,,,,,,,,,,,,,2.21,-0.52,-1.79,,,,,,
2023-05-13,,,,225000.0,,,,,,,,,,,,,,,,,,,,,,,,,
2023-05-15,,,,,,,,,,,,,,,,,,,,,2.27,-0.49,-1.71,,,,,,
2023-05-16,,,,,,,,,,,,,,,,,,,,,2.28,-0.52,-1.69,,,,,,
2023-05-17,,,,,,,,,,,,,,,,,,,,,2.26,-0.55,-1.69,,8456760.0,,,986.4568,
2023-05-18,,,,,,,,,,,,,,,,,,6.39,,,2.2,-0.59,-1.66,,,,,,
2023-05-19,,,,,,,,,,,,,,,,,,,,,2.18,-0.58,-1.59,,,,,,
2023-05-20,,,,227000.0,,,,,,,,,,,,,,,,,,,,,,,,,
2023-05-22,,,,,,,,,,,,,,,,,,,,,2.19,-0.57,-1.68,,,,,,
2023-05-23,,,,,,,,,,,,,,,,,,,,,2.19,-0.56,-1.64,,,,,,
2023-05-24,,,,,,,,,,,,,,,,,,,,,2.18,-0.58,-1.64,,8436255.0,,,987.6165,
2023-05-25,,,,,,,,,,,,,,,,,,6.57,,,2.1,-0.67,-1.55,,,,,,
2023-05-26,,,,,,,,,,,,,,,,,,,,,2.1,-0.74,-1.54,,,,,,
2023-05-27,,,,230000.0,,,,,,,,,,,,,,,,,,,,,,,,,
2023-05-29,,,,,,,,,,,,,,,,,,,,,,,,,,,,,
2023-05-30,,,,,,,,,,,,,,,,,,,,,2.14,-0.77,-1.86,,,,,,
2023-05-31,,,,,,,,,,,,,,,,,,,,,2.16,-0.76,-1.88,,8385854.0,,,989.6863,
2023-06-01,,,3.6,,9191.0,2.4,155880.0,64.2,677117.0,18773.0,5.8,304.014,28.89,33.69,1421.0,1464.0,,6.79,100.1196,12875.0,2.15,-0.72,-1.89,,,20782.7,,,99.2275
2023-06-02,,,,,,,,,,,,,,,,,,,,,2.11,-0.81,-1.81,,,,,,
2023-06-03,,,,253000.0,,,,,,,,,,,,,,,,,,,,,,,,,
2023-06-05,,,,,,,,,,,,,,,,,,,,,2.1,-0.77,-1.77,,,,,,
2023-06-06,,,,,,,,,,,,,,,,,,,,,2.08,-0.81,-1.74,,,,,,
2023-06-07,,,,,,,,,,,,,,,,,,,,,2.06,-0.77,-1.63,,8389325.0,,,990.2108,
2023-06-08,,,,,,,,,,,,,,,,,,6.71,,,2.07,-0.79,-1.65,,,,,,
2023-06-09,,,,,,,,,,,,,,,,,,,,,2.05,-0.84,-1.62,,,,,,
2023-06-10,,,,258000.0,,,,,,,,,,,,,,,,,,,,,,,,,
2023-06-12,,,,,,,,,,,,,,,,,,,,,2.1,-0.82,-1.67,,,,,,
2023-06-13,,,,,,,,,,,,,,,,,,,,,2.0,-0.83,-1.52,,,,,,
2023-06-14,,,,,,,,,,,,,,,,,,,,,1.94,-0.91,-1.53,,8388323.0,,,991.6531,
2023-06-15,,,,,,,,,,,,,,,,,,6.69,,,2.02,-0.9,-1.61,,,,,,
2023-06-16,,,,,,,,,,,,,,,,,,,,,1.96,-0.93,-1.57,,,,,,
2023-06-17,,,,260000.0,,,,,,,,,,,,,,,,,,,,,,,,,
2023-06-19,,,,,,,,,,,,,,,,,,,,,,,,,,,,,
2023-06-20,,,,,,,,,,,,,,,,,,,,,1.95,-0.94,-1.65,,,,,,
2023-06-21,,,,,,,,,,,,,,,,,,,,,1.96,-0.96,-1.68,,8362060.0,,,993.8489,
2023-06-22,,,,,,,,,,,,,,,,,,6.67,,,1.94,-0.97,-1.6,,,,,,
2023-06-23,,,,,,,,,,,,,,,,,,,,,1.96,-0.97,-1.67,,,,,,
2023-06-24,,,,236000.0,,,,,,,,,,,,,,,,,,,,,,,,,
2023-06-26,,,,,,,,,,,,,,,,,,,,,1.98,-0.93,-1.78,,,,,,
2023-06-27,,,,,,,,,,,,,,,,,,,,,1.94,-0.97,-1.67,,,,,,
2023-06-28,,,,,,,,,,,,,,,,,,,,,1.96,-1.0,-1.73,,8340914.0,,,993.4855,
2023-06-29,,,,,,,,,,,,,,,,,,6.71,,,1.92,-1.02,-1.61,,,,,,
2023-06-30,,,,,,,,,,,,,,,,,,,,,1.88,-1.06,-1.62,,,,,,
2023-07-01,28074.846,22840.989,3.5,248000.0,8606.0,2.3,156043.0,71.5,678424.0,18884.2,5.5,304.609,29.01,33.85,1460.0,1522.0,,,100.9067,12862.0,,,,50.8,,20772.0,1.72,,99.33507
2023-07-03,,,,,,,,,,,,,,,,,,,,,1.85,-1.08,-1.58,,,,,,
2023-07-04,,,,,,,,,,,,,,,,,,,,,,,,,,,,,
2023-07-05,,,,,,,,,,,,,,,,,,,,,1.83,-0.99,-1.49,,8298312.0,,,996.8009,
2023-07-06,,,,,,,,,,,,,,,,,,6.81,,,1.8,-0.94,-1.41,,,,,,
2023-07-07,,,,,,,,,,,,,,,,,,,,,1.81,-0.88,-1.4,,,,,,
2023-07-08,,,,229000.0,,,,,,,,,,,,,,,,,,,,,,,,,
2023-07-10,,,,,,,,,,,,,,,,,,,,,1.86,-0.84,-1.47,,,,,,
2023-07-11,,,,,,,,,,,,,,,,,,,,,1.84,-0.89,-1.5,,,,,,
2023-07-12,,,,,,,,,,,,,,,,,,,,,1.88,-0.86,-1.61,,8296923.0,,,996.9953,
2023-07-13,,,,,,,,,,,,,,,,,,6.96,,,1.91,-0.83,-1.71,,,,,,
2023-07-14,,,,,,,,,,,,,,,,,,,,,1.87,-0.91,-1.66,,,,,,
2023-07-15,,,,228000.0,,,,,,,,,,,,,,,,,,,,,,,,,
2023-07-17,,,,,,,,,,,,,,,,,,,,,1.9,-0.93,-1.68,,,,,,
2023-07-18,,,,,,,,,,,,,,,,,,,,,1.89,-0.94,-1.69,,,,,,
2023-07-19,,,,,,,,,,,,,,,,,,,,,1.87,-0.99,-1.74,,8274552.0,,,1001.635,
2023-07-20,,,,,,,,,,,,,,,,,,6.78,,,1.85,-0.95,-1.64,,,,,,
2023-07-21,,,,,,,,,,,,,,,,,,,,,1.85,-0.98,-1.66,,,,,,
2023-07-22,,,,231000.0,,,,,,,,,,,,,,,,,,,,,,,,,
2023-07-24,,,,,,,,,,,,,,,,,,,,,1.84,-0.95,-1.65,,,,,,
2023-07-25,,,,,,,,,,,,,,,,,,,,,1.81,-0.94,-1.6,,,,,,
2023-07-26,,,,,,,,,,,,,,,,,,,,,1.83,-0.96,-1.65,,8243344.0,,,1002.1865,
2023-07-27,,,,,,,,,,,,,,,,,,6.81,,,1.78,-0.9,-1.5,,,,,,
2023-07-28,,,,,,,,,,,,,,,,,,,,,1.8,-0.91,-1.56,,,,,,
2023-07-29,,,,238000.0,,,,,,,,,,,,,,,,,,,,,,,,,
2023-07-31,,,,,,,,,,,,,,,,,,,,,1.77,-0.91,-1.58,,,,,,
2023-08-01,,,3.7,,9287.0,2.3,156261.0,69.4,684755.0,18953.3,5.6,306.082,29.06,33.89,1317.0,1561.0,,,100.8393,12861.0,1.77,-0.87,-1.49,,,20746.9,,,99.42046
2023-08-02,,,,,,,,,,,,,,,,,,,,,1.82,-0.8,-1.45,,8206764.0,,,1000.703,
2023-08-03,,,,,,,,,,,,,,,,,,6.9,,,1.84,-0.7,-1.34,,,,,,
2023-08-04,,,,,,,,,,,,,,,,,,,,,1.9,-0.73,-1.49,,,,,,
2023-08-05,,,,258000.0,,,,,,,,,,,,,,,,,,,,,,,,,
2023-08-07,,,,,,,,,,,,,,,,,,,,,1.9,-0.67,-1.47,,,,,,
2023-08-08,,,,,,,,,,,,,,,,,,,,,1.93,-0.72,-1.55,,,,,,
2023-08-09,,,,,,,,,,,,,,,,,,,,,1.92,-0.79,-1.55,,8208241.0,,,1003.8091,
2023-08-10,,,,,,,,,,,,,,,,,,6.96,,,1.89,-0.73,-1.45,,,,,,
2023-08-11,,,,,,,,,,,,,,,,,,,,,1.87,-0.73,-1.38,,,,,,
2023-08-12,,,,248000.0,,,,,,,,,,,,,,,,,,,,,,,,,
2023-08-14,,,,,,,,,,,,,,,,,,,,,1.84,-0.77,-1.37,,,,,,
2023-08-15,,,,,,,,,,,,,,,,,,,,,1.86,-0.71,-1.35,,,,,,
2023-08-16,,,,,,,,,,,,,,,,,,,,,1.84,-0.69,-1.28,,8145727.0,,,1004.2239,
2023-08-17,,,,,,,,,,,,,,,,,,7.09,,,1.87,-0.64,-1.26,,,,,,
2023-08-18,,,,,,,,,,,,,,,,,,,,,1.89,-0.66,-1.29,,,,,,
2023-08-19,,,,240000.0,,,,,,,,,,,,,,,,,,,,,,,,,
2023-08-21,,,,,,,,,,,,,,,,,,,,,1.88,-0.63,-1.23,,,,,,
2023-08-22,,,,,,,,,,,,,,,,,,,,,1.82,-0.68,-1.23,,,,,,
2023-08-23,,,,,,,,,,,,,,,,,,,,,1.83,-0.76,-1.38,,8139066.0,,,1006.8798,
2023-08-24,,,,,,,,,,,,,,,,,,7.23,,,1.8,-0.75,-1.35,,,,,,
2023-08-25,,,,,,,,,,,,,,,,,,,,,1.76,-0.78,-1.36,,,,,,
2023-08-26,,,,234000.0,,,,,,,,,,,,,,,,,,,,,,,,,
2023-08-28,,,,,,,,,,,,,,,,,,,,,1.82,-0.78,-1.38,,,,,,
2023-08-29,,,,,,,,,,,,,,,,,,,,,1.84,-0.75,-1.44,,,,,,
2023-08-30,,,,,,,,,,,,,,,,,,,,,1.82,-0.78,-1.44,,8121316.0,,,1012.2151,
2023-08-31,,,,,,,,,,,,,,,,,,7.18,,,1.83,-0.76,-1.47,,,,,,
2023-09-01,,,3.7,,9279.0,2.3,156417.0,67.8,689403.0,19048.1,5.3,307.276,29.18,34.01,1371.0,1537.0,,,101.0211,12872.0,1.82,-0.69,-1.35,,,20720.5,,,99.48235
2023-09-02,,,,227000.0,,,,,,,,,,,,,,,,,,,,,,,,,
2023-09-04,,,,,,,,,,,,,,,,,,,,,,,,,,,,,
2023-09-05,,,,,,,,,,,,,,,,,,,,,1.84,-0.67,-1.28,,,,,,
2023-09-06,,,,,,,,,,,,,,,,,,,,,1.79,-0.71,-1.25,,8101318.0,,,1010.4207,
2023-09-07,,,,,,,,,,,,,,,,,,7.12,,,1.81,-0.67,-1.26,,,,,,
2023-09-08,,,,,,,,,,,,,,,,,,,,,1.79,-0.72,-1.29,,,,,,
2023-09-09,,,,227000.0,,,,,,,,,,,,,,,,,,,,,,,,,
2023-09-11,,,,,,,,,,,,,,,,,,,,,1.8,-0.68,-1.26,,,,,,
2023-09-12,,,,,,,,,,,,,,,,,,,,,1.79,-0.71,-1.29,,,,,,
2023-09-13,,,,,,,,,,,,,,,,,,,,,1.81,-0.71,-1.3,,8098779.0,,,1012.0694,
2023-09-14,,,,,,,,,,,,,,,,,,7.18,,,1.8,-0.71,-1.26,,,,,,
2023-09-15,,,,,,,,,,,,,,,,,,,,,1.78,-0.69,-1.23,,,,,,
2023-09-16,,,,210000.0,,,,,,,,,,,,,,,,,,,,,,,,,
2023-09-18,,,,,,,,,,,,,,,,,,,,,1.77,-0.73,-1.23,,,,,,
2023-09-19,,,,,,,,,,,,,,,,,,,,,1.75,-0.71,-1.17,,,,,,
2023-09-20,,,,,,,,,,,,,,,,,,,,,1.73,-0.77,-1.21,,8024090.0,,,1014.7128,
2023-09-21,,,,,,,,,,,,,,,,,,7.19,,,1.66,-0.63,-1.08,,,,,,
2023-09-22,,,,,,,,,,,,,,,,,,,,,1.73,-0.66,-1.12,,,,,,
2023-09-23,,,,215000.0,,,,,,,,,,,,,,,,,,,,,,,,,
2023-09-25,,,,,,,,,,,,,,,,,,,,,1.75,-0.54,-1.03,,,,,,
2023-09-26,,,,,,,,,,,,,,,,,,,,,1.77,-0.48,-1.02,,,,,,
2023-09-27,,,,,,,,,,,,,,,,,,,,,1.77,-0.49,-0.97,,8002064.0,,,1016.5962,
2023-09-28,,,,,,,,,,,,,,,,,,7.31,,,1.8,-0.45,-0.97,,,,,,
2023-09-29,,,,,,,,,,,,,,,,,,,,,1.78,-0.44,-0.96,,,,,,
2023-09-30,,,,216000.0,,,,,,,,,,,,,,,,,,,,,,,,,
2023-10-01,28424.722,23033.78,3.9,,8550.0,2.3,156576.0,63.8,686148.0,19109.4,5.4,307.696,29.26,34.08,1368.0,1528.0,,,100.4689,12837.0,,,,33.9,,20687.4,1.7,,99.53435
2023-10-02,,,,,,,,,,,,,,,,,,,,,1.78,-0.43,-0.93,,,,,,
2023-10-03,,,,,,,,,,,,,,,,,,,,,1.82,-0.34,-0.81,,,,,,
2023-10-04,,,,,,,,,,,,,,,,,,,,,1.83,-0.32,-0.88,,7955782.0,,,1018.7243,
2023-10-05,,,,,,,,,,,,,,,,,,7.49,,,1.85,-0.31,-0.89,,,,,,
2023-10-06,,,,,,,,,,,,,,,,,,,,,1.84,-0.3,-0.85,,,,,,
2023-10-07,,,,210000.0,,,,,,,,,,,,,,,,,,,,,,,,,
2023-10-09,,,,,,,,,,,,,,,,,,,,,,,,,,,,,
2023-10-10,,,,,,,,,,,,,,,,,,,,,1.83,-0.3,-0.95,,,,,,
2023-10-11,,,,,,,,,,,,,,,,,,,,,1.82,-0.41,-1.03,,7952054.0,,,1020.8953,
2023-10-12,,,,,,,,,,,,,,,,,,7.57,,,1.83,-0.36,-0.93,,,,,,
2023-10-13,,,,,,,,,,,,,,,,,,,,,1.82,-0.41,-0.99,,,,,,
2023-10-14,,,,200000.0,,,,,,,,,,,,,,,,,,,,,,,,,
2023-10-16,,,,,,,,,,,,,,,,,,,,,1.83,-0.38,-0.9,,,,,,
2023-10-17,,,,,,,,,,,,,,,,,,,,,1.8,-0.36,-0.79,,,,,,
2023-10-18,,,,,,,,,,,,,,,,,,,,,1.78,-0.28,-0.7,,7933162.0,,,1022.4309,
2023-10-19,,,,,,,,,,,,,,,,,,7.63,,,1.82,-0.16,-0.62,,,,,,
2023-10-20,,,,,,,,,,,,,,,,,,,,,1.88,-0.14,-0.65,,,,,,
2023-10-21,,,,214000.0,,,,,,,,,,,,,,,,,,,,,,,,,
2023-10-23,,,,,,,,,,,,,,,,,,,,,1.85,-0.19,-0.72,,,,,,
2023-10-24,,,,,,,,,,,,,,,,,,,,,1.84,-0.19,-0.75,,,,,,
2023-10-25,,,,,,,,,,,,,,,,,,,,,1.83,-0.13,-0.64,,7907830.0,,,1023.6327,
2023-10-26,,,,,,,,,,,,,,,,,,7.79,,,1.82,-0.16,-0.73,,,,,,
2023-10-27,,,,,,,,,,,,,,,,,,,,,1.88,-0.15,-0.75,,,,,,
2023-10-28,,,,217000.0,,,,,,,,,,,,,,,,,,,,,,,,,
2023-10-30,,,,,,,,,,,,,,,,,,,,,1.86,-0.15,-0.72,,,,,,
2023-10-31,,,,,,,,,,,,,,,,,,,,,1.85,-0.19,-0.71,,,,,,
2023-11-01,,,3.7,,8663.0,2.3,156703.0,61.3,685328.0,19178.9,5.6,308.148,29.37,34.17,1514.0,1503.0,,,100.8639,12859.0,1.91,-0.18,-0.8,,7866664.0,20696.9,,1020.2165,99.60859
2023-11-02,,,,,,,,,,,,,,,,,,7.76,,,1.84,-0.31,-0.87,,,,,,
2023-11-03,,,,,,,,,,,,,,,,,,,,,1.86,-0.26,-0.96,,,,,,
2023-11-04,,,,216000.0,,,,,,,,,,,,,,,,,,,,,,,,,
2023-11-06,,,,,,,,,,,,,,,,,,,,,1.84,-0.26,-0.89,,,,,,
2023-11-07,,,,,,,,,,,,,,,,,,,,,1.83,-0.33,-0.97,,,,,,
2023-11-08,,,,,,,,,,,,,,,,,,,,,1.84,-0.44,-1.05,,7860691.0,,,1026.5774,
2023-11-09,,,,,,,,,,,,,,,,,,7.5,,,1.83,-0.41,-0.92,,,,,,
2023-11-10,,,,,,,,,,,,,,,,,,,,,1.8,-0.43,-0.92,,,,,,
2023-11-11,,,,229000.0,,,,,,,,,,,,,,,,,,,,,,,,,
2023-11-13,,,,,,,,,,,,,,,,,,,,,1.79,-0.39,-0.92,,,,,,
2023-11-14,,,,,,,,,,,,,,,,,,,,,1.83,-0.36,-1.08,,,,,,
2023-11-15,,,,,,,,,,,,,,,,,,,,,1.8,-0.37,-1.0,,7814991.0,,,1026.4038,
2023-11-16,,,,,,,,,,,,,,,,,,7.44,,,1.81,-0.38,-1.06,,,,,,
2023-11-17,,,,,,,,,,,,,,,,,,,,,1.78,-0.44,-1.06,,,,,,
2023-11-18,,,,213000.0,,,,,,,,,,,,,,,,,,,,,,,,,
2023-11-20,,,,,,,,,,,,,,,,,,,,,1.76,-0.47,-1.12,,,,,,
2023-11-21,,,,,,,,,,,,,,,,,,,,,1.77,-0.45,-1.12,,,,,,
2023-11-22,,,,,,,,,,,,,,,,,,7.29,,,1.71,-0.47,-1.12,,7810814.0,,,1030.0777,
2023-11-23,,,,,,,,,,,,,,,,,,,,,,,,,,,,,
2023-11-24,,,,,,,,,,,,,,,,,,,,,1.72,-0.45,-1.07,,,,,,
2023-11-25,,,,214000.0,,,,,,,,,,,,,,,,,,,,,,,,,
2023-11-27,,,,,,,,,,,,,,,,,,,,,1.71,-0.45,-1.1,,,,,,
2023-11-28,,,,,,,,,,,,,,,,,,,,,1.75,-0.39,-1.13,,,,,,
2023-11-29,,,,,,,,,,,,,,,,,,,,,1.72,-0.37,-1.18,,7796145.0,,,1036.2604,
2023-11-30,,,,,,,,,,,,,,,,,,7.22,,,1.67,-0.36,-1.08,,,,,,
2023-12-01,,,3.8,,8585.0,2.1,156857.0,69.7,686277.0,19283.5,5.6,308.741,29.47,34.29,1521.0,1519.0,,,100.6031,12872.0,1.71,-0.34,-1.21,,,20701.4,,,99.71788
2023-12-02,,,,216000.0,,,,,,,,,,,,,,,,,,,,,,,,,
2023-12-04,,,,,,,,,,,,,,,,,,,,,1.67,-0.36,-1.18,,,,,,
2023-12-05,,,,,,,,,,,,,,,,,,,,,1.65,-0.39,-1.27,,,,,,
2023-12-06,,,,,,,,,,,,,,,,,,,,,1.63,-0.48,-1.33,,7737385.0,,,1030.4211,
2023-12-07,,,,,,,,,,,,,,,,,,7.03,,,1.63,-0.44,-1.3,,,,,,
2023-12-08,,,,,,,,,,,,,,,,,,,,,1.61,-0.48,-1.21,,,,,,
2023-12-09,,,,204000.0,,,,,,,,,,,,,,,,,,,,,,,,,
2023-12-11,,,,,,,,,,,,,,,,,,,,,1.61,-0.48,-1.24,,,,,,
2023-12-12,,,,,,,,,,,,,,,,,,,,,1.6,-0.53,-1.26,,,,,,
2023-12-13,,,,,,,,,,,,,,,,,,,,,1.61,-0.42,-1.4,,7739566.0,,,1031.489,
2023-12-14,,,,,,,,,,,,,,,,,,6.95,,,1.57,-0.45,-1.51,,,,,,
2023-12-15,,,,,,,,,,,,,,,,,,,,,1.57,-0.53,-1.53,,,,,,
2023-12-16,,,,209000.0,,,,,,,,,,,,,,,,,,,,,,,,,
2023-12-18,,,,,,,,,,,,,,,,,,,,,1.58,-0.48,-1.51,,,,,,
2023-12-19,,,,,,,,,,,,,,,,,,,,,1.57,-0.48,-1.5,,,,,,
2023-12-20,,,,,,,,,,,,,,,,,,,,,1.63,-0.48,-1.58,,7724063.0,,,1031.9252,
2023-12-21,,,,,,,,,,,,,,,,,,6.67,,,1.64,-0.44,-1.53,,,,,,
2023-12-22,,,,,,,,,,,,,,,,,,,,,1.65,-0.41,-1.54,,,,,,
2023-12-23,,,,210000.0,,,,,,,,,,,,,,,,,,,,,,,,,
2023-12-25,,,,,,,,,,,,,,,,,,,,,,,,,,,,,
2023-12-26,,,,,,,,,,,,,,,,,,,,,1.64,-0.37,-1.56,,,,,,
2023-12-27,,,,,,,,,,,,,,,,,,,,,1.64,-0.41,-1.65,,7712781.0,,,1031.4063,
2023-12-28,,,,,,,,,,,,,,,,,,6.61,,,1.62,-0.42,-1.61,,,,,,
2023-12-29,,,,,,,,,,,,,,,,,,,,,1.61,-0.35,-1.52,,,,,,
2023-12-30,,,,198000.0,,,,,,,,,,,,,,,,,,,,,,,,,
2024-01-01,28708.161,23082.119,3.7,,8468.0,2.1,157032.0,79.0,680456.0,19303.3,6.4,309.698,29.61,34.47,1381.0,1545.0,,,99.2223,12875.0,,,,14.5,,20773.3,1.71,,99.85411
2024-01-02,,,,,,,,,,,,,,,,,,,,,1.62,-0.38,-1.51,,,,,,
2024-01-03,,,,,,,,,,,,,,,,,,,,,1.66,-0.42,-1.57,,7681024.0,,,1035.5784,
2024-01-04,,,,,,,,,,,,,,,,,,6.62,,,1.65,-0.39,-1.49,,,,,,
2024-01-05,,,,,,,,,,,,,,,,,,,,,1.65,-0.35,-1.42,,,,,,
2024-01-06,,,,199000.0,,,,,,,,,,,,,,,,,,,,,,,,,
2024-01-08,,,,,,,,,,,,,,,,,,,,,1.65,-0.35,-1.48,,,,,,
2024-01-09,,,,,,,,,,,,,,,,,,,,,1.63,-0.34,-1.45,,,,,,
2024-01-10,,,,,,,,,,,,,,,,,,,,,1.59,-0.33,-1.42,,7686710.0,,,1039.3794,
2024-01-11,,,,,,,,,,,,,,,,,,6.66,,,1.63,-0.28,-1.48,,,,,,
2024-01-12,,,,,,,,,,,,,,,,,,,,,1.64,-0.18,-1.49,,,,,,
2024-01-13,,,,193000.0,,,,,,,,,,,,,,,,,,,,,,,,,
2024-01-15,,,,,,,,,,,,,,,,,,,,,,,,,,,,,
2024-01-16,,,,,,,,,,,,,,,,,,,,,1.65,-0.15,-1.38,,,,,,
2024-01-17,,,,,,,,,,,,,,,,,,,,,1.63,-0.24,-1.37,,7673741.0,,,1042.2549,
2024-01-18,,,,,,,,,,,,,,,,,,6.6,,,1.62,-0.2,-1.31,,,,,,
2024-01-19,,,,,,,,,,,,,,,,,,,,,1.59,-0.24,-1.3,,,,,,
2024-01-20,,,,223000.0,,,,,,,,,,,,,,,,,,,,,,,,,
2024-01-22,,,,,,,,,,,,,,,,,,,,,1.59,-0.26,-1.35,,,,,,
2024-01-23,,,,,,,,,,,,,,,,,,,,,1.62,-0.17,-1.31,,,,,,
2024-01-24,,,,,,,,,,,,,,,,,,,,,1.61,-0.16,-1.26,,7677230.0,,,1041.0627,
2024-01-25,,,,,,,,,,,,,,,,,,6.69,,,1.6,-0.14,-1.3,,,,,,
2024-01-26,,,,,,,,,,,,,,,,,,,,,1.58,-0.19,-1.29,,,,,,
2024-01-27,,,,225000.0,,,,,,,,,,,,,,,,,,,,,,,,,
2024-01-29,,,,,,,,,,,,,,,,,,,,,1.6,-0.21,-1.34,,,,,,
2024-01-30,,,,,,,,,,,,,,,,,,,,,1.58,-0.3,-1.36,,,,,,
2024-01-31,,,,,,,,,,,,,,,,,,,,,1.61,-0.28,-1.43,,7630124.0,,,1042.7954,
2024-02-01,,,3.9,,8445.0,2.2,157238.0,76.9,685280.0,19446.5,6.1,310.967,29.66,34.52,1552.0,1577.0,,6.63,100.285,12852.0,1.63,-0.33,-1.55,,,20861.4,,,
2024-02-02,,,,,,,,,,,,,,,,,,,,,1.59,-0.33,-1.4,,,,,,
2024-02-03,,,,214000.0,,,,,,,,,,,,,,,,,,,,,,,,,
2024-02-05,,,,,,,,,,,,,,,,,,,,,1.56,-0.29,-1.25,,,,,,
2024-02-06,,,,,,,,,,,,,,,,,,,,,1.58,-0.3,-1.35,,,,,,
2024-02-07,,,,,,,,,,,,,,,,,,,,,1.6,-0.32,-1.34,,7631300.0,,,1043.5152,
2024-02-08,,,,,,,,,,,,,,,,,,6.64,,,1.6,-0.31,-1.29,,,,,,
2024-02-09,,,,,,,,,,,,,,,,,,,,,1.59,-0.31,-1.27,,,,,,
2024-02-10,,,,212000.0,,,,,,,,,,,,,,,,,,,,,,,,,
2024-02-12,,,,,,,,,,,,,,,,,,,,,1.58,-0.29,-1.26,,,,,,
2024-02-13,,,,,,,,,,,,,,,,,,,,,1.54,-0.33,-1.14,,,,,,
2024-02-14,,,,,,,,,,,,,,,,,,,,,1.56,-0.29,-1.16,,7633874.0,,,1046.1271,
2024-02-15,,,,,,,,,,,,,,,,,,6.77,,,1.57,-0.32,-1.19,,,,,,
2024-02-16,,,,,,,,,,,,,,,,,,,,,1.53,-0.34,-1.14,,,,,,
2024-02-17,,,,203000.0,,,,,,,,,,,,,,,,,,,,,,,,,
2024-02-19,,,,,,,,,,,,,,,,,,,,,,,,,,,,,
2024-02-20,,,,,,,,,,,,,,,,,,,,,1.56,-0.32,-1.17,,,,,,
2024-02-21,,,,,,,,,,,,,,,,,,,,,1.54,-0.32,-1.12,,7581683.0,,,1046.136,
2024-02-22,,,,,,,,,,,,,,,,,,6.9,,,1.49,-0.36,-1.12,,,,,,
2024-02-23,,,,,,,,,,,,,,,,,,,,,1.49,-0.41,-1.2,,,,,,
2024-02-24,,,,214000.0,,,,,,,,,,,,,,,,,,,,,,,,,
2024-02-26,,,,,,,,,,,,,,,,,,,,,1.53,-0.41,-1.19,,,,,,
2024-02-27,,,,,,,,,,,,,,,,,,,,,1.53,-0.39,-1.14,,,,,,
2024-02-28,,,,,,,,,,,,,,,,,,,,,1.55,-0.37,-1.18,,7567807.0,,,1053.3121,
2024-02-29,,,,,,,,,,,,,,,,,,6.94,,,1.55,-0.39,-1.2,,,,,,
2024-03-01,,,3.9,,8093.0,2.1,157466.0,79.4,687641.0,19581.8,5.9,312.345,29.78,34.65,1312.0,1476.0,,,100.4575,12836.0,1.57,-0.35,-1.23,,,20901.0,,,
2024-03-02,,,,212000.0,,,,,,,,,,,,,,,,,,,,,,,,,
2024-03-04,,,,,,,,,,,,,,,,,,,,,1.57,-0.39,-1.26,,,,,,
2024-03-05,,,,,,,,,,,,,,,,,,,,,1.59,-0.41,-1.34,,,,,,
2024-03-06,,,,,,,,,,,,,,,,,,,,,1.57,-0.44,-1.36,,7538857.0,,,1052.7963,
2024-03-07,,,,,,,,,,,,,,,,,,6.88,,,1.59,-0.41,-1.38,,,,,,
2024-03-08,,,,,,,,,,,,,,,,,,,,,1.59,-0.39,-1.37,,,,,,
2024-03-09,,,,213000.0,,,,,,,,,,,,,,,,,,,,,,,,,
2024-03-11,,,,,,,,,,,,,,,,,,,,,1.59,-0.41,-1.38,,,,,,
2024-03-12,,,,,,,,,,,,,,,,,,,,,1.55,-0.42,-1.32,,,,,,
2024-03-13,,,,,,,,,,,,,,,,,,,,,1.55,-0.42,-1.29,,7541969.0,,,1056.7885,
2024-03-14,,,,,,,,,,,,,,,,,,6.74,,,1.53,-0.39,-1.19,,,,,,
2024-03-15,,,,,,,,,,,,,,,,,,,,,1.49,-0.41,-1.17,,,,,,
2024-03-16,,,,213000.0,,,,,,,,,,,,,,,,,,,,,,,,,
2024-03-18,,,,,,,,,,,,,,,,,,,,,1.49,-0.39,-1.14,,,,,,
2024-03-19,,,,,,,,,,,,,,,,,,,,,1.5,-0.38,-1.18,,,,,,
2024-03-20,,,,,,,,,,,,,,,,,,,,,1.56,-0.32,-1.2,,7514348.0,,,1058.1211,
2024-03-21,,,,,,,,,,,,,,,,,,6.87,,,1.53,-0.35,-1.21,,,,,,
2024-03-22,,,,,,,,,,,,,,,,,,,,,1.53,-0.37,-1.24,,,,,,
2024-03-23,,,,214000.0,,,,,,,,,,,,,,,,,,,,,,,,,
2024-03-25,,,,,,,,,,,,,,,,,,,,,1.53,-0.29,-1.21,,,,,,
2024-03-26,,,,,,,,,,,,,,,,,,,,,1.53,-0.32,-1.22,,,,,,
2024-03-27,,,,,,,,,,,,,,,,,,,,,1.54,-0.34,-1.25,,7484739.0,,,1057.648,
2024-03-28,,,,,,,,,,,,,,,,,,6.79,,,1.5,-0.39,-1.26,,,,,,
2024-03-29,,,,,,,,,,,,,,,,,,,,,,,,,,,,,
2024-03-30,,,,223000.0,,,,,,,,,,,,,,,,,,,,,,,,,
2024-04-01,29147.044,23286.508,3.9,,7619.0,2.2,157530.0,77.2,687602.0,19665.7,5.8,313.023,29.85,34.76,1385.0,1459.0,,,100.2434,12833.0,1.49,-0.39,-1.11,15.6,,20929.1,1.73,,
2024-04-02,,,,,,,,,,,,,,,,,,,,,1.51,-0.34,-1.06,,,,,,
2024-04-03,,,,,,,,,,,,,,,,,,,,,1.49,-0.32,-1.06,,7439558.0,,,1057.5056,
2024-04-04,,,,,,,,,,,,,,,,,,6.82,,,1.51,-0.34,-1.1,,,,,,
2024-04-05,,,,,,,,,,,,,,,,,,,,,1.49,-0.34,-1.04,,,,,,
2024-04-06,,,,212000.0,,,,,,,,,,,,,,,,,,,,,,,,,
2024-04-08,,,,,,,,,,,,,,,,,,,,,1.46,-0.36,-1.01,,,,,,
2024-04-09,,,,,,,,,,,,,,,,,,,,,1.44,-0.38,-1.07,,,,,,
2024-04-10,,,,,,,,,,,,,,,,,,,,,1.4,-0.42,-0.9,,7438176.0,,,1055.0416,
2024-04-11,,,,,,,,,,,,,,,,,,6.88,,,1.41,-0.37,-0.89,,,,,,
2024-04-12,,,,,,,,,,,,,,,,,,,,,1.45,-0.38,-0.95,,,,,,
2024-04-13,,,,211000.0,,,,,,,,,,,,,,,,,,,,,,,,,
2024-04-15,,,,,,,,,,,,,,,,,,,,,1.46,-0.3,-0.82,,,,,,
2024-04-16,,,,,,,,,,,,,,,,,,,,,1.46,-0.3,-0.78,,,,,,
2024-04-17,,,,,,,,,,,,,,,,,,,,,1.48,-0.34,-0.86,,7405506.0,,,1055.7891,
2024-04-18,,,,,,,,,,,,,,,,,,7.1,,,1.47,-0.34,-0.82,,,,,,
2024-04-19,,,,,,,,,,,,,,,,,,,,,1.46,-0.35,-0.83,,,,,,
2024-04-20,,,,209000.0,,,,,,,,,,,,,,,,,,,,,,,,,
2024-04-22,,,,,,,,,,,,,,,,,,,,,1.46,-0.35,-0.8,,,,,,
2024-04-23,,,,,,,,,,,,,,,,,,,,,1.46,-0.25,-0.84,,,,,,
2024-04-24,,,,,,,,,,,,,,,,,,,,,1.48,-0.24,-0.81,,7402434.0,,,1054.8084,
2024-04-25,,,,,,,,,,,,,,,,,,7.17,,,1.47,-0.26,-0.77,,,,,,
2024-04-26,,,,,,,,,,,,,,,,,,,,,1.45,-0.29,-0.79,,,,,,
2024-04-27,,,,209000.0,,,,,,,,,,,,,,,,,,,,,,,,,
2024-04-29,,,,,,,,,,,,,,,,,,,,,1.45,-0.34,-0.82,,,,,,
2024-04-30,,,,,,,,,,,,,,,,,,,,,1.44,-0.35,-0.77,,,,,,
2024-05-01,,,3.9,,7901.0,2.1,157608.0,69.1,692774.0,19758.0,5.8,313.175,29.97,34.89,1316.0,1407.0,,,100.863,12825.0,1.43,-0.33,-0.83,,7362474.0,20989.7,,1056.3377,
2024-05-02,,,,,,,,,,,,,,,,,,7.22,,,1.47,-0.29,-0.88,,,,,,
2024-05-03,,,,,,,,,,,,,,,,,,,,,1.49,-0.31,-0.95,,,,,,
2024-05-04,,,,229000.0,,,,,,,,,,,,,,,,,,,,,,,,,
2024-05-06,,,,,,,,,,,,,,,,,,,,,1.47,-0.33,-0.96,,,,,,
2024-05-07,,,,,,,,,,,,,,,,,,,,,1.45,-0.35,-0.98,,,,,,
2024-05-08,,,,,,,,,,,,,,,,,,,,,1.47,-0.36,-0.97,,7353408.0,,,1059.4368,
2024-05-09,,,,,,,,,,,,,,,,,,7.09,,,1.48,-0.35,-1.01,,,,,,
2024-05-10,,,,,,,,,,,,,,,,,,,,,1.48,-0.37,-0.97,,,,,,
2024-05-11,,,,222000.0,,,,,,,,,,,,,,,,,,,,,,,,,
2024-05-13,,,,,,,,,,,,,,,,,,,,,1.48,-0.37,-0.97,,,,,,
2024-05-14,,,,,,,,,,,,,,,,,,,,,1.48,-0.36,-0.99,,,,,,
2024-05-15,,,,,,,,,,,,,,,,,,,,,1.49,-0.37,-1.09,,7304272.0,,,1058.4281,
2024-05-16,,,,,,,,,,,,,,,,,,7.02,,,1.47,-0.4,-1.07,,,,,,
2024-05-17,,,,,,,,,,,,,,,,,,,,,1.48,-0.41,-1.04,,,,,,
2024-05-18,,,,216000.0,,,,,,,,,,,,,,,,,,,,,,,,,
2024-05-20,,,,,,,,,,,,,,,,,,,,,1.47,-0.38,-1.01,,,,,,
2024-05-21,,,,,,,,,,,,,,,,,,,,,1.48,-0.41,-1.04,,,,,,
2024-05-22,,,,,,,,,,,,,,,,,,,,,1.46,-0.43,-1.02,,7299566.0,,,1060.404,
2024-05-23,,,,,,,,,,,,,,,,,,6.94,,,1.45,-0.44,-0.99,,,,,,
2024-05-24,,,,,,,,,,,,,,,,,,,,,1.46,-0.47,-1.0,,,,,,
2024-05-25,,,,221000.0,,,,,,,,,,,,,,,,,,,,,,,,,
2024-05-27,,,,,,,,,,,,,,,,,,,,,,,,,,,,,
2024-05-28,,,,,,,,,,,,,,,,,,,,,1.45,-0.4,-0.92,,,,,,
2024-05-29,,,,,,,,,,,,,,,,,,,,,1.47,-0.35,-0.85,,7284319.0,,,1064.505,
2024-05-30,,,,,,,,,,,,,,,,,,7.03,,,1.46,-0.37,-0.91,,,,,,
2024-05-31,,,,,,,,,,,,,,,,,,,,,1.46,-0.38,-0.95,,,,,,
2024-06-01,,,4.1,229000.0,7412.0,2.1,157695.0,68.2,692449.0,19844.5,5.7,313.044,30.07,35.01,1327.0,1461.0,,,100.894,12814.0,,,,,,21053.1,,,
2024-06-03,,,,,,,,,,,,,,,,,,,,,1.47,-0.41,-1.11,,,,,,
2024-06-04,,,,,,,,,,,,,,,,,,,,,1.49,-0.44,-1.19,,,,,,
2024-06-05,,,,,,,,,,,,,,,,,,,,,1.53,-0.43,-1.22,,7255687.0,,,1062.5167,
2024-06-06,,,,,,,,,,,,,,,,,,6.99,,,1.5,-0.44,-1.23,,,,,,
2024-06-07,,,,,,,,,,,,,,,,,,,,,1.46,-0.44,-1.09,,,,,,
2024-06-08,,,,241000.0,,,,,,,,,,,,,,,,,,,,,,,,,
2024-06-10,,,,,,,,,,,,,,,,,,,,,1.46,-0.4,-1.05,,,,,,
2024-06-11,,,,,,,,,,,,,,,,,,,,,1.48,-0.42,-1.13,,,,,,
2024-06-12,,,,,,,,,,,,,,,,,,,,,1.48,-0.44,-1.2,,7258974.0,,,1063.2025,
2024-06-13,,,,,,,,,,,,,,,,,,6.95,,,1.51,-0.44,-1.27,,,,,,
2024-06-14,,,,,,,,,,,,,,,,,,,,,1.53,-0.47,-1.31,,,,,,
2024-06-15,,,,237000.0,,,,,,,,,,,,,,,,,,,,,,,,,
2024-06-17,,,,,,,,,,,,,,,,,,,,,1.52,-0.47,-1.24,,,,,,
2024-06-18,,,,,,,,,,,,,,,,,,,,,1.52,-0.47,-1.28,,,,,,
2024-06-19,,,,,,,,,,,,,,,,,,,,,,,,,7252542.0,,,1064.3444,
2024-06-20,,,,,,,,,,,,,,,,,,6.87,,,1.54,-0.45,-1.25,,,,,,
2024-06-21,,,,,,,,,,,,,,,,,,,,,1.55,-0.45,-1.24,,,,,,
2024-06-22,,,,233000.0,,,,,,,,,,,,,,,,,,,,,,,,,
2024-06-24,,,,,,,,,,,,,,,,,,,,,1.53,-0.46,-1.25,,,,,,
2024-06-25,,,,,,,,,,,,,,,,,,,,,1.55,-0.42,-1.26,,,,,,
2024-06-26,,,,,,,,,,,,,,,,,,,,,1.55,-0.39,-1.18,,7231163.0,,,1063.9045,
2024-06-27,,,,,,,,,,,,,,,,,,6.86,,,1.55,-0.41,-1.2,,,,,,
2024-06-28,,,,,,,,,,,,,,,,,,,,,1.55,-0.35,-1.12,,,,,,
2024-06-29,,,,238000.0,,,,,,,,,,,,,,,,,,,,,,,,,
2024-07-01,29511.664,23478.57,4.2,,7504.0,2.1,157748.0,66.4,698835.0,19949.5,5.3,313.569,30.16,35.08,1265.0,1436.0,,,99.9757,12806.0,1.55,-0.29,-0.99,7.9,,21084.2,1.74,,
2024-07-02,,,,,,,,,,,,,,,,,,,,,1.56,-0.31,-1.04,,,,,,
2024-07-03,,,,,,,,,,,,,,,,,,6.95,,,1.53,-0.35,-1.11,,7221520.0,,,1062.9404,
2024-07-04,,,,,,,,,,,,,,,,,,,,,,,,,,,,,
2024-07-05,,,,,,,,,,,,,,,,,,,,,1.56,-0.32,-1.18,,,,,,
2024-07-06,,,,222000.0,,,,,,,,,,,,,,,,,,,,,,,,,
2024-07-08,,,,,,,,,,,,,,,,,,,,,1.54,-0.34,-1.18,,,,,,
2024-07-09,,,,,,,,,,,,,,,,,,,,,1.56,-0.32,-1.16,,,,,,
2024-07-10,,,,,,,,,,,,,,,,,,,,,1.56,-0.34,-1.18,,7224079.0,,,1063.9784,
2024-07-11,,,,,,,,,,,,,,,,,,6.89,,,1.58,-0.3,-1.24,,,,,,
2024-07-12,,,,,,,,,,,,,,,,,,,,,1.58,-0.27,-1.25,,,,,,
2024-07-13,,,,240000.0,,,,,,,,,,,,,,,,,,,,,,,,,
2024-07-15,,,,,,,,,,,,,,,,,,,,,1.58,-0.21,-1.2,,,,,,
2024-07-16,,,,,,,,,,,,,,,,,,,,,1.56,-0.26,-1.26,,,,,,
2024-07-17,,,,,,,,,,,,,,,,,,,,,1.56,-0.26,-1.27,,7208247.0,,,1065.0864,
2024-07-18,,,,,,,,,,,,,,,,,,6.77,,,1.57,-0.26,-1.23,,,,,,
2024-07-19,,,,,,,,,,,,,,,,,,,,,1.57,-0.24,-1.18,,,,,,
2024-07-20,,,,236000.0,,,,,,,,,,,,,,,,,,,,,,,,,
2024-07-22,,,,,,,,,,,,,,,,,,,,,1.58,-0.24,-1.17,,,,,,
2024-07-23,,,,,,,,,,,,,,,,,,,,,1.59,-0.15,-1.16,,,,,,
2024-07-24,,,,,,,,,,,,,,,,,,,,,1.65,-0.09,-1.12,,7205455.0,,,1065.9524,
2024-07-25,,,,,,,,,,,,,,,,,,6.78,,,1.62,-0.14,-1.12,,,,,,
2024-07-26,,,,,,,,,,,,,,,,,,,,,1.65,-0.16,-1.18,,,,,,
2024-07-27,,,,248000.0,,,,,,,,,,,,,,,,,,,,,,,,,
2024-07-29,,,,,,,,,,,,,,,,,,,,,1.66,-0.19,-1.24,,,,,,
2024-07-30,,,,,,,,,,,,,,,,,,,,,1.65,-0.2,-1.25,,,,,,
2024-07-31,,,,,,,,,,,,,,,,,,,,,1.68,-0.2,-1.32,,7178391.0,,,1067.4365,
2024-08-01,,,4.2,,7649.0,2.0,157757.0,67.9,697039.0,20001.3,5.2,314.062,30.27,35.22,1391.0,1476.0,,6.73,100.4309,12772.0,1.71,-0.17,-1.38,,,21171.1,,,
2024-08-02,,,,,,,,,,,,,,,,,,,,,1.8,-0.08,-1.49,,,,,,
2024-08-03,,,,234000.0,,,,,,,,,,,,,,,,,,,,,,,,,
2024-08-05,,,,,,,,,,,,,,,,,,,,,1.85,-0.11,-1.57,,,,,,
2024-08-06,,,,,,,,,,,,,,,,,,,,,1.78,-0.09,-1.44,,,,,,
2024-08-07,,,,,,,,,,,,,,,,,,,,,1.8,-0.04,-1.38,,7175256.0,,,1068.3688,
2024-08-08,,,,,,,,,,,,,,,,,,6.47,,,1.78,-0.05,-1.35,,,,,,
2024-08-09,,,,,,,,,,,,,,,,,,,,,1.77,-0.11,-1.39,,,,,,
2024-08-10,,,,228000.0,,,,,,,,,,,,,,,,,,,,,,,,,
2024-08-12,,,,,,,,,,,,,,,,,,,,,1.78,-0.11,-1.43,,,,,,
2024-08-13,,,,,,,,,,,,,,,,,,,,,1.8,-0.08,-1.47,,,,,,
2024-08-14,,,,,,,,,,,,,,,,,,,,,1.74,-0.11,-1.49,,7177688.0,,,1068.9795,
2024-08-15,,,,,,,,,,,,,,,,,,6.49,,,1.68,-0.16,-1.42,,,,,,
2024-08-16,,,,,,,,,,,,,,,,,,,,,1.69,-0.17,-1.44,,,,,,
2024-08-17,,,,232000.0,,,,,,,,,,,,,,,,,,,,,,,,,
2024-08-19,,,,,,,,,,,,,,,,,,,,,1.68,-0.2,-1.45,,,,,,
2024-08-20,,,,,,,,,,,,,,,,,,,,,1.69,-0.17,-1.47,,,,,,
2024-08-21,,,,,,,,,,,,,,,,,,,,,1.69,-0.13,-1.47,,7139952.0,,,1070.2632,
2024-08-22,,,,,,,,,,,,,,,,,,6.46,,,1.7,-0.13,-1.42,,,,,,
2024-08-23,,,,,,,,,,,,,,,,,,,,,1.7,-0.09,-1.44,,,,,,
2024-08-24,,,,232000.0,,,,,,,,,,,,,,,,,,,,,,,,,
2024-08-26,,,,,,,,,,,,,,,,,,,,,1.7,-0.09,-1.42,,,,,,
2024-08-27,,,,,,,,,,,,,,,,,,,,,1.71,0.0,-1.4,,,,,,
2024-08-28,,,,,,,,,,,,,,,,,,,,,1.71,0.01,-1.37,,7123238.0,,,1068.6987,
2024-08-29,,,,,,,,,,,,,,,,,,6.35,,,1.69,0.0,-1.35,,,,,,
2024-08-30,,,,,,,,,,,,,,,,,,,,,1.69,0.0,-1.3,,,,,,
2024-08-31,,,,228000.0,,,,,,,,,,,,,,,,,,,,,,,,,
2024-09-01,,,4.1,,7103.0,1.9,157912.0,70.1,703055.0,20147.6,4.8,314.732,30.39,35.34,1357.0,1434.0,,,99.8084,12758.0,,,,,,21257.5,,,
2024-09-02,,,,,,,,,,,,,,,,,,,,,,,,,,,,,
2024-09-03,,,,,,,,,,,,,,,,,,,,,1.73,-0.04,-1.35,,,,,,
2024-09-04,,,,,,,,,,,,,,,,,,,,,1.73,0.01,-1.41,,7112567.0,,,1071.5461,
2024-09-05,,,,,,,,,,,,,,,,,,6.35,,,1.73,-0.02,-1.42,,,,,,
2024-09-06,,,,,,,,,,,,,,,,,,,,,1.73,0.06,-1.41,,,,,,
2024-09-07,,,,230000.0,,,,,,,,,,,,,,,,,,,,,,,,,
2024-09-09,,,,,,,,,,,,,,,,,,,,,1.73,0.02,-1.41,,,,,,
2024-09-10,,,,,,,,,,,,,,,,,,,,,1.74,0.06,-1.41,,,,,,
2024-09-11,,,,,,,,,,,,,,,,,,,,,1.75,0.03,-1.45,,7115001.0,,,1071.6662,
2024-09-12,,,,,,,,,,,,,,,,,,6.2,,,1.74,0.04,-1.38,,,,,,
2024-09-13,,,,,,,,,,,,,,,,,,,,,1.72,0.09,-1.31,,,,,,
2024-09-14,,,,222000.0,,,,,,,,,,,,,,,,,,,,,,,,,
2024-09-16,,,,,,,,,,,,,,,,,,,,,1.7,0.07,-1.33,,,,,,
2024-09-17,,,,,,,,,,,,,,,,,,,,,1.68,0.06,-1.3,,,,,,
2024-09-18,,,,,,,,,,,,,,,,,,,,,1.67,0.09,-1.14,,7109137.0,,,1072.7482,
2024-09-19,,,,,,,,,,,,,,,,,,6.09,,,1.67,0.14,-1.07,,,,,,
2024-09-20,,,,,,,,,,,,,,,,,,,,,1.67,0.18,-1.02,,,,,,
2024-09-21,,,,221000.0,,,,,,,,,,,,,,,,,,,,,,,,,
2024-09-23,,,,,,,,,,,,,,,,,,,,,1.65,0.18,-0.97,,,,,,
2024-09-24,,,,,,,,,,,,,,,,,,,,,1.66,0.25,-0.95,,,,,,
2024-09-25,,,,,,,,,,,,,,,,,,,,,1.65,0.26,-0.9,,7080059.0,,,1071.5047,
2024-09-26,,,,,,,,,,,,,,,,,,6.08,,,1.65,0.19,-0.89,,,,,,
2024-09-27,,,,,,,,,,,,,,,,,,,,,1.66,0.2,-0.93,,,,,,
2024-09-28,,,,227000.0,,,,,,,,,,,,,,,,,,,,,,,,,
2024-09-30,,,,,,,,,,,,,,,,,,,,,1.63,0.15,-0.92,,,,,,
2024-10-01,29825.182,23586.542,4.1,,7615.0,2.0,157945.0,70.5,708290.0,20226.0,5.0,315.631,30.48,35.46,1352.0,1428.0,,,99.4695,12697.0,1.65,0.13,-0.97,0.0,,21308.1,1.77,,
2024-10-02,,,,,,,,,,,,,,,,,,,,,1.64,0.16,-0.9,,7046925.0,,,1072.2602,
2024-10-03,,,,,,,,,,,,,,,,,,6.12,,,1.62,0.15,-0.83,,,,,,
2024-10-04,,,,,,,,,,,,,,,,,,,,,1.57,0.05,-0.75,,,,,,
2024-10-05,,,,259000.0,,,,,,,,,,,,,,,,,,,,,,,,,
2024-10-07,,,,,,,,,,,,,,,,,,,,,1.54,0.04,-0.74,,,,,,
2024-10-08,,,,,,,,,,,,,,,,,,,,,1.55,0.06,-0.71,,,,,,
2024-10-09,,,,,,,,,,,,,,,,,,,,,1.54,0.07,-0.69,,7046840.0,,,1074.4039,
2024-10-10,,,,,,,,,,,,,,,,,,6.32,,,1.54,0.11,-0.66,,,,,,
2024-10-11,,,,,,,,,,,,,,,,,,,,,1.54,0.13,-0.65,,,,,,
2024-10-12,,,,240000.0,,,,,,,,,,,,,,,,,,,,,,,,,
2024-10-14,,,,,,,,,,,,,,,,,,,,,,,,,,,,,
2024-10-15,,,,,,,,,,,,,,,,,,,,,1.53,0.08,-0.7,,,,,,
2024-10-16,,,,,,,,,,,,,,,,,,,,,1.51,0.09,-0.7,,7039284.0,,,1073.9402,
2024-10-17,,,,,,,,,,,,,,,,,,6.44,,,1.53,0.13,-0.65,,,,,,
2024-10-18,,,,,,,,,,,,,,,,,,,,,1.53,0.13,-0.65,,,,,,
2024-10-19,,,,228000.0,,,,,,,,,,,,,,,,,,,,,,,,,
2024-10-21,,,,,,,,,,,,,,,,,,,,,1.54,0.17,-0.54,,,,,,
2024-10-22,,,,,,,,,,,,,,,,,,,,,1.55,0.17,-0.52,,,,,,
2024-10-23,,,,,,,,,,,,,,,,,,,,,1.54,0.17,-0.49,,7029408.0,,,1075.6129,
2024-10-24,,,,,,,,,,,,,,,,,,6.54,,,1.52,0.14,-0.49,,,,,,
2024-10-25,,,,,,,,,,,,,,,,,,,,,1.51,0.14,-0.48,,,,,,
2024-10-26,,,,218000.0,,,,,,,,,,,,,,,,,,,,,,,,,
2024-10-28,,,,,,,,,,,,,,,,,,,,,1.51,0.16,-0.42,,,,,,
2024-10-29,,,,,,,,,,,,,,,,,,,,,1.49,0.17,-0.42,,,,,,
2024-10-30,,,,,,,,,,,,,,,,,,,,,1.44,0.14,-0.38,,7013490.0,,,1080.0072,
2024-10-31,,,,,,,,,,,,,,,,,,6.72,,,1.46,0.12,-0.36,,,,,,
2024-11-01,,,4.2,,8031.0,1.9,158079.0,71.8,711853.0,20313.6,4.9,316.528,30.56,35.6,1295.0,1508.0,,,99.2925,12711.0,1.46,0.16,-0.24,,,21407.9,,,
2024-11-02,,,,221000.0,,,,,,,,,,,,,,,,,,,,,,,,,
2024-11-04,,,,,,,,,,,,,,,,,,,,,1.46,0.14,-0.34,,,,,,
2024-11-05,,,,,,,,,,,,,,,,,,,,,1.45,0.07,-0.38,,,,,,
2024-11-06,,,,,,,,,,,,,,,,,,,,,1.4,0.15,-0.22,,6994299.0,,,1076.6172,
2024-11-07,,,,,,,,,,,,,,,,,,6.79,,,1.44,0.1,-0.32,,,,,,
2024-11-08,,,,,,,,,,,,,,,,,,,,,1.38,0.04,-0.33,,,,,,
2024-11-09,,,,219000.0,,,,,,,,,,,,,,,,,,,,,,,,,
2024-11-11,,,,,,,,,,,,,,,,,,,,,,,,,,,,,
2024-11-12,,,,,,,,,,,,,,,,,,,,,1.36,0.09,-0.2,,,,,,
2024-11-13,,,,,,,,,,,,,,,,,,,,,1.41,0.17,-0.16,,6967108.0,,,1075.3667,
2024-11-14,,,,,,,,,,,,,,,,,,6.78,,,1.39,0.09,-0.18,,,,,,
2024-11-15,,,,,,,,,,,,,,,,,,,,,1.41,0.12,-0.17,,,,,,
2024-11-16,,,,216000.0,,,,,,,,,,,,,,,,,,,,,,,,,
2024-11-18,,,,,,,,,,,,,,,,,,,,,1.42,0.13,-0.21,,,,,,
2024-11-19,,,,,,,,,,,,,,,,,,,,,1.42,0.12,-0.23,,,,,,
2024-11-20,,,,,,,,,,,,,,,,,,,,,1.43,0.1,-0.21,,6923731.0,,,1076.148,
2024-11-21,,,,,,,,,,,,,,,,,,6.84,,,1.43,0.09,-0.2,,,,,,
2024-11-22,,,,,,,,,,,,,,,,,,,,,1.43,0.04,-0.22,,,,,,
2024-11-23,,,,216000.0,,,,,,,,,,,,,,,,,,,,,,,,,
2024-11-25,,,,,,,,,,,,,,,,,,,,,1.42,0.06,-0.35,,,,,,
2024-11-26,,,,,,,,,,,,,,,,,,,,,1.43,0.09,-0.31,,,,,,
2024-11-27,,,,,,,,,,,,,,,,,,6.81,,,1.43,0.06,-0.35,,6905140.0,,,1070.3185,
2024-11-28,,,,,,,,,,,,,,,,,,,,,,,,,,,,,
2024-11-29,,,,,,,,,,,,,,,,,,,,,1.44,0.05,-0.4,,,,,,
2024-11-30,,,,225000.0,,,,,,,,,,,,,,,,,,,,,,,,,
2024-12-01,,,4.1,,7508.0,1.9,158316.0,74.0,717547.0,20514.3,4.3,317.604,30.66,35.69,1514.0,1480.0,,,100.3273,12693.0,,,,,,21424.5,,,
2024-12-02,,,,,,,,,,,,,,,,,,,,,1.41,0.02,-0.32,,,,,,
2024-12-03,,,,,,,,,,,,,,,,,,,,,1.4,0.06,-0.26,,,,,,
2024-12-04,,,,,,,,,,,,,,,,,,,,,1.39,0.06,-0.28,,6895827.0,,,1074.3525,
2024-12-05,,,,,,,,,,,,,,,,,,6.69,,,1.4,0.02,-0.29,,,,,,
2024-12-06,,,,,,,,,,,,,,,,,,,,,1.42,0.05,-0.27,,,,,,
2024-12-07,,,,239000.0,,,,,,,,,,,,,,,,,,,,,,,,,
2024-12-09,,,,,,,,,,,,,,,,,,,,,1.42,0.07,-0.22,,,,,,
2024-12-10,,,,,,,,,,,,,,,,,,,,,1.41,0.07,-0.19,,,,,,
2024-12-11,,,,,,,,,,,,,,,,,,,,,1.42,0.11,-0.12,,6897485.0,,,1077.931,
2024-12-12,,,,,,,,,,,,,,,,,,6.6,,,1.44,0.14,-0.03,,,,,,
2024-12-13,,,,,,,,,,,,,,,,,,,,,1.42,0.15,0.06,,,,,,
2024-12-14,,,,222000.0,,,,,,,,,,,,,,,,,,,,,,,,,
2024-12-16,,,,,,,,,,,,,,,,,,,,,1.42,0.14,0.02,,,,,,
2024-12-17,,,,,,,,,,,,,,,,,,,,,1.39,0.15,0.02,,,,,,
2024-12-18,,,,,,,,,,,,,,,,,,,,,1.37,0.15,0.14,,6889332.0,,,1076.631,
2024-12-19,,,,,,,,,,,,,,,,,,6.72,,,1.4,0.25,0.22,,,,,,
2024-12-20,,,,,,,,,,,,,,,,,,,,,1.43,0.22,0.18,,,,,,
2024-12-21,,,,219000.0,,,,,,,,,,,,,,,,,,,,,,,,,
2024-12-23,,,,,,,,,,,,,,,,,,,,,1.42,0.29,0.23,,,,,,
2024-12-24,,,,,,,,,,,,,,,,,,,,,1.39,0.3,0.19,,,,,,
2024-12-25,,,,,,,,,,,,,,,,,,,,,,,,,6885963.0,,,1081.5849,
2024-12-26,,,,,,,,,,,,,,,,,,6.85,,,1.4,0.28,0.23,,,,,,
2024-12-27,,,,,,,,,,,,,,,,,,,,,1.4,0.31,0.31,,,,,,
2024-12-28,,,,209000.0,,,,,,,,,,,,,,,,,,,,,,,,,
2024-12-30,,,,,,,,,,,,,,,,,,,,,1.43,0.31,0.18,,,,,,
2024-12-31,,,,,,,,,,,,,,,,,,,,,1.42,0.33,0.21,,,,,,
2025-01-01,30042.113,23548.21,4.0,,7762.0,2.0,158268.0,71.7,711461.0,20462.2,5.1,318.961,30.79,35.84,1358.0,1460.0,4090000.0,,100.0647,12673.0,,,,6.2,6852491.0,21492.5,1.78,1040.9597,
2025-01-02,,,,,,,,,,,,,,,,,,6.91,,,1.45,0.32,0.21,,,,,,
2025-01-03,,,,,,,,,,,,,,,,,,,,,1.44,0.32,0.26,,,,,,
2025-01-04,,,,205000.0,,,,,,,,,,,,,,,,,,,,,,,,,
2025-01-06,,,,,,,,,,,,,,,,,,,,,1.44,0.34,0.27,,,,,,
2025-01-07,,,,,,,,,,,,,,,,,,,,,1.47,0.37,0.32,,,,,,
2025-01-08,,,,,,,,,,,,,,,,,,,,,1.48,0.39,0.32,,6853554.0,,,1040.8978,
2025-01-09,,,,,,,,,,,,,,,,,,6.93,,,1.46,0.41,0.33,,,,,,
2025-01-10,,,,,,,,,,,,,,,,,,,,,1.42,0.37,0.41,,,,,,
2025-01-11,,,,217000.0,,,,,,,,,,,,,,,,,,,,,,,,,
2025-01-13,,,,,,,,,,,,,,,,,,,,,1.44,0.39,0.42,,,,,,
2025-01-14,,,,,,,,,,,,,,,,,,,,,1.44,0.41,0.42,,,,,,
2025-01-15,,,,,,,,,,,,,,,,,,,,,1.44,0.39,0.31,,6834070.0,,,1039.7866,
2025-01-16,,,,,,,,,,,,,,,,,,7.04,,,1.46,0.38,0.27,,,,,,
2025-01-17,,,,,,,,,,,,,,,,,,,,,1.46,0.34,0.27,,,,,,
2025-01-18,,,,222000.0,,,,,,,,,,,,,,,,,,,,,,,,,
2025-01-20,,,,,,,,,,,,,,,,,,,,,,,,,,,,,
2025-01-21,,,,,,,,,,,,,,,,,,,,,1.46,0.28,0.21,,,,,,
2025-01-22,,,,,,,,,,,,,,,,,,,,,1.43,0.31,0.24,,6831760.0,,,1042.4581,
2025-01-23,,,,,,,,,,,,,,,,,,6.96,,,1.43,0.36,0.29,,,,,,
2025-01-24,,,,,,,,,,,,,,,,,,,,,1.43,0.36,0.28,,,,,,
2025-01-25,,,,210000.0,,,,,,,,,,,,,,,,,,,,,,,,,
2025-01-27,,,,,,,,,,,,,,,,,,,,,1.45,0.36,0.21,,,,,,
2025-01-28,,,,,,,,,,,,,,,,,,,,,1.45,0.36,0.24,,,,,,
2025-01-29,,,,,,,,,,,,,,,,,,,,,1.45,0.34,0.24,,6818186.0,,,1046.0037,
2025-01-30,,,,,,,,,,,,,,,,,,6.95,,,1.45,0.34,0.22,,,,,,
2025-01-31,,,,,,,,,,,,,,,,,,,,,1.45,0.36,0.27,,,,,,
2025-02-01,,,4.2,222000.0,7480.0,2.0,158310.0,64.7,711757.0,20519.8,5.2,319.679,30.89,35.94,1490.0,1454.0,4150000.0,,101.0993,12671.0,,,,,,21564.8,,,
2025-02-03,,,,,,,,,,,,,,,,,,,,,1.46,0.28,0.2,,,,,,
2025-02-04,,,,,,,,,,,,,,,,,,,,,1.46,0.31,0.19,,,,,,
2025-02-05,,,,,,,,,,,,,,,,,,,,,1.45,0.26,0.1,,6810935.0,,,1043.7407,
2025-02-06,,,,,,,,,,,,,,,,,,6.89,,,1.44,0.24,0.11,,,,,,
2025-02-07,,,,,,,,,,,,,,,,,,,,,1.45,0.2,0.14,,,,,,
2025-02-08,,,,215000.0,,,,,,,,,,,,,,,,,,,,,,,,,
2025-02-10,,,,,,,,,,,,,,,,,,,,,1.45,0.23,0.16,,,,,,
2025-02-11,,,,,,,,,,,,,,,,,,,,,1.46,0.25,0.19,,,,,,
2025-02-12,,,,,,,,,,,,,,,,,,,,,1.45,0.26,0.27,,6813513.0,,,1043.8216,
2025-02-13,,,,,,,,,,,,,,,,,,6.87,,,1.44,0.21,0.18,,,,,,
2025-02-14,,,,,,,,,,,,,,,,,,,,,1.46,0.21,0.13,,,,,,
2025-02-15,,,,224000.0,,,,,,,,,,,,,,,,,,,,,,,,,
2025-02-17,,,,,,,,,,,,,,,,,,,,,,,,,,,,,
2025-02-18,,,,,,,,,,,,,,,,,,,,,1.44,0.26,0.21,,,,,,
2025-02-19,,,,,,,,,,,,,,,,,,,,,1.46,0.25,0.19,,6782332.0,,,1044.3317,
2025-02-20,,,,,,,,,,,,,,,,,,6.85,,,1.47,0.22,0.17,,,,,,
2025-02-21,,,,,,,,,,,,,,,,,,,,,1.49,0.23,0.1,,,,,,
2025-02-22,,,,243000.0,,,,,,,,,,,,,,,,,,,,,,,,,
2025-02-24,,,,,,,,,,,,,,,,,,,,,1.48,0.27,0.09,,,,,,
2025-02-25,,,,,,,,,,,,,,,,,,,,,1.5,0.23,0.0,,,,,,
2025-02-26,,,,,,,,,,,,,,,,,,,,,1.51,0.2,-0.06,,6766101.0,,,1046.8682,
2025-02-27,,,,,,,,,,,,,,,,,,6.76,,,1.52,0.22,-0.03,,,,,,
2025-02-28,,,,,,,,,,,,,,,,,,,,,1.57,0.25,-0.08,,,,,,
2025-03-01,,,4.2,224000.0,7200.0,2.1,158377.0,57.0,722572.0,20683.0,5.1,319.785,31.02,36.11,1355.0,1481.0,4020000.0,,101.0404,12666.0,,,,,,21636.8,,,
2025-03-03,,,,,,,,,,,,,,,,,,,,,1.61,0.2,-0.19,,,,,,
2025-03-04,,,,,,,,,,,,,,,,,,,,,1.61,0.26,-0.12,,,,,,
2025-03-05,,,,,,,,,,,,,,,,,,,,,1.57,0.29,-0.07,,6756764.0,,,1044.9488,
2025-03-06,,,,,,,,,,,,,,,,,,6.63,,,1.59,0.33,-0.05,,,,,,
2025-03-07,,,,,,,,,,,,,,,,,,,,,1.61,0.33,-0.02,,,,,,
2025-03-08,,,,223000.0,,,,,,,,,,,,,,,,,,,,,,,,,
2025-03-10,,,,,,,,,,,,,,,,,,,,,1.64,0.33,-0.11,,,,,,
2025-03-11,,,,,,,,,,,,,,,,,,,,,1.68,0.34,-0.06,,,,,,
2025-03-12,,,,,,,,,,,,,,,,,,,,,1.65,0.31,-0.03,,6759571.0,,,1046.8567,
2025-03-13,,,,,,,,,,,,,,,,,,6.65,,,1.7,0.33,-0.07,,,,,,
2025-03-14,,,,,,,,,,,,,,,,,,,,,1.65,0.29,-0.02,,,,,,
2025-03-15,,,,225000.0,,,,,,,,,,,,,,,,,,,,,,,,,
2025-03-17,,,,,,,,,,,,,,,,,,,,,1.63,0.25,-0.03,,,,,,
2025-03-18,,,,,,,,,,,,,,,,,,,,,1.63,0.25,-0.05,,,,,,
2025-03-19,,,,,,,,,,,,,,,,,,,,,1.64,0.26,-0.08,,6755982.0,,,1049.2156,
2025-03-20,,,,,,,,,,,,,,,,,,6.67,,,1.64,0.29,-0.09,,,,,,
2025-03-21,,,,,,,,,,,,,,,,,,,,,1.68,0.31,-0.08,,,,,,
2025-03-22,,,,225000.0,,,,,,,,,,,,,,,,,,,,,,,,,
2025-03-24,,,,,,,,,,,,,,,,,,,,,1.64,0.3,0.01,,,,,,
2025-03-25,,,,,,,,,,,,,,,,,,,,,1.66,0.35,-0.02,,,,,,
2025-03-26,,,,,,,,,,,,,,,,,,,,,1.66,0.37,0.02,,6740253.0,,,1050.3465,
2025-03-27,,,,,,,,,,,,,,,,,,6.65,,,1.68,0.41,0.05,,,,,,
2025-03-28,,,,,,,,,,,,,,,,,,,,,1.73,0.38,-0.06,,,,,,
2025-03-29,,,,219000.0,,,,,,,,,,,,,,,,,,,,,,,,,
2025-03-31,,,,,,,,,,,,,,,,,,,,,1.76,0.34,-0.09,,,,,,
2025-04-01,30485.729,23770.976,4.2,,7395.0,2.0,158485.0,52.2,721789.0,20746.4,5.5,320.302,31.09,36.12,1398.0,1422.0,4020000.0,,101.1279,12662.0,1.73,0.3,-0.15,18.5,,21770.7,1.78,,
2025-04-02,,,,,,,,,,,,,,,,,,,,,1.73,0.29,-0.12,,6723452.0,,,1037.9657,
2025-04-03,,,,,,,,,,,,,,,,,,6.64,,,1.89,0.35,-0.25,,,,,,
2025-04-04,,,,,,,,,,,,,,,,,,,,,1.94,0.33,-0.27,,,,,,
2025-04-05,,,,224000.0,,,,,,,,,,,,,,,,,,,,,,,,,
2025-04-07,,,,,,,,,,,,,,,,,,,,,2.02,0.42,-0.14,,,,,,
2025-04-08,,,,,,,,,,,,,,,,,,,,,2.0,0.55,-0.05,,,,,,
2025-04-09,,,,,,,,,,,,,,,,,,,,,2.02,0.43,-0.01,,6727416.0,,,1040.8454,
2025-04-10,,,,,,,,,,,,,,,,,,6.62,,,1.97,0.56,0.06,,,,,,
2025-04-11,,,,,,,,,,,,,,,,,,,,,1.9,0.52,0.14,,,,,,
2025-04-12,,,,216000.0,,,,,,,,,,,,,,,,,,,,,,,,,
2025-04-14,,,,,,,,,,,,,,,,,,,,,1.9,0.54,0.05,,,,,,
2025-04-15,,,,,,,,,,,,,,,,,,,,,1.9,0.51,0.02,,,,,,
2025-04-16,,,,,,,,,,,,,,,,,,,,,1.92,0.52,-0.04,,6727113.0,,,1040.1455,
2025-04-17,,,,,,,,,,,,,,,,,,6.83,,,1.92,0.53,0.0,,,,,,
2025-04-18,,,,,,,,,,,,,,,,,,,,,,,,,,,,,
2025-04-19,,,,223000.0,,,,,,,,,,,,,,,,,,,,,,,,,
2025-04-21,,,,,,,,,,,,,,,,,,,,,1.96,0.67,0.08,,,,,,
2025-04-22,,,,,,,,,,,,,,,,,,,,,1.93,0.65,0.08,,,,,,
2025-04-23,,,,,,,,,,,,,,,,,,,,,1.86,0.59,0.07,,6726930.0,,,1039.7604,
2025-04-24,,,,,,,,,,,,,,,,,,6.81,,,1.86,0.55,0.0,,,,,,
2025-04-25,,,,,,,,,,,,,,,,,,,,,1.84,0.55,-0.03,,,,,,
2025-04-26,,,,241000.0,,,,,,,,,,,,,,,,,,,,,,,,,
2025-04-28,,,,,,,,,,,,,,,,,,,,,1.87,0.56,-0.09,,,,,,
2025-04-29,,,,,,,,,,,,,,,,,,,,,1.88,0.54,-0.12,,,,,,
2025-04-30,,,,,,,,,,,,,,,,,,,,,1.96,0.57,-0.14,,6709277.0,,,1040.2647,
2025-05-01,,,4.3,,7712.0,2.0,158498.0,52.2,716101.0,20755.0,4.9,320.62,31.2,36.28,1282.0,1394.0,4040000.0,6.76,100.9655,12651.0,1.95,0.55,-0.06,,,21827.6,,,
2025-05-02,,,,,,,,,,,,,,,,,,,,,1.9,0.5,0.0,,,,,,
2025-05-03,,,,229000.0,,,,,,,,,,,,,,,,,,,,,,,,,
2025-05-05,,,,,,,,,,,,,,,,,,,,,1.91,0.53,0.03,,,,,,
2025-05-06,,,,,,,,,,,,,,,,,,,,,1.95,0.52,-0.03,,,,,,
2025-05-07,,,,,,,,,,,,,,,,,,,,,1.95,0.48,-0.08,,6710889.0,,,1042.1634,
2025-05-08,,,,,,,,,,,,,,,,,,6.76,,,1.89,0.47,0.03,,,,,,
2025-05-09,,,,,,,,,,,,,,,,,,,,,1.89,0.49,0.03,,,,,,
2025-05-10,,,,228000.0,,,,,,,,,,,,,,,,,,,,,,,,,
2025-05-12,,,,,,,,,,,,,,,,,,,,,1.82,0.47,0.03,,,,,,
2025-05-13,,,,,,,,,,,,,,,,,,,,,1.82,0.47,0.08,,,,,,
2025-05-14,,,,,,,,,,,,,,,,,,,,,1.8,0.48,0.12,,6713270.0,,,1042.9358,
2025-05-15,,,,,,,,,,,,,,,,,,6.81,,,1.83,0.49,0.07,,,,,,
2025-05-16,,,,,,,,,,,,,,,,,,,,,1.82,0.45,0.06,,,,,,
2025-05-17,,,,226000.0,,,,,,,,,,,,,,,,,,,,,,,,,
2025-05-19,,,,,,,,,,,,,,,,,,,,,1.84,0.49,0.07,,,,,,
2025-05-20,,,,,,,,,,,,,,,,,,,,,1.82,0.51,0.1,,,,,,
2025-05-21,,,,,,,,,,,,,,,,,,,,,1.85,0.58,0.22,,6688726.0,,,1044.1307,
2025-05-22,,,,,,,,,,,,,,,,,,6.86,,,1.87,0.54,0.17,,,,,,
2025-05-23,,,,,,,,,,,,,,,,,,,,,1.88,0.51,0.15,,,,,,
2025-05-24,,,,239000.0,,,,,,,,,,,,,,,,,,,,,,,,,
2025-05-26,,,,,,,,,,,,,,,,,,,,,,,,,,,,,
2025-05-27,,,,,,,,,,,,,,,,,,,,,1.84,0.51,0.08,,,,,,
2025-05-28,,,,,,,,,,,,,,,,,,,,,1.83,0.51,0.12,,6673244.0,,,1042.5423,
2025-05-29,,,,,,,,,,,,,,,,,,6.89,,,1.81,0.51,0.07,,,,,,
2025-05-30,,,,,,,,,,,,,,,,,,,,,1.84,0.52,0.05,,,,,,
2025-05-31,,,,248000.0,,,,,,,,,,,,,,,,,,,,,,,,,
2025-06-01,,,4.1,,7357.0,2.0,158478.0,60.7,723033.0,20868.4,4.6,321.435,31.31,36.36,1382.0,1393.0,3980000.0,,101.4785,12636.0,,,,,,21942.5,,,
2025-06-02,,,,,,,,,,,,,,,,,,,,,1.84,0.52,0.02,,,,,,
2025-06-03,,,,,,,,,,,,,,,,,,,,,1.81,0.5,0.03,,,,,,
2025-06-04,,,,,,,,,,,,,,,,,,,,,1.8,0.5,-0.07,,6672885.0,,,1042.9082,
2025-06-05,,,,,,,,,,,,,,,,,,6.85,,,1.77,0.48,-0.04,,,,,,
2025-06-06,,,,,,,,,,,,,,,,,,,,,1.73,0.47,0.08,,,,,,
2025-06-07,,,,250000.0,,,,,,,,,,,,,,,,,,,,,,,,,
2025-06-09,,,,,,,,,,,,,,,,,,,,,1.72,0.48,0.05,,,,,,
2025-06-10,,,,,,,,,,,,,,,,,,,,,1.71,0.46,0.02,,,,,,
2025-06-11,,,,,,,,,,,,,,,,,,,,,1.74,0.47,-0.04,,6677155.0,,,1044.7913,
2025-06-12,,,,,,,,,,,,,,,,,,6.84,,,1.73,0.46,-0.1,,,,,,
2025-06-13,,,,,,,,,,,,,,,,,,,,,1.75,0.45,-0.04,,,,,,
2025-06-14,,,,246000.0,,,,,,,,,,,,,,,,,,,,,,,,,
2025-06-16,,,,,,,,,,,,,,,,,,,,,1.74,0.49,0.03,,,,,,
2025-06-17,,,,,,,,,,,,,,,,,,,,,1.74,0.45,-0.03,,,,,,
2025-06-18,,,,,,,,,,,,,,,,,,6.81,,,1.77,0.44,-0.04,,6681056.0,,,1044.3188,
2025-06-19,,,,,,,,,,,,,,,,,,,,,,,,,,,,,
2025-06-20,,,,,,,,,,,,,,,,,,,,,1.76,0.48,-0.01,,,,,,
2025-06-21,,,,237000.0,,,,,,,,,,,,,,,,,,,,,,,,,
2025-06-23,,,,,,,,,,,,,,,,,,,,,1.77,0.5,-0.04,,,,,,
2025-06-24,,,,,,,,,,,,,,,,,,,,,1.78,0.55,-0.08,,,,,,
2025-06-25,,,,,,,,,,,,,,,,,,,,,1.79,0.55,-0.09,,6662200.0,,,1044.6403,
2025-06-26,,,,,,,,,,,,,,,,,,6.77,,,1.8,0.56,-0.13,,,,,,
2025-06-27,,,,,,,,,,,,,,,,,,,,,1.79,0.56,-0.1,,,,,,
2025-06-28,,,,232000.0,,,,,,,,,,,,,,,,,,,,,,,,,
2025-06-30,,,,,,,,,,,,,,,,,,,,,1.75,0.52,-0.17,,,,,,
2025-07-01,31098.027,24026.834,4.3,,7208.0,2.0,158542.0,61.7,727727.0,21007.3,4.3,322.169,31.39,36.47,1420.0,1362.0,4030000.0,,101.894,12625.0,1.72,0.48,-0.14,9.5,,22028.6,1.78,,
2025-07-02,,,,,,,,,,,,,,,,,,,,,1.7,0.52,-0.11,,6659598.0,,,1041.6914,
2025-07-03,,,,,,,,,,,,,,,,,,6.67,,,1.67,0.47,-0.07,,,,,,
2025-07-04,,,,,,,,,,,,,,,,,,,,,,,,,,,,,
2025-07-05,,,,228000.0,,,,,,,,,,,,,,,,,,,,,,,,,
2025-07-07,,,,,,,,,,,,,,,,,,,,,1.71,0.5,-0.02,,,,,,
2025-07-08,,,,,,,,,,,,,,,,,,,,,1.71,0.52,0.0,,,,,,
2025-07-09,,,,,,,,,,,,,,,,,,,,,1.73,0.48,-0.08,,6661912.0,,,1045.0785,
2025-07-10,,,,,,,,,,,,,,,,,,6.72,,,1.7,0.49,-0.07,,,,,,
2025-07-11,,,,,,,,,,,,,,,,,,,,,1.72,0.53,0.02,,,,,,
2025-07-12,,,,221000.0,,,,,,,,,,,,,,,,,,,,,,,,,
2025-07-14,,,,,,,,,,,,,,,,,,,,,1.73,0.53,0.01,,,,,,
2025-07-15,,,,,,,,,,,,,,,,,,,,,1.7,0.55,0.08,,,,,,
2025-07-16,,,,,,,,,,,,,,,,,,,,,1.73,0.58,0.05,,6659273.0,,,1046.1368,
2025-07-17,,,,,,,,,,,,,,,,,,6.75,,,1.71,0.56,0.06,,,,,,
2025-07-18,,,,,,,,,,,,,,,,,,,,,1.73,0.56,0.04,,,,,,
2025-07-19,,,,217000.0,,,,,,,,,,,,,,,,,,,,,,,,,
2025-07-21,,,,,,,,,,,,,,,,,,,,,1.73,0.53,-0.03,,,,,,
2025-07-22,,,,,,,,,,,,,,,,,,,,,1.73,0.52,-0.06,,,,,,
2025-07-23,,,,,,,,,,,,,,,,,,,,,1.71,0.52,-0.01,,6657715.0,,,1045.8699,
2025-07-24,,,,,,,,,,,,,,,,,,6.74,,,1.68,0.52,0.01,,,,,,
2025-07-25,,,,,,,,,,,,,,,,,,,,,1.69,0.49,-0.02,,,,,,
2025-07-26,,,,219000.0,,,,,,,,,,,,,,,,,,,,,,,,,
2025-07-28,,,,,,,,,,,,,,,,,,,,,1.69,0.51,0.02,,,,,,
2025-07-29,,,,,,,,,,,,,,,,,,,,,1.7,0.48,-0.06,,,,,,
2025-07-30,,,,,,,,,,,,,,,,,,,,,1.69,0.44,-0.03,,6642578.0,,,1049.6102,
2025-07-31,,,,,,,,,,,,,,,,,,6.72,,,1.67,0.43,-0.04,,,,,,
2025-08-01,,,4.3,,7227.0,1.9,158472.0,58.2,731700.0,21123.8,4.1,323.291,31.49,36.62,1291.0,1330.0,4030000.0,,101.6247,12615.0,1.75,0.54,-0.12,,,22108.2,,,
2025-08-02,,,,227000.0,,,,,,,,,,,,,,,,,,,,,,,,,
2025-08-04,,,,,,,,,,,,,,,,,,,,,1.74,0.53,-0.13,,,,,,
2025-08-05,,,,,,,,,,,,,,,,,,,,,1.72,0.5,-0.12,,,,,,
2025-08-06,,,,,,,,,,,,,,,,,,,,,1.75,0.53,-0.1,,6640843.0,,,1047.6011,
2025-08-07,,,,,,,,,,,,,,,,,,6.63,,,1.74,0.51,-0.09,,,,,,
2025-08-08,,,,,,,,,,,,,,,,,,,,,1.74,0.51,-0.05,,,,,,
2025-08-09,,,,224000.0,,,,,,,,,,,,,,,,,,,,,,,,,
2025-08-11,,,,,,,,,,,,,,,,,,,,,1.72,0.51,-0.07,,,,,,
2025-08-12,,,,,,,,,,,,,,,,,,,,,1.73,0.57,-0.04,,,,,,
2025-08-13,,,,,,,,,,,,,,,,,,,,,1.71,0.57,-0.05,,6643615.0,,,1048.7595,
2025-08-14,,,,,,,,,,,,,,,,,,6.58,,,1.71,0.55,-0.01,,,,,,
2025-08-15,,,,,,,,,,,,,,,,,,,,,1.69,0.58,0.03,,,,,,
2025-08-16,,,,234000.0,,,,,,,,,,,,,,,,,,,,,,,,,
2025-08-18,,,,,,,,,,,,,,,,,,,,,1.7,0.57,0.01,,,,,,
2025-08-19,,,,,,,,,,,,,,,,,,,,,1.71,0.55,0.0,,,,,,
2025-08-20,,,,,,,,,,,,,,,,,,,,,1.73,0.55,-0.01,,6618415.0,,,1049.4149,
2025-08-21,,,,,,,,,,,,,,,,,,6.58,,,1.72,0.54,0.01,,,,,,
2025-08-22,,,,,,,,,,,,,,,,,,,,,1.73,0.58,-0.01,,,,,,
2025-08-23,,,,229000.0,,,,,,,,,,,,,,,,,,,,,,,,,
2025-08-25,,,,,,,,,,,,,,,,,,,,,1.7,0.55,-0.01,,,,,,
2025-08-26,,,,,,,,,,,,,,,,,,,,,1.75,0.65,-0.02,,,,,,
2025-08-27,,,,,,,,,,,,,,,,,,,,,1.77,0.65,-0.02,,6603384.0,,,1049.2084,
2025-08-28,,,,,,,,,,,,,,,,,,6.56,,,1.75,0.6,-0.04,,,,,,
2025-08-29,,,,,,,,,,,,,,,,,,,,,1.8,0.64,0.0,,,,,,
2025-08-30,,,,236000.0,,,,,,,,,,,,,,,,,,,,,,,,,
2025-09-01,,,4.4,,7658.0,2.0,158548.0,55.1,732192.0,21202.4,4.0,324.245,31.56,36.7,1328.0,1415.0,4080000.0,,101.7059,12612.0,,,,,,22211.9,,,
2025-09-02,,,,,,,,,,,,,,,,,,,,,1.81,0.62,0.08,,,,,,
2025-09-03,,,,,,,,,,,,,,,,,,,,,1.78,0.61,0.04,,6602071.0,,,1048.5979,
2025-09-04,,,,,,,,,,,,,,,,,,6.5,,,1.8,0.58,0.01,,,,,,
2025-09-05,,,,,,,,,,,,,,,,,,,,,1.78,0.59,0.03,,,,,,
2025-09-06,,,,264000.0,,,,,,,,,,,,,,,,,,,,,,,,,
2025-09-08,,,,,,,,,,,,,,,,,,,,,1.76,0.56,-0.05,,,,,,
2025-09-09,,,,,,,,,,,,,,,,,,,,,1.75,0.54,-0.02,,,,,,
2025-09-10,,,,,,,,,,,,,,,,,,,,,1.75,0.5,-0.05,,6605962.0,,,1050.0384,
2025-09-11,,,,,,,,,,,,,,,,,,6.35,,,1.74,0.49,-0.07,,,,,,
2025-09-12,,,,,,,,,,,,,,,,,,,,,1.7,0.5,-0.02,,,,,,
2025-09-13,,,,232000.0,,,,,,,,,,,,,,,,,,,,,,,,,
2025-09-15,,,,,,,,,,,,,,,,,,,,,1.68,0.51,-0.01,,,,,,
2025-09-16,,,,,,,,,,,,,,,,,,,,,1.69,0.53,0.0,,,,,,
2025-09-17,,,,,,,,,,,,,,,,,,,,,1.7,0.54,0.04,,6608597.0,,,1052.4216,
2025-09-18,,,,,,,,,,,,,,,,,,6.26,,,1.68,0.54,0.08,,,,,,
2025-09-19,,,,,,,,,,,,,,,,,,,,,1.68,0.57,0.11,,,,,,
2025-09-20,,,,219000.0,,,,,,,,,,,,,,,,,,,,,,,,,
2025-09-22,,,,,,,,,,,,,,,,,,,,,1.67,0.54,0.15,,,,,,
2025-09-23,,,,,,,,,,,,,,,,,,,,,1.69,0.59,0.12,,,,,,
2025-09-24,,,,,,,,,,,,,,,,,,,,,1.68,0.59,0.14,,6608395.0,,,1051.2938,
2025-09-25,,,,,,,,,,,,,,,,,,6.3,,,1.67,0.54,0.14,,,,,,
2025-09-26,,,,,,,,,,,,,,,,,,,,,1.65,0.57,0.18,,,,,,
2025-09-27,,,,224000.0,,,,,,,,,,,,,,,,,,,,,,,,,
2025-09-29,,,,,,,,,,,,,,,,,,,,,1.64,0.52,0.11,,,,,,
2025-09-30,,,,,,,,,,,,,,,,,,,,,1.67,0.56,0.14,,,,,,
2025-10-01,31490.07,24111.83,,,7449.0,1.9,158408.0,53.6,731051.0,21303.0,3.7,,31.7,36.85,1272.0,1411.0,4110000.0,,101.257,12603.0,1.69,0.57,0.11,6.5,6587119.0,22297.8,,1050.4533,
2025-10-02,,,,,,,,,,,,,,,,,,6.34,,,1.68,0.55,0.08,,,,,,
2025-10-03,,,,,,,,,,,,,,,,,,,,,1.66,0.55,0.1,,,,,,
2025-10-04,,,,235000.0,,,,,,,,,,,,,,,,,,,,,,,,,
2025-10-06,,,,,,,,,,,,,,,,,,,,,1.65,0.58,0.16,,,,,,
2025-10-07,,,,,,,,,,,,,,,,,,,,,1.67,0.57,0.13,,,,,,
2025-10-08,,,,,,,,,,,,,,,,,,,,,1.68,0.55,0.12,,6590815.0,,,1056.2627,
2025-10-09,,,,,,,,,,,,,,,,,,6.3,,,1.69,0.54,0.11,,,,,,
2025-10-10,,,,,,,,,,,,,,,,,,,,,1.72,0.53,0.03,,,,,,
2025-10-11,,,,220000.0,,,,,,,,,,,,,,,,,,,,,,,,,
2025-10-13,,,,,,,,,,,,,,,,,,,,,,,,,,,,,
2025-10-14,,,,,,,,,,,,,,,,,,,,,1.71,0.55,0.01,,,,,,
2025-10-15,,,,,,,,,,,,,,,,,,,,,1.68,0.55,0.02,,6596454.0,,,1055.4447,
2025-10-16,,,,,,,,,,,,,,,,,,6.27,,,1.71,0.58,-0.03,,,,,,
2025-10-17,,,,,,,,,,,,,,,,,,,,,1.7,0.56,0.02,,,,,,
2025-10-18,,,,232000.0,,,,,,,,,,,,,,,,,,,,,,,,,
2025-10-20,,,,,,,,,,,,,,,,,,,,,1.68,0.54,0.03,,,,,,
2025-10-21,,,,,,,,,,,,,,,,,,,,,1.67,0.53,0.02,,,,,,
2025-10-22,,,,,,,,,,,,,,,,,,,,,1.69,0.52,0.01,,6589533.0,,,1055.6344,
2025-10-23,,,,,,,,,,,,,,,,,,6.19,,,1.66,0.53,0.06,,,,,,
2025-10-24,,,,,,,,,,,,,,,,,,,,,1.65,0.54,0.09,,,,,,
2025-10-25,,,,220000.0,,,,,,,,,,,,,,,,,,,,,,,,,
2025-10-27,,,,,,,,,,,,,,,,,,,,,1.63,0.53,0.12,,,,,,
2025-10-28,,,,,,,,,,,,,,,,,,,,,1.65,0.52,0.1,,,,,,
2025-10-29,,,,,,,,,,,,,,,,,,,,,1.61,0.49,0.15,,6587034.0,,,1056.116,
2025-10-30,,,,,,,,,,,,,,,,,,6.17,,,1.64,0.5,0.19,,,,,,
2025-10-31,,,,,,,,,,,,,,,,,,,,,1.69,0.51,0.22,,,,,,
2025-11-01,,,4.5,229000.0,6928.0,2.0,158449.0,51.0,735085.0,21383.9,3.7,325.063,31.79,37.0,1322.0,1388.0,4090000.0,,101.3775,12593.0,,,,,,22322.1,,,
2025-11-03,,,,,,,,,,,,,,,,,,,,,1.71,0.53,0.15,,,,,,
2025-11-04,,,,,,,,,,,,,,,,,,,,,1.72,0.52,0.14,,,,,,
2025-11-05,,,,,,,,,,,,,,,,,,,,,1.7,0.54,0.21,,6572732.0,,,1057.3005,
2025-11-06,,,,,,,,,,,,,,,,,,6.22,,,1.72,0.54,0.18,,,,,,
2025-11-07,,,,,,,,,,,,,,,,,,,,,1.75,0.56,0.19,,,,,,
2025-11-08,,,,228000.0,,,,,,,,,,,,,,,,,,,,,,,,,
2025-11-10,,,,,,,,,,,,,,,,,,,,,1.73,0.55,0.18,,,,,,
2025-11-11,,,,,,,,,,,,,,,,,,,,,,,,,,,,,
2025-11-12,,,,,,,,,,,,,,,,,,,,,1.75,0.52,0.13,,6580462.0,,,1059.8752,
2025-11-13,,,,,,,,,,,,,,,,,,6.24,,,1.77,0.53,0.15,,,,,,
2025-11-14,,,,,,,,,,,,,,,,,,,,,1.77,0.52,0.19,,,,,,
2025-11-15,,,,222000.0,,,,,,,,,,,,,,,,,,,,,,,,,
2025-11-17,,,,,,,,,,,,,,,,,,,,,1.77,0.53,0.16,,,,,,
2025-11-18,,,,,,,,,,,,,,,,,,,,,1.79,0.54,0.18,,,,,,
2025-11-19,,,,,,,,,,,,,,,,,,,,,1.79,0.55,0.18,,6555283.0,,,1060.8827,
2025-11-20,,,,,,,,,,,,,,,,,,6.26,,,1.8,0.55,0.16,,,,,,
2025-11-21,,,,,,,,,,,,,,,,,,,,,1.82,0.55,0.16,,,,,,
2025-11-22,,,,217000.0,,,,,,,,,,,,,,,,,,,,,,,,,
2025-11-24,,,,,,,,,,,,,,,,,,,,,1.8,0.58,0.13,,,,,,
2025-11-25,,,,,,,,,,,,,,,,,,,,,1.79,0.58,0.11,,,,,,
2025-11-26,,,,,,,,,,,,,,,,,,6.23,,,1.78,0.55,0.08,,6552419.0,,,1056.2063,
2025-11-27,,,,,,,,,,,,,,,,,,,,,,,,,,,,,
2025-11-28,,,,,,,,,,,,,,,,,,,,,1.78,0.55,0.14,,,,,,
2025-11-29,,,,192000.0,,,,,,,,,,,,,,,,,,,,,,,,,
2025-12-01,,,4.4,,6542.0,2.0,158497.0,52.9,734967.0,21474.9,3.6,326.031,31.83,37.02,1404.0,1448.0,4270000.0,,101.6296,12585.0,1.78,0.55,0.28,,,22411.0,,,
2025-12-02,,,,,,,,,,,,,,,,,,,,,1.76,0.58,0.32,,,,,,
2025-12-03,,,,,,,,,,,,,,,,,,,,,1.77,0.57,0.34,,6535781.0,,,1058.0148,
2025-12-04,,,,,,,,,,,,,,,,,,6.19,,,1.76,0.59,0.4,,,,,,
2025-12-05,,,,,,,,,,,,,,,,,,,,,1.74,0.58,0.43,,,,,,
2025-12-06,,,,237000.0,,,,,,,,,,,,,,,,,,,,,,,,,
2025-12-08,,,,,,,,,,,,,,,,,,,,,1.73,0.6,0.44,,,,,,
2025-12-09,,,,,,,,,,,,,,,,,,,,,1.73,0.57,0.45,,,,,,
2025-12-10,,,,,,,,,,,,,,,,,,,,,1.76,0.59,0.44,,6539303.0,,,1062.454,
2025-12-11,,,,,,,,,,,,,,,,,,6.22,,,1.73,0.62,0.48,,,,,,
2025-12-12,,,,,,,,,,,,,,,,,,,,,1.76,0.67,0.56,,,,,,
2025-12-13,,,,224000.0,,,,,,,,,,,,,,,,,,,,,,,,,
2025-12-15,,,,,,,,,,,,,,,,,,,,,1.77,0.67,0.53,,,,,,
2025-12-16,,,,,,,,,,,,,,,,,,,,,1.78,0.67,0.51,,,,,,
2025-12-17,,,,,,,,,,,,,,,,,,,,,1.78,0.67,0.52,,6556861.0,,,1064.1526,
2025-12-18,,,,,,,,,,,,,,,,,,6.21,,,1.78,0.66,0.5,,,,,,
2025-12-19,,,,,,,,,,,,,,,,,,,,,1.76,0.68,0.54,,,,,,
2025-12-20,,,,215000.0,,,,,,,,,,,,,,,,,,,,,,,,,
2025-12-22,,,,,,,,,,,,,,,,,,,,,1.76,0.73,0.53,,,,,,
2025-12-23,,,,,,,,,,,,,,,,,,,,,1.74,0.7,0.53,,,,,,
2025-12-24,,,,,,,,,,,,,,,,,,6.18,,,1.73,0.68,0.46,,6581231.0,,,1066.1772,
2025-12-25,,,,,,,,,,,,,,,,,,,,,,,,,,,,,
2025-12-26,,,,,,,,,,,,,,,,,,,,,1.75,0.68,0.5,,,,,,
2025-12-27,,,,200000.0,,,,,,,,,,,,,,,,,,,,,,,,,
2025-12-29,,,,,,,,,,,,,,,,,,,,,1.76,0.67,0.44,,,,,,
2025-12-30,,,,,,,,,,,,,,,,,,,,,1.75,0.69,0.49,,,,,,
2025-12-31,,,,,,,,,,,,,,,,,,6.15,,,1.72,0.71,0.51,,6640618.0,,,1062.5037,
2026-01-01,,,4.3,,,,158627.0,56.4,,,,326.588,31.95,37.17,,,3910000.0,,102.3412,12590.0,,,,5.3,,,,,
2026-01-02,,,,,,,,,,,,,,,,,,,,,1.74,0.72,0.54,,,,,,
2026-01-03,,,,207000.0,,,,,,,,,,,,,,,,,,,,,,,,,
2026-01-05,,,,,,,,,,,,,,,,,,,,,1.75,0.71,0.53,,,,,,
2026-01-06,,,,,,,,,,,,,,,,,,,,,1.74,0.71,0.55,,,,,,
2026-01-07,,,,,,,,,,,,,,,,,,,,,1.73,0.68,0.53,,6573602.0,,,1068.4748,
2026-01-08,,,,,,,,,,,,,,,,,,6.16,,,1.73,0.7,0.57,,,,,,
2026-01-09,,,,,,,,,,,,,,,,,,,,,1.7,0.64,0.56,,,,,,
2026-01-10,,,,199000.0,,,,,,,,,,,,,,,,,,,,,,,,,
2026-01-12,,,,,,,,,,,,,,,,,,,,,1.7,0.65,0.52,,,,,,
2026-01-13,,,,,,,,,,,,,,,,,,,,,1.69,0.65,0.51,,,,,,
2026-01-14,,,,,,,,,,,,,,,,,,,,,1.68,0.64,0.48,,6581700.0,,,1069.0913,
2026-01-15,,,,,,,,,,,,,,,,,,6.06,,,1.65,0.61,0.49,,,,,,
2026-01-16,,,,,,,,,,,,,,,,,,,,,1.63,0.65,0.57,,,,,,
2026-01-17,,,,210000.0,,,,,,,,,,,,,,,,,,,,,,,,,
2026-01-19,,,,,,,,,,,,,,,,,,,,,,,,,,,,,
2026-01-20,,,,,,,,,,,,,,,,,,,,,1.65,0.7,0.6,,,,,,
2026-01-21,,,,,,,,,,,,,,,,,,,,,1.62,0.66,0.56,,6584580.0,,,1070.1649,
2026-01-22,,,,,,,,,,,,,,,,,,6.09,,,1.59,0.65,0.55,,,,,,
2026-01-23,,,,,,,,,,,,,,,,,,,,,1.61,0.64,0.54,,,,,,
2026-01-24,,,,209000.0,,,,,,,,,,,,,,,,,,,,,,,,,
2026-01-26,,,,,,,,,,,,,,,,,,,,,1.61,0.66,0.55,,,,,,
2026-01-27,,,,,,,,,,,,,,,,,,,,,1.61,0.71,0.57,,,,,,
2026-01-28,,,,,,,,,,,,,,,,,,,,,1.62,0.7,0.58,,6587568.0,,,1067.6172,
2026-01-29,,,,,,,,,,,,,,,,,,6.1,,,1.63,0.71,0.57,,,,,,
2026-01-30,,,,,,,,,,,,,,,,,,,,,1.62,0.74,0.59,,,,,,
2026-01-31,,,,232000.0,,,,,,,,,,,,,,,,,,,,,,,,,
2026-02-02,,,,,,,,,,,,,,,,,,,,,1.61,0.72,0.6,,,,,,
2026-02-03,,,,,,,,,,,,,,,,,,,,,1.63,0.71,0.59,,,,,,
2026-02-04,,,,,,,,,,,,,,,,,,,,,1.64,0.72,0.6,,6605909.0,,,1069.8048,
2026-02-05,,,,,,,,,,,,,,,,,,6.11,,,1.67,0.74,0.54,,,,,,
2026-02-06,,,,,,,,,,,,,,,,,,,,,1.65,0.72,0.54,,,,,,
2026-02-07,,,,229000.0,,,,,,,,,,,,,,,,,,,,,,,,,
2026-02-09,,,,,,,,,,,,,,,,,,,,,1.64,0.74,0.53,,,,,,
2026-02-10,,,,,,,,,,,,,,,,,,,,,1.66,0.71,0.47,,,,,,
2026-02-11,,,,,,,,,,,,,,,,,,,,,1.67,0.66,0.48,,6622382.0,,,1070.4012,
2026-02-12,,,,,,,,,,,,,,,,,,6.09,,,1.68,0.62,0.39,,,,,,
2026-02-13,,,,,,,,,,,,,,,,,,,,,1.72,0.64,0.36,,,,,,
2026-02-14,,,,206000.0,,,,,,,,,,,,,,,,,,,,,,,,,
2026-02-16,,,,,,,,,,,,,,,,,,,,,,,,,,,,,
2026-02-17,,,,,,,,,,,,,,,,,,,,,1.7,0.62,0.36,,,,,,
2026-02-18,,,,,,,,,,,,,,,,,,,,,1.67,0.62,0.39,,6613395.0,,,,
2026-02-19,,,,,,,,,,,,,,,,,,6.01,,,1.68,0.61,0.39,,,,,,
2026-02-20,,,,,,,,,,,,,,,,,,,,,1.69,0.6,0.39,,,,,,
2026-02-23,,,,,,,,,,,,,,,,,,,,,,0.6,0.34,,,,,,
