event_id,user_id,event_type,timestamp,page,session_id
1,1,page_view,2024-05-29 01:00:00,blog,7525
2,1,page_view,2024-05-07 06:00:00,confirmation,4939
3,1,checkout_start,2024-05-28 04:00:00,checkout,9856
4,1,page_view,2024-05-18 03:00:00,pricing,3292
5,1,add_to_cart,2024-06-02 09:00:00,confirmation,6666
6,1,page_view,2024-05-06 06:00:00,product,2245
7,1,add_to_cart,2024-05-18 12:00:00,confirmation,7499
8,1,page_view,2024-05-17 22:00:00,cart,8381
9,2,page_view,2024-06-01 17:00:00,checkout,8075
10,2,add_to_cart,2024-05-30 22:00:00,pricing,7227
11,2,add_to_cart,2024-05-26 15:00:00,cart,5037
12,2,page_view,2024-05-26 03:00:00,product,7225
13,2,page_view,2024-06-19 01:00:00,checkout,6188
14,2,page_view,2024-06-07 09:00:00,home,6050
15,2,page_view,2024-06-10 23:00:00,cart,2674
16,2,page_view,2024-05-28 15:00:00,checkout,8353
17,2,signup,2024-06-15 18:00:00,checkout,2692
18,2,page_view,2024-05-24 02:00:00,confirmation,2524
19,2,signup,2024-06-17 11:00:00,cart,7311
20,2,page_view,2024-05-23 12:00:00,checkout,2387
21,2,purchase,2024-06-15 20:00:00,product,9537
22,2,add_to_cart,2024-05-30 05:00:00,product,3274
23,2,page_view,2024-06-03 11:00:00,checkout,3390
24,2,page_view,2024-05-25 16:00:00,cart,7899
25,2,signup,2024-06-04 18:00:00,home,6916
26,3,add_to_cart,2024-04-01 12:00:00,checkout,4203
27,3,page_view,2024-04-10 12:00:00,cart,1110
28,3,page_view,2024-04-07 21:00:00,confirmation,7224
29,3,signup,2024-04-05 01:00:00,checkout,3230
30,3,page_view,2024-04-03 19:00:00,pricing,4290
31,3,page_view,2024-04-11 10:00:00,checkout,6228
32,3,add_to_cart,2024-04-03 10:00:00,pricing,9044
33,3,checkout_start,2024-04-15 13:00:00,cart,7161
34,3,checkout_start,2024-04-02 23:00:00,checkout,6980
35,3,purchase,2024-03-26 20:00:00,product,9939
36,4,add_to_cart,2024-02-04 02:00:00,home,8563
37,4,signup,2024-01-14 22:00:00,cart,2133
38,4,add_to_cart,2024-01-23 10:00:00,product,5961
39,4,page_view,2024-01-16 07:00:00,product,7932
40,4,page_view,2024-01-22 02:00:00,confirmation,8851
41,4,signup,2024-01-30 20:00:00,confirmation,7853
42,4,page_view,2024-01-29 04:00:00,cart,9796
43,5,add_to_cart,2024-02-16 15:00:00,pricing,6816
44,5,add_to_cart,2024-02-19 02:00:00,home,7547
45,5,purchase,2024-02-26 03:00:00,checkout,2735
46,5,page_view,2024-02-12 10:00:00,product,9366
47,6,signup,2024-06-07 19:00:00,confirmation,4621
48,6,page_view,2024-06-03 00:00:00,checkout,9199
49,6,page_view,2024-05-21 10:00:00,home,8909
50,6,page_view,2024-05-19 11:00:00,home,2901
51,6,page_view,2024-05-21 01:00:00,cart,8460
52,6,signup,2024-05-23 19:00:00,cart,8801
53,6,signup,2024-05-19 03:00:00,pricing,8412
54,6,page_view,2024-05-28 14:00:00,home,2885
55,6,checkout_start,2024-05-15 23:00:00,pricing,2791
56,6,checkout_start,2024-06-12 21:00:00,pricing,4996
57,6,page_view,2024-06-06 00:00:00,product,6422
58,6,signup,2024-06-07 21:00:00,checkout,4798
59,6,add_to_cart,2024-06-01 06:00:00,product,8080
60,6,page_view,2024-05-31 21:00:00,confirmation,4232
61,6,signup,2024-06-03 04:00:00,checkout,1072
62,6,page_view,2024-05-24 03:00:00,blog,2025
63,6,page_view,2024-06-08 15:00:00,blog,9796
64,6,page_view,2024-05-22 23:00:00,product,8496
65,7,add_to_cart,2024-01-31 04:00:00,checkout,9646
66,7,page_view,2024-02-16 06:00:00,checkout,7431
67,7,page_view,2024-02-14 01:00:00,cart,8501
68,7,page_view,2024-02-15 08:00:00,pricing,5873
69,7,signup,2024-02-15 05:00:00,pricing,3194
70,8,page_view,2024-02-26 00:00:00,home,3999
71,8,add_to_cart,2024-03-07 22:00:00,confirmation,7364
72,8,signup,2024-03-09 20:00:00,confirmation,7286
73,8,page_view,2024-03-10 01:00:00,pricing,9804
74,8,purchase,2024-03-21 14:00:00,product,3733
75,8,page_view,2024-03-12 21:00:00,product,6154
76,8,add_to_cart,2024-03-11 05:00:00,blog,6882
77,8,signup,2024-02-21 09:00:00,product,7290
78,8,signup,2024-03-15 23:00:00,checkout,7703
79,8,signup,2024-03-21 05:00:00,pricing,8272
80,8,page_view,2024-03-12 20:00:00,confirmation,1505
81,8,page_view,2024-03-01 09:00:00,cart,4683
82,9,page_view,2024-01-28 07:00:00,checkout,9115
83,9,signup,2024-02-08 10:00:00,confirmation,2871
84,9,add_to_cart,2024-01-27 10:00:00,blog,7010
85,9,checkout_start,2024-02-08 03:00:00,home,8231
86,9,page_view,2024-02-08 07:00:00,checkout,2677
87,9,add_to_cart,2024-02-12 21:00:00,cart,1528
88,9,page_view,2024-02-04 04:00:00,blog,2425
89,9,checkout_start,2024-02-03 17:00:00,home,4882
90,9,checkout_start,2024-01-24 22:00:00,confirmation,6744
91,9,add_to_cart,2024-02-11 00:00:00,product,3281
92,9,checkout_start,2024-01-24 19:00:00,blog,1972
93,9,page_view,2024-02-09 07:00:00,cart,9827
94,9,page_view,2024-01-23 04:00:00,pricing,5794
95,9,signup,2024-01-28 08:00:00,blog,9428
96,9,checkout_start,2024-02-13 23:00:00,product,7743
97,9,purchase,2024-01-18 12:00:00,blog,3078
98,9,checkout_start,2024-02-14 22:00:00,product,3396
99,9,checkout_start,2024-01-29 17:00:00,blog,7434
100,9,page_view,2024-02-05 21:00:00,pricing,5402
101,10,signup,2024-05-08 00:00:00,pricing,2525
102,10,signup,2024-05-09 04:00:00,cart,7046
103,10,purchase,2024-05-11 09:00:00,cart,1040
104,10,add_to_cart,2024-04-25 23:00:00,checkout,6869
105,10,checkout_start,2024-04-24 16:00:00,checkout,4568
106,10,checkout_start,2024-05-10 07:00:00,checkout,5399
107,10,checkout_start,2024-05-05 18:00:00,cart,9967
108,10,page_view,2024-05-16 15:00:00,blog,8951
109,10,checkout_start,2024-05-06 15:00:00,blog,1793
110,10,page_view,2024-04-23 23:00:00,blog,8529
111,10,page_view,2024-04-22 16:00:00,blog,3588
112,10,signup,2024-05-10 19:00:00,checkout,4314
113,10,purchase,2024-05-21 09:00:00,pricing,5945
114,10,checkout_start,2024-04-28 18:00:00,cart,2529
115,10,page_view,2024-05-19 22:00:00,home,7092
116,11,page_view,2024-01-18 05:00:00,cart,4836
117,11,add_to_cart,2024-02-03 07:00:00,pricing,2559
118,11,page_view,2024-01-16 01:00:00,home,3174
119,11,page_view,2024-02-10 07:00:00,pricing,8291
120,11,page_view,2024-01-16 09:00:00,cart,2975
121,11,add_to_cart,2024-02-03 00:00:00,checkout,2160
122,11,page_view,2024-01-25 18:00:00,pricing,2678
123,12,page_view,2024-05-16 08:00:00,cart,3246
124,12,add_to_cart,2024-05-19 07:00:00,blog,3181
125,12,purchase,2024-05-30 08:00:00,product,2120
126,12,signup,2024-05-25 15:00:00,confirmation,3688
127,12,page_view,2024-05-21 18:00:00,product,3480
128,13,add_to_cart,2024-06-11 06:00:00,blog,4559
129,13,checkout_start,2024-05-19 16:00:00,product,3017
130,13,add_to_cart,2024-06-10 03:00:00,cart,8035
131,13,checkout_start,2024-05-29 10:00:00,product,5537
132,13,page_view,2024-06-12 12:00:00,confirmation,5668
133,13,page_view,2024-06-14 11:00:00,blog,5942
134,13,signup,2024-05-24 18:00:00,confirmation,4090
135,13,page_view,2024-06-01 17:00:00,home,4921
136,13,page_view,2024-06-06 02:00:00,product,9185
137,13,signup,2024-06-12 05:00:00,confirmation,1197
138,13,purchase,2024-05-31 09:00:00,product,7337
139,13,signup,2024-06-09 06:00:00,confirmation,3830
140,13,purchase,2024-06-05 02:00:00,blog,2195
141,13,signup,2024-05-16 17:00:00,home,5295
142,13,page_view,2024-05-25 04:00:00,home,7520
143,14,add_to_cart,2024-04-25 05:00:00,confirmation,7806
144,14,add_to_cart,2024-05-01 01:00:00,home,9791
145,14,add_to_cart,2024-05-05 22:00:00,cart,2369
146,14,page_view,2024-04-26 05:00:00,product,3545
147,14,page_view,2024-05-05 21:00:00,confirmation,2083
148,14,add_to_cart,2024-04-26 05:00:00,pricing,4909
149,14,page_view,2024-04-15 11:00:00,checkout,2900
150,14,add_to_cart,2024-05-02 08:00:00,home,6067
151,14,add_to_cart,2024-05-11 10:00:00,pricing,3877
152,14,page_view,2024-04-18 02:00:00,product,1185
153,14,signup,2024-04-19 23:00:00,cart,9568
154,14,checkout_start,2024-05-05 01:00:00,pricing,5247
155,14,page_view,2024-04-20 02:00:00,pricing,5403
156,14,add_to_cart,2024-04-18 00:00:00,home,6488
157,14,page_view,2024-05-01 07:00:00,home,5308
158,14,add_to_cart,2024-05-07 14:00:00,checkout,8457
159,14,page_view,2024-05-04 19:00:00,checkout,3734
160,14,page_view,2024-04-28 16:00:00,blog,2685
161,15,add_to_cart,2024-03-11 18:00:00,product,9336
162,15,page_view,2024-02-12 02:00:00,blog,1201
163,15,page_view,2024-02-22 10:00:00,cart,7274
164,15,page_view,2024-02-18 09:00:00,blog,1579
165,15,checkout_start,2024-03-06 14:00:00,pricing,7870
166,15,page_view,2024-02-21 13:00:00,checkout,6241
167,15,checkout_start,2024-02-23 13:00:00,confirmation,7108
168,15,signup,2024-02-17 02:00:00,home,3938
169,15,checkout_start,2024-02-21 12:00:00,home,7568
170,15,checkout_start,2024-02-14 22:00:00,blog,5625
171,15,page_view,2024-02-25 06:00:00,confirmation,8483
172,15,page_view,2024-02-12 08:00:00,cart,5979
173,15,page_view,2024-03-09 13:00:00,cart,9083
174,15,add_to_cart,2024-02-20 08:00:00,confirmation,5016
175,15,page_view,2024-02-18 10:00:00,checkout,1391
176,15,signup,2024-02-21 22:00:00,pricing,1157
177,15,page_view,2024-02-26 07:00:00,pricing,7164
178,15,page_view,2024-02-25 02:00:00,confirmation,4902
179,15,signup,2024-02-29 21:00:00,home,3332
180,15,page_view,2024-02-23 22:00:00,product,9515
181,16,checkout_start,2024-06-30 00:00:00,checkout,2391
182,16,page_view,2024-06-30 00:00:00,product,7461
183,16,signup,2024-06-11 04:00:00,home,8126
184,16,purchase,2024-06-30 00:00:00,product,5778
185,16,checkout_start,2024-06-19 03:00:00,blog,7438
186,16,checkout_start,2024-06-30 00:00:00,cart,6211
187,16,page_view,2024-06-27 07:00:00,home,4321
188,16,add_to_cart,2024-06-13 19:00:00,confirmation,2785
189,16,page_view,2024-06-14 15:00:00,checkout,8635
190,16,signup,2024-06-21 09:00:00,confirmation,6870
191,16,signup,2024-06-16 20:00:00,checkout,5341
192,16,page_view,2024-06-13 02:00:00,blog,5984
193,16,add_to_cart,2024-06-30 00:00:00,product,6370
194,16,page_view,2024-06-14 07:00:00,product,6828
195,16,signup,2024-06-24 21:00:00,pricing,5896
196,17,page_view,2024-06-30 00:00:00,checkout,8408
197,17,add_to_cart,2024-06-30 00:00:00,product,2551
198,17,page_view,2024-06-30 00:00:00,blog,3290
199,17,page_view,2024-06-30 00:00:00,blog,4641
200,17,page_view,2024-06-30 00:00:00,checkout,7098
201,17,add_to_cart,2024-06-30 00:00:00,pricing,2376
202,17,signup,2024-06-30 00:00:00,blog,2228
203,17,purchase,2024-06-26 22:00:00,product,8265
204,17,page_view,2024-06-30 00:00:00,blog,6432
205,17,page_view,2024-06-30 00:00:00,checkout,1829
206,18,signup,2024-04-10 11:00:00,pricing,7471
207,18,page_view,2024-04-07 04:00:00,pricing,7990
208,18,page_view,2024-03-24 08:00:00,product,5505
209,18,signup,2024-03-28 22:00:00,product,1567
210,18,add_to_cart,2024-04-12 04:00:00,product,5835
211,18,signup,2024-04-07 06:00:00,confirmation,8848
212,18,page_view,2024-03-19 14:00:00,checkout,3248
213,19,add_to_cart,2024-02-25 12:00:00,blog,9614
214,19,add_to_cart,2024-02-27 15:00:00,blog,9907
215,19,purchase,2024-02-17 19:00:00,blog,6883
216,19,signup,2024-03-08 11:00:00,checkout,6636
217,19,signup,2024-03-12 03:00:00,checkout,5430
218,19,page_view,2024-02-24 16:00:00,confirmation,4588
219,19,checkout_start,2024-02-18 06:00:00,blog,5602
220,19,checkout_start,2024-02-19 11:00:00,checkout,9674
221,19,add_to_cart,2024-03-03 06:00:00,product,3615
222,19,page_view,2024-02-21 06:00:00,product,5366
223,19,checkout_start,2024-03-10 18:00:00,pricing,1916
224,19,signup,2024-02-26 08:00:00,blog,7363
225,19,purchase,2024-03-03 03:00:00,blog,3846
226,19,page_view,2024-02-24 12:00:00,cart,6878
227,19,page_view,2024-03-13 05:00:00,pricing,6761
228,20,page_view,2024-06-30 00:00:00,product,9064
229,20,page_view,2024-06-30 00:00:00,checkout,1621
230,20,page_view,2024-06-26 20:00:00,confirmation,4584
231,20,signup,2024-06-23 20:00:00,home,6435
232,20,page_view,2024-06-30 00:00:00,product,6582
233,20,purchase,2024-06-30 00:00:00,blog,6301
234,20,page_view,2024-06-25 12:00:00,confirmation,3320
235,20,checkout_start,2024-06-27 17:00:00,blog,6978
236,20,page_view,2024-06-26 02:00:00,pricing,7481
237,20,page_view,2024-06-30 00:00:00,cart,6285
238,20,purchase,2024-06-28 19:00:00,pricing,8157
239,20,purchase,2024-06-30 00:00:00,pricing,6198
240,20,add_to_cart,2024-06-30 00:00:00,confirmation,6846
241,20,add_to_cart,2024-06-30 00:00:00,blog,3872
242,20,page_view,2024-06-30 00:00:00,pricing,5825
243,20,page_view,2024-06-28 10:00:00,home,7415
244,20,page_view,2024-06-30 00:00:00,confirmation,6213
245,20,page_view,2024-06-30 00:00:00,confirmation,2705
246,20,page_view,2024-06-30 00:00:00,pricing,2274
247,20,page_view,2024-06-30 00:00:00,cart,3750
248,21,add_to_cart,2024-05-06 14:00:00,cart,8317
249,21,page_view,2024-04-08 11:00:00,product,2110
250,21,page_view,2024-04-22 22:00:00,home,1020
251,21,page_view,2024-04-10 01:00:00,pricing,7875
252,22,signup,2024-05-18 15:00:00,checkout,6754
253,22,page_view,2024-05-24 07:00:00,blog,8855
254,22,add_to_cart,2024-05-25 15:00:00,pricing,4695
255,22,signup,2024-05-07 22:00:00,blog,1547
256,22,page_view,2024-05-13 13:00:00,cart,2715
257,22,page_view,2024-05-04 03:00:00,checkout,3636
258,22,signup,2024-05-04 04:00:00,home,6536
259,23,signup,2024-03-16 07:00:00,pricing,3703
260,23,checkout_start,2024-04-09 21:00:00,product,1877
261,23,page_view,2024-03-19 07:00:00,product,7705
262,23,signup,2024-04-13 17:00:00,pricing,9849
263,23,add_to_cart,2024-03-26 07:00:00,cart,4891
264,23,page_view,2024-03-19 02:00:00,confirmation,9043
265,23,page_view,2024-03-21 13:00:00,home,8005
266,23,page_view,2024-03-18 17:00:00,pricing,8869
267,23,page_view,2024-03-23 12:00:00,product,3798
268,23,page_view,2024-04-11 05:00:00,home,8758
269,23,page_view,2024-03-19 22:00:00,checkout,8715
270,23,checkout_start,2024-04-04 20:00:00,cart,2493
271,23,signup,2024-04-11 09:00:00,product,7078
272,23,page_view,2024-03-31 06:00:00,checkout,1731
273,23,signup,2024-03-26 05:00:00,cart,4706
274,23,signup,2024-03-26 11:00:00,product,2584
275,23,add_to_cart,2024-03-18 15:00:00,blog,9871
276,24,page_view,2024-06-30 00:00:00,home,7342
277,24,signup,2024-06-30 00:00:00,confirmation,8779
278,24,checkout_start,2024-06-30 00:00:00,checkout,5896
279,24,page_view,2024-06-19 08:00:00,blog,1568
280,24,signup,2024-06-30 00:00:00,confirmation,3415
281,24,purchase,2024-06-21 03:00:00,checkout,3832
282,24,purchase,2024-06-23 03:00:00,blog,4157
283,24,page_view,2024-06-21 09:00:00,home,8133
284,24,purchase,2024-06-24 14:00:00,pricing,3422
285,24,page_view,2024-06-30 00:00:00,pricing,2097
286,24,page_view,2024-06-19 17:00:00,checkout,6343
287,24,signup,2024-06-27 18:00:00,blog,1202
288,24,add_to_cart,2024-06-30 00:00:00,confirmation,7874
289,24,signup,2024-06-20 19:00:00,product,2641
290,24,signup,2024-06-20 12:00:00,home,5687
291,25,checkout_start,2024-06-08 16:00:00,cart,7275
292,25,signup,2024-06-21 22:00:00,confirmation,8750
293,25,page_view,2024-05-26 14:00:00,checkout,3356
294,25,add_to_cart,2024-06-20 09:00:00,pricing,7581
295,25,page_view,2024-05-26 15:00:00,cart,4892
296,25,add_to_cart,2024-05-27 02:00:00,cart,7102
297,25,page_view,2024-05-25 20:00:00,blog,5965
298,25,page_view,2024-06-07 06:00:00,checkout,2609
299,25,page_view,2024-06-03 17:00:00,pricing,8259
300,25,page_view,2024-06-07 16:00:00,checkout,2462
301,25,signup,2024-06-02 00:00:00,blog,7671
302,25,add_to_cart,2024-06-14 16:00:00,blog,7126
303,25,signup,2024-05-27 09:00:00,product,2075
304,25,add_to_cart,2024-06-07 06:00:00,checkout,3222
305,25,checkout_start,2024-06-16 08:00:00,home,3846
306,25,checkout_start,2024-06-02 05:00:00,product,1944
307,25,page_view,2024-06-04 15:00:00,home,6904
308,25,page_view,2024-06-02 11:00:00,blog,8605
309,25,page_view,2024-06-15 13:00:00,home,1500
310,26,signup,2024-02-15 21:00:00,checkout,3909
311,26,signup,2024-02-20 05:00:00,cart,6640
312,26,checkout_start,2024-02-06 23:00:00,cart,2480
313,26,page_view,2024-02-12 03:00:00,home,3669
314,26,add_to_cart,2024-02-24 09:00:00,product,4626
315,26,page_view,2024-02-27 14:00:00,product,5408
316,26,signup,2024-02-27 19:00:00,home,1145
317,26,purchase,2024-02-20 05:00:00,pricing,3837
318,26,checkout_start,2024-02-25 15:00:00,product,5135
319,27,page_view,2024-05-04 10:00:00,checkout,6713
320,27,page_view,2024-04-26 14:00:00,checkout,5950
321,27,signup,2024-05-05 21:00:00,confirmation,7506
322,27,page_view,2024-05-01 22:00:00,confirmation,7131
323,27,add_to_cart,2024-04-30 22:00:00,confirmation,5631
324,27,add_to_cart,2024-04-19 17:00:00,checkout,2045
325,27,purchase,2024-04-21 08:00:00,pricing,6327
326,27,page_view,2024-04-18 19:00:00,pricing,5895
327,27,page_view,2024-04-15 00:00:00,blog,4937
328,27,checkout_start,2024-04-09 10:00:00,blog,7620
329,27,page_view,2024-05-05 04:00:00,product,1417
330,28,page_view,2024-06-24 14:00:00,checkout,7628
331,28,add_to_cart,2024-06-28 13:00:00,confirmation,4111
332,28,add_to_cart,2024-06-26 15:00:00,product,9759
333,28,checkout_start,2024-06-30 00:00:00,pricing,6873
334,28,page_view,2024-06-30 00:00:00,product,3967
335,28,page_view,2024-06-24 12:00:00,product,5237
336,28,add_to_cart,2024-06-30 00:00:00,product,6499
337,28,page_view,2024-06-30 00:00:00,cart,4659
338,28,signup,2024-06-25 02:00:00,cart,7089
339,28,signup,2024-06-23 02:00:00,checkout,2929
340,28,page_view,2024-06-30 00:00:00,pricing,2166
341,28,checkout_start,2024-06-30 00:00:00,confirmation,2963
342,28,page_view,2024-06-30 00:00:00,cart,7768
343,28,checkout_start,2024-06-14 07:00:00,product,3250
344,28,page_view,2024-06-20 13:00:00,confirmation,8496
345,28,page_view,2024-06-18 02:00:00,pricing,3954
346,28,signup,2024-06-15 10:00:00,pricing,3897
347,29,page_view,2024-05-11 01:00:00,checkout,5481
348,29,add_to_cart,2024-04-22 22:00:00,product,3595
349,29,checkout_start,2024-05-04 21:00:00,blog,2442
350,29,add_to_cart,2024-04-19 12:00:00,pricing,8035
351,29,signup,2024-05-01 05:00:00,checkout,7280
352,29,page_view,2024-04-14 04:00:00,product,7112
353,29,checkout_start,2024-04-14 14:00:00,blog,9700
354,29,page_view,2024-04-22 03:00:00,home,5076
355,29,add_to_cart,2024-04-23 15:00:00,cart,6113
356,29,page_view,2024-04-19 12:00:00,confirmation,6015
357,29,page_view,2024-04-21 03:00:00,home,5885
358,29,signup,2024-04-26 09:00:00,confirmation,9587
359,30,checkout_start,2024-03-21 12:00:00,product,6615
360,30,page_view,2024-03-23 21:00:00,product,3701
361,30,page_view,2024-03-20 05:00:00,product,3149
362,30,add_to_cart,2024-03-12 00:00:00,confirmation,9267
363,30,page_view,2024-03-10 05:00:00,pricing,1612
364,30,checkout_start,2024-03-19 00:00:00,cart,9761
365,30,page_view,2024-03-29 14:00:00,home,2771
366,30,checkout_start,2024-03-30 21:00:00,home,2897
367,30,signup,2024-03-20 18:00:00,home,9966
368,30,signup,2024-03-13 18:00:00,product,4366
369,30,add_to_cart,2024-04-01 15:00:00,home,5933
370,30,add_to_cart,2024-03-20 22:00:00,pricing,9524
371,31,add_to_cart,2024-03-13 13:00:00,product,7862
372,31,signup,2024-02-20 11:00:00,confirmation,2928
373,31,page_view,2024-02-28 01:00:00,home,9154
374,31,add_to_cart,2024-02-24 11:00:00,blog,5308
375,31,purchase,2024-03-09 07:00:00,cart,7713
376,31,page_view,2024-02-28 14:00:00,confirmation,9132
377,31,add_to_cart,2024-02-24 20:00:00,checkout,6416
378,31,page_view,2024-02-26 00:00:00,pricing,2458
379,31,checkout_start,2024-02-20 17:00:00,pricing,9095
380,31,purchase,2024-02-22 08:00:00,blog,9383
381,32,purchase,2024-05-26 07:00:00,pricing,4787
382,32,purchase,2024-06-10 11:00:00,cart,5327
383,32,page_view,2024-06-10 19:00:00,blog,3862
384,32,checkout_start,2024-05-23 16:00:00,cart,6123
385,33,page_view,2024-01-29 22:00:00,blog,1751
386,33,checkout_start,2024-01-25 09:00:00,pricing,3793
387,33,page_view,2024-02-08 00:00:00,checkout,5395
388,33,page_view,2024-01-28 23:00:00,cart,3996
389,33,signup,2024-01-29 20:00:00,checkout,5453
390,33,add_to_cart,2024-02-10 10:00:00,checkout,7909
391,33,checkout_start,2024-02-21 16:00:00,product,2852
392,33,add_to_cart,2024-01-30 15:00:00,home,3611
393,33,signup,2024-01-29 10:00:00,confirmation,8908
394,33,add_to_cart,2024-02-18 06:00:00,product,7221
395,33,add_to_cart,2024-02-09 07:00:00,blog,3140
396,33,purchase,2024-02-14 14:00:00,home,7738
397,33,page_view,2024-02-12 19:00:00,cart,6148
398,33,add_to_cart,2024-01-25 12:00:00,pricing,9598
399,33,add_to_cart,2024-02-18 14:00:00,product,6542
400,34,add_to_cart,2024-06-30 00:00:00,confirmation,2560
401,34,add_to_cart,2024-06-30 00:00:00,product,8895
402,34,add_to_cart,2024-06-30 00:00:00,pricing,7305
403,34,checkout_start,2024-06-24 08:00:00,confirmation,1894
404,34,add_to_cart,2024-06-18 11:00:00,product,9283
405,34,checkout_start,2024-06-30 00:00:00,blog,3709
406,34,add_to_cart,2024-06-21 04:00:00,cart,4946
407,34,purchase,2024-06-30 00:00:00,home,9305
408,34,signup,2024-06-27 12:00:00,checkout,7607
409,34,page_view,2024-06-28 00:00:00,checkout,8341
410,34,checkout_start,2024-06-21 18:00:00,checkout,6178
411,34,purchase,2024-06-23 01:00:00,pricing,1291
412,34,signup,2024-06-22 09:00:00,home,9996
413,34,checkout_start,2024-06-18 00:00:00,blog,5990
414,34,signup,2024-06-30 00:00:00,pricing,8474
415,34,page_view,2024-06-30 00:00:00,home,4652
416,34,page_view,2024-06-30 00:00:00,blog,8751
417,34,page_view,2024-06-30 00:00:00,checkout,2868
418,35,page_view,2024-06-15 02:00:00,cart,6818
419,35,purchase,2024-06-14 00:00:00,cart,9973
420,35,page_view,2024-06-09 06:00:00,home,1750
421,35,signup,2024-05-25 00:00:00,blog,7704
422,35,page_view,2024-05-22 13:00:00,product,4072
423,36,page_view,2024-06-30 00:00:00,blog,4122
424,36,page_view,2024-06-30 00:00:00,checkout,1761
425,36,checkout_start,2024-06-30 00:00:00,confirmation,3018
426,36,signup,2024-06-30 00:00:00,confirmation,9260
427,36,purchase,2024-06-28 17:00:00,home,9689
428,37,purchase,2024-01-28 14:00:00,blog,8912
429,37,checkout_start,2024-01-26 16:00:00,product,3845
430,37,page_view,2024-01-10 11:00:00,pricing,6273
431,38,signup,2024-06-02 09:00:00,confirmation,5067
432,38,page_view,2024-05-28 16:00:00,cart,5819
433,38,checkout_start,2024-06-05 07:00:00,product,7762
434,38,add_to_cart,2024-06-11 16:00:00,pricing,9393
435,38,checkout_start,2024-05-29 18:00:00,confirmation,6143
436,38,add_to_cart,2024-06-09 14:00:00,product,4435
437,38,add_to_cart,2024-06-12 15:00:00,pricing,6657
438,38,page_view,2024-06-14 16:00:00,pricing,3913
439,38,signup,2024-06-07 11:00:00,pricing,6281
440,38,add_to_cart,2024-05-21 22:00:00,confirmation,8870
441,38,signup,2024-06-10 20:00:00,pricing,7839
442,38,add_to_cart,2024-06-14 18:00:00,blog,9747
443,38,checkout_start,2024-05-29 04:00:00,checkout,1209
444,38,page_view,2024-06-08 07:00:00,checkout,3381
445,38,add_to_cart,2024-05-19 06:00:00,product,5374
446,38,purchase,2024-05-23 20:00:00,pricing,5105
447,38,checkout_start,2024-05-23 05:00:00,pricing,5835
448,38,add_to_cart,2024-05-25 16:00:00,home,6876
449,39,add_to_cart,2024-01-18 08:00:00,pricing,4675
450,39,signup,2024-02-10 14:00:00,product,9370
451,39,page_view,2024-02-12 16:00:00,pricing,1769
452,39,page_view,2024-01-30 06:00:00,blog,6122
453,39,page_view,2024-02-06 13:00:00,pricing,5117
454,39,add_to_cart,2024-01-22 15:00:00,blog,8259
455,39,purchase,2024-01-23 14:00:00,pricing,7025
456,39,signup,2024-02-08 02:00:00,confirmation,4218
457,39,page_view,2024-01-22 06:00:00,product,2220
458,39,purchase,2024-01-21 23:00:00,pricing,9418
459,39,page_view,2024-01-19 02:00:00,checkout,5572
460,39,page_view,2024-02-06 17:00:00,product,5178
461,39,page_view,2024-01-14 05:00:00,pricing,3536
462,39,page_view,2024-01-15 16:00:00,cart,1833
463,39,add_to_cart,2024-02-09 16:00:00,pricing,5934
464,39,checkout_start,2024-02-03 22:00:00,confirmation,6866
465,40,signup,2024-02-08 13:00:00,product,9529
466,40,checkout_start,2024-01-28 21:00:00,product,7814
467,40,signup,2024-02-18 04:00:00,home,6724
468,40,checkout_start,2024-02-04 10:00:00,pricing,6437
469,41,page_view,2024-06-16 09:00:00,blog,9691
470,41,purchase,2024-06-21 06:00:00,blog,1144
471,41,add_to_cart,2024-06-05 21:00:00,checkout,4937
472,41,add_to_cart,2024-06-28 09:00:00,confirmation,4994
473,41,add_to_cart,2024-06-02 16:00:00,cart,7248
474,41,page_view,2024-06-05 20:00:00,confirmation,5633
475,41,purchase,2024-06-02 01:00:00,blog,7143
476,41,checkout_start,2024-06-22 22:00:00,checkout,8975
477,41,page_view,2024-06-02 20:00:00,pricing,4154
478,41,signup,2024-06-14 16:00:00,home,3742
479,41,signup,2024-06-23 22:00:00,pricing,2072
480,41,add_to_cart,2024-06-09 23:00:00,blog,4492
481,42,page_view,2024-03-13 10:00:00,blog,8130
482,42,checkout_start,2024-04-05 14:00:00,home,3519
483,42,signup,2024-03-10 00:00:00,cart,1620
484,42,page_view,2024-03-12 17:00:00,product,5127
485,42,page_view,2024-04-01 19:00:00,blog,4729
486,42,signup,2024-03-20 00:00:00,checkout,7626
487,42,page_view,2024-03-27 11:00:00,checkout,2938
488,42,page_view,2024-03-31 19:00:00,pricing,2036
489,42,page_view,2024-04-02 23:00:00,blog,2189
490,42,purchase,2024-03-24 06:00:00,home,5748
491,42,page_view,2024-04-07 06:00:00,home,5612
492,42,page_view,2024-03-27 16:00:00,blog,1504
493,42,page_view,2024-03-29 05:00:00,product,3234
494,42,checkout_start,2024-03-25 16:00:00,blog,9941
495,42,purchase,2024-03-21 14:00:00,product,5883
496,43,signup,2024-01-12 11:00:00,confirmation,3316
497,43,page_view,2024-01-17 06:00:00,confirmation,7456
498,43,signup,2024-02-03 22:00:00,home,5992
499,43,add_to_cart,2024-01-20 23:00:00,pricing,6633
500,43,signup,2024-01-21 00:00:00,pricing,9397
501,43,page_view,2024-01-18 01:00:00,product,5140
502,43,page_view,2024-01-20 06:00:00,pricing,1891
503,43,signup,2024-02-04 10:00:00,confirmation,2198
504,43,add_to_cart,2024-01-24 09:00:00,cart,2608
505,43,add_to_cart,2024-01-20 10:00:00,checkout,6420
506,43,page_view,2024-01-27 05:00:00,pricing,4842
507,43,page_view,2024-01-16 06:00:00,home,4170
508,43,signup,2024-01-25 13:00:00,cart,6008
509,44,signup,2024-02-13 12:00:00,cart,6182
510,44,page_view,2024-02-25 06:00:00,cart,5033
511,44,add_to_cart,2024-02-16 10:00:00,pricing,8145
512,44,checkout_start,2024-02-18 19:00:00,product,6432
513,44,signup,2024-02-27 11:00:00,cart,6004
514,44,signup,2024-02-27 18:00:00,product,2343
515,44,checkout_start,2024-02-18 23:00:00,product,9824
516,44,page_view,2024-02-15 09:00:00,pricing,2252
517,44,checkout_start,2024-02-10 05:00:00,blog,9309
518,44,page_view,2024-03-04 22:00:00,confirmation,7637
519,44,page_view,2024-03-03 04:00:00,home,5269
520,44,checkout_start,2024-03-01 04:00:00,confirmation,8734
521,44,add_to_cart,2024-03-05 21:00:00,cart,7430
522,44,checkout_start,2024-02-16 12:00:00,confirmation,5767
523,44,signup,2024-02-12 17:00:00,confirmation,2483
524,44,page_view,2024-02-23 22:00:00,home,4913
525,44,add_to_cart,2024-03-04 04:00:00,blog,9423
526,44,signup,2024-02-12 23:00:00,product,3395
527,44,purchase,2024-02-27 15:00:00,home,4585
528,44,page_view,2024-02-27 19:00:00,cart,7052
529,45,add_to_cart,2024-03-31 19:00:00,confirmation,6918
530,45,signup,2024-04-15 13:00:00,checkout,1760
531,45,purchase,2024-03-31 16:00:00,cart,2691
532,45,purchase,2024-04-29 00:00:00,pricing,5480
533,45,signup,2024-04-10 05:00:00,confirmation,3848
534,45,add_to_cart,2024-04-15 01:00:00,cart,2275
535,45,page_view,2024-04-21 01:00:00,product,9460
536,45,page_view,2024-04-16 07:00:00,blog,6653
537,45,checkout_start,2024-04-19 18:00:00,confirmation,1108
538,46,signup,2024-01-25 22:00:00,product,2263
539,46,add_to_cart,2024-02-10 22:00:00,product,3461
540,46,page_view,2024-01-27 23:00:00,confirmation,2938
541,46,page_view,2024-02-17 04:00:00,blog,6410
542,46,signup,2024-01-24 20:00:00,checkout,8848
543,46,signup,2024-01-28 23:00:00,pricing,7732
544,46,page_view,2024-01-20 22:00:00,product,3639
545,46,add_to_cart,2024-01-25 17:00:00,home,3406
546,46,page_view,2024-01-22 09:00:00,product,9464
547,46,signup,2024-02-06 07:00:00,confirmation,1305
548,46,checkout_start,2024-02-17 05:00:00,home,4548
549,46,add_to_cart,2024-02-08 03:00:00,checkout,8891
550,46,page_view,2024-01-27 06:00:00,checkout,3338
551,46,checkout_start,2024-02-13 20:00:00,product,9369
552,46,page_view,2024-01-31 06:00:00,pricing,6614
553,46,signup,2024-02-08 08:00:00,home,4765
554,46,page_view,2024-02-05 03:00:00,home,1271
555,46,signup,2024-01-28 15:00:00,confirmation,7877
556,47,page_view,2024-06-30 00:00:00,checkout,1639
557,47,signup,2024-06-30 00:00:00,home,2526
558,47,add_to_cart,2024-06-30 00:00:00,confirmation,9835
559,47,checkout_start,2024-06-28 01:00:00,blog,8069
560,47,signup,2024-06-30 00:00:00,blog,1711
561,47,signup,2024-06-30 00:00:00,product,8899
562,48,signup,2024-02-25 22:00:00,pricing,2600
563,48,page_view,2024-02-29 03:00:00,checkout,4809
564,48,page_view,2024-02-14 13:00:00,confirmation,7695
565,48,page_view,2024-02-21 23:00:00,pricing,1116
566,48,signup,2024-03-06 15:00:00,confirmation,1117
567,48,add_to_cart,2024-02-27 00:00:00,pricing,6175
568,48,page_view,2024-02-28 10:00:00,product,7980
569,48,signup,2024-03-09 19:00:00,cart,9783
570,48,signup,2024-02-29 01:00:00,confirmation,5514
571,48,page_view,2024-03-11 00:00:00,product,7770
572,48,checkout_start,2024-03-05 13:00:00,checkout,3928
573,48,signup,2024-02-26 19:00:00,checkout,5157
574,48,signup,2024-02-24 02:00:00,blog,7522
575,48,checkout_start,2024-02-16 21:00:00,pricing,2951
576,49,checkout_start,2024-04-04 01:00:00,product,2642
577,49,signup,2024-03-25 03:00:00,blog,6544
578,49,add_to_cart,2024-04-08 11:00:00,pricing,1852
579,49,page_view,2024-03-22 20:00:00,pricing,1086
580,49,checkout_start,2024-03-19 21:00:00,checkout,8133
581,49,page_view,2024-03-19 18:00:00,product,7075
582,49,add_to_cart,2024-03-19 09:00:00,pricing,7296
583,49,add_to_cart,2024-04-02 02:00:00,confirmation,5693
584,49,page_view,2024-04-10 11:00:00,blog,3871
585,50,page_view,2024-06-02 17:00:00,blog,9489
586,50,page_view,2024-05-27 04:00:00,blog,9364
587,50,add_to_cart,2024-06-06 00:00:00,confirmation,3776
588,50,page_view,2024-06-12 18:00:00,product,1004
589,50,page_view,2024-05-21 17:00:00,cart,7544
590,50,add_to_cart,2024-05-30 01:00:00,checkout,4281
591,50,page_view,2024-06-06 02:00:00,pricing,2124
592,50,signup,2024-05-18 20:00:00,pricing,6703
593,50,purchase,2024-05-29 19:00:00,cart,4707
594,50,purchase,2024-06-09 20:00:00,checkout,7618
595,50,page_view,2024-06-08 12:00:00,product,7670
596,50,page_view,2024-06-05 14:00:00,home,9243
597,50,page_view,2024-05-27 13:00:00,home,9409
598,50,checkout_start,2024-05-25 23:00:00,blog,5098
599,50,signup,2024-06-13 14:00:00,checkout,8923
600,50,add_to_cart,2024-05-25 09:00:00,blog,8517
601,50,signup,2024-06-13 01:00:00,confirmation,1448
602,51,page_view,2024-02-04 23:00:00,checkout,4610
603,51,add_to_cart,2024-02-28 21:00:00,blog,6172
604,51,purchase,2024-02-17 14:00:00,confirmation,9776
605,51,add_to_cart,2024-01-31 09:00:00,cart,5067
606,51,page_view,2024-02-12 06:00:00,pricing,6603
607,51,signup,2024-02-03 05:00:00,product,8807
608,51,page_view,2024-02-13 09:00:00,confirmation,5408
609,51,purchase,2024-02-07 19:00:00,pricing,4115
610,51,add_to_cart,2024-02-21 06:00:00,product,4965
611,51,page_view,2024-02-11 07:00:00,product,5091
612,51,page_view,2024-02-26 09:00:00,blog,2747
613,51,purchase,2024-02-05 02:00:00,pricing,9071
614,51,page_view,2024-02-26 04:00:00,blog,9871
615,51,checkout_start,2024-02-01 19:00:00,cart,6167
616,51,checkout_start,2024-02-21 00:00:00,confirmation,5501
617,51,page_view,2024-02-20 22:00:00,blog,9374
618,51,page_view,2024-02-11 22:00:00,blog,3101
619,52,checkout_start,2024-02-03 10:00:00,checkout,9859
620,52,signup,2024-01-13 09:00:00,checkout,3863
621,52,purchase,2024-01-31 12:00:00,pricing,9490
622,53,add_to_cart,2024-06-30 00:00:00,home,4452
623,53,signup,2024-06-30 00:00:00,cart,6924
624,53,checkout_start,2024-06-30 00:00:00,product,9987
625,53,page_view,2024-06-30 00:00:00,checkout,6621
626,53,page_view,2024-06-30 00:00:00,checkout,4449
627,53,add_to_cart,2024-06-30 00:00:00,cart,6981
628,53,page_view,2024-06-30 00:00:00,product,3148
629,53,add_to_cart,2024-06-30 00:00:00,blog,2636
630,53,checkout_start,2024-06-30 00:00:00,confirmation,8081
631,53,page_view,2024-06-30 00:00:00,blog,3450
632,53,checkout_start,2024-06-30 00:00:00,product,7906
633,53,page_view,2024-06-30 00:00:00,blog,9470
634,53,add_to_cart,2024-06-30 00:00:00,blog,8972
635,53,page_view,2024-06-30 00:00:00,blog,1781
636,53,page_view,2024-06-30 00:00:00,product,1983
637,53,checkout_start,2024-06-30 00:00:00,checkout,2577
638,54,page_view,2024-06-28 06:00:00,cart,5222
639,54,page_view,2024-06-28 16:00:00,home,6752
640,54,purchase,2024-06-30 00:00:00,product,9821
641,54,purchase,2024-06-21 10:00:00,cart,6818
642,54,add_to_cart,2024-06-27 20:00:00,checkout,8322
643,54,page_view,2024-06-17 08:00:00,cart,8598
644,54,purchase,2024-06-30 00:00:00,blog,3745
645,54,checkout_start,2024-06-30 00:00:00,cart,7911
646,54,add_to_cart,2024-06-30 00:00:00,checkout,2168
647,54,page_view,2024-06-17 09:00:00,product,6136
648,54,add_to_cart,2024-06-27 12:00:00,pricing,5382
649,54,add_to_cart,2024-06-30 00:00:00,cart,8289
650,54,add_to_cart,2024-06-29 11:00:00,confirmation,8377
651,54,page_view,2024-06-30 00:00:00,blog,1378
652,54,add_to_cart,2024-06-19 08:00:00,pricing,5122
653,54,add_to_cart,2024-06-30 00:00:00,product,3734
654,55,page_view,2024-03-23 09:00:00,checkout,9985
655,55,page_view,2024-03-21 07:00:00,checkout,9584
656,55,page_view,2024-03-22 13:00:00,confirmation,3544
657,55,add_to_cart,2024-03-22 14:00:00,checkout,6068
658,55,page_view,2024-03-28 18:00:00,cart,8260
659,55,page_view,2024-04-14 17:00:00,confirmation,3795
660,55,page_view,2024-03-20 05:00:00,cart,6328
661,55,signup,2024-04-08 07:00:00,blog,9856
662,55,signup,2024-03-30 14:00:00,product,9835
663,55,signup,2024-03-26 13:00:00,checkout,8126
664,55,add_to_cart,2024-04-10 08:00:00,confirmation,6073
665,55,signup,2024-04-02 19:00:00,product,2467
666,55,page_view,2024-04-06 20:00:00,checkout,5256
667,55,page_view,2024-03-25 15:00:00,home,9574
668,56,page_view,2024-01-22 16:00:00,confirmation,1136
669,56,purchase,2024-02-06 08:00:00,blog,8816
670,56,page_view,2024-01-20 18:00:00,checkout,5799
671,56,page_view,2024-02-02 11:00:00,home,9981
672,56,page_view,2024-01-23 22:00:00,confirmation,8161
673,56,page_view,2024-01-24 20:00:00,pricing,7385
674,57,page_view,2024-03-11 09:00:00,checkout,4924
675,57,add_to_cart,2024-03-24 01:00:00,confirmation,5454
676,57,add_to_cart,2024-03-14 03:00:00,confirmation,5404
677,57,page_view,2024-03-19 14:00:00,home,3988
678,57,page_view,2024-03-07 19:00:00,pricing,8460
679,57,signup,2024-03-28 08:00:00,pricing,9060
680,57,page_view,2024-03-10 00:00:00,product,1813
681,57,page_view,2024-03-24 19:00:00,home,5622
682,57,page_view,2024-03-13 11:00:00,checkout,1134
683,57,page_view,2024-03-11 22:00:00,home,9086
684,57,page_view,2024-03-11 06:00:00,cart,9165
685,57,signup,2024-03-17 20:00:00,blog,1519
686,57,page_view,2024-03-16 02:00:00,blog,3393
687,57,page_view,2024-03-04 09:00:00,checkout,2169
688,58,page_view,2024-03-12 01:00:00,blog,5097
689,58,checkout_start,2024-03-08 06:00:00,home,5078
690,58,add_to_cart,2024-03-08 10:00:00,checkout,5049
691,58,page_view,2024-02-22 10:00:00,pricing,2539
692,58,add_to_cart,2024-03-14 05:00:00,product,8746
693,58,add_to_cart,2024-03-08 14:00:00,cart,6293
694,58,add_to_cart,2024-02-27 18:00:00,home,9534
695,58,page_view,2024-02-26 05:00:00,pricing,5895
696,58,page_view,2024-02-29 11:00:00,home,4568
697,58,page_view,2024-02-25 19:00:00,checkout,6316
698,58,page_view,2024-02-21 15:00:00,cart,2960
699,58,checkout_start,2024-03-08 21:00:00,home,1688
700,58,checkout_start,2024-03-16 19:00:00,checkout,3539
701,58,add_to_cart,2024-03-07 20:00:00,product,3583
702,58,page_view,2024-03-13 07:00:00,confirmation,6544
703,58,page_view,2024-03-18 16:00:00,cart,3521
704,58,signup,2024-03-21 22:00:00,home,3061
705,58,page_view,2024-03-12 19:00:00,confirmation,6690
706,58,add_to_cart,2024-03-10 17:00:00,home,7189
707,59,page_view,2024-06-30 00:00:00,home,8951
708,59,signup,2024-06-30 00:00:00,confirmation,9029
709,59,signup,2024-06-30 00:00:00,confirmation,6696
710,59,add_to_cart,2024-06-30 00:00:00,cart,3627
711,59,signup,2024-06-30 00:00:00,checkout,5844
712,59,signup,2024-06-30 00:00:00,checkout,1011
713,59,signup,2024-06-30 00:00:00,pricing,4039
714,59,add_to_cart,2024-06-29 19:00:00,cart,4912
715,59,add_to_cart,2024-06-30 00:00:00,pricing,9830
716,59,page_view,2024-06-30 00:00:00,pricing,9151
717,59,page_view,2024-06-30 00:00:00,cart,6285
718,59,add_to_cart,2024-06-30 00:00:00,home,2577
719,59,add_to_cart,2024-06-30 00:00:00,home,3126
720,60,page_view,2024-01-21 08:00:00,checkout,4139
721,60,page_view,2024-01-24 05:00:00,pricing,7366
722,60,signup,2024-02-17 01:00:00,confirmation,5193
723,60,page_view,2024-01-22 02:00:00,confirmation,2161
724,60,purchase,2024-01-20 13:00:00,product,9051
725,60,signup,2024-01-23 09:00:00,pricing,1994
726,60,signup,2024-02-04 09:00:00,checkout,7046
727,61,page_view,2024-06-30 00:00:00,home,2153
728,61,page_view,2024-06-30 00:00:00,product,9511
729,61,page_view,2024-06-24 03:00:00,product,9710
730,62,page_view,2024-06-18 02:00:00,pricing,5075
731,62,add_to_cart,2024-06-30 00:00:00,product,7802
732,62,add_to_cart,2024-06-14 12:00:00,confirmation,6864
733,62,signup,2024-06-30 00:00:00,pricing,7997
734,62,page_view,2024-06-14 10:00:00,product,7579
735,62,page_view,2024-06-30 00:00:00,product,9747
736,62,signup,2024-06-30 00:00:00,cart,6163
737,62,purchase,2024-06-30 00:00:00,cart,7090
738,62,add_to_cart,2024-06-27 14:00:00,checkout,6299
739,62,page_view,2024-06-30 00:00:00,confirmation,4504
740,62,add_to_cart,2024-06-26 00:00:00,pricing,5162
741,62,purchase,2024-06-25 08:00:00,checkout,7505
742,62,add_to_cart,2024-06-10 00:00:00,cart,1267
743,62,page_view,2024-06-30 00:00:00,cart,1107
744,63,page_view,2024-01-11 11:00:00,cart,1355
745,63,checkout_start,2024-01-31 10:00:00,confirmation,9376
746,63,signup,2024-01-25 17:00:00,confirmation,3534
747,63,page_view,2024-01-06 00:00:00,cart,3557
748,63,page_view,2024-01-07 21:00:00,confirmation,5093
749,63,page_view,2024-01-11 22:00:00,cart,2505
750,63,page_view,2024-01-26 08:00:00,product,2264
751,63,checkout_start,2024-01-15 20:00:00,product,8999
752,63,add_to_cart,2024-01-31 10:00:00,blog,2562
753,63,add_to_cart,2024-01-27 09:00:00,home,7251
754,63,checkout_start,2024-01-05 08:00:00,blog,6478
755,64,signup,2024-06-30 00:00:00,blog,2974
756,64,add_to_cart,2024-06-28 16:00:00,blog,1187
757,64,add_to_cart,2024-06-30 00:00:00,checkout,1886
758,64,signup,2024-06-30 00:00:00,cart,9846
759,64,page_view,2024-06-30 00:00:00,confirmation,4617
760,64,page_view,2024-06-25 12:00:00,pricing,7436
761,64,add_to_cart,2024-06-30 00:00:00,confirmation,9269
762,64,page_view,2024-06-22 20:00:00,cart,7460
763,64,page_view,2024-06-25 07:00:00,home,8796
764,64,add_to_cart,2024-06-30 00:00:00,confirmation,7540
765,64,page_view,2024-06-30 00:00:00,confirmation,8118
766,64,page_view,2024-06-30 00:00:00,product,8879
767,64,page_view,2024-06-30 00:00:00,checkout,4212
768,65,purchase,2024-02-26 06:00:00,confirmation,5034
769,65,page_view,2024-02-10 08:00:00,blog,8046
770,65,add_to_cart,2024-02-13 19:00:00,confirmation,2467
771,65,add_to_cart,2024-02-04 19:00:00,checkout,6984
772,65,page_view,2024-02-14 20:00:00,cart,1396
773,65,page_view,2024-02-13 00:00:00,cart,8245
774,65,page_view,2024-02-26 14:00:00,home,4825
775,65,add_to_cart,2024-02-08 12:00:00,product,2405
776,65,add_to_cart,2024-02-04 19:00:00,product,3419
777,65,page_view,2024-02-12 06:00:00,pricing,2823
778,65,signup,2024-02-13 00:00:00,home,6437
779,65,add_to_cart,2024-02-08 22:00:00,product,4339
780,65,signup,2024-02-23 07:00:00,cart,9991
781,65,add_to_cart,2024-02-20 14:00:00,product,1301
782,65,signup,2024-02-16 01:00:00,pricing,9631
783,65,page_view,2024-02-01 20:00:00,home,5653
784,65,checkout_start,2024-02-08 13:00:00,confirmation,5444
785,65,signup,2024-02-02 06:00:00,home,2091
786,65,add_to_cart,2024-02-16 13:00:00,pricing,6901
787,66,page_view,2024-05-13 19:00:00,pricing,7332
788,66,purchase,2024-05-22 20:00:00,confirmation,2631
789,66,signup,2024-05-26 11:00:00,confirmation,9709
790,66,page_view,2024-05-16 18:00:00,confirmation,8503
791,66,purchase,2024-06-05 22:00:00,home,1651
792,67,page_view,2024-02-09 14:00:00,checkout,7445
793,67,page_view,2024-01-24 16:00:00,pricing,6765
794,67,add_to_cart,2024-02-02 03:00:00,product,9212
795,67,checkout_start,2024-01-29 18:00:00,pricing,5221
796,67,checkout_start,2024-02-03 12:00:00,blog,1482
797,67,purchase,2024-02-10 16:00:00,product,3485
798,67,checkout_start,2024-02-01 13:00:00,pricing,3248
799,67,add_to_cart,2024-01-21 17:00:00,confirmation,4726
800,67,page_view,2024-02-04 19:00:00,product,7987
801,68,page_view,2024-06-23 19:00:00,confirmation,3158
802,68,add_to_cart,2024-06-06 19:00:00,confirmation,9869
803,68,checkout_start,2024-06-27 04:00:00,blog,3262
804,68,add_to_cart,2024-06-11 04:00:00,confirmation,3215
805,68,purchase,2024-06-16 08:00:00,blog,3378
806,68,purchase,2024-06-25 23:00:00,product,6201
807,68,signup,2024-05-31 21:00:00,pricing,2939
808,68,page_view,2024-06-05 20:00:00,product,1483
809,68,checkout_start,2024-06-11 14:00:00,checkout,7737
810,68,signup,2024-06-10 22:00:00,blog,5485
811,68,add_to_cart,2024-06-04 11:00:00,home,3155
812,69,add_to_cart,2024-04-18 02:00:00,confirmation,5372
813,69,signup,2024-05-12 20:00:00,product,4804
814,69,add_to_cart,2024-04-26 20:00:00,cart,2302
815,69,add_to_cart,2024-05-16 08:00:00,product,9230
816,69,signup,2024-05-12 19:00:00,pricing,7126
817,69,checkout_start,2024-04-24 20:00:00,checkout,8763
818,69,page_view,2024-04-22 20:00:00,product,1528
819,70,purchase,2024-04-15 15:00:00,checkout,4646
820,70,purchase,2024-05-13 15:00:00,blog,4351
821,70,page_view,2024-04-17 19:00:00,checkout,9027
822,70,page_view,2024-05-14 08:00:00,checkout,5043
823,70,signup,2024-05-03 05:00:00,home,7232
824,70,page_view,2024-04-28 08:00:00,pricing,9784
825,70,add_to_cart,2024-05-07 09:00:00,pricing,1630
826,70,page_view,2024-05-07 05:00:00,checkout,1694
827,70,signup,2024-04-25 11:00:00,checkout,1643
828,70,page_view,2024-05-08 19:00:00,blog,1807
829,70,page_view,2024-04-23 02:00:00,checkout,5989
830,70,signup,2024-04-27 04:00:00,checkout,5823
831,70,purchase,2024-05-11 03:00:00,pricing,9470
832,70,signup,2024-04-21 01:00:00,pricing,8400
833,70,add_to_cart,2024-04-18 20:00:00,home,3945
834,71,signup,2024-02-23 16:00:00,checkout,7775
835,71,signup,2024-02-07 19:00:00,product,8433
836,71,checkout_start,2024-02-19 04:00:00,product,8449
837,71,page_view,2024-01-28 20:00:00,pricing,3686
838,71,page_view,2024-01-30 06:00:00,pricing,8362
839,71,page_view,2024-02-21 01:00:00,confirmation,7292
840,71,add_to_cart,2024-02-15 19:00:00,product,7204
841,71,page_view,2024-02-17 11:00:00,blog,3799
842,71,signup,2024-02-08 07:00:00,pricing,3459
843,71,checkout_start,2024-01-31 22:00:00,product,1840
844,71,page_view,2024-02-11 21:00:00,pricing,8311
845,71,add_to_cart,2024-02-06 07:00:00,home,3155
846,71,page_view,2024-02-02 15:00:00,blog,5146
847,71,signup,2024-01-25 12:00:00,blog,9169
848,71,checkout_start,2024-02-17 04:00:00,confirmation,9084
849,71,page_view,2024-02-04 03:00:00,pricing,8794
850,71,signup,2024-02-13 08:00:00,home,1107
851,71,checkout_start,2024-02-04 10:00:00,cart,4401
852,71,page_view,2024-01-27 02:00:00,home,6718
853,71,page_view,2024-01-26 13:00:00,home,5889
854,72,page_view,2024-06-26 17:00:00,checkout,3920
855,72,add_to_cart,2024-06-29 21:00:00,confirmation,3906
856,72,add_to_cart,2024-06-30 00:00:00,cart,1587
857,72,add_to_cart,2024-06-26 23:00:00,cart,7038
858,72,checkout_start,2024-06-30 00:00:00,blog,8001
859,72,page_view,2024-06-30 00:00:00,checkout,3204
860,72,add_to_cart,2024-06-28 04:00:00,cart,6393
861,72,signup,2024-06-30 00:00:00,product,4425
862,72,page_view,2024-06-30 00:00:00,confirmation,9666
863,72,signup,2024-06-26 17:00:00,pricing,5705
864,72,add_to_cart,2024-06-30 00:00:00,cart,5254
865,72,signup,2024-06-30 00:00:00,confirmation,6797
866,73,signup,2024-06-26 05:00:00,confirmation,9154
867,73,checkout_start,2024-06-21 00:00:00,confirmation,4812
868,73,purchase,2024-06-12 09:00:00,home,2936
869,73,signup,2024-06-01 00:00:00,blog,2932
870,73,checkout_start,2024-06-08 20:00:00,checkout,7783
871,73,page_view,2024-06-01 22:00:00,confirmation,4478
872,74,page_view,2024-06-30 00:00:00,cart,5168
873,74,page_view,2024-06-30 00:00:00,confirmation,6307
874,75,add_to_cart,2024-06-24 20:00:00,cart,7488
875,75,add_to_cart,2024-06-30 00:00:00,home,3877
876,76,checkout_start,2024-06-18 02:00:00,pricing,8849
877,76,checkout_start,2024-06-24 05:00:00,pricing,3224
878,76,page_view,2024-06-24 13:00:00,checkout,9797
879,76,signup,2024-06-18 07:00:00,blog,7782
880,76,checkout_start,2024-06-06 09:00:00,cart,6169
881,76,signup,2024-06-27 16:00:00,product,6434
882,76,page_view,2024-06-19 02:00:00,product,5595
883,76,page_view,2024-06-05 07:00:00,checkout,9753
884,77,add_to_cart,2024-06-25 08:00:00,product,2914
885,77,add_to_cart,2024-06-14 03:00:00,cart,1518
886,77,signup,2024-06-12 14:00:00,checkout,4893
887,77,signup,2024-06-16 20:00:00,cart,4541
888,77,page_view,2024-06-23 09:00:00,home,7131
889,77,add_to_cart,2024-06-02 14:00:00,home,8270
890,77,page_view,2024-06-22 14:00:00,checkout,9192
891,78,page_view,2024-02-21 02:00:00,checkout,9579
892,78,add_to_cart,2024-02-26 05:00:00,product,2609
893,78,add_to_cart,2024-03-06 00:00:00,product,4361
894,78,signup,2024-02-14 13:00:00,pricing,9558
895,78,page_view,2024-02-17 22:00:00,home,2426
896,78,signup,2024-02-27 05:00:00,home,2689
897,79,add_to_cart,2024-03-12 02:00:00,home,6114
898,79,checkout_start,2024-03-11 06:00:00,cart,4285
899,79,page_view,2024-02-21 05:00:00,confirmation,6228
900,79,add_to_cart,2024-03-02 19:00:00,cart,3446
901,79,page_view,2024-02-19 17:00:00,home,9422
902,79,page_view,2024-02-17 08:00:00,cart,6218
903,79,page_view,2024-02-24 13:00:00,pricing,5641
904,79,page_view,2024-03-08 11:00:00,home,6101
905,79,checkout_start,2024-03-10 03:00:00,confirmation,8268
906,79,page_view,2024-02-15 03:00:00,checkout,1826
907,79,page_view,2024-02-17 12:00:00,home,7987
908,79,page_view,2024-02-29 17:00:00,confirmation,8304
909,79,page_view,2024-03-10 07:00:00,cart,4246
910,79,checkout_start,2024-03-12 14:00:00,home,8629
911,79,page_view,2024-03-08 05:00:00,blog,8672
912,79,signup,2024-02-17 03:00:00,pricing,8625
913,79,page_view,2024-03-04 01:00:00,product,3354
914,79,page_view,2024-03-10 07:00:00,cart,7423
915,80,purchase,2024-06-28 20:00:00,cart,6320
916,80,signup,2024-06-18 08:00:00,home,8787
917,80,page_view,2024-06-03 19:00:00,checkout,3798
918,80,add_to_cart,2024-06-11 01:00:00,confirmation,3087
919,80,page_view,2024-06-20 16:00:00,blog,2752
920,80,signup,2024-06-12 21:00:00,home,5949
921,80,signup,2024-06-21 17:00:00,confirmation,7773
922,81,page_view,2024-03-31 11:00:00,product,8903
923,81,page_view,2024-03-21 09:00:00,product,8063
924,81,signup,2024-03-23 13:00:00,cart,9921
925,81,page_view,2024-04-03 14:00:00,pricing,2276
926,81,checkout_start,2024-03-29 11:00:00,home,8584
927,81,signup,2024-03-18 21:00:00,blog,8294
928,81,page_view,2024-03-12 12:00:00,checkout,2140
929,81,page_view,2024-03-30 12:00:00,blog,7208
930,81,signup,2024-03-18 23:00:00,pricing,2007
931,82,checkout_start,2024-05-01 06:00:00,confirmation,1003
932,82,add_to_cart,2024-04-28 06:00:00,checkout,9704
933,82,page_view,2024-05-04 10:00:00,confirmation,8326
934,82,page_view,2024-04-30 08:00:00,cart,5910
935,83,page_view,2024-04-05 23:00:00,checkout,6640
936,83,signup,2024-03-11 19:00:00,confirmation,9362
937,83,checkout_start,2024-03-25 05:00:00,blog,5819
938,83,page_view,2024-03-10 15:00:00,confirmation,1870
939,83,add_to_cart,2024-03-08 00:00:00,blog,6885
940,83,checkout_start,2024-03-12 16:00:00,blog,1510
941,83,signup,2024-03-18 00:00:00,confirmation,7459
942,83,page_view,2024-04-03 16:00:00,checkout,7652
943,83,signup,2024-03-24 06:00:00,product,3841
944,83,page_view,2024-03-28 06:00:00,confirmation,7301
945,83,checkout_start,2024-03-23 08:00:00,product,5726
946,83,page_view,2024-04-05 14:00:00,home,2175
947,83,page_view,2024-04-04 15:00:00,pricing,8974
948,83,signup,2024-04-05 01:00:00,product,2387
949,83,add_to_cart,2024-03-13 20:00:00,checkout,8471
950,83,add_to_cart,2024-04-06 16:00:00,checkout,3945
951,83,signup,2024-03-27 09:00:00,confirmation,8373
952,83,page_view,2024-03-24 09:00:00,product,7959
953,83,page_view,2024-04-02 19:00:00,checkout,4878
954,83,page_view,2024-03-29 09:00:00,confirmation,7012
955,84,signup,2024-01-24 14:00:00,pricing,7038
956,84,signup,2024-01-27 19:00:00,pricing,2311
957,84,add_to_cart,2024-01-29 01:00:00,confirmation,5578
958,85,page_view,2024-01-23 01:00:00,confirmation,2449
959,85,signup,2024-01-11 11:00:00,pricing,2279
960,85,add_to_cart,2024-01-30 04:00:00,blog,6119
961,85,page_view,2024-01-27 03:00:00,cart,9765
962,85,signup,2024-01-01 11:00:00,confirmation,8687
963,85,add_to_cart,2024-01-25 11:00:00,checkout,6782
964,85,page_view,2024-01-13 13:00:00,home,5981
965,85,page_view,2024-01-25 01:00:00,pricing,8752
966,85,page_view,2024-01-25 16:00:00,home,5780
967,85,page_view,2024-01-27 15:00:00,checkout,2351
968,85,signup,2024-01-06 09:00:00,blog,5552
969,85,page_view,2024-01-11 18:00:00,cart,5509
970,85,page_view,2024-01-11 23:00:00,home,3860
971,85,add_to_cart,2024-01-26 05:00:00,pricing,8317
972,85,checkout_start,2024-01-16 18:00:00,cart,4869
973,85,page_view,2024-01-21 16:00:00,confirmation,1542
974,86,purchase,2024-03-14 14:00:00,confirmation,3525
975,86,add_to_cart,2024-04-01 03:00:00,checkout,7277
976,86,add_to_cart,2024-03-21 03:00:00,pricing,3740
977,86,signup,2024-03-19 23:00:00,blog,6653
978,86,add_to_cart,2024-03-13 07:00:00,blog,2900
979,86,page_view,2024-03-13 05:00:00,checkout,8802
980,86,signup,2024-03-23 20:00:00,blog,9724
981,86,page_view,2024-03-20 23:00:00,pricing,7390
982,86,page_view,2024-03-31 05:00:00,confirmation,8122
983,86,page_view,2024-03-11 12:00:00,blog,8353
984,86,add_to_cart,2024-03-27 07:00:00,confirmation,1672
985,86,purchase,2024-03-15 03:00:00,pricing,6797
986,87,purchase,2024-03-27 01:00:00,blog,5466
987,87,page_view,2024-03-15 07:00:00,blog,2610
988,87,add_to_cart,2024-03-11 21:00:00,checkout,8554
989,87,add_to_cart,2024-03-29 19:00:00,pricing,4193
990,87,page_view,2024-03-23 04:00:00,pricing,3947
991,87,signup,2024-03-14 08:00:00,pricing,1138
992,87,page_view,2024-03-03 21:00:00,home,9605
993,87,add_to_cart,2024-03-05 10:00:00,cart,4594
994,87,page_view,2024-03-13 02:00:00,home,1388
995,87,page_view,2024-03-27 10:00:00,confirmation,4552
996,87,add_to_cart,2024-03-26 13:00:00,pricing,2965
997,87,checkout_start,2024-03-04 16:00:00,product,7159
998,87,add_to_cart,2024-03-29 00:00:00,pricing,4027
999,87,add_to_cart,2024-03-05 17:00:00,cart,5826
1000,87,add_to_cart,2024-03-20 22:00:00,home,8429
1001,88,add_to_cart,2024-03-19 05:00:00,pricing,6298
1002,88,page_view,2024-03-11 23:00:00,home,5543
1003,88,page_view,2024-03-03 15:00:00,cart,1984
1004,88,purchase,2024-03-12 00:00:00,cart,3915
1005,88,page_view,2024-03-19 19:00:00,product,7432
1006,88,add_to_cart,2024-03-08 14:00:00,home,3357
1007,88,add_to_cart,2024-03-24 01:00:00,product,2740
1008,88,add_to_cart,2024-03-19 20:00:00,home,1571
1009,88,page_view,2024-03-04 02:00:00,pricing,5105
1010,88,page_view,2024-03-20 00:00:00,checkout,3438
1011,89,add_to_cart,2024-01-26 14:00:00,cart,3483
1012,89,page_view,2024-02-23 20:00:00,checkout,1060
1013,90,signup,2024-05-19 22:00:00,checkout,2148
1014,90,page_view,2024-05-22 01:00:00,checkout,8898
1015,90,signup,2024-05-04 04:00:00,cart,6463
1016,90,page_view,2024-05-28 02:00:00,home,2485
1017,90,signup,2024-05-14 14:00:00,cart,2318
1018,90,add_to_cart,2024-05-18 14:00:00,cart,4327
1019,90,signup,2024-05-06 12:00:00,checkout,4129
1020,90,add_to_cart,2024-05-11 18:00:00,home,6886
1021,90,page_view,2024-05-19 18:00:00,pricing,8175
1022,90,page_view,2024-05-07 02:00:00,product,1415
1023,90,page_view,2024-05-24 07:00:00,checkout,2032
1024,90,add_to_cart,2024-05-22 01:00:00,checkout,9748
1025,90,purchase,2024-05-18 04:00:00,home,1606
1026,90,page_view,2024-05-13 11:00:00,blog,1701
1027,90,page_view,2024-05-16 07:00:00,blog,9570
1028,90,purchase,2024-05-18 13:00:00,blog,9791
1029,90,add_to_cart,2024-05-05 08:00:00,product,2180
1030,90,add_to_cart,2024-04-30 13:00:00,checkout,1312
1031,91,page_view,2024-03-22 09:00:00,pricing,3138
1032,91,page_view,2024-02-25 14:00:00,home,6035
1033,91,signup,2024-02-29 03:00:00,product,2047
1034,91,page_view,2024-02-29 12:00:00,confirmation,4613
1035,91,checkout_start,2024-02-27 16:00:00,checkout,6527
1036,91,signup,2024-03-24 22:00:00,home,9943
1037,91,page_view,2024-03-01 20:00:00,blog,4493
1038,91,signup,2024-02-26 22:00:00,cart,2035
1039,91,page_view,2024-03-01 03:00:00,blog,7801
1040,91,add_to_cart,2024-03-03 04:00:00,confirmation,3703
1041,91,page_view,2024-03-14 17:00:00,confirmation,1666
1042,91,page_view,2024-03-01 16:00:00,blog,7162
1043,91,page_view,2024-03-02 17:00:00,checkout,2322
1044,91,page_view,2024-02-25 06:00:00,home,5648
1045,91,add_to_cart,2024-03-13 18:00:00,blog,8798
1046,91,page_view,2024-03-25 12:00:00,product,5439
1047,91,signup,2024-03-18 07:00:00,product,3859
1048,92,page_view,2024-04-25 10:00:00,checkout,2442
1049,92,checkout_start,2024-04-26 18:00:00,cart,6699
1050,92,page_view,2024-04-17 20:00:00,product,4144
1051,93,purchase,2024-05-29 14:00:00,confirmation,6929
1052,93,signup,2024-05-30 00:00:00,checkout,4409
1053,93,page_view,2024-05-18 19:00:00,home,3444
1054,93,checkout_start,2024-06-05 05:00:00,checkout,9151
1055,93,page_view,2024-05-14 12:00:00,home,1885
1056,94,page_view,2024-01-31 03:00:00,cart,6477
1057,94,checkout_start,2024-02-14 07:00:00,blog,8424
1058,94,page_view,2024-01-20 20:00:00,home,9804
1059,94,page_view,2024-01-26 12:00:00,home,8947
1060,94,page_view,2024-02-09 23:00:00,product,8287
1061,94,signup,2024-02-13 06:00:00,checkout,4256
1062,94,checkout_start,2024-02-16 21:00:00,product,2804
1063,94,page_view,2024-02-01 21:00:00,product,7759
1064,94,page_view,2024-01-27 12:00:00,product,2204
1065,94,signup,2024-02-08 02:00:00,home,8141
1066,94,page_view,2024-01-25 04:00:00,confirmation,8454
1067,94,page_view,2024-01-26 14:00:00,product,8499
1068,94,add_to_cart,2024-01-27 06:00:00,cart,4313
1069,95,page_view,2024-06-10 10:00:00,confirmation,1977
1070,95,page_view,2024-06-16 23:00:00,blog,8627
1071,95,signup,2024-06-24 13:00:00,blog,6629
1072,95,checkout_start,2024-06-14 09:00:00,confirmation,3568
1073,95,purchase,2024-06-30 00:00:00,product,4763
1074,95,signup,2024-06-08 16:00:00,confirmation,9015
1075,95,signup,2024-06-14 05:00:00,blog,8581
1076,95,page_view,2024-06-16 21:00:00,checkout,5041
1077,95,page_view,2024-06-15 13:00:00,confirmation,4643
1078,95,purchase,2024-06-30 00:00:00,confirmation,1083
1079,95,purchase,2024-06-22 19:00:00,home,8711
1080,95,page_view,2024-06-26 12:00:00,confirmation,7460
1081,96,checkout_start,2024-05-27 17:00:00,checkout,9114
1082,96,page_view,2024-05-08 06:00:00,blog,1203
1083,96,add_to_cart,2024-05-27 13:00:00,product,3174
1084,96,page_view,2024-05-13 07:00:00,pricing,2486
1085,96,signup,2024-04-28 16:00:00,cart,3650
1086,96,signup,2024-05-28 00:00:00,confirmation,1399
1087,96,signup,2024-05-17 09:00:00,product,7641
1088,96,checkout_start,2024-05-05 21:00:00,cart,8607
1089,96,add_to_cart,2024-05-28 00:00:00,blog,2158
1090,96,checkout_start,2024-05-14 10:00:00,cart,9698
1091,96,page_view,2024-04-29 09:00:00,blog,5420
1092,96,purchase,2024-05-27 18:00:00,confirmation,4393
1093,96,page_view,2024-05-27 05:00:00,cart,1898
1094,96,purchase,2024-05-19 23:00:00,pricing,6963
1095,96,page_view,2024-04-30 04:00:00,cart,8624
1096,96,page_view,2024-05-24 09:00:00,cart,3871
1097,96,signup,2024-05-25 15:00:00,home,4354
1098,97,page_view,2024-02-21 06:00:00,home,8839
1099,97,checkout_start,2024-03-02 18:00:00,pricing,4437
1100,97,page_view,2024-02-16 14:00:00,cart,9250
1101,97,signup,2024-03-07 00:00:00,home,2038
1102,97,page_view,2024-02-22 21:00:00,checkout,9215
1103,97,checkout_start,2024-02-29 11:00:00,checkout,9714
1104,98,signup,2024-05-19 11:00:00,cart,2075
1105,98,checkout_start,2024-05-15 00:00:00,checkout,2430
1106,98,page_view,2024-05-10 10:00:00,product,5724
1107,98,page_view,2024-05-10 06:00:00,cart,2835
1108,98,page_view,2024-06-05 17:00:00,product,4346
1109,98,purchase,2024-05-29 05:00:00,home,5803
1110,98,purchase,2024-05-24 18:00:00,confirmation,3163
1111,98,page_view,2024-05-27 05:00:00,checkout,1351
1112,98,page_view,2024-05-19 10:00:00,home,4806
1113,98,add_to_cart,2024-05-29 04:00:00,checkout,6616
1114,98,add_to_cart,2024-06-03 23:00:00,cart,8965
1115,98,add_to_cart,2024-06-01 07:00:00,confirmation,9986
1116,98,signup,2024-05-25 23:00:00,confirmation,3161
1117,98,page_view,2024-05-20 01:00:00,cart,4715
1118,98,page_view,2024-05-27 15:00:00,cart,1775
1119,98,page_view,2024-05-13 07:00:00,checkout,3725
1120,98,purchase,2024-06-02 09:00:00,pricing,9770
1121,98,page_view,2024-05-19 04:00:00,product,3514
1122,98,page_view,2024-05-13 21:00:00,home,6187
1123,99,signup,2024-06-05 09:00:00,cart,4022
1124,99,signup,2024-06-08 18:00:00,home,6192
1125,99,page_view,2024-06-14 16:00:00,checkout,9845
1126,99,signup,2024-06-06 22:00:00,home,1408
1127,99,purchase,2024-06-17 06:00:00,blog,3381
1128,99,purchase,2024-06-19 13:00:00,product,1070
1129,99,purchase,2024-06-23 07:00:00,cart,5842
1130,99,checkout_start,2024-06-20 05:00:00,blog,3409
1131,99,add_to_cart,2024-06-24 02:00:00,checkout,6549
1132,99,page_view,2024-06-29 09:00:00,checkout,1656
1133,99,add_to_cart,2024-06-05 22:00:00,home,6047
1134,99,signup,2024-06-01 01:00:00,blog,4610
1135,99,page_view,2024-06-19 00:00:00,cart,1901
1136,99,add_to_cart,2024-06-25 22:00:00,confirmation,9625
1137,99,checkout_start,2024-06-09 11:00:00,blog,5553
1138,99,page_view,2024-06-08 08:00:00,confirmation,8298
1139,99,add_to_cart,2024-06-28 21:00:00,home,9385
1140,99,page_view,2024-06-16 19:00:00,cart,9381
1141,99,purchase,2024-06-02 09:00:00,cart,7513
1142,99,add_to_cart,2024-06-06 07:00:00,checkout,7056
1143,100,page_view,2024-04-15 21:00:00,cart,6756
1144,100,purchase,2024-04-13 03:00:00,blog,2435
1145,100,add_to_cart,2024-04-09 04:00:00,checkout,7809
1146,100,page_view,2024-04-18 21:00:00,blog,7944
1147,100,page_view,2024-04-17 16:00:00,confirmation,2410
1148,100,page_view,2024-04-06 03:00:00,checkout,9606
1149,100,page_view,2024-04-14 07:00:00,confirmation,7156
1150,100,page_view,2024-04-03 18:00:00,pricing,5478
1151,100,page_view,2024-04-17 16:00:00,checkout,3243
1152,100,page_view,2024-04-08 12:00:00,checkout,5742
1153,100,signup,2024-04-23 15:00:00,blog,5947
1154,100,page_view,2024-04-24 23:00:00,confirmation,8593
1155,100,page_view,2024-04-09 13:00:00,home,3523
1156,100,page_view,2024-04-11 04:00:00,pricing,8742
1157,101,add_to_cart,2024-02-22 21:00:00,cart,7834
1158,101,signup,2024-02-02 15:00:00,pricing,5009
1159,101,page_view,2024-01-27 05:00:00,cart,9078
1160,101,signup,2024-01-28 20:00:00,cart,8872
1161,101,signup,2024-02-19 03:00:00,cart,8799
1162,102,signup,2024-03-17 22:00:00,confirmation,1287
1163,102,page_view,2024-03-13 01:00:00,home,3394
1164,102,signup,2024-03-15 15:00:00,pricing,3219
1165,102,page_view,2024-03-17 05:00:00,cart,6917
1166,102,add_to_cart,2024-03-19 21:00:00,cart,1798
1167,103,signup,2024-04-04 10:00:00,home,9419
1168,103,add_to_cart,2024-03-31 06:00:00,product,2548
1169,103,add_to_cart,2024-04-17 13:00:00,confirmation,6285
1170,103,checkout_start,2024-04-05 11:00:00,pricing,5932
1171,103,add_to_cart,2024-04-03 13:00:00,pricing,6939
1172,103,signup,2024-03-27 02:00:00,cart,3354
1173,103,page_view,2024-03-23 13:00:00,cart,7111
1174,103,signup,2024-04-12 16:00:00,product,2678
1175,103,page_view,2024-04-01 07:00:00,product,4087
1176,103,add_to_cart,2024-04-15 20:00:00,blog,9612
1177,103,add_to_cart,2024-04-14 16:00:00,pricing,2867
1178,104,purchase,2024-04-16 15:00:00,home,3150
1179,104,signup,2024-03-28 17:00:00,cart,6940
1180,104,checkout_start,2024-04-02 22:00:00,confirmation,9570
1181,104,page_view,2024-04-11 14:00:00,cart,1471
1182,104,page_view,2024-04-02 01:00:00,blog,3332
1183,104,page_view,2024-04-26 08:00:00,product,4438
1184,104,purchase,2024-04-02 13:00:00,checkout,2830
1185,104,page_view,2024-03-31 07:00:00,checkout,8065
1186,104,page_view,2024-03-29 19:00:00,home,9412
1187,104,page_view,2024-04-22 07:00:00,home,5145
1188,104,page_view,2024-03-29 20:00:00,pricing,1168
1189,104,checkout_start,2024-04-01 02:00:00,confirmation,4365
1190,104,purchase,2024-04-22 01:00:00,product,6759
1191,104,page_view,2024-03-29 05:00:00,blog,5544
1192,104,page_view,2024-04-21 17:00:00,product,9202
1193,105,signup,2024-04-25 13:00:00,home,1229
1194,105,page_view,2024-04-26 13:00:00,product,5617
1195,105,purchase,2024-04-11 07:00:00,confirmation,1070
1196,105,purchase,2024-04-08 05:00:00,confirmation,8777
1197,105,add_to_cart,2024-04-19 15:00:00,product,8203
1198,105,purchase,2024-05-02 17:00:00,product,6813
1199,105,signup,2024-04-20 04:00:00,confirmation,4728
1200,105,page_view,2024-04-21 09:00:00,cart,3025
1201,105,page_view,2024-04-23 21:00:00,product,9123
1202,106,signup,2024-02-27 07:00:00,home,2347
1203,106,signup,2024-02-28 23:00:00,checkout,5646
1204,106,add_to_cart,2024-03-05 11:00:00,cart,8273
1205,106,signup,2024-02-24 15:00:00,cart,8011
1206,106,checkout_start,2024-02-23 01:00:00,blog,8793
1207,106,page_view,2024-03-14 23:00:00,home,9055
1208,106,page_view,2024-03-14 16:00:00,checkout,9563
1209,106,add_to_cart,2024-03-14 02:00:00,home,3348
1210,106,signup,2024-03-02 20:00:00,confirmation,2666
1211,106,page_view,2024-02-22 04:00:00,product,6548
1212,106,signup,2024-02-23 13:00:00,checkout,3011
1213,106,checkout_start,2024-02-24 22:00:00,pricing,9177
1214,106,add_to_cart,2024-02-26 21:00:00,blog,5472
1215,107,signup,2024-02-14 04:00:00,confirmation,7626
1216,107,signup,2024-02-19 16:00:00,product,8448
1217,107,page_view,2024-02-03 14:00:00,checkout,9147
1218,107,add_to_cart,2024-02-08 20:00:00,product,1486
1219,107,add_to_cart,2024-02-03 05:00:00,blog,2117
1220,107,add_to_cart,2024-02-20 06:00:00,product,7269
1221,107,add_to_cart,2024-02-24 19:00:00,product,5960
1222,107,add_to_cart,2024-02-25 12:00:00,blog,2253
1223,107,add_to_cart,2024-02-27 04:00:00,blog,9064
1224,107,page_view,2024-02-18 21:00:00,pricing,9157
1225,107,signup,2024-02-19 22:00:00,confirmation,6629
1226,107,signup,2024-02-22 01:00:00,blog,1517
1227,107,checkout_start,2024-02-17 08:00:00,home,7285
1228,107,page_view,2024-02-18 04:00:00,checkout,8250
1229,108,page_view,2024-03-22 12:00:00,confirmation,5965
1230,108,signup,2024-03-28 00:00:00,product,6119
1231,108,signup,2024-04-06 14:00:00,home,9037
1232,108,signup,2024-04-18 03:00:00,confirmation,8697
1233,108,signup,2024-04-10 07:00:00,product,9301
1234,108,page_view,2024-03-23 09:00:00,checkout,7189
1235,108,add_to_cart,2024-04-16 07:00:00,blog,5660
1236,108,page_view,2024-04-03 16:00:00,confirmation,1739
1237,108,checkout_start,2024-03-26 11:00:00,cart,1440
1238,108,page_view,2024-04-16 16:00:00,home,8014
1239,108,purchase,2024-04-04 17:00:00,checkout,6755
1240,108,add_to_cart,2024-03-23 09:00:00,product,4844
1241,108,page_view,2024-04-17 15:00:00,home,2073
1242,108,page_view,2024-04-03 00:00:00,product,1322
1243,108,page_view,2024-04-12 23:00:00,checkout,7921
1244,108,signup,2024-04-14 05:00:00,checkout,5368
1245,109,signup,2024-06-30 00:00:00,home,6185
1246,109,signup,2024-06-26 02:00:00,cart,2601
1247,110,add_to_cart,2024-06-19 06:00:00,product,6504
1248,110,signup,2024-06-30 00:00:00,blog,6563
1249,110,add_to_cart,2024-06-22 02:00:00,cart,8143
1250,110,signup,2024-06-23 14:00:00,blog,2234
1251,110,page_view,2024-06-30 00:00:00,cart,1778
1252,110,purchase,2024-06-27 16:00:00,checkout,4700
1253,110,add_to_cart,2024-06-30 00:00:00,home,2552
1254,110,page_view,2024-06-30 00:00:00,home,9700
1255,110,signup,2024-06-30 00:00:00,cart,2256
1256,110,checkout_start,2024-06-30 00:00:00,confirmation,5913
1257,110,add_to_cart,2024-06-30 00:00:00,cart,4278
1258,110,signup,2024-06-30 00:00:00,confirmation,9443
1259,110,add_to_cart,2024-06-30 00:00:00,confirmation,3958
1260,110,add_to_cart,2024-06-15 19:00:00,confirmation,4056
1261,110,signup,2024-06-30 00:00:00,pricing,8656
1262,110,purchase,2024-06-26 10:00:00,confirmation,8106
1263,110,add_to_cart,2024-06-30 00:00:00,home,9556
1264,111,signup,2024-03-13 13:00:00,product,3465
1265,111,add_to_cart,2024-03-27 05:00:00,blog,8133
1266,111,page_view,2024-03-15 12:00:00,blog,2055
1267,111,page_view,2024-03-25 01:00:00,checkout,5373
1268,111,add_to_cart,2024-03-10 05:00:00,cart,4868
1269,111,page_view,2024-03-15 07:00:00,product,4144
1270,111,page_view,2024-02-28 04:00:00,blog,6087
1271,111,signup,2024-03-17 19:00:00,checkout,7914
1272,112,page_view,2024-04-22 14:00:00,product,1477
1273,112,checkout_start,2024-04-25 00:00:00,cart,3883
1274,112,checkout_start,2024-05-11 11:00:00,pricing,8960
1275,113,checkout_start,2024-04-06 08:00:00,home,6143
1276,113,page_view,2024-04-29 16:00:00,home,7668
1277,114,add_to_cart,2024-06-06 15:00:00,home,7502
1278,114,page_view,2024-05-14 23:00:00,confirmation,9196
1279,114,signup,2024-05-14 03:00:00,blog,9605
1280,114,signup,2024-05-19 17:00:00,home,4900
1281,114,page_view,2024-06-03 14:00:00,blog,6134
1282,114,checkout_start,2024-05-23 01:00:00,pricing,7388
1283,114,purchase,2024-05-19 01:00:00,product,3363
1284,114,page_view,2024-05-13 13:00:00,cart,8200
1285,114,page_view,2024-05-26 10:00:00,confirmation,1916
1286,114,signup,2024-05-29 22:00:00,pricing,2850
1287,114,signup,2024-05-22 12:00:00,checkout,5036
1288,114,checkout_start,2024-05-20 20:00:00,product,6947
1289,114,add_to_cart,2024-05-29 06:00:00,blog,6049
1290,115,purchase,2024-06-30 00:00:00,confirmation,1570
1291,115,checkout_start,2024-06-30 00:00:00,home,4926
1292,116,page_view,2024-05-17 13:00:00,pricing,6945
1293,116,page_view,2024-05-23 05:00:00,blog,4872
1294,116,page_view,2024-05-12 21:00:00,checkout,5186
1295,116,page_view,2024-05-06 20:00:00,blog,4857
1296,116,page_view,2024-05-06 16:00:00,product,8190
1297,116,page_view,2024-05-20 22:00:00,blog,7656
1298,116,page_view,2024-04-25 10:00:00,home,9055
1299,116,add_to_cart,2024-05-14 02:00:00,blog,6451
1300,116,checkout_start,2024-05-12 00:00:00,blog,2644
1301,116,add_to_cart,2024-04-30 20:00:00,confirmation,2087
1302,117,add_to_cart,2024-06-30 00:00:00,blog,9973
1303,117,signup,2024-06-30 00:00:00,home,1853
1304,117,add_to_cart,2024-06-30 00:00:00,pricing,8264
1305,117,page_view,2024-06-30 00:00:00,checkout,4278
1306,117,page_view,2024-06-30 00:00:00,confirmation,2347
1307,117,page_view,2024-06-21 17:00:00,confirmation,3131
1308,117,add_to_cart,2024-06-30 00:00:00,blog,6233
1309,117,signup,2024-06-30 00:00:00,pricing,3187
1310,117,page_view,2024-06-28 02:00:00,confirmation,6367
1311,117,page_view,2024-06-29 00:00:00,checkout,7022
1312,117,page_view,2024-06-24 18:00:00,checkout,4677
1313,117,purchase,2024-06-17 21:00:00,confirmation,4747
1314,117,purchase,2024-06-20 19:00:00,product,5289
1315,118,signup,2024-03-31 02:00:00,checkout,5262
1316,118,page_view,2024-04-04 08:00:00,cart,3787
1317,118,page_view,2024-04-22 04:00:00,pricing,9615
1318,118,add_to_cart,2024-04-16 13:00:00,checkout,9096
1319,118,page_view,2024-04-03 01:00:00,product,4121
1320,118,page_view,2024-04-09 08:00:00,checkout,7259
1321,118,signup,2024-04-03 13:00:00,product,4531
1322,119,page_view,2024-03-17 21:00:00,product,7693
1323,119,page_view,2024-02-24 05:00:00,cart,4858
1324,119,signup,2024-03-15 08:00:00,product,7056
1325,119,add_to_cart,2024-03-13 20:00:00,checkout,2404
1326,119,signup,2024-02-18 10:00:00,blog,6296
1327,119,page_view,2024-03-18 13:00:00,product,7283
1328,119,add_to_cart,2024-03-07 01:00:00,cart,2196
1329,119,signup,2024-02-22 01:00:00,home,6453
1330,119,signup,2024-02-28 00:00:00,cart,1745
1331,119,page_view,2024-02-18 05:00:00,confirmation,7241
1332,119,purchase,2024-03-01 21:00:00,pricing,7076
1333,120,page_view,2024-03-31 20:00:00,product,5264
1334,120,signup,2024-03-15 05:00:00,cart,8669
1335,120,page_view,2024-03-13 15:00:00,pricing,9690
1336,120,page_view,2024-03-26 11:00:00,home,6132
1337,120,purchase,2024-03-09 21:00:00,checkout,5603
1338,120,purchase,2024-03-23 09:00:00,cart,5312
1339,121,page_view,2024-06-17 01:00:00,product,6169
1340,121,add_to_cart,2024-06-15 23:00:00,product,8208
1341,121,page_view,2024-05-28 06:00:00,home,4766
1342,121,page_view,2024-06-02 19:00:00,cart,3679
1343,121,signup,2024-06-14 22:00:00,checkout,1668
1344,121,page_view,2024-06-13 20:00:00,pricing,8949
1345,121,signup,2024-06-14 12:00:00,blog,3425
1346,121,page_view,2024-05-31 06:00:00,product,5654
1347,121,checkout_start,2024-06-02 16:00:00,pricing,9335
1348,121,signup,2024-06-06 15:00:00,pricing,4479
1349,122,signup,2024-01-30 04:00:00,confirmation,3958
1350,122,purchase,2024-02-16 18:00:00,product,9161
1351,122,page_view,2024-02-27 21:00:00,cart,1425
1352,122,add_to_cart,2024-02-11 03:00:00,pricing,2998
1353,122,page_view,2024-02-15 19:00:00,home,6300
1354,122,page_view,2024-02-05 13:00:00,checkout,8861
1355,122,add_to_cart,2024-02-18 08:00:00,cart,1095
1356,122,purchase,2024-02-13 01:00:00,pricing,8423
1357,122,purchase,2024-02-12 20:00:00,pricing,3118
1358,122,checkout_start,2024-02-08 00:00:00,blog,5635
1359,122,checkout_start,2024-02-12 18:00:00,pricing,2158
1360,122,purchase,2024-02-22 08:00:00,checkout,2516
1361,122,page_view,2024-02-16 00:00:00,product,7535
1362,122,page_view,2024-02-02 19:00:00,product,3669
1363,122,add_to_cart,2024-02-15 13:00:00,cart,3525
1364,122,page_view,2024-02-04 03:00:00,blog,8083
1365,122,purchase,2024-02-12 05:00:00,confirmation,3151
1366,122,add_to_cart,2024-02-14 07:00:00,blog,7020
1367,122,page_view,2024-02-20 20:00:00,checkout,7358
1368,122,page_view,2024-02-19 07:00:00,confirmation,7931
1369,123,checkout_start,2024-04-18 00:00:00,confirmation,4053
1370,123,add_to_cart,2024-04-18 12:00:00,home,1662
1371,123,page_view,2024-04-21 21:00:00,checkout,4673
1372,123,add_to_cart,2024-04-27 15:00:00,product,9115
1373,124,add_to_cart,2024-06-20 20:00:00,home,5762
1374,124,signup,2024-06-13 23:00:00,blog,8825
1375,124,page_view,2024-06-06 19:00:00,product,5921
1376,124,signup,2024-06-04 14:00:00,cart,1781
1377,124,page_view,2024-06-17 12:00:00,home,9411
1378,124,signup,2024-05-29 14:00:00,checkout,2548
1379,124,add_to_cart,2024-06-13 19:00:00,confirmation,5151
1380,124,page_view,2024-06-09 03:00:00,home,9248
1381,124,page_view,2024-05-25 16:00:00,pricing,8583
1382,124,checkout_start,2024-06-01 15:00:00,blog,7438
1383,124,page_view,2024-05-26 22:00:00,pricing,5876
1384,124,signup,2024-06-07 09:00:00,checkout,8371
1385,124,checkout_start,2024-06-20 14:00:00,cart,4066
1386,124,page_view,2024-06-03 00:00:00,pricing,5248
1387,124,page_view,2024-06-22 17:00:00,confirmation,1293
1388,124,page_view,2024-05-25 05:00:00,home,3813
1389,124,signup,2024-06-21 23:00:00,pricing,7637
1390,124,purchase,2024-06-22 01:00:00,confirmation,8974
1391,125,checkout_start,2024-02-16 09:00:00,confirmation,6910
1392,125,add_to_cart,2024-02-19 11:00:00,pricing,7471
1393,125,page_view,2024-02-02 21:00:00,product,1227
1394,125,page_view,2024-01-29 03:00:00,home,4083
1395,125,page_view,2024-01-22 03:00:00,pricing,3378
1396,125,page_view,2024-02-17 17:00:00,blog,9824
1397,125,page_view,2024-01-29 03:00:00,blog,8592
1398,125,signup,2024-01-27 07:00:00,home,2908
1399,125,purchase,2024-01-28 02:00:00,pricing,8295
1400,125,signup,2024-02-10 16:00:00,blog,8364
1401,125,page_view,2024-02-14 23:00:00,cart,7418
1402,126,page_view,2024-04-01 05:00:00,pricing,8074
1403,126,checkout_start,2024-04-04 17:00:00,pricing,5764
1404,126,signup,2024-03-19 13:00:00,checkout,9410
1405,127,purchase,2024-02-15 02:00:00,blog,8993
1406,127,add_to_cart,2024-01-29 21:00:00,confirmation,1311
1407,127,signup,2024-02-07 00:00:00,confirmation,2040
1408,127,checkout_start,2024-01-31 10:00:00,checkout,8755
1409,127,signup,2024-01-24 23:00:00,pricing,6681
1410,127,add_to_cart,2024-02-08 03:00:00,home,3643
1411,127,add_to_cart,2024-02-01 06:00:00,checkout,6633
1412,127,page_view,2024-02-07 16:00:00,product,6556
1413,127,checkout_start,2024-02-14 16:00:00,pricing,8675
1414,127,checkout_start,2024-01-25 14:00:00,pricing,7395
1415,127,checkout_start,2024-02-06 18:00:00,pricing,6902
1416,127,checkout_start,2024-02-09 03:00:00,blog,3654
1417,127,page_view,2024-02-15 12:00:00,pricing,2412
1418,127,signup,2024-02-17 11:00:00,product,4268
1419,127,add_to_cart,2024-01-26 16:00:00,home,7815
1420,127,page_view,2024-02-10 01:00:00,product,1770
1421,127,page_view,2024-01-20 18:00:00,cart,6849
1422,127,page_view,2024-02-17 21:00:00,blog,9248
1423,127,checkout_start,2024-01-21 08:00:00,cart,8055
1424,127,add_to_cart,2024-01-24 20:00:00,home,4671
1425,128,purchase,2024-06-14 00:00:00,blog,6820
1426,128,add_to_cart,2024-06-04 23:00:00,confirmation,5382
1427,128,checkout_start,2024-06-09 10:00:00,blog,9444
1428,128,add_to_cart,2024-06-28 18:00:00,pricing,1826
1429,128,checkout_start,2024-06-21 16:00:00,blog,2817
1430,128,checkout_start,2024-06-07 12:00:00,confirmation,2669
1431,128,page_view,2024-06-26 23:00:00,home,3736
1432,128,page_view,2024-06-29 21:00:00,product,6925
1433,128,add_to_cart,2024-06-09 16:00:00,pricing,8233
1434,128,signup,2024-06-24 14:00:00,blog,2626
1435,128,add_to_cart,2024-06-09 13:00:00,cart,3257
1436,128,checkout_start,2024-06-08 05:00:00,checkout,7811
1437,128,page_view,2024-06-03 06:00:00,blog,8760
1438,128,page_view,2024-06-17 13:00:00,product,2396
1439,128,page_view,2024-06-14 08:00:00,blog,7799
1440,128,add_to_cart,2024-06-18 09:00:00,product,3483
1441,128,signup,2024-06-25 14:00:00,product,3260
1442,129,purchase,2024-05-25 15:00:00,checkout,9456
1443,129,page_view,2024-06-06 02:00:00,home,8251
1444,129,add_to_cart,2024-05-14 05:00:00,pricing,9476
1445,129,page_view,2024-05-10 23:00:00,cart,7580
1446,129,signup,2024-05-15 00:00:00,checkout,1607
1447,129,purchase,2024-06-05 04:00:00,product,1947
1448,129,purchase,2024-06-03 22:00:00,blog,9516
1449,129,signup,2024-05-20 14:00:00,pricing,5986
1450,129,purchase,2024-05-21 09:00:00,home,5583
1451,129,add_to_cart,2024-05-30 12:00:00,product,7618
1452,129,add_to_cart,2024-05-27 00:00:00,confirmation,8244
1453,129,page_view,2024-06-06 18:00:00,blog,7627
1454,129,checkout_start,2024-05-16 10:00:00,home,1605
1455,129,page_view,2024-05-30 22:00:00,pricing,3064
1456,129,purchase,2024-05-30 04:00:00,cart,4501
1457,130,signup,2024-06-29 19:00:00,confirmation,6582
1458,130,page_view,2024-06-30 00:00:00,home,9846
1459,130,page_view,2024-06-30 00:00:00,blog,5979
1460,130,purchase,2024-06-26 00:00:00,home,1982
1461,131,add_to_cart,2024-05-28 01:00:00,cart,3028
1462,131,add_to_cart,2024-05-19 00:00:00,home,8352
1463,131,signup,2024-05-29 17:00:00,home,8424
1464,131,purchase,2024-05-31 11:00:00,blog,9737
1465,131,page_view,2024-06-11 09:00:00,cart,5661
1466,131,checkout_start,2024-06-14 10:00:00,pricing,3293
1467,131,signup,2024-06-02 02:00:00,product,2724
1468,131,signup,2024-05-30 23:00:00,product,6919
1469,131,page_view,2024-06-05 09:00:00,pricing,7974
1470,131,page_view,2024-06-03 13:00:00,home,7961
1471,131,signup,2024-05-22 13:00:00,checkout,2279
1472,131,add_to_cart,2024-06-01 18:00:00,checkout,9502
1473,131,checkout_start,2024-06-02 20:00:00,confirmation,9172
1474,132,add_to_cart,2024-05-17 18:00:00,checkout,7830
1475,132,page_view,2024-05-05 22:00:00,product,8942
1476,132,page_view,2024-05-18 12:00:00,pricing,9408
1477,132,page_view,2024-05-21 13:00:00,product,8461
1478,132,page_view,2024-05-19 04:00:00,product,7051
1479,132,add_to_cart,2024-05-04 01:00:00,checkout,2807
1480,132,page_view,2024-05-04 03:00:00,cart,1659
1481,132,page_view,2024-05-21 07:00:00,cart,5995
1482,132,page_view,2024-05-14 23:00:00,checkout,1458
1483,132,page_view,2024-05-05 02:00:00,confirmation,7910
1484,132,purchase,2024-05-01 01:00:00,cart,5644
1485,132,page_view,2024-05-08 04:00:00,pricing,9008
1486,132,page_view,2024-04-29 02:00:00,cart,2106
1487,132,signup,2024-04-30 21:00:00,confirmation,6074
1488,132,signup,2024-05-23 03:00:00,cart,7181
1489,133,page_view,2024-06-30 00:00:00,product,9270
1490,133,signup,2024-06-30 00:00:00,checkout,8357
1491,133,checkout_start,2024-06-15 08:00:00,cart,2463
1492,133,add_to_cart,2024-06-30 00:00:00,checkout,7344
1493,133,purchase,2024-06-18 22:00:00,cart,9863
1494,133,purchase,2024-06-10 22:00:00,checkout,5544
1495,133,page_view,2024-06-30 00:00:00,product,1406
1496,133,add_to_cart,2024-06-30 00:00:00,blog,6060
1497,133,add_to_cart,2024-06-30 00:00:00,pricing,2395
1498,133,purchase,2024-06-17 05:00:00,confirmation,1866
1499,133,signup,2024-06-30 00:00:00,blog,8796
1500,133,checkout_start,2024-06-30 00:00:00,home,9713
1501,133,purchase,2024-06-16 16:00:00,cart,4371
1502,133,checkout_start,2024-06-19 11:00:00,blog,8278
1503,133,checkout_start,2024-06-12 14:00:00,confirmation,6249
1504,133,signup,2024-06-26 03:00:00,checkout,1381
1505,133,signup,2024-06-23 12:00:00,checkout,1394
1506,134,page_view,2024-03-08 12:00:00,home,2878
1507,134,signup,2024-02-28 05:00:00,cart,3359
1508,134,page_view,2024-03-02 19:00:00,home,3526
1509,134,purchase,2024-03-08 02:00:00,pricing,3772
1510,134,add_to_cart,2024-02-26 12:00:00,cart,3973
1511,134,add_to_cart,2024-02-25 03:00:00,cart,7388
1512,134,page_view,2024-02-28 05:00:00,checkout,6311
1513,134,page_view,2024-03-06 00:00:00,blog,2981
1514,134,page_view,2024-02-26 05:00:00,blog,4874
1515,134,signup,2024-03-16 00:00:00,confirmation,7308
1516,134,page_view,2024-02-28 21:00:00,cart,8615
1517,134,signup,2024-03-18 14:00:00,checkout,1473
1518,134,add_to_cart,2024-03-12 09:00:00,home,5409
1519,134,purchase,2024-03-18 15:00:00,pricing,2663
1520,134,add_to_cart,2024-03-05 12:00:00,pricing,3057
1521,134,signup,2024-03-07 23:00:00,checkout,2374
1522,134,signup,2024-03-22 03:00:00,blog,3332
1523,134,signup,2024-03-10 22:00:00,product,5016
1524,135,purchase,2024-05-27 01:00:00,confirmation,8401
1525,135,page_view,2024-05-10 18:00:00,checkout,5739
1526,135,purchase,2024-06-05 20:00:00,home,1985
1527,135,page_view,2024-05-29 13:00:00,cart,7228
1528,135,checkout_start,2024-05-23 23:00:00,product,9361
1529,135,page_view,2024-05-21 00:00:00,pricing,9750
1530,135,page_view,2024-06-02 00:00:00,home,7476
1531,135,page_view,2024-06-07 19:00:00,product,5578
1532,135,page_view,2024-05-27 10:00:00,confirmation,6215
1533,135,purchase,2024-06-07 02:00:00,pricing,5282
1534,135,page_view,2024-05-28 07:00:00,pricing,6269
1535,135,page_view,2024-05-23 13:00:00,confirmation,6381
1536,135,purchase,2024-05-09 16:00:00,product,1033
1537,135,signup,2024-06-03 23:00:00,home,3843
1538,135,signup,2024-05-26 15:00:00,pricing,9011
1539,135,signup,2024-05-25 18:00:00,blog,2270
1540,135,page_view,2024-05-31 23:00:00,blog,8293
1541,135,page_view,2024-06-06 16:00:00,blog,7166
1542,135,page_view,2024-06-03 15:00:00,product,1138
1543,136,page_view,2024-04-23 17:00:00,product,8283
1544,136,page_view,2024-04-04 09:00:00,home,5606
1545,136,purchase,2024-05-03 00:00:00,cart,4137
1546,136,checkout_start,2024-04-07 20:00:00,pricing,5967
1547,136,page_view,2024-04-13 10:00:00,checkout,6947
1548,137,signup,2024-05-27 23:00:00,pricing,4425
1549,137,page_view,2024-05-16 07:00:00,blog,7489
1550,137,checkout_start,2024-05-20 17:00:00,confirmation,9197
1551,138,signup,2024-01-24 06:00:00,pricing,3875
1552,138,signup,2024-01-19 18:00:00,pricing,2065
1553,138,page_view,2024-01-22 10:00:00,confirmation,4734
1554,138,add_to_cart,2024-02-08 07:00:00,cart,4143
1555,138,page_view,2024-02-14 22:00:00,pricing,9731
1556,138,page_view,2024-02-12 05:00:00,confirmation,8437
1557,138,purchase,2024-01-17 02:00:00,pricing,1849
1558,138,signup,2024-01-30 18:00:00,checkout,5489
1559,138,add_to_cart,2024-01-22 04:00:00,checkout,9119
1560,138,signup,2024-02-01 10:00:00,home,4678
1561,138,page_view,2024-01-19 00:00:00,checkout,9723
1562,138,page_view,2024-02-05 03:00:00,checkout,4188
1563,138,page_view,2024-01-31 06:00:00,confirmation,1415
1564,138,purchase,2024-01-26 15:00:00,checkout,2219
1565,138,page_view,2024-01-27 15:00:00,cart,6092
1566,138,add_to_cart,2024-01-19 16:00:00,home,1456
1567,138,signup,2024-02-06 11:00:00,home,6477
1568,139,page_view,2024-05-24 13:00:00,product,6583
1569,139,checkout_start,2024-05-16 07:00:00,confirmation,4878
1570,139,add_to_cart,2024-05-17 02:00:00,confirmation,8184
1571,139,add_to_cart,2024-05-18 01:00:00,confirmation,3045
1572,139,purchase,2024-05-17 15:00:00,home,7183
1573,139,checkout_start,2024-05-27 08:00:00,pricing,2065
1574,139,page_view,2024-05-19 10:00:00,blog,8240
1575,139,page_view,2024-05-16 08:00:00,pricing,8075
1576,139,page_view,2024-05-16 19:00:00,home,1855
1577,139,checkout_start,2024-05-26 13:00:00,checkout,2570
1578,140,checkout_start,2024-01-28 22:00:00,blog,1173
1579,140,page_view,2024-02-07 08:00:00,blog,8014
1580,140,add_to_cart,2024-02-14 11:00:00,cart,1425
1581,140,signup,2024-02-07 08:00:00,confirmation,4153
1582,140,page_view,2024-01-23 14:00:00,confirmation,2106
1583,140,checkout_start,2024-02-13 07:00:00,product,3064
1584,140,signup,2024-02-15 04:00:00,cart,7897
1585,140,add_to_cart,2024-02-08 12:00:00,checkout,4046
1586,140,page_view,2024-01-29 08:00:00,home,1991
1587,140,page_view,2024-01-24 10:00:00,checkout,9407
1588,140,add_to_cart,2024-02-15 19:00:00,cart,9866
1589,140,page_view,2024-01-25 05:00:00,cart,6618
1590,140,page_view,2024-01-31 10:00:00,home,9481
1591,140,add_to_cart,2024-02-13 00:00:00,product,1939
1592,140,signup,2024-01-29 03:00:00,blog,1894
1593,141,page_view,2024-03-26 16:00:00,product,4297
1594,141,page_view,2024-03-14 22:00:00,pricing,8794
1595,141,add_to_cart,2024-04-10 15:00:00,checkout,6425
1596,141,signup,2024-04-05 16:00:00,cart,5909
1597,141,page_view,2024-03-29 20:00:00,home,8443
1598,141,signup,2024-03-13 19:00:00,home,4654
1599,141,page_view,2024-04-10 13:00:00,confirmation,4492
1600,141,signup,2024-03-22 04:00:00,blog,6431
1601,141,page_view,2024-03-28 00:00:00,product,1110
1602,141,page_view,2024-03-27 11:00:00,cart,1491
1603,141,page_view,2024-04-04 16:00:00,cart,8215
1604,141,add_to_cart,2024-03-20 07:00:00,blog,6896
1605,141,purchase,2024-03-13 20:00:00,product,4241
1606,141,page_view,2024-03-24 02:00:00,cart,3855
1607,141,checkout_start,2024-03-26 11:00:00,product,3925
1608,142,page_view,2024-03-05 22:00:00,cart,2657
1609,142,checkout_start,2024-03-05 21:00:00,product,7208
1610,142,checkout_start,2024-04-01 22:00:00,home,6544
1611,142,page_view,2024-03-13 23:00:00,product,7056
1612,142,add_to_cart,2024-03-20 21:00:00,confirmation,8106
1613,142,page_view,2024-03-07 18:00:00,product,4107
1614,142,signup,2024-03-13 04:00:00,pricing,7131
1615,142,signup,2024-03-18 13:00:00,pricing,5006
1616,143,signup,2024-02-19 06:00:00,blog,9773
1617,143,checkout_start,2024-02-05 13:00:00,cart,5049
1618,143,add_to_cart,2024-01-26 06:00:00,cart,3071
1619,144,checkout_start,2024-03-02 22:00:00,product,2333
1620,144,checkout_start,2024-02-27 01:00:00,confirmation,2062
1621,144,signup,2024-02-14 03:00:00,blog,9342
1622,144,signup,2024-02-22 23:00:00,checkout,3932
1623,144,add_to_cart,2024-02-20 17:00:00,confirmation,8918
1624,144,signup,2024-02-28 02:00:00,confirmation,7569
1625,144,purchase,2024-03-05 05:00:00,confirmation,1599
1626,144,page_view,2024-02-15 20:00:00,product,8406
1627,144,page_view,2024-02-17 00:00:00,cart,7963
1628,144,signup,2024-02-23 02:00:00,blog,7129
1629,144,signup,2024-02-17 20:00:00,product,2376
1630,144,signup,2024-02-19 14:00:00,cart,4771
1631,144,page_view,2024-03-02 21:00:00,confirmation,6511
1632,144,signup,2024-02-25 04:00:00,checkout,7700
1633,144,checkout_start,2024-02-22 16:00:00,cart,5473
1634,144,page_view,2024-02-23 07:00:00,checkout,4830
1635,144,add_to_cart,2024-02-18 07:00:00,cart,2350
1636,144,checkout_start,2024-02-19 13:00:00,confirmation,9956
1637,145,purchase,2024-05-06 19:00:00,home,2942
1638,145,page_view,2024-04-28 01:00:00,confirmation,4281
1639,145,page_view,2024-05-09 05:00:00,cart,5096
1640,145,add_to_cart,2024-05-07 21:00:00,blog,5496
1641,146,purchase,2024-04-05 18:00:00,blog,9898
1642,146,page_view,2024-03-22 03:00:00,cart,5617
1643,146,checkout_start,2024-03-25 18:00:00,checkout,7647
1644,146,add_to_cart,2024-04-04 17:00:00,home,8733
1645,146,signup,2024-04-07 21:00:00,blog,3445
1646,146,page_view,2024-03-27 23:00:00,pricing,4438
1647,146,page_view,2024-03-31 05:00:00,confirmation,8679
1648,146,page_view,2024-03-30 16:00:00,home,6129
1649,147,add_to_cart,2024-01-27 07:00:00,pricing,7843
1650,147,signup,2024-01-17 22:00:00,blog,1493
1651,147,page_view,2024-01-24 23:00:00,blog,3102
1652,147,purchase,2024-01-22 00:00:00,home,9188
1653,147,checkout_start,2024-02-06 02:00:00,cart,4694
1654,147,signup,2024-01-26 21:00:00,blog,7608
1655,147,signup,2024-02-07 11:00:00,cart,1380
1656,147,checkout_start,2024-02-02 05:00:00,product,3518
1657,148,add_to_cart,2024-05-27 05:00:00,confirmation,7404
1658,148,page_view,2024-05-19 06:00:00,checkout,2043
1659,148,page_view,2024-05-25 19:00:00,checkout,2779
1660,148,signup,2024-05-17 00:00:00,checkout,5991
1661,148,page_view,2024-05-06 23:00:00,pricing,3910
1662,148,checkout_start,2024-05-04 08:00:00,confirmation,9005
1663,148,page_view,2024-05-04 03:00:00,home,7322
1664,148,page_view,2024-05-15 02:00:00,cart,9591
1665,148,signup,2024-05-05 23:00:00,cart,9495
1666,148,page_view,2024-05-03 11:00:00,blog,7731
1667,148,page_view,2024-05-19 16:00:00,home,3115
1668,148,signup,2024-05-25 21:00:00,pricing,2126
1669,149,page_view,2024-03-04 19:00:00,product,6075
1670,149,checkout_start,2024-03-14 10:00:00,pricing,8778
1671,149,add_to_cart,2024-03-02 18:00:00,cart,4325
1672,149,add_to_cart,2024-03-17 10:00:00,checkout,5512
1673,149,page_view,2024-03-04 14:00:00,product,8302
1674,149,checkout_start,2024-02-27 17:00:00,confirmation,5044
1675,149,page_view,2024-03-18 10:00:00,confirmation,9043
1676,149,signup,2024-03-15 15:00:00,home,2492
1677,149,add_to_cart,2024-03-08 06:00:00,checkout,6681
1678,149,checkout_start,2024-03-25 21:00:00,blog,5873
1679,149,add_to_cart,2024-03-12 16:00:00,blog,3869
1680,149,page_view,2024-03-13 17:00:00,confirmation,8079
1681,149,page_view,2024-03-15 12:00:00,pricing,4005
1682,149,signup,2024-03-25 19:00:00,checkout,1715
1683,150,page_view,2024-02-25 17:00:00,pricing,9810
1684,150,add_to_cart,2024-03-02 10:00:00,home,4559
1685,150,signup,2024-03-11 01:00:00,blog,2986
1686,150,page_view,2024-03-05 17:00:00,home,9264
1687,150,signup,2024-03-03 21:00:00,product,5141
1688,150,signup,2024-02-27 20:00:00,checkout,1437
1689,150,add_to_cart,2024-02-22 02:00:00,pricing,8567
1690,150,page_view,2024-03-06 06:00:00,checkout,4185
1691,150,page_view,2024-03-06 22:00:00,cart,2878
1692,151,add_to_cart,2024-04-18 22:00:00,checkout,8942
1693,151,page_view,2024-04-24 16:00:00,confirmation,4969
1694,151,page_view,2024-04-23 16:00:00,blog,5573
1695,151,page_view,2024-04-11 21:00:00,home,2646
1696,151,page_view,2024-04-12 13:00:00,confirmation,7403
1697,151,page_view,2024-04-12 04:00:00,blog,1183
1698,152,signup,2024-06-12 13:00:00,product,4549
1699,152,checkout_start,2024-06-07 11:00:00,confirmation,4541
1700,152,add_to_cart,2024-06-24 20:00:00,blog,9566
1701,152,add_to_cart,2024-06-30 00:00:00,pricing,2684
1702,152,add_to_cart,2024-06-22 15:00:00,checkout,1858
1703,152,page_view,2024-06-30 00:00:00,blog,7183
1704,152,purchase,2024-06-14 14:00:00,cart,4908
1705,152,page_view,2024-06-14 12:00:00,checkout,1457
1706,152,page_view,2024-06-06 14:00:00,product,2035
1707,152,purchase,2024-06-15 09:00:00,home,3750
1708,153,signup,2024-04-19 21:00:00,home,6359
1709,153,signup,2024-05-01 18:00:00,product,4393
1710,153,page_view,2024-05-11 02:00:00,checkout,2979
1711,153,page_view,2024-04-27 21:00:00,cart,6298
1712,153,page_view,2024-04-25 09:00:00,pricing,6181
1713,153,page_view,2024-04-18 12:00:00,checkout,4606
1714,153,add_to_cart,2024-04-20 19:00:00,cart,7045
1715,154,checkout_start,2024-06-01 20:00:00,checkout,5940
1716,154,signup,2024-06-24 13:00:00,home,9784
1717,154,page_view,2024-06-23 06:00:00,home,6314
1718,155,purchase,2024-04-21 22:00:00,blog,3177
1719,155,page_view,2024-04-07 04:00:00,blog,6209
1720,155,signup,2024-04-21 10:00:00,cart,1289
1721,155,purchase,2024-04-18 23:00:00,checkout,7264
1722,155,add_to_cart,2024-04-14 19:00:00,product,9248
1723,155,add_to_cart,2024-04-18 01:00:00,home,4811
1724,155,add_to_cart,2024-03-24 21:00:00,home,6060
1725,155,add_to_cart,2024-04-03 02:00:00,blog,4990
1726,155,page_view,2024-04-19 10:00:00,product,7136
1727,155,page_view,2024-04-14 06:00:00,product,7156
1728,155,add_to_cart,2024-04-01 17:00:00,product,8270
1729,155,page_view,2024-04-07 00:00:00,cart,1648
1730,155,checkout_start,2024-04-15 05:00:00,checkout,5726
1731,155,page_view,2024-03-25 00:00:00,pricing,6427
1732,156,page_view,2024-06-07 08:00:00,home,5068
1733,156,add_to_cart,2024-06-26 07:00:00,product,7250
1734,156,page_view,2024-06-19 05:00:00,checkout,1099
1735,156,checkout_start,2024-05-30 18:00:00,home,4153
1736,156,add_to_cart,2024-05-30 05:00:00,product,4345
1737,156,page_view,2024-06-02 08:00:00,confirmation,9992
1738,156,page_view,2024-06-05 17:00:00,home,7983
1739,156,page_view,2024-06-16 22:00:00,pricing,4236
1740,156,signup,2024-06-07 10:00:00,confirmation,5079
1741,156,page_view,2024-06-09 22:00:00,checkout,4299
1742,156,checkout_start,2024-06-08 14:00:00,checkout,2310
1743,156,page_view,2024-06-12 08:00:00,product,8712
1744,157,signup,2024-03-05 00:00:00,pricing,8101
1745,157,checkout_start,2024-02-22 15:00:00,blog,8897
1746,157,add_to_cart,2024-02-16 20:00:00,checkout,2363
1747,157,signup,2024-02-28 19:00:00,product,3878
1748,157,page_view,2024-02-26 23:00:00,cart,8431
1749,157,page_view,2024-02-28 02:00:00,confirmation,8878
1750,157,page_view,2024-02-19 01:00:00,pricing,8688
1751,157,page_view,2024-02-24 08:00:00,product,1068
1752,157,checkout_start,2024-02-16 13:00:00,pricing,7131
1753,157,signup,2024-03-07 23:00:00,checkout,7465
1754,157,page_view,2024-03-02 22:00:00,cart,2167
1755,157,checkout_start,2024-03-04 10:00:00,home,7304
1756,157,page_view,2024-03-11 03:00:00,blog,8148
1757,157,add_to_cart,2024-02-26 21:00:00,blog,6711
1758,157,add_to_cart,2024-03-08 17:00:00,pricing,7032
1759,157,page_view,2024-03-16 17:00:00,checkout,7947
1760,158,signup,2024-05-23 08:00:00,blog,6921
1761,158,add_to_cart,2024-06-08 22:00:00,home,3422
1762,158,add_to_cart,2024-05-24 03:00:00,pricing,3414
1763,158,page_view,2024-05-23 20:00:00,confirmation,3644
1764,158,page_view,2024-05-13 12:00:00,home,7297
1765,158,add_to_cart,2024-05-29 23:00:00,home,9495
1766,158,checkout_start,2024-05-21 01:00:00,product,7993
1767,158,add_to_cart,2024-05-23 18:00:00,confirmation,9735
1768,158,checkout_start,2024-06-10 02:00:00,confirmation,6045
1769,159,page_view,2024-05-19 19:00:00,confirmation,6642
1770,159,page_view,2024-05-22 02:00:00,product,7520
1771,159,page_view,2024-06-14 19:00:00,product,9056
1772,159,page_view,2024-05-16 01:00:00,blog,7845
1773,159,signup,2024-06-07 09:00:00,cart,8060
1774,159,page_view,2024-05-23 06:00:00,product,3200
1775,159,signup,2024-05-24 10:00:00,confirmation,2806
1776,159,signup,2024-06-04 05:00:00,product,4041
1777,159,page_view,2024-05-24 13:00:00,product,4143
1778,159,purchase,2024-05-27 01:00:00,blog,7697
1779,159,add_to_cart,2024-06-03 19:00:00,confirmation,2789
1780,159,page_view,2024-06-12 03:00:00,cart,2404
1781,159,page_view,2024-06-01 02:00:00,home,6605
1782,159,signup,2024-05-17 06:00:00,checkout,8949
1783,159,add_to_cart,2024-06-13 16:00:00,home,2000
1784,160,add_to_cart,2024-06-01 07:00:00,blog,1685
1785,160,page_view,2024-06-05 03:00:00,blog,1118
1786,160,add_to_cart,2024-06-17 00:00:00,blog,5355
1787,160,signup,2024-06-21 17:00:00,cart,8036
1788,160,page_view,2024-06-15 08:00:00,cart,6164
1789,160,purchase,2024-06-11 05:00:00,pricing,7528
1790,160,add_to_cart,2024-06-17 03:00:00,cart,6410
1791,160,page_view,2024-06-05 06:00:00,blog,7583
1792,160,page_view,2024-06-06 22:00:00,home,9693
1793,160,purchase,2024-06-12 22:00:00,blog,5072
1794,161,add_to_cart,2024-04-11 06:00:00,pricing,8785
1795,161,signup,2024-04-13 23:00:00,product,1051
1796,161,purchase,2024-04-19 05:00:00,blog,6278
1797,161,add_to_cart,2024-03-23 17:00:00,blog,1749
1798,161,add_to_cart,2024-04-05 21:00:00,product,8938
1799,161,add_to_cart,2024-04-09 01:00:00,blog,2333
1800,161,signup,2024-04-06 20:00:00,checkout,2645
1801,161,page_view,2024-04-08 10:00:00,product,3345
1802,161,checkout_start,2024-04-14 04:00:00,blog,9267
1803,161,page_view,2024-03-24 08:00:00,blog,2426
1804,161,checkout_start,2024-04-04 20:00:00,confirmation,8648
1805,161,checkout_start,2024-03-30 04:00:00,home,8899
1806,161,signup,2024-04-20 06:00:00,product,4467
1807,162,add_to_cart,2024-06-30 00:00:00,home,8125
1808,162,page_view,2024-06-10 05:00:00,cart,7283
1809,162,page_view,2024-06-20 23:00:00,cart,8803
1810,162,page_view,2024-06-30 00:00:00,product,9757
1811,162,add_to_cart,2024-06-30 00:00:00,home,6452
1812,162,purchase,2024-06-18 13:00:00,blog,2059
1813,162,page_view,2024-06-30 00:00:00,pricing,7252
1814,163,checkout_start,2024-06-12 15:00:00,product,5244
1815,163,page_view,2024-05-29 22:00:00,home,2460
1816,163,add_to_cart,2024-06-08 12:00:00,product,2902
1817,163,page_view,2024-06-18 10:00:00,blog,6134
1818,163,signup,2024-06-10 05:00:00,home,6092
1819,163,signup,2024-05-27 15:00:00,product,7359
1820,163,page_view,2024-06-12 01:00:00,cart,3069
1821,163,add_to_cart,2024-06-16 04:00:00,confirmation,4639
1822,163,page_view,2024-05-29 13:00:00,confirmation,8546
1823,163,page_view,2024-06-07 11:00:00,cart,4586
1824,163,add_to_cart,2024-06-15 07:00:00,product,5643
1825,163,add_to_cart,2024-05-31 05:00:00,blog,1562
1826,163,page_view,2024-06-19 13:00:00,confirmation,3022
1827,163,purchase,2024-06-05 16:00:00,pricing,8836
1828,163,checkout_start,2024-06-20 22:00:00,checkout,5775
1829,163,page_view,2024-06-10 01:00:00,blog,6458
1830,163,checkout_start,2024-05-31 12:00:00,product,4687
1831,163,add_to_cart,2024-06-23 21:00:00,blog,3933
1832,163,add_to_cart,2024-06-14 19:00:00,cart,3608
1833,164,page_view,2024-06-05 09:00:00,checkout,8756
1834,164,add_to_cart,2024-05-27 20:00:00,checkout,2176
1835,165,page_view,2024-04-17 01:00:00,product,9978
1836,165,page_view,2024-04-21 19:00:00,cart,1886
1837,165,signup,2024-04-17 23:00:00,product,3253
1838,165,add_to_cart,2024-04-23 20:00:00,cart,3372
1839,165,page_view,2024-04-13 22:00:00,pricing,4205
1840,165,page_view,2024-05-02 18:00:00,pricing,2670
1841,165,checkout_start,2024-05-03 22:00:00,blog,3418
1842,165,purchase,2024-04-21 01:00:00,checkout,3756
1843,165,page_view,2024-04-07 09:00:00,checkout,3943
1844,165,page_view,2024-04-07 05:00:00,confirmation,6545
1845,165,signup,2024-04-30 07:00:00,product,7619
1846,165,page_view,2024-04-15 10:00:00,product,7498
1847,165,page_view,2024-04-25 20:00:00,confirmation,3826
1848,165,add_to_cart,2024-05-02 20:00:00,blog,2468
1849,165,checkout_start,2024-04-24 18:00:00,pricing,7260
1850,165,add_to_cart,2024-04-16 17:00:00,checkout,7018
1851,165,page_view,2024-04-05 11:00:00,home,2999
1852,165,add_to_cart,2024-04-25 20:00:00,confirmation,4685
1853,166,signup,2024-05-22 00:00:00,confirmation,8856
1854,166,add_to_cart,2024-05-08 16:00:00,home,3967
1855,167,purchase,2024-05-14 15:00:00,pricing,8105
1856,167,signup,2024-05-06 17:00:00,home,6328
1857,167,add_to_cart,2024-04-26 17:00:00,blog,9806
1858,167,signup,2024-05-01 21:00:00,pricing,1323
1859,167,signup,2024-05-10 19:00:00,confirmation,9684
1860,167,page_view,2024-05-14 20:00:00,blog,9830
1861,167,page_view,2024-05-21 19:00:00,blog,4399
1862,167,checkout_start,2024-05-22 02:00:00,product,3948
1863,167,signup,2024-04-24 05:00:00,blog,6149
1864,167,page_view,2024-04-29 05:00:00,confirmation,4378
1865,167,page_view,2024-05-21 20:00:00,confirmation,5206
1866,167,page_view,2024-04-25 11:00:00,home,9292
1867,167,page_view,2024-05-06 17:00:00,confirmation,3811
1868,167,purchase,2024-05-12 01:00:00,pricing,1001
1869,168,page_view,2024-05-03 19:00:00,confirmation,5807
1870,168,signup,2024-05-19 02:00:00,product,9035
1871,168,page_view,2024-05-20 15:00:00,cart,9818
1872,168,page_view,2024-05-12 18:00:00,home,1732
1873,168,page_view,2024-05-01 02:00:00,product,5910
1874,168,purchase,2024-04-30 04:00:00,confirmation,4539
1875,168,page_view,2024-05-16 05:00:00,product,7914
1876,168,signup,2024-04-24 04:00:00,cart,7255
1877,168,purchase,2024-05-18 17:00:00,checkout,8472
1878,169,add_to_cart,2024-06-30 00:00:00,pricing,3346
1879,169,page_view,2024-06-30 00:00:00,pricing,5413
1880,169,add_to_cart,2024-06-30 00:00:00,product,7097
1881,169,add_to_cart,2024-06-30 00:00:00,blog,9379
1882,170,checkout_start,2024-02-04 21:00:00,cart,8104
1883,170,page_view,2024-02-03 04:00:00,confirmation,5055
1884,170,page_view,2024-01-21 07:00:00,confirmation,2802
1885,170,signup,2024-02-16 04:00:00,home,6396
1886,170,page_view,2024-02-14 07:00:00,cart,5476
1887,170,checkout_start,2024-01-24 05:00:00,product,5483
1888,170,page_view,2024-01-18 10:00:00,product,7203
1889,171,page_view,2024-06-20 06:00:00,pricing,6022
1890,171,checkout_start,2024-06-30 00:00:00,checkout,2565
1891,171,page_view,2024-06-30 00:00:00,confirmation,5620
1892,171,page_view,2024-06-30 00:00:00,home,1785
1893,171,page_view,2024-06-22 06:00:00,blog,7382
1894,172,checkout_start,2024-06-20 17:00:00,pricing,9711
1895,172,signup,2024-06-29 12:00:00,blog,7597
1896,172,signup,2024-06-26 08:00:00,cart,1155
1897,172,signup,2024-06-30 00:00:00,product,3070
1898,172,page_view,2024-06-12 02:00:00,pricing,5380
1899,172,purchase,2024-06-08 06:00:00,pricing,7064
1900,172,add_to_cart,2024-06-16 15:00:00,checkout,8500
1901,173,purchase,2024-03-21 17:00:00,blog,8678
1902,173,page_view,2024-03-24 10:00:00,checkout,9529
1903,173,page_view,2024-03-12 18:00:00,blog,2424
1904,173,signup,2024-03-16 00:00:00,cart,2476
1905,173,page_view,2024-03-30 01:00:00,pricing,4932
1906,173,page_view,2024-03-06 23:00:00,home,2385
1907,173,signup,2024-03-15 04:00:00,checkout,1175
1908,174,signup,2024-06-04 21:00:00,pricing,3235
1909,174,signup,2024-05-27 11:00:00,pricing,9722
1910,174,page_view,2024-06-05 18:00:00,home,4115
1911,174,add_to_cart,2024-05-07 07:00:00,pricing,9754
1912,174,page_view,2024-05-21 17:00:00,pricing,9652
1913,174,add_to_cart,2024-06-05 04:00:00,confirmation,8350
1914,174,add_to_cart,2024-05-14 04:00:00,blog,9577
1915,174,page_view,2024-05-16 14:00:00,cart,3184
1916,174,page_view,2024-05-28 22:00:00,home,7925
1917,174,page_view,2024-05-28 03:00:00,cart,2855
1918,174,purchase,2024-05-21 10:00:00,product,9832
1919,174,page_view,2024-05-12 00:00:00,checkout,5809
1920,174,page_view,2024-05-18 07:00:00,pricing,7449
1921,174,purchase,2024-05-16 06:00:00,pricing,9446
1922,174,purchase,2024-05-08 12:00:00,confirmation,8999
1923,175,page_view,2024-03-26 04:00:00,checkout,6382
1924,175,page_view,2024-03-23 17:00:00,home,6729
1925,175,signup,2024-03-18 22:00:00,home,2660
1926,176,page_view,2024-02-29 23:00:00,confirmation,9426
1927,176,signup,2024-02-15 13:00:00,checkout,1113
1928,176,add_to_cart,2024-02-15 15:00:00,cart,4704
1929,176,page_view,2024-02-29 01:00:00,cart,6971
1930,176,checkout_start,2024-02-27 06:00:00,confirmation,5415
1931,176,purchase,2024-02-13 15:00:00,pricing,8198
1932,176,page_view,2024-02-15 21:00:00,pricing,8110
1933,176,page_view,2024-02-09 05:00:00,blog,4251
1934,176,page_view,2024-02-13 17:00:00,home,3190
1935,176,signup,2024-02-25 20:00:00,cart,1517
1936,176,add_to_cart,2024-02-15 20:00:00,checkout,5354
1937,176,signup,2024-02-14 01:00:00,confirmation,9119
1938,176,add_to_cart,2024-03-09 02:00:00,cart,7551
1939,176,add_to_cart,2024-03-01 09:00:00,pricing,7370
1940,176,page_view,2024-02-14 14:00:00,home,1346
1941,177,page_view,2024-01-30 15:00:00,home,4874
1942,177,add_to_cart,2024-01-26 05:00:00,cart,8039
1943,177,add_to_cart,2024-02-18 11:00:00,checkout,8867
1944,177,page_view,2024-02-05 08:00:00,home,8027
1945,177,add_to_cart,2024-02-03 13:00:00,pricing,9376
1946,177,page_view,2024-01-31 23:00:00,blog,2884
1947,178,page_view,2024-03-30 21:00:00,blog,8031
1948,178,signup,2024-03-09 11:00:00,blog,2688
1949,178,add_to_cart,2024-03-30 21:00:00,confirmation,3968
1950,178,purchase,2024-03-09 01:00:00,confirmation,3436
1951,178,page_view,2024-03-10 18:00:00,checkout,1628
1952,178,purchase,2024-03-12 16:00:00,product,7984
1953,178,add_to_cart,2024-03-01 18:00:00,home,1834
1954,178,signup,2024-03-17 05:00:00,cart,4791
1955,178,page_view,2024-03-10 11:00:00,checkout,2005
1956,178,signup,2024-03-22 18:00:00,home,5985
1957,179,page_view,2024-04-10 11:00:00,cart,7849
1958,179,page_view,2024-04-09 12:00:00,home,3977
1959,179,page_view,2024-03-31 17:00:00,pricing,6269
1960,179,page_view,2024-04-08 01:00:00,cart,2650
1961,179,page_view,2024-04-17 09:00:00,checkout,6956
1962,180,page_view,2024-04-20 23:00:00,pricing,1223
1963,180,signup,2024-05-07 03:00:00,blog,3134
1964,180,page_view,2024-04-22 03:00:00,blog,6920
1965,180,signup,2024-05-03 03:00:00,cart,4903
1966,180,page_view,2024-05-05 17:00:00,confirmation,7292
1967,180,checkout_start,2024-04-11 17:00:00,product,2971
1968,180,signup,2024-04-09 18:00:00,pricing,4120
1969,180,add_to_cart,2024-04-16 05:00:00,home,2226
1970,180,add_to_cart,2024-05-01 07:00:00,cart,8769
1971,180,signup,2024-04-16 14:00:00,product,1717
1972,180,page_view,2024-04-13 10:00:00,confirmation,5137
1973,180,purchase,2024-05-01 21:00:00,cart,8347
1974,181,page_view,2024-03-06 14:00:00,checkout,9581
1975,181,checkout_start,2024-03-09 11:00:00,product,5491
1976,181,purchase,2024-03-17 17:00:00,cart,1744
1977,181,page_view,2024-03-12 03:00:00,pricing,4116
1978,181,signup,2024-03-04 23:00:00,confirmation,9412
1979,182,signup,2024-04-15 01:00:00,confirmation,7293
1980,182,add_to_cart,2024-05-01 23:00:00,checkout,5448
1981,182,page_view,2024-04-16 19:00:00,product,4568
1982,182,add_to_cart,2024-05-03 06:00:00,blog,9401
1983,183,add_to_cart,2024-03-27 11:00:00,confirmation,5240
1984,183,checkout_start,2024-03-18 22:00:00,cart,5399
1985,183,page_view,2024-03-29 13:00:00,product,1747
1986,183,page_view,2024-03-28 18:00:00,home,3427
1987,183,purchase,2024-03-17 20:00:00,cart,1844
1988,183,purchase,2024-04-02 09:00:00,blog,4440
1989,183,page_view,2024-03-28 19:00:00,pricing,6692
1990,183,add_to_cart,2024-04-01 23:00:00,cart,6317
1991,183,purchase,2024-03-09 13:00:00,confirmation,5326
1992,183,signup,2024-03-11 16:00:00,confirmation,5831
1993,183,purchase,2024-03-19 20:00:00,pricing,1170
1994,183,page_view,2024-03-21 04:00:00,cart,3895
1995,183,purchase,2024-03-16 22:00:00,confirmation,2743
1996,183,page_view,2024-04-04 08:00:00,pricing,5216
1997,183,add_to_cart,2024-04-01 17:00:00,confirmation,4377
1998,183,page_view,2024-03-24 20:00:00,cart,4341
1999,184,checkout_start,2024-06-15 20:00:00,blog,7479
2000,184,signup,2024-05-26 15:00:00,pricing,8109
2001,184,page_view,2024-06-04 17:00:00,checkout,2535
2002,184,page_view,2024-06-10 03:00:00,product,3885
2003,184,signup,2024-05-28 01:00:00,pricing,3955
2004,184,page_view,2024-06-16 15:00:00,cart,3669
2005,184,checkout_start,2024-05-27 13:00:00,pricing,4077
2006,184,page_view,2024-05-22 23:00:00,checkout,5018
2007,184,purchase,2024-06-08 09:00:00,checkout,2642
2008,184,page_view,2024-06-11 11:00:00,blog,1193
2009,184,page_view,2024-06-14 17:00:00,checkout,1339
2010,184,checkout_start,2024-05-24 16:00:00,blog,1716
2011,184,page_view,2024-05-25 15:00:00,home,5385
2012,184,purchase,2024-05-26 02:00:00,confirmation,1221
2013,184,purchase,2024-05-20 09:00:00,home,9886
2014,184,checkout_start,2024-06-03 10:00:00,home,4314
2015,184,signup,2024-05-25 22:00:00,confirmation,8279
2016,184,page_view,2024-05-26 23:00:00,checkout,3531
2017,184,page_view,2024-05-30 09:00:00,pricing,5382
2018,184,signup,2024-06-15 18:00:00,home,1729
2019,185,page_view,2024-06-30 00:00:00,confirmation,7804
2020,185,page_view,2024-06-23 01:00:00,product,1393
2021,185,signup,2024-06-26 16:00:00,product,6788
2022,185,page_view,2024-06-30 00:00:00,pricing,7303
2023,185,checkout_start,2024-06-30 00:00:00,blog,2841
2024,186,purchase,2024-06-04 05:00:00,product,2666
2025,186,page_view,2024-06-09 00:00:00,confirmation,6467
2026,186,page_view,2024-06-02 01:00:00,home,1710
2027,186,page_view,2024-06-22 19:00:00,checkout,9691
2028,186,signup,2024-06-11 06:00:00,pricing,7967
2029,186,checkout_start,2024-06-03 09:00:00,pricing,5940
2030,186,checkout_start,2024-06-23 15:00:00,cart,2702
2031,186,purchase,2024-06-08 13:00:00,pricing,7047
2032,186,checkout_start,2024-06-08 07:00:00,pricing,2251
2033,186,checkout_start,2024-05-28 02:00:00,product,3401
2034,186,page_view,2024-06-10 15:00:00,checkout,8838
2035,186,page_view,2024-05-30 20:00:00,checkout,5562
2036,186,page_view,2024-06-03 04:00:00,product,3979
2037,186,page_view,2024-06-13 10:00:00,checkout,7944
2038,186,add_to_cart,2024-06-17 12:00:00,checkout,6463
2039,186,checkout_start,2024-06-02 21:00:00,pricing,5028
2040,186,signup,2024-06-13 08:00:00,checkout,9826
2041,187,signup,2024-06-05 00:00:00,blog,4770
2042,187,page_view,2024-05-31 09:00:00,pricing,7911
2043,187,signup,2024-06-06 11:00:00,pricing,4593
2044,187,page_view,2024-06-13 23:00:00,cart,1046
2045,187,purchase,2024-05-23 16:00:00,home,6937
2046,187,signup,2024-06-07 19:00:00,product,2804
2047,187,purchase,2024-05-17 13:00:00,cart,3283
2048,187,signup,2024-05-27 13:00:00,blog,7898
2049,187,page_view,2024-05-25 08:00:00,product,1915
2050,187,page_view,2024-05-20 21:00:00,pricing,3344
2051,187,add_to_cart,2024-05-31 02:00:00,pricing,7958
2052,187,page_view,2024-05-30 20:00:00,home,2208
2053,187,checkout_start,2024-06-04 08:00:00,blog,3591
2054,187,page_view,2024-05-16 06:00:00,product,2294
2055,187,page_view,2024-05-25 10:00:00,confirmation,7823
2056,187,add_to_cart,2024-05-21 09:00:00,checkout,3295
2057,187,add_to_cart,2024-06-06 12:00:00,cart,8703
2058,187,add_to_cart,2024-06-01 13:00:00,checkout,1216
2059,187,page_view,2024-05-27 05:00:00,home,1526
2060,188,page_view,2024-01-30 11:00:00,checkout,7940
2061,188,purchase,2024-02-07 00:00:00,checkout,5227
2062,188,signup,2024-02-02 09:00:00,pricing,4724
2063,188,purchase,2024-01-27 01:00:00,cart,2506
2064,188,page_view,2024-01-31 06:00:00,product,4471
2065,188,add_to_cart,2024-01-26 02:00:00,product,7427
2066,188,checkout_start,2024-01-16 20:00:00,confirmation,2264
2067,189,page_view,2024-04-04 08:00:00,pricing,7637
2068,189,page_view,2024-03-31 05:00:00,blog,7086
2069,189,signup,2024-04-11 14:00:00,cart,2776
2070,189,page_view,2024-03-19 10:00:00,confirmation,6496
2071,189,page_view,2024-03-16 04:00:00,product,9873
2072,189,page_view,2024-03-19 13:00:00,confirmation,1179
2073,189,page_view,2024-03-28 04:00:00,product,1530
2074,189,page_view,2024-03-25 06:00:00,confirmation,1735
2075,189,purchase,2024-04-08 01:00:00,checkout,1748
2076,189,page_view,2024-03-17 01:00:00,cart,1138
2077,189,add_to_cart,2024-03-30 05:00:00,checkout,9195
2078,189,page_view,2024-03-23 07:00:00,checkout,6830
2079,189,add_to_cart,2024-03-20 12:00:00,home,6428
2080,189,checkout_start,2024-04-01 09:00:00,confirmation,2654
2081,189,checkout_start,2024-04-05 10:00:00,product,1388
2082,189,checkout_start,2024-04-09 01:00:00,checkout,1612
2083,190,page_view,2024-04-12 21:00:00,checkout,2290
2084,190,page_view,2024-05-02 16:00:00,pricing,4794
2085,190,checkout_start,2024-04-15 04:00:00,pricing,3307
2086,190,purchase,2024-04-12 20:00:00,confirmation,9459
2087,190,add_to_cart,2024-05-01 23:00:00,blog,6593
2088,190,checkout_start,2024-04-25 02:00:00,cart,5765
2089,190,add_to_cart,2024-04-21 08:00:00,checkout,1655
2090,190,page_view,2024-05-05 03:00:00,product,2228
2091,190,signup,2024-04-12 12:00:00,checkout,2595
2092,190,page_view,2024-04-06 15:00:00,blog,6071
2093,190,checkout_start,2024-04-29 08:00:00,blog,2428
2094,191,signup,2024-06-21 00:00:00,product,5843
2095,191,page_view,2024-06-23 21:00:00,confirmation,6952
2096,191,page_view,2024-06-30 00:00:00,product,8548
2097,191,purchase,2024-06-28 00:00:00,cart,8242
2098,191,purchase,2024-06-30 00:00:00,home,8999
2099,191,page_view,2024-06-18 16:00:00,cart,7568
2100,191,checkout_start,2024-06-30 00:00:00,pricing,3113
2101,191,page_view,2024-06-30 00:00:00,blog,6138
2102,191,page_view,2024-06-30 00:00:00,checkout,9289
2103,191,page_view,2024-06-30 00:00:00,pricing,1699
2104,191,purchase,2024-06-30 00:00:00,home,5011
2105,191,checkout_start,2024-06-30 00:00:00,home,3532
2106,191,page_view,2024-06-21 11:00:00,product,7541
2107,191,page_view,2024-06-20 02:00:00,blog,8573
2108,191,page_view,2024-06-30 00:00:00,checkout,8675
2109,191,signup,2024-06-30 00:00:00,blog,8616
2110,191,page_view,2024-06-21 15:00:00,pricing,2775
2111,192,page_view,2024-01-21 11:00:00,cart,2056
2112,192,page_view,2024-01-16 12:00:00,confirmation,8967
2113,192,add_to_cart,2024-01-12 01:00:00,checkout,2873
2114,192,signup,2024-01-14 21:00:00,confirmation,3551
2115,192,page_view,2024-01-23 01:00:00,product,6245
2116,192,page_view,2024-01-27 05:00:00,confirmation,7230
2117,192,purchase,2024-01-05 15:00:00,cart,8046
2118,192,page_view,2024-01-23 04:00:00,product,1375
2119,192,signup,2024-02-01 04:00:00,cart,3885
2120,192,page_view,2024-01-06 13:00:00,cart,7636
2121,192,page_view,2024-01-06 11:00:00,pricing,8396
2122,192,signup,2024-01-20 21:00:00,pricing,5250
2123,192,checkout_start,2024-01-10 20:00:00,home,8021
2124,192,purchase,2024-01-17 14:00:00,cart,3695
2125,193,purchase,2024-01-29 21:00:00,checkout,8790
2126,193,add_to_cart,2024-02-06 20:00:00,product,8156
2127,193,purchase,2024-01-30 03:00:00,confirmation,7375
2128,193,signup,2024-01-15 10:00:00,confirmation,4253
2129,193,add_to_cart,2024-01-18 07:00:00,confirmation,3369
2130,193,add_to_cart,2024-01-28 19:00:00,blog,6185
2131,193,page_view,2024-01-15 14:00:00,checkout,3416
2132,193,checkout_start,2024-02-05 07:00:00,home,7658
2133,194,add_to_cart,2024-05-28 05:00:00,checkout,3059
2134,194,signup,2024-06-02 01:00:00,confirmation,2596
2135,194,page_view,2024-05-07 13:00:00,product,7884
2136,194,signup,2024-06-04 17:00:00,product,7185
2137,194,page_view,2024-05-15 05:00:00,product,1235
2138,194,checkout_start,2024-05-21 19:00:00,home,5947
2139,194,signup,2024-05-19 02:00:00,blog,3043
2140,194,signup,2024-06-04 20:00:00,checkout,7783
2141,194,page_view,2024-05-23 12:00:00,blog,9887
2142,194,signup,2024-05-24 04:00:00,blog,6502
2143,195,signup,2024-03-21 12:00:00,cart,3898
2144,195,signup,2024-04-06 14:00:00,confirmation,8141
2145,195,page_view,2024-03-30 06:00:00,pricing,8167
2146,195,page_view,2024-04-10 01:00:00,confirmation,2625
2147,195,checkout_start,2024-03-17 17:00:00,home,2468
2148,196,purchase,2024-06-30 00:00:00,home,9133
2149,196,purchase,2024-06-30 00:00:00,home,8276
2150,197,checkout_start,2024-03-09 19:00:00,pricing,5749
2151,197,page_view,2024-03-02 22:00:00,blog,8448
2152,197,page_view,2024-03-08 12:00:00,product,8693
2153,197,page_view,2024-02-19 07:00:00,blog,8601
2154,197,purchase,2024-03-02 14:00:00,pricing,7484
2155,197,purchase,2024-02-14 07:00:00,blog,4668
2156,197,page_view,2024-03-06 15:00:00,pricing,5333
2157,197,checkout_start,2024-02-27 02:00:00,blog,7794
2158,197,page_view,2024-03-13 17:00:00,checkout,1535
2159,197,page_view,2024-02-14 15:00:00,blog,7134
2160,197,checkout_start,2024-03-07 03:00:00,confirmation,6201
2161,197,page_view,2024-02-28 07:00:00,confirmation,8045
2162,197,signup,2024-02-24 07:00:00,checkout,4156
2163,197,add_to_cart,2024-03-11 07:00:00,blog,1845
2164,197,signup,2024-03-09 15:00:00,pricing,7396
2165,197,signup,2024-02-21 09:00:00,cart,9475
2166,197,signup,2024-02-20 18:00:00,home,3069
2167,197,page_view,2024-03-06 12:00:00,confirmation,7422
2168,198,page_view,2024-04-19 14:00:00,cart,4338
2169,198,page_view,2024-03-30 23:00:00,checkout,1189
2170,198,add_to_cart,2024-04-22 19:00:00,product,1455
2171,198,add_to_cart,2024-04-22 08:00:00,home,7265
2172,198,add_to_cart,2024-03-28 01:00:00,product,8433
2173,198,add_to_cart,2024-04-23 01:00:00,cart,4056
2174,198,add_to_cart,2024-04-06 05:00:00,product,5864
2175,198,signup,2024-04-04 06:00:00,product,7194
2176,198,add_to_cart,2024-04-07 02:00:00,cart,2359
2177,198,add_to_cart,2024-04-02 03:00:00,pricing,2694
2178,199,purchase,2024-06-22 14:00:00,home,2754
2179,199,page_view,2024-06-09 01:00:00,product,2520
2180,199,signup,2024-06-06 07:00:00,cart,4407
2181,199,page_view,2024-06-19 16:00:00,blog,1359
2182,199,page_view,2024-06-20 15:00:00,pricing,2250
2183,200,signup,2024-05-12 07:00:00,cart,8387
2184,200,page_view,2024-04-19 20:00:00,home,3927
2185,200,signup,2024-05-11 03:00:00,confirmation,1515
2186,200,purchase,2024-04-18 00:00:00,cart,8928
2187,200,signup,2024-05-09 04:00:00,home,3595
2188,200,add_to_cart,2024-05-05 06:00:00,home,4159
2189,200,page_view,2024-05-08 20:00:00,home,9486
2190,200,add_to_cart,2024-05-04 20:00:00,product,6978
2191,201,page_view,2024-01-25 06:00:00,product,4600
2192,201,add_to_cart,2024-01-19 13:00:00,product,5384
2193,201,signup,2024-01-27 16:00:00,home,6710
2194,201,add_to_cart,2024-02-08 12:00:00,checkout,9123
2195,201,signup,2024-02-03 14:00:00,checkout,4163
2196,202,page_view,2024-06-30 00:00:00,blog,5605
2197,202,page_view,2024-06-30 00:00:00,blog,6105
2198,202,checkout_start,2024-06-30 00:00:00,pricing,8992
2199,202,checkout_start,2024-06-30 00:00:00,checkout,5451
2200,202,add_to_cart,2024-06-30 00:00:00,confirmation,7275
2201,202,page_view,2024-06-30 00:00:00,cart,7126
2202,202,checkout_start,2024-06-30 00:00:00,checkout,3740
2203,202,purchase,2024-06-27 10:00:00,cart,7714
2204,202,add_to_cart,2024-06-30 00:00:00,pricing,9691
2205,202,page_view,2024-06-30 00:00:00,home,3947
2206,203,checkout_start,2024-03-08 07:00:00,cart,5019
2207,203,page_view,2024-02-22 02:00:00,cart,7094
2208,203,add_to_cart,2024-02-25 04:00:00,home,1157
2209,203,add_to_cart,2024-03-03 14:00:00,pricing,6388
2210,203,signup,2024-02-28 02:00:00,blog,6268
2211,203,signup,2024-02-28 22:00:00,checkout,5646
2212,203,page_view,2024-03-15 16:00:00,product,2686
2213,203,page_view,2024-03-13 22:00:00,confirmation,2225
2214,203,checkout_start,2024-03-14 11:00:00,checkout,8130
2215,203,checkout_start,2024-03-03 13:00:00,product,4229
2216,203,checkout_start,2024-02-21 02:00:00,checkout,1766
2217,203,signup,2024-03-01 17:00:00,home,8418
2218,204,page_view,2024-06-05 15:00:00,checkout,4873
2219,204,page_view,2024-06-04 14:00:00,home,1076
2220,204,page_view,2024-05-30 16:00:00,blog,7599
2221,204,checkout_start,2024-05-12 13:00:00,confirmation,1640
2222,204,add_to_cart,2024-05-25 09:00:00,home,8698
2223,204,checkout_start,2024-05-15 01:00:00,checkout,5931
2224,204,page_view,2024-05-22 17:00:00,cart,7559
2225,205,add_to_cart,2024-03-22 17:00:00,checkout,1771
2226,205,page_view,2024-03-15 18:00:00,checkout,9082
2227,205,purchase,2024-03-26 08:00:00,home,7126
2228,205,page_view,2024-03-25 08:00:00,product,1783
2229,206,page_view,2024-02-13 22:00:00,cart,8138
2230,206,page_view,2024-02-17 15:00:00,product,7043
2231,207,purchase,2024-04-21 05:00:00,blog,1860
2232,207,checkout_start,2024-05-02 01:00:00,home,2815
2233,207,purchase,2024-04-23 01:00:00,home,5320
2234,207,add_to_cart,2024-05-05 01:00:00,blog,7218
2235,207,add_to_cart,2024-05-02 12:00:00,product,8548
2236,207,page_view,2024-04-26 02:00:00,blog,3424
2237,207,checkout_start,2024-05-15 22:00:00,checkout,8320
2238,207,page_view,2024-05-19 12:00:00,confirmation,4940
2239,207,signup,2024-05-15 15:00:00,checkout,5596
2240,207,add_to_cart,2024-05-04 17:00:00,checkout,4700
2241,207,page_view,2024-04-24 22:00:00,cart,2356
2242,207,signup,2024-05-06 01:00:00,blog,4971
2243,207,add_to_cart,2024-05-19 03:00:00,blog,4373
2244,207,page_view,2024-05-20 15:00:00,checkout,1987
2245,207,page_view,2024-04-30 01:00:00,product,8670
2246,207,page_view,2024-05-07 10:00:00,home,6577
2247,207,checkout_start,2024-04-29 21:00:00,blog,9644
2248,207,checkout_start,2024-05-12 22:00:00,blog,6108
2249,207,add_to_cart,2024-05-10 08:00:00,blog,9265
2250,208,page_view,2024-06-15 13:00:00,cart,7317
2251,208,checkout_start,2024-06-29 07:00:00,confirmation,4326
2252,208,page_view,2024-06-27 01:00:00,cart,7931
2253,208,add_to_cart,2024-06-17 00:00:00,blog,2672
2254,208,signup,2024-06-16 06:00:00,home,2805
2255,209,checkout_start,2024-06-25 16:00:00,product,5370
2256,209,signup,2024-06-26 05:00:00,confirmation,8416
2257,209,page_view,2024-06-30 00:00:00,confirmation,2377
2258,209,signup,2024-06-30 00:00:00,product,7503
2259,209,signup,2024-06-30 00:00:00,cart,1870
2260,209,page_view,2024-06-30 00:00:00,home,1805
2261,209,page_view,2024-06-30 00:00:00,checkout,4177
2262,209,page_view,2024-06-30 00:00:00,product,5520
2263,209,add_to_cart,2024-06-30 00:00:00,confirmation,8103
2264,210,page_view,2024-06-28 01:00:00,product,2819
2265,210,page_view,2024-06-08 08:00:00,home,5361
2266,210,page_view,2024-06-09 04:00:00,home,5513
2267,210,checkout_start,2024-06-08 15:00:00,pricing,7628
2268,210,page_view,2024-06-15 17:00:00,product,5395
2269,211,page_view,2024-05-08 18:00:00,product,6695
2270,211,page_view,2024-05-27 04:00:00,confirmation,5718
2271,211,page_view,2024-04-30 03:00:00,confirmation,8811
2272,211,checkout_start,2024-05-13 00:00:00,pricing,4909
2273,211,page_view,2024-05-07 06:00:00,home,3730
2274,211,page_view,2024-05-07 23:00:00,checkout,3323
2275,211,add_to_cart,2024-04-30 13:00:00,checkout,6473
2276,211,page_view,2024-04-30 21:00:00,cart,2261
2277,211,add_to_cart,2024-05-07 06:00:00,blog,1159
2278,211,page_view,2024-05-25 08:00:00,checkout,1016
2279,211,checkout_start,2024-05-20 20:00:00,checkout,2792
2280,211,checkout_start,2024-05-01 22:00:00,confirmation,5762
2281,211,signup,2024-05-09 17:00:00,product,3401
2282,211,page_view,2024-05-04 00:00:00,blog,6499
2283,211,signup,2024-05-19 07:00:00,cart,9940
2284,211,add_to_cart,2024-05-10 23:00:00,cart,6968
2285,211,page_view,2024-05-19 13:00:00,cart,5933
2286,212,add_to_cart,2024-05-23 02:00:00,blog,8935
2287,212,page_view,2024-05-05 19:00:00,confirmation,1339
2288,212,purchase,2024-05-07 07:00:00,blog,4608
2289,212,purchase,2024-05-29 03:00:00,cart,9156
2290,212,page_view,2024-05-02 07:00:00,pricing,8056
2291,212,page_view,2024-05-16 08:00:00,home,4175
2292,212,add_to_cart,2024-05-17 02:00:00,cart,9927
2293,212,purchase,2024-05-20 04:00:00,confirmation,3866
2294,212,purchase,2024-05-12 07:00:00,cart,6426
2295,212,signup,2024-05-17 16:00:00,cart,6067
2296,212,page_view,2024-05-09 03:00:00,confirmation,6624
2297,212,page_view,2024-05-27 03:00:00,blog,8455
2298,213,page_view,2024-01-21 19:00:00,home,9174
2299,213,page_view,2024-02-05 05:00:00,pricing,3461
2300,213,purchase,2024-01-29 07:00:00,confirmation,3664
2301,213,signup,2024-01-19 22:00:00,home,5828
2302,213,signup,2024-01-07 15:00:00,product,5636
2303,213,page_view,2024-02-01 07:00:00,checkout,6010
2304,213,signup,2024-01-07 05:00:00,pricing,1010
2305,213,page_view,2024-01-09 03:00:00,cart,5641
2306,213,add_to_cart,2024-01-28 10:00:00,blog,3540
2307,213,add_to_cart,2024-01-10 16:00:00,product,4223
2308,213,signup,2024-01-25 10:00:00,home,5764
2309,213,page_view,2024-01-16 08:00:00,cart,5075
2310,213,add_to_cart,2024-02-04 22:00:00,checkout,7539
2311,213,checkout_start,2024-01-11 04:00:00,cart,6091
2312,213,signup,2024-01-14 09:00:00,pricing,6283
2313,213,page_view,2024-01-31 16:00:00,blog,4268
2314,213,page_view,2024-01-17 16:00:00,confirmation,4268
2315,213,page_view,2024-01-19 20:00:00,cart,8555
2316,213,page_view,2024-01-30 06:00:00,blog,8158
2317,213,page_view,2024-01-11 02:00:00,checkout,6132
2318,214,add_to_cart,2024-04-02 05:00:00,checkout,6803
2319,214,signup,2024-03-22 05:00:00,checkout,8557
2320,214,purchase,2024-03-05 04:00:00,home,7896
2321,214,add_to_cart,2024-03-07 18:00:00,confirmation,5954
2322,214,signup,2024-03-14 08:00:00,cart,3085
2323,214,signup,2024-03-30 11:00:00,confirmation,5806
2324,214,add_to_cart,2024-03-06 06:00:00,checkout,3063
2325,214,add_to_cart,2024-03-21 04:00:00,checkout,9487
2326,214,checkout_start,2024-03-23 15:00:00,home,1896
2327,214,checkout_start,2024-03-15 12:00:00,pricing,2753
2328,214,signup,2024-03-18 05:00:00,blog,5760
2329,214,signup,2024-03-28 03:00:00,cart,1997
2330,214,add_to_cart,2024-03-09 04:00:00,pricing,9369
2331,214,add_to_cart,2024-03-06 06:00:00,confirmation,3361
2332,214,add_to_cart,2024-03-27 23:00:00,checkout,3234
2333,214,checkout_start,2024-03-13 12:00:00,pricing,3535
2334,214,add_to_cart,2024-03-16 20:00:00,pricing,1105
2335,214,add_to_cart,2024-03-24 16:00:00,product,2879
2336,215,page_view,2024-06-19 00:00:00,home,9516
2337,215,page_view,2024-06-23 03:00:00,home,8761
2338,215,checkout_start,2024-06-20 01:00:00,checkout,7401
2339,215,purchase,2024-06-21 08:00:00,cart,7628
2340,216,checkout_start,2024-02-26 20:00:00,blog,9957
2341,216,checkout_start,2024-03-01 02:00:00,pricing,8194
2342,216,add_to_cart,2024-03-18 01:00:00,checkout,3396
2343,216,page_view,2024-03-17 03:00:00,product,4943
2344,216,signup,2024-02-26 06:00:00,pricing,9956
2345,216,signup,2024-02-27 13:00:00,cart,5742
2346,216,page_view,2024-03-18 11:00:00,confirmation,9076
2347,216,add_to_cart,2024-03-05 16:00:00,checkout,7321
2348,216,checkout_start,2024-03-19 18:00:00,checkout,7830
2349,216,page_view,2024-03-08 03:00:00,cart,8488
2350,216,signup,2024-02-24 03:00:00,home,5960
2351,216,add_to_cart,2024-02-20 10:00:00,pricing,8282
2352,216,purchase,2024-02-20 19:00:00,cart,3282
2353,216,checkout_start,2024-03-09 23:00:00,checkout,5536
2354,216,purchase,2024-02-19 09:00:00,cart,9202
2355,216,page_view,2024-03-11 11:00:00,pricing,9602
2356,216,signup,2024-03-06 15:00:00,product,3480
2357,217,add_to_cart,2024-06-20 23:00:00,cart,8528
2358,217,page_view,2024-05-29 23:00:00,blog,5963
2359,217,page_view,2024-06-09 19:00:00,blog,8925
2360,217,purchase,2024-06-09 01:00:00,confirmation,3955
2361,217,add_to_cart,2024-06-17 13:00:00,confirmation,9608
2362,217,page_view,2024-06-04 01:00:00,cart,6703
2363,217,add_to_cart,2024-06-17 22:00:00,checkout,2107
2364,217,page_view,2024-05-25 22:00:00,pricing,3607
2365,217,page_view,2024-06-02 21:00:00,home,9182
2366,217,signup,2024-06-21 23:00:00,blog,4793
2367,217,page_view,2024-06-03 02:00:00,product,7292
2368,217,purchase,2024-06-10 22:00:00,home,5103
2369,217,page_view,2024-05-28 21:00:00,pricing,2194
2370,218,add_to_cart,2024-02-12 23:00:00,blog,1482
2371,218,page_view,2024-02-04 10:00:00,pricing,8364
2372,218,page_view,2024-02-13 02:00:00,pricing,4272
2373,218,page_view,2024-02-05 08:00:00,checkout,5687
2374,218,page_view,2024-02-06 14:00:00,product,8111
2375,218,checkout_start,2024-02-19 13:00:00,product,2409
2376,218,page_view,2024-02-21 20:00:00,pricing,2576
2377,218,page_view,2024-02-05 16:00:00,product,1085
2378,218,add_to_cart,2024-02-12 08:00:00,confirmation,9955
2379,218,page_view,2024-01-31 01:00:00,pricing,9653
2380,218,page_view,2024-02-18 04:00:00,product,8761
2381,218,page_view,2024-02-18 08:00:00,confirmation,3258
2382,218,signup,2024-01-30 20:00:00,pricing,7162
2383,218,signup,2024-01-31 00:00:00,product,9474
2384,218,page_view,2024-02-09 17:00:00,checkout,4777
2385,218,add_to_cart,2024-01-30 04:00:00,cart,1369
2386,219,purchase,2024-06-25 08:00:00,cart,7396
2387,219,page_view,2024-06-30 00:00:00,blog,3586
2388,219,page_view,2024-06-25 06:00:00,confirmation,4955
2389,219,purchase,2024-06-30 00:00:00,confirmation,6115
2390,219,add_to_cart,2024-06-30 00:00:00,confirmation,2816
2391,219,signup,2024-06-30 00:00:00,cart,1491
2392,219,page_view,2024-06-14 09:00:00,cart,4285
2393,219,checkout_start,2024-06-27 06:00:00,home,3282
2394,219,signup,2024-06-21 17:00:00,pricing,6400
2395,220,signup,2024-03-02 01:00:00,blog,1579
2396,220,purchase,2024-03-06 18:00:00,checkout,2320
2397,220,signup,2024-03-15 12:00:00,product,5432
2398,221,page_view,2024-04-27 10:00:00,confirmation,4690
2399,221,page_view,2024-05-20 17:00:00,checkout,5971
2400,221,page_view,2024-05-02 17:00:00,home,1431
2401,222,add_to_cart,2024-04-23 19:00:00,checkout,1296
2402,222,signup,2024-04-24 13:00:00,checkout,7180
2403,222,page_view,2024-04-30 16:00:00,pricing,7993
2404,222,page_view,2024-04-24 10:00:00,checkout,2933
2405,222,purchase,2024-04-27 06:00:00,cart,6763
2406,222,page_view,2024-04-09 06:00:00,home,4902
2407,222,page_view,2024-04-10 21:00:00,home,4721
2408,222,add_to_cart,2024-04-18 14:00:00,blog,9785
2409,223,purchase,2024-02-13 22:00:00,home,5094
2410,223,page_view,2024-02-14 10:00:00,product,8185
2411,223,page_view,2024-02-19 16:00:00,cart,6728
2412,223,add_to_cart,2024-03-08 16:00:00,product,5790
2413,223,add_to_cart,2024-02-17 12:00:00,checkout,3005
2414,223,page_view,2024-03-11 00:00:00,cart,9907
2415,223,signup,2024-02-20 18:00:00,pricing,6848
2416,223,signup,2024-02-21 09:00:00,cart,7011
2417,223,page_view,2024-03-06 12:00:00,pricing,5001
2418,223,checkout_start,2024-03-05 11:00:00,cart,9870
2419,223,page_view,2024-03-04 11:00:00,cart,7731
2420,223,signup,2024-03-09 12:00:00,home,4335
2421,223,checkout_start,2024-02-17 20:00:00,confirmation,4777
2422,223,add_to_cart,2024-02-25 00:00:00,product,3011
2423,223,add_to_cart,2024-02-27 21:00:00,blog,3325
2424,223,purchase,2024-02-13 12:00:00,pricing,8213
2425,223,add_to_cart,2024-03-10 17:00:00,home,1348
2426,223,checkout_start,2024-03-04 06:00:00,cart,5554
2427,223,page_view,2024-03-08 02:00:00,blog,2384
2428,223,page_view,2024-02-14 13:00:00,confirmation,7290
2429,224,checkout_start,2024-05-06 19:00:00,checkout,8274
2430,224,page_view,2024-05-07 21:00:00,checkout,4021
2431,224,signup,2024-06-03 03:00:00,home,5999
2432,224,signup,2024-05-07 08:00:00,cart,1425
2433,224,add_to_cart,2024-05-31 23:00:00,cart,5301
2434,224,page_view,2024-05-31 05:00:00,home,6586
2435,224,signup,2024-06-01 12:00:00,checkout,1935
2436,224,signup,2024-05-10 15:00:00,pricing,5709
2437,224,signup,2024-05-28 19:00:00,confirmation,9501
2438,224,page_view,2024-05-17 02:00:00,checkout,8656
2439,224,page_view,2024-05-16 03:00:00,home,5598
2440,224,purchase,2024-06-04 02:00:00,home,5094
2441,224,page_view,2024-05-29 03:00:00,confirmation,7465
2442,224,add_to_cart,2024-05-07 15:00:00,cart,5403
2443,224,page_view,2024-06-03 03:00:00,pricing,1202
2444,224,page_view,2024-05-11 07:00:00,pricing,6259
2445,224,checkout_start,2024-05-17 06:00:00,checkout,8581
2446,225,page_view,2024-04-23 18:00:00,home,6877
2447,225,add_to_cart,2024-04-25 11:00:00,confirmation,4569
2448,226,signup,2024-03-31 11:00:00,home,5529
2449,226,signup,2024-04-24 00:00:00,home,8216
2450,226,page_view,2024-04-05 16:00:00,blog,5524
2451,226,checkout_start,2024-04-09 01:00:00,product,4726
2452,226,page_view,2024-04-24 21:00:00,blog,1812
2453,226,page_view,2024-04-07 22:00:00,home,4018
2454,226,signup,2024-04-27 04:00:00,checkout,6199
2455,226,signup,2024-03-30 18:00:00,product,1996
2456,226,purchase,2024-04-09 01:00:00,home,6789
2457,226,add_to_cart,2024-04-21 01:00:00,confirmation,4845
2458,226,page_view,2024-04-12 22:00:00,confirmation,8271
2459,226,signup,2024-04-02 19:00:00,product,4343
2460,226,signup,2024-04-11 21:00:00,blog,7815
2461,226,add_to_cart,2024-04-01 01:00:00,cart,3344
2462,226,page_view,2024-03-30 01:00:00,blog,6902
2463,227,checkout_start,2024-04-08 09:00:00,cart,8711
2464,227,add_to_cart,2024-04-03 13:00:00,product,7034
2465,227,page_view,2024-03-23 21:00:00,product,1418
2466,227,add_to_cart,2024-03-26 12:00:00,blog,6129
2467,227,add_to_cart,2024-04-12 19:00:00,pricing,9326
2468,227,add_to_cart,2024-04-15 19:00:00,product,7206
2469,227,page_view,2024-04-15 20:00:00,pricing,3458
2470,227,add_to_cart,2024-04-07 06:00:00,pricing,2285
2471,227,purchase,2024-03-25 07:00:00,product,9249
2472,227,add_to_cart,2024-04-15 12:00:00,pricing,7849
2473,227,add_to_cart,2024-04-13 23:00:00,blog,9646
2474,227,add_to_cart,2024-03-24 04:00:00,pricing,9592
2475,228,page_view,2024-06-28 19:00:00,product,5801
2476,228,page_view,2024-06-20 09:00:00,blog,6930
2477,228,signup,2024-06-19 20:00:00,pricing,2890
2478,228,page_view,2024-06-30 00:00:00,pricing,7716
2479,228,page_view,2024-06-25 10:00:00,confirmation,9284
2480,228,purchase,2024-06-13 06:00:00,pricing,8932
2481,228,page_view,2024-06-30 00:00:00,blog,7862
2482,228,signup,2024-06-19 19:00:00,blog,3052
2483,228,page_view,2024-06-30 00:00:00,checkout,3263
2484,228,page_view,2024-06-30 00:00:00,cart,6596
2485,228,page_view,2024-06-23 09:00:00,checkout,7898
2486,228,purchase,2024-06-30 00:00:00,confirmation,9096
2487,228,checkout_start,2024-06-30 00:00:00,product,3947
2488,228,page_view,2024-06-29 08:00:00,home,7858
2489,228,add_to_cart,2024-06-21 05:00:00,pricing,8698
2490,228,page_view,2024-06-14 07:00:00,home,8068
2491,228,add_to_cart,2024-06-11 00:00:00,home,3168
2492,228,checkout_start,2024-06-30 00:00:00,checkout,7919
2493,229,signup,2024-05-19 10:00:00,confirmation,4955
2494,229,page_view,2024-05-26 12:00:00,blog,6515
2495,229,add_to_cart,2024-06-08 05:00:00,home,1741
2496,229,add_to_cart,2024-05-17 03:00:00,cart,8354
2497,229,add_to_cart,2024-05-31 10:00:00,pricing,8138
2498,229,add_to_cart,2024-05-26 08:00:00,pricing,3205
2499,229,add_to_cart,2024-05-21 19:00:00,confirmation,9345
2500,229,page_view,2024-05-17 13:00:00,home,7060
2501,229,add_to_cart,2024-06-11 18:00:00,checkout,6250
2502,229,page_view,2024-06-01 17:00:00,pricing,5576
2503,229,page_view,2024-05-18 03:00:00,checkout,6588
2504,229,signup,2024-05-16 01:00:00,confirmation,9326
2505,229,page_view,2024-06-01 04:00:00,checkout,6219
2506,230,page_view,2024-01-26 02:00:00,pricing,4451
2507,230,signup,2024-02-07 08:00:00,confirmation,6150
2508,230,page_view,2024-01-24 05:00:00,product,2942
2509,230,page_view,2024-02-01 06:00:00,checkout,4664
2510,230,page_view,2024-01-27 05:00:00,cart,2738
2511,230,add_to_cart,2024-01-29 21:00:00,product,2572
2512,230,signup,2024-01-28 19:00:00,confirmation,3766
2513,231,purchase,2024-02-06 12:00:00,confirmation,9813
2514,231,page_view,2024-01-20 07:00:00,blog,1422
2515,232,page_view,2024-01-26 16:00:00,confirmation,7987
2516,232,signup,2024-02-05 23:00:00,blog,8435
2517,232,purchase,2024-01-30 14:00:00,pricing,2965
2518,232,checkout_start,2024-02-05 23:00:00,checkout,5309
2519,232,checkout_start,2024-01-21 16:00:00,cart,2908
2520,232,checkout_start,2024-02-02 02:00:00,pricing,4644
2521,232,page_view,2024-01-21 04:00:00,confirmation,6494
2522,232,signup,2024-01-29 18:00:00,pricing,9402
2523,232,add_to_cart,2024-02-15 16:00:00,pricing,6157
2524,232,signup,2024-01-19 15:00:00,pricing,9540
2525,232,page_view,2024-01-31 13:00:00,confirmation,1583
2526,232,add_to_cart,2024-02-14 01:00:00,product,3242
2527,232,page_view,2024-02-12 00:00:00,product,4205
2528,233,page_view,2024-01-30 01:00:00,blog,4065
2529,233,page_view,2024-01-31 04:00:00,product,2453
2530,233,checkout_start,2024-02-01 00:00:00,pricing,4509
2531,233,signup,2024-01-10 03:00:00,checkout,4416
2532,233,page_view,2024-01-17 14:00:00,pricing,5310
2533,233,page_view,2024-02-05 04:00:00,confirmation,4845
2534,233,page_view,2024-02-06 05:00:00,confirmation,3950
2535,233,checkout_start,2024-01-22 19:00:00,cart,8947
2536,233,checkout_start,2024-01-30 21:00:00,checkout,6851
2537,233,signup,2024-02-02 04:00:00,home,4586
2538,234,signup,2024-02-21 06:00:00,checkout,6331
2539,234,add_to_cart,2024-02-19 13:00:00,home,3886
2540,234,purchase,2024-02-28 19:00:00,pricing,2860
2541,234,add_to_cart,2024-02-23 19:00:00,pricing,3098
2542,234,checkout_start,2024-02-29 15:00:00,blog,9014
2543,235,page_view,2024-06-30 00:00:00,cart,5389
2544,235,page_view,2024-06-27 15:00:00,blog,7701
2545,235,signup,2024-06-08 14:00:00,cart,5286
2546,235,page_view,2024-06-30 00:00:00,checkout,8240
2547,235,page_view,2024-06-24 03:00:00,home,5396
2548,235,add_to_cart,2024-06-26 17:00:00,cart,1747
2549,235,signup,2024-06-19 03:00:00,product,3728
2550,235,page_view,2024-06-28 20:00:00,pricing,2807
2551,235,add_to_cart,2024-06-30 00:00:00,product,9843
2552,235,purchase,2024-06-06 20:00:00,home,7212
2553,235,checkout_start,2024-06-09 20:00:00,cart,6778
2554,235,page_view,2024-06-29 14:00:00,home,9497
2555,235,page_view,2024-06-14 23:00:00,product,3572
2556,235,page_view,2024-06-28 20:00:00,pricing,4757
2557,235,checkout_start,2024-06-18 09:00:00,cart,6431
2558,236,signup,2024-01-10 04:00:00,product,1223
2559,236,checkout_start,2024-01-02 12:00:00,blog,9627
2560,236,signup,2024-01-05 08:00:00,blog,8944
2561,236,page_view,2024-01-02 19:00:00,cart,1397
2562,236,add_to_cart,2024-01-10 19:00:00,pricing,5051
2563,236,page_view,2024-01-02 10:00:00,home,7190
2564,236,signup,2024-01-28 23:00:00,blog,5423
2565,236,page_view,2024-01-04 14:00:00,confirmation,7805
2566,236,page_view,2024-01-01 20:00:00,blog,9875
2567,236,purchase,2024-01-26 19:00:00,home,7408
2568,236,checkout_start,2024-01-09 06:00:00,blog,6114
2569,236,signup,2024-01-14 19:00:00,pricing,1383
2570,236,page_view,2024-01-13 21:00:00,product,2633
2571,236,purchase,2024-01-12 06:00:00,confirmation,8723
2572,236,page_view,2024-01-17 01:00:00,home,4641
2573,237,page_view,2024-03-12 22:00:00,cart,9736
2574,237,page_view,2024-03-10 14:00:00,home,9143
2575,237,purchase,2024-03-05 19:00:00,blog,9955
2576,237,signup,2024-02-22 14:00:00,confirmation,1407
2577,237,add_to_cart,2024-03-05 22:00:00,checkout,7059
2578,237,signup,2024-03-09 08:00:00,pricing,6089
2579,237,page_view,2024-03-03 04:00:00,pricing,2370
2580,237,signup,2024-02-22 01:00:00,product,9025
2581,237,page_view,2024-03-14 07:00:00,product,7605
2582,237,checkout_start,2024-03-15 07:00:00,confirmation,4808
2583,237,add_to_cart,2024-02-20 12:00:00,cart,7747
2584,237,add_to_cart,2024-03-02 06:00:00,blog,3467
2585,237,page_view,2024-02-19 13:00:00,confirmation,7660
2586,237,page_view,2024-02-18 05:00:00,product,9007
2587,237,signup,2024-03-12 06:00:00,pricing,4862
2588,238,add_to_cart,2024-01-22 16:00:00,confirmation,2334
2589,238,signup,2024-01-07 11:00:00,home,7155
2590,238,add_to_cart,2024-01-08 10:00:00,product,9518
2591,238,page_view,2024-01-08 04:00:00,checkout,2862
2592,238,checkout_start,2024-01-04 15:00:00,checkout,3797
2593,238,checkout_start,2024-01-29 17:00:00,checkout,3291
2594,238,signup,2024-01-26 08:00:00,home,5861
2595,238,signup,2024-01-08 00:00:00,cart,5441
2596,238,page_view,2024-01-25 07:00:00,cart,3718
2597,238,page_view,2024-01-09 00:00:00,pricing,4349
2598,238,purchase,2024-01-29 04:00:00,cart,9509
2599,238,page_view,2024-01-28 19:00:00,checkout,4450
2600,239,page_view,2024-02-08 18:00:00,pricing,8763
2601,239,page_view,2024-02-03 10:00:00,product,3463
2602,239,page_view,2024-02-23 01:00:00,home,6109
2603,239,page_view,2024-03-03 22:00:00,pricing,2537
2604,239,signup,2024-02-25 22:00:00,home,2001
2605,239,signup,2024-02-29 15:00:00,product,2093
2606,239,add_to_cart,2024-02-17 22:00:00,product,6651
2607,239,page_view,2024-02-29 19:00:00,product,5498
2608,239,checkout_start,2024-02-15 03:00:00,blog,7982
2609,239,add_to_cart,2024-02-27 22:00:00,cart,7607
2610,239,signup,2024-02-13 20:00:00,pricing,4319
2611,239,signup,2024-02-06 07:00:00,home,4546
2612,240,page_view,2024-05-31 14:00:00,home,3075
2613,240,signup,2024-06-15 06:00:00,blog,7274
2614,240,signup,2024-06-07 02:00:00,blog,5542
2615,240,add_to_cart,2024-06-19 06:00:00,checkout,4429
2616,240,page_view,2024-05-31 04:00:00,product,4546
2617,240,purchase,2024-05-27 21:00:00,confirmation,3400
2618,240,page_view,2024-05-30 02:00:00,blog,1004
2619,240,page_view,2024-06-06 19:00:00,home,3244
2620,240,checkout_start,2024-06-14 19:00:00,checkout,8728
2621,240,page_view,2024-06-06 22:00:00,blog,2921
2622,241,page_view,2024-02-14 21:00:00,blog,7316
2623,241,page_view,2024-02-11 05:00:00,blog,9552
2624,241,signup,2024-02-04 12:00:00,confirmation,4504
2625,241,purchase,2024-01-29 02:00:00,blog,5550
2626,241,checkout_start,2024-01-28 02:00:00,confirmation,8235
2627,241,add_to_cart,2024-02-11 21:00:00,cart,2970
2628,241,checkout_start,2024-02-14 19:00:00,pricing,6704
2629,241,page_view,2024-01-29 14:00:00,cart,8636
2630,241,page_view,2024-02-19 14:00:00,checkout,4502
2631,242,page_view,2024-03-07 03:00:00,product,1174
2632,242,signup,2024-03-07 08:00:00,confirmation,4193
2633,242,signup,2024-02-28 05:00:00,cart,2541
2634,242,purchase,2024-03-14 17:00:00,confirmation,1212
2635,242,page_view,2024-03-24 21:00:00,pricing,5504
2636,242,signup,2024-03-26 09:00:00,home,5145
2637,242,add_to_cart,2024-03-10 16:00:00,confirmation,1498
2638,242,purchase,2024-03-19 02:00:00,pricing,8446
2639,242,page_view,2024-03-19 22:00:00,pricing,9938
2640,242,page_view,2024-03-03 10:00:00,home,3509
2641,242,checkout_start,2024-03-06 13:00:00,product,2356
2642,242,checkout_start,2024-03-16 21:00:00,home,1918
2643,242,add_to_cart,2024-03-17 22:00:00,home,6148
2644,242,checkout_start,2024-03-03 03:00:00,cart,4181
2645,242,add_to_cart,2024-03-26 22:00:00,home,6450
2646,242,checkout_start,2024-03-27 16:00:00,cart,3772
2647,242,add_to_cart,2024-03-24 00:00:00,cart,9459
2648,242,purchase,2024-02-28 14:00:00,checkout,7821
2649,242,add_to_cart,2024-03-27 11:00:00,home,4161
2650,243,add_to_cart,2024-06-19 07:00:00,home,3827
2651,243,page_view,2024-06-30 00:00:00,confirmation,4255
2652,243,signup,2024-06-30 00:00:00,product,1052
2653,243,page_view,2024-06-26 06:00:00,cart,2928
2654,243,signup,2024-06-27 13:00:00,blog,2410
2655,243,purchase,2024-06-30 00:00:00,home,2904
2656,243,page_view,2024-06-16 20:00:00,home,4041
2657,243,signup,2024-06-26 13:00:00,home,3774
2658,243,page_view,2024-06-13 10:00:00,cart,8542
2659,243,checkout_start,2024-06-16 11:00:00,product,6042
2660,243,add_to_cart,2024-06-30 00:00:00,blog,4130
2661,243,page_view,2024-06-18 15:00:00,checkout,5703
2662,243,page_view,2024-06-20 14:00:00,confirmation,6169
2663,243,page_view,2024-06-30 00:00:00,product,5469
2664,243,page_view,2024-06-21 12:00:00,cart,5249
2665,243,signup,2024-06-30 00:00:00,home,9026
2666,243,signup,2024-06-28 03:00:00,cart,9569
2667,243,checkout_start,2024-06-30 00:00:00,pricing,3793
2668,244,page_view,2024-02-08 23:00:00,confirmation,4451
2669,244,signup,2024-02-13 23:00:00,pricing,5729
2670,244,page_view,2024-01-23 20:00:00,confirmation,5406
2671,245,add_to_cart,2024-03-15 21:00:00,cart,4575
2672,245,page_view,2024-03-13 22:00:00,home,9471
2673,245,add_to_cart,2024-03-22 02:00:00,checkout,3290
2674,245,signup,2024-03-13 22:00:00,cart,7191
2675,246,page_view,2024-04-27 10:00:00,home,6879
2676,246,page_view,2024-04-26 08:00:00,checkout,6483
2677,246,add_to_cart,2024-05-10 08:00:00,home,4065
2678,246,page_view,2024-05-11 06:00:00,checkout,9958
2679,246,add_to_cart,2024-05-03 22:00:00,checkout,8478
2680,246,signup,2024-05-21 07:00:00,checkout,7542
2681,246,checkout_start,2024-05-16 04:00:00,cart,7114
2682,246,page_view,2024-05-21 15:00:00,pricing,7572
2683,246,page_view,2024-05-08 19:00:00,product,9306
2684,246,signup,2024-04-30 14:00:00,blog,5413
2685,246,signup,2024-05-20 15:00:00,home,3687
2686,246,page_view,2024-05-17 20:00:00,cart,9586
2687,246,purchase,2024-05-04 11:00:00,confirmation,3286
2688,246,add_to_cart,2024-05-01 13:00:00,blog,1881
2689,246,page_view,2024-04-29 20:00:00,blog,3317
2690,246,signup,2024-05-10 18:00:00,product,8546
2691,246,add_to_cart,2024-04-26 00:00:00,product,3819
2692,246,page_view,2024-05-08 20:00:00,product,4869
2693,246,signup,2024-05-04 16:00:00,pricing,5009
2694,246,add_to_cart,2024-05-02 13:00:00,blog,7131
2695,247,page_view,2024-06-23 08:00:00,home,8713
2696,247,add_to_cart,2024-06-26 11:00:00,pricing,4481
2697,248,page_view,2024-06-16 12:00:00,checkout,4977
2698,248,page_view,2024-05-23 02:00:00,cart,3187
2699,248,add_to_cart,2024-06-05 01:00:00,cart,7956
2700,248,page_view,2024-06-13 11:00:00,home,6683
2701,248,add_to_cart,2024-06-08 20:00:00,confirmation,1440
2702,248,checkout_start,2024-05-28 11:00:00,product,4852
2703,248,page_view,2024-06-03 17:00:00,confirmation,1026
2704,248,signup,2024-06-14 01:00:00,checkout,2265
2705,248,page_view,2024-06-15 13:00:00,checkout,4079
2706,248,page_view,2024-05-20 21:00:00,checkout,2521
2707,248,page_view,2024-06-02 11:00:00,product,7974
2708,248,page_view,2024-05-25 10:00:00,checkout,8875
2709,248,page_view,2024-05-20 11:00:00,checkout,3941
2710,248,page_view,2024-05-25 23:00:00,confirmation,2743
2711,248,checkout_start,2024-06-07 20:00:00,cart,2661
2712,248,checkout_start,2024-06-15 23:00:00,blog,1200
2713,248,page_view,2024-05-25 20:00:00,confirmation,9306
2714,249,signup,2024-04-04 06:00:00,checkout,7581
2715,249,add_to_cart,2024-03-24 00:00:00,cart,7962
2716,249,add_to_cart,2024-03-17 00:00:00,home,8377
2717,249,page_view,2024-03-27 10:00:00,checkout,6489
2718,249,purchase,2024-03-28 19:00:00,home,3930
2719,249,signup,2024-03-24 02:00:00,checkout,2310
2720,249,page_view,2024-03-12 09:00:00,pricing,5224
2721,249,signup,2024-03-14 10:00:00,confirmation,8454
2722,249,page_view,2024-03-24 13:00:00,cart,1652
2723,249,checkout_start,2024-03-11 04:00:00,checkout,7014
2724,249,checkout_start,2024-03-08 03:00:00,pricing,7050
2725,249,signup,2024-03-16 18:00:00,pricing,5852
2726,249,signup,2024-03-07 00:00:00,product,5804
2727,249,signup,2024-03-21 05:00:00,checkout,6318
2728,250,page_view,2024-04-19 03:00:00,home,6853
2729,250,signup,2024-03-24 13:00:00,checkout,5073
2730,250,page_view,2024-03-30 11:00:00,home,3065
2731,250,add_to_cart,2024-03-29 04:00:00,checkout,5500
2732,250,purchase,2024-04-06 17:00:00,pricing,4999
2733,250,signup,2024-04-14 08:00:00,home,2253
2734,250,page_view,2024-04-05 22:00:00,product,2656
2735,250,signup,2024-04-08 07:00:00,pricing,2290
2736,250,purchase,2024-04-06 09:00:00,pricing,5947
2737,250,signup,2024-04-10 00:00:00,product,5208
2738,250,add_to_cart,2024-04-19 20:00:00,home,8101
2739,251,signup,2024-01-22 04:00:00,cart,9422
2740,251,checkout_start,2024-02-06 00:00:00,product,1800
2741,251,signup,2024-01-29 23:00:00,product,8158
2742,251,add_to_cart,2024-01-25 17:00:00,blog,4042
2743,251,signup,2024-01-25 19:00:00,home,7531
2744,252,page_view,2024-06-30 00:00:00,home,7671
2745,252,page_view,2024-06-14 20:00:00,checkout,3126
2746,252,page_view,2024-06-17 17:00:00,confirmation,6212
2747,252,page_view,2024-06-10 03:00:00,home,6318
2748,252,page_view,2024-06-15 10:00:00,cart,8547
2749,252,signup,2024-06-30 00:00:00,confirmation,6386
2750,252,page_view,2024-06-29 02:00:00,confirmation,1205
2751,253,page_view,2024-03-19 12:00:00,blog,8280
2752,253,signup,2024-03-11 11:00:00,pricing,9175
2753,253,signup,2024-03-13 23:00:00,product,7390
2754,253,signup,2024-03-15 21:00:00,pricing,2287
2755,253,signup,2024-03-31 22:00:00,cart,2361
2756,253,add_to_cart,2024-03-13 20:00:00,confirmation,7048
2757,253,page_view,2024-03-17 23:00:00,cart,8397
2758,253,signup,2024-04-02 18:00:00,product,3731
2759,253,page_view,2024-03-31 15:00:00,checkout,7805
2760,253,add_to_cart,2024-03-05 23:00:00,cart,9040
2761,253,page_view,2024-03-15 00:00:00,confirmation,3157
2762,253,add_to_cart,2024-03-21 03:00:00,blog,3023
2763,254,page_view,2024-06-30 00:00:00,home,5740
2764,254,checkout_start,2024-06-24 14:00:00,blog,7571
2765,254,signup,2024-06-30 00:00:00,blog,4567
2766,254,purchase,2024-06-30 00:00:00,cart,6233
2767,254,add_to_cart,2024-06-30 00:00:00,pricing,6206
2768,255,signup,2024-03-31 20:00:00,product,7618
2769,255,add_to_cart,2024-03-30 02:00:00,cart,8363
2770,255,purchase,2024-03-15 16:00:00,product,7554
2771,255,page_view,2024-03-21 07:00:00,blog,6473
2772,255,add_to_cart,2024-03-28 19:00:00,pricing,2610
2773,255,signup,2024-03-25 08:00:00,checkout,7852
2774,255,page_view,2024-03-26 12:00:00,home,4673
2775,255,add_to_cart,2024-03-14 21:00:00,confirmation,2319
2776,255,signup,2024-04-03 13:00:00,checkout,1374
2777,255,add_to_cart,2024-03-22 20:00:00,product,8731
2778,255,page_view,2024-04-07 04:00:00,cart,1372
2779,255,checkout_start,2024-04-03 15:00:00,pricing,7378
2780,255,signup,2024-04-01 13:00:00,product,3644
2781,255,page_view,2024-03-28 12:00:00,blog,4920
2782,255,signup,2024-03-16 11:00:00,pricing,4273
2783,255,page_view,2024-03-22 18:00:00,home,1506
2784,255,signup,2024-03-17 19:00:00,checkout,5014
2785,255,add_to_cart,2024-04-07 04:00:00,product,3897
2786,256,add_to_cart,2024-03-05 08:00:00,blog,6427
2787,256,page_view,2024-02-19 19:00:00,pricing,2144
2788,256,add_to_cart,2024-02-13 07:00:00,pricing,7657
2789,256,purchase,2024-03-06 04:00:00,blog,7313
2790,256,checkout_start,2024-02-16 00:00:00,cart,9803
2791,256,add_to_cart,2024-02-18 03:00:00,confirmation,9751
2792,256,signup,2024-02-14 00:00:00,blog,1979
2793,256,checkout_start,2024-02-25 11:00:00,blog,1653
2794,256,page_view,2024-02-28 12:00:00,confirmation,8209
2795,256,checkout_start,2024-03-02 06:00:00,home,3391
2796,256,add_to_cart,2024-02-24 04:00:00,confirmation,2831
2797,256,page_view,2024-02-20 05:00:00,pricing,6567
2798,256,purchase,2024-02-19 01:00:00,blog,8906
2799,256,page_view,2024-02-21 23:00:00,cart,2213
2800,256,checkout_start,2024-03-03 13:00:00,checkout,5009
2801,256,page_view,2024-02-24 02:00:00,pricing,8285
2802,257,add_to_cart,2024-06-16 05:00:00,confirmation,5510
2803,257,page_view,2024-06-22 08:00:00,product,3425
2804,257,page_view,2024-06-19 06:00:00,product,7076
2805,257,page_view,2024-06-21 01:00:00,cart,6024
2806,257,signup,2024-06-03 18:00:00,cart,8787
2807,257,add_to_cart,2024-06-15 18:00:00,product,3106
2808,257,add_to_cart,2024-06-03 06:00:00,blog,7295
2809,257,add_to_cart,2024-06-07 23:00:00,home,4467
2810,257,page_view,2024-06-21 21:00:00,confirmation,1197
2811,257,page_view,2024-06-08 01:00:00,confirmation,9467
2812,257,signup,2024-06-14 07:00:00,product,6639
2813,257,page_view,2024-06-24 11:00:00,blog,9209
2814,258,page_view,2024-06-20 07:00:00,blog,8950
2815,258,page_view,2024-06-25 15:00:00,confirmation,8897
2816,258,signup,2024-06-05 11:00:00,checkout,1233
2817,258,purchase,2024-06-26 12:00:00,cart,4683
2818,258,page_view,2024-06-11 04:00:00,product,5559
2819,258,add_to_cart,2024-06-23 23:00:00,blog,2959
2820,258,page_view,2024-06-25 17:00:00,checkout,8525
2821,258,purchase,2024-06-22 07:00:00,home,9587
2822,258,add_to_cart,2024-06-07 17:00:00,cart,1538
2823,258,add_to_cart,2024-06-15 00:00:00,cart,9313
2824,258,page_view,2024-05-31 20:00:00,confirmation,9810
2825,258,purchase,2024-06-01 09:00:00,home,8317
2826,259,page_view,2024-05-20 07:00:00,cart,3993
2827,259,purchase,2024-05-27 10:00:00,blog,5015
2828,259,add_to_cart,2024-05-07 17:00:00,checkout,3907
2829,259,purchase,2024-04-29 17:00:00,cart,5546
2830,259,add_to_cart,2024-05-01 21:00:00,pricing,2043
2831,259,signup,2024-05-03 15:00:00,home,4403
2832,259,page_view,2024-05-07 17:00:00,blog,8819
2833,259,page_view,2024-05-17 19:00:00,blog,1836
2834,259,checkout_start,2024-05-11 14:00:00,home,4218
2835,259,page_view,2024-05-18 09:00:00,home,8799
2836,259,page_view,2024-05-06 10:00:00,confirmation,4522
2837,259,signup,2024-05-23 12:00:00,confirmation,1157
2838,259,signup,2024-05-22 19:00:00,home,8252
2839,259,page_view,2024-05-25 10:00:00,blog,8475
2840,259,page_view,2024-04-28 00:00:00,checkout,5435
2841,259,add_to_cart,2024-05-19 00:00:00,cart,9311
2842,259,signup,2024-05-18 14:00:00,pricing,5909
2843,259,checkout_start,2024-05-09 06:00:00,product,6589
2844,259,add_to_cart,2024-05-09 17:00:00,confirmation,6059
2845,259,signup,2024-05-24 16:00:00,blog,3984
2846,260,page_view,2024-02-23 06:00:00,confirmation,8708
2847,260,page_view,2024-03-15 03:00:00,home,8078
2848,260,page_view,2024-03-22 17:00:00,blog,8261
2849,260,add_to_cart,2024-03-08 14:00:00,confirmation,3992
2850,260,add_to_cart,2024-03-02 06:00:00,blog,4797
2851,260,page_view,2024-03-03 02:00:00,cart,6243
2852,260,signup,2024-03-16 15:00:00,pricing,5916
2853,260,page_view,2024-03-20 00:00:00,pricing,3532
2854,260,page_view,2024-03-07 19:00:00,blog,7491
2855,260,checkout_start,2024-03-01 07:00:00,confirmation,3574
2856,260,purchase,2024-03-07 21:00:00,checkout,7830
2857,260,page_view,2024-03-05 11:00:00,cart,8732
2858,260,page_view,2024-03-06 22:00:00,cart,6467
2859,260,checkout_start,2024-03-09 02:00:00,cart,8368
2860,260,signup,2024-03-07 03:00:00,checkout,7834
2861,260,add_to_cart,2024-02-23 05:00:00,checkout,1906
2862,260,page_view,2024-03-11 10:00:00,blog,3292
2863,261,page_view,2024-02-16 16:00:00,pricing,4313
2864,261,add_to_cart,2024-02-13 21:00:00,cart,5829
2865,261,page_view,2024-02-20 22:00:00,checkout,7265
2866,261,signup,2024-02-18 21:00:00,pricing,4267
2867,261,add_to_cart,2024-02-14 04:00:00,checkout,5488
2868,261,page_view,2024-02-09 13:00:00,product,6332
2869,261,purchase,2024-02-25 11:00:00,confirmation,8698
2870,261,checkout_start,2024-02-06 23:00:00,checkout,8979
2871,261,page_view,2024-02-15 15:00:00,confirmation,7144
2872,261,page_view,2024-02-07 12:00:00,pricing,6614
2873,261,signup,2024-02-16 18:00:00,checkout,5656
2874,261,signup,2024-02-09 17:00:00,pricing,2212
2875,261,purchase,2024-02-18 20:00:00,pricing,7779
2876,261,checkout_start,2024-02-11 11:00:00,confirmation,5896
2877,261,page_view,2024-02-29 11:00:00,home,8180
2878,261,page_view,2024-02-15 11:00:00,confirmation,5271
2879,262,checkout_start,2024-06-14 15:00:00,pricing,1358
2880,262,add_to_cart,2024-05-28 23:00:00,home,6143
2881,262,purchase,2024-06-07 09:00:00,checkout,4519
2882,262,page_view,2024-05-30 20:00:00,product,8549
2883,262,page_view,2024-06-07 10:00:00,pricing,5243
2884,262,add_to_cart,2024-06-02 21:00:00,home,3298
2885,262,add_to_cart,2024-05-28 02:00:00,checkout,7493
2886,262,checkout_start,2024-06-12 18:00:00,blog,9657
2887,262,purchase,2024-05-25 13:00:00,confirmation,7119
2888,262,signup,2024-05-23 16:00:00,home,9261
2889,262,checkout_start,2024-06-05 22:00:00,checkout,5630
2890,262,page_view,2024-06-16 12:00:00,home,2237
2891,262,page_view,2024-06-16 02:00:00,confirmation,2840
2892,262,page_view,2024-06-14 16:00:00,confirmation,2437
2893,262,purchase,2024-06-16 11:00:00,confirmation,4127
2894,262,add_to_cart,2024-05-26 02:00:00,checkout,5536
2895,262,signup,2024-06-11 20:00:00,pricing,3493
2896,262,page_view,2024-06-19 18:00:00,product,6567
2897,262,signup,2024-06-11 08:00:00,pricing,8084
2898,263,signup,2024-03-31 03:00:00,home,7388
2899,263,page_view,2024-03-14 19:00:00,cart,7998
2900,264,checkout_start,2024-06-10 01:00:00,confirmation,6351
2901,264,signup,2024-06-21 17:00:00,pricing,4282
2902,264,purchase,2024-06-23 12:00:00,pricing,3500
2903,264,add_to_cart,2024-06-07 01:00:00,product,6054
2904,264,page_view,2024-06-06 17:00:00,confirmation,1646
2905,264,signup,2024-06-04 10:00:00,home,6365
2906,265,add_to_cart,2024-02-09 19:00:00,product,5963
2907,265,signup,2024-02-06 23:00:00,cart,4817
2908,265,add_to_cart,2024-02-09 06:00:00,home,3249
2909,265,page_view,2024-02-18 18:00:00,checkout,1416
2910,265,checkout_start,2024-02-18 22:00:00,blog,4417
2911,265,page_view,2024-02-16 05:00:00,checkout,7540
2912,265,page_view,2024-02-08 11:00:00,checkout,3042
2913,265,purchase,2024-02-03 23:00:00,confirmation,9462
2914,265,page_view,2024-02-05 04:00:00,product,2971
2915,265,add_to_cart,2024-02-20 20:00:00,cart,6191
2916,265,page_view,2024-02-17 17:00:00,home,9305
2917,265,signup,2024-02-15 08:00:00,confirmation,2834
2918,266,page_view,2024-05-08 16:00:00,blog,7881
2919,266,purchase,2024-05-25 01:00:00,home,6811
2920,266,purchase,2024-05-23 09:00:00,blog,2069
2921,266,purchase,2024-05-26 12:00:00,pricing,5926
2922,266,purchase,2024-05-17 18:00:00,home,7384
2923,266,page_view,2024-05-28 02:00:00,cart,6296
2924,266,page_view,2024-05-09 22:00:00,product,3905
2925,266,page_view,2024-06-01 02:00:00,confirmation,3551
2926,266,add_to_cart,2024-05-13 23:00:00,blog,1638
2927,266,signup,2024-05-10 14:00:00,product,5801
2928,266,add_to_cart,2024-05-23 20:00:00,blog,3580
2929,266,page_view,2024-05-25 21:00:00,confirmation,3480
2930,266,page_view,2024-06-05 12:00:00,home,3660
2931,266,signup,2024-05-09 06:00:00,cart,7613
2932,266,page_view,2024-06-03 16:00:00,blog,5344
2933,266,page_view,2024-06-03 12:00:00,blog,1423
2934,267,checkout_start,2024-05-27 05:00:00,home,3364
2935,267,page_view,2024-06-12 09:00:00,checkout,9604
2936,267,page_view,2024-06-02 05:00:00,home,6712
2937,267,page_view,2024-06-04 12:00:00,home,2841
2938,267,signup,2024-06-15 07:00:00,checkout,9793
2939,267,page_view,2024-06-13 18:00:00,confirmation,1011
2940,267,signup,2024-06-08 06:00:00,cart,3100
2941,267,add_to_cart,2024-06-08 18:00:00,cart,2579
2942,267,signup,2024-06-15 09:00:00,blog,4215
2943,267,page_view,2024-05-31 08:00:00,product,3336
2944,267,add_to_cart,2024-06-04 14:00:00,pricing,2553
2945,267,page_view,2024-06-12 05:00:00,confirmation,2724
2946,268,page_view,2024-04-13 15:00:00,pricing,5933
2947,268,add_to_cart,2024-04-18 00:00:00,checkout,9518
2948,268,signup,2024-04-26 01:00:00,cart,3157
2949,268,signup,2024-04-17 23:00:00,pricing,3379
2950,268,add_to_cart,2024-04-28 17:00:00,blog,1560
2951,268,add_to_cart,2024-04-20 10:00:00,blog,4242
2952,268,page_view,2024-04-11 18:00:00,pricing,1558
2953,268,page_view,2024-04-14 03:00:00,cart,1191
2954,268,signup,2024-04-28 09:00:00,blog,6634
2955,269,checkout_start,2024-02-06 19:00:00,confirmation,7646
2956,269,purchase,2024-01-30 06:00:00,checkout,5305
2957,269,signup,2024-02-03 06:00:00,pricing,5576
2958,269,add_to_cart,2024-02-07 23:00:00,cart,6525
2959,269,page_view,2024-01-18 22:00:00,blog,8984
2960,269,signup,2024-02-03 10:00:00,home,6609
2961,269,page_view,2024-02-02 03:00:00,blog,6987
2962,269,add_to_cart,2024-01-29 04:00:00,confirmation,3068
2963,270,purchase,2024-06-06 16:00:00,blog,2820
2964,270,signup,2024-06-02 03:00:00,cart,3069
2965,270,page_view,2024-06-11 19:00:00,checkout,2359
2966,270,page_view,2024-06-18 12:00:00,blog,9370
2967,270,page_view,2024-06-05 07:00:00,pricing,4634
2968,271,add_to_cart,2024-02-12 11:00:00,cart,9611
2969,271,add_to_cart,2024-02-29 15:00:00,confirmation,9692
2970,272,checkout_start,2024-06-12 00:00:00,cart,9838
2971,272,add_to_cart,2024-06-19 19:00:00,confirmation,3732
2972,272,page_view,2024-06-25 23:00:00,pricing,3713
2973,272,add_to_cart,2024-06-30 00:00:00,confirmation,4707
2974,272,signup,2024-06-16 11:00:00,confirmation,7947
2975,272,page_view,2024-06-18 15:00:00,checkout,5857
2976,272,purchase,2024-06-26 15:00:00,checkout,8807
2977,272,page_view,2024-06-29 23:00:00,pricing,5915
2978,272,page_view,2024-06-10 00:00:00,pricing,6105
2979,272,purchase,2024-06-18 21:00:00,confirmation,2094
2980,272,add_to_cart,2024-06-12 12:00:00,product,3355
2981,272,checkout_start,2024-06-30 00:00:00,blog,4972
2982,272,checkout_start,2024-06-26 16:00:00,pricing,7865
2983,272,signup,2024-06-26 16:00:00,product,6741
2984,272,page_view,2024-06-13 00:00:00,cart,3300
2985,272,page_view,2024-06-27 03:00:00,pricing,3487
2986,272,signup,2024-06-18 18:00:00,pricing,5513
2987,272,page_view,2024-06-23 23:00:00,home,9529
2988,273,page_view,2024-04-16 08:00:00,pricing,8718
2989,273,add_to_cart,2024-04-03 21:00:00,cart,3045
2990,273,add_to_cart,2024-04-17 02:00:00,checkout,3517
2991,273,checkout_start,2024-03-28 00:00:00,blog,6593
2992,273,purchase,2024-04-05 14:00:00,home,7250
2993,273,page_view,2024-04-04 21:00:00,checkout,7978
2994,273,page_view,2024-04-18 23:00:00,pricing,8983
2995,273,page_view,2024-04-06 10:00:00,home,2451
2996,273,purchase,2024-04-19 17:00:00,blog,6940
2997,273,checkout_start,2024-04-04 07:00:00,pricing,9102
2998,273,purchase,2024-04-23 22:00:00,checkout,1928
2999,274,checkout_start,2024-04-04 22:00:00,pricing,5519
3000,274,add_to_cart,2024-04-03 17:00:00,cart,7875
3001,274,checkout_start,2024-04-21 10:00:00,cart,2361
3002,274,page_view,2024-03-24 13:00:00,blog,8955
3003,274,signup,2024-04-03 08:00:00,product,8106
3004,275,purchase,2024-03-23 10:00:00,blog,8993
3005,275,add_to_cart,2024-04-11 22:00:00,confirmation,7157
3006,275,signup,2024-04-13 21:00:00,pricing,7268
3007,275,add_to_cart,2024-03-20 19:00:00,confirmation,2615
3008,275,page_view,2024-04-12 13:00:00,blog,4909
3009,275,signup,2024-04-03 09:00:00,pricing,7911
3010,275,add_to_cart,2024-04-04 19:00:00,home,6690
3011,275,checkout_start,2024-04-15 14:00:00,blog,8548
3012,275,checkout_start,2024-04-12 11:00:00,home,7532
3013,275,add_to_cart,2024-04-14 19:00:00,checkout,1420
3014,276,page_view,2024-04-23 04:00:00,pricing,6389
3015,276,page_view,2024-04-03 05:00:00,checkout,1464
3016,276,checkout_start,2024-04-18 11:00:00,cart,6875
3017,276,page_view,2024-04-28 03:00:00,product,5532
3018,276,checkout_start,2024-04-18 00:00:00,cart,8507
3019,276,purchase,2024-04-28 19:00:00,cart,3631
3020,276,signup,2024-04-07 22:00:00,blog,9966
3021,276,page_view,2024-04-26 15:00:00,checkout,6710
3022,277,checkout_start,2024-03-09 07:00:00,cart,6763
3023,277,signup,2024-03-14 07:00:00,blog,4728
3024,277,checkout_start,2024-03-01 12:00:00,home,2481
3025,277,signup,2024-03-15 06:00:00,confirmation,9146
3026,277,page_view,2024-03-15 06:00:00,checkout,4312
3027,277,checkout_start,2024-02-28 07:00:00,checkout,6744
3028,277,checkout_start,2024-03-02 09:00:00,cart,3608
3029,278,page_view,2024-06-06 18:00:00,product,6087
3030,278,add_to_cart,2024-06-14 14:00:00,confirmation,5853
3031,278,signup,2024-06-16 21:00:00,checkout,2244
3032,278,page_view,2024-06-01 11:00:00,pricing,7629
3033,278,page_view,2024-06-04 05:00:00,cart,9729
3034,278,page_view,2024-06-08 02:00:00,checkout,2697
3035,278,add_to_cart,2024-06-05 12:00:00,home,6305
3036,279,checkout_start,2024-05-20 21:00:00,product,9978
3037,279,add_to_cart,2024-05-08 14:00:00,cart,1431
3038,279,page_view,2024-05-23 02:00:00,pricing,4587
3039,279,checkout_start,2024-05-12 11:00:00,checkout,4538
3040,279,page_view,2024-05-08 04:00:00,product,1340
3041,279,signup,2024-05-28 02:00:00,checkout,7791
3042,279,signup,2024-05-25 17:00:00,confirmation,4149
3043,279,page_view,2024-05-19 14:00:00,confirmation,7547
3044,279,signup,2024-05-28 18:00:00,checkout,5284
3045,280,signup,2024-03-20 05:00:00,cart,4845
3046,280,signup,2024-03-22 15:00:00,home,3203
3047,280,checkout_start,2024-03-22 17:00:00,pricing,5045
3048,280,signup,2024-03-31 23:00:00,home,9314
3049,280,signup,2024-03-29 07:00:00,home,4732
3050,280,add_to_cart,2024-03-23 20:00:00,pricing,4669
3051,280,page_view,2024-03-28 20:00:00,blog,1871
3052,280,add_to_cart,2024-03-28 15:00:00,checkout,8146
3053,280,purchase,2024-03-11 18:00:00,product,1362
3054,280,signup,2024-04-01 21:00:00,pricing,1942
3055,280,signup,2024-03-23 19:00:00,pricing,3422
3056,280,add_to_cart,2024-03-11 17:00:00,home,5523
3057,280,page_view,2024-04-02 07:00:00,pricing,1451
3058,281,add_to_cart,2024-02-07 09:00:00,product,7492
3059,281,add_to_cart,2024-01-29 04:00:00,cart,9821
3060,281,add_to_cart,2024-02-18 17:00:00,cart,4810
3061,281,checkout_start,2024-02-13 07:00:00,confirmation,7670
3062,281,add_to_cart,2024-01-26 03:00:00,pricing,6152
3063,281,purchase,2024-01-20 06:00:00,home,6871
3064,281,page_view,2024-02-14 01:00:00,home,2042
3065,281,signup,2024-02-11 14:00:00,product,4188
3066,281,purchase,2024-01-30 14:00:00,blog,3938
3067,281,page_view,2024-01-27 17:00:00,checkout,2957
3068,281,page_view,2024-02-03 03:00:00,checkout,7347
3069,281,page_view,2024-02-06 09:00:00,checkout,3269
3070,281,page_view,2024-02-03 15:00:00,cart,6818
3071,281,add_to_cart,2024-01-27 13:00:00,cart,9186
3072,281,page_view,2024-01-23 20:00:00,checkout,4286
3073,281,page_view,2024-01-29 16:00:00,pricing,2336
3074,281,signup,2024-02-03 11:00:00,home,9583
3075,282,checkout_start,2024-02-04 20:00:00,home,1969
3076,282,page_view,2024-03-04 03:00:00,product,1028
3077,282,page_view,2024-02-26 13:00:00,cart,7303
3078,282,page_view,2024-02-17 01:00:00,confirmation,7141
3079,282,purchase,2024-02-06 23:00:00,product,9162
3080,282,signup,2024-02-11 18:00:00,cart,2588
3081,282,purchase,2024-03-04 03:00:00,confirmation,7130
3082,282,page_view,2024-02-28 11:00:00,checkout,3908
3083,282,page_view,2024-02-25 15:00:00,blog,8292
3084,282,add_to_cart,2024-02-05 07:00:00,confirmation,2970
3085,283,page_view,2024-06-08 10:00:00,pricing,3955
3086,283,signup,2024-06-21 04:00:00,home,9153
3087,283,add_to_cart,2024-06-04 05:00:00,confirmation,6527
3088,283,purchase,2024-06-15 09:00:00,confirmation,7370
3089,283,purchase,2024-06-15 02:00:00,pricing,2072
3090,283,page_view,2024-06-10 10:00:00,product,4923
3091,283,page_view,2024-06-16 22:00:00,checkout,1681
3092,283,page_view,2024-06-11 06:00:00,checkout,2618
3093,283,page_view,2024-06-18 04:00:00,pricing,6251
3094,283,signup,2024-06-18 11:00:00,pricing,9715
3095,283,page_view,2024-06-18 06:00:00,confirmation,4292
3096,284,page_view,2024-03-16 16:00:00,blog,4244
3097,284,purchase,2024-03-15 11:00:00,checkout,7623
3098,284,page_view,2024-03-21 13:00:00,checkout,1390
3099,284,page_view,2024-03-23 23:00:00,confirmation,8931
3100,284,page_view,2024-03-29 00:00:00,checkout,5705
3101,284,add_to_cart,2024-04-01 04:00:00,confirmation,1682
3102,284,purchase,2024-03-11 00:00:00,cart,9893
3103,284,add_to_cart,2024-03-10 09:00:00,pricing,1785
3104,284,page_view,2024-03-25 19:00:00,cart,7306
3105,284,page_view,2024-03-11 00:00:00,confirmation,1859
3106,284,checkout_start,2024-04-01 04:00:00,pricing,9329
3107,285,signup,2024-04-08 14:00:00,pricing,1732
3108,285,page_view,2024-04-10 03:00:00,product,4630
3109,285,page_view,2024-04-14 15:00:00,product,9114
3110,285,signup,2024-04-09 19:00:00,confirmation,1255
3111,285,purchase,2024-04-02 22:00:00,product,2905
3112,285,page_view,2024-04-13 09:00:00,product,6419
3113,285,purchase,2024-04-08 13:00:00,blog,4741
3114,285,purchase,2024-04-16 20:00:00,checkout,1733
3115,285,page_view,2024-04-07 15:00:00,product,5230
3116,285,add_to_cart,2024-04-19 00:00:00,pricing,6074
3117,285,purchase,2024-04-09 17:00:00,pricing,5466
3118,285,add_to_cart,2024-04-18 11:00:00,checkout,7777
3119,285,page_view,2024-04-17 02:00:00,product,8998
3120,285,add_to_cart,2024-04-11 19:00:00,pricing,7479
3121,285,add_to_cart,2024-04-02 18:00:00,checkout,3111
3122,285,add_to_cart,2024-04-29 06:00:00,home,2874
3123,285,page_view,2024-04-05 22:00:00,blog,9004
3124,285,page_view,2024-04-03 20:00:00,cart,3742
3125,286,add_to_cart,2024-04-07 01:00:00,pricing,7524
3126,286,signup,2024-03-21 03:00:00,cart,5284
3127,286,add_to_cart,2024-03-13 15:00:00,checkout,4311
3128,286,signup,2024-03-12 16:00:00,checkout,4289
3129,286,signup,2024-03-14 10:00:00,home,8683
3130,286,page_view,2024-03-29 10:00:00,product,1623
3131,286,page_view,2024-03-25 13:00:00,blog,2104
3132,286,signup,2024-03-19 07:00:00,cart,8177
3133,286,signup,2024-03-15 02:00:00,blog,1672
3134,286,purchase,2024-04-06 06:00:00,blog,4096
3135,287,page_view,2024-03-25 13:00:00,home,3502
3136,287,checkout_start,2024-03-26 13:00:00,cart,3875
3137,287,signup,2024-03-26 22:00:00,pricing,1924
3138,287,page_view,2024-03-28 16:00:00,cart,9283
3139,287,page_view,2024-03-14 17:00:00,pricing,4184
3140,287,add_to_cart,2024-03-26 07:00:00,checkout,1414
3141,287,page_view,2024-03-30 19:00:00,product,9659
3142,287,signup,2024-03-24 06:00:00,product,9964
3143,288,page_view,2024-05-01 10:00:00,home,7716
3144,288,signup,2024-05-21 02:00:00,confirmation,3783
3145,288,page_view,2024-05-12 17:00:00,product,2700
3146,288,page_view,2024-05-28 04:00:00,checkout,1056
3147,288,page_view,2024-05-23 00:00:00,checkout,2960
3148,288,add_to_cart,2024-05-08 13:00:00,home,9938
3149,288,page_view,2024-05-02 03:00:00,blog,8805
3150,288,add_to_cart,2024-05-23 09:00:00,cart,7336
3151,288,purchase,2024-05-18 04:00:00,product,9037
3152,288,page_view,2024-05-25 03:00:00,pricing,8454
3153,288,purchase,2024-05-19 10:00:00,product,8441
3154,288,checkout_start,2024-05-21 21:00:00,product,3365
3155,289,add_to_cart,2024-04-24 04:00:00,checkout,5214
3156,289,page_view,2024-04-03 20:00:00,home,8073
3157,289,page_view,2024-04-09 19:00:00,checkout,7723
3158,289,checkout_start,2024-04-20 02:00:00,checkout,3048
3159,289,page_view,2024-04-23 17:00:00,checkout,7899
3160,289,signup,2024-04-14 19:00:00,checkout,8272
3161,289,signup,2024-04-13 13:00:00,cart,6341
3162,289,page_view,2024-04-25 09:00:00,pricing,9682
3163,289,page_view,2024-04-05 18:00:00,pricing,4128
3164,289,page_view,2024-04-21 06:00:00,blog,6954
3165,289,signup,2024-04-16 18:00:00,blog,7688
3166,290,page_view,2024-04-29 11:00:00,checkout,3315
3167,290,page_view,2024-04-22 01:00:00,pricing,8410
3168,290,purchase,2024-04-14 19:00:00,blog,7752
3169,290,page_view,2024-04-04 04:00:00,cart,3567
3170,290,page_view,2024-04-30 03:00:00,confirmation,8074
3171,290,purchase,2024-04-09 16:00:00,home,4382
3172,290,signup,2024-04-18 11:00:00,product,5478
3173,290,signup,2024-05-01 00:00:00,product,7584
3174,290,checkout_start,2024-04-26 12:00:00,product,3468
3175,290,page_view,2024-04-19 13:00:00,product,3139
3176,290,page_view,2024-04-22 18:00:00,blog,9693
3177,290,checkout_start,2024-04-28 19:00:00,pricing,2590
3178,290,page_view,2024-04-04 18:00:00,home,1864
3179,291,page_view,2024-05-21 20:00:00,cart,4326
3180,291,purchase,2024-05-24 10:00:00,cart,2081
3181,291,add_to_cart,2024-06-02 11:00:00,cart,8317
3182,291,page_view,2024-06-07 06:00:00,product,5747
3183,291,page_view,2024-05-30 22:00:00,confirmation,3618
3184,291,page_view,2024-05-24 11:00:00,home,9721
3185,291,signup,2024-06-13 09:00:00,confirmation,8693
3186,291,purchase,2024-06-16 20:00:00,pricing,5086
3187,291,add_to_cart,2024-05-22 20:00:00,product,8289
3188,291,add_to_cart,2024-05-22 03:00:00,product,7241
3189,291,page_view,2024-06-07 04:00:00,product,1326
3190,291,add_to_cart,2024-06-12 00:00:00,blog,6937
3191,292,signup,2024-04-19 22:00:00,checkout,1325
3192,292,purchase,2024-04-15 23:00:00,confirmation,6633
3193,292,purchase,2024-04-09 11:00:00,cart,2128
3194,292,page_view,2024-04-02 13:00:00,cart,7449
3195,292,page_view,2024-04-01 09:00:00,blog,4229
3196,292,page_view,2024-04-22 01:00:00,pricing,2361
3197,292,add_to_cart,2024-04-10 03:00:00,blog,9105
3198,292,add_to_cart,2024-03-26 16:00:00,confirmation,7844
3199,292,page_view,2024-04-02 05:00:00,cart,4146
3200,292,page_view,2024-04-16 21:00:00,confirmation,1384
3201,292,page_view,2024-04-15 21:00:00,product,1852
3202,292,page_view,2024-04-22 16:00:00,cart,5310
3203,292,purchase,2024-04-14 03:00:00,cart,1662
3204,292,add_to_cart,2024-04-06 15:00:00,blog,8505
3205,292,page_view,2024-04-23 03:00:00,confirmation,1514
3206,292,checkout_start,2024-03-31 13:00:00,confirmation,1174
3207,293,page_view,2024-03-16 19:00:00,product,8702
3208,293,page_view,2024-04-01 05:00:00,pricing,5428
3209,293,page_view,2024-04-14 17:00:00,cart,9398
3210,293,signup,2024-04-03 02:00:00,cart,3168
3211,293,add_to_cart,2024-03-30 18:00:00,confirmation,4160
3212,293,page_view,2024-04-05 20:00:00,home,8370
3213,293,page_view,2024-04-13 15:00:00,pricing,6220
3214,293,checkout_start,2024-04-06 17:00:00,home,3105
3215,293,page_view,2024-03-20 13:00:00,product,7117
3216,293,page_view,2024-03-18 18:00:00,blog,4882
3217,293,checkout_start,2024-03-19 17:00:00,home,1220
3218,293,checkout_start,2024-03-30 13:00:00,confirmation,2153
3219,293,signup,2024-03-22 15:00:00,blog,8549
3220,293,checkout_start,2024-04-11 22:00:00,blog,2733
3221,293,page_view,2024-04-11 03:00:00,pricing,3272
3222,293,purchase,2024-03-24 12:00:00,home,4040
3223,293,add_to_cart,2024-03-19 21:00:00,home,1062
3224,293,checkout_start,2024-04-03 11:00:00,product,4444
3225,293,add_to_cart,2024-03-18 03:00:00,checkout,6249
3226,293,signup,2024-04-11 16:00:00,checkout,4232
3227,294,add_to_cart,2024-02-07 19:00:00,checkout,5719
3228,294,signup,2024-02-10 20:00:00,blog,2003
3229,294,page_view,2024-01-31 21:00:00,home,2303
3230,294,purchase,2024-01-20 12:00:00,cart,3357
3231,294,signup,2024-02-05 03:00:00,product,3031
3232,294,add_to_cart,2024-02-11 23:00:00,product,4064
3233,294,add_to_cart,2024-01-26 17:00:00,product,3661
3234,294,add_to_cart,2024-01-29 20:00:00,confirmation,5861
3235,294,signup,2024-02-07 15:00:00,pricing,5676
3236,294,signup,2024-01-22 07:00:00,blog,6648
3237,294,signup,2024-01-23 06:00:00,pricing,5123
3238,294,add_to_cart,2024-01-25 00:00:00,home,2009
3239,294,signup,2024-01-15 16:00:00,pricing,1989
3240,294,add_to_cart,2024-02-08 10:00:00,checkout,2309
3241,294,add_to_cart,2024-02-10 18:00:00,pricing,8306
3242,294,purchase,2024-01-13 12:00:00,pricing,2445
3243,294,signup,2024-01-26 14:00:00,cart,2079
3244,295,add_to_cart,2024-05-31 04:00:00,cart,8385
3245,295,add_to_cart,2024-06-04 06:00:00,checkout,7069
3246,295,page_view,2024-06-10 07:00:00,checkout,6135
3247,295,purchase,2024-06-12 07:00:00,product,4737
3248,295,page_view,2024-06-14 01:00:00,pricing,6781
3249,295,signup,2024-06-06 11:00:00,checkout,6314
3250,295,signup,2024-06-06 04:00:00,checkout,8408
3251,295,page_view,2024-05-26 12:00:00,blog,7317
3252,295,purchase,2024-06-06 21:00:00,blog,3284
3253,295,page_view,2024-06-02 12:00:00,blog,3447
3254,295,page_view,2024-06-06 01:00:00,checkout,3830
3255,295,signup,2024-05-26 10:00:00,product,4555
3256,295,page_view,2024-05-24 01:00:00,checkout,3455
3257,295,page_view,2024-05-31 13:00:00,home,9148
3258,295,page_view,2024-06-05 17:00:00,blog,5549
3259,295,page_view,2024-05-29 17:00:00,confirmation,9177
3260,295,signup,2024-06-07 11:00:00,blog,3618
3261,295,purchase,2024-06-09 19:00:00,home,6789
3262,295,page_view,2024-05-24 12:00:00,cart,8810
3263,295,page_view,2024-06-14 22:00:00,product,9499
3264,296,signup,2024-03-14 05:00:00,home,6046
3265,296,page_view,2024-03-31 22:00:00,pricing,6089
3266,296,add_to_cart,2024-04-03 04:00:00,confirmation,2996
3267,296,page_view,2024-03-30 13:00:00,cart,6588
3268,296,checkout_start,2024-03-20 22:00:00,blog,3099
3269,296,signup,2024-03-20 18:00:00,checkout,2034
3270,296,signup,2024-03-05 18:00:00,checkout,5032
3271,296,purchase,2024-03-13 22:00:00,pricing,4824
3272,296,add_to_cart,2024-03-18 08:00:00,checkout,5596
3273,296,page_view,2024-03-28 16:00:00,blog,6424
3274,296,page_view,2024-04-03 19:00:00,product,6272
3275,296,signup,2024-03-31 23:00:00,product,4883
3276,296,signup,2024-03-15 15:00:00,checkout,1317
3277,296,signup,2024-03-18 08:00:00,home,7293
3278,296,add_to_cart,2024-03-11 07:00:00,home,9670
3279,296,signup,2024-03-25 22:00:00,pricing,5358
3280,296,signup,2024-03-07 20:00:00,blog,4165
3281,297,page_view,2024-05-13 02:00:00,blog,1967
3282,297,page_view,2024-05-27 05:00:00,pricing,1050
3283,297,page_view,2024-05-20 23:00:00,confirmation,8906
3284,297,page_view,2024-05-30 23:00:00,cart,6243
3285,297,purchase,2024-05-27 16:00:00,confirmation,9786
3286,297,checkout_start,2024-05-15 12:00:00,pricing,4083
3287,297,add_to_cart,2024-06-01 11:00:00,cart,1992
3288,297,signup,2024-05-15 07:00:00,confirmation,5627
3289,297,checkout_start,2024-05-17 14:00:00,checkout,1178
3290,297,page_view,2024-05-19 17:00:00,product,5851
3291,298,add_to_cart,2024-03-02 05:00:00,blog,7904
3292,298,page_view,2024-03-04 08:00:00,blog,3418
3293,299,page_view,2024-06-05 16:00:00,product,8276
3294,299,page_view,2024-05-23 09:00:00,cart,8470
3295,299,page_view,2024-05-21 18:00:00,confirmation,8427
3296,299,page_view,2024-05-22 03:00:00,product,6288
3297,299,page_view,2024-05-10 17:00:00,blog,6349
3298,299,signup,2024-06-02 13:00:00,product,6165
3299,299,signup,2024-05-26 00:00:00,pricing,8114
3300,299,page_view,2024-06-06 13:00:00,product,6351
3301,299,checkout_start,2024-06-05 03:00:00,home,5635
3302,299,signup,2024-05-23 19:00:00,confirmation,1645
3303,299,page_view,2024-05-31 19:00:00,pricing,3160
3304,299,page_view,2024-05-31 04:00:00,home,3292
3305,299,page_view,2024-05-16 11:00:00,product,4850
3306,299,add_to_cart,2024-05-13 22:00:00,cart,6540
3307,299,signup,2024-05-13 11:00:00,blog,2139
3308,299,signup,2024-05-31 00:00:00,home,9596
3309,300,checkout_start,2024-02-15 09:00:00,pricing,3539
3310,300,checkout_start,2024-02-11 09:00:00,blog,4395
3311,300,page_view,2024-02-07 03:00:00,blog,5272
3312,300,page_view,2024-01-28 16:00:00,pricing,1396
3313,300,add_to_cart,2024-01-21 05:00:00,pricing,4694
3314,300,page_view,2024-02-08 10:00:00,product,4811
3315,300,purchase,2024-01-25 12:00:00,product,9201
3316,300,page_view,2024-02-01 15:00:00,blog,7484
3317,300,signup,2024-01-19 19:00:00,cart,9064
3318,300,add_to_cart,2024-01-20 00:00:00,pricing,7798
3319,300,page_view,2024-02-11 11:00:00,product,1589
3320,300,page_view,2024-01-27 21:00:00,checkout,1117
3321,300,add_to_cart,2024-02-02 21:00:00,confirmation,7031
3322,300,checkout_start,2024-02-09 17:00:00,product,7507
3323,300,page_view,2024-01-28 01:00:00,home,5610
3324,301,page_view,2024-03-23 17:00:00,checkout,3619
3325,301,add_to_cart,2024-03-08 14:00:00,cart,6480
3326,301,page_view,2024-03-08 08:00:00,cart,7432
3327,301,add_to_cart,2024-03-05 02:00:00,checkout,1472
3328,301,add_to_cart,2024-03-19 00:00:00,pricing,9385
3329,301,page_view,2024-03-17 07:00:00,home,1682
3330,301,checkout_start,2024-03-16 12:00:00,pricing,4368
3331,301,add_to_cart,2024-03-08 12:00:00,pricing,5892
3332,301,add_to_cart,2024-03-29 10:00:00,confirmation,5970
3333,301,signup,2024-03-15 09:00:00,pricing,4765
3334,302,page_view,2024-02-17 18:00:00,home,6077
3335,302,page_view,2024-02-07 12:00:00,product,6471
3336,302,signup,2024-02-15 19:00:00,pricing,7366
3337,302,signup,2024-02-20 23:00:00,checkout,3707
3338,302,signup,2024-02-27 23:00:00,confirmation,5675
3339,302,checkout_start,2024-03-06 11:00:00,product,2272
3340,302,page_view,2024-03-04 07:00:00,home,1511
3341,302,page_view,2024-03-04 10:00:00,home,5493
3342,302,page_view,2024-02-07 00:00:00,checkout,3613
3343,302,page_view,2024-02-11 03:00:00,product,4125
3344,302,add_to_cart,2024-02-25 01:00:00,cart,2246
3345,302,signup,2024-02-18 22:00:00,home,5873
3346,302,checkout_start,2024-02-08 11:00:00,cart,3323
3347,302,signup,2024-02-18 05:00:00,blog,4353
3348,302,purchase,2024-02-12 03:00:00,pricing,1497
3349,302,page_view,2024-02-27 07:00:00,home,2410
3350,302,signup,2024-02-17 00:00:00,confirmation,5475
3351,302,page_view,2024-02-18 12:00:00,confirmation,8859
3352,302,add_to_cart,2024-02-09 16:00:00,product,4530
3353,302,page_view,2024-02-09 18:00:00,checkout,1489
3354,303,signup,2024-04-29 05:00:00,checkout,7757
3355,303,purchase,2024-04-15 11:00:00,confirmation,1721
3356,303,page_view,2024-05-06 00:00:00,blog,5601
3357,304,page_view,2024-05-28 10:00:00,cart,1399
3358,304,page_view,2024-06-05 15:00:00,blog,4081
3359,304,add_to_cart,2024-05-18 00:00:00,blog,1031
3360,304,page_view,2024-06-04 17:00:00,confirmation,8132
3361,304,purchase,2024-05-31 20:00:00,checkout,4793
3362,304,page_view,2024-05-10 00:00:00,home,7017
3363,304,checkout_start,2024-05-27 11:00:00,confirmation,3685
3364,304,add_to_cart,2024-05-23 22:00:00,cart,9859
3365,304,page_view,2024-05-14 05:00:00,pricing,6681
3366,304,page_view,2024-05-25 08:00:00,checkout,7096
3367,304,purchase,2024-05-27 22:00:00,blog,5791
3368,305,add_to_cart,2024-02-27 16:00:00,checkout,9884
3369,305,page_view,2024-02-16 09:00:00,checkout,2416
3370,305,page_view,2024-02-24 16:00:00,product,6452
3371,305,add_to_cart,2024-02-14 07:00:00,checkout,9834
3372,305,page_view,2024-02-28 00:00:00,home,6627
3373,305,purchase,2024-02-20 14:00:00,pricing,3376
3374,306,add_to_cart,2024-06-12 01:00:00,pricing,3612
3375,306,page_view,2024-06-13 11:00:00,blog,4372
3376,306,page_view,2024-06-18 13:00:00,blog,7864
3377,306,purchase,2024-05-24 18:00:00,confirmation,1687
3378,306,page_view,2024-06-11 04:00:00,home,5173
3379,306,add_to_cart,2024-06-12 11:00:00,product,4715
3380,306,add_to_cart,2024-06-18 04:00:00,cart,9014
3381,306,page_view,2024-05-24 23:00:00,blog,7116
3382,306,purchase,2024-06-12 09:00:00,confirmation,7435
3383,306,signup,2024-05-29 08:00:00,pricing,7684
3384,306,add_to_cart,2024-06-18 08:00:00,home,4699
3385,306,add_to_cart,2024-06-16 07:00:00,product,4085
3386,307,checkout_start,2024-04-17 12:00:00,checkout,3365
3387,307,add_to_cart,2024-03-30 01:00:00,cart,4962
3388,308,checkout_start,2024-04-25 22:00:00,confirmation,2582
3389,308,page_view,2024-04-21 03:00:00,home,5846
3390,308,page_view,2024-04-18 03:00:00,blog,2168
3391,308,page_view,2024-04-15 20:00:00,home,7912
3392,308,add_to_cart,2024-04-28 06:00:00,home,5918
3393,308,page_view,2024-04-27 15:00:00,product,5977
3394,308,add_to_cart,2024-05-01 06:00:00,checkout,1686
3395,308,signup,2024-05-11 23:00:00,home,9191
3396,308,page_view,2024-04-26 15:00:00,cart,8759
3397,308,add_to_cart,2024-04-29 08:00:00,blog,2605
3398,308,add_to_cart,2024-05-01 00:00:00,confirmation,6751
3399,308,signup,2024-05-12 05:00:00,home,7225
3400,308,purchase,2024-04-14 15:00:00,blog,2422
3401,308,page_view,2024-05-03 06:00:00,home,2359
3402,309,purchase,2024-04-07 22:00:00,checkout,7223
3403,309,page_view,2024-03-26 09:00:00,checkout,1562
3404,309,page_view,2024-03-25 18:00:00,blog,8392
3405,309,add_to_cart,2024-03-21 05:00:00,home,1168
3406,309,page_view,2024-04-10 04:00:00,blog,1462
3407,309,signup,2024-04-02 14:00:00,confirmation,3969
3408,309,page_view,2024-03-31 18:00:00,confirmation,7359
3409,309,add_to_cart,2024-04-03 20:00:00,home,5148
3410,309,page_view,2024-04-05 23:00:00,confirmation,9046
3411,310,page_view,2024-06-19 06:00:00,product,1652
3412,310,add_to_cart,2024-06-12 09:00:00,checkout,2796
3413,310,page_view,2024-06-29 07:00:00,blog,2258
3414,310,signup,2024-06-08 11:00:00,product,1093
3415,310,add_to_cart,2024-06-16 12:00:00,blog,3893
3416,310,page_view,2024-06-16 01:00:00,product,4660
3417,310,checkout_start,2024-06-14 12:00:00,confirmation,9083
3418,311,checkout_start,2024-06-22 23:00:00,home,2663
3419,311,page_view,2024-06-11 00:00:00,pricing,1387
3420,311,signup,2024-06-22 16:00:00,blog,8044
3421,311,add_to_cart,2024-06-04 21:00:00,pricing,7034
3422,311,signup,2024-06-30 00:00:00,checkout,8760
3423,311,page_view,2024-06-05 10:00:00,confirmation,7918
3424,311,page_view,2024-06-06 20:00:00,cart,6859
3425,311,signup,2024-06-24 06:00:00,product,3253
3426,311,page_view,2024-06-09 03:00:00,home,4060
3427,312,add_to_cart,2024-06-30 00:00:00,confirmation,7116
3428,312,page_view,2024-06-30 00:00:00,home,4039
3429,312,signup,2024-06-30 00:00:00,confirmation,1651
3430,312,page_view,2024-06-27 21:00:00,cart,3182
3431,312,page_view,2024-06-30 00:00:00,cart,1982
3432,312,checkout_start,2024-06-30 00:00:00,home,9594
3433,312,page_view,2024-06-30 00:00:00,confirmation,1145
3434,312,checkout_start,2024-06-30 00:00:00,product,6235
3435,313,checkout_start,2024-06-30 00:00:00,product,8778
3436,313,signup,2024-06-30 00:00:00,home,3824
3437,313,signup,2024-06-30 00:00:00,pricing,9870
3438,313,page_view,2024-06-17 00:00:00,product,9353
3439,313,checkout_start,2024-06-20 04:00:00,home,8826
3440,313,purchase,2024-06-30 00:00:00,home,3698
3441,313,add_to_cart,2024-06-24 12:00:00,checkout,6926
3442,313,checkout_start,2024-06-23 14:00:00,checkout,1977
3443,313,page_view,2024-06-30 00:00:00,cart,7465
3444,314,add_to_cart,2024-06-30 00:00:00,cart,7402
3445,314,add_to_cart,2024-06-30 00:00:00,blog,4681
3446,315,add_to_cart,2024-06-27 10:00:00,blog,9348
3447,315,add_to_cart,2024-06-24 08:00:00,blog,3576
3448,315,signup,2024-06-17 07:00:00,cart,9145
3449,315,signup,2024-06-10 04:00:00,home,7837
3450,315,signup,2024-06-09 19:00:00,pricing,3384
3451,315,page_view,2024-06-30 00:00:00,cart,7443
3452,316,add_to_cart,2024-04-05 19:00:00,cart,5972
3453,316,add_to_cart,2024-04-08 20:00:00,cart,8699
3454,316,signup,2024-04-07 19:00:00,blog,3248
3455,316,page_view,2024-04-06 00:00:00,pricing,9022
3456,316,signup,2024-03-31 14:00:00,confirmation,2031
3457,316,add_to_cart,2024-03-27 17:00:00,cart,5734
3458,316,signup,2024-04-11 08:00:00,cart,6311
3459,316,signup,2024-03-27 05:00:00,cart,6019
3460,316,checkout_start,2024-03-25 04:00:00,confirmation,7742
3461,316,page_view,2024-03-28 21:00:00,checkout,4085
3462,317,page_view,2024-03-13 08:00:00,pricing,6922
3463,317,signup,2024-03-07 03:00:00,product,8580
3464,317,signup,2024-03-08 19:00:00,home,5775
3465,317,page_view,2024-03-11 05:00:00,confirmation,6527
3466,317,checkout_start,2024-02-20 19:00:00,blog,9142
3467,317,page_view,2024-02-28 23:00:00,checkout,5435
3468,318,signup,2024-06-21 14:00:00,product,5173
3469,318,page_view,2024-06-27 20:00:00,home,7169
3470,318,purchase,2024-06-25 11:00:00,home,2090
3471,318,checkout_start,2024-06-10 01:00:00,cart,9110
3472,318,purchase,2024-06-21 09:00:00,confirmation,5539
3473,318,signup,2024-06-23 19:00:00,product,5353
3474,318,purchase,2024-06-04 04:00:00,pricing,9020
3475,318,page_view,2024-06-27 09:00:00,checkout,7338
3476,318,page_view,2024-06-15 08:00:00,product,3013
3477,318,add_to_cart,2024-06-17 10:00:00,home,1672
3478,318,page_view,2024-06-04 23:00:00,confirmation,9769
3479,318,page_view,2024-06-13 10:00:00,home,7934
3480,318,page_view,2024-06-10 17:00:00,pricing,1981
3481,318,page_view,2024-06-02 10:00:00,confirmation,5541
3482,318,signup,2024-06-14 03:00:00,product,4611
3483,318,add_to_cart,2024-06-28 09:00:00,blog,5370
3484,318,page_view,2024-06-25 13:00:00,product,3485
3485,318,signup,2024-06-02 23:00:00,cart,4602
3486,318,checkout_start,2024-06-09 07:00:00,blog,7279
3487,318,signup,2024-06-10 16:00:00,home,3627
3488,319,add_to_cart,2024-06-08 08:00:00,cart,8966
3489,319,page_view,2024-05-20 07:00:00,blog,7658
3490,319,page_view,2024-05-24 10:00:00,confirmation,3713
3491,319,purchase,2024-05-22 09:00:00,cart,2759
3492,320,add_to_cart,2024-01-12 04:00:00,checkout,7335
3493,320,page_view,2024-01-21 00:00:00,home,2343
3494,321,signup,2024-05-04 22:00:00,pricing,7299
3495,321,add_to_cart,2024-05-12 05:00:00,home,9868
3496,321,page_view,2024-04-27 14:00:00,pricing,9053
3497,321,checkout_start,2024-05-04 15:00:00,confirmation,6608
3498,321,page_view,2024-04-29 17:00:00,confirmation,7355
3499,321,add_to_cart,2024-05-04 20:00:00,cart,3367
3500,321,page_view,2024-05-16 00:00:00,blog,7187
3501,321,checkout_start,2024-04-23 04:00:00,product,4570
3502,321,page_view,2024-04-29 09:00:00,cart,5075
3503,321,checkout_start,2024-04-28 09:00:00,checkout,8695
3504,321,add_to_cart,2024-04-17 00:00:00,confirmation,4998
3505,321,add_to_cart,2024-05-13 12:00:00,checkout,1358
3506,321,signup,2024-05-02 14:00:00,cart,7241
3507,321,signup,2024-04-16 20:00:00,pricing,8296
3508,321,page_view,2024-05-04 02:00:00,cart,6705
3509,322,page_view,2024-02-27 11:00:00,cart,8840
3510,322,page_view,2024-02-22 17:00:00,blog,9473
3511,322,signup,2024-03-12 13:00:00,product,1594
3512,322,page_view,2024-03-03 06:00:00,blog,4745
3513,322,add_to_cart,2024-02-19 20:00:00,product,2513
3514,322,add_to_cart,2024-03-13 06:00:00,home,5102
3515,322,signup,2024-02-19 09:00:00,cart,8423
3516,322,page_view,2024-02-22 08:00:00,blog,8141
3517,322,checkout_start,2024-02-27 21:00:00,product,4753
3518,323,page_view,2024-04-11 07:00:00,home,4798
3519,323,add_to_cart,2024-04-01 22:00:00,confirmation,3882
3520,323,signup,2024-04-10 07:00:00,checkout,3751
3521,323,page_view,2024-04-08 01:00:00,product,2262
3522,323,add_to_cart,2024-03-31 20:00:00,cart,3928
3523,323,page_view,2024-04-20 18:00:00,checkout,7044
3524,323,page_view,2024-04-05 15:00:00,product,5024
3525,323,page_view,2024-03-29 08:00:00,product,5461
3526,323,checkout_start,2024-04-19 21:00:00,confirmation,9265
3527,323,page_view,2024-03-31 10:00:00,product,1792
3528,323,page_view,2024-04-18 00:00:00,product,4963
3529,323,checkout_start,2024-04-23 23:00:00,confirmation,5575
3530,323,page_view,2024-04-17 17:00:00,product,2800
3531,323,page_view,2024-04-08 14:00:00,confirmation,1692
3532,323,purchase,2024-03-31 20:00:00,product,1009
3533,324,signup,2024-01-23 15:00:00,checkout,7471
3534,324,signup,2024-01-27 11:00:00,checkout,9602
3535,324,purchase,2024-01-23 21:00:00,confirmation,6798
3536,324,signup,2024-01-29 20:00:00,blog,7638
3537,324,signup,2024-01-14 17:00:00,checkout,3734
3538,324,checkout_start,2024-01-25 11:00:00,product,1596
3539,324,page_view,2024-01-12 19:00:00,cart,5889
3540,324,add_to_cart,2024-01-08 22:00:00,checkout,7268
3541,324,page_view,2024-01-20 00:00:00,home,6153
3542,324,page_view,2024-01-24 18:00:00,home,4531
3543,324,add_to_cart,2024-01-22 13:00:00,blog,3411
3544,325,checkout_start,2024-04-18 04:00:00,pricing,3291
3545,325,checkout_start,2024-04-20 16:00:00,checkout,5005
3546,325,page_view,2024-03-30 01:00:00,product,8193
3547,325,signup,2024-04-03 18:00:00,checkout,8621
3548,325,checkout_start,2024-04-08 20:00:00,checkout,3136
3549,325,purchase,2024-04-10 17:00:00,product,3384
3550,325,purchase,2024-04-20 07:00:00,cart,7128
3551,325,page_view,2024-03-26 06:00:00,checkout,8100
3552,325,signup,2024-03-27 07:00:00,cart,9397
3553,325,signup,2024-04-16 12:00:00,blog,8855
3554,325,page_view,2024-03-26 21:00:00,product,6084
3555,325,page_view,2024-04-14 14:00:00,home,3391
3556,325,page_view,2024-04-16 23:00:00,home,9347
3557,325,add_to_cart,2024-04-02 07:00:00,cart,1395
3558,325,signup,2024-04-12 03:00:00,blog,8541
3559,325,add_to_cart,2024-04-07 19:00:00,cart,7028
3560,326,signup,2024-05-31 01:00:00,checkout,8987
3561,326,add_to_cart,2024-05-27 11:00:00,home,9978
3562,326,signup,2024-06-02 03:00:00,product,7191
3563,327,add_to_cart,2024-05-13 04:00:00,pricing,5376
3564,327,page_view,2024-04-21 03:00:00,product,2526
3565,327,page_view,2024-05-11 07:00:00,checkout,4608
3566,327,page_view,2024-04-16 18:00:00,home,3178
3567,327,signup,2024-04-23 07:00:00,product,7841
3568,327,signup,2024-04-21 11:00:00,confirmation,5180
3569,327,page_view,2024-04-23 23:00:00,home,3677
3570,327,page_view,2024-04-16 14:00:00,checkout,2082
3571,327,signup,2024-04-24 08:00:00,product,9085
3572,327,page_view,2024-04-19 20:00:00,checkout,6615
3573,327,add_to_cart,2024-05-11 07:00:00,cart,8682
3574,327,signup,2024-04-26 00:00:00,confirmation,6416
3575,328,page_view,2024-06-30 00:00:00,pricing,9520
3576,328,page_view,2024-06-30 00:00:00,confirmation,5018
3577,328,checkout_start,2024-06-27 15:00:00,checkout,8919
3578,328,page_view,2024-06-29 14:00:00,confirmation,5924
3579,328,purchase,2024-06-30 00:00:00,checkout,1840
3580,328,page_view,2024-06-30 00:00:00,blog,5221
3581,328,checkout_start,2024-06-22 13:00:00,confirmation,4663
3582,328,checkout_start,2024-06-27 08:00:00,product,8607
3583,328,purchase,2024-06-24 12:00:00,pricing,9883
3584,328,page_view,2024-06-30 00:00:00,pricing,7551
3585,328,signup,2024-06-30 00:00:00,cart,2329
3586,328,page_view,2024-06-28 08:00:00,checkout,2086
3587,329,signup,2024-05-27 10:00:00,blog,8080
3588,329,signup,2024-05-31 13:00:00,home,6468
3589,329,page_view,2024-06-09 19:00:00,product,8971
3590,329,purchase,2024-06-14 23:00:00,checkout,4506
3591,329,signup,2024-06-11 07:00:00,product,5693
3592,329,add_to_cart,2024-06-04 09:00:00,product,6506
3593,329,signup,2024-05-31 19:00:00,confirmation,7174
3594,329,page_view,2024-05-28 12:00:00,home,1139
3595,329,signup,2024-05-31 09:00:00,checkout,2512
3596,329,add_to_cart,2024-06-23 18:00:00,home,1034
3597,329,page_view,2024-06-14 02:00:00,product,5774
3598,329,add_to_cart,2024-06-09 15:00:00,blog,6853
3599,330,page_view,2024-06-01 17:00:00,cart,6409
3600,330,page_view,2024-06-02 06:00:00,confirmation,2349
3601,330,add_to_cart,2024-05-30 16:00:00,blog,4149
3602,330,checkout_start,2024-06-05 06:00:00,blog,9034
3603,330,page_view,2024-06-02 14:00:00,cart,9619
3604,330,checkout_start,2024-06-01 01:00:00,cart,3271
3605,330,signup,2024-05-31 18:00:00,blog,5259
3606,330,add_to_cart,2024-06-04 17:00:00,pricing,9435
3607,330,signup,2024-06-02 02:00:00,product,5648
3608,330,page_view,2024-05-30 08:00:00,cart,3667
3609,330,signup,2024-06-27 15:00:00,checkout,6877
3610,330,page_view,2024-06-19 17:00:00,pricing,7571
3611,330,checkout_start,2024-06-15 20:00:00,product,6067
3612,330,page_view,2024-06-26 10:00:00,product,8557
3613,330,add_to_cart,2024-06-04 08:00:00,home,2301
3614,330,signup,2024-05-31 12:00:00,home,3419
3615,330,purchase,2024-06-02 14:00:00,product,3446
3616,330,page_view,2024-06-01 03:00:00,cart,6242
3617,330,page_view,2024-06-22 17:00:00,checkout,8132
3618,330,page_view,2024-06-15 11:00:00,pricing,5956
3619,331,add_to_cart,2024-05-06 04:00:00,cart,3564
3620,331,page_view,2024-05-02 16:00:00,home,1801
3621,331,checkout_start,2024-04-17 08:00:00,blog,5131
3622,331,page_view,2024-05-02 14:00:00,checkout,8594
3623,331,purchase,2024-05-14 02:00:00,blog,6301
3624,331,page_view,2024-05-05 04:00:00,cart,7919
3625,331,page_view,2024-05-14 02:00:00,blog,4014
3626,331,checkout_start,2024-04-16 07:00:00,product,5105
3627,332,signup,2024-05-18 23:00:00,cart,3427
3628,332,checkout_start,2024-05-16 19:00:00,product,9401
3629,332,signup,2024-06-09 18:00:00,cart,4313
3630,332,signup,2024-05-22 16:00:00,blog,1151
3631,332,page_view,2024-06-10 22:00:00,cart,7111
3632,332,page_view,2024-05-29 09:00:00,checkout,9209
3633,332,page_view,2024-05-23 14:00:00,cart,9273
3634,332,signup,2024-05-26 16:00:00,confirmation,4222
3635,332,add_to_cart,2024-06-02 13:00:00,pricing,1645
3636,332,purchase,2024-06-03 09:00:00,confirmation,9964
3637,332,signup,2024-05-27 09:00:00,blog,8478
3638,332,page_view,2024-05-16 21:00:00,home,7673
3639,332,add_to_cart,2024-06-09 03:00:00,blog,2028
3640,332,checkout_start,2024-06-04 05:00:00,checkout,8594
3641,332,signup,2024-06-09 23:00:00,cart,4651
3642,333,page_view,2024-01-19 07:00:00,pricing,1634
3643,333,add_to_cart,2024-01-17 18:00:00,confirmation,5163
3644,333,page_view,2024-01-24 20:00:00,confirmation,4755
3645,333,page_view,2024-01-09 17:00:00,blog,8360
3646,333,page_view,2024-01-18 04:00:00,checkout,1782
3647,333,checkout_start,2024-01-11 05:00:00,cart,9769
3648,333,purchase,2024-01-31 07:00:00,home,9220
3649,333,checkout_start,2024-02-04 07:00:00,blog,1838
3650,333,purchase,2024-01-29 04:00:00,product,9750
3651,333,signup,2024-02-05 05:00:00,blog,2898
3652,333,purchase,2024-01-18 00:00:00,checkout,6383
3653,333,signup,2024-01-15 13:00:00,product,1232
3654,333,signup,2024-02-06 05:00:00,cart,5023
3655,333,page_view,2024-01-28 11:00:00,product,5230
3656,333,add_to_cart,2024-01-15 05:00:00,pricing,5212
3657,333,page_view,2024-01-25 17:00:00,checkout,4343
3658,334,page_view,2024-03-17 10:00:00,cart,6070
3659,334,add_to_cart,2024-03-25 03:00:00,pricing,2123
3660,334,purchase,2024-03-05 06:00:00,blog,2989
3661,334,purchase,2024-03-02 03:00:00,home,5424
3662,334,page_view,2024-03-09 15:00:00,checkout,6530
3663,334,signup,2024-03-07 04:00:00,blog,9758
3664,334,signup,2024-03-21 20:00:00,checkout,5559
3665,335,checkout_start,2024-04-16 04:00:00,cart,3890
3666,335,checkout_start,2024-04-17 13:00:00,confirmation,5100
3667,335,purchase,2024-04-01 18:00:00,confirmation,2415
3668,335,page_view,2024-04-03 16:00:00,cart,3627
3669,336,signup,2024-06-30 00:00:00,checkout,6757
3670,336,page_view,2024-06-17 06:00:00,checkout,8084
3671,336,checkout_start,2024-06-20 10:00:00,blog,7593
3672,336,page_view,2024-06-25 01:00:00,confirmation,8920
3673,336,add_to_cart,2024-06-30 00:00:00,home,4715
3674,336,purchase,2024-06-30 00:00:00,blog,9099
3675,336,add_to_cart,2024-06-30 00:00:00,checkout,6279
3676,336,page_view,2024-06-30 00:00:00,home,1596
3677,336,page_view,2024-06-30 00:00:00,confirmation,6823
3678,336,purchase,2024-06-16 17:00:00,cart,6549
3679,336,add_to_cart,2024-06-30 00:00:00,home,6163
3680,336,page_view,2024-06-30 00:00:00,blog,2572
3681,336,signup,2024-06-30 00:00:00,blog,2908
3682,336,page_view,2024-06-30 00:00:00,checkout,6582
3683,336,add_to_cart,2024-06-21 02:00:00,home,6194
3684,336,page_view,2024-06-26 11:00:00,blog,7973
3685,336,page_view,2024-06-28 12:00:00,home,1899
3686,336,add_to_cart,2024-06-28 19:00:00,product,5231
3687,337,page_view,2024-06-10 12:00:00,blog,7750
3688,337,purchase,2024-06-07 04:00:00,cart,2230
3689,337,page_view,2024-06-25 06:00:00,cart,7666
3690,337,page_view,2024-06-04 23:00:00,cart,6369
3691,337,add_to_cart,2024-06-11 21:00:00,blog,3251
3692,337,add_to_cart,2024-06-26 09:00:00,blog,2640
3693,337,page_view,2024-06-19 11:00:00,cart,6468
3694,337,checkout_start,2024-06-17 13:00:00,product,4478
3695,337,checkout_start,2024-06-28 20:00:00,product,1804
3696,337,page_view,2024-06-15 19:00:00,blog,9868
3697,337,checkout_start,2024-06-07 09:00:00,confirmation,9946
3698,337,purchase,2024-06-16 16:00:00,pricing,5874
3699,337,checkout_start,2024-06-08 06:00:00,blog,1667
3700,337,purchase,2024-06-17 07:00:00,checkout,2523
3701,338,add_to_cart,2024-03-17 11:00:00,product,2126
3702,338,purchase,2024-03-10 00:00:00,confirmation,1065
3703,338,checkout_start,2024-03-10 13:00:00,home,8687
3704,338,signup,2024-03-21 09:00:00,home,5330
3705,338,signup,2024-03-12 18:00:00,confirmation,5056
3706,338,page_view,2024-03-09 11:00:00,product,2701
3707,338,checkout_start,2024-04-01 21:00:00,checkout,4578
3708,338,page_view,2024-03-11 09:00:00,blog,9350
3709,338,purchase,2024-03-16 04:00:00,home,9568
3710,338,signup,2024-03-17 15:00:00,pricing,4072
3711,338,signup,2024-03-27 00:00:00,home,8040
3712,338,add_to_cart,2024-03-15 00:00:00,checkout,4153
3713,339,page_view,2024-03-04 11:00:00,checkout,7742
3714,339,page_view,2024-03-16 16:00:00,product,3042
3715,339,page_view,2024-03-09 22:00:00,confirmation,9153
3716,339,purchase,2024-02-21 01:00:00,checkout,4132
3717,339,add_to_cart,2024-03-02 19:00:00,confirmation,4020
3718,339,signup,2024-03-19 08:00:00,pricing,5076
3719,339,add_to_cart,2024-02-26 15:00:00,product,5095
3720,339,add_to_cart,2024-02-22 23:00:00,pricing,7467
3721,339,purchase,2024-02-26 16:00:00,cart,2845
3722,339,page_view,2024-03-16 12:00:00,product,2814
3723,339,page_view,2024-03-21 16:00:00,home,6592
3724,339,signup,2024-02-29 19:00:00,product,3019
3725,339,page_view,2024-03-07 17:00:00,checkout,7205
3726,339,signup,2024-03-20 03:00:00,cart,8264
3727,339,page_view,2024-03-20 07:00:00,pricing,3390
3728,339,page_view,2024-02-29 19:00:00,product,4977
3729,339,signup,2024-03-12 21:00:00,cart,8167
3730,339,page_view,2024-02-23 02:00:00,checkout,8595
3731,340,checkout_start,2024-06-10 14:00:00,blog,1976
3732,340,signup,2024-06-27 13:00:00,product,7773
3733,340,checkout_start,2024-06-12 17:00:00,product,5643
3734,340,page_view,2024-06-19 22:00:00,blog,1225
3735,340,checkout_start,2024-06-28 04:00:00,confirmation,2069
3736,340,signup,2024-06-30 00:00:00,cart,4675
3737,340,page_view,2024-06-27 04:00:00,blog,5515
3738,341,page_view,2024-05-24 15:00:00,checkout,4613
3739,341,purchase,2024-05-26 16:00:00,home,4840
3740,341,signup,2024-06-04 12:00:00,product,9350
3741,341,purchase,2024-06-04 09:00:00,home,5385
3742,341,signup,2024-05-23 19:00:00,pricing,2619
3743,341,checkout_start,2024-05-19 14:00:00,confirmation,6082
3744,341,page_view,2024-05-25 05:00:00,confirmation,2755
3745,341,checkout_start,2024-05-18 07:00:00,cart,5002
3746,341,purchase,2024-06-05 12:00:00,blog,9682
3747,341,add_to_cart,2024-05-15 19:00:00,confirmation,1055
3748,341,purchase,2024-05-14 08:00:00,cart,7876
3749,341,page_view,2024-06-01 05:00:00,checkout,4168
3750,341,page_view,2024-05-15 23:00:00,cart,7960
3751,341,add_to_cart,2024-05-18 17:00:00,cart,4268
3752,341,signup,2024-06-03 19:00:00,blog,6847
3753,341,page_view,2024-05-12 02:00:00,confirmation,4215
3754,341,page_view,2024-05-18 10:00:00,blog,6507
3755,342,add_to_cart,2024-06-02 02:00:00,confirmation,6462
3756,342,page_view,2024-06-03 00:00:00,confirmation,1269
3757,342,page_view,2024-06-11 10:00:00,confirmation,3244
3758,342,signup,2024-05-22 20:00:00,home,4358
3759,342,signup,2024-06-01 22:00:00,pricing,2189
3760,342,add_to_cart,2024-05-17 09:00:00,confirmation,8229
3761,342,page_view,2024-05-18 18:00:00,product,4579
3762,342,page_view,2024-05-28 19:00:00,cart,1191
3763,342,signup,2024-06-07 01:00:00,cart,8370
3764,342,page_view,2024-05-21 22:00:00,product,2946
3765,342,checkout_start,2024-05-16 23:00:00,blog,9796
3766,342,purchase,2024-06-08 20:00:00,product,1723
3767,342,add_to_cart,2024-06-02 07:00:00,confirmation,3736
3768,343,checkout_start,2024-05-19 21:00:00,product,7747
3769,343,page_view,2024-05-13 02:00:00,confirmation,4757
3770,344,page_view,2024-01-26 20:00:00,pricing,6717
3771,344,add_to_cart,2024-01-30 05:00:00,confirmation,3691
3772,344,add_to_cart,2024-01-16 03:00:00,pricing,1349
3773,344,page_view,2024-02-12 11:00:00,product,3571
3774,344,add_to_cart,2024-01-24 23:00:00,pricing,3939
3775,344,checkout_start,2024-01-23 08:00:00,product,3172
3776,344,signup,2024-01-27 14:00:00,pricing,8364
3777,344,add_to_cart,2024-01-24 15:00:00,home,2931
3778,344,page_view,2024-01-23 17:00:00,blog,5908
3779,344,signup,2024-02-13 07:00:00,pricing,2036
3780,344,signup,2024-01-21 18:00:00,home,3807
3781,344,page_view,2024-01-30 23:00:00,product,7887
3782,344,page_view,2024-01-19 15:00:00,product,4469
3783,344,page_view,2024-01-18 02:00:00,home,8120
3784,344,add_to_cart,2024-01-24 18:00:00,product,5360
3785,344,add_to_cart,2024-02-06 04:00:00,pricing,9697
3786,344,checkout_start,2024-02-09 05:00:00,confirmation,6407
3787,344,page_view,2024-02-03 07:00:00,confirmation,9730
3788,344,signup,2024-02-12 04:00:00,checkout,7961
3789,344,add_to_cart,2024-01-22 08:00:00,blog,8292
3790,345,page_view,2024-01-20 11:00:00,product,1328
3791,345,signup,2024-01-15 08:00:00,checkout,9772
3792,345,purchase,2024-01-26 20:00:00,blog,2889
3793,345,page_view,2024-02-05 15:00:00,home,4764
3794,345,signup,2024-02-05 21:00:00,blog,2854
3795,345,signup,2024-01-30 21:00:00,pricing,3215
3796,345,signup,2024-01-09 06:00:00,confirmation,4797
3797,345,page_view,2024-01-12 09:00:00,home,9329
3798,345,signup,2024-02-01 21:00:00,home,4956
3799,345,signup,2024-01-29 23:00:00,cart,9602
3800,346,page_view,2024-01-28 23:00:00,cart,9993
3801,346,checkout_start,2024-01-30 19:00:00,home,8007
3802,346,checkout_start,2024-02-14 22:00:00,product,3289
3803,346,add_to_cart,2024-02-03 09:00:00,home,9486
3804,346,add_to_cart,2024-01-31 07:00:00,home,7916
3805,346,signup,2024-02-21 01:00:00,pricing,6273
3806,346,page_view,2024-02-13 15:00:00,cart,6532
3807,346,page_view,2024-01-26 06:00:00,home,1447
3808,346,add_to_cart,2024-02-22 08:00:00,blog,1497
3809,346,page_view,2024-01-28 13:00:00,blog,2328
3810,346,add_to_cart,2024-01-28 12:00:00,checkout,2609
3811,346,checkout_start,2024-02-12 17:00:00,confirmation,7087
3812,346,checkout_start,2024-01-27 10:00:00,pricing,1423
3813,346,purchase,2024-01-31 09:00:00,cart,7210
3814,346,page_view,2024-02-22 16:00:00,confirmation,5749
3815,346,page_view,2024-02-06 11:00:00,home,9941
3816,346,add_to_cart,2024-01-31 07:00:00,confirmation,9847
3817,346,page_view,2024-02-14 08:00:00,confirmation,2255
3818,346,page_view,2024-01-31 10:00:00,blog,5734
3819,347,checkout_start,2024-05-16 12:00:00,cart,7216
3820,347,page_view,2024-05-10 00:00:00,checkout,8656
3821,347,page_view,2024-04-21 02:00:00,home,1045
3822,347,page_view,2024-05-18 05:00:00,product,7191
3823,347,add_to_cart,2024-05-04 17:00:00,home,6922
3824,347,page_view,2024-05-12 00:00:00,product,7638
3825,347,signup,2024-05-06 02:00:00,product,7766
3826,347,checkout_start,2024-04-26 08:00:00,confirmation,4733
3827,347,page_view,2024-05-03 17:00:00,home,6999
3828,347,checkout_start,2024-05-03 05:00:00,blog,7149
3829,347,signup,2024-04-21 18:00:00,home,8696
3830,347,signup,2024-04-22 06:00:00,product,7720
3831,347,checkout_start,2024-05-15 16:00:00,confirmation,8537
3832,347,page_view,2024-05-16 08:00:00,home,9615
3833,347,page_view,2024-04-27 21:00:00,home,5387
3834,347,purchase,2024-04-22 00:00:00,blog,7417
3835,347,checkout_start,2024-04-30 18:00:00,home,9671
3836,347,page_view,2024-04-20 05:00:00,pricing,5237
3837,348,purchase,2024-04-05 08:00:00,checkout,5079
3838,348,page_view,2024-04-04 00:00:00,pricing,4075
3839,348,add_to_cart,2024-04-04 13:00:00,checkout,5387
3840,348,page_view,2024-03-23 08:00:00,home,3318
3841,348,signup,2024-04-11 17:00:00,pricing,5835
3842,348,signup,2024-03-20 06:00:00,pricing,6038
3843,348,page_view,2024-03-30 09:00:00,home,4976
3844,349,page_view,2024-03-23 13:00:00,pricing,9656
3845,349,page_view,2024-04-05 09:00:00,cart,5126
3846,349,signup,2024-03-21 12:00:00,home,7392
3847,349,purchase,2024-03-30 10:00:00,pricing,7387
3848,349,page_view,2024-03-24 16:00:00,blog,7122
3849,349,checkout_start,2024-03-30 09:00:00,home,4057
3850,349,checkout_start,2024-04-04 04:00:00,pricing,7046
3851,349,signup,2024-04-01 12:00:00,product,5814
3852,349,purchase,2024-03-26 04:00:00,pricing,1381
3853,349,page_view,2024-04-15 12:00:00,checkout,6041
3854,349,checkout_start,2024-04-04 13:00:00,blog,5761
3855,349,signup,2024-04-08 21:00:00,blog,9689
3856,349,purchase,2024-04-08 13:00:00,home,4700
3857,349,page_view,2024-03-22 15:00:00,confirmation,9207
3858,349,page_view,2024-04-09 03:00:00,cart,6432
3859,350,add_to_cart,2024-06-10 20:00:00,pricing,2008
3860,350,add_to_cart,2024-06-19 17:00:00,home,5746
3861,350,add_to_cart,2024-06-20 07:00:00,blog,5773
3862,350,page_view,2024-06-01 04:00:00,product,4423
3863,350,page_view,2024-06-06 03:00:00,confirmation,5222
3864,350,page_view,2024-06-16 01:00:00,pricing,3001
3865,351,checkout_start,2024-02-29 11:00:00,blog,2674
3866,351,page_view,2024-02-23 20:00:00,confirmation,8450
3867,351,signup,2024-03-13 10:00:00,blog,3027
3868,351,page_view,2024-03-14 05:00:00,product,4950
3869,351,page_view,2024-03-16 07:00:00,pricing,4243
3870,351,page_view,2024-03-12 00:00:00,checkout,6292
3871,351,page_view,2024-02-29 15:00:00,checkout,1569
3872,351,purchase,2024-02-23 06:00:00,blog,9272
3873,351,add_to_cart,2024-03-12 04:00:00,cart,7378
3874,351,signup,2024-02-24 01:00:00,confirmation,7671
3875,351,add_to_cart,2024-03-14 13:00:00,confirmation,1137
3876,351,purchase,2024-02-20 10:00:00,product,1435
3877,351,signup,2024-02-21 06:00:00,cart,7799
3878,351,signup,2024-02-24 18:00:00,blog,9583
3879,352,add_to_cart,2024-03-06 10:00:00,cart,8737
3880,352,add_to_cart,2024-03-23 04:00:00,cart,5647
3881,353,purchase,2024-06-30 00:00:00,confirmation,4501
3882,353,page_view,2024-06-30 00:00:00,blog,6665
3883,353,checkout_start,2024-06-19 17:00:00,home,6099
3884,353,page_view,2024-06-30 00:00:00,home,9617
3885,353,add_to_cart,2024-06-30 00:00:00,cart,2783
3886,354,page_view,2024-06-18 11:00:00,checkout,9681
3887,354,page_view,2024-06-26 08:00:00,home,3282
3888,354,page_view,2024-06-23 09:00:00,blog,3583
3889,354,add_to_cart,2024-06-15 04:00:00,confirmation,3422
3890,354,page_view,2024-06-09 03:00:00,cart,6491
3891,354,signup,2024-06-20 09:00:00,home,5180
3892,354,add_to_cart,2024-06-07 13:00:00,blog,5816
3893,354,signup,2024-06-11 13:00:00,checkout,1702
3894,354,add_to_cart,2024-06-21 15:00:00,blog,6529
3895,354,signup,2024-06-16 03:00:00,checkout,8023
3896,354,purchase,2024-06-24 13:00:00,pricing,1759
3897,354,add_to_cart,2024-06-28 03:00:00,home,3110
3898,354,checkout_start,2024-06-24 04:00:00,home,1690
3899,354,checkout_start,2024-06-14 05:00:00,home,9523
3900,354,page_view,2024-06-14 16:00:00,checkout,2448
3901,354,page_view,2024-06-07 03:00:00,pricing,8465
3902,354,page_view,2024-06-09 02:00:00,pricing,4487
3903,354,purchase,2024-06-10 06:00:00,blog,4581
3904,354,checkout_start,2024-06-16 20:00:00,cart,1852
3905,355,signup,2024-06-07 17:00:00,checkout,2782
3906,355,add_to_cart,2024-06-06 17:00:00,checkout,7954
3907,355,add_to_cart,2024-06-09 22:00:00,product,4454
3908,355,checkout_start,2024-06-08 09:00:00,cart,1660
3909,355,page_view,2024-05-21 22:00:00,confirmation,1081
3910,355,purchase,2024-06-08 12:00:00,blog,4179
3911,355,page_view,2024-05-31 14:00:00,checkout,9660
3912,355,signup,2024-05-22 19:00:00,product,4829
3913,355,page_view,2024-06-13 12:00:00,pricing,3033
3914,355,page_view,2024-05-19 06:00:00,cart,8397
3915,355,add_to_cart,2024-06-15 11:00:00,confirmation,1778
3916,355,page_view,2024-06-07 15:00:00,confirmation,2062
3917,355,page_view,2024-05-29 08:00:00,product,1258
3918,355,purchase,2024-06-05 07:00:00,confirmation,3713
3919,355,add_to_cart,2024-06-03 04:00:00,pricing,7893
3920,356,checkout_start,2024-06-03 00:00:00,pricing,5856
3921,356,add_to_cart,2024-06-10 13:00:00,blog,8474
3922,356,checkout_start,2024-05-21 19:00:00,cart,3378
3923,356,checkout_start,2024-06-09 20:00:00,confirmation,7293
3924,356,purchase,2024-06-14 04:00:00,product,3407
3925,356,signup,2024-06-01 02:00:00,cart,1348
3926,356,checkout_start,2024-06-08 08:00:00,confirmation,4185
3927,356,checkout_start,2024-05-25 11:00:00,home,4030
3928,356,page_view,2024-05-27 12:00:00,product,8043
3929,356,signup,2024-06-04 05:00:00,home,7681
3930,356,add_to_cart,2024-06-13 13:00:00,confirmation,8749
3931,356,page_view,2024-05-24 14:00:00,home,8490
3932,356,purchase,2024-06-04 19:00:00,home,8241
3933,356,add_to_cart,2024-05-25 10:00:00,cart,4737
3934,356,add_to_cart,2024-06-09 04:00:00,cart,6927
3935,356,page_view,2024-06-14 17:00:00,confirmation,3269
3936,356,checkout_start,2024-06-15 01:00:00,blog,1286
3937,356,checkout_start,2024-05-30 03:00:00,cart,7676
3938,356,page_view,2024-06-15 07:00:00,product,8113
3939,356,page_view,2024-06-01 13:00:00,blog,3412
3940,357,add_to_cart,2024-05-03 04:00:00,confirmation,3402
3941,357,add_to_cart,2024-04-26 12:00:00,home,7265
3942,357,page_view,2024-05-02 10:00:00,checkout,2192
3943,357,page_view,2024-04-17 05:00:00,checkout,7978
3944,357,add_to_cart,2024-04-12 04:00:00,pricing,3387
3945,357,checkout_start,2024-04-16 02:00:00,cart,6518
3946,357,page_view,2024-04-13 03:00:00,product,5375
3947,357,signup,2024-04-25 00:00:00,product,6091
3948,357,page_view,2024-04-29 17:00:00,home,1482
3949,357,signup,2024-04-15 00:00:00,product,1016
3950,357,add_to_cart,2024-04-08 06:00:00,confirmation,8114
3951,357,page_view,2024-05-03 14:00:00,checkout,2025
3952,357,page_view,2024-04-10 08:00:00,blog,7343
3953,357,page_view,2024-04-29 11:00:00,home,4167
3954,358,page_view,2024-06-03 02:00:00,home,7147
3955,358,page_view,2024-06-24 12:00:00,pricing,5575
3956,358,page_view,2024-06-05 10:00:00,confirmation,2198
3957,358,page_view,2024-06-15 17:00:00,checkout,3903
3958,358,signup,2024-06-28 20:00:00,blog,8263
3959,358,signup,2024-06-29 09:00:00,product,1824
3960,358,page_view,2024-06-17 17:00:00,cart,5425
3961,358,checkout_start,2024-06-02 17:00:00,checkout,8253
3962,358,page_view,2024-06-27 13:00:00,product,1953
3963,358,checkout_start,2024-06-21 03:00:00,pricing,7606
3964,358,add_to_cart,2024-06-19 13:00:00,confirmation,3247
3965,358,page_view,2024-06-16 16:00:00,blog,2508
3966,359,checkout_start,2024-06-30 00:00:00,checkout,1781
3967,359,signup,2024-06-11 20:00:00,confirmation,2094
3968,359,page_view,2024-06-16 05:00:00,confirmation,9741
3969,359,page_view,2024-06-16 05:00:00,product,4251
3970,359,signup,2024-06-13 15:00:00,home,3173
3971,359,page_view,2024-06-18 09:00:00,product,4319
3972,359,purchase,2024-06-19 17:00:00,checkout,2781
3973,359,signup,2024-06-24 22:00:00,home,8606
3974,359,page_view,2024-06-05 10:00:00,product,2665
3975,359,add_to_cart,2024-06-08 08:00:00,home,7223
3976,359,page_view,2024-06-09 19:00:00,checkout,4898
3977,359,purchase,2024-06-26 21:00:00,cart,3168
3978,359,signup,2024-06-24 22:00:00,confirmation,6651
3979,359,page_view,2024-06-21 01:00:00,product,8331
3980,359,checkout_start,2024-06-08 04:00:00,confirmation,5861
3981,359,page_view,2024-06-18 02:00:00,home,3763
3982,359,page_view,2024-06-29 16:00:00,product,7481
3983,360,page_view,2024-03-22 18:00:00,blog,2548
3984,360,page_view,2024-03-19 09:00:00,home,4874
3985,360,page_view,2024-03-20 06:00:00,cart,2664
3986,360,signup,2024-03-17 23:00:00,home,3322
3987,360,add_to_cart,2024-03-20 18:00:00,checkout,9411
3988,360,purchase,2024-03-08 06:00:00,home,1229
3989,360,add_to_cart,2024-03-07 21:00:00,checkout,9785
3990,360,page_view,2024-03-08 18:00:00,product,5277
3991,360,purchase,2024-03-23 03:00:00,checkout,3811
3992,360,signup,2024-03-25 10:00:00,pricing,9049
3993,360,add_to_cart,2024-03-30 07:00:00,product,7979
3994,361,page_view,2024-06-21 00:00:00,home,9442
3995,361,signup,2024-06-05 13:00:00,cart,7691
3996,361,page_view,2024-05-30 05:00:00,confirmation,8366
3997,361,signup,2024-05-29 23:00:00,pricing,9922
3998,361,signup,2024-06-25 03:00:00,pricing,2949
3999,361,signup,2024-06-17 08:00:00,home,7597
4000,361,page_view,2024-06-19 04:00:00,checkout,9491
4001,361,checkout_start,2024-06-04 06:00:00,home,6981
4002,361,page_view,2024-05-29 02:00:00,product,2382
4003,362,page_view,2024-05-11 16:00:00,cart,6372
4004,362,page_view,2024-06-01 18:00:00,checkout,6997
4005,362,add_to_cart,2024-05-04 15:00:00,confirmation,8328
4006,362,add_to_cart,2024-05-08 11:00:00,checkout,3463
4007,362,signup,2024-05-07 02:00:00,blog,3854
4008,362,purchase,2024-05-07 02:00:00,product,6363
4009,362,page_view,2024-05-28 05:00:00,checkout,1646
4010,363,signup,2024-06-30 00:00:00,pricing,5399
4011,363,signup,2024-06-29 00:00:00,confirmation,9877
4012,363,checkout_start,2024-06-30 00:00:00,blog,1264
4013,363,page_view,2024-06-25 18:00:00,home,6421
4014,363,purchase,2024-06-20 10:00:00,pricing,4765
4015,363,checkout_start,2024-06-30 00:00:00,checkout,5108
4016,363,purchase,2024-06-30 00:00:00,pricing,3129
4017,363,checkout_start,2024-06-30 00:00:00,cart,9391
4018,363,add_to_cart,2024-06-30 00:00:00,pricing,2376
4019,363,page_view,2024-06-30 00:00:00,pricing,9940
4020,363,signup,2024-06-30 00:00:00,blog,1586
4021,363,add_to_cart,2024-06-30 00:00:00,home,6848
4022,363,page_view,2024-06-26 15:00:00,confirmation,7580
4023,363,page_view,2024-06-30 00:00:00,product,9835
4024,363,page_view,2024-06-30 00:00:00,confirmation,8405
4025,363,page_view,2024-06-30 00:00:00,home,2040
4026,363,add_to_cart,2024-06-30 00:00:00,checkout,9108
4027,363,signup,2024-06-30 00:00:00,checkout,9879
4028,363,checkout_start,2024-06-25 09:00:00,confirmation,8151
4029,364,add_to_cart,2024-04-15 05:00:00,product,3121
4030,364,signup,2024-04-07 15:00:00,product,9092
4031,364,checkout_start,2024-03-26 15:00:00,confirmation,6214
4032,364,signup,2024-04-23 01:00:00,checkout,4051
4033,364,add_to_cart,2024-04-23 02:00:00,product,7040
4034,364,add_to_cart,2024-03-27 05:00:00,home,6904
4035,364,page_view,2024-04-10 15:00:00,confirmation,6437
4036,364,signup,2024-04-23 06:00:00,home,1501
4037,364,page_view,2024-04-22 17:00:00,cart,9876
4038,364,add_to_cart,2024-04-01 12:00:00,cart,7136
4039,364,page_view,2024-04-05 10:00:00,confirmation,7441
4040,364,signup,2024-04-13 15:00:00,product,3299
4041,364,checkout_start,2024-04-09 01:00:00,confirmation,5819
4042,364,add_to_cart,2024-04-01 22:00:00,pricing,3180
4043,364,signup,2024-04-23 03:00:00,confirmation,5411
4044,364,checkout_start,2024-04-10 16:00:00,product,4187
4045,364,purchase,2024-04-17 07:00:00,confirmation,2689
4046,364,signup,2024-04-08 12:00:00,cart,2304
4047,365,signup,2024-02-06 23:00:00,cart,8918
4048,365,purchase,2024-02-06 14:00:00,cart,7374
4049,365,purchase,2024-02-06 03:00:00,product,7613
4050,365,page_view,2024-02-24 03:00:00,pricing,4641
4051,365,signup,2024-02-13 15:00:00,blog,7062
4052,365,page_view,2024-02-03 08:00:00,confirmation,2740
4053,365,add_to_cart,2024-02-22 21:00:00,cart,6993
4054,365,purchase,2024-01-31 02:00:00,checkout,9502
4055,365,purchase,2024-02-10 05:00:00,blog,6314
4056,365,add_to_cart,2024-01-30 16:00:00,blog,8991
4057,365,page_view,2024-02-28 00:00:00,cart,4673
4058,365,page_view,2024-01-30 07:00:00,pricing,2965
4059,366,page_view,2024-04-01 14:00:00,blog,2854
4060,366,signup,2024-03-28 12:00:00,product,1768
4061,366,signup,2024-03-16 11:00:00,pricing,6465
4062,366,page_view,2024-04-01 19:00:00,blog,1617
4063,366,checkout_start,2024-03-11 16:00:00,product,7463
4064,366,page_view,2024-03-21 02:00:00,cart,8433
4065,366,page_view,2024-03-12 14:00:00,cart,4314
4066,366,page_view,2024-03-12 13:00:00,product,6998
4067,366,checkout_start,2024-04-03 10:00:00,blog,7872
4068,366,add_to_cart,2024-03-28 07:00:00,confirmation,2595
4069,366,checkout_start,2024-03-18 03:00:00,checkout,6198
4070,366,page_view,2024-03-09 22:00:00,confirmation,5354
4071,366,add_to_cart,2024-03-14 09:00:00,pricing,2787
4072,366,purchase,2024-03-20 02:00:00,blog,2427
4073,366,add_to_cart,2024-03-09 12:00:00,product,8481
4074,366,add_to_cart,2024-03-24 08:00:00,home,9580
4075,366,signup,2024-03-28 04:00:00,confirmation,3156
4076,366,page_view,2024-03-28 09:00:00,cart,3126
4077,367,signup,2024-03-10 22:00:00,blog,6706
4078,367,page_view,2024-03-06 03:00:00,product,6421
4079,367,checkout_start,2024-03-12 18:00:00,blog,8014
4080,367,page_view,2024-03-06 18:00:00,cart,9297
4081,367,checkout_start,2024-03-06 17:00:00,checkout,9829
4082,367,page_view,2024-03-07 20:00:00,blog,3745
4083,367,signup,2024-02-23 21:00:00,cart,9359
4084,367,purchase,2024-03-03 09:00:00,pricing,5581
4085,367,add_to_cart,2024-03-12 02:00:00,pricing,7913
4086,368,checkout_start,2024-05-12 12:00:00,blog,5719
4087,368,signup,2024-05-06 14:00:00,cart,2944
4088,368,checkout_start,2024-05-02 12:00:00,checkout,6444
4089,368,page_view,2024-04-30 02:00:00,blog,1102
4090,368,page_view,2024-04-30 16:00:00,blog,6027
4091,368,add_to_cart,2024-05-14 21:00:00,confirmation,4802
4092,368,purchase,2024-05-02 02:00:00,product,2896
4093,368,checkout_start,2024-05-12 21:00:00,home,4413
4094,368,page_view,2024-04-29 05:00:00,checkout,1553
4095,368,page_view,2024-05-21 06:00:00,pricing,7974
4096,368,add_to_cart,2024-05-22 16:00:00,pricing,2644
4097,368,page_view,2024-05-11 02:00:00,blog,9516
4098,368,add_to_cart,2024-05-21 09:00:00,checkout,9038
4099,369,purchase,2024-02-20 07:00:00,pricing,4638
4100,369,signup,2024-02-17 01:00:00,pricing,8226
4101,369,add_to_cart,2024-02-11 11:00:00,product,1104
4102,369,page_view,2024-02-04 12:00:00,confirmation,3747
4103,369,page_view,2024-02-14 17:00:00,home,9615
4104,369,checkout_start,2024-02-08 07:00:00,product,9902
4105,370,page_view,2024-06-17 16:00:00,home,3069
4106,370,add_to_cart,2024-06-20 12:00:00,blog,1116
4107,370,page_view,2024-06-30 00:00:00,home,1966
4108,370,add_to_cart,2024-06-28 02:00:00,home,9512
4109,370,signup,2024-06-22 10:00:00,checkout,3623
4110,371,signup,2024-02-01 14:00:00,home,9724
4111,371,add_to_cart,2024-01-16 01:00:00,checkout,9498
4112,371,add_to_cart,2024-01-12 17:00:00,product,3960
4113,371,signup,2024-01-23 22:00:00,cart,5265
4114,371,signup,2024-01-24 11:00:00,cart,8927
4115,371,page_view,2024-01-14 18:00:00,blog,1535
4116,371,page_view,2024-01-22 21:00:00,home,9371
4117,371,add_to_cart,2024-02-06 13:00:00,checkout,4950
4118,372,page_view,2024-06-13 17:00:00,blog,3976
4119,372,purchase,2024-06-15 18:00:00,pricing,8680
4120,372,page_view,2024-06-04 11:00:00,pricing,4523
4121,372,signup,2024-06-05 11:00:00,pricing,4559
4122,372,add_to_cart,2024-06-21 02:00:00,product,1479
4123,373,page_view,2024-03-04 18:00:00,confirmation,4507
4124,373,checkout_start,2024-03-14 13:00:00,home,7997
4125,373,add_to_cart,2024-03-10 22:00:00,confirmation,2234
4126,373,page_view,2024-03-24 07:00:00,confirmation,3357
4127,373,checkout_start,2024-03-07 02:00:00,cart,6958
4128,373,purchase,2024-03-26 23:00:00,blog,9850
4129,373,page_view,2024-03-05 16:00:00,cart,5370
4130,373,page_view,2024-03-14 19:00:00,pricing,8586
4131,373,page_view,2024-03-18 00:00:00,blog,7440
4132,373,page_view,2024-03-09 08:00:00,home,6449
4133,373,checkout_start,2024-03-08 03:00:00,confirmation,9161
4134,373,add_to_cart,2024-03-23 01:00:00,home,3956
4135,374,checkout_start,2024-03-23 18:00:00,blog,8189
4136,374,page_view,2024-02-27 02:00:00,product,8211
4137,374,page_view,2024-02-29 23:00:00,cart,5038
4138,374,purchase,2024-03-26 10:00:00,checkout,9634
4139,374,add_to_cart,2024-03-19 05:00:00,product,9033
4140,374,page_view,2024-03-11 22:00:00,confirmation,9502
4141,374,page_view,2024-03-08 08:00:00,home,2614
4142,374,checkout_start,2024-03-03 17:00:00,checkout,1889
4143,374,page_view,2024-03-21 09:00:00,home,1728
4144,374,add_to_cart,2024-03-09 07:00:00,checkout,8628
4145,374,signup,2024-03-20 03:00:00,blog,8182
4146,374,add_to_cart,2024-03-12 21:00:00,pricing,7098
4147,374,signup,2024-03-26 11:00:00,product,4879
4148,374,signup,2024-03-25 04:00:00,home,1662
4149,374,page_view,2024-03-06 14:00:00,cart,4871
4150,374,add_to_cart,2024-03-14 13:00:00,blog,6254
4151,375,page_view,2024-04-23 15:00:00,blog,3670
4152,375,checkout_start,2024-04-12 23:00:00,confirmation,2533
4153,375,add_to_cart,2024-04-04 23:00:00,pricing,3743
4154,375,add_to_cart,2024-04-29 00:00:00,pricing,1393
4155,375,page_view,2024-04-07 22:00:00,checkout,5541
4156,376,page_view,2024-05-30 05:00:00,blog,4216
4157,376,signup,2024-05-22 05:00:00,checkout,2354
4158,376,add_to_cart,2024-05-30 23:00:00,checkout,2522
4159,376,purchase,2024-06-16 23:00:00,product,7517
4160,376,add_to_cart,2024-05-24 01:00:00,pricing,3486
4161,376,page_view,2024-05-26 22:00:00,home,8542
4162,376,signup,2024-06-08 11:00:00,pricing,3287
4163,376,page_view,2024-05-24 06:00:00,blog,2462
4164,376,page_view,2024-05-26 22:00:00,checkout,2712
4165,376,purchase,2024-05-27 12:00:00,home,2981
4166,376,add_to_cart,2024-06-17 08:00:00,checkout,3228
4167,376,add_to_cart,2024-06-05 15:00:00,confirmation,8170
4168,376,page_view,2024-06-01 14:00:00,confirmation,4507
4169,376,page_view,2024-05-23 13:00:00,product,8068
4170,376,page_view,2024-06-07 05:00:00,confirmation,1219
4171,376,page_view,2024-06-19 04:00:00,pricing,5939
4172,376,page_view,2024-06-13 05:00:00,blog,5621
4173,376,page_view,2024-05-29 12:00:00,cart,1372
4174,377,page_view,2024-05-08 03:00:00,confirmation,3303
4175,377,checkout_start,2024-04-23 09:00:00,confirmation,6351
4176,377,page_view,2024-04-14 17:00:00,cart,7153
4177,377,page_view,2024-04-14 11:00:00,blog,4172
4178,377,checkout_start,2024-05-08 21:00:00,cart,7234
4179,377,checkout_start,2024-04-11 19:00:00,pricing,1020
4180,377,add_to_cart,2024-04-18 03:00:00,confirmation,6656
4181,377,add_to_cart,2024-04-14 11:00:00,confirmation,9135
4182,377,add_to_cart,2024-04-09 17:00:00,product,8433
4183,377,page_view,2024-04-14 01:00:00,product,7944
4184,377,signup,2024-04-24 07:00:00,confirmation,7007
4185,377,page_view,2024-04-25 12:00:00,product,4473
4186,377,page_view,2024-04-10 03:00:00,home,3558
4187,377,page_view,2024-04-10 02:00:00,checkout,1881
4188,377,page_view,2024-04-27 00:00:00,confirmation,3653
4189,377,page_view,2024-04-29 10:00:00,checkout,5553
4190,377,page_view,2024-04-11 13:00:00,confirmation,2007
4191,377,add_to_cart,2024-04-27 21:00:00,home,8065
4192,377,checkout_start,2024-04-27 04:00:00,home,7755
4193,378,page_view,2024-04-02 13:00:00,cart,9700
4194,378,purchase,2024-04-24 17:00:00,home,6609
4195,378,page_view,2024-04-10 15:00:00,blog,3598
4196,378,add_to_cart,2024-04-26 04:00:00,home,4634
4197,378,add_to_cart,2024-04-26 22:00:00,cart,1530
4198,378,page_view,2024-04-07 15:00:00,home,6950
4199,378,purchase,2024-04-14 07:00:00,confirmation,8396
4200,378,signup,2024-04-12 17:00:00,blog,6050
4201,378,page_view,2024-04-23 13:00:00,checkout,6702
4202,379,signup,2024-06-28 03:00:00,product,5032
4203,379,signup,2024-06-26 17:00:00,home,3242
4204,379,signup,2024-06-26 17:00:00,home,2811
4205,379,signup,2024-06-17 21:00:00,blog,2941
4206,379,page_view,2024-06-30 00:00:00,product,1436
4207,379,signup,2024-06-30 00:00:00,home,8361
4208,379,page_view,2024-06-30 00:00:00,home,9011
4209,379,signup,2024-06-22 21:00:00,home,9919
4210,379,signup,2024-06-16 13:00:00,blog,7000
4211,379,page_view,2024-06-30 00:00:00,confirmation,1499
4212,379,purchase,2024-06-20 14:00:00,pricing,1996
4213,379,page_view,2024-06-30 00:00:00,confirmation,1695
4214,379,signup,2024-06-30 00:00:00,product,1882
4215,380,page_view,2024-06-15 18:00:00,home,5714
4216,380,purchase,2024-06-21 09:00:00,cart,9061
4217,380,page_view,2024-06-18 19:00:00,checkout,3866
4218,380,add_to_cart,2024-06-10 20:00:00,home,1285
4219,380,signup,2024-06-30 00:00:00,cart,9711
4220,380,add_to_cart,2024-06-28 12:00:00,checkout,7978
4221,380,signup,2024-06-30 00:00:00,cart,9129
4222,380,page_view,2024-06-07 06:00:00,confirmation,1089
4223,380,page_view,2024-06-20 05:00:00,pricing,4282
4224,380,signup,2024-06-30 00:00:00,blog,8200
4225,380,checkout_start,2024-06-16 20:00:00,checkout,8156
4226,380,page_view,2024-06-12 08:00:00,confirmation,2049
4227,380,page_view,2024-06-28 09:00:00,product,8782
4228,380,page_view,2024-06-06 19:00:00,cart,7602
4229,380,signup,2024-06-23 16:00:00,cart,6412
4230,380,signup,2024-06-30 00:00:00,blog,2111
4231,381,signup,2024-04-08 03:00:00,checkout,8657
4232,381,purchase,2024-04-11 07:00:00,home,1321
4233,381,page_view,2024-05-03 22:00:00,product,9910
4234,381,page_view,2024-04-29 13:00:00,pricing,5416
4235,381,page_view,2024-04-30 11:00:00,product,2077
4236,382,page_view,2024-01-12 08:00:00,confirmation,9222
4237,382,checkout_start,2024-01-06 14:00:00,cart,9141
4238,382,checkout_start,2024-01-21 20:00:00,confirmation,9074
4239,382,page_view,2024-02-01 06:00:00,home,4254
4240,382,signup,2024-01-24 18:00:00,pricing,2970
4241,382,page_view,2024-01-22 16:00:00,confirmation,5794
4242,382,signup,2024-01-09 08:00:00,checkout,2631
4243,382,page_view,2024-01-11 08:00:00,cart,1804
4244,382,signup,2024-01-25 16:00:00,cart,5067
4245,382,checkout_start,2024-01-14 22:00:00,blog,6280
4246,382,page_view,2024-01-23 15:00:00,pricing,9444
4247,382,signup,2024-02-02 13:00:00,cart,2866
4248,383,page_view,2024-02-11 15:00:00,blog,5327
4249,383,checkout_start,2024-02-18 01:00:00,blog,3286
4250,383,page_view,2024-02-12 02:00:00,home,9447
4251,383,checkout_start,2024-03-01 15:00:00,confirmation,3810
4252,383,page_view,2024-02-15 12:00:00,home,3594
4253,383,add_to_cart,2024-03-10 04:00:00,home,5251
4254,383,checkout_start,2024-02-15 01:00:00,confirmation,2371
4255,383,page_view,2024-02-21 00:00:00,pricing,9404
4256,383,signup,2024-03-07 09:00:00,blog,8349
4257,383,checkout_start,2024-02-17 06:00:00,home,8281
4258,383,add_to_cart,2024-02-11 22:00:00,confirmation,9251
4259,383,signup,2024-03-08 16:00:00,cart,9326
4260,383,checkout_start,2024-02-12 07:00:00,blog,2156
4261,383,purchase,2024-03-05 07:00:00,cart,5982
4262,383,page_view,2024-03-04 19:00:00,blog,2970
4263,383,purchase,2024-03-01 06:00:00,cart,9551
4264,384,signup,2024-06-29 22:00:00,checkout,9304
4265,384,signup,2024-06-30 00:00:00,home,9832
4266,384,page_view,2024-06-27 08:00:00,home,5251
4267,384,page_view,2024-06-30 00:00:00,checkout,6246
4268,384,add_to_cart,2024-06-30 00:00:00,blog,3946
4269,384,page_view,2024-06-28 01:00:00,home,5907
4270,384,signup,2024-06-30 00:00:00,blog,2376
4271,384,signup,2024-06-26 17:00:00,checkout,5430
4272,384,signup,2024-06-27 01:00:00,checkout,9268
4273,384,signup,2024-06-26 10:00:00,blog,7424
4274,384,purchase,2024-06-30 00:00:00,pricing,8817
4275,384,add_to_cart,2024-06-30 00:00:00,cart,1706
4276,384,page_view,2024-06-30 00:00:00,pricing,2931
4277,384,purchase,2024-06-30 00:00:00,home,7938
4278,384,page_view,2024-06-24 19:00:00,home,9099
4279,384,add_to_cart,2024-06-30 00:00:00,product,8987
4280,384,add_to_cart,2024-06-30 00:00:00,blog,4672
4281,384,add_to_cart,2024-06-30 00:00:00,cart,2753
4282,385,checkout_start,2024-06-30 00:00:00,blog,7523
4283,385,page_view,2024-06-20 18:00:00,home,7908
4284,385,add_to_cart,2024-06-30 00:00:00,blog,7165
4285,385,signup,2024-06-29 08:00:00,pricing,5338
4286,385,signup,2024-06-30 00:00:00,cart,8422
4287,385,page_view,2024-06-30 00:00:00,home,8273
4288,385,page_view,2024-06-13 11:00:00,cart,2674
4289,385,page_view,2024-06-29 11:00:00,cart,4983
4290,385,signup,2024-06-30 00:00:00,confirmation,9957
4291,385,page_view,2024-06-18 08:00:00,confirmation,4637
4292,385,signup,2024-06-24 08:00:00,confirmation,9221
4293,385,add_to_cart,2024-06-22 17:00:00,checkout,3252
4294,385,page_view,2024-06-24 00:00:00,product,9637
4295,385,add_to_cart,2024-06-30 00:00:00,home,7961
4296,385,add_to_cart,2024-06-13 22:00:00,home,2461
4297,385,page_view,2024-06-25 19:00:00,blog,2850
4298,386,page_view,2024-06-07 14:00:00,blog,3674
4299,386,add_to_cart,2024-06-05 17:00:00,home,4811
4300,386,signup,2024-06-06 02:00:00,checkout,1006
4301,386,page_view,2024-06-11 13:00:00,product,1717
4302,386,page_view,2024-06-07 20:00:00,confirmation,2546
4303,386,page_view,2024-06-14 02:00:00,blog,1359
4304,386,page_view,2024-06-04 01:00:00,cart,5949
4305,386,page_view,2024-06-18 03:00:00,home,2595
4306,386,page_view,2024-06-15 07:00:00,home,4166
4307,386,page_view,2024-06-26 17:00:00,home,7822
4308,386,checkout_start,2024-06-14 03:00:00,checkout,8933
4309,386,add_to_cart,2024-05-30 18:00:00,product,5238
4310,386,signup,2024-06-22 08:00:00,blog,9955
4311,386,page_view,2024-06-23 21:00:00,confirmation,1046
4312,386,signup,2024-06-14 02:00:00,confirmation,3383
4313,386,page_view,2024-06-01 03:00:00,checkout,5437
4314,386,signup,2024-06-14 15:00:00,home,4710
4315,386,add_to_cart,2024-06-10 22:00:00,checkout,7169
4316,386,signup,2024-06-08 07:00:00,confirmation,9821
4317,386,checkout_start,2024-06-23 08:00:00,product,7485
4318,387,page_view,2024-02-25 18:00:00,confirmation,7244
4319,387,page_view,2024-03-02 04:00:00,blog,2479
4320,387,page_view,2024-02-20 23:00:00,cart,6137
4321,387,page_view,2024-03-06 03:00:00,home,3208
4322,387,add_to_cart,2024-03-03 13:00:00,home,8827
4323,387,page_view,2024-02-22 09:00:00,checkout,1728
4324,387,page_view,2024-02-21 23:00:00,checkout,2287
4325,387,add_to_cart,2024-02-25 00:00:00,home,4720
4326,387,signup,2024-03-03 10:00:00,blog,7469
4327,387,signup,2024-02-15 20:00:00,product,7730
4328,387,page_view,2024-03-05 15:00:00,confirmation,5258
4329,387,page_view,2024-02-20 23:00:00,home,7209
4330,387,page_view,2024-02-27 17:00:00,home,5933
4331,387,page_view,2024-02-12 19:00:00,confirmation,5099
4332,387,page_view,2024-02-14 15:00:00,checkout,7144
4333,387,checkout_start,2024-03-07 02:00:00,blog,8125
4334,387,signup,2024-02-25 09:00:00,home,6355
4335,387,page_view,2024-02-25 14:00:00,home,6091
4336,387,signup,2024-02-20 10:00:00,cart,9028
4337,388,signup,2024-06-11 12:00:00,home,8382
4338,388,add_to_cart,2024-06-10 03:00:00,product,4150
4339,388,checkout_start,2024-06-18 14:00:00,home,7965
4340,388,page_view,2024-06-02 13:00:00,blog,7054
4341,388,checkout_start,2024-06-08 00:00:00,checkout,3143
4342,388,page_view,2024-06-24 00:00:00,checkout,6513
4343,388,page_view,2024-06-26 21:00:00,home,7496
4344,388,page_view,2024-06-23 23:00:00,confirmation,6685
4345,388,purchase,2024-06-06 18:00:00,home,7971
4346,388,checkout_start,2024-06-03 20:00:00,home,3865
4347,388,page_view,2024-06-03 11:00:00,blog,8404
4348,388,purchase,2024-06-15 06:00:00,checkout,8765
4349,388,signup,2024-06-10 06:00:00,blog,6177
4350,388,page_view,2024-06-23 03:00:00,home,2698
4351,388,page_view,2024-05-31 08:00:00,pricing,2637
4352,388,page_view,2024-05-31 22:00:00,blog,9247
4353,389,checkout_start,2024-02-15 18:00:00,pricing,7361
4354,389,page_view,2024-01-26 13:00:00,confirmation,1245
4355,389,signup,2024-01-28 14:00:00,confirmation,7489
4356,389,add_to_cart,2024-02-13 12:00:00,confirmation,3094
4357,389,checkout_start,2024-02-01 08:00:00,product,6871
4358,389,purchase,2024-02-11 22:00:00,home,5476
4359,389,page_view,2024-02-12 00:00:00,pricing,7693
4360,389,checkout_start,2024-02-04 05:00:00,pricing,7963
4361,389,page_view,2024-01-27 05:00:00,home,3697
4362,389,page_view,2024-01-26 06:00:00,cart,4748
4363,390,page_view,2024-05-02 14:00:00,cart,7322
4364,390,page_view,2024-05-10 17:00:00,confirmation,6740
4365,390,page_view,2024-05-15 02:00:00,cart,9422
4366,390,page_view,2024-04-25 11:00:00,home,4810
4367,390,page_view,2024-05-09 11:00:00,cart,6931
4368,390,page_view,2024-04-29 10:00:00,pricing,8032
4369,390,page_view,2024-04-28 20:00:00,cart,5672
4370,390,signup,2024-05-15 19:00:00,pricing,3386
4371,390,checkout_start,2024-04-26 09:00:00,home,2825
4372,390,purchase,2024-04-23 23:00:00,product,8331
4373,390,add_to_cart,2024-04-30 04:00:00,confirmation,9048
4374,390,purchase,2024-05-17 02:00:00,pricing,2390
4375,390,signup,2024-05-07 05:00:00,blog,7523
4376,390,page_view,2024-04-26 19:00:00,cart,3725
4377,390,page_view,2024-05-08 21:00:00,product,9829
4378,390,add_to_cart,2024-05-04 04:00:00,blog,2192
4379,390,page_view,2024-05-08 06:00:00,home,9894
4380,391,add_to_cart,2024-03-20 20:00:00,checkout,5045
4381,391,page_view,2024-03-19 18:00:00,pricing,4184
4382,391,page_view,2024-03-19 09:00:00,blog,4760
4383,392,signup,2024-06-28 06:00:00,product,5370
4384,392,checkout_start,2024-06-30 00:00:00,cart,4760
4385,392,page_view,2024-06-18 00:00:00,blog,2701
4386,392,page_view,2024-06-26 23:00:00,blog,7493
4387,392,signup,2024-06-23 19:00:00,cart,9424
4388,392,checkout_start,2024-06-07 20:00:00,cart,3822
4389,392,page_view,2024-06-16 21:00:00,pricing,6889
4390,392,page_view,2024-06-16 03:00:00,home,9711
4391,392,checkout_start,2024-06-13 23:00:00,cart,2080
4392,392,add_to_cart,2024-06-25 06:00:00,product,8378
4393,392,page_view,2024-06-28 13:00:00,pricing,6251
4394,392,add_to_cart,2024-06-15 06:00:00,home,3409
4395,393,purchase,2024-02-16 11:00:00,confirmation,5185
4396,393,add_to_cart,2024-02-19 23:00:00,blog,7972
4397,393,signup,2024-02-22 00:00:00,blog,3539
4398,393,signup,2024-02-26 11:00:00,cart,6152
4399,393,signup,2024-02-17 12:00:00,product,8853
4400,393,page_view,2024-02-01 11:00:00,checkout,3253
4401,393,page_view,2024-02-07 19:00:00,home,2467
4402,393,signup,2024-02-22 12:00:00,checkout,5139
4403,393,page_view,2024-02-04 11:00:00,product,4709
4404,393,signup,2024-02-22 06:00:00,confirmation,4857
4405,393,signup,2024-02-07 03:00:00,home,3473
4406,393,purchase,2024-02-01 19:00:00,pricing,9191
4407,393,page_view,2024-01-29 06:00:00,blog,3574
4408,393,page_view,2024-02-21 04:00:00,product,9471
4409,393,purchase,2024-02-18 23:00:00,pricing,4474
4410,393,page_view,2024-02-04 03:00:00,home,2916
4411,393,page_view,2024-01-28 15:00:00,product,1034
4412,393,page_view,2024-01-28 16:00:00,confirmation,7323
4413,393,signup,2024-02-16 16:00:00,home,1742
4414,394,checkout_start,2024-06-13 16:00:00,confirmation,8878
4415,394,page_view,2024-06-08 11:00:00,confirmation,2369
4416,395,page_view,2024-04-21 01:00:00,blog,2522
4417,395,page_view,2024-04-25 07:00:00,pricing,4854
4418,395,page_view,2024-05-06 14:00:00,cart,4997
4419,395,purchase,2024-05-10 08:00:00,confirmation,9361
4420,395,checkout_start,2024-04-15 00:00:00,cart,7899
4421,395,add_to_cart,2024-05-06 11:00:00,product,6158
4422,395,signup,2024-04-26 04:00:00,confirmation,6183
4423,395,checkout_start,2024-05-11 20:00:00,home,1059
4424,395,add_to_cart,2024-04-21 11:00:00,home,8488
4425,395,purchase,2024-04-30 05:00:00,home,7063
4426,395,purchase,2024-04-24 21:00:00,pricing,7212
4427,396,page_view,2024-03-15 04:00:00,pricing,1754
4428,396,signup,2024-03-30 14:00:00,pricing,7388
4429,396,page_view,2024-03-30 00:00:00,home,1213
4430,396,page_view,2024-04-08 14:00:00,cart,5900
4431,396,add_to_cart,2024-03-15 16:00:00,pricing,4683
4432,396,page_view,2024-03-24 00:00:00,checkout,9874
4433,396,page_view,2024-03-25 19:00:00,confirmation,5405
4434,396,signup,2024-04-07 09:00:00,confirmation,1246
4435,396,add_to_cart,2024-03-27 16:00:00,blog,4189
4436,396,signup,2024-03-30 08:00:00,product,5820
4437,396,page_view,2024-04-04 15:00:00,confirmation,7639
4438,396,page_view,2024-03-18 19:00:00,checkout,1252
4439,396,page_view,2024-04-03 12:00:00,checkout,9520
4440,396,signup,2024-04-08 02:00:00,checkout,9669
4441,396,add_to_cart,2024-04-10 02:00:00,checkout,2190
4442,396,page_view,2024-03-27 12:00:00,blog,8024
4443,397,signup,2024-06-18 11:00:00,home,8446
4444,397,page_view,2024-06-19 02:00:00,confirmation,4878
4445,397,page_view,2024-06-08 09:00:00,home,3174
4446,397,checkout_start,2024-06-21 09:00:00,blog,6873
4447,397,checkout_start,2024-06-22 09:00:00,pricing,9552
4448,397,signup,2024-06-27 15:00:00,blog,4060
4449,397,page_view,2024-06-19 05:00:00,home,1095
4450,398,purchase,2024-04-17 17:00:00,home,8552
4451,398,page_view,2024-04-17 09:00:00,cart,2929
4452,398,signup,2024-04-21 15:00:00,cart,2478
4453,398,add_to_cart,2024-04-30 15:00:00,checkout,5862
4454,398,add_to_cart,2024-04-18 10:00:00,blog,2222
4455,398,signup,2024-04-06 02:00:00,blog,3370
4456,398,page_view,2024-04-13 23:00:00,pricing,7599
4457,398,signup,2024-04-07 21:00:00,product,3665
4458,398,add_to_cart,2024-04-08 00:00:00,checkout,6476
4459,398,signup,2024-04-23 20:00:00,checkout,1874
4460,398,add_to_cart,2024-04-13 06:00:00,cart,5364
4461,398,page_view,2024-04-07 15:00:00,confirmation,6678
4462,398,page_view,2024-05-01 01:00:00,checkout,1743
4463,398,signup,2024-04-15 14:00:00,confirmation,3071
4464,398,checkout_start,2024-04-02 02:00:00,product,3069
4465,398,signup,2024-04-17 15:00:00,home,1295
4466,398,page_view,2024-04-04 02:00:00,checkout,4597
4467,398,signup,2024-04-16 14:00:00,home,8526
4468,398,page_view,2024-04-09 07:00:00,product,5562
4469,398,purchase,2024-04-22 01:00:00,confirmation,3669
4470,399,page_view,2024-05-18 01:00:00,pricing,5587
4471,399,page_view,2024-04-22 05:00:00,checkout,9522
4472,399,purchase,2024-05-19 19:00:00,blog,9465
4473,399,page_view,2024-04-29 19:00:00,cart,8415
4474,399,page_view,2024-05-02 06:00:00,checkout,2187
4475,399,purchase,2024-05-08 14:00:00,confirmation,7113
4476,399,signup,2024-04-22 06:00:00,home,6757
4477,399,add_to_cart,2024-05-15 23:00:00,blog,1966
4478,399,page_view,2024-04-25 21:00:00,cart,1016
4479,399,page_view,2024-05-18 01:00:00,checkout,2789
4480,399,page_view,2024-05-20 00:00:00,product,8002
4481,399,add_to_cart,2024-04-25 10:00:00,home,6942
4482,399,purchase,2024-05-01 16:00:00,blog,8218
4483,399,checkout_start,2024-04-24 06:00:00,product,4270
4484,399,page_view,2024-04-23 20:00:00,home,8048
4485,399,page_view,2024-05-17 07:00:00,home,1075
4486,399,page_view,2024-05-12 15:00:00,pricing,2419
4487,399,signup,2024-05-13 12:00:00,cart,6361
4488,399,page_view,2024-05-21 19:00:00,blog,3307
4489,400,signup,2024-05-24 06:00:00,confirmation,4495
4490,400,page_view,2024-05-19 14:00:00,confirmation,5212
4491,400,purchase,2024-05-13 21:00:00,blog,2893
4492,400,checkout_start,2024-05-19 15:00:00,home,9432
4493,400,purchase,2024-05-08 00:00:00,product,6093
4494,400,page_view,2024-05-24 23:00:00,blog,2158
4495,400,page_view,2024-05-03 12:00:00,home,3518
4496,400,add_to_cart,2024-05-17 00:00:00,pricing,7607
4497,400,add_to_cart,2024-05-11 11:00:00,home,8672
4498,400,page_view,2024-05-14 15:00:00,blog,6897
4499,400,page_view,2024-05-20 16:00:00,blog,4964
4500,400,checkout_start,2024-05-16 09:00:00,product,7892
4501,400,page_view,2024-05-24 14:00:00,blog,5472
4502,400,signup,2024-05-25 06:00:00,pricing,8033
4503,400,page_view,2024-05-21 02:00:00,confirmation,4588
4504,400,checkout_start,2024-05-12 17:00:00,confirmation,9247
4505,400,signup,2024-05-10 07:00:00,product,6208
4506,400,page_view,2024-05-11 17:00:00,blog,5881
4507,400,purchase,2024-05-19 07:00:00,confirmation,1777
4508,400,page_view,2024-05-16 02:00:00,checkout,8279
4509,401,page_view,2024-01-09 03:00:00,checkout,6497
4510,401,page_view,2024-01-22 00:00:00,checkout,3612
4511,401,signup,2024-01-15 18:00:00,pricing,1159
4512,401,page_view,2024-02-01 08:00:00,cart,6317
4513,401,page_view,2024-01-11 13:00:00,pricing,6070
4514,401,add_to_cart,2024-01-08 04:00:00,confirmation,2666
4515,401,page_view,2024-01-16 23:00:00,home,2640
4516,401,add_to_cart,2024-01-26 17:00:00,checkout,2552
4517,401,purchase,2024-02-01 15:00:00,home,3331
4518,401,checkout_start,2024-01-21 00:00:00,pricing,8293
4519,402,add_to_cart,2024-03-03 07:00:00,product,3755
4520,402,page_view,2024-03-28 01:00:00,pricing,7077
4521,402,page_view,2024-03-10 23:00:00,cart,2362
4522,402,page_view,2024-03-30 02:00:00,home,2354
4523,402,page_view,2024-03-29 10:00:00,checkout,6140
4524,402,page_view,2024-03-25 03:00:00,home,1173
4525,402,checkout_start,2024-03-07 17:00:00,blog,1831
4526,402,page_view,2024-03-04 08:00:00,cart,4515
4527,402,purchase,2024-03-08 19:00:00,cart,5253
4528,402,add_to_cart,2024-03-19 18:00:00,confirmation,6567
4529,402,signup,2024-03-02 08:00:00,home,9066
4530,402,add_to_cart,2024-03-05 06:00:00,pricing,4133
4531,402,signup,2024-03-06 12:00:00,confirmation,1811
4532,402,add_to_cart,2024-03-16 02:00:00,confirmation,6999
4533,403,add_to_cart,2024-06-08 20:00:00,blog,2077
4534,403,page_view,2024-06-01 01:00:00,checkout,5716
4535,404,add_to_cart,2024-05-29 23:00:00,home,4330
4536,404,checkout_start,2024-06-15 10:00:00,home,1049
4537,404,page_view,2024-05-28 20:00:00,home,4514
4538,404,page_view,2024-06-04 06:00:00,confirmation,5656
4539,404,page_view,2024-05-19 17:00:00,cart,2536
4540,404,purchase,2024-05-26 10:00:00,cart,3855
4541,404,page_view,2024-06-09 06:00:00,blog,4991
4542,404,add_to_cart,2024-06-01 22:00:00,cart,3400
4543,405,page_view,2024-04-27 10:00:00,home,1971
4544,405,purchase,2024-04-29 09:00:00,confirmation,1213
4545,405,page_view,2024-05-09 11:00:00,confirmation,8020
4546,406,page_view,2024-03-09 12:00:00,checkout,8196
4547,406,page_view,2024-03-27 08:00:00,blog,4958
4548,406,signup,2024-03-27 10:00:00,pricing,3053
4549,406,add_to_cart,2024-03-16 07:00:00,confirmation,5734
4550,406,signup,2024-03-20 02:00:00,cart,4686
4551,406,page_view,2024-03-07 21:00:00,checkout,8511
4552,406,add_to_cart,2024-03-23 02:00:00,blog,3575
4553,406,page_view,2024-03-21 06:00:00,product,3632
4554,406,page_view,2024-04-03 00:00:00,home,2194
4555,406,page_view,2024-03-28 01:00:00,checkout,6129
4556,406,page_view,2024-03-17 21:00:00,checkout,4008
4557,406,page_view,2024-03-19 04:00:00,confirmation,5174
4558,406,signup,2024-03-14 20:00:00,pricing,4060
4559,406,purchase,2024-04-04 05:00:00,pricing,3448
4560,406,checkout_start,2024-03-16 08:00:00,cart,6423
4561,406,page_view,2024-03-11 01:00:00,pricing,1523
4562,406,page_view,2024-03-31 09:00:00,checkout,1760
4563,406,page_view,2024-03-22 04:00:00,pricing,9863
4564,406,purchase,2024-03-30 17:00:00,confirmation,5149
4565,407,page_view,2024-04-28 14:00:00,home,2448
4566,407,page_view,2024-05-14 09:00:00,product,3229
4567,407,purchase,2024-05-24 07:00:00,cart,6480
4568,407,page_view,2024-05-17 11:00:00,confirmation,9897
4569,407,page_view,2024-05-17 05:00:00,confirmation,4048
4570,407,page_view,2024-05-01 17:00:00,pricing,7938
4571,407,page_view,2024-05-11 07:00:00,home,4783
4572,407,signup,2024-05-08 06:00:00,blog,3935
4573,407,checkout_start,2024-04-28 08:00:00,product,8496
4574,408,signup,2024-02-28 02:00:00,home,5191
4575,408,purchase,2024-03-03 17:00:00,home,3065
4576,408,purchase,2024-02-13 01:00:00,home,2488
4577,408,checkout_start,2024-02-27 16:00:00,product,1100
4578,408,page_view,2024-02-20 17:00:00,pricing,3756
4579,408,add_to_cart,2024-02-17 05:00:00,confirmation,3800
4580,408,page_view,2024-02-15 21:00:00,confirmation,3039
4581,408,signup,2024-03-06 06:00:00,checkout,1070
4582,408,page_view,2024-03-13 06:00:00,home,8106
4583,408,add_to_cart,2024-02-17 12:00:00,confirmation,8152
4584,408,signup,2024-02-22 00:00:00,cart,2336
4585,408,checkout_start,2024-03-09 02:00:00,confirmation,8598
4586,408,purchase,2024-03-13 10:00:00,product,2543
4587,409,signup,2024-06-06 17:00:00,pricing,1824
4588,409,purchase,2024-05-28 11:00:00,checkout,9765
4589,409,add_to_cart,2024-06-12 20:00:00,product,2100
4590,409,purchase,2024-06-06 08:00:00,confirmation,3532
4591,409,purchase,2024-06-04 16:00:00,checkout,3824
4592,409,page_view,2024-06-04 17:00:00,cart,1875
4593,409,page_view,2024-06-11 01:00:00,confirmation,3262
4594,409,add_to_cart,2024-05-21 04:00:00,checkout,3662
4595,409,page_view,2024-05-14 01:00:00,confirmation,4502
4596,409,page_view,2024-06-09 05:00:00,product,4746
4597,409,add_to_cart,2024-05-19 18:00:00,product,1969
4598,409,page_view,2024-05-24 18:00:00,cart,8983
4599,409,add_to_cart,2024-05-25 21:00:00,pricing,3157
4600,409,add_to_cart,2024-06-05 09:00:00,home,7905
4601,410,add_to_cart,2024-03-20 15:00:00,product,1167
4602,410,page_view,2024-03-24 17:00:00,pricing,1213
4603,410,page_view,2024-03-01 10:00:00,product,1830
4604,410,purchase,2024-03-07 19:00:00,pricing,3445
4605,410,checkout_start,2024-03-05 08:00:00,product,8191
4606,410,page_view,2024-03-17 05:00:00,product,2691
4607,410,page_view,2024-03-06 09:00:00,product,1678
4608,410,signup,2024-03-01 13:00:00,checkout,6496
4609,410,signup,2024-02-27 00:00:00,checkout,4228
4610,410,add_to_cart,2024-02-25 02:00:00,blog,1941
4611,410,add_to_cart,2024-03-10 16:00:00,confirmation,4781
4612,410,signup,2024-03-14 18:00:00,cart,7518
4613,410,page_view,2024-03-20 22:00:00,confirmation,4674
4614,411,add_to_cart,2024-06-10 00:00:00,pricing,3652
4615,411,page_view,2024-06-30 00:00:00,pricing,2212
4616,411,page_view,2024-06-27 00:00:00,blog,1669
4617,411,signup,2024-06-13 18:00:00,confirmation,4574
4618,411,purchase,2024-06-12 02:00:00,home,5319
4619,411,checkout_start,2024-06-17 13:00:00,pricing,9867
4620,412,add_to_cart,2024-02-27 20:00:00,checkout,3657
4621,412,signup,2024-03-02 10:00:00,blog,4326
4622,412,signup,2024-03-01 01:00:00,home,9209
4623,412,page_view,2024-02-27 09:00:00,confirmation,7038
4624,412,checkout_start,2024-03-13 19:00:00,checkout,8544
4625,412,page_view,2024-02-26 17:00:00,pricing,7455
4626,412,page_view,2024-03-02 12:00:00,confirmation,7450
4627,412,page_view,2024-03-11 10:00:00,cart,5701
4628,412,page_view,2024-03-06 20:00:00,home,8224
4629,412,page_view,2024-03-14 09:00:00,product,6016
4630,413,signup,2024-06-03 14:00:00,cart,1139
4631,413,add_to_cart,2024-06-06 21:00:00,checkout,3740
4632,413,page_view,2024-06-13 08:00:00,blog,3767
4633,413,page_view,2024-06-10 10:00:00,blog,2924
4634,413,page_view,2024-05-28 18:00:00,product,5189
4635,413,checkout_start,2024-06-03 05:00:00,pricing,3251
4636,413,purchase,2024-06-08 15:00:00,confirmation,6252
4637,413,add_to_cart,2024-06-05 08:00:00,home,9432
4638,414,checkout_start,2024-06-11 03:00:00,home,9745
4639,414,purchase,2024-06-05 00:00:00,confirmation,2607
4640,414,purchase,2024-06-10 13:00:00,product,4933
4641,414,purchase,2024-05-28 06:00:00,pricing,2386
4642,414,add_to_cart,2024-06-12 01:00:00,pricing,7230
4643,414,page_view,2024-05-26 05:00:00,confirmation,6551
4644,414,checkout_start,2024-05-25 05:00:00,pricing,5615
4645,414,purchase,2024-06-03 15:00:00,product,6990
4646,414,page_view,2024-06-12 10:00:00,confirmation,4864
4647,414,page_view,2024-05-24 14:00:00,product,1569
4648,414,page_view,2024-06-13 10:00:00,home,6993
4649,414,signup,2024-06-12 12:00:00,checkout,1458
4650,414,purchase,2024-05-30 22:00:00,cart,7058
4651,414,add_to_cart,2024-06-03 22:00:00,checkout,5400
4652,414,page_view,2024-06-05 07:00:00,checkout,7576
4653,414,add_to_cart,2024-06-09 00:00:00,pricing,5395
4654,414,page_view,2024-06-11 02:00:00,product,6906
4655,414,signup,2024-05-25 05:00:00,confirmation,8736
4656,415,page_view,2024-03-04 18:00:00,pricing,9237
4657,415,purchase,2024-03-04 07:00:00,home,8059
4658,415,purchase,2024-02-25 21:00:00,product,2295
4659,415,page_view,2024-02-24 13:00:00,cart,1362
4660,415,add_to_cart,2024-03-10 20:00:00,home,6440
4661,415,purchase,2024-03-14 09:00:00,cart,9323
4662,415,checkout_start,2024-02-20 17:00:00,product,7538
4663,415,page_view,2024-03-13 10:00:00,blog,7081
4664,415,page_view,2024-03-12 13:00:00,cart,8318
4665,415,page_view,2024-02-24 18:00:00,product,1221
4666,416,page_view,2024-01-22 18:00:00,cart,2944
4667,416,page_view,2024-01-22 08:00:00,home,5684
4668,416,purchase,2024-01-13 05:00:00,cart,9920
4669,416,page_view,2024-02-04 21:00:00,blog,3579
4670,416,checkout_start,2024-01-28 17:00:00,cart,6189
4671,416,page_view,2024-01-24 04:00:00,blog,1914
4672,416,signup,2024-01-30 07:00:00,product,8502
4673,416,page_view,2024-01-20 15:00:00,pricing,1296
4674,416,signup,2024-01-12 06:00:00,pricing,2998
4675,416,purchase,2024-02-01 03:00:00,blog,6837
4676,416,page_view,2024-01-18 03:00:00,home,2300
4677,416,add_to_cart,2024-01-26 17:00:00,checkout,2513
4678,416,page_view,2024-02-03 18:00:00,product,4426
4679,416,checkout_start,2024-01-26 11:00:00,pricing,5577
4680,416,signup,2024-01-18 12:00:00,confirmation,8547
4681,416,page_view,2024-01-22 01:00:00,pricing,9160
4682,417,signup,2024-01-06 19:00:00,pricing,3680
4683,417,purchase,2024-01-29 15:00:00,pricing,1414
4684,417,signup,2024-01-31 12:00:00,blog,6594
4685,418,purchase,2024-04-11 11:00:00,checkout,8421
4686,418,signup,2024-04-07 15:00:00,checkout,6307
4687,418,page_view,2024-04-19 08:00:00,checkout,1055
4688,418,page_view,2024-04-06 18:00:00,home,1764
4689,418,add_to_cart,2024-04-28 20:00:00,blog,3498
4690,418,purchase,2024-04-20 17:00:00,home,1402
4691,419,add_to_cart,2024-05-18 21:00:00,pricing,1747
4692,419,page_view,2024-05-06 13:00:00,product,8927
4693,419,page_view,2024-06-03 02:00:00,product,2076
4694,419,page_view,2024-05-18 04:00:00,checkout,4192
4695,419,signup,2024-05-10 02:00:00,confirmation,5933
4696,419,purchase,2024-05-14 16:00:00,pricing,3022
4697,419,add_to_cart,2024-05-14 06:00:00,confirmation,2422
4698,419,purchase,2024-05-26 02:00:00,home,4251
4699,419,page_view,2024-05-10 04:00:00,confirmation,6666
4700,419,add_to_cart,2024-05-19 23:00:00,confirmation,7402
4701,419,purchase,2024-05-12 12:00:00,home,4055
4702,419,add_to_cart,2024-05-29 13:00:00,blog,8940
4703,419,page_view,2024-05-15 12:00:00,pricing,7119
4704,420,add_to_cart,2024-05-11 03:00:00,product,3430
4705,420,page_view,2024-04-20 05:00:00,pricing,8253
4706,420,add_to_cart,2024-04-22 16:00:00,product,9555
4707,420,add_to_cart,2024-05-08 17:00:00,home,5707
4708,420,checkout_start,2024-04-28 12:00:00,pricing,4638
4709,420,page_view,2024-04-28 02:00:00,product,7934
4710,420,page_view,2024-05-01 05:00:00,cart,1569
4711,420,page_view,2024-05-03 00:00:00,home,8522
4712,420,signup,2024-04-14 22:00:00,checkout,9156
4713,420,add_to_cart,2024-04-18 03:00:00,blog,3595
4714,420,page_view,2024-04-21 12:00:00,home,1231
4715,420,page_view,2024-05-03 23:00:00,checkout,2634
4716,420,add_to_cart,2024-04-28 02:00:00,blog,4641
4717,421,signup,2024-04-19 22:00:00,product,2468
4718,421,add_to_cart,2024-04-12 00:00:00,blog,8122
4719,421,signup,2024-04-02 04:00:00,cart,7595
4720,421,page_view,2024-04-11 09:00:00,checkout,5303
4721,421,page_view,2024-03-27 14:00:00,product,3502
4722,421,purchase,2024-03-28 01:00:00,pricing,9328
4723,421,add_to_cart,2024-03-22 17:00:00,blog,5784
4724,421,purchase,2024-04-01 19:00:00,cart,3527
4725,421,purchase,2024-04-19 08:00:00,pricing,4016
4726,421,add_to_cart,2024-03-29 14:00:00,cart,7635
4727,421,page_view,2024-03-24 10:00:00,blog,6530
4728,421,page_view,2024-03-31 00:00:00,home,7383
4729,421,checkout_start,2024-04-01 08:00:00,pricing,8844
4730,421,page_view,2024-04-01 10:00:00,pricing,2879
4731,421,page_view,2024-04-13 16:00:00,checkout,9057
4732,421,page_view,2024-04-02 18:00:00,product,1103
4733,421,add_to_cart,2024-04-11 17:00:00,product,5995
4734,421,add_to_cart,2024-03-27 04:00:00,cart,3432
4735,421,checkout_start,2024-03-22 13:00:00,home,4600
4736,422,signup,2024-06-09 10:00:00,home,9334
4737,422,add_to_cart,2024-06-14 05:00:00,product,8758
4738,422,page_view,2024-06-30 00:00:00,home,6141
4739,422,checkout_start,2024-06-13 19:00:00,home,6923
4740,422,page_view,2024-06-15 14:00:00,home,3855
4741,422,add_to_cart,2024-06-28 17:00:00,cart,2416
4742,422,purchase,2024-06-20 06:00:00,cart,2179
4743,422,signup,2024-06-05 07:00:00,pricing,6606
4744,422,signup,2024-06-16 01:00:00,home,2496
4745,422,add_to_cart,2024-06-26 14:00:00,confirmation,4465
4746,422,page_view,2024-06-27 05:00:00,confirmation,9137
4747,422,checkout_start,2024-06-17 06:00:00,home,8817
4748,422,checkout_start,2024-06-02 00:00:00,home,5155
4749,422,signup,2024-06-09 04:00:00,product,1244
4750,423,checkout_start,2024-06-30 00:00:00,checkout,2574
4751,423,add_to_cart,2024-06-24 19:00:00,home,3452
4752,423,page_view,2024-06-30 00:00:00,product,4991
4753,423,purchase,2024-06-30 00:00:00,confirmation,7611
4754,424,signup,2024-03-18 16:00:00,checkout,7651
4755,424,signup,2024-02-26 13:00:00,confirmation,8775
4756,424,page_view,2024-03-05 04:00:00,checkout,9037
4757,424,page_view,2024-03-16 15:00:00,blog,4037
4758,424,signup,2024-03-01 15:00:00,checkout,1463
4759,424,purchase,2024-03-15 15:00:00,pricing,9690
4760,424,add_to_cart,2024-03-18 19:00:00,pricing,9924
4761,424,page_view,2024-03-13 22:00:00,blog,4407
4762,424,add_to_cart,2024-03-22 22:00:00,pricing,6058
4763,424,page_view,2024-03-04 15:00:00,home,7262
4764,424,page_view,2024-03-10 00:00:00,home,9396
4765,424,add_to_cart,2024-03-24 16:00:00,confirmation,6486
4766,424,page_view,2024-03-03 18:00:00,product,1748
4767,424,page_view,2024-03-02 18:00:00,home,6766
4768,424,add_to_cart,2024-02-26 00:00:00,checkout,7195
4769,424,purchase,2024-03-07 14:00:00,confirmation,8472
4770,425,page_view,2024-06-30 00:00:00,home,1019
4771,425,signup,2024-06-19 23:00:00,confirmation,8606
4772,425,page_view,2024-06-30 00:00:00,confirmation,8131
4773,425,signup,2024-06-30 00:00:00,confirmation,8337
4774,425,signup,2024-06-30 00:00:00,cart,2458
4775,425,checkout_start,2024-06-30 00:00:00,checkout,6694
4776,425,add_to_cart,2024-06-30 00:00:00,home,5209
4777,425,page_view,2024-06-28 02:00:00,checkout,5002
4778,425,page_view,2024-06-29 01:00:00,product,8704
4779,425,page_view,2024-06-22 11:00:00,pricing,7326
4780,425,signup,2024-06-25 14:00:00,confirmation,4055
4781,426,page_view,2024-02-19 19:00:00,pricing,6867
4782,426,signup,2024-02-06 20:00:00,checkout,4649
4783,426,page_view,2024-02-14 16:00:00,pricing,7077
4784,426,signup,2024-02-26 07:00:00,home,3936
4785,426,page_view,2024-02-16 16:00:00,product,9667
4786,426,signup,2024-02-07 20:00:00,pricing,4381
4787,426,page_view,2024-02-19 04:00:00,home,6144
4788,426,page_view,2024-02-27 04:00:00,confirmation,6495
4789,426,page_view,2024-02-27 02:00:00,cart,7782
4790,426,signup,2024-02-29 01:00:00,cart,6413
4791,426,checkout_start,2024-02-12 04:00:00,cart,4627
4792,426,add_to_cart,2024-02-14 02:00:00,blog,2195
4793,426,add_to_cart,2024-02-14 00:00:00,checkout,5007
4794,426,page_view,2024-02-26 22:00:00,pricing,5234
4795,426,signup,2024-02-12 18:00:00,cart,4709
4796,426,checkout_start,2024-02-25 12:00:00,checkout,5322
4797,427,add_to_cart,2024-06-14 10:00:00,blog,3807
4798,427,page_view,2024-05-29 05:00:00,confirmation,6377
4799,428,page_view,2024-02-21 22:00:00,pricing,8815
4800,428,purchase,2024-02-13 07:00:00,pricing,9735
4801,428,add_to_cart,2024-03-02 09:00:00,confirmation,5417
4802,428,page_view,2024-02-08 06:00:00,home,1130
4803,428,signup,2024-02-28 08:00:00,home,3839
4804,428,checkout_start,2024-02-08 21:00:00,blog,1710
4805,428,page_view,2024-02-24 10:00:00,blog,9496
4806,428,page_view,2024-02-18 20:00:00,pricing,7763
4807,428,page_view,2024-02-19 19:00:00,blog,3161
4808,428,page_view,2024-02-09 08:00:00,home,1703
4809,428,page_view,2024-02-16 21:00:00,checkout,5987
4810,428,purchase,2024-02-20 06:00:00,product,4660
4811,428,page_view,2024-02-28 04:00:00,home,3317
4812,428,page_view,2024-02-19 04:00:00,blog,2880
4813,428,add_to_cart,2024-02-12 16:00:00,checkout,6461
4814,428,checkout_start,2024-02-20 18:00:00,confirmation,7416
4815,428,page_view,2024-02-12 02:00:00,cart,8722
4816,428,signup,2024-02-04 02:00:00,checkout,2292
4817,429,page_view,2024-05-06 00:00:00,home,5277
4818,429,signup,2024-04-25 09:00:00,product,5249
4819,429,page_view,2024-05-09 16:00:00,checkout,4625
4820,429,page_view,2024-04-13 14:00:00,confirmation,7078
4821,429,checkout_start,2024-04-12 01:00:00,cart,4007
4822,429,checkout_start,2024-04-18 03:00:00,product,3223
4823,429,checkout_start,2024-04-11 10:00:00,product,6079
4824,429,page_view,2024-04-29 12:00:00,cart,7661
4825,429,add_to_cart,2024-04-18 20:00:00,home,5935
4826,429,add_to_cart,2024-04-19 21:00:00,pricing,7810
4827,429,add_to_cart,2024-05-01 12:00:00,pricing,7492
4828,429,checkout_start,2024-05-03 01:00:00,home,6141
4829,429,signup,2024-04-16 00:00:00,cart,7249
4830,429,purchase,2024-05-04 20:00:00,product,2469
4831,429,add_to_cart,2024-05-07 14:00:00,checkout,8178
4832,429,page_view,2024-04-22 04:00:00,cart,4085
4833,429,page_view,2024-04-11 14:00:00,blog,6218
4834,429,page_view,2024-04-12 11:00:00,confirmation,7006
4835,429,page_view,2024-04-12 00:00:00,blog,5592
4836,429,page_view,2024-04-28 00:00:00,product,8347
4837,430,page_view,2024-04-08 19:00:00,product,9524
4838,430,add_to_cart,2024-04-08 12:00:00,product,1152
4839,430,page_view,2024-04-07 19:00:00,cart,7574
4840,430,purchase,2024-04-26 11:00:00,product,4349
4841,430,page_view,2024-04-02 10:00:00,product,4232
4842,430,signup,2024-04-12 19:00:00,checkout,2109
4843,430,page_view,2024-05-01 12:00:00,checkout,8475
4844,430,purchase,2024-04-17 13:00:00,home,8168
4845,430,page_view,2024-04-20 05:00:00,checkout,6691
4846,430,page_view,2024-04-15 10:00:00,pricing,1928
4847,430,page_view,2024-04-09 09:00:00,cart,4450
4848,430,page_view,2024-04-04 09:00:00,product,4781
4849,431,add_to_cart,2024-04-19 17:00:00,blog,8989
4850,431,page_view,2024-04-03 06:00:00,product,5437
4851,431,page_view,2024-04-01 14:00:00,confirmation,5849
4852,431,page_view,2024-04-15 13:00:00,blog,1268
4853,431,signup,2024-03-30 21:00:00,product,3677
4854,431,checkout_start,2024-04-24 05:00:00,cart,1853
4855,431,page_view,2024-04-11 22:00:00,blog,7776
4856,431,add_to_cart,2024-04-07 01:00:00,confirmation,8578
4857,431,checkout_start,2024-03-31 08:00:00,checkout,9113
4858,431,checkout_start,2024-04-09 16:00:00,checkout,2734
4859,431,checkout_start,2024-04-22 13:00:00,confirmation,3996
4860,431,page_view,2024-04-07 06:00:00,cart,9873
4861,431,signup,2024-04-05 16:00:00,checkout,3524
4862,431,signup,2024-04-24 21:00:00,product,6562
4863,431,checkout_start,2024-04-17 13:00:00,home,3947
4864,431,page_view,2024-04-02 15:00:00,home,6623
4865,431,page_view,2024-04-12 10:00:00,confirmation,5616
4866,431,purchase,2024-04-06 20:00:00,pricing,3415
4867,431,signup,2024-04-06 13:00:00,pricing,4074
4868,431,signup,2024-04-15 06:00:00,home,4052
4869,432,page_view,2024-01-08 13:00:00,home,2953
4870,432,signup,2024-01-25 15:00:00,confirmation,1687
4871,432,add_to_cart,2024-01-13 01:00:00,pricing,7814
4872,432,page_view,2024-01-29 04:00:00,home,8445
4873,432,checkout_start,2024-01-05 02:00:00,checkout,5773
4874,433,purchase,2024-04-26 20:00:00,confirmation,3474
4875,433,page_view,2024-04-15 00:00:00,confirmation,5125
4876,433,page_view,2024-04-29 15:00:00,confirmation,6215
4877,434,page_view,2024-06-04 01:00:00,product,3328
4878,434,purchase,2024-06-04 00:00:00,pricing,5170
4879,434,page_view,2024-05-24 15:00:00,checkout,3978
4880,434,page_view,2024-05-20 23:00:00,blog,5739
4881,434,page_view,2024-05-20 09:00:00,checkout,3886
4882,435,page_view,2024-03-11 23:00:00,blog,5270
4883,435,checkout_start,2024-03-08 05:00:00,checkout,4151
4884,435,add_to_cart,2024-02-20 07:00:00,home,9840
4885,435,page_view,2024-02-20 08:00:00,cart,5823
4886,435,signup,2024-02-24 21:00:00,blog,1303
4887,435,signup,2024-02-25 00:00:00,confirmation,9177
4888,435,signup,2024-03-04 16:00:00,cart,1192
4889,435,signup,2024-02-23 13:00:00,blog,3723
4890,435,checkout_start,2024-02-12 10:00:00,confirmation,7185
4891,435,add_to_cart,2024-03-04 15:00:00,home,6131
4892,435,checkout_start,2024-02-20 02:00:00,checkout,9140
4893,435,add_to_cart,2024-02-22 23:00:00,product,7508
4894,435,add_to_cart,2024-03-01 05:00:00,product,3620
4895,435,add_to_cart,2024-03-08 12:00:00,checkout,4820
4896,436,signup,2024-03-20 21:00:00,checkout,8768
4897,436,checkout_start,2024-03-26 14:00:00,product,6876
4898,436,page_view,2024-04-06 04:00:00,checkout,2319
4899,436,page_view,2024-03-30 00:00:00,home,3322
4900,436,page_view,2024-04-07 19:00:00,pricing,7043
4901,436,add_to_cart,2024-04-06 10:00:00,product,3472
4902,436,page_view,2024-04-07 06:00:00,home,6285
4903,436,page_view,2024-03-30 12:00:00,product,6205
4904,436,add_to_cart,2024-03-26 11:00:00,pricing,7590
4905,436,signup,2024-03-22 22:00:00,checkout,3525
4906,437,checkout_start,2024-06-11 08:00:00,pricing,5860
4907,437,add_to_cart,2024-06-30 00:00:00,product,1700
4908,437,page_view,2024-06-22 09:00:00,cart,5246
4909,437,signup,2024-06-30 00:00:00,pricing,6564
4910,437,page_view,2024-06-08 03:00:00,pricing,2752
4911,437,add_to_cart,2024-06-13 12:00:00,blog,1662
4912,437,page_view,2024-06-05 20:00:00,confirmation,4677
4913,437,page_view,2024-06-10 16:00:00,pricing,2371
4914,437,checkout_start,2024-06-11 13:00:00,home,3832
4915,437,page_view,2024-06-07 06:00:00,cart,9378
4916,437,purchase,2024-06-30 00:00:00,home,7102
4917,437,page_view,2024-06-26 23:00:00,checkout,9903
4918,437,signup,2024-06-21 19:00:00,checkout,5881
4919,437,page_view,2024-06-04 08:00:00,confirmation,2797
4920,437,page_view,2024-06-26 15:00:00,confirmation,9802
4921,438,page_view,2024-06-30 00:00:00,cart,3188
4922,438,page_view,2024-06-30 00:00:00,blog,7361
4923,438,signup,2024-06-25 13:00:00,confirmation,9156
4924,439,signup,2024-02-12 05:00:00,product,6139
4925,439,page_view,2024-02-07 05:00:00,pricing,7352
4926,439,signup,2024-02-12 05:00:00,blog,7542
4927,439,add_to_cart,2024-01-29 06:00:00,home,8132
4928,439,page_view,2024-01-21 12:00:00,pricing,3953
4929,439,add_to_cart,2024-01-20 18:00:00,pricing,8145
4930,439,page_view,2024-01-22 04:00:00,product,3998
4931,439,page_view,2024-01-16 17:00:00,home,1745
4932,439,page_view,2024-01-28 03:00:00,cart,9714
4933,439,checkout_start,2024-01-25 06:00:00,home,5610
4934,439,purchase,2024-02-05 17:00:00,confirmation,2833
4935,439,signup,2024-01-19 20:00:00,confirmation,8315
4936,439,checkout_start,2024-01-22 13:00:00,checkout,5549
4937,439,add_to_cart,2024-02-09 13:00:00,home,3635
4938,439,add_to_cart,2024-02-06 22:00:00,home,1326
4939,439,page_view,2024-01-18 10:00:00,checkout,7918
4940,440,add_to_cart,2024-02-09 21:00:00,pricing,3754
4941,440,page_view,2024-02-09 02:00:00,cart,4222
4942,440,signup,2024-02-15 21:00:00,product,9912
4943,440,page_view,2024-02-25 21:00:00,home,1063
4944,440,add_to_cart,2024-02-22 17:00:00,cart,3940
4945,440,page_view,2024-02-20 12:00:00,confirmation,4849
4946,440,add_to_cart,2024-03-03 11:00:00,cart,3651
4947,440,checkout_start,2024-02-26 19:00:00,confirmation,3800
4948,440,add_to_cart,2024-03-08 03:00:00,blog,2023
4949,440,signup,2024-02-11 13:00:00,confirmation,8081
4950,440,checkout_start,2024-02-15 23:00:00,blog,8145
4951,440,checkout_start,2024-02-19 09:00:00,product,4388
4952,440,add_to_cart,2024-03-01 09:00:00,checkout,4339
4953,440,checkout_start,2024-02-18 03:00:00,checkout,2364
4954,440,page_view,2024-03-01 13:00:00,home,9885
4955,441,page_view,2024-04-02 13:00:00,home,5060
4956,441,signup,2024-04-13 12:00:00,blog,2780
4957,441,purchase,2024-03-26 00:00:00,product,3540
4958,441,signup,2024-04-23 07:00:00,product,4295
4959,441,add_to_cart,2024-04-04 15:00:00,product,2624
4960,441,signup,2024-04-23 17:00:00,confirmation,4666
4961,441,checkout_start,2024-04-09 21:00:00,checkout,2037
4962,441,signup,2024-04-17 13:00:00,pricing,1324
4963,441,purchase,2024-04-12 07:00:00,checkout,9077
4964,441,page_view,2024-04-11 10:00:00,home,7922
4965,441,add_to_cart,2024-04-21 20:00:00,blog,3736
4966,441,add_to_cart,2024-03-26 06:00:00,confirmation,9563
4967,441,checkout_start,2024-03-30 06:00:00,blog,5364
4968,441,add_to_cart,2024-04-05 13:00:00,confirmation,3087
4969,442,signup,2024-06-30 00:00:00,checkout,2913
4970,442,purchase,2024-06-30 00:00:00,pricing,2813
4971,442,purchase,2024-06-30 00:00:00,checkout,9736
4972,442,page_view,2024-06-30 00:00:00,pricing,5897
4973,442,add_to_cart,2024-06-30 00:00:00,product,1272
4974,442,add_to_cart,2024-06-29 10:00:00,checkout,7039
4975,442,purchase,2024-06-30 00:00:00,checkout,9746
4976,442,add_to_cart,2024-06-30 00:00:00,confirmation,6798
4977,442,checkout_start,2024-06-30 00:00:00,product,6303
4978,442,page_view,2024-06-30 00:00:00,confirmation,9310
4979,442,signup,2024-06-30 00:00:00,product,6626
4980,442,page_view,2024-06-30 00:00:00,cart,8129
4981,442,add_to_cart,2024-06-30 00:00:00,blog,8280
4982,442,checkout_start,2024-06-30 00:00:00,confirmation,1368
4983,442,page_view,2024-06-30 00:00:00,checkout,3338
4984,442,signup,2024-06-30 00:00:00,confirmation,5989
4985,443,signup,2024-04-08 16:00:00,checkout,8936
4986,443,signup,2024-03-21 22:00:00,confirmation,8492
4987,443,add_to_cart,2024-04-03 02:00:00,checkout,5176
4988,443,page_view,2024-04-13 20:00:00,confirmation,5656
4989,444,page_view,2024-05-31 18:00:00,confirmation,4170
4990,444,checkout_start,2024-06-14 22:00:00,blog,5952
4991,444,signup,2024-05-24 19:00:00,product,5734
4992,444,signup,2024-06-08 13:00:00,pricing,6625
4993,444,page_view,2024-05-28 19:00:00,confirmation,9788
4994,444,page_view,2024-06-11 18:00:00,checkout,5799
4995,444,signup,2024-06-13 22:00:00,cart,5751
4996,444,page_view,2024-06-02 11:00:00,confirmation,3730
4997,444,add_to_cart,2024-06-17 06:00:00,blog,7463
4998,444,page_view,2024-05-20 10:00:00,product,2937
4999,444,page_view,2024-05-21 08:00:00,product,8515
5000,444,page_view,2024-05-21 16:00:00,cart,2002
5001,444,checkout_start,2024-05-20 18:00:00,product,5432
5002,444,checkout_start,2024-06-11 19:00:00,cart,9521
5003,445,page_view,2024-05-01 10:00:00,confirmation,4112
5004,445,checkout_start,2024-05-20 09:00:00,cart,8904
5005,445,add_to_cart,2024-05-05 00:00:00,confirmation,4882
5006,445,signup,2024-05-18 09:00:00,checkout,5291
5007,445,signup,2024-04-26 12:00:00,checkout,4875
5008,446,purchase,2024-01-18 08:00:00,checkout,7071
5009,446,page_view,2024-01-12 13:00:00,product,1752
5010,447,add_to_cart,2024-03-12 15:00:00,checkout,2668
5011,447,checkout_start,2024-03-21 06:00:00,blog,6830
5012,447,page_view,2024-03-23 12:00:00,cart,7347
5013,447,page_view,2024-03-08 11:00:00,cart,4138
5014,447,purchase,2024-03-14 16:00:00,pricing,5820
5015,447,signup,2024-03-14 10:00:00,home,9235
5016,447,purchase,2024-03-16 11:00:00,home,2938
5017,447,signup,2024-03-18 15:00:00,checkout,1572
5018,447,page_view,2024-02-26 07:00:00,blog,4343
5019,447,page_view,2024-03-14 05:00:00,pricing,3013
5020,447,page_view,2024-02-27 00:00:00,cart,5964
5021,447,page_view,2024-03-06 18:00:00,confirmation,1708
5022,447,signup,2024-03-12 18:00:00,pricing,6618
5023,448,purchase,2024-04-05 20:00:00,checkout,7131
5024,448,page_view,2024-03-20 00:00:00,home,7190
5025,448,checkout_start,2024-03-19 01:00:00,product,2914
5026,448,purchase,2024-03-26 19:00:00,confirmation,8146
5027,448,page_view,2024-04-02 09:00:00,checkout,3920
5028,448,purchase,2024-03-20 20:00:00,product,3046
5029,448,page_view,2024-04-07 23:00:00,product,4530
5030,448,add_to_cart,2024-04-09 02:00:00,cart,8202
5031,448,page_view,2024-03-14 06:00:00,cart,8870
5032,448,page_view,2024-03-29 14:00:00,cart,6335
5033,448,signup,2024-03-28 21:00:00,confirmation,8161
5034,448,page_view,2024-03-26 22:00:00,blog,4797
5035,448,page_view,2024-04-04 19:00:00,home,9013
5036,448,purchase,2024-03-16 11:00:00,cart,6456
5037,448,page_view,2024-03-27 20:00:00,product,1923
5038,449,page_view,2024-03-23 15:00:00,pricing,4028
5039,449,purchase,2024-03-16 21:00:00,home,8738
5040,450,page_view,2024-06-02 07:00:00,checkout,9104
5041,450,signup,2024-05-12 16:00:00,cart,9782
5042,450,signup,2024-06-02 09:00:00,product,6677
5043,450,page_view,2024-05-29 17:00:00,pricing,6263
5044,450,page_view,2024-05-29 15:00:00,product,6001
5045,450,add_to_cart,2024-05-13 06:00:00,cart,3292
5046,450,page_view,2024-05-19 08:00:00,home,9230
5047,450,signup,2024-05-19 23:00:00,confirmation,2376
5048,450,page_view,2024-05-25 03:00:00,cart,1855
5049,451,page_view,2024-05-09 04:00:00,cart,2519
5050,451,signup,2024-04-23 00:00:00,cart,5411
5051,451,page_view,2024-05-02 02:00:00,cart,4519
5052,451,add_to_cart,2024-04-27 05:00:00,cart,8182
5053,451,add_to_cart,2024-05-04 13:00:00,blog,5846
5054,451,checkout_start,2024-04-16 18:00:00,blog,8557
5055,451,page_view,2024-04-17 01:00:00,cart,8527
5056,451,page_view,2024-04-20 12:00:00,blog,4328
5057,451,page_view,2024-04-13 13:00:00,checkout,9364
5058,451,page_view,2024-05-04 19:00:00,product,3044
5059,451,page_view,2024-05-04 14:00:00,home,2124
5060,451,page_view,2024-05-11 08:00:00,blog,9538
5061,451,purchase,2024-05-07 15:00:00,checkout,1613
5062,451,signup,2024-05-03 21:00:00,confirmation,3868
5063,451,page_view,2024-05-05 18:00:00,blog,3852
5064,451,signup,2024-05-02 11:00:00,product,1157
5065,451,checkout_start,2024-04-24 04:00:00,checkout,4013
5066,451,add_to_cart,2024-04-25 11:00:00,cart,3974
5067,452,add_to_cart,2024-03-16 23:00:00,checkout,6352
5068,452,page_view,2024-03-26 04:00:00,cart,4709
5069,452,checkout_start,2024-03-18 14:00:00,blog,9386
5070,452,page_view,2024-02-29 03:00:00,confirmation,2759
5071,452,signup,2024-03-13 04:00:00,checkout,4080
5072,453,checkout_start,2024-06-19 21:00:00,checkout,2435
5073,453,signup,2024-06-28 10:00:00,checkout,3663
5074,453,checkout_start,2024-06-30 00:00:00,confirmation,2069
5075,453,page_view,2024-06-21 05:00:00,blog,7488
5076,453,signup,2024-06-13 19:00:00,confirmation,5209
5077,453,add_to_cart,2024-06-24 01:00:00,checkout,5292
5078,453,page_view,2024-06-22 13:00:00,confirmation,1475
5079,453,page_view,2024-06-30 00:00:00,home,9720
5080,453,signup,2024-06-30 00:00:00,checkout,4733
5081,453,page_view,2024-06-30 00:00:00,product,6576
5082,453,page_view,2024-06-14 23:00:00,home,9852
5083,454,signup,2024-06-30 00:00:00,cart,3788
5084,454,page_view,2024-06-30 00:00:00,cart,9431
5085,454,page_view,2024-06-30 00:00:00,blog,8500
5086,454,page_view,2024-06-30 00:00:00,product,7077
5087,454,page_view,2024-06-30 00:00:00,pricing,6710
5088,454,page_view,2024-06-30 00:00:00,confirmation,2821
5089,454,page_view,2024-06-30 00:00:00,product,2170
5090,454,add_to_cart,2024-06-30 00:00:00,checkout,9827
5091,454,add_to_cart,2024-06-30 00:00:00,pricing,2212
5092,454,page_view,2024-06-23 20:00:00,confirmation,4072
5093,454,add_to_cart,2024-06-30 00:00:00,blog,8403
5094,454,signup,2024-06-21 11:00:00,cart,9669
5095,454,purchase,2024-06-30 00:00:00,cart,6385
5096,454,checkout_start,2024-06-22 05:00:00,blog,4376
5097,454,signup,2024-06-30 00:00:00,blog,3619
5098,455,purchase,2024-05-15 16:00:00,home,2359
5099,455,add_to_cart,2024-05-06 18:00:00,pricing,1486
5100,455,signup,2024-05-07 22:00:00,cart,8117
5101,455,page_view,2024-05-21 21:00:00,home,5026
5102,455,purchase,2024-05-25 00:00:00,checkout,9827
5103,455,page_view,2024-05-02 09:00:00,cart,1186
5104,455,add_to_cart,2024-04-29 23:00:00,confirmation,3734
5105,455,signup,2024-05-03 11:00:00,confirmation,1769
5106,455,page_view,2024-05-14 19:00:00,confirmation,7966
5107,455,signup,2024-05-17 01:00:00,product,7122
5108,455,add_to_cart,2024-05-02 19:00:00,pricing,6129
5109,455,signup,2024-05-20 12:00:00,home,8613
5110,455,add_to_cart,2024-04-29 12:00:00,pricing,6216
5111,455,page_view,2024-05-07 07:00:00,checkout,1327
5112,455,page_view,2024-05-04 04:00:00,product,2307
5113,455,page_view,2024-04-29 10:00:00,blog,9726
5114,455,checkout_start,2024-05-04 08:00:00,checkout,6036
5115,455,add_to_cart,2024-05-04 17:00:00,cart,6727
5116,456,add_to_cart,2024-01-24 09:00:00,home,1967
5117,456,signup,2024-02-12 10:00:00,blog,9765
5118,456,checkout_start,2024-01-18 07:00:00,pricing,3015
5119,456,page_view,2024-01-15 19:00:00,home,3222
5120,456,page_view,2024-01-26 18:00:00,checkout,4384
5121,457,purchase,2024-02-19 23:00:00,pricing,9698
5122,457,page_view,2024-03-09 04:00:00,blog,7587
5123,457,purchase,2024-02-22 23:00:00,home,4555
5124,457,page_view,2024-03-17 10:00:00,pricing,7569
5125,457,page_view,2024-03-12 05:00:00,cart,4964
5126,457,page_view,2024-03-14 09:00:00,home,6470
5127,457,page_view,2024-03-11 05:00:00,blog,8048
5128,457,page_view,2024-02-20 20:00:00,cart,8378
5129,457,page_view,2024-03-16 09:00:00,pricing,6477
5130,457,checkout_start,2024-03-04 11:00:00,product,8984
5131,457,page_view,2024-03-12 05:00:00,cart,2895
5132,457,page_view,2024-02-21 07:00:00,product,7437
5133,457,add_to_cart,2024-03-16 23:00:00,pricing,3195
5134,457,purchase,2024-03-09 16:00:00,checkout,8965
5135,458,page_view,2024-06-14 11:00:00,product,9924
5136,458,signup,2024-06-20 08:00:00,blog,7196
5137,458,page_view,2024-06-12 11:00:00,product,5833
5138,458,signup,2024-06-02 13:00:00,checkout,5176
5139,458,page_view,2024-06-05 22:00:00,pricing,7753
5140,458,page_view,2024-05-29 06:00:00,home,8566
5141,458,add_to_cart,2024-06-08 19:00:00,product,6484
5142,459,purchase,2024-03-13 02:00:00,checkout,5351
5143,459,purchase,2024-02-16 19:00:00,home,1613
5144,459,add_to_cart,2024-02-23 01:00:00,confirmation,1020
5145,459,signup,2024-02-20 18:00:00,product,1135
5146,459,page_view,2024-02-26 06:00:00,checkout,4416
5147,459,page_view,2024-03-04 00:00:00,blog,9341
5148,459,page_view,2024-02-19 08:00:00,cart,5433
5149,459,page_view,2024-03-05 08:00:00,blog,4766
5150,459,page_view,2024-03-11 06:00:00,product,1354
5151,459,signup,2024-03-10 13:00:00,blog,1735
5152,459,signup,2024-03-03 20:00:00,cart,1058
5153,459,page_view,2024-03-10 07:00:00,confirmation,9791
5154,459,purchase,2024-02-26 20:00:00,confirmation,8443
5155,459,checkout_start,2024-02-26 12:00:00,blog,6744
5156,459,checkout_start,2024-02-19 18:00:00,product,6384
5157,459,add_to_cart,2024-03-08 22:00:00,checkout,3224
5158,459,page_view,2024-03-06 22:00:00,cart,4220
5159,459,add_to_cart,2024-02-15 21:00:00,checkout,2963
5160,459,add_to_cart,2024-02-19 12:00:00,blog,5439
5161,460,page_view,2024-06-07 15:00:00,product,9255
5162,460,purchase,2024-06-21 07:00:00,confirmation,9084
5163,460,signup,2024-06-07 18:00:00,checkout,6884
5164,461,add_to_cart,2024-05-17 11:00:00,product,7630
5165,461,add_to_cart,2024-05-20 02:00:00,checkout,1228
5166,461,page_view,2024-05-18 17:00:00,pricing,1138
5167,461,page_view,2024-06-02 19:00:00,home,6719
5168,461,signup,2024-05-16 05:00:00,pricing,7867
5169,461,page_view,2024-05-08 23:00:00,product,7486
5170,461,page_view,2024-05-13 16:00:00,blog,3733
5171,461,purchase,2024-05-09 16:00:00,home,3791
5172,461,checkout_start,2024-05-17 22:00:00,confirmation,1570
5173,461,page_view,2024-06-04 20:00:00,checkout,3194
5174,461,page_view,2024-05-08 07:00:00,cart,2086
5175,461,page_view,2024-05-08 20:00:00,pricing,9105
5176,461,signup,2024-06-06 10:00:00,pricing,5458
5177,461,signup,2024-05-12 06:00:00,product,5435
5178,461,purchase,2024-05-23 20:00:00,product,2233
5179,461,add_to_cart,2024-05-10 12:00:00,pricing,6071
5180,461,purchase,2024-05-12 05:00:00,product,3362
5181,461,signup,2024-05-19 19:00:00,checkout,1461
5182,462,signup,2024-05-17 19:00:00,pricing,7386
5183,462,checkout_start,2024-05-04 21:00:00,confirmation,7666
5184,462,page_view,2024-05-02 17:00:00,cart,2280
5185,462,checkout_start,2024-05-15 03:00:00,blog,3361
5186,462,page_view,2024-05-01 21:00:00,cart,4505
5187,462,signup,2024-05-01 08:00:00,home,9742
5188,462,page_view,2024-05-20 12:00:00,product,6004
5189,462,signup,2024-05-10 07:00:00,home,7250
5190,462,page_view,2024-05-03 04:00:00,home,3446
5191,462,page_view,2024-05-17 07:00:00,pricing,3782
5192,462,purchase,2024-04-26 09:00:00,product,1575
5193,462,signup,2024-04-25 08:00:00,blog,4873
5194,462,checkout_start,2024-05-10 16:00:00,checkout,3220
5195,462,signup,2024-04-26 23:00:00,product,7705
5196,462,signup,2024-05-17 04:00:00,home,6553
5197,462,signup,2024-05-13 20:00:00,cart,1491
5198,462,page_view,2024-04-26 13:00:00,product,3237
5199,462,purchase,2024-05-08 05:00:00,confirmation,1201
5200,462,checkout_start,2024-04-25 02:00:00,product,8560
5201,462,page_view,2024-04-27 19:00:00,blog,1567
5202,463,page_view,2024-04-24 07:00:00,home,4345
5203,463,checkout_start,2024-05-10 01:00:00,confirmation,1675
5204,463,signup,2024-05-08 17:00:00,home,7387
5205,463,page_view,2024-05-08 03:00:00,home,1408
5206,463,page_view,2024-04-27 19:00:00,pricing,5576
5207,463,checkout_start,2024-05-04 09:00:00,checkout,2817
5208,463,page_view,2024-05-11 07:00:00,blog,2120
5209,463,checkout_start,2024-05-07 05:00:00,checkout,5207
5210,463,page_view,2024-04-30 01:00:00,home,3370
5211,463,add_to_cart,2024-04-26 14:00:00,cart,3158
5212,463,page_view,2024-04-24 20:00:00,home,7509
5213,463,page_view,2024-04-17 15:00:00,product,4517
5214,463,page_view,2024-05-12 01:00:00,home,3325
5215,463,add_to_cart,2024-05-15 08:00:00,confirmation,5449
5216,463,add_to_cart,2024-04-30 00:00:00,checkout,8773
5217,463,page_view,2024-04-24 16:00:00,home,4411
5218,464,add_to_cart,2024-06-18 22:00:00,cart,6174
5219,464,page_view,2024-06-05 00:00:00,product,8705
5220,464,page_view,2024-06-18 10:00:00,checkout,5916
5221,464,page_view,2024-06-24 18:00:00,pricing,3194
5222,464,purchase,2024-06-12 12:00:00,blog,6883
5223,464,signup,2024-06-25 22:00:00,home,7263
5224,464,page_view,2024-06-02 13:00:00,home,2809
5225,465,signup,2024-04-05 21:00:00,blog,2489
5226,465,checkout_start,2024-03-21 06:00:00,confirmation,7629
5227,465,page_view,2024-04-12 23:00:00,confirmation,9779
5228,465,page_view,2024-03-31 15:00:00,confirmation,8011
5229,465,add_to_cart,2024-04-04 22:00:00,product,4504
5230,465,page_view,2024-04-02 18:00:00,home,1158
5231,465,signup,2024-04-04 08:00:00,cart,8474
5232,465,page_view,2024-03-25 01:00:00,pricing,4780
5233,465,checkout_start,2024-04-01 16:00:00,confirmation,2451
5234,465,page_view,2024-04-07 02:00:00,home,9039
5235,465,add_to_cart,2024-03-26 10:00:00,confirmation,3140
5236,465,signup,2024-03-17 15:00:00,home,1824
5237,466,add_to_cart,2024-03-23 08:00:00,blog,9668
5238,466,page_view,2024-03-07 14:00:00,pricing,3094
5239,466,checkout_start,2024-03-07 10:00:00,product,5564
5240,466,page_view,2024-03-22 01:00:00,checkout,5430
5241,466,purchase,2024-03-18 03:00:00,home,9260
5242,466,page_view,2024-03-05 17:00:00,confirmation,9647
5243,466,page_view,2024-03-16 12:00:00,checkout,4071
5244,466,add_to_cart,2024-03-05 07:00:00,home,3755
5245,466,purchase,2024-03-01 19:00:00,product,9055
5246,466,purchase,2024-03-28 06:00:00,product,1238
5247,466,purchase,2024-03-14 07:00:00,home,4410
5248,466,page_view,2024-03-08 07:00:00,home,1297
5249,466,signup,2024-03-22 09:00:00,product,5779
5250,466,signup,2024-03-16 04:00:00,confirmation,2822
5251,467,signup,2024-04-19 03:00:00,confirmation,2474
5252,467,page_view,2024-04-24 04:00:00,checkout,1043
5253,468,purchase,2024-03-12 17:00:00,blog,2512
5254,468,signup,2024-03-04 09:00:00,pricing,3494
5255,469,add_to_cart,2024-06-18 22:00:00,product,8483
5256,469,add_to_cart,2024-06-30 00:00:00,blog,8533
5257,469,page_view,2024-06-30 00:00:00,home,9876
5258,469,page_view,2024-06-27 08:00:00,blog,2346
5259,469,signup,2024-06-30 00:00:00,cart,7365
5260,469,page_view,2024-06-23 10:00:00,home,9438
5261,469,add_to_cart,2024-06-24 19:00:00,product,8119
5262,469,checkout_start,2024-06-18 01:00:00,pricing,5002
5263,469,page_view,2024-06-30 00:00:00,home,9575
5264,470,page_view,2024-03-06 13:00:00,confirmation,7051
5265,470,page_view,2024-03-22 14:00:00,confirmation,3318
5266,470,purchase,2024-03-17 11:00:00,cart,3458
5267,470,page_view,2024-02-22 18:00:00,cart,1197
5268,471,page_view,2024-02-21 11:00:00,blog,4918
5269,471,signup,2024-02-17 20:00:00,home,8315
5270,471,page_view,2024-02-19 17:00:00,confirmation,5102
5271,471,signup,2024-02-18 02:00:00,pricing,5478
5272,472,signup,2024-04-21 10:00:00,pricing,1879
5273,472,page_view,2024-04-07 01:00:00,product,5374
5274,472,add_to_cart,2024-04-30 11:00:00,blog,3281
5275,472,purchase,2024-04-26 00:00:00,pricing,9306
5276,472,purchase,2024-04-09 11:00:00,pricing,4645
5277,472,signup,2024-04-24 21:00:00,blog,5734
5278,472,page_view,2024-04-03 01:00:00,checkout,3305
5279,472,signup,2024-04-04 10:00:00,confirmation,2147
5280,472,page_view,2024-04-24 04:00:00,cart,3227
5281,472,page_view,2024-04-22 22:00:00,cart,4156
5282,472,page_view,2024-04-20 13:00:00,product,6643
5283,472,page_view,2024-04-22 09:00:00,cart,2428
5284,472,add_to_cart,2024-04-09 19:00:00,blog,3285
5285,472,add_to_cart,2024-04-26 12:00:00,home,9994
5286,473,signup,2024-03-11 07:00:00,home,3894
5287,473,purchase,2024-03-08 22:00:00,cart,1293
5288,473,add_to_cart,2024-02-23 05:00:00,checkout,2874
5289,473,page_view,2024-02-12 08:00:00,confirmation,3832
5290,473,page_view,2024-02-20 08:00:00,checkout,7691
5291,474,page_view,2024-06-28 07:00:00,confirmation,4969
5292,474,page_view,2024-06-30 00:00:00,home,1485
5293,475,page_view,2024-04-24 11:00:00,product,7999
5294,475,page_view,2024-04-19 22:00:00,product,1481
5295,475,purchase,2024-05-14 22:00:00,confirmation,7131
5296,475,signup,2024-04-17 11:00:00,checkout,8130
5297,476,purchase,2024-03-09 13:00:00,blog,5236
5298,476,page_view,2024-03-13 07:00:00,home,6004
5299,476,page_view,2024-03-27 22:00:00,product,8205
5300,476,purchase,2024-03-17 21:00:00,blog,5912
5301,476,checkout_start,2024-03-16 08:00:00,home,2754
5302,476,page_view,2024-03-26 12:00:00,product,1112
5303,476,signup,2024-03-15 14:00:00,pricing,4358
5304,476,signup,2024-03-13 04:00:00,product,5251
5305,476,page_view,2024-03-10 00:00:00,checkout,2361
5306,476,purchase,2024-03-20 22:00:00,confirmation,3770
5307,476,purchase,2024-03-06 23:00:00,blog,2663
5308,476,page_view,2024-03-28 23:00:00,checkout,4002
5309,477,purchase,2024-06-23 07:00:00,confirmation,7422
5310,477,add_to_cart,2024-06-21 20:00:00,checkout,6752
5311,477,checkout_start,2024-06-30 00:00:00,product,3130
5312,477,purchase,2024-06-15 18:00:00,confirmation,8240
5313,477,checkout_start,2024-06-21 10:00:00,checkout,9366
5314,477,checkout_start,2024-06-15 12:00:00,cart,8754
5315,477,checkout_start,2024-06-23 22:00:00,pricing,3615
5316,477,page_view,2024-06-28 16:00:00,product,6924
5317,477,page_view,2024-06-04 15:00:00,home,9360
5318,477,signup,2024-06-16 22:00:00,checkout,5937
5319,477,page_view,2024-06-10 05:00:00,cart,5454
5320,477,page_view,2024-06-12 22:00:00,cart,7869
5321,477,signup,2024-06-20 03:00:00,home,3470
5322,477,page_view,2024-06-07 16:00:00,pricing,8091
5323,478,add_to_cart,2024-04-06 19:00:00,cart,3680
5324,478,page_view,2024-03-27 05:00:00,blog,3819
5325,478,purchase,2024-03-12 17:00:00,pricing,5528
5326,478,add_to_cart,2024-03-24 01:00:00,home,3027
5327,478,add_to_cart,2024-03-16 07:00:00,confirmation,9078
5328,478,signup,2024-03-20 08:00:00,home,9703
5329,478,signup,2024-03-18 06:00:00,home,8029
5330,478,page_view,2024-03-21 23:00:00,cart,5710
5331,478,checkout_start,2024-04-02 08:00:00,confirmation,3928
5332,478,signup,2024-03-14 18:00:00,cart,7877
5333,479,purchase,2024-01-04 23:00:00,checkout,5254
5334,479,page_view,2024-01-04 18:00:00,home,2650
5335,479,page_view,2024-01-05 20:00:00,product,7079
5336,479,page_view,2024-01-17 06:00:00,pricing,5570
5337,479,checkout_start,2024-01-07 12:00:00,product,5049
5338,479,page_view,2024-01-05 06:00:00,checkout,1834
5339,479,add_to_cart,2024-01-17 06:00:00,confirmation,7944
5340,479,checkout_start,2024-01-04 04:00:00,product,9137
5341,479,page_view,2024-01-10 01:00:00,pricing,9277
5342,479,page_view,2024-01-20 10:00:00,home,4319
5343,479,page_view,2024-01-10 23:00:00,pricing,4303
5344,479,signup,2024-01-08 11:00:00,confirmation,1810
5345,479,page_view,2024-01-07 10:00:00,cart,1531
5346,479,page_view,2024-01-04 13:00:00,checkout,2913
5347,479,page_view,2024-01-14 06:00:00,pricing,9132
5348,479,signup,2024-01-08 05:00:00,checkout,7798
5349,479,checkout_start,2024-01-05 22:00:00,home,7356
5350,479,add_to_cart,2024-01-10 15:00:00,cart,1834
5351,479,page_view,2024-01-25 15:00:00,confirmation,5667
5352,480,page_view,2024-03-20 08:00:00,cart,1154
5353,480,page_view,2024-03-24 19:00:00,product,8168
5354,480,page_view,2024-03-12 12:00:00,confirmation,3713
5355,480,page_view,2024-03-03 02:00:00,product,9658
5356,480,checkout_start,2024-03-26 20:00:00,checkout,9562
5357,480,signup,2024-02-27 03:00:00,blog,8667
5358,480,add_to_cart,2024-03-23 13:00:00,pricing,4714
5359,480,page_view,2024-03-17 23:00:00,checkout,2733
5360,480,page_view,2024-03-16 04:00:00,pricing,9388
5361,480,add_to_cart,2024-03-02 17:00:00,checkout,3533
5362,480,checkout_start,2024-03-03 12:00:00,pricing,7294
5363,480,signup,2024-03-08 17:00:00,blog,2976
5364,480,page_view,2024-03-20 20:00:00,cart,4714
5365,480,signup,2024-02-28 17:00:00,checkout,2737
5366,480,page_view,2024-02-27 07:00:00,cart,9962
5367,480,add_to_cart,2024-02-27 15:00:00,pricing,9995
5368,481,signup,2024-04-21 00:00:00,confirmation,1515
5369,481,page_view,2024-04-06 15:00:00,cart,5803
5370,481,checkout_start,2024-04-14 06:00:00,product,4494
5371,481,purchase,2024-04-22 20:00:00,product,2991
5372,481,signup,2024-04-22 16:00:00,blog,7298
5373,481,add_to_cart,2024-05-01 16:00:00,checkout,6773
5374,481,page_view,2024-04-25 10:00:00,pricing,8735
5375,481,page_view,2024-04-06 20:00:00,checkout,6841
5376,481,signup,2024-04-08 19:00:00,pricing,2939
5377,481,signup,2024-04-16 11:00:00,cart,3327
5378,481,page_view,2024-04-09 19:00:00,pricing,2891
5379,481,checkout_start,2024-04-23 08:00:00,blog,3378
5380,481,page_view,2024-04-22 13:00:00,checkout,1158
5381,482,page_view,2024-05-28 10:00:00,blog,9563
5382,482,checkout_start,2024-05-31 00:00:00,product,5621
5383,482,add_to_cart,2024-05-29 00:00:00,pricing,2843
5384,482,signup,2024-06-15 10:00:00,product,3243
5385,482,signup,2024-06-01 07:00:00,cart,9247
5386,482,page_view,2024-05-22 19:00:00,home,5938
5387,482,add_to_cart,2024-05-24 13:00:00,confirmation,2222
5388,482,page_view,2024-05-20 15:00:00,product,1767
5389,483,page_view,2024-02-06 07:00:00,home,7177
5390,483,add_to_cart,2024-02-22 07:00:00,blog,7359
5391,483,page_view,2024-03-02 19:00:00,pricing,5015
5392,483,add_to_cart,2024-02-11 20:00:00,confirmation,6406
5393,483,page_view,2024-02-11 22:00:00,home,2531
5394,483,page_view,2024-02-02 03:00:00,blog,2941
5395,484,signup,2024-05-25 06:00:00,blog,3547
5396,484,signup,2024-05-24 22:00:00,blog,7954
5397,484,page_view,2024-05-09 05:00:00,product,6520
5398,484,add_to_cart,2024-05-17 16:00:00,blog,2821
5399,484,signup,2024-05-09 20:00:00,home,8357
5400,484,page_view,2024-05-25 00:00:00,home,3195
5401,484,signup,2024-05-13 23:00:00,blog,9155
5402,484,page_view,2024-05-25 14:00:00,cart,5253
5403,484,page_view,2024-05-10 14:00:00,pricing,1747
5404,484,checkout_start,2024-06-01 15:00:00,checkout,3634
5405,485,page_view,2024-06-23 08:00:00,cart,5795
5406,485,add_to_cart,2024-06-25 13:00:00,blog,7058
5407,485,signup,2024-06-18 22:00:00,checkout,8676
5408,485,page_view,2024-06-13 00:00:00,home,8234
5409,485,page_view,2024-06-11 08:00:00,product,2001
5410,485,signup,2024-06-28 08:00:00,cart,7295
5411,485,add_to_cart,2024-06-18 05:00:00,checkout,9709
5412,485,add_to_cart,2024-06-30 00:00:00,checkout,2002
5413,485,page_view,2024-06-16 05:00:00,cart,6028
5414,486,page_view,2024-02-05 14:00:00,product,8246
5415,486,checkout_start,2024-01-26 15:00:00,blog,5943
5416,486,checkout_start,2024-02-04 11:00:00,pricing,8520
5417,486,page_view,2024-02-11 15:00:00,home,3654
5418,486,page_view,2024-02-07 00:00:00,cart,7462
5419,486,signup,2024-02-12 05:00:00,product,8387
5420,486,signup,2024-01-21 22:00:00,blog,5919
5421,486,signup,2024-01-15 22:00:00,checkout,5107
5422,486,page_view,2024-01-19 19:00:00,pricing,7180
5423,487,signup,2024-01-18 03:00:00,home,4383
5424,487,page_view,2024-01-26 10:00:00,confirmation,7568
5425,487,signup,2024-02-01 07:00:00,product,6867
5426,487,page_view,2024-02-06 18:00:00,confirmation,8065
5427,487,checkout_start,2024-02-02 12:00:00,confirmation,1853
5428,487,checkout_start,2024-01-29 08:00:00,pricing,1494
5429,487,signup,2024-01-23 05:00:00,confirmation,7445
5430,487,add_to_cart,2024-02-06 05:00:00,product,1942
5431,488,add_to_cart,2024-05-23 19:00:00,cart,1098
5432,488,checkout_start,2024-05-22 19:00:00,pricing,9598
5433,488,add_to_cart,2024-06-02 18:00:00,checkout,4277
5434,488,signup,2024-06-01 15:00:00,home,6363
5435,488,checkout_start,2024-06-02 10:00:00,checkout,5216
5436,488,page_view,2024-05-08 09:00:00,pricing,6270
5437,488,signup,2024-05-25 13:00:00,pricing,8760
5438,488,signup,2024-05-29 08:00:00,checkout,9188
5439,488,page_view,2024-05-22 11:00:00,product,8148
5440,488,signup,2024-05-11 06:00:00,blog,1452
5441,488,checkout_start,2024-05-18 07:00:00,confirmation,5254
5442,488,checkout_start,2024-05-14 06:00:00,checkout,4441
5443,489,signup,2024-01-09 13:00:00,product,3953
5444,489,add_to_cart,2024-01-06 13:00:00,product,3412
5445,489,page_view,2024-01-24 13:00:00,blog,2228
5446,489,checkout_start,2024-01-23 19:00:00,pricing,9029
5447,489,add_to_cart,2024-01-22 04:00:00,checkout,2746
5448,489,page_view,2024-01-22 01:00:00,blog,5825
5449,489,add_to_cart,2024-01-10 17:00:00,confirmation,7094
5450,489,page_view,2024-01-08 20:00:00,blog,7621
5451,489,signup,2024-01-28 14:00:00,home,7140
5452,489,purchase,2024-01-11 11:00:00,blog,7960
5453,489,page_view,2024-01-28 16:00:00,confirmation,3935
5454,489,page_view,2024-01-11 23:00:00,product,7770
5455,489,checkout_start,2024-01-28 06:00:00,home,2567
5456,489,page_view,2024-01-15 08:00:00,checkout,5401
5457,490,page_view,2024-04-10 07:00:00,confirmation,1414
5458,490,signup,2024-04-10 01:00:00,blog,1316
5459,490,checkout_start,2024-04-16 05:00:00,home,7554
5460,490,signup,2024-04-15 06:00:00,blog,1644
5461,490,add_to_cart,2024-04-21 14:00:00,home,5771
5462,490,page_view,2024-05-01 21:00:00,product,7770
5463,490,page_view,2024-04-26 13:00:00,cart,7172
5464,490,page_view,2024-05-01 15:00:00,home,8218
5465,490,signup,2024-04-13 19:00:00,blog,8267
5466,490,purchase,2024-04-25 11:00:00,confirmation,1087
5467,490,page_view,2024-04-30 00:00:00,confirmation,1532
5468,490,add_to_cart,2024-04-23 23:00:00,cart,5261
5469,490,page_view,2024-04-09 14:00:00,cart,6325
5470,490,add_to_cart,2024-04-11 15:00:00,product,4684
5471,490,signup,2024-04-12 10:00:00,product,9081
5472,490,signup,2024-04-14 16:00:00,home,3622
5473,490,page_view,2024-05-01 10:00:00,checkout,4640
5474,491,page_view,2024-02-17 19:00:00,blog,8032
5475,491,page_view,2024-01-23 12:00:00,checkout,7877
5476,491,page_view,2024-02-09 07:00:00,cart,3812
5477,491,checkout_start,2024-02-09 08:00:00,confirmation,5976
5478,491,purchase,2024-02-05 04:00:00,confirmation,9015
5479,491,add_to_cart,2024-02-01 07:00:00,pricing,7121
5480,491,signup,2024-01-21 23:00:00,home,9284
5481,491,signup,2024-02-13 07:00:00,blog,1045
5482,491,add_to_cart,2024-02-07 20:00:00,cart,7763
5483,491,page_view,2024-01-21 22:00:00,confirmation,1167
5484,491,add_to_cart,2024-02-18 09:00:00,home,3814
5485,491,page_view,2024-02-15 09:00:00,product,2273
5486,491,add_to_cart,2024-02-05 20:00:00,cart,4902
5487,492,page_view,2024-04-23 22:00:00,confirmation,1566
5488,492,page_view,2024-05-06 22:00:00,product,6709
5489,492,page_view,2024-04-20 05:00:00,product,1107
5490,493,page_view,2024-03-23 10:00:00,home,3522
5491,493,purchase,2024-03-28 23:00:00,blog,6429
5492,493,checkout_start,2024-03-27 16:00:00,home,2859
5493,493,checkout_start,2024-04-08 09:00:00,product,6531
5494,493,page_view,2024-03-25 02:00:00,pricing,1547
5495,493,checkout_start,2024-03-22 15:00:00,confirmation,9262
5496,493,checkout_start,2024-04-05 15:00:00,cart,4410
5497,494,page_view,2024-03-09 11:00:00,product,5825
5498,494,page_view,2024-03-09 12:00:00,product,7991
5499,494,page_view,2024-03-04 15:00:00,confirmation,1436
5500,494,signup,2024-03-13 19:00:00,pricing,9820
5501,494,page_view,2024-03-26 12:00:00,product,5414
5502,494,page_view,2024-03-10 12:00:00,confirmation,1942
5503,494,checkout_start,2024-03-17 22:00:00,blog,7435
5504,494,purchase,2024-03-12 08:00:00,confirmation,3193
5505,495,page_view,2024-01-24 00:00:00,checkout,7577
5506,495,page_view,2024-01-27 10:00:00,checkout,6062
5507,495,page_view,2024-02-13 02:00:00,product,2074
5508,496,page_view,2024-06-01 09:00:00,blog,5394
5509,496,page_view,2024-06-12 08:00:00,product,8342
5510,497,purchase,2024-05-15 13:00:00,home,3169
5511,497,page_view,2024-04-26 17:00:00,home,4753
5512,497,signup,2024-04-23 06:00:00,product,7566
5513,497,purchase,2024-04-24 11:00:00,blog,5490
5514,497,page_view,2024-05-09 04:00:00,pricing,9334
5515,497,purchase,2024-05-15 20:00:00,cart,7276
5516,497,checkout_start,2024-04-23 09:00:00,product,1416
5517,497,signup,2024-05-15 11:00:00,checkout,4744
5518,497,page_view,2024-04-20 03:00:00,confirmation,3594
5519,497,add_to_cart,2024-05-17 03:00:00,confirmation,5400
5520,497,checkout_start,2024-05-02 10:00:00,cart,2000
5521,497,page_view,2024-04-27 03:00:00,home,2028
5522,498,page_view,2024-03-14 11:00:00,cart,6810
5523,498,page_view,2024-02-14 10:00:00,cart,4438
5524,498,page_view,2024-02-19 22:00:00,pricing,2721
5525,498,page_view,2024-02-26 18:00:00,blog,1808
5526,498,checkout_start,2024-03-07 01:00:00,checkout,8552
5527,498,page_view,2024-03-12 05:00:00,checkout,3078
5528,498,add_to_cart,2024-02-29 23:00:00,cart,3151
5529,498,purchase,2024-02-20 13:00:00,confirmation,9933
5530,498,add_to_cart,2024-02-24 01:00:00,cart,6264
5531,498,purchase,2024-03-14 21:00:00,blog,2793
5532,498,page_view,2024-03-10 04:00:00,home,5956
5533,498,signup,2024-03-08 03:00:00,home,8068
5534,498,add_to_cart,2024-03-06 00:00:00,blog,4248
5535,499,add_to_cart,2024-03-03 00:00:00,confirmation,8045
5536,499,page_view,2024-03-08 02:00:00,blog,1936
5537,499,page_view,2024-02-29 01:00:00,pricing,9894
5538,499,page_view,2024-03-21 09:00:00,checkout,5504
5539,499,checkout_start,2024-02-24 10:00:00,cart,9248
5540,499,add_to_cart,2024-03-08 07:00:00,confirmation,4147
5541,499,page_view,2024-03-16 02:00:00,blog,6253
5542,499,signup,2024-03-22 20:00:00,blog,8828
5543,500,checkout_start,2024-05-06 06:00:00,home,9321
5544,500,page_view,2024-04-30 08:00:00,product,3757
5545,500,page_view,2024-05-04 11:00:00,product,6224
5546,500,page_view,2024-05-04 22:00:00,confirmation,7419
5547,500,signup,2024-04-26 04:00:00,product,4007
5548,500,page_view,2024-05-03 22:00:00,home,9737
